step,loss,moving_avg
0,0.3786677122116089,0.3786677122116089
1,0.3730962574481964,0.37588198482990265
2,0.36781615018844604,0.37319337328275043
3,0.3627817928791046,0.370590478181839
4,0.35799267888069153,0.3680709183216095
5,0.3534137010574341,0.36562804877758026
6,0.34903377294540405,0.36325743794441223
7,0.3448909521102905,0.360961627215147
8,0.3409426808357239,0.3587372998396556
9,0.336953341960907,0.3565589040517807
10,0.3330869674682617,0.35442509163509717
11,0.32917118072509766,0.3523205990592639
12,0.3253890872001648,0.3502489443008716
13,0.3217087388038635,0.34821035819394247
14,0.31817322969436646,0.3462078829606374
15,0.3147950768470764,0.34424458257853985
16,0.3116147518157959,0.3423251807689667
17,0.30854886770248413,0.34044871893193984
18,0.3053295910358429,0.3386003437795137
19,0.3022196888923645,0.33678131103515624
20,0.299227774143219,0.33499304737363544
21,0.29640358686447144,0.3332389809868552
22,0.2936705946922302,0.3315186163653498
23,0.2910759747028351,0.3298335062960784
24,0.2886526584625244,0.32818627238273623
25,0.28614819049835205,0.32656942307949066
26,0.2836431860923767,0.32497956245033827
27,0.2811802923679352,0.3234153028045382
28,0.27832329273223877,0.32186040590549336
29,0.2755000591278076,0.32031506101290386
30,0.272773802280426,0.3187814720215336
31,0.27020275592803955,0.3172633871436119
32,0.2678236961364746,0.31576521468885016
33,0.2653936743736267,0.31428369879722595
34,0.2627815008163452,0.31281220742634364
35,0.26029402017593384,0.31135336889161
36,0.25793159008026123,0.3099095370318439
37,0.25571197271347046,0.30848328533925506
38,0.2537073791027069,0.30707877492293334
39,0.2518683671951294,0.30569851472973825
40,0.25017738342285156,0.30434434079542394
41,0.24862323701381683,0.3030176478482428
42,0.24718834459781647,0.301719291958698
43,0.24585075676441193,0.30044955252246425
44,0.2445843368768692,0.2992081032858955
45,0.24338209629058838,0.2979944944381714
46,0.2422412931919098,0.29680825611378286
47,0.24103665351867676,0.2956463477263848
48,0.23970499634742737,0.2945046874941612
49,0.23836621642112732,0.2933819180727005
50,0.23698337376117706,0.2922760642626706
51,0.23552033305168152,0.29118460789322853
52,0.23361247777938843,0.290098341287307
53,0.23161783814430237,0.289015369006881
54,0.22971957921981812,0.2879372637380253
55,0.2279343605041504,0.28686578332313467
56,0.2260476052761078,0.2857987977433623
57,0.22341826558113098,0.2847232713267721
58,0.21996906399726868,0.2836257423889839
59,0.21561095118522644,0.28249216253558795
60,0.20833775401115417,0.28127651649420377
61,0.19750040769577026,0.2799252889329387
62,0.1865784376859665,0.27844359288139947
63,0.17642012238502502,0.27684947615489364
64,0.16676481068134308,0.275155865916839
65,0.15764757990837097,0.27337543734095315
66,0.1491803526878357,0.27152177936105587
67,0.14172589778900146,0.26961301639676094
68,0.1352526992559433,0.2676657654237056
69,0.12980325520038605,0.2656963009919439
70,0.12501394748687744,0.263714859393281
71,0.12094610184431076,0.2617319599828786
72,0.11755995452404022,0.25975700100399046
73,0.11484679579734802,0.25779875498768445
74,0.11263304948806763,0.25586321224768954
75,0.11079150438308716,0.2539543739863132
76,0.10924600064754486,0.2520750444624331
77,0.10780522227287292,0.25022543135743874
78,0.10637431591749191,0.24840453116199637
79,0.10490789264440536,0.2466108231805265
80,0.10341391712427139,0.24484296014279494
81,0.10186006128787994,0.24309926625432038
82,0.10024309158325195,0.24137810752334365
83,0.0985887348651886,0.23967823403931798
84,0.09691039472818375,0.23799861240036346
85,0.0952393040060997,0.23633862044229065
86,0.0936046689748764,0.23469800031048127
87,0.09201984107494354,0.23307665759189564
88,0.09050428867340088,0.23147472086247434
89,0.08907594531774521,0.22989251224531068
90,0.08776499330997467,0.2283306713778894
91,0.08658270537853241,0.22678993261702682
92,0.08551384508609772,0.2252708349016405
93,0.0845348984003067,0.2237736440877965
94,0.08363635838031769,0.2222985147645599
95,0.08279506862163544,0.22084535386723778
96,0.08198963105678558,0.2194138515702228
97,0.08121839165687561,0.21800369381600496
98,0.08050166070461273,0.21661478439063736
99,0.07986409217119217,0.2152472774684429
100,0.0792955532670021,0.21225355587899686
101,0.07875069975852966,0.20931010030210018
102,0.07824602723121643,0.2064143990725279
103,0.07777416706085205,0.20356432281434536
104,0.07728198915719986,0.20075721591711043
105,0.0767144113779068,0.19799022302031516
106,0.07613341510295868,0.1952612194418907
107,0.07557518035173416,0.19256806172430516
108,0.07504503428936005,0.1899090852588415
109,0.07455039024353027,0.18728505574166776
110,0.07410992681980133,0.18469528533518315
111,0.07371119409799576,0.18214068546891213
112,0.07333998382091522,0.17962019443511962
113,0.07299549132585526,0.17713306196033954
114,0.07266882807016373,0.1746780179440975
115,0.07235009968280792,0.17225356817245482
116,0.07204233109951019,0.16985784396529197
117,0.07174036651849747,0.1674897589534521
118,0.07144169509410858,0.16515087999403477
119,0.07115022838115692,0.1628401853889227
120,0.0708751529455185,0.1605566591769457
121,0.07059822231531143,0.15829860553145408
122,0.07032297551631927,0.15606512933969496
123,0.070045605301857,0.1538548256456852
124,0.06976820528507233,0.15166598111391066
125,0.0694919303059578,0.14949941851198673
126,0.06921950727701187,0.14735518172383308
127,0.06895361095666885,0.14523291490972043
128,0.06868361681699753,0.14313651815056802
129,0.06841102242469788,0.1410656277835369
130,0.068131223320961,0.13901920199394227
131,0.06785047054290771,0.13699567914009095
132,0.06756694614887238,0.1349931116402149
133,0.06728187948465347,0.1330119936913252
134,0.0669950619339943,0.13105412930250168
135,0.06669645756483078,0.12911815367639065
136,0.06638983637094498,0.12720273613929747
137,0.06608328223228455,0.12530644923448564
138,0.06577956676483154,0.12342717111110688
139,0.06546811759471893,0.12156316861510277
140,0.06515442579984665,0.11971293903887271
141,0.06483979523181915,0.11787510462105275
142,0.06453211605548859,0.11604854233562946
143,0.06422878056764603,0.11423232257366181
144,0.06393200159072876,0.1124257992208004
145,0.06363852322101593,0.11062836349010467
146,0.06334002315998077,0.10883935078978539
147,0.063042551279068,0.1070594097673893
148,0.06275557726621628,0.10528991557657719
149,0.06247806176543236,0.10353103403002023
150,0.062208693474531174,0.10178328722715378
151,0.061944492161273956,0.1000475288182497
152,0.06168347969651222,0.09832823883742094
153,0.06142519414424896,0.09662631239742041
154,0.061174772679805756,0.09494086433202029
155,0.06093303859233856,0.09327085111290216
156,0.06070028245449066,0.09161737788468599
157,0.06047523766756058,0.08998794760555029
158,0.06025586277246475,0.08839081559330225
159,0.06004151329398155,0.0868351212143898
160,0.05982964113354683,0.08535004008561373
161,0.059620995074510574,0.08397124595940113
162,0.05941595882177353,0.0826996211707592
163,0.05921211093664169,0.08152754105627537
164,0.05899510532617569,0.08044984400272369
165,0.05875652655959129,0.0794609334692359
166,0.05851493030786514,0.07855427924543619
167,0.05827531963586807,0.07771977346390485
168,0.05803772434592247,0.07694762371480465
169,0.05778113380074501,0.07622740250080824
170,0.05752493441104889,0.07555251237004995
171,0.05726885050535202,0.07491573985666036
172,0.057020403444767,0.07431034434586764
173,0.05678461119532585,0.07372972249984741
174,0.05656740814447403,0.07316906608641148
175,0.056367117911577225,0.07262482222169638
176,0.05617871135473251,0.07209414932876826
177,0.05600077658891678,0.0715761048719287
178,0.05582985281944275,0.0710706602409482
179,0.05566216632723808,0.07057820297777653
180,0.055494774132966995,0.07009901154786348
181,0.055323705077171326,0.0696336479857564
182,0.055150046944618225,0.06918271753937005
183,0.054977063089609146,0.06874660082161427
184,0.05480608344078064,0.06832555770874023
185,0.05463707447052002,0.06791953541338444
186,0.05447167530655861,0.06752820547670126
187,0.05431019887328148,0.06715110905468463
188,0.05415334552526474,0.06678759962320328
189,0.05399907007813454,0.06643683087080716
190,0.05384733900427818,0.06609765432775021
191,0.05369870364665985,0.06576881431043148
192,0.053552355617284775,0.06544919941574336
193,0.05340820923447609,0.06513793252408505
194,0.053266413509845734,0.06483423307538033
195,0.053126946091651917,0.06453755185008049
196,0.05298895016312599,0.0642475450411439
197,0.052852679044008255,0.06396388791501523
198,0.052718065679073334,0.06368605196475982
199,0.05258512496948242,0.06341326229274273
200,0.052454523742198944,0.0631448519974947
201,0.0523260161280632,0.06288060516119004
202,0.05219889432191849,0.06262013383209705
203,0.05207306146621704,0.062363122776150706
204,0.051948949694633484,0.06210979238152504
205,0.05182581767439842,0.06186090644448996
206,0.05170365422964096,0.06161660883575678
207,0.051582999527454376,0.06137668702751398
208,0.051462944597005844,0.061140866130590436
209,0.05134511739015579,0.06090881340205669
210,0.05122899264097214,0.060680004060268404
211,0.05111412703990936,0.060454033389687536
212,0.05099986493587494,0.06023063220083714
213,0.05088656023144722,0.060009542889893054
214,0.05077461153268814,0.0597906007245183
215,0.05066391080617905,0.05957373883575201
216,0.050554100424051285,0.059358856528997424
217,0.0504453182220459,0.059145906046032905
218,0.05033791810274124,0.05893486827611923
219,0.05023140087723732,0.058725680001080034
220,0.05012621730566025,0.05851819064468145
221,0.0500226654112339,0.05831243507564068
222,0.049920227378606796,0.058108407594263556
223,0.04981863498687744,0.057906137891113756
224,0.04971766844391823,0.057705632522702215
225,0.049617648124694824,0.05750688970088959
226,0.04951872676610947,0.05730988189578056
227,0.049420565366744995,0.057114551439881325
228,0.04932329058647156,0.056920948177576064
229,0.049227114766836166,0.056729109100997446
230,0.049131426960229874,0.05653911113739014
231,0.04903621971607208,0.056350968629121784
232,0.04894154518842697,0.056164714619517324
233,0.048847682774066925,0.05598037265241146
234,0.04875429719686508,0.05579796500504017
235,0.048661403357982635,0.055617614462971685
236,0.04856890067458153,0.055439405106008054
237,0.04847686365246773,0.05526334092020988
238,0.048385489732027054,0.05508940014988184
239,0.048294320702552795,0.054917662180960176
240,0.04820392280817032,0.05474815715104341
241,0.04811406508088112,0.054580899849534036
242,0.04802476242184639,0.054415826313197614
243,0.04793605953454971,0.05425289910286665
244,0.04784760624170303,0.05409205514937639
245,0.047759395092725754,0.05393326386809349
246,0.04767164587974548,0.05377658009529114
247,0.047584012150764465,0.0536219947040081
248,0.04749657213687897,0.05346940465271473
249,0.04740919917821884,0.05331871602684259
250,0.04732188582420349,0.05316984795033932
251,0.04723469167947769,0.05302274994552136
252,0.04714784026145935,0.052877393551170826
253,0.04706164821982384,0.052733758091926576
254,0.04697583615779877,0.052591768726706505
255,0.04689028859138489,0.052451341226696965
256,0.04680473729968071,0.05231238577514887
257,0.0467192605137825,0.05217482600361109
258,0.046633630990982056,0.05203860368579626
259,0.046546921133995056,0.05190365776419639
260,0.046459347009658813,0.051769954822957515
261,0.046370964497327805,0.05163745451718569
262,0.04628221318125725,0.051506117060780524
263,0.04619312658905983,0.051375927217304704
264,0.04609858617186546,0.0512469620257616
265,0.046001411974430084,0.05111941087990999
266,0.04590354859828949,0.05099329706281423
267,0.045806266367435455,0.05086860653012991
268,0.04571128264069557,0.05074534211307764
269,0.045619457960128784,0.05062372535467148
270,0.04553037881851196,0.05050377979874611
271,0.045443467795848846,0.05038552597165108
272,0.04535672068595886,0.050268889144062995
273,0.04527028650045395,0.05015374589711428
274,0.04518325626850128,0.05003990437835455
275,0.04509643837809563,0.049927197583019736
276,0.04500941187143326,0.04981550458818674
277,0.04492167383432388,0.04970471356064081
278,0.044834062457084656,0.04959475565701723
279,0.04474721848964691,0.04948560617864132
280,0.04466094449162483,0.0493772678822279
281,0.044574983417987823,0.04926978066563606
282,0.044487446546554565,0.049163154661655425
283,0.044390030205249786,0.04905728433281183
284,0.04428544640541077,0.04895207796245813
285,0.044177427887916565,0.0488474814966321
286,0.04406890273094177,0.04874345377087593
287,0.04396245628595352,0.04863997634500265
288,0.04385954886674881,0.04853703837841749
289,0.043752819299697876,0.04843457587063313
290,0.043627750128507614,0.04833237998187542
291,0.043498702347278595,0.048230379968881604
292,0.0433732271194458,0.04812858868390322
293,0.043253928422927856,0.04802704587578774
294,0.043135978281497955,0.047925741523504255
295,0.04302457720041275,0.047824717834591864
296,0.0429193377494812,0.047724021710455415
297,0.04282180219888687,0.0476237129420042
298,0.042727407068014145,0.047523806355893615
299,0.042634740471839905,0.047424302510917185
300,0.0425419881939888,0.047325177155435084
301,0.04243781790137291,0.04722629517316818
302,0.04232964664697647,0.04712760269641876
303,0.04222388565540314,0.04702911093831062
304,0.0421193465590477,0.04693081490695476
305,0.042016416788101196,0.04683272089809179
306,0.041914716362953186,0.04673483151942492
307,0.041815198957920074,0.04663715351372957
308,0.041718482971191406,0.04653970889747143
309,0.04162187874317169,0.046442476511001585
310,0.041522808372974396,0.04634541466832161
311,0.0414021760225296,0.04624829515814781
312,0.041274961084127426,0.046151046119630335
313,0.04114701598882675,0.046053650677204135
314,0.04102124273777008,0.045956116989254954
315,0.04090140759944916,0.04585849195718765
316,0.04079508036375046,0.04576090175658464
317,0.040695421397686005,0.045663402788341044
318,0.04059862345457077,0.045566009841859344
319,0.04050368815660477,0.045468732714653015
320,0.04040778800845146,0.045371548421680924
321,0.04031212627887726,0.04527444303035736
322,0.040217943489551544,0.04517742019146681
323,0.04012424871325493,0.045080476328730586
324,0.040031105279922485,0.04498361069709063
325,0.03993888944387436,0.04488682311028242
326,0.039846885949373245,0.04479010470211506
327,0.03975503891706467,0.04469344943761826
328,0.039662960916757584,0.04459684614092112
329,0.039570994675159454,0.044500284940004346
330,0.03947979211807251,0.04440376859158277
331,0.039388589560985565,0.04430729229003191
332,0.039297278970479965,0.04421084962785244
333,0.039206281304359436,0.04411443561315537
334,0.03911516070365906,0.0440180442482233
335,0.039025068283081055,0.04392168089747429
336,0.03893563151359558,0.04382534820586443
337,0.03884681314229965,0.043729047700762746
338,0.03875831514596939,0.04363277595490217
339,0.03867008164525032,0.04353653356432915
340,0.03858168423175812,0.043440311178565026
341,0.03849338740110397,0.04334410440176725
342,0.038404759019613266,0.04324790436774492
343,0.03831636533141136,0.04315170742571354
344,0.03822832182049751,0.04305551458150148
345,0.03813991695642471,0.04295931980013847
346,0.038051411509513855,0.04286311745643616
347,0.03796309977769852,0.042766908332705494
348,0.037874892354011536,0.04267069153487682
349,0.03778686001896858,0.04257446814328432
350,0.03769886493682861,0.04247823793441057
351,0.037608787417411804,0.04238197889178991
352,0.0375080406665802,0.04228558089584112
353,0.037400707602500916,0.042188971489667895
354,0.03729332983493805,0.042092146426439284
355,0.037185654044151306,0.04199510008096695
356,0.03708287328481674,0.04189788144081831
357,0.03698332980275154,0.041800522133708
358,0.036885496228933334,0.04170304078608751
359,0.03679075464606285,0.04160547912120819
360,0.03669661656022072,0.04150785181671381
361,0.036603428423404694,0.04141017645597458
362,0.03651005029678345,0.04131245482712984
363,0.03641677647829056,0.04121469132602215
364,0.03632356598973274,0.04111694112420082
365,0.036230430006980896,0.04101923130452633
366,0.036136701703071594,0.04092156283557415
367,0.03604261949658394,0.04082392636686563
368,0.035948362201452255,0.0407262971624732
369,0.0358537882566452,0.04062864046543837
370,0.035759229212999344,0.04053092896938324
371,0.035664286464452744,0.040433137156069276
372,0.03556908667087555,0.04033526081591845
373,0.03547370806336403,0.04023729503154755
374,0.035378433763980865,0.04013924680650234
375,0.03528324514627457,0.04004111487418413
376,0.03518831357359886,0.039942903891205785
377,0.03509346395730972,0.03984462179243565
378,0.03499807417392731,0.03974626190960407
379,0.03490246832370758,0.03964781440794468
380,0.03480730578303337,0.039549278020858766
381,0.034712594002485275,0.03945065412670374
382,0.034617990255355835,0.039351959563791755
383,0.03452343866229057,0.03925329364836216
384,0.03442883864045143,0.03915472757071257
385,0.03433423861861229,0.03905629567801952
386,0.03424026072025299,0.03895800925791264
387,0.034146398305892944,0.03885984867811203
388,0.03405267000198364,0.03876177988946438
389,0.03395900875329971,0.0386638417840004
390,0.03386559337377548,0.038566220216453076
391,0.03377264738082886,0.03846895966678858
392,0.03367991000413895,0.03837202649563551
393,0.033587731420993805,0.03827536452561617
394,0.033495720475912094,0.03817896194756031
395,0.03340359404683113,0.03808275211602449
396,0.03331168740987778,0.03798667561262846
397,0.03322019428014755,0.03789065953344107
398,0.033128734678030014,0.03779467280954123
399,0.03303727135062218,0.03769869811832905
400,0.0329463817179203,0.037602742053568367
401,0.03285614773631096,0.03750692535191774
402,0.032765381038188934,0.03741128269582987
403,0.032674942165613174,0.03731579326093197
404,0.032585229724645615,0.037220452092587945
405,0.03249558061361313,0.03712524373084307
406,0.03240511193871498,0.037030147686600685
407,0.03231442719697952,0.03693513996899128
408,0.0322238989174366,0.036840194128453733
409,0.03213375806808472,0.03674531292170286
410,0.032044097781181335,0.03665052581578493
411,0.031955160200595856,0.036556055657565596
412,0.03186699002981186,0.03646197594702244
413,0.031779300421476364,0.03636829879134893
414,0.03169214725494385,0.03627500783652067
415,0.03160543739795685,0.03618204813450575
416,0.03151914104819298,0.03608928874135017
417,0.0314328595995903,0.035996663123369216
418,0.031346194446086884,0.03590413883328438
419,0.031259290874004364,0.035811694860458376
420,0.031172942370176315,0.03571934640407562
421,0.031086811795830727,0.03562709325924516
422,0.031000886112451553,0.03553492268547416
423,0.030915360897779465,0.035442833807319406
424,0.03083011507987976,0.035350823905318976
425,0.030745508149266243,0.035258890092372895
426,0.030657539144158363,0.03516699662432075
427,0.030568432062864304,0.03507513055577874
428,0.030476756393909454,0.03498326851055026
429,0.030380193144083023,0.0348913604952395
430,0.030283041298389435,0.03479939298704267
431,0.030187180265784264,0.03470737889409065
432,0.030094819143414497,0.034615354295819994
433,0.03000560961663723,0.03452334757894278
434,0.02991836704313755,0.03443137964233756
435,0.029832912608981133,0.03433945808559656
436,0.029747311025857925,0.03424757488071919
437,0.029661402106285095,0.03415572077035904
438,0.0295754075050354,0.0340638916939497
439,0.02948906645178795,0.03397208154201507
440,0.029403218999505043,0.033880296889692546
441,0.02931782603263855,0.03378854127600789
442,0.029232898727059364,0.033696822673082355
443,0.02914866805076599,0.033605145700275896
444,0.02906499058008194,0.033513512387871744
445,0.028982147574424744,0.03342193469405174
446,0.028899509459733963,0.033330415673553944
447,0.028817635029554367,0.0332389610260725
448,0.028735902160406113,0.033147571124136445
449,0.028654854744672775,0.03305625107139349
450,0.02857433632016182,0.03296500578522682
451,0.028494324535131454,0.03287386115640402
452,0.028414234519004822,0.032782923094928265
453,0.028334185481071472,0.03269225787371397
454,0.028254281729459763,0.03260186739265919
455,0.028174489736557007,0.032511755749583246
456,0.028095174580812454,0.0324218787625432
457,0.028017085045576096,0.03233221631497145
458,0.02793961577117443,0.032242757510393856
459,0.027863025665283203,0.03215348022058606
460,0.027786867693066597,0.03206438273191452
461,0.027711542323231697,0.03197546387091279
462,0.02763640135526657,0.03188672738149762
463,0.02756163477897644,0.03179817596450448
464,0.02748691476881504,0.031709809452295304
465,0.027412135154008865,0.031621626503765585
466,0.027337973937392235,0.03153363922610879
467,0.02726416289806366,0.03144585466012359
468,0.027191048488020897,0.03135828152298927
469,0.027118191123008728,0.03127092555165291
470,0.027045950293540955,0.031183792762458324
471,0.026974016800522804,0.031096890065819026
472,0.02690184861421585,0.031010217685252427
473,0.026829726994037628,0.030923777874559164
474,0.026757221668958664,0.030837565753608943
475,0.026685047894716263,0.03075158378109336
476,0.02661304920911789,0.03066583113744855
477,0.026541369035840034,0.03058031018823385
478,0.02647017315030098,0.030495031177997588
479,0.02639933116734028,0.030409999806433916
480,0.02632920630276203,0.030325218811631204
481,0.026259273290634155,0.030240685604512693
482,0.026189282536506653,0.0301563985273242
483,0.026118965819478035,0.030072353798896074
484,0.02604936622083187,0.02998855907469988
485,0.025979848578572273,0.029905015174299478
486,0.025910941883921623,0.029821721985936165
487,0.025842085480690002,0.029738678857684137
488,0.025773804634809494,0.029655890204012395
489,0.02570592239499092,0.029573359340429307
490,0.025638245046138763,0.02949108585715294
491,0.025571120902895927,0.02940907059237361
492,0.025504406541585922,0.02932731555774808
493,0.02543766424059868,0.02924581488594413
494,0.02537083625793457,0.029164566043764353
495,0.02530459687113762,0.029083576072007417
496,0.02523907460272312,0.02900284994393587
497,0.02517390064895153,0.02892238700762391
498,0.02510921098291874,0.0288421917706728
499,0.025044851005077362,0.02876226756721735
500,0.02498059906065464,0.028682609740644693
501,0.02491660788655281,0.02860321434214711
502,0.024852696806192398,0.028524087499827145
503,0.024789053946733475,0.02844522861763835
504,0.024726375937461853,0.02836664007976651
505,0.02466425485908985,0.02828832682222128
506,0.024602698162198067,0.02821030268445611
507,0.02454151213169098,0.028132573533803225
508,0.024480774998664856,0.028055142294615507
509,0.024420112371444702,0.027978005837649107
510,0.024359488859772682,0.02790115974843502
511,0.024299412965774536,0.027824602276086807
512,0.024239186197519302,0.027748324237763883
513,0.024178894236683846,0.027672320175915956
514,0.024118468165397644,0.027596583385020496
515,0.02405811846256256,0.02752111019566655
516,0.02399832010269165,0.027445901986211538
517,0.023938313126564026,0.027370956521481277
518,0.023878436535596848,0.027296278942376375
519,0.0238181222230196,0.027221867255866526
520,0.023757873103022575,0.02714771656319499
521,0.02369724214076996,0.027073820866644383
522,0.023636873811483383,0.0270001807436347
523,0.02357696183025837,0.02692679675295949
524,0.02351733297109604,0.026853668931871653
525,0.023457663133740425,0.026780790481716395
526,0.02339782752096653,0.026708193365484478
527,0.023337770253419876,0.026635886747390033
528,0.023277737200260162,0.026563896555453537
529,0.023218320682644844,0.026492277830839156
530,0.023158781230449677,0.02642103523015976
531,0.023099638521671295,0.02635015981271863
532,0.023040782660245895,0.026279619447886943
533,0.0229826457798481,0.026209389809519052
534,0.022925257682800293,0.02613945871591568
535,0.022868767380714417,0.026069817263633013
536,0.02281317301094532,0.026000475883483885
537,0.022758042439818382,0.02593144228681922
538,0.02270345762372017,0.025862722788006068
539,0.022649288177490234,0.02579432500526309
540,0.02259558066725731,0.025726248621940614
541,0.022542063146829605,0.025658490993082525
542,0.022488854825496674,0.025591050554066897
543,0.02243616245687008,0.025523925498127938
544,0.022383715957403183,0.02545711275190115
545,0.022331230342388153,0.025390603579580784
546,0.022278549149632454,0.02532439397647977
547,0.022226104512810707,0.025258478671312333
548,0.02217431738972664,0.025192862823605538
549,0.02212291583418846,0.025127543434500695
550,0.02207174524664879,0.025062517523765565
551,0.022021401673555374,0.024997788295149804
552,0.021971460431814194,0.024933360554277896
553,0.021921806037425995,0.024869236759841443
554,0.021872444078326225,0.024805418383330106
555,0.02182350493967533,0.02474190853536129
556,0.02177489548921585,0.024678705744445324
557,0.021726759150624275,0.024615802485495806
558,0.021678905934095383,0.024553195387125016
559,0.021631304174661636,0.0244908781722188
560,0.02158408984541893,0.024428850393742322
561,0.02153700217604637,0.02436710499227047
562,0.021490514278411865,0.024305646121501923
563,0.021443795412778854,0.024244467727839947
564,0.021397018805146217,0.024183568768203257
565,0.021350614726543427,0.024122953563928604
566,0.02130451425909996,0.02406261896714568
567,0.021258831024169922,0.024002565648406745
568,0.02121342532336712,0.023942789416760205
569,0.021168507635593414,0.023883292581886054
570,0.021123982965946198,0.023824072908610106
571,0.021079646423459053,0.023765129204839468
572,0.021035680547356606,0.023706467524170875
573,0.02099212445318699,0.023648091498762368
574,0.02094879373908043,0.023590007219463586
575,0.020905662328004837,0.023532213363796472
576,0.020862912759184837,0.02347471199929714
577,0.020820464938879013,0.02341750295832753
578,0.02077832818031311,0.023360584508627654
579,0.020736293867230415,0.023303954135626553
580,0.02069452404975891,0.023247607313096524
581,0.020652910694479942,0.023191543687134983
582,0.020611420273780823,0.02313576506450772
583,0.020570138469338417,0.023080276791006327
584,0.020528990775346756,0.023025073036551477
585,0.020487908273935318,0.022970153633505106
586,0.02044711820781231,0.022915515396744014
587,0.020406922325491905,0.02286116376519203
588,0.02036689966917038,0.02280709471553564
589,0.020327100530266762,0.0227533064968884
590,0.020287442952394485,0.022699798475950956
591,0.020247912034392357,0.02264656638726592
592,0.020208775997161865,0.02259361008182168
593,0.020169686526060104,0.022540930304676295
594,0.020130880177021027,0.02248853074386716
595,0.020092014223337173,0.022436404917389154
596,0.020053192973136902,0.02238454610109329
597,0.02001464180648327,0.022332953512668608
598,0.019976086914539337,0.022281622271984814
599,0.019937336444854736,0.022230547126382588
600,0.01989898458123207,0.022179730981588364
601,0.01986076310276985,0.022129172533750532
602,0.019822586327791214,0.022078871428966522
603,0.019784316420555115,0.022028824053704738
604,0.019746217876672745,0.021979022473096847
605,0.019707920029759407,0.021929459124803544
606,0.019669603556394577,0.021880128178745507
607,0.019631389528512955,0.021831026952713727
608,0.019593052566051483,0.021782149728387594
609,0.01955493912100792,0.021733497995883228
610,0.01951679214835167,0.021685071028769015
611,0.019478673115372658,0.021636863630265
612,0.01944073662161827,0.021588879134505988
613,0.019402652978897095,0.02154111672192812
614,0.019364571198821068,0.021493577752262353
615,0.019326642155647278,0.0214462629891932
616,0.019289063289761543,0.0213991704210639
617,0.019251354038715363,0.021352300830185415
618,0.019213572144508362,0.02130565218627453
619,0.01917603239417076,0.02125923128798604
620,0.01913861185312271,0.02121303867548704
621,0.01910104975104332,0.021167076751589776
622,0.019063584506511688,0.02112134385854006
623,0.019026391208171844,0.02107583815231919
624,0.01898938976228237,0.021030558720231057
625,0.0189526230096817,0.02098550831899047
626,0.01891588419675827,0.020940688885748387
627,0.018879152834415436,0.020896102711558343
628,0.01884247176349163,0.020851750057190657
629,0.018805984407663345,0.02080762669444084
630,0.018769562244415283,0.020763734504580498
631,0.018733464181423187,0.020720072761178016
632,0.01869751513004303,0.020676640085875986
633,0.018661735579371452,0.020633430983871222
634,0.018626142293214798,0.020590439829975368
635,0.0185902938246727,0.02054765509441495
636,0.018554432317614555,0.020505067687481643
637,0.018518950790166855,0.020462676770985126
638,0.018483269959688187,0.020420474894344808
639,0.018447626382112503,0.02037845827639103
640,0.01841210573911667,0.02033662352710962
641,0.018376436084508896,0.020294967256486416
642,0.01834116317331791,0.02025349033996463
643,0.01830577291548252,0.020212186444550754
644,0.018270693719387054,0.02017105622217059
645,0.018235906958580017,0.02013010298833251
646,0.01820131577551365,0.02008933065459132
647,0.018166612833738327,0.020048735737800596
648,0.018131505697965622,0.020008307620882987
649,0.018096767365932465,0.01996804613620043
650,0.018062081187963486,0.019927949495613575
651,0.01802743785083294,0.01988800985738635
652,0.017993366345763206,0.01984822891652584
653,0.017959322780370712,0.019808604083955288
654,0.01792510785162449,0.01976913072168827
655,0.017891380935907364,0.019729809481650592
656,0.017857786267995834,0.01969063838943839
657,0.017823588103055954,0.019651606678962708
658,0.01778957061469555,0.019612713325768708
659,0.017755774781107903,0.01957395803183317
660,0.017722051590681076,0.01953533764928579
661,0.01768854632973671,0.019496853090822698
662,0.017654936760663986,0.019458497315645217
663,0.01762148179113865,0.019420274179428817
664,0.01758810505270958,0.01938218504190445
665,0.01755492016673088,0.019344228096306326
666,0.017521893605589867,0.019306401889771223
667,0.017489179968833923,0.019268705379217863
668,0.017456425353884697,0.019231135379523038
669,0.017423752695322037,0.019193687830120324
670,0.017391245812177658,0.01915636045858264
671,0.01735873892903328,0.019119151383638382
672,0.017326470464468002,0.019082059282809496
673,0.01729416474699974,0.019045079685747625
674,0.017262127250432968,0.01900821302086115
675,0.017230281606316566,0.018971459213644265
676,0.01719846948981285,0.018934814780950545
677,0.017166659235954285,0.0188982767239213
678,0.017134934663772583,0.018861842788755894
679,0.017103515565395355,0.018825515005737543
680,0.017071988433599472,0.01878928964957595
681,0.017040610313415527,0.018753166645765304
682,0.017009634524583817,0.018717148788273335
683,0.016978614032268524,0.018681233543902637
684,0.016947688534855843,0.018645420521497726
685,0.016916945576667786,0.018609710894525053
686,0.01688631996512413,0.01857410291209817
687,0.016855524852871895,0.01853858893737197
688,0.016825027763843536,0.0185031702183187
689,0.01679486781358719,0.018467847891151905
690,0.01676493138074875,0.018432622775435448
691,0.01673458144068718,0.018397489469498395
692,0.01670452021062374,0.018362446911633013
693,0.016674857586622238,0.018327498622238637
694,0.01664477400481701,0.018292637560516595
695,0.016614727675914764,0.018257864695042373
696,0.016584955155849457,0.018223182316869497
697,0.016555223613977432,0.01818858813494444
698,0.016525544226169586,0.01815408270806074
699,0.016495784744620323,0.018119667191058397
700,0.01646602898836136,0.018085337635129692
701,0.016436360776424408,0.018051093611866235
702,0.016406312584877014,0.018016930874437093
703,0.0163764338940382,0.017982852049171924
704,0.016346627846360207,0.0179488561488688
705,0.01631644368171692,0.017914941385388374
706,0.016286278143525124,0.01788110813125968
707,0.016256174072623253,0.01784735597670078
708,0.016226166859269142,0.017813687119632958
709,0.016196291893720627,0.017780100647360086
710,0.01616646721959114,0.01774659739807248
711,0.016136817634105682,0.017713178843259812
712,0.016107317060232162,0.01767984464764595
713,0.016077673062682152,0.017646594848483802
714,0.016047893092036247,0.01761342806741595
715,0.016018368303775787,0.017580345328897237
716,0.015989135950803757,0.01754734605550766
717,0.01595969684422016,0.01751442948356271
718,0.015930306166410446,0.01748159682378173
719,0.015901315957307816,0.0174488496594131
720,0.01587221398949623,0.017416185680776835
721,0.015842784196138382,0.017383603025227786
722,0.015813808888196945,0.01735110526904464
723,0.01578511670231819,0.0173186925239861
724,0.015756167471408844,0.017286360301077365
725,0.015726901590824127,0.01725410308688879
726,0.015697846189141273,0.01722192270681262
727,0.01566915772855282,0.017189822755753995
728,0.01564052887260914,0.017157803326845168
729,0.015611856244504452,0.01712586204521358
730,0.01558290421962738,0.017093995464965702
731,0.015554164536297321,0.01706220246851444
732,0.01552550308406353,0.017030482348054647
733,0.015496811829507351,0.016998833110556007
734,0.01546815037727356,0.016967253191396595
735,0.015439512208104134,0.016935745375230907
736,0.015410853549838066,0.016904309587553144
737,0.015382349491119385,0.01687294357456267
738,0.015353808179497719,0.016841648956760765
739,0.01532552856951952,0.016810427978634836
740,0.015297181904315948,0.016779278740286827
741,0.015268540009856224,0.0167481997795403
742,0.01524013839662075,0.016717189531773327
743,0.015211637131869793,0.016686248173937202
744,0.015183184295892715,0.01665537307970226
745,0.01515494380146265,0.016624563448131083
746,0.015126580372452736,0.016593816094100475
747,0.01509817037731409,0.016563131669536234
748,0.015070008113980293,0.01653251669369638
749,0.0150418970733881,0.016501967990770937
750,0.015013659372925758,0.01647148377262056
751,0.014985602349042892,0.01644106541760266
752,0.014957621693611145,0.01641070797108114
753,0.014929862692952156,0.016380413370206952
754,0.014902137219905853,0.016350183663889767
755,0.014874890446662903,0.016320018758997322
756,0.014847957529127598,0.01628992047160864
757,0.014822055585682392,0.016259905146434904
758,0.014793910086154938,0.016229948541149498
759,0.014765359461307526,0.016200044387951494
760,0.01473686657845974,0.01617019253782928
761,0.014711057767271996,0.01614041765220463
762,0.01468575932085514,0.016110725877806546
763,0.014658285304903984,0.016081093912944197
764,0.014629578217864037,0.016051508644595744
765,0.01460338570177555,0.016021993299946188
766,0.014578760601580143,0.015992561969906092
767,0.01455131359398365,0.015963183306157588
768,0.014523041434586048,0.015933849466964602
769,0.014496522955596447,0.015904577169567346
770,0.014471099711954594,0.015875375708565117
771,0.014445040374994278,0.015846238723024725
772,0.014417598024010658,0.01581714999862015
773,0.0143902488052845,0.015788110839203
774,0.014363860711455345,0.015759128173813225
775,0.014337968081235886,0.015730205038562418
776,0.014311607927083969,0.015701336422935128
777,0.014284482225775719,0.01567251465283334
778,0.014257566072046757,0.015643740966916085
779,0.014231763780117035,0.015615023449063301
780,0.014205754734575748,0.015586361112073064
781,0.014178775250911713,0.015557742761448026
782,0.01415252685546875,0.015529171684756876
783,0.014126692898571491,0.015500652473419904
784,0.014100429601967335,0.01547217988409102
785,0.014073745347559452,0.015443747881799936
786,0.014047451317310333,0.015415359195321799
787,0.014021474868059158,0.01538701869547367
788,0.013995569199323654,0.015358724109828472
789,0.013969657942652702,0.015330472011119128
790,0.013943789526820183,0.015302260592579841
791,0.01391826756298542,0.015274097453802824
792,0.013893140479922295,0.01524598365649581
793,0.013867460191249847,0.015217909682542085
794,0.013841633684933186,0.015189878279343247
795,0.013815850019454956,0.01516188950277865
796,0.013790614902973175,0.015133946100249887
797,0.013765590265393257,0.015106049766764044
798,0.013740929774940014,0.015078203622251748
799,0.013715678825974464,0.01505040256306529
800,0.013688949868083,0.015022631771862506
801,0.013663150370121002,0.014994899667799473
802,0.013637624680995941,0.014967212788760662
803,0.013612626120448112,0.01493957471102476
804,0.013588042929768562,0.014911988861858844
805,0.013563568703830242,0.014884460112079978
806,0.013539699837565422,0.01485699432902038
807,0.013514949940145016,0.014829582087695598
808,0.013488959521055222,0.01480221001431346
809,0.013463417068123817,0.014774881266057492
810,0.013439116068184376,0.014747607754543424
811,0.013415040448307991,0.014720389982685447
812,0.013389809057116508,0.01469321490265429
813,0.013364500366151333,0.014666083175688982
814,0.013339795172214508,0.014639002196490765
815,0.01331587228924036,0.01461197723634541
816,0.01329195499420166,0.01458500542677939
817,0.013267390429973602,0.014558082362636924
818,0.013242603279650211,0.014531205333769321
819,0.013217481784522533,0.01450436699204147
820,0.013192716054618359,0.01447757201269269
821,0.013169115409255028,0.014450835324823856
822,0.013144560158252716,0.014424142837524414
823,0.01310751773416996,0.014397366847842931
824,0.013067927211523056,0.014370484445244074
825,0.013032134622335434,0.014343536775559187
826,0.013000160455703735,0.014316559918224812
827,0.012970125302672386,0.014289569593966007
828,0.012941299006342888,0.014262577295303345
829,0.012913353741168976,0.01423559227026999
830,0.01288157794624567,0.014208579007536172
831,0.01282901968806982,0.014181327559053897
832,0.01277163065969944,0.014153788834810256
833,0.01271908264607191,0.014126011542975903
834,0.012675272300839424,0.01409808276221156
835,0.012639740481972694,0.014070085044950246
836,0.012610480189323425,0.0140420813113451
837,0.01258324459195137,0.01401409026235342
838,0.012553352862596512,0.013986085709184408
839,0.012521454133093357,0.013958044964820147
840,0.012490151450037956,0.013929974660277367
841,0.012460264377295971,0.013901891903951764
842,0.012430702336132526,0.013873797543346882
843,0.012401840649545193,0.013845699578523636
844,0.012374358251690865,0.013817611318081617
845,0.012347552925348282,0.013789537409320474
846,0.012320632115006447,0.013761477926746011
847,0.012293919920921326,0.013733435422182083
848,0.01226762868463993,0.01370541162788868
849,0.012241626158356667,0.013677408918738365
850,0.012215309776365757,0.013649425422772764
851,0.012189311906695366,0.01362146251834929
852,0.012163759209215641,0.013593523893505335
853,0.012134881690144539,0.013565574083477258
854,0.012084497138857841,0.013537397682666779
855,0.012029999867081642,0.013508948776870967
856,0.011985022574663162,0.013480319427326321
857,0.011943341232836246,0.01345153228379786
858,0.011903965845704079,0.013422632841393351
859,0.011869600974023342,0.01339367525652051
860,0.011836625635623932,0.013364672847092151
861,0.011803199537098408,0.013335594264790416
862,0.011770473793148994,0.013306441409513354
863,0.011738652363419533,0.01327724508009851
864,0.011708041653037071,0.01324802971445024
865,0.011678298935294151,0.013218778846785427
866,0.011649277061223984,0.013189484011381864
867,0.011620160192251205,0.01316017247736454
868,0.011591633781790733,0.013130858400836587
869,0.011563289910554886,0.013101526070386171
870,0.011535251513123512,0.01307216758839786
871,0.011507594957947731,0.013042793134227395
872,0.011480576358735561,0.013013422917574645
873,0.011453971266746521,0.012984060142189264
874,0.011427615769207478,0.012954697692766786
875,0.0114017054438591,0.012925335066393017
876,0.011376100592315197,0.01289597999304533
877,0.011350560933351517,0.012866640780121088
878,0.011325052008032799,0.01283731563948095
879,0.011300105601549149,0.01280799905769527
880,0.011276434175670147,0.012778705852106213
881,0.011255796067416668,0.012749476060271263
882,0.011236959137022495,0.0127203203830868
883,0.011214438825845718,0.012691197842359543
884,0.011186170391738415,0.012662055250257254
885,0.011157467029988766,0.012632892467081547
886,0.01113404892385006,0.012603758443146944
887,0.011117236688733101,0.012574716061353684
888,0.011099638417363167,0.012545756753534079
889,0.011073749512434006,0.012516797669231892
890,0.011043187230825424,0.012487791646271944
891,0.011019034311175346,0.012458799313753844
892,0.010999772697687149,0.012429865635931492
893,0.010979156009852886,0.012400982594117522
894,0.010955209843814373,0.012372118355706334
895,0.01092986948788166,0.0123432585503906
896,0.010908382013440132,0.012314436221495272
897,0.010890094563364983,0.012285681264474988
898,0.010867519304156303,0.012256947159767152
899,0.010843941010534763,0.012228229781612754
900,0.010819709859788418,0.012199537381529808
901,0.010800139978528023,0.012170907277613878
902,0.010780739597976208,0.01214233842678368
903,0.010756295174360275,0.012113775117322803
904,0.010732391849160194,0.012085218606516719
905,0.010711224749684334,0.01205669516697526
906,0.010690677911043167,0.012028204947710038
907,0.010668397881090641,0.011999739427119493
908,0.01064564473927021,0.011971306279301644
909,0.010624360293149948,0.011942915711551904
910,0.010604653507471085,0.011914571085944771
911,0.010582709684967995,0.011886247778311371
912,0.010559291578829288,0.0118579426035285
913,0.010537127032876015,0.011829668870195747
914,0.010515929199755192,0.011801430210471153
915,0.010493326000869274,0.011773204747587442
916,0.010469594970345497,0.011744981147348881
917,0.010447118431329727,0.011716778427362441
918,0.010426141321659088,0.01168861380778253
919,0.010403363034129143,0.011660472620278597
920,0.010379347950220108,0.011632338939234614
921,0.010357077233493328,0.011604218557476998
922,0.010337145067751408,0.011576144406571984
923,0.010316116735339165,0.011548230396583677
924,0.01029176078736782,0.011520468732342123
925,0.010268337093293667,0.011492830757051707
926,0.010248646140098572,0.011465315613895655
927,0.010228633880615234,0.011437900699675083
928,0.010205121710896492,0.01141053892672062
929,0.010180777870118618,0.011383213168010116
930,0.010158278048038483,0.011355980169028043
931,0.010138632729649544,0.011329076299443842
932,0.010118719190359116,0.011302547184750438
933,0.010096739046275616,0.011276323748752475
934,0.010074816644191742,0.011250319192185998
935,0.010053614154458046,0.011224457928910851
936,0.010034000501036644,0.011198693132027983
937,0.010014922358095646,0.011173009909689426
938,0.009994419291615486,0.011147420573979615
939,0.009973259642720222,0.011121938629075885
940,0.00995333306491375,0.011096570445224642
941,0.009934362955391407,0.011071311431005598
942,0.00991479679942131,0.011046152375638486
943,0.009894592687487602,0.011021079896017909
944,0.009874427691102028,0.010996080590412021
945,0.009855258278548717,0.010971157643944025
946,0.009836708195507526,0.010946318404749036
947,0.009817242622375488,0.010921551631763577
948,0.009797588922083378,0.010896851234138012
949,0.009777852334082127,0.010872213495895266
950,0.009758474305272102,0.01084764514118433
951,0.009739359840750694,0.010823145620524883
952,0.009720584377646446,0.010798713872209192
953,0.00970230158418417,0.010774388071149587
954,0.009684596210718155,0.01075038906186819
955,0.00966687873005867,0.01072675785049796
956,0.009647957980632782,0.010703387204557657
957,0.00962776131927967,0.010680231405422092
958,0.009607718326151371,0.010657268930226565
959,0.009588619694113731,0.010634459117427468
960,0.009569874033331871,0.010611791601404548
961,0.00955118890851736,0.010589271495118737
962,0.009532628580927849,0.010566893042996526
963,0.009514382109045982,0.01054465034045279
964,0.009496312588453293,0.010522533049806953
965,0.009478292427957058,0.010500532984733581
966,0.009460218250751495,0.010478642396628856
967,0.00944298505783081,0.010456870645284652
968,0.009425354190170765,0.010435207849368452
969,0.009407618083059788,0.010413651131093502
970,0.009389065206050873,0.010392189268022775
971,0.009368298575282097,0.01037079630419612
972,0.009348507039248943,0.010349475611001253
973,0.00931437686085701,0.010328079666942358
974,0.009281686507165432,0.010306620374321937
975,0.009236655198037624,0.010284969871863723
976,0.00916561670601368,0.010262865033000708
977,0.009110602550208569,0.010240465449169279
978,0.009063182398676872,0.010217846753075719
979,0.009021079167723656,0.010195056488737465
980,0.008981138467788696,0.01017210353165865
981,0.008946140296757221,0.010149006973952055
982,0.008914167061448097,0.010125779053196312
983,0.00888007041066885,0.010102435369044543
984,0.008846724405884743,0.010079040909186005
985,0.00881742313504219,0.01005564047023654
986,0.008789250627160072,0.01003219248726964
987,0.008758869022130966,0.01000860881060362
988,0.008731327019631863,0.009984925696626306
989,0.008707293309271336,0.009961261134594678
990,0.008682483807206154,0.009937654100358486
991,0.008655459620058537,0.009914018353447318
992,0.00862967036664486,0.009890317330136894
993,0.008606033399701118,0.009866586104035378
994,0.00858367420732975,0.009842870747670531
995,0.008559323847293854,0.009819165291264653
996,0.008535560220479965,0.009795437073335052
997,0.008514318615198135,0.009771679313853383
998,0.008494071662425995,0.00974794483743608
999,0.008473414927721024,0.009724239576607943
1000,0.008452674373984337,0.009700569221749902
1001,0.008432596921920776,0.00967689379118383
1002,0.008413657546043396,0.009653222970664501
1003,0.008394517935812473,0.009629605198279023
1004,0.008374950848519802,0.009606030788272619
1005,0.008355740457773209,0.009582475945353507
1006,0.008337230421602726,0.009558941470459104
1007,0.008319135755300522,0.009535448849201203
1008,0.00830163061618805,0.00951200870797038
1009,0.008283693343400955,0.00948860203847289
1010,0.008265547454357147,0.009465210977941752
1011,0.008247951045632362,0.009441863391548394
1012,0.008230548352003098,0.009418575959280133
1013,0.008213416673243046,0.009395338855683803
1014,0.008196267299354076,0.009372142236679792
1015,0.008179178461432457,0.009349000761285425
1016,0.008162496611475945,0.009325929777696728
1017,0.008146132342517376,0.009302919916808605
1018,0.00813037995249033,0.009279962303116918
1019,0.008114621974527836,0.009257074892520905
1020,0.008098890073597431,0.009234270313754678
1021,0.008082607761025429,0.009211525619029999
1022,0.008066423237323761,0.009188818400725723
1023,0.008050607517361641,0.009166163308545947
1024,0.008035074919462204,0.00914359644986689
1025,0.008019798435270786,0.009121111063286662
1026,0.008004806935787201,0.009098672671243549
1027,0.00798992719501257,0.009076285604387523
1028,0.007976366207003593,0.009053998049348594
1029,0.007964566349983215,0.009031835934147239
1030,0.007952341809868813,0.009009776571765542
1031,0.007938619703054428,0.008987776441499591
1032,0.007920744828879833,0.008965796697884798
1033,0.007903296500444412,0.008943862272426486
1034,0.007888399064540863,0.008921998096629977
1035,0.00787814799696207,0.008900243435055017
1036,0.007868103682994843,0.0088785844668746
1037,0.007853194139897823,0.008856967184692621
1038,0.007835282944142818,0.008835375821217895
1039,0.0078187957406044,0.008813831182196736
1040,0.007807459682226181,0.00879237244836986
1041,0.007797722704708576,0.008771006045863032
1042,0.007783566601574421,0.008749693743884563
1043,0.007767076604068279,0.00872841858305037
1044,0.007751161232590675,0.008707185918465256
1045,0.007737691514194012,0.00868601025082171
1046,0.007725859992206097,0.008664901768788695
1047,0.007713731378316879,0.00864386665634811
1048,0.007700932212173939,0.008622900089249015
1049,0.007688075769692659,0.00860200232360512
1050,0.007673156913369894,0.008581149149686098
1051,0.007658893708139658,0.008560344488359987
1052,0.007645722012966871,0.008539595864713192
1053,0.007633478380739689,0.008518907632678747
1054,0.007622324395924807,0.008498284914530814
1055,0.007609758526086807,0.008477713712491095
1056,0.0075967577286064625,0.008457201709970831
1057,0.0075832027941942215,0.008436756124719978
1058,0.007569781970232725,0.00841637676116079
1059,0.0075569357722997665,0.008396059921942652
1060,0.007544483058154583,0.008375806012190878
1061,0.00753275491297245,0.00835562167223543
1062,0.007522729225456715,0.008335522678680717
1063,0.00751419086009264,0.008315520766191185
1064,0.007503409404307604,0.008295591734349728
1065,0.007488723378628492,0.008275696043856442
1066,0.007472840603441,0.008255822267383337
1067,0.007458982057869434,0.008235982237383723
1068,0.007448527961969376,0.00821621397510171
1069,0.007440328598022461,0.008196541080251337
1070,0.007430690340697765,0.008176957331597805
1071,0.007415963336825371,0.008157433979213237
1072,0.007399443536996841,0.008137943344190718
1073,0.007387873716652393,0.008118678312748671
1074,0.0073804184794425964,0.008099665632471442
1075,0.0073703257367014885,0.00808100233785808
1076,0.00735581386834383,0.008062904309481382
1077,0.00733998604118824,0.00804519814439118
1078,0.0073285456746816635,0.008027851777151228
1079,0.0073200915940105915,0.008010841901414096
1080,0.007308793254196644,0.007994118449278175
1081,0.007293644826859236,0.007977593494579195
1082,0.007279715966433287,0.007961248983629049
1083,0.007268269546329975,0.00794513097498566
1084,0.007257869467139244,0.007929242425598204
1085,0.007245704997330904,0.00791352524422109
1086,0.00723244296386838,0.007897957167588175
1087,0.007220659404993057,0.007882575071416795
1088,0.007209237664937973,0.007867354177869856
1089,0.007198113016784191,0.007852262374944985
1090,0.00718582421541214,0.007837295779027045
1091,0.0071729011833667755,0.007822470194660126
1092,0.007160898298025131,0.00780778247397393
1093,0.007150742691010237,0.007793229566887021
1094,0.007140602450817823,0.007778798849321902
1095,0.00712934322655201,0.0077644990431144836
1096,0.007116754539310932,0.007750310986302793
1097,0.007105039432644844,0.00773621819447726
1098,0.007094890344887972,0.00772222638130188
1099,0.007084571290761232,0.007708337944932282
1100,0.007073518354445696,0.007694546384736895
1101,0.007061464712023735,0.007680835062637925
1102,0.00704978359863162,0.007667196323163808
1103,0.00703892856836319,0.0076536404294893145
1104,0.007028345018625259,0.007640174371190369
1105,0.007017788011580706,0.007626794846728444
1106,0.007008318789303303,0.00761350573040545
1107,0.006998023949563503,0.00760029461234808
1108,0.00698706554248929,0.007587148961611092
1109,0.006975967902690172,0.0075740717072039845
1110,0.006965167820453644,0.007561067910864949
1111,0.006954889744520187,0.0075481372978538274
1112,0.006945074535906315,0.00753528255969286
1113,0.0069349780678749084,0.007522498173639178
1114,0.00692475913092494,0.007509783091954887
1115,0.006914674304425716,0.007497138050384819
1116,0.00690475245937705,0.00748456060886383
1117,0.006894854828715324,0.00747204783372581
1118,0.006885453127324581,0.007459598565474152
1119,0.006876447703689337,0.007447216822765767
1120,0.006867509335279465,0.007434903015382588
1121,0.006859106943011284,0.007422668007202446
1122,0.0068481434136629105,0.007410485208965838
1123,0.00683686975389719,0.0073983478313311936
1124,0.006827568635344505,0.0073862727684900166
1125,0.006820521783083677,0.007374280001968146
1126,0.00681455060839653,0.007362377438694239
1127,0.0068018464371562,0.007350496631115675
1128,0.006789098028093576,0.007338623949326575
1129,0.0067807347513735294,0.007326785633340478
1130,0.0067747244611382484,0.007315009459853172
1131,0.006767880171537399,0.007303302064538002
1132,0.006753839552402496,0.007291633011773229
1133,0.006742514669895172,0.0072800251934677365
1134,0.006736349314451218,0.00726850469596684
1135,0.006729417946189642,0.007257017395459115
1136,0.006718996912240982,0.007245526327751577
1137,0.0067061372101306915,0.007234055758453905
1138,0.006697550415992737,0.007222678433172405
1139,0.006691670976579189,0.0072114071855321525
1140,0.006681074853986502,0.007200143337249756
1141,0.006670487113296986,0.00718887098133564
1142,0.00666040787473321,0.007177639394067228
1143,0.006652165204286575,0.0071664902800694106
1144,0.0066443197429180145,0.007155421865172684
1145,0.006634835619479418,0.007144393306225539
1146,0.0066253929398953915,0.007133388635702431
1147,0.0066163623705506325,0.007122414945624769
1148,0.006608161143958569,0.007111487234942615
1149,0.006601116620004177,0.00710061764344573
1150,0.00659219641238451,0.007089808038435876
1151,0.006582044530659914,0.007079039546661079
1152,0.006572945974767208,0.0070683117862790825
1153,0.006566043011844158,0.007057637432590127
1154,0.0065605174750089645,0.007047019363380968
1155,0.0065527670085430145,0.007036449448205531
1156,0.00654379790648818,0.007025919849984348
1157,0.006532799452543259,0.007015415816567838
1158,0.006522137206047773,0.007004939368925989
1159,0.006515529006719589,0.006994525301270187
1160,0.006508905440568924,0.00698416952509433
1161,0.0065011754631996155,0.006973853730596602
1162,0.0064904335886240005,0.006963530774228275
1163,0.006480257026851177,0.00695319143589586
1164,0.006472389213740826,0.006942881233990192
1165,0.0064656659960746765,0.006932650660164654
1166,0.006457447540014982,0.006922496729530394
1167,0.006447530351579189,0.006912382212467491
1168,0.006438631098717451,0.0069022832438349726
1169,0.006431184243410826,0.006892191800288856
1170,0.006425110623240471,0.006882136003114283
1171,0.006419858895242214,0.006872174958698451
1172,0.006411731243133545,0.006862297835759819
1173,0.006399781908839941,0.006852416917681694
1174,0.006389485206454992,0.006842507584951818
1175,0.006383085623383522,0.006832635183818638
1176,0.006379120517522097,0.006822868250310421
1177,0.006370726507157087,0.00681317565497011
1178,0.006360913626849651,0.0068034993344917895
1179,0.0063498555682599545,0.006793796974234283
1180,0.006341816857457161,0.006784127210266888
1181,0.006336024962365627,0.006774551011621952
1182,0.006328967399895191,0.006765043525956571
1183,0.006320067215710878,0.00675556150265038
1184,0.0063099730759859085,0.0067460825387388465
1185,0.006303454749286175,0.006736660036258399
1186,0.006297168787568808,0.006727307294495404
1187,0.006288886070251465,0.006717989561147988
1188,0.006279660854488611,0.0067086937930434945
1189,0.006272023543715477,0.006699432898312807
1190,0.006266236305236816,0.006690237019211054
1191,0.006260458845645189,0.006681112595833838
1192,0.006251460872590542,0.006672018221579492
1193,0.006241260562092066,0.006662923400290311
1194,0.006233627442270517,0.006653853650204837
1195,0.006227255333214998,0.0066448327712714675
1196,0.006220145151019096,0.006635866677388549
1197,0.006211621221154928,0.00662693249527365
1198,0.006203600205481052,0.00661801959387958
1199,0.0061963824555277824,0.006609137705527246
1200,0.006188927683979273,0.006600291798822582
1201,0.006181799340993166,0.006591495145112276
1202,0.006174944341182709,0.006582746752537787
1203,0.006168087013065815,0.006574038336984813
1204,0.006162097677588463,0.0065653758635744455
1205,0.006156610790640116,0.006556764091365039
1206,0.006148048676550388,0.00654816139023751
1207,0.006139237433671951,0.006539573525078595
1208,0.006131284404546022,0.006531015713699162
1209,0.0061248913407325745,0.006522504948079586
1210,0.0061200689524412155,0.0065140539593994615
1211,0.006114515941590071,0.006505650221370161
1212,0.006108381785452366,0.0064972832938656215
1213,0.00609905831515789,0.006488924096338451
1214,0.006090053357183933,0.006480577038601041
1215,0.00608327379450202,0.0064722630335018036
1216,0.006077973172068596,0.006463995240628719
1217,0.006073216907680035,0.006455778861418366
1218,0.006066422443836927,0.00644758855458349
1219,0.006059248000383377,0.00643941655755043
1220,0.006050693336874247,0.006431248397566378
1221,0.006042654626071453,0.00642308387439698
1222,0.006035977974534035,0.006414962220005691
1223,0.006031517870724201,0.006406908701173961
1224,0.006027808878570795,0.0063989111036062245
1225,0.0060210516676306725,0.006390916402451694
1226,0.006014256738126278,0.006382913463748991
1227,0.006004425697028637,0.006374939256347716
1228,0.005996474996209145,0.006367013026028871
1229,0.005991282407194376,0.00635911850258708
1230,0.005986632779240608,0.006351237585768103
1231,0.005979605950415134,0.006343354843556881
1232,0.005971349775791168,0.006335529945790768
1233,0.005963784642517567,0.006327742645516991
1234,0.005957591813057661,0.006319955070503056
1235,0.005951930768787861,0.006312180198729038
1236,0.00594688206911087,0.0063044590502977374
1237,0.0059410585090518,0.006296808263286948
1238,0.005934479646384716,0.006289177555590868
1239,0.005926694720983505,0.0062815277930349115
1240,0.005919297691434622,0.006273910021409392
1241,0.005913238041102886,0.006266337530687452
1242,0.005908221006393433,0.006258815662004053
1243,0.005902703385800123,0.006251321043819189
1244,0.005896071903407574,0.006243838565424085
1245,0.005888946354389191,0.006236379672773182
1246,0.005882196594029665,0.006228947709314525
1247,0.005875851958990097,0.00622154260519892
1248,0.005869305692613125,0.006214154050685466
1249,0.005858995020389557,0.006206732834689319
1250,0.005846325308084488,0.006199274123646319
1251,0.005832520313560963,0.00619177888147533
1252,0.005818916950374842,0.006184238591231406
1253,0.0058040255680680275,0.006176618416793645
1254,0.005788049660623074,0.006168893738649785
1255,0.005771848373115063,0.006161084552295506
1256,0.005756097845733166,0.006153207551687956
1257,0.005740469321608543,0.0061452842503786085
1258,0.00572475790977478,0.006137310457415879
1259,0.005709080025553703,0.00612924596760422
1260,0.005694343708455563,0.006121100350283086
1261,0.0056803543120622635,0.006112892138771713
1262,0.005668791476637125,0.006104675717651844
1263,0.005658553913235664,0.006096458686515689
1264,0.005647436715662479,0.006088209161534905
1265,0.005636236630380154,0.00607991486787796
1266,0.00562465563416481,0.006071586948819458
1267,0.005613779649138451,0.006063249441795051
1268,0.00560303358361125,0.0060548934666439895
1269,0.005592864006757736,0.006046510264277458
1270,0.005578855983912945,0.006038047717884183
1271,0.005461128428578377,0.006028460413217545
1272,0.005419198423624039,0.006018535085022449
1273,0.005396449007093906,0.006008501756004989
1274,0.005378364585340023,0.005998390549793839
1275,0.0053583481349051,0.005988143174909056
1276,0.005335765890777111,0.005977709628641605
1277,0.005321210250258446,0.005967214466072619
1278,0.00531719671562314,0.005956777296960354
1279,0.005308134946972132,0.005946360090747476
1280,0.005294092930853367,0.005935882851481437
1281,0.0052820476703345776,0.005925343078561127
1282,0.005271462723612785,0.0059147680317983035
1283,0.005261511541903019,0.005904182475060225
1284,0.005252056755125523,0.005893603311851621
1285,0.005242152139544487,0.0058829902857542036
1286,0.005231899209320545,0.005872337589971721
1287,0.0052231913432478905,0.0058616806427016855
1288,0.005214611534029245,0.005851030149497092
1289,0.005206575617194176,0.005840375670231879
1290,0.005199394654482603,0.005829707253724337
1291,0.005191727541387081,0.0058190199406817555
1292,0.005183468572795391,0.0058083400176838045
1293,0.00517656747251749,0.005797693086788058
1294,0.0051696039736270905,0.005787052852101624
1295,0.005162450484931469,0.0057764048036187884
1296,0.005155418999493122,0.0057657575421035286
1297,0.0051482068374753,0.005755123398266733
1298,0.005141753703355789,0.00574450493324548
1299,0.005135688930749893,0.005733897997997701
1300,0.0051294779404997826,0.005723303500562906
1301,0.005123138427734375,0.005712716891430318
1302,0.005116103682667017,0.005702128484845161
1303,0.0051096417009830475,0.005691544031724334
1304,0.005104679148644209,0.005680969846434891
1305,0.005099769681692123,0.005670401435345411
1306,0.005092833191156387,0.005659849280491471
1307,0.005086126271635294,0.005649318168871105
1308,0.005079672671854496,0.005638802051544189
1309,0.005073686130344868,0.0056282899994403125
1310,0.005067842546850443,0.0056177677353844045
1311,0.005062593147158623,0.00560724850744009
1312,0.005057470872998238,0.005596739398315549
1313,0.005053277593106031,0.00558628159109503
1314,0.005048816092312336,0.005575869218446315
1315,0.005042612552642822,0.005565462606027722
1316,0.005035877227783203,0.005555041646584868
1317,0.0050291381776332855,0.005544600859284401
1318,0.005022483877837658,0.005534161473624408
1319,0.005016789305955172,0.0055237368866801265
1320,0.005011840257793665,0.00551334835588932
1321,0.005008367821574211,0.005503005487844348
1322,0.005006019026041031,0.005492705898359418
1323,0.005001080222427845,0.005482401521876454
1324,0.004991174675524235,0.005472035179845989
1325,0.004984352737665176,0.005461668190546334
1326,0.004982789047062397,0.005451353513635695
1327,0.004980810917913914,0.005441117365844548
1328,0.0049737198278307915,0.005430889814160764
1329,0.004963894374668598,0.0054206159338355065
1330,0.004958104342222214,0.005410330649465322
1331,0.004956223536282778,0.005400096825323999
1332,0.004951970651745796,0.005389903034083546
1333,0.004946152679622173,0.0053797267144545914
1334,0.004938151687383652,0.005369532313197851
1335,0.004931909032166004,0.005359332095831632
1336,0.004928193055093288,0.0053491452056914565
1337,0.004925068002194166,0.005338985300622881
1338,0.00492055993527174,0.00532884610351175
1339,0.004913397133350372,0.00531871312763542
1340,0.004906298592686653,0.00530858313664794
1341,0.004902248736470938,0.00529847324360162
1342,0.004899824969470501,0.005288389283232391
1343,0.00489675672724843,0.005278329816646874
1344,0.004888744093477726,0.005268256538547575
1345,0.004881532862782478,0.0052581824036315086
1346,0.004876536317169666,0.005248125800862908
1347,0.004871825687587261,0.00523808553814888
1348,0.004867780953645706,0.005228070290759206
1349,0.004862897098064423,0.0052181093115359544
1350,0.004858003929257393,0.005208226097747684
1351,0.004852700512856245,0.005198427899740636
1352,0.004848402924835682,0.0051887227594852444
1353,0.004843100439757109,0.005179113508202136
1354,0.00483739236369729,0.0051696069352328775
1355,0.0048323762603104115,0.005160212214104831
1356,0.004828019067645073,0.00515093142632395
1357,0.004823446273803711,0.005141761195845902
1358,0.00481934892013669,0.005132707105949521
1359,0.004813973791897297,0.005123756043612957
1360,0.004809170961380005,0.005114904316142202
1361,0.004803890362381935,0.0051061396766453986
1362,0.004799066111445427,0.005097442422993481
1363,0.004794535227119923,0.005088802236132324
1364,0.004789428319782019,0.005080222152173519
1365,0.004785309080034494,0.005071712876670063
1366,0.004780290648341179,0.005063269226811826
1367,0.004775846842676401,0.005054889898747206
1368,0.004771486856043339,0.005046574431471527
1369,0.004767013713717461,0.005038315928541124
1370,0.0047637647949159145,0.005030165016651153
1371,0.004759640898555517,0.0050231501413509246
1372,0.004756114445626736,0.005016519301570952
1373,0.004750446416437626,0.005010059275664389
1374,0.004744628444314003,0.005003721914254129
1375,0.0047392817214131355,0.00499753125011921
1376,0.004734547343105078,0.004991519064642489
1377,0.004731194116175175,0.004985618903301656
1378,0.004726809915155172,0.004979715035296976
1379,0.0047226157039403915,0.004973859842866659
1380,0.004716863390058279,0.004968087547458708
1381,0.004711582325398922,0.004962382894009351
1382,0.004706784151494503,0.004956736108288169
1383,0.004702228121459484,0.004951143274083734
1384,0.004698201082646847,0.004945604717358947
1385,0.004694385454058647,0.004940127050504089
1386,0.004690476693212986,0.004934712825343013
1387,0.0046860408037900925,0.004929341319948435
1388,0.004680600017309189,0.004924001204781234
1389,0.004674981348216534,0.004918685262091458
1390,0.004671260714530945,0.004913403922691941
1391,0.004668232053518295,0.004908168967813253
1392,0.004664715379476547,0.004902981435880065
1393,0.004659607540816069,0.004897811836563051
1394,0.0046540359035134315,0.004892656155861914
1395,0.004648948088288307,0.004887521131895483
1396,0.004644948057830334,0.0048824164224788545
1397,0.004642436280846596,0.0048773587169125675
1398,0.004640144295990467,0.004872342622838914
1399,0.0046350834891200066,0.004867336568422615
1400,0.004629435483366251,0.00486233614385128
1401,0.00462346663698554,0.004857339425943792
1402,0.004619787447154522,0.004852376263588667
1403,0.004617335274815559,0.004847453199326992
1404,0.004613101482391357,0.004842537422664463
1405,0.004608551040291786,0.00483762523625046
1406,0.004602566361427307,0.004832722567953169
1407,0.004598256200551987,0.004827843867242336
1408,0.004595058038830757,0.004822997720912099
1409,0.004591124597936869,0.004818172105588019
1410,0.004587129689753056,0.004813364977017045
1411,0.004582054913043976,0.004808559594675898
1412,0.004577323794364929,0.004803758123889565
1413,0.004573344718664885,0.004798958795145154
1414,0.004569247364997864,0.00479416310787201
1415,0.004565941169857979,0.004789396394044161
1416,0.004562746733427048,0.004784665089100599
1417,0.004560648463666439,0.004779980191960931
1418,0.004556602798402309,0.004775321381166577
1419,0.004551266320049763,0.004770666151307524
1420,0.004545106552541256,0.004765998814254999
1421,0.0045410883612930775,0.004761326019652188
1422,0.004538320004940033,0.004756649029441178
1423,0.0045356107875704765,0.0047519943350926045
1424,0.0045320880599319935,0.004747403468936682
1425,0.0045265741646289825,0.00474282568320632
1426,0.004521015100181103,0.004738207943737507
1427,0.004517499357461929,0.004733574828132987
1428,0.004514612723141909,0.004728983757086098
1429,0.004511198028922081,0.0047244567936286334
1430,0.00450628437101841,0.004719938593916595
1431,0.004501307383179665,0.0047153894323855635
1432,0.004497384186834097,0.0047108435677364465
1433,0.004494849592447281,0.0047063305368646976
1434,0.004492766223847866,0.00470187668222934
1435,0.0044889263808727264,0.0046974468557164075
1436,0.00448343250900507,0.004692999250255525
1437,0.00447775749489665,0.00468852614518255
1438,0.004474104382097721,0.00468406158965081
1439,0.004472328349947929,0.004679650901816785
1440,0.004469192586839199,0.004675279841758311
1441,0.004463633522391319,0.004670893689617515
1442,0.0044584721326828,0.0046664801612496375
1443,0.004454435780644417,0.004662056951783598
1444,0.004451818764209747,0.004657687698490918
1445,0.004449022002518177,0.004653362589888275
1446,0.004445177502930164,0.00464904900174588
1447,0.004440009593963623,0.004644730840809643
1448,0.004435247275978327,0.004640405504032969
1449,0.004431047476828098,0.004636087007820606
1450,0.00442718667909503,0.004631778835318983
1451,0.004424433223903179,0.004627496162429452
1452,0.004421182908117771,0.0046232239622622726
1453,0.0044175852090120316,0.004618968809954822
1454,0.004413744900375605,0.004614732335321605
1455,0.004409012384712696,0.004610498696565628
1456,0.004404549486935139,0.004606264000758528
1457,0.004401106387376785,0.004602040601894259
1458,0.00439853873103857,0.004597832500003278
1459,0.004395566415041685,0.0045936484262347225
1460,0.00439131073653698,0.004589469823986292
1461,0.004386767745018005,0.0045852985978126525
1462,0.004381928127259016,0.004581127217970788
1463,0.004378730431199074,0.00457696917001158
1464,0.004376558121293783,0.004572840468026698
1465,0.004373602103441954,0.004568723398260772
1466,0.004369216971099377,0.0045646126614883546
1467,0.004363839514553547,0.0045604925882071256
1468,0.004359695129096508,0.004556374670937657
1469,0.004357804544270039,0.004552282579243183
1470,0.004355745390057564,0.0045482023851946
1471,0.004351130221039057,0.004544117278419435
1472,0.004346097819507122,0.004540017112158239
1473,0.004341364838182926,0.004535926296375692
1474,0.0043375808745622635,0.004531855820678174
1475,0.004335036501288414,0.004527813368476927
1476,0.004331429488956928,0.0045237821899354455
1477,0.0043267253786325455,0.00451973750256002
1478,0.0043228184804320335,0.004515697588212788
1479,0.0043191323056817055,0.004511662754230201
1480,0.004315637052059174,0.0045076504908502105
1481,0.004312298260629177,0.004503657650202513
1482,0.004309483803808689,0.004499684646725654
1483,0.004305482842028141,0.004495717193931341
1484,0.004300765693187714,0.00449174284003675
1485,0.004296642728149891,0.004487765412777662
1486,0.004292720928788185,0.004483787855133414
1487,0.0042891232296824455,0.0044798186793923375
1488,0.004285283386707306,0.004475865513086319
1489,0.004281617701053619,0.00447193187661469
1490,0.004277976229786873,0.004467999031767249
1491,0.004274195991456509,0.004464058671146631
1492,0.004270643927156925,0.004460117956623435
1493,0.004267161246389151,0.004456193493679166
1494,0.004263897892087698,0.004452292113564908
1495,0.004260193556547165,0.004448404568247497
1496,0.0042566657066345215,0.004444521744735539
1497,0.004252975340932608,0.004440627135336399
1498,0.004248666111379862,0.004436712353490293
1499,0.004244368523359299,0.004432805203832686
1500,0.0042406655848026276,0.00442891750484705
1501,0.004236888140439987,0.004425051719881595
1502,0.0042332871817052364,0.004421186717227101
1503,0.00422991719096899,0.004417312536388635
1504,0.0042147221975028515,0.004413328743539751
1505,0.0041905855759978294,0.004409149088896811
1506,0.004153783433139324,0.004404661259613931
1507,0.004126721993088722,0.004399945917539299
1508,0.004099137149751186,0.004394986708648503
1509,0.004069465212523937,0.004389770114794373
1510,0.004048909991979599,0.004384387917816639
1511,0.004030467942357063,0.0043788720481097694
1512,0.004011634737253189,0.004373215157538652
1513,0.003994399681687355,0.004367425707168877
1514,0.003982231020927429,0.004361555543728173
1515,0.003970787860453129,0.0043556040106341246
1516,0.003958734683692455,0.004349563890136778
1517,0.003946210257709026,0.004343419508077204
1518,0.003934104926884174,0.004337194529362023
1519,0.003923336509615183,0.004330915231257677
1520,0.003912908025085926,0.0043245932459831235
1521,0.0038844444788992405,0.004318026807159186
1522,0.0038501848466694355,0.004311145455576479
1523,0.0038186802994459867,0.004303976150695234
1524,0.0037886113859713078,0.004296541383955628
1525,0.0037678650114685297,0.004288954292424024
1526,0.0037489780224859715,0.004281233921647072
1527,0.003733159974217415,0.004273390527814626
1528,0.0037188385613262653,0.00426543278619647
1529,0.0037048181984573603,0.004257368987891823
1530,0.0036921128630638123,0.0042492272728122775
1531,0.003681568894535303,0.004241029887925834
1532,0.0036710374988615513,0.004232766421046108
1533,0.003660341491922736,0.0042244213400408626
1534,0.0036498343106359243,0.0042159920209087435
1535,0.0036397259682416916,0.0042075000167824325
1536,0.0036302513908594847,0.004198968205600977
1537,0.0036211563274264336,0.0041904021939262745
1538,0.003612515050917864,0.004181786300614476
1539,0.003604679834097624,0.004173109815455973
1540,0.003596796654164791,0.004164385856129229
1541,0.0035892543382942677,0.004155642064288259
1542,0.0035818079486489296,0.00414687542244792
1543,0.0035747194197028875,0.004138078258838504
1544,0.0035681654699146748,0.004129241725895554
1545,0.003561548423022032,0.004120366990100592
1546,0.0035552941262722015,0.004111468156334013
1547,0.0035492260940372944,0.0041025603213347495
1548,0.0035433745943009853,0.004093641594517976
1549,0.0035377272870391607,0.004084708392620087
1550,0.0035321463365107775,0.004075757989194244
1551,0.0035270340740680695,0.004066783997695893
1552,0.003521751845255494,0.00405778968706727
1553,0.003516082651913166,0.004048774661496282
1554,0.0035106290597468615,0.004039743503089994
1555,0.0035053216852247715,0.004030706596095115
1556,0.0035004739183932543,0.0040216658404096965
1557,0.003495834767818451,0.004012613124214113
1558,0.003491408657282591,0.004003541823476553
1559,0.0034870230592787266,0.003994456389918923
1560,0.0034820768050849438,0.003985364050604403
1561,0.0034771773498505354,0.003976268146652728
1562,0.0034726145677268505,0.003967175011057407
1563,0.003468220354989171,0.003958069910295308
1564,0.0034639155492186546,0.003948943484574557
1565,0.003459705738350749,0.003939804520923644
1566,0.003455781377851963,0.00393067016499117
1567,0.003451527561992407,0.0039215470454655585
1568,0.0034474111162126064,0.00391242420533672
1569,0.003442812478169799,0.0039032742846757174
1570,0.0034384485334157944,0.0038941013161093
1571,0.0034338783007115126,0.0038849287969060244
1572,0.0034295269288122654,0.003875763087999076
1573,0.0034251990728080273,0.0038666014303453265
1574,0.003421318018808961,0.0038574388017877936
1575,0.0034175333566963673,0.003848263770341873
1576,0.0034140320494771004,0.0038390897959470747
1577,0.0034111824352294207,0.0038299343665130436
1578,0.0034087947569787502,0.003820794129278511
1579,0.003407287411391735,0.0038116756803356112
1580,0.00340365432202816,0.003802555853035301
1581,0.0034002172760665417,0.0037934350431896744
1582,0.0033935371320694685,0.0037842755764722824
1583,0.0033879908733069897,0.0037751006567850708
1584,0.00338279502466321,0.003765920950099826
1585,0.0033795321360230446,0.0037567498441785576
1586,0.003379170084372163,0.003747614335734397
1587,0.0033783167600631714,0.0037385062710382044
1588,0.0033759824000298977,0.0037294132611714304
1589,0.0033675653394311666,0.003720272737555206
1590,0.003360447008162737,0.0037110974453389645
1591,0.003357570618391037,0.00370193119160831
1592,0.0033562176395207644,0.003692786928731948
1593,0.0033554164692759514,0.003683669480960816
1594,0.0033495554234832525,0.0036745260562747717
1595,0.003342467825859785,0.003665348798967898
1596,0.003339132759720087,0.0036561734694987537
1597,0.003337311325594783,0.0036470168293453752
1598,0.0033361343666911125,0.003637891511898488
1599,0.003330846317112446,0.0036287562898360192
1600,0.003324926132336259,0.0036195988953113558
1601,0.00332087860442698,0.0036104387999512256
1602,0.003318764502182603,0.003601293573155999
1603,0.003317000810056925,0.0035921644093468786
1604,0.0033131088130176067,0.003583148275502026
1605,0.0033074934035539627,0.0035743173537775876
1606,0.0033031213097274303,0.0035658107325434686
1607,0.0033006290905177593,0.003557549803517759
1608,0.0032983398996293545,0.0035495418310165405
1609,0.0032948250882327557,0.0035417954297736285
1610,0.0032903687097132206,0.003534210016950965
1611,0.003286215476691723,0.0035267674922943113
1612,0.0032826545648276806,0.0035194776905700565
1613,0.0032795784063637257,0.00351232947781682
1614,0.003276499453932047,0.0035052721621468665
1615,0.003273674985393882,0.0034983010333962737
1616,0.003270426532253623,0.0034914179518818855
1617,0.003266409272328019,0.0034846199420280753
1618,0.0032625452149659395,0.003477904344908893
1619,0.0032590418122708797,0.00347126139793545
1620,0.0032555777579545975,0.003464688095264137
1621,0.003252550261095166,0.003458369153086096
1622,0.0032495304476469755,0.0034523626090958714
1623,0.003246414940804243,0.003446639955509454
1624,0.0032433103770017624,0.0034411869454197587
1625,0.00323988264426589,0.0034359071217477323
1626,0.0032365177758038044,0.0034307825192809106
1627,0.003233024850487709,0.0034257811680436135
1628,0.0032297628931701183,0.003420890411362052
1629,0.0032265624031424522,0.003416107853408903
1630,0.0032234254758805037,0.0034114209795370696
1631,0.003220474813133478,0.0034068100387230514
1632,0.0032182810828089714,0.003402282474562526
1633,0.003216826356947422,0.003397847323212773
1634,0.0032142228446900845,0.003393491208553314
1635,0.0032135583460330963,0.0033892295323312283
1636,0.00320887821726501,0.0033850158005952835
1637,0.0032041813246905804,0.003380846050567925
1638,0.003199306782335043,0.003376713967882097
1639,0.003196274396032095,0.0033726299135014414
1640,0.0031960168853402138,0.0033686221158131958
1641,0.0031955912709236145,0.003364685485139489
1642,0.0031927749514579773,0.0033607951551675795
1643,0.0031858913134783506,0.0033569068741053343
1644,0.003181023523211479,0.003353035454638302
1645,0.0031787604093551636,0.0033492075745016336
1646,0.0031774677336215973,0.0033454293105751277
1647,0.0031753182411193848,0.0033416902320459485
1648,0.0031708721071481705,0.0033379652071744204
1649,0.0031665824353694916,0.0033342537586577236
1650,0.0031637176871299744,0.003330569472163916
1651,0.0031614117324352264,0.003326913248747587
1652,0.0031586415134370327,0.0033232821454294028
1653,0.003155655227601528,0.0033196778711862863
1654,0.0031525492668151855,0.0033160970732569696
1655,0.0031495164148509502,0.003312539020553231
1656,0.003146490780636668,0.0033089991891756656
1657,0.0031437412835657597,0.0033054782543331385
1658,0.0031410926021635532,0.003301975093781948
1659,0.0031390967778861523,0.0032984958309680225
1660,0.003137784544378519,0.003295052908360958
1661,0.0031364746391773224,0.003291645881254226
1662,0.003133295802399516,0.0032882526936009525
1663,0.003129085525870323,0.0032848613453097643
1664,0.0031246242579072714,0.0032814684323966502
1665,0.0031214277260005474,0.0032780856522731483
1666,0.0031198037322610617,0.003274725875817239
1667,0.0031185662373900414,0.003271396262571216
1668,0.003116341307759285,0.0032680855644866822
1669,0.003112202975898981,0.0032647794694639744
1670,0.003108081640675664,0.003261475800536573
1671,0.0031049964018166065,0.0032581869815476237
1672,0.0031026648357510567,0.003254918360617012
1673,0.0031009616795927286,0.0032516759866848587
1674,0.0030990983359515667,0.0032484537898562846
1675,0.0030966498889029026,0.00324524495517835
1676,0.003093395149335265,0.0032420385861769317
1677,0.00308963842689991,0.003238823146093637
1678,0.003086282406002283,0.003235598022583872
1679,0.00308362883515656,0.0032323614368215204
1680,0.003081503789871931,0.003229139931499958
1681,0.0030797915533185005,0.0032259356742724778
1682,0.0030786865390837193,0.00322278716834262
1683,0.0030764115508645773,0.003219671375118196
1684,0.0030724257230758667,0.0032165676821023226
1685,0.0030684680677950382,0.0032134570414200426
1686,0.0030650992412120104,0.003210316332988441
1687,0.003062541363760829,0.0032071585790254178
1688,0.003060279879719019,0.003204001553822309
1689,0.003058280795812607,0.0032009087083861233
1690,0.0030559084843844175,0.00319786332314834
1691,0.0030536085832864046,0.0031948237027972937
1692,0.003050778992474079,0.003191769316326827
1693,0.003047920996323228,0.0031886943615972996
1694,0.003045171033591032,0.003185650517698377
1695,0.0030425467994064093,0.0031826513074338435
1696,0.0030395062640309334,0.003179655042476952
1697,0.003036844078451395,0.003176650370005518
1698,0.0030341115780174732,0.003173630142118782
1699,0.003031594678759575,0.003170637625735253
1700,0.0030290051363408566,0.003167678415775299
1701,0.00302706565707922,0.0031647402863018213
1702,0.003026153426617384,0.0031618141755461694
1703,0.003026012796908617,0.0031589042954146863
1704,0.0030246656388044357,0.0031560198636725544
1705,0.003021698445081711,0.003153161914087832
1706,0.0030166362412273884,0.0031502970634028314
1707,0.0030118536669760942,0.003147409309167415
1708,0.0030092368833720684,0.003144518279004842
1709,0.0030075274407863617,0.003141645302530378
1710,0.003005966544151306,0.003138801280874759
1711,0.0030038587283343077,0.003135977713391185
1712,0.003001128090545535,0.0031331624486483634
1713,0.002998169045895338,0.0031303483550436796
1714,0.0029947611037641764,0.003127530971542001
1715,0.0029919836670160294,0.003124714058358222
1716,0.002989509142935276,0.003121904884465039
1717,0.0029869875870645046,0.0031191106676124038
1718,0.0029851263388991356,0.0031163364788517355
1719,0.0029839719645678997,0.0031135857803747057
1720,0.0029823153745383024,0.003110853156540543
1721,0.0029815142042934895,0.003108142795972526
1722,0.0029785647056996822,0.003105433138553053
1723,0.002974950708448887,0.0031027184962294997
1724,0.002970744390040636,0.0030999928363598882
1725,0.002967792795971036,0.0030972719378769397
1726,0.0029657899867743254,0.003094564659986645
1727,0.002964351326227188,0.00309187792474404
1728,0.002963630948215723,0.0030892166052944956
1729,0.0029609615448862314,0.0030865605967119337
1730,0.002957878867164254,0.003083905130624771
1731,0.002954031340777874,0.003081240695901215
1732,0.0029512280598282814,0.003078570165671408
1733,0.002949042711406946,0.0030758923292160036
1734,0.002947552129626274,0.003073225622065365
1735,0.0029462093953043222,0.0030705521325580776
1736,0.0029434713069349527,0.003067898063454777
1737,0.002940624486654997,0.003065262495074421
1738,0.00293729011900723,0.003062642328441143
1739,0.0029347834642976522,0.0030600274191237985
1740,0.002932926407083869,0.003057396514341235
1741,0.002931206487119198,0.003054752666503191
1742,0.0029298337176442146,0.0030521232541650535
1743,0.002926826011389494,0.0030495326011441646
1744,0.0029239137656986713,0.0030469615035690367
1745,0.0029206175822764635,0.0030443800752982496
1746,0.0029181588906794786,0.0030417869868688287
1747,0.0029163584113121033,0.003039197388570756
1748,0.002914656884968281,0.0030366352363489567
1749,0.0029128692112863064,0.003034098104108125
1750,0.002909733448177576,0.003031558261718601
1751,0.0029066584538668394,0.003029010728932917
1752,0.0029039564542472363,0.0030264638783410193
1753,0.002901823492720723,0.0030239255609922112
1754,0.0029000905342400074,0.003021400973666459
1755,0.0028982548974454403,0.003018888358492404
1756,0.002896349411457777,0.003016386944800615
1757,0.0028935628943145275,0.003013885160908103
1758,0.002890545642003417,0.0030113796913065014
1759,0.002887799171730876,0.003008866715244949
1760,0.0028855185955762863,0.0030063440557569266
1761,0.0028835334815084934,0.0030038146441802383
1762,0.002881907392293215,0.003001300760079175
1763,0.0028809034265577793,0.0029988189390860497
1764,0.002878825878724456,0.0029963609552942218
1765,0.002876490820199251,0.0029939115862362086
1766,0.002873048186302185,0.0029914440307766198
1767,0.0028699329122900963,0.0029889576975256206
1768,0.002867592265829444,0.002986470207106322
1769,0.002865821123123169,0.002984006388578564
1770,0.0028637563809752464,0.00298156313598156
1771,0.002861550310626626,0.00297912867506966
1772,0.002859069500118494,0.0029766927217133345
1773,0.0028564410749822855,0.00297424751566723
1774,0.0028541740030050278,0.0029717982723377646
1775,0.002852168632671237,0.002969353459775448
1776,0.002850478747859597,0.0029669242957606912
1777,0.0028490512631833553,0.0029645184241235256
1778,0.0028474570717662573,0.0029621301707811656
1779,0.0028456838335841894,0.002959750720765442
1780,0.002842540852725506,0.0029573610913939774
1781,0.002839313820004463,0.002954956314060837
1782,0.0028365240432322025,0.002952534689102322
1783,0.002834397368133068,0.0029501145472750068
1784,0.0028326576575636864,0.0029477168666198848
1785,0.002831258811056614,0.002945344774052501
1786,0.002829273696988821,0.0029429865186102687
1787,0.0028266743756830692,0.002940627848729491
1788,0.0028237104415893555,0.0029382621543481945
1789,0.0028212175238877535,0.002935891521628946
1790,0.00281944265589118,0.0029335268633440136
1791,0.002818250097334385,0.0029311732784844933
1792,0.0028170302975922823,0.0029288357915356754
1793,0.0028163548558950424,0.0029265201301313937
1794,0.002813381142914295,0.002924202231224626
1795,0.0028096104506403208,0.0029218728677369655
1796,0.0028061119373887777,0.0029195389244705437
1797,0.0028041561599820852,0.0029172120452858508
1798,0.002803441369906068,0.0029149053432047365
1799,0.002802324015647173,0.0029126126365736126
1800,0.0028002290055155754,0.00291032487526536
1801,0.002796997781842947,0.0029080241965129972
1802,0.002793649211525917,0.0029056991543620824
1803,0.0027909157797694206,0.0029033481841906905
1804,0.0027892154175788164,0.0029009936819784344
1805,0.002787939738482237,0.0028986560949124398
1806,0.00278661516495049,0.0028963558841496708
1807,0.0027848288882523775,0.0028940856363624335
1808,0.00278303911909461,0.0028918236587196586
1809,0.002780261915177107,0.0028895510034635664
1810,0.0027768840081989765,0.002887260178104043
1811,0.002774057909846306,0.002884962169919163
1812,0.002772512612864375,0.0028826760151423516
1813,0.0027713661547750235,0.002880407986231148
1814,0.0027697074692696333,0.0028781574498862026
1815,0.002769066020846367,0.0028759282734245064
1816,0.00276744831353426,0.002873707665130496
1817,0.0027656606398522854,0.0028714943956583737
1818,0.002761395648121834,0.0028692570887506007
1819,0.0027586910873651505,0.002867004279978573
1820,0.002756096189841628,0.0028647420881316066
1821,0.002753667999058962,0.0028624636260792613
1822,0.0027519166469573975,0.0028601971454918383
1823,0.0027500989381223917,0.0028579486277885736
1824,0.002749168314039707,0.002855732867028564
1825,0.0027478127740323544,0.0028535330668091772
1826,0.0027468486223369837,0.002851343653164804
1827,0.0027452902868390083,0.0028491530427709223
1828,0.00274318503215909,0.002846948583610356
1829,0.0027394681237637997,0.0028447336493991316
1830,0.0027369619347155094,0.002842524480074644
1831,0.0027338541112840176,0.0028403227077797057
1832,0.00273169856518507,0.0028381274128332734
1833,0.002730011474341154,0.0028359371004626154
1834,0.002728927182033658,0.0028337508509866894
1835,0.002729929517954588,0.002831588052213192
1836,0.0027296445332467556,0.00282944978447631
1837,0.0027285143733024597,0.0028273286833427847
1838,0.0027239136397838593,0.0028251949185505508
1839,0.0027193985879421234,0.0028230410697869957
1840,0.0027164025232195854,0.0028208758309483527
1841,0.0027151843532919884,0.0028187156096100806
1842,0.0027161198668181896,0.0028165784711018205
1843,0.0027158393058925867,0.0028144686040468513
1844,0.0027127289213240147,0.0028123567556031046
1845,0.0027076106052845716,0.002810226685833186
1846,0.002704472281038761,0.0028080898197367786
1847,0.0027026664465665817,0.0028059529000893234
1848,0.0027011572383344173,0.0028038179036229847
1849,0.0026996475644409657,0.0028016856871545316
1850,0.0026983125135302544,0.002799571477808058
1851,0.0026967222802340984,0.002797472116071731
1852,0.0026940563693642616,0.002795373115222901
1853,0.00269147427752614,0.002793269623070955
1854,0.0026886030100286007,0.002791154747828841
1855,0.002686211373656988,0.0027890343125909567
1856,0.002684028120711446,0.0027869110996834932
1857,0.0026819047052413225,0.0027847945177927615
1858,0.002680014818906784,0.002782689209561795
1859,0.0026785461232066154,0.0027805966790765526
1860,0.0026778168976306915,0.0027785196620970965
1861,0.002676593139767647,0.002776450258679688
1862,0.002675057854503393,0.0027743817633017896
1863,0.0026719756424427032,0.002772292485460639
1864,0.002668720204383135,0.0027701914287172258
1865,0.0026656794361770153,0.0027680833148770036
1866,0.0026630666106939316,0.002765983499120921
1867,0.0026609511114656925,0.002763893681112677
1868,0.002659228164702654,0.002761810040101409
1869,0.0026576779782772064,0.002759728608652949
1870,0.002657140837982297,0.00275766245322302
1871,0.0026557608507573605,0.0027556045586243274
1872,0.0026531550101935863,0.002753545413725078
1873,0.0026501561515033245,0.0027514825644902887
1874,0.002645700704306364,0.0027493978315033018
1875,0.0026447244454175234,0.0027473233896307646
1876,0.0026443691458553076,0.0027452622936107217
1877,0.002644138177856803,0.0027432131627574564
1878,0.0026411048602312803,0.0027411496406421067
1879,0.0026355076115578413,0.002739047878421843
1880,0.002636105054989457,0.0027369835204444828
1881,0.002636001445353031,0.002734950396697968
1882,0.0026354477740824223,0.0027329396340064704
1883,0.0026308628730475903,0.0027309042890556155
1884,0.00262665469199419,0.0027288442593999206
1885,0.002628423273563385,0.0027268159040249886
1886,0.002626729430630803,0.002724790461361408
1887,0.002624844666570425,0.002722772164270282
1888,0.002619679318740964,0.002720731853041798
1889,0.002617867663502693,0.002718698354437947
1890,0.002619248814880848,0.002716696416027844
1891,0.0026171449571847916,0.002714685364626348
1892,0.0026133619248867035,0.002712648680899292
1893,0.0026100489776581526,0.0027105856221169232
1894,0.00260879285633564,0.0027085397392511367
1895,0.002607927657663822,0.002706522911321372
1896,0.0026066885329782963,0.002704528677277267
1897,0.0026037576608359814,0.002702524692285806
1898,0.0026011355221271515,0.0027005016338080166
1899,0.0025991627480834723,0.00269847002113238
1900,0.00259854132309556,0.0026964531443081797
1901,0.002597501967102289,0.002694458186160773
1902,0.002593983430415392,0.002692461528349668
1903,0.002591913565993309,0.002690471506211907
1904,0.002590005286037922,0.0026884794048964975
1905,0.0025892697740346193,0.0026864927052520217
1906,0.002588419709354639,0.0026845107506960632
1907,0.002586142625659704,0.002682523888070136
1908,0.0025838229339569807,0.00268053172621876
1909,0.002581173786893487,0.002678540844935924
1910,0.0025800333824008703,0.002676572338677943
1911,0.0025795476976782084,0.0026746272365562617
1912,0.002577940933406353,0.0026726815197616817
1913,0.0025766470935195684,0.002670734329149127
1914,0.0025728994514793158,0.0026687662489712238
1915,0.0025717844255268574,0.0026667934330180288
1916,0.0025703362189233303,0.0026648223120719194
1917,0.0025702891871333122,0.0026628685975447295
1918,0.002567863091826439,0.002660933271981776
1919,0.0025651317555457354,0.0026589976786635817
1920,0.002563454443588853,0.002657071261201054
1921,0.0025612693279981613,0.002655147274490446
1922,0.002560517517849803,0.00265323328319937
1923,0.0025589317083358765,0.0026513216109015046
1924,0.0025573282036930323,0.002649403209798038
1925,0.0025544771924614906,0.0026474698539823292
1926,0.0025521053466945887,0.0026455224212259053
1927,0.0025505113881081343,0.0026435746322385966
1928,0.002549886703491211,0.002641641648951918
1929,0.0025483714416623116,0.002639730682130903
1930,0.0025462545454502106,0.00263782360823825
1931,0.0025436747819185257,0.002635921814944595
1932,0.002541975351050496,0.0026340245828032492
1933,0.0025404649786651134,0.002632129117846489
1934,0.002538732485845685,0.002630227170884609
1935,0.0025367976631969213,0.0026282958523370327
1936,0.00253510195761919,0.0026263504265807568
1937,0.00253362488001585,0.002624401531647891
1938,0.0025324244052171707,0.002622486639302224
1939,0.0025309454649686813,0.0026206021080724894
1940,0.0025295435916632414,0.002618733518756926
1941,0.0025273561477661133,0.0026168552367016673
1942,0.0025255864020437002,0.0026149499020539225
1943,0.002523562405258417,0.0026130271330475807
1944,0.0025220531970262527,0.002611120375804603
1945,0.0025208452716469765,0.002609252722468227
1946,0.0025195968337357044,0.0026074039679951965
1947,0.0025183092802762985,0.0026055603963322936
1948,0.002516231033951044,0.00260371113428846
1949,0.0025147246196866035,0.002601861904840916
1950,0.002512549050152302,0.002600004270207137
1951,0.0025108112022280693,0.0025981451594270766
1952,0.00250898115336895,0.0025962944072671235
1953,0.0025072628632187843,0.00259445229312405
1954,0.0025057210586965084,0.002592623473610729
1955,0.002504040952771902,0.002590801769401878
1956,0.0025024202186614275,0.0025889856903813777
1957,0.00250077061355114,0.0025871743494644763
1958,0.0024991417303681374,0.0025853656185790895
1959,0.002497526817023754,0.002583555425517261
1960,0.0024964839685708284,0.002581742096226662
1961,0.0024962760508060455,0.0025799389253370465
1962,0.0024966830387711525,0.002578155177179724
1963,0.002494842279702425,0.002576383843552321
1964,0.0024910480715334415,0.0025746071222238244
1965,0.0024881158024072647,0.0025728314858861267
1966,0.002487106714397669,0.002571071886923164
1967,0.002487689256668091,0.0025693392683751883
1968,0.002486961428076029,0.002567616601008922
1969,0.002483662683516741,0.002565876448061317
1970,0.002480294555425644,0.0025641079852357506
1971,0.002479505492374301,0.00256234543165192
1972,0.002480791648849845,0.002560621798038483
1973,0.0024793418124318123,0.0025589136546477678
1974,0.002475237939506769,0.0025572090269997717
1975,0.0024722442030906677,0.002555484224576503
1976,0.0024720891378819942,0.00255376142449677
1977,0.0024731389712542295,0.002552051432430744
1978,0.0024702567607164383,0.002550342951435596
1979,0.0024664108641445637,0.002548651983961463
1980,0.002464755205437541,0.002546938485465944
1981,0.0024648974649608135,0.0025452274456620218
1982,0.0024636059533804655,0.002543509027455002
1983,0.002460306044667959,0.002541803459171206
1984,0.002458040602505207,0.002540117318276316
1985,0.002457662019878626,0.0025384097057394683
1986,0.0024560752790421247,0.0025367031642235817
1987,0.00245340121909976,0.0025349887297488748
1988,0.0024517588317394257,0.0025333095248788596
1989,0.0024509746581315994,0.0025316405948251487
1990,0.0024494032841175795,0.002529942139517516
1991,0.0024470787029713392,0.0025282414769753816
1992,0.0024454821832478046,0.0025265626795589924
1993,0.0024442884605377913,0.002524905074387789
1994,0.0024428176693618298,0.002523245322518051
1995,0.002441140590235591,0.0025215774518437682
1996,0.0024391296319663525,0.002519901862833649
1997,0.002437680959701538,0.0025182410958223046
1998,0.0024365242570638657,0.0025165949831716717
1999,0.0024349545128643513,0.0025149529008194806
2000,0.0024338271468877792,0.0025133057590574024
2001,0.002431931672617793,0.0025116500561125576
2002,0.0024300171062350273,0.002510010392870754
2003,0.0024283111561089754,0.002508374368771911
2004,0.0024271635338664055,0.0025067459512501957
2005,0.002427196828648448,0.002505125221796334
2006,0.0024262103252112865,0.0025035031279549004
2007,0.0024245348758995533,0.002501887050457299
2008,0.002421234268695116,0.00250026116380468
2009,0.002419312484562397,0.002498642550781369
2010,0.0024188405368477106,0.0024970306223258375
2011,0.0024174696300178766,0.0024954098416492343
2012,0.0024158309679478407,0.002493788741994649
2013,0.002413588110357523,0.0024921581521630287
2014,0.0024118120782077312,0.0024905472784303127
2015,0.0024109738878905773,0.00248893917305395
2016,0.0024094271939247847,0.0024873300828039645
2017,0.0024077538400888443,0.00248570472933352
2018,0.002405801322311163,0.002484084111638367
2019,0.0024043216835707426,0.002482476010918617
2020,0.0024032732471823692,0.0024808741989545526
2021,0.0024019689299166203,0.002479281194973737
2022,0.0024003982543945312,0.0024776800023391843
2023,0.0023984762374311686,0.0024760754476301373
2024,0.00239680428057909,0.0024744702083989976
2025,0.0023956364020705223,0.0024728818004950883
2026,0.0023945607244968414,0.002471306354273111
2027,0.0023941383697092533,0.002469742624089122
2028,0.002392636612057686,0.0024681701231747868
2029,0.0023909194860607386,0.0024665956036187707
2030,0.0023885013069957495,0.0024650180712342262
2031,0.0023866642732173204,0.002463447966147214
2032,0.0023858831264078617,0.002461887043900788
2033,0.002385001629590988,0.0024603324104100466
2034,0.0023837098851799965,0.0024587821844033898
2035,0.0023814504966139793,0.0024572287127375605
2036,0.002379396930336952,0.002455671662464738
2037,0.002378196455538273,0.0024541173782199623
2038,0.0023771808482706547,0.002452564942650497
2039,0.002376047894358635,0.0024510159669443965
2040,0.0023740078322589397,0.0024494606093503537
2041,0.002372157759964466,0.002447908625472337
2042,0.002370530739426613,0.0024463580688461662
2043,0.0023694781120866537,0.0024448172259144483
2044,0.0023680145386606455,0.0024432768393307922
2045,0.0023665607441216707,0.0024417339940555395
2046,0.0023648380301892757,0.002440186406020075
2047,0.002363325096666813,0.00243863656418398
2048,0.002361746970564127,0.002437091723550111
2049,0.0023607537150382996,0.002435552014503628
2050,0.002359031466767192,0.002434016838669777
2051,0.002357762772589922,0.0024324863543733954
2052,0.002356379758566618,0.002430960340425372
2053,0.0023550279438495636,0.00242943799123168
2054,0.0023533529601991177,0.002427914310246706
2055,0.0023522870615124702,0.0024263967713341115
2056,0.0023507699370384216,0.0024248802685178815
2057,0.0023491475731134415,0.0024233640381135044
2058,0.002347768284380436,0.0024218503036536275
2059,0.0023463608231395483,0.0024203386437147856
2060,0.0023444751277565956,0.002418818555306643
2061,0.0023436022456735373,0.0024172918172553183
2062,0.0023419393692165613,0.002415744380559772
2063,0.0023403463419526815,0.002414199421182275
2064,0.0023394934833049774,0.00241268387529999
2065,0.0023378697223961353,0.002411181414499879
2066,0.0023362552747130394,0.0024096729001030328
2067,0.0023349709808826447,0.002408145717345178
2068,0.002333223819732666,0.0024066083412617443
2069,0.0023315998259931803,0.002405087712686509
2070,0.002330530434846878,0.0024035900714807212
2071,0.00232878839597106,0.002402082900516689
2072,0.002327301073819399,0.0024005479947663846
2073,0.0023261364549398422,0.0023990159411914646
2074,0.0023244451731443405,0.0023975080135278403
2075,0.0023231059312820435,0.002396016630809754
2076,0.002322249114513397,0.002394518230576068
2077,0.0023212796077132225,0.002392999636940658
2078,0.002320585772395134,0.002391502927057445
2079,0.0023199189454317093,0.0023900380078703165
2080,0.0023178141564130783,0.002388568597380072
2081,0.002315468154847622,0.00238707430427894
2082,0.002313407603651285,0.002385572320781648
2083,0.0023124017752707005,0.0023840932780876756
2084,0.002311485353857279,0.0023826277256011963
2085,0.002310266252607107,0.0023811537679284812
2086,0.002309015952050686,0.0023796831746585667
2087,0.0023070969618856907,0.002378220132086426
2088,0.002305255737155676,0.0023767551011405885
2089,0.0023040506057441235,0.0023752858606167137
2090,0.0023029684089124203,0.002373821511864662
2091,0.0023018482606858015,0.002372369207441807
2092,0.00230032904073596,0.0023709176760166885
2093,0.00229879142716527,0.002369462705682963
2094,0.002297325525432825,0.002368007784243673
2095,0.002296114107593894,0.002366557519417256
2096,0.002295085461810231,0.002365117077715695
2097,0.0022939813788980246,0.00236368008190766
2098,0.0022926111705601215,0.0023622409510426225
2099,0.002291272860020399,0.002360804134514183
2100,0.0022898600436747074,0.0023593644634820523
2101,0.0022881184704601765,0.002357926331460476
2102,0.002286603208631277,0.0023564921924844385
2103,0.0022853491827845573,0.0023550625727511943
2104,0.0022843563929200172,0.0023536345013417306
2105,0.0022835414856672287,0.002352197947911918
2106,0.0022829037625342607,0.0023507648822851477
2107,0.002281765453517437,0.002349337188061327
2108,0.0022797961719334126,0.0023479228070937097
2109,0.00227794679813087,0.0023465091502293946
2110,0.002276419894769788,0.0023450849438086153
2111,0.002275254111737013,0.0023436627886258064
2112,0.002274231519550085,0.002342246794141829
2113,0.002273370511829853,0.0023408446181565523
2114,0.002272665034979582,0.0023394531477242708
2115,0.0022713681682944298,0.0023380570905283094
2116,0.0022697849199175835,0.0023366606677882374
2117,0.0022679362446069717,0.0023352624918334185
2118,0.0022662454284727573,0.0023338669328950346
2119,0.002265069866552949,0.0023324744147248566
2120,0.00226425938308239,0.002331084276083857
2121,0.0022634875494986773,0.0023296994622796774
2122,0.0022627022117376328,0.0023283225018531084
2123,0.002261121990159154,0.002326948959380388
2124,0.0022594693582504988,0.0023255756101571022
2125,0.002257850021123886,0.002324197746347636
2126,0.0022562735248357058,0.0023228148743510246
2127,0.002255163388326764,0.0023214251245372
2128,0.002254111459478736,0.0023200398730114104
2129,0.002253013662993908,0.0023186608147807417
2130,0.0022519496269524097,0.0023172952979803084
2131,0.0022507875692099333,0.0023159365309402347
2132,0.002249563578516245,0.0023145733354613183
2133,0.002248177770525217,0.002313205096870661
2134,0.0022466927766799927,0.002311834925785661
2135,0.0022454452700912952,0.002310474873520434
2136,0.002244121627882123,0.0023091221204958857
2137,0.002242845017462969,0.0023077686061151324
2138,0.0022416282445192337,0.0023064130800776184
2139,0.0022403858602046967,0.002305056459736079
2140,0.002239279681816697,0.0023037091782316566
2141,0.002238273387774825,0.00230237033450976
2142,0.002237773034721613,0.0023010427574627103
2143,0.002237609587609768,0.002299724072217941
2144,0.002237319480627775,0.0022984171216376124
2145,0.0022349199280142784,0.0022971007134765385
2146,0.00223239092156291,0.002295776242390275
2147,0.0022310172207653522,0.0022944531636312606
2148,0.002230303827673197,0.002293138732202351
2149,0.0022297236137092113,0.0022918284311890602
2150,0.002228645607829094,0.0022905245725996794
2151,0.0022270141635090113,0.00228921708650887
2152,0.002225238364189863,0.0022879056725651024
2153,0.00222378084436059,0.0022865932015702127
2154,0.0022227317094802856,0.0022852869890630247
2155,0.002221970818936825,0.002283983826637268
2156,0.0022211652249097824,0.0022826877795159815
2157,0.002219896065071225,0.0022813952644355597
2158,0.0022188983857631683,0.002280106565449387
2159,0.0022170371375977993,0.0022788133285939695
2160,0.0022153514437377453,0.002277522091753781
2161,0.0022136010229587555,0.002276222079526633
2162,0.002212062943726778,0.0022749233152717352
2163,0.0022113914601504803,0.002273633766453713
2164,0.0022116939071565866,0.0022723557706922294
2165,0.002211356069892645,0.0022710906341671944
2166,0.0022089877165853977,0.002269817958585918
2167,0.0022065816447138786,0.00226853406522423
2168,0.0022044028155505657,0.0022672458551824095
2169,0.00220370851457119,0.0022659669420681894
2170,0.0022034654393792152,0.0022646962921135127
2171,0.00220229453407228,0.002263431353494525
2172,0.0022001871839165688,0.002262160214595497
2173,0.0021980181336402893,0.002260879031382501
2174,0.0021964884363114834,0.0022595994640141727
2175,0.002195372711867094,0.002258322131820023
2176,0.002194238593801856,0.0022570420266129075
2177,0.002192965941503644,0.002255758889950812
2178,0.002191373147070408,0.0022544667636975645
2179,0.002189645543694496,0.0022531640296801925
2180,0.0021881444845348597,0.0022518673329614105
2181,0.002186767291277647,0.0022505803243257107
2182,0.0021855055820196867,0.0022493013041093943
2183,0.00218447158113122,0.002248022002168
2184,0.0021837477106601,0.002246744625736028
2185,0.0021833819337189198,0.0022454757825471463
2186,0.0021825262811034918,0.002244210885837674
2187,0.002180582843720913,0.002242945744656026
2188,0.002178831258788705,0.0022416814998723568
2189,0.002176777459681034,0.002240408768411726
2190,0.0021756719797849655,0.0022391358041204514
2191,0.002175466623157263,0.002237871987745166
2192,0.002174457535147667,0.0022366132726892828
2193,0.0021740691736340523,0.0022353660501539707
2194,0.0021714293397963047,0.0022341070882976057
2195,0.0021694335155189037,0.0022328402823768557
2196,0.002168528735637665,0.00223157471511513
2197,0.0021672681905329227,0.002230307583231479
2198,0.002166720572859049,0.002229048677254468
2199,0.00216584000736475,0.0022277943487279115
2200,0.0021642218343913555,0.002226537966635078
2201,0.0021630646660923958,0.0022252874285914005
2202,0.002161306096240878,0.0022240344574674963
2203,0.0021599698811769485,0.0022227806644514203
2204,0.002159335184842348,0.0022215304523706438
2205,0.0021576834842562675,0.002220271872356534
2206,0.0021566180512309074,0.0022190090152435006
2207,0.00215590326115489,0.002217750393319875
2208,0.002154028508812189,0.002216492716688663
2209,0.00215357868000865,0.0022152490355074406
2210,0.0021527730859816074,0.002214012567419559
2211,0.0021517660934478045,0.002212777687236667
2212,0.0021512149833142757,0.0022115475218743084
2213,0.002149689942598343,0.0022103107161819935
2214,0.0021482352167367935,0.0022090664179995655
2215,0.002147020772099495,0.0022078229440376162
2216,0.0021451073698699474,0.00220657616853714
2217,0.0021443432196974754,0.0022053402382880448
2218,0.0021435823291540146,0.0022041136072948574
2219,0.0021431702189147472,0.0022028946108184756
2220,0.0021428505424410105,0.0022016805224120617
2221,0.0021407371386885643,0.0022004530183039606
2222,0.0021387869492173195,0.0021992138656787576
2223,0.0021374598145484924,0.002197977243922651
2224,0.002136199502274394,0.00219674454536289
2225,0.002135660033673048,0.0021955226454883816
2226,0.002135195303708315,0.0021943118632771074
2227,0.00213349936529994,0.002193095223046839
2228,0.0021322055254131556,0.0021918761637061833
2229,0.002130666747689247,0.0021906526945531368
2230,0.0021294676698744297,0.002189427874982357
2231,0.0021285186521708965,0.002188205185811967
2232,0.0021281675435602665,0.0021869912254624067
2233,0.0021270038560032845,0.0021857794863171876
2234,0.0021263454109430313,0.0021845760126598178
2235,0.0021254396997392178,0.002183375956956297
2236,0.0021237137261778116,0.002182171877939254
2237,0.0021221605129539967,0.0021809650328941644
2238,0.0021209251135587692,0.0021797580015845597
2239,0.002119877375662327,0.002178552916739136
2240,0.002119008917361498,0.002177350209094584
2241,0.00211851648055017,0.0021761526400223374
2242,0.0021176813170313835,0.002174951722845435
2243,0.0021173080895096064,0.0021737487078644334
2244,0.0021164307836443186,0.002172539820894599
2245,0.0021143315825611353,0.0021713339374400675
2246,0.0021126712672412395,0.002170136740896851
2247,0.0021117671858519316,0.0021689442405477166
2248,0.0021110137458890676,0.002167751339729875
2249,0.002109676133841276,0.002166550864931196
2250,0.002108551561832428,0.002165349924471229
2251,0.002106973435729742,0.0021641495171934367
2252,0.0021065124310553074,0.002162962257862091
2253,0.0021061524748802185,0.0021617859741672875
2254,0.002105104271322489,0.0021606096997857094
2255,0.002104181796312332,0.0021594318095594645
2256,0.002102841855958104,0.002158248575869948
2257,0.002101899590343237,0.002157068611122668
2258,0.002100069774314761,0.0021558803250081838
2259,0.002098811324685812,0.002154698066879064
2260,0.00209797453135252,0.0021535242977552115
2261,0.0020972236525267363,0.0021523605240508915
2262,0.0020962869748473167,0.0021512027643620967
2263,0.002096075564622879,0.002150049605406821
2264,0.0020951235201209784,0.0021488839015364647
2265,0.0020942005794495344,0.0021477123466320334
2266,0.002092537237331271,0.002146547841839492
2267,0.0020911158062517643,0.0021453931834548713
2268,0.002089936286211014,0.0021442485181614756
2269,0.0020901854149997234,0.002143113287165761
2270,0.0020899183582514524,0.0021419778163544833
2271,0.0020895786583423615,0.0021408506575971843
2272,0.0020870172884315252,0.0021397189586423336
2273,0.0020851856097579002,0.00213859063340351
2274,0.0020842296071350574,0.0021374680451117455
2275,0.0020832340233027935,0.0021363466582261024
2276,0.002082510618492961,0.0021352293784730136
2277,0.002081488259136677,0.002134114601649344
2278,0.002080240985378623,0.002133003280032426
2279,0.0020790877752006054,0.0021318977023474872
2280,0.0020781971979886293,0.002130798229482025
2281,0.00207724142819643,0.0021297029708512126
2282,0.0020766458474099636,0.0021286143735051153
2283,0.0020765308290719986,0.002127534965984523
2284,0.002075725933536887,0.002126454748213291
2285,0.0020746076479554176,0.002125367005355656
2286,0.0020724155474454165,0.0021242658980190755
2287,0.0020714588463306427,0.002123174658045173
2288,0.0020705184433609247,0.002122091529890895
2289,0.002069676760584116,0.0021210205228999256
2290,0.0020690890960395336,0.0021199546940624714
2291,0.0020683251786977053,0.002118883279617876
2292,0.002066930988803506,0.0021178080141544342
2293,0.002066288609057665,0.0021167302085086702
2294,0.0020653901156038046,0.0021156698162667453
2295,0.0020646797493100166,0.0021146222786046563
2296,0.002063414780423045,0.0021135711390525102
2297,0.0020619635470211506,0.0021125180926173923
2298,0.0020607146434485912,0.002111458033323288
2299,0.0020596494432538748,0.002110396127682179
2300,0.002058991463854909,0.002109343823976815
2301,0.002057898323982954,0.0021082921605557205
2302,0.0020569185726344585,0.0021072482853196563
2303,0.002055894583463669,0.0021062075323425235
2304,0.002055299933999777,0.0021051671798340975
2305,0.00205446919426322,0.002104135036934167
2306,0.0020535604562610388,0.0021031044609844687
2307,0.002053195144981146,0.002102077379822731
2308,0.0020528417080640793,0.00210106551181525
2309,0.002052703872323036,0.0021000567637383936
2310,0.0020522039849311113,0.002099051072727889
2311,0.0020505874417722225,0.002098039286211133
2312,0.002048733178526163,0.002097014468163252
2313,0.002047061687335372,0.0020959881856106224
2314,0.0020462237298488617,0.0020949680707417428
2315,0.002045515924692154,0.0020939530222676694
2316,0.0020450884476304054,0.002092952833045274
2317,0.0020436462946236134,0.0020919458637945355
2318,0.0020424500107765198,0.0020909345406107606
2319,0.00204142602160573,0.0020899170986376702
2320,0.002040634397417307,0.002088894937187433
2321,0.002039837883785367,0.002087885944638401
2322,0.0020397654734551907,0.00208689572988078
2323,0.00203991262242198,0.0020859202579595146
2324,0.002039691200479865,0.0020849551749415694
2325,0.0020380178466439247,0.0020839787530712783
2326,0.002035578479990363,0.002082982584834099
2327,0.002034176606684923,0.0020819893572479485
2328,0.0020342885982245207,0.002081010187976062
2329,0.002035439945757389,0.0020800579199567438
2330,0.0020352727733552456,0.002079115970991552
2331,0.0020323949865996838,0.0020781547343358396
2332,0.002029764000326395,0.002077170698903501
2333,0.0020296755246818066,0.0020761974155902863
2334,0.0020303388591855764,0.002075237350072712
2335,0.0020295106805860996,0.0020742780598811805
2336,0.0020270845852792263,0.0020733117684721947
2337,0.002025360008701682,0.0020723437634296714
2338,0.002024939749389887,0.002071383909787983
2339,0.0020248948130756617,0.002070434084162116
2340,0.002024325542151928,0.0020694872504100205
2341,0.0020221960730850697,0.0020685240463353695
2342,0.0020207283087074757,0.00206755451625213
2343,0.0020209988579154015,0.0020665914239361882
2344,0.002021700842306018,0.0020656441245228054
2345,0.002021106891334057,0.0020647118776105345
2346,0.0020186409819871187,0.002063771574757993
2347,0.0020164018496870995,0.002062817921396345
2348,0.002016371116042137,0.0020618714950978757
2349,0.0020171767100691795,0.0020609465008601547
2350,0.002017420018091798,0.0020600351854227483
2351,0.002014533616602421,0.002059110787231475
2352,0.0020119533874094486,0.0020581651967950167
2353,0.0020133936777710915,0.0020572376088239253
2354,0.0020146812312304974,0.002056333378423005
2355,0.0020137387327849865,0.0020554289477877317
2356,0.0020095647778362036,0.002054496177006513
2357,0.0020087603479623795,0.0020535647845827043
2358,0.0020119694527238607,0.0020526837813667955
2359,0.002010646741837263,0.00205180213553831
2360,0.002007237868383527,0.00205089476890862
2361,0.0020047840662300587,0.0020499703730456533
2362,0.0020070751197636127,0.002049078254494816
2363,0.0020066937431693077,0.0020481844362802803
2364,0.002003054367378354,0.002047263744752854
2365,0.00200142920948565,0.0020463360310532153
2366,0.002002330729737878,0.0020454339659772814
2367,0.002002245280891657,0.00204454526072368
2368,0.001999820349738002,0.00204364410135895
2369,0.0019978759810328484,0.0020427210070192814
2370,0.0019976128824055195,0.002041797952260822
2371,0.001997515559196472,0.002040877321269363
2372,0.0019957181066274643,0.0020399643294513226
2373,0.0019939839839935303,0.002039052313193679
2374,0.0019932743161916733,0.002038142760284245
2375,0.0019926081877201796,0.002037236501928419
2376,0.0019921681378036737,0.002036333077121526
2377,0.0019908174872398376,0.0020354263694025575
2378,0.0019898368045687675,0.002034522327594459
2379,0.001988675445318222,0.002033618204295635
2380,0.0019880954641848803,0.0020327171869575977
2381,0.0019876325968652964,0.0020318210986442864
2382,0.0019879259634763002,0.0020309338998049497
2383,0.00198735436424613,0.002030042135156691
2384,0.0019851988181471825,0.002029136864002794
2385,0.001983716618269682,0.0020282279537059368
2386,0.001983626512810588,0.0020273400633595883
2387,0.0019840789027512074,0.002026466263923794
2388,0.001983554335311055,0.0020255966228432953
2389,0.0019810087978839874,0.002024709943216294
2390,0.0019797564018517733,0.0020238166162744164
2391,0.0019796337001025677,0.002022929701488465
2392,0.001980214612558484,0.002022062537726015
2393,0.001979223685339093,0.0020211918884888293
2394,0.001977049745619297,0.002020308484788984
2395,0.001975643215700984,0.0020194181194528936
2396,0.0019751563668251038,0.002018535535316914
2397,0.0019744245801120996,0.0020176601456478238
2398,0.001973655540496111,0.002016789554618299
2399,0.0019729062914848328,0.0020159221231006086
2400,0.001971741672605276,0.0020150496251881123
2401,0.0019709793850779533,0.002014180435799062
2402,0.001970023848116398,0.0020133114885538816
2403,0.0019691255874931812,0.002012443798594177
2404,0.0019680121913552284,0.0020115709211677314
2405,0.0019676985684782267,0.0020107032149098815
2406,0.001967488555237651,0.0020098424958996473
2407,0.0019676201045513153,0.002008986745495349
2408,0.0019663269631564617,0.002008121598046273
2409,0.001964554423466325,0.002007240103557706
2410,0.0019632820039987564,0.0020063508837483823
2411,0.001962917624041438,0.0020054741855710743
2412,0.001962681533768773,0.0020046136691235007
2413,0.0019624982960522175,0.002003768035210669
2414,0.0019612235482782125,0.0020029180333949624
2415,0.001959670102223754,0.0020020595751702786
2416,0.0019587967544794083,0.0020011966582387684
2417,0.0019578984938561916,0.0020003391802310942
2418,0.001957426080480218,0.001999488940928131
2419,0.0019561978988349438,0.0019986366597004234
2420,0.0019559089560061693,0.001997789405286312
2421,0.001955143641680479,0.0019969424628652633
2422,0.001954981591552496,0.0019960946240462365
2423,0.001954547129571438,0.001995240969117731
2424,0.001952576800249517,0.0019943698251154275
2425,0.001951352576725185,0.00199350317241624
2426,0.0019504206720739603,0.001992651594337076
2427,0.001949426019564271,0.0019918040884658694
2428,0.0019484796794131398,0.0019909459992777556
2429,0.0019477633759379387,0.001990069233579561
2430,0.001947267446666956,0.001989189180312678
2431,0.0019467065576463938,0.0019883322960231454
2432,0.001946140080690384,0.001987496056826785
2433,0.0019445130601525307,0.0019866444321814925
2434,0.0019431221298873425,0.0019857722648885102
2435,0.00194225471932441,0.0019848997052758933
2436,0.0019423491321504116,0.0019840523507446053
2437,0.0019421770703047514,0.0019832205213606356
2438,0.0019419514574110508,0.0019823906384408476
2439,0.0019400236196815968,0.0019815419265069066
2440,0.0019380092853680253,0.001980678763939068
2441,0.0019373026443645358,0.001979829829651862
2442,0.0019373847171664238,0.0019789963937364517
2443,0.00193698366638273,0.001978156241821125
2444,0.0019360915757715702,0.0019773001491557806
2445,0.0019341660663485527,0.0019764307409059255
2446,0.0019326290348544717,0.0019755706214345994
2447,0.001932220533490181,0.00197472880827263
2448,0.0019321863073855639,0.001973886960186064
2449,0.0019316435791552067,0.0019730316288769246
2450,0.0019301435677334666,0.001972158864373341
2451,0.0019283859292045236,0.0019712973874993624
2452,0.0019276905804872513,0.0019704547594301403
2453,0.00192746939137578,0.001969595516566187
2454,0.001926932018250227,0.0019687180244363843
2455,0.0019259187392890453,0.001967839824501425
2456,0.00192440883256495,0.0019669882650487124
2457,0.001923198695294559,0.0019661326485220345
2458,0.001922700204886496,0.0019652399560436606
2459,0.0019223252311348915,0.001964356740936637
2460,0.0019209859892725945,0.0019634942221455278
2461,0.0019200111273676157,0.001962646492756903
2462,0.0019191652536392212,0.0019617673940956594
2463,0.001918029855005443,0.0019608807552140206
2464,0.0019173480104655027,0.001960023691644892
2465,0.0019170120358467102,0.0019591795199085027
2466,0.0019162478856742382,0.001958318691467866
2467,0.0019159887451678514,0.0019574561261106282
2468,0.0019154113251715899,0.001956612035864964
2469,0.001913676387630403,0.0019557700399309395
2470,0.0019124464597553015,0.0019549183757044375
2471,0.001912070787511766,0.0019540639279875902
2472,0.0019108712440356612,0.0019532154593616723
2473,0.001910294173285365,0.0019523785612545908
2474,0.0019095703028142452,0.0019515415211208164
2475,0.0019084305968135595,0.0019506997452117503
2476,0.001907906262204051,0.001949857126455754
2477,0.001907095080241561,0.0019490199023857713
2478,0.0019058953039348125,0.0019481804873794318
2479,0.0019052186980843544,0.001947345919907093
2480,0.001904428587295115,0.0019465092511381954
2481,0.0019033584976568818,0.0019456665101461113
2482,0.0019028052920475602,0.0019448153034318238
2483,0.001902677584439516,0.0019439685356337577
2484,0.001902414602227509,0.001943140693474561
2485,0.0019027212401852012,0.0019423307396937161
2486,0.0019011693075299263,0.0019415061676409096
2487,0.0018993354169651866,0.0019406587327830494
2488,0.0018981851171702147,0.001939805040601641
2489,0.0018972581019625068,0.001938967533642426
2490,0.0018970234086737037,0.0019381402037106454
2491,0.001896520727314055,0.0019373090739827604
2492,0.0018955465639010072,0.0019364623934961856
2493,0.001894526882097125,0.001935615425463766
2494,0.0018934299005195498,0.0019347792270127684
2495,0.0018923539901152253,0.0019339463347569107
2496,0.0018917424604296684,0.0019331121956929565
2497,0.0018912442028522491,0.001932280391920358
2498,0.001890890416689217,0.001931452740682289
2499,0.0018902142765000463,0.001930625820532441
2500,0.0018893684027716517,0.001929802087834105
2501,0.001888409024104476,0.0019289763842243702
2502,0.0018871350912377238,0.0019281474966555835
2503,0.0018864772282540798,0.0019273210130631923
2504,0.001885675359517336,0.0019264976447448134
2505,0.0018856186652556062,0.0019256768457125873
2506,0.001885478850454092,0.0019248567486647517
2507,0.0018849900225177407,0.0019240304478444158
2508,0.0018838036339730024,0.0019232052145525813
2509,0.0018822232959792018,0.0019223819032777101
2510,0.001881201402284205,0.0019215610972605646
2511,0.0018806196749210358,0.0019207381177693606
2512,0.0018807498272508383,0.0019199188007041812
2513,0.0018795642536133528,0.0019190894602797925
2514,0.0018784967251121998,0.0019182621920481324
2515,0.0018771463073790073,0.001917436954099685
2516,0.0018765244167298079,0.001916614230722189
2517,0.0018761807586997747,0.0019157970533706249
2518,0.0018760502571240067,0.0019149832951370627
2519,0.0018752908799797297,0.0019141742249485106
2520,0.0018741972744464874,0.0019133571081329137
2521,0.0018727639690041542,0.0019125333114061505
2522,0.0018718187930062413,0.001911701683420688
2523,0.001871247310191393,0.0019108686852268874
2524,0.001871242537163198,0.0019100553425960244
2525,0.0018705613911151886,0.0019092474307399244
2526,0.001869766740128398,0.0019084408914204687
2527,0.0018684669630602002,0.001907631300855428
2528,0.001867368584498763,0.0019068201899062843
2529,0.0018665131647139788,0.0019060076877940445
2530,0.0018661434296518564,0.0019051964476238935
2531,0.0018656288739293814,0.0019043856707867235
2532,0.0018649023259058595,0.0019035732932388783
2533,0.0018644413212314248,0.0019027725758496673
2534,0.001863498124293983,0.0019019763357937336
2535,0.001862604869529605,0.0019011798372957855
2536,0.0018615368753671646,0.0019003717147279531
2537,0.0018606145167723298,0.001899556089192629
2538,0.0018600705079734325,0.0018987372796982526
2539,0.0018599884351715446,0.0018979369278531522
2540,0.0018595611909404397,0.0018971524469088763
2541,0.0018587398808449507,0.0018963668192736804
2542,0.001857326366007328,0.0018955662357620895
2543,0.0018561717588454485,0.0018947581166867166
2544,0.0018550149397924542,0.0018939473503269254
2545,0.0018544894410297275,0.0018931505840737372
2546,0.0018540405435487628,0.0018923646991606802
2547,0.0018536488059908152,0.0018915789818856866
2548,0.0018529716180637479,0.0018907868349924684
2549,0.0018520086305215955,0.0018899904855061323
2550,0.0018507615895941854,0.0018891966657247393
2551,0.0018495082622393966,0.0018884078890550882
2552,0.00184891396202147,0.0018876201228704304
2553,0.0018480044091120362,0.001886825473047793
2554,0.0018478806596249342,0.00188603495946154
2555,0.0018467593472450972,0.0018852433655411004
2556,0.0018459020648151636,0.0018844582978636026
2557,0.0018451473442837596,0.0018836777843534947
2558,0.0018441079882904887,0.0018828918621875345
2559,0.0018432517535984516,0.0018821011274121702
2560,0.0018429807387292385,0.0018813210749067367
2561,0.0018424157751724124,0.0018805451213847846
2562,0.0018420591950416565,0.001879774060798809
2563,0.0018417674582451582,0.001879011436831206
2564,0.0018403297290205956,0.001878241254016757
2565,0.00183914415538311,0.001877462575212121
2566,0.0018383467104285955,0.0018766835634596646
2567,0.0018377680098637938,0.001875901356106624
2568,0.001837428193539381,0.001875121524790302
2569,0.0018368613673374057,0.001874353374587372
2570,0.0018360079266130924,0.0018735889892559498
2571,0.001834835740737617,0.0018728166387882083
2572,0.001833809190429747,0.0018720460182521492
2573,0.0018331639003008604,0.0018712747155223042
2574,0.0018326622666791081,0.0018705056351609529
2575,0.0018324104603379965,0.0018697454337961972
2576,0.001831769128330052,0.0018689840624574571
2577,0.001831330475397408,0.0018682264164090157
2578,0.0018303818069398403,0.001867471281439066
2579,0.001829220331273973,0.001866711297770962
2580,0.0018282156670466065,0.001865949168568477
2581,0.0018276453483849764,0.001865192037075758
2582,0.0018270279979333282,0.0018644342641346158
2583,0.001826798776164651,0.001863675476051867
2584,0.0018264056416228414,0.0018629153864458204
2585,0.0018250608118250966,0.0018621387821622193
2586,0.0018244298407807946,0.001861371387494728
2587,0.0018242255318909883,0.001860620288643986
2588,0.0018229905981570482,0.0018598683434538543
2589,0.0018235343741253018,0.0018591311061754822
2590,0.0018232528818771243,0.0018583934009075165
2591,0.0018213622970506549,0.0018576418166048824
2592,0.0018214605515822768,0.0018569009564816951
2593,0.0018196040764451027,0.0018561517284251749
2594,0.0018192781135439873,0.0018554102105554193
2595,0.0018198745092377067,0.0018546854157466442
2596,0.0018192126881331205,0.0018539601180236787
2597,0.0018177918391302228,0.0018532255943864585
2598,0.0018166290828958154,0.0018524829810485244
2599,0.0018154437420889735,0.0018517352757044137
2600,0.0018157794838771224,0.0018509993865154684
2601,0.0018152811098843813,0.0018502681073732674
2602,0.0018136405851691961,0.0018495331623125822
2603,0.0018128255615010858,0.0018487966456450522
2604,0.0018120839959010482,0.0018480607320088894
2605,0.001811798894777894,0.0018473225343041122
2606,0.001811878988519311,0.0018465865356847644
2607,0.0018106399802491069,0.001845843035262078
2608,0.0018098994623869658,0.0018451039935462176
2609,0.00180902355350554,0.0018443719961214811
2610,0.0018079103901982307,0.0018436390860006213
2611,0.0018077625427395105,0.001842910514678806
2612,0.0018077087588608265,0.001842180103994906
2613,0.0018071644008159637,0.001841456105466932
2614,0.0018057913985103369,0.0018407290522009134
2615,0.0018048032652586699,0.00184000562177971
2616,0.0018037727568298578,0.0018392781051807105
2617,0.0018042550655081868,0.0018385588482487947
2618,0.0018029824132099748,0.0018378281698096543
2619,0.0018022176809608936,0.001837097437819466
2620,0.0018013895023614168,0.0018363693600986152
2621,0.0018006865866482258,0.001835648586275056
2622,0.0017998244147747755,0.0018349286424927413
2623,0.0018000375712290406,0.0018342165451031179
2624,0.0017995680682361126,0.001833499800413847
2625,0.001799043850041926,0.0018327846250031144
2626,0.0017981008859351277,0.0018320679664611816
2627,0.0017968234606087208,0.0018313515314366668
2628,0.0017957731615751982,0.001830635577207431
2629,0.0017954543000087142,0.0018299249885603787
2630,0.0017948984168469906,0.00182921253843233
2631,0.001794640440493822,0.0018285026540979742
2632,0.0017943896818906069,0.0018277975276578219
2633,0.0017930824542418122,0.0018270839389879256
2634,0.0017920127138495445,0.0018263690848834813
2635,0.0017921729013323784,0.001825664765201509
2636,0.0017907065339386463,0.0018249564617872239
2637,0.0017906487919390202,0.0018242568045388908
2638,0.0017903301632031798,0.0018235594010911882
2639,0.0017894048942252994,0.0018228535656817258
2640,0.001788496389053762,0.001822142917662859
2641,0.0017878487706184387,0.001821434006560594
2642,0.0017867725109681487,0.001820728468010202
2643,0.001786600099876523,0.0018200327514205127
2644,0.0017854890320450068,0.0018193374923430384
2645,0.0017848132411018014,0.001818640730343759
2646,0.0017842837842181325,0.0018179431627504527
2647,0.0017836327897384763,0.0018172430025879293
2648,0.0017826472176238894,0.0018165397585835309
2649,0.0017827177653089166,0.001815846849931404
2650,0.0017816844629123807,0.001815156078664586
2651,0.0017808249685913324,0.0018144692457281054
2652,0.0017807073891162872,0.0018137871799990535
2653,0.0017795278690755367,0.0018131024145986885
2654,0.0017790495185181499,0.0018124141031876206
2655,0.001778467558324337,0.0018117311852984131
2656,0.0017777145840227604,0.001811049310490489
2657,0.0017771344864740968,0.0018103691819123923
2658,0.0017766280798241496,0.001809694382827729
2659,0.0017755951266735792,0.0018090178165584803
2660,0.0017746612429618835,0.0018083346216008066
2661,0.0017739348113536835,0.0018076498119626195
2662,0.0017730947583913803,0.0018069601675961167
2663,0.0017726507503539324,0.0018062690005172044
2664,0.001772350980900228,0.0018055892130360008
2665,0.0017722330521792173,0.0018049201020039617
2666,0.001771551906131208,0.001804252153960988
2667,0.0017704323399811983,0.001803578797262162
2668,0.001769132330082357,0.0018028958386275917
2669,0.0017682192847132683,0.0018022094178013503
2670,0.001768347341567278,0.0018015328119508922
2671,0.0017677827272564173,0.0018008622818160803
2672,0.0017669163644313812,0.0018001933535560966
2673,0.0017661002930253744,0.0017995227174833416
2674,0.0017646735068410635,0.0017988428298849612
2675,0.0017638979479670525,0.0017981577047612518
2676,0.0017632308881729841,0.001797472322359681
2677,0.0017627723282203078,0.0017967867408879101
2678,0.001762049039825797,0.0017961034132167697
2679,0.0017618687124922872,0.001795429897028953
2680,0.0017606146866455674,0.0017947538872249424
2681,0.0017596520483493805,0.0017940739542245865
2682,0.001758575439453125,0.0017933894286397845
2683,0.001757655176334083,0.0017926979926414788
2684,0.0017569859046489,0.0017920037952717394
2685,0.0017566521419212222,0.0017913197085727007
2686,0.001756460522301495,0.0017906400153879076
2687,0.0017558119725435972,0.0017899558797944337
2688,0.0017549385083839297,0.0017892753588967026
2689,0.0017538049723953009,0.0017885780648794025
2690,0.0017523863352835178,0.0017878693994134664
2691,0.0017515961080789566,0.0017871717375237495
2692,0.0017509793397039175,0.0017864669254049658
2693,0.0017504539573565125,0.00178577542421408
2694,0.0017500401008874178,0.0017850830440875143
2695,0.001749452785588801,0.0017843788268510252
2696,0.0017482562689110637,0.0017836692626588047
2697,0.001747416565194726,0.0017829655099194496
2698,0.0017465308774262667,0.0017822645278647543
2699,0.0017455484485253692,0.0017815655749291181
2700,0.0017456789501011372,0.0017808645695913583
2701,0.0017449132865294814,0.0017801608913578092
2702,0.0017442118842154741,0.0017794666043482721
2703,0.0017438353970646858,0.001778776702703908
2704,0.0017422932432964444,0.0017780787951778621
2705,0.0017413500463590026,0.001777374306693673
2706,0.0017407434061169624,0.0017766629508696495
2707,0.0017400381620973349,0.001775956932688132
2708,0.001739791128784418,0.0017752558493521065
2709,0.0017394301248714328,0.0017745599150657653
2710,0.0017384658567607403,0.0017738654697313904
2711,0.001737784594297409,0.0017731656902469695
2712,0.0017364490777254105,0.0017724530934356154
2713,0.0017356290481984615,0.0017717377399094404
2714,0.001734997844323516,0.001771029804367572
2715,0.0017346478998661041,0.0017703282507136465
2716,0.001734426710754633,0.0017696347902528941
2717,0.0017336176242679358,0.0017689284158404917
2718,0.0017322609201073647,0.0017682212009094657
2719,0.0017316630110144615,0.0017675156542100012
2720,0.0017312630079686642,0.0017668143892660736
2721,0.0017305617220699787,0.0017661131406202912
2722,0.0017305512446910143,0.0017654204089194536
2723,0.0017294450663030148,0.0017647144838701934
2724,0.0017285271314904094,0.0017640040745027362
2725,0.0017275610007345676,0.0017632892460096626
2726,0.0017265069764107466,0.001762573306914419
2727,0.0017260588938370347,0.001761865661246702
2728,0.0017259713495150208,0.0017611676431261002
2729,0.0017254154663532972,0.0017604672547895462
2730,0.0017246773932129145,0.0017597650445532055
2731,0.0017239315202459693,0.0017590579553507268
2732,0.0017227050848305225,0.001758341109380126
2733,0.00172183767426759,0.0017576286615803838
2734,0.001721337903290987,0.0017569219134747982
2735,0.0017210355727002025,0.0017562105401884764
2736,0.0017208225326612592,0.0017555117001757025
2737,0.0017202853923663497,0.0017548080661799758
2738,0.00171920086722821,0.0017540967732202263
2739,0.0017184370663017035,0.0017533870949409903
2740,0.001717380597256124,0.0017526759370230138
2741,0.0017168615013360977,0.0017519660643301905
2742,0.0017171665094792843,0.0017512700043153017
2743,0.0017159353010356426,0.001750563356326893
2744,0.0017157556721940637,0.0017498660227283835
2745,0.0017146668396890163,0.0017491645587142557
2746,0.0017135170055553317,0.0017484568909276277
2747,0.001713310950435698,0.0017477536725346
2748,0.0017124144360423088,0.001747051344718784
2749,0.0017119754338636994,0.001746343921404332
2750,0.0017116433009505272,0.0017456435097847134
2751,0.0017109249019995332,0.0017449445091187953
2752,0.001710462267510593,0.0017442420579027384
2753,0.0017096472438424826,0.001743543251650408
2754,0.0017086408333852887,0.0017428391647990793
2755,0.0017082869308069348,0.0017421373585239054
2756,0.0017071652691811323,0.001741431865375489
2757,0.001706587616354227,0.0017407263966742904
2758,0.0017061388352885842,0.0017400215042289347
2759,0.0017052108887583017,0.0017393176618497818
2760,0.0017050490714609623,0.0017386215401347727
2761,0.0017048214795067906,0.0017379304068163037
2762,0.0017045966815203428,0.0017372454260475934
2763,0.0017048218287527561,0.0017365671368315815
2764,0.0017032348550856113,0.0017358759755734354
2765,0.001702035078778863,0.001735173995839432
2766,0.0017005684785544872,0.0017344641615636646
2767,0.0017002054955810308,0.001733761893119663
2768,0.001700082328170538,0.0017330713931005448
2769,0.0016997444909065962,0.0017323866451624782
2770,0.0016991354059427977,0.0017316945258062334
2771,0.0016980292275547981,0.001730996990809217
2772,0.0016969498246908188,0.0017302973254118114
2773,0.001696089981123805,0.0017295972222927958
2774,0.0016954687889665365,0.0017289051751140504
2775,0.0016954503953456879,0.0017282206995878368
2776,0.0016951037105172873,0.0017275394278112798
2777,0.0016950720455497503,0.0017268624249845742
2778,0.0016941409558057785,0.001726183344144374
2779,0.001692941877990961,0.0017254940757993609
2780,0.0016914198640733957,0.0017248021275736393
2781,0.0016906887758523226,0.0017241124948486686
2782,0.0016904931981116533,0.0017234316724352538
2783,0.0016904661897569895,0.0017227597825694829
2784,0.0016904943622648716,0.0017220948671456426
2785,0.0016893565189093351,0.0017214219109155237
2786,0.001688099349848926,0.001720738299190998
2787,0.0016868675593286753,0.0017200488550588489
2788,0.0016858549788594246,0.0017193580197636038
2789,0.001685827155597508,0.0017186782415956258
2790,0.001685430994257331,0.001718008688185364
2791,0.001684627728536725,0.0017173390043899418
2792,0.001684011542238295,0.0017166693264152855
2793,0.0016827236395329237,0.0017159920232370496
2794,0.0016817026771605015,0.0017153086489997804
2795,0.0016813024412840605,0.001714627145556733
2796,0.0016806739149615169,0.0017139513220172375
2797,0.0016807395732030272,0.0017132845520973206
2798,0.0016810939414426684,0.0017126301827374846
2799,0.0016803992912173271,0.0017119786911644042
2800,0.0016787390923127532,0.0017113092925865204
2801,0.0016773681854829192,0.0017106338415760548
2802,0.0016763971652835608,0.0017099556943867356
2803,0.0016760119469836354,0.001709277459885925
2804,0.001676411833614111,0.0017086186457891017
2805,0.0016759805148467422,0.0017079649504739792
2806,0.0016747595509514213,0.0017073051119223237
2807,0.0016735278768464923,0.0017066400090698154
2808,0.001672352897003293,0.001705965626752004
2809,0.0016721077263355255,0.0017052924027666449
2810,0.0016722077270969748,0.0017046298214700073
2811,0.001672050915658474,0.0017039724846836179
2812,0.0016713036457076669,0.0017033210303634405
2813,0.0016699220286682248,0.0017026639601681382
2814,0.001668488490395248,0.0017019988666288554
2815,0.0016678045503795147,0.0017013304331339896
2816,0.0016676378436386585,0.0017006625444628298
2817,0.0016673635691404343,0.0017000000039115548
2818,0.0016667649615556002,0.001699345044326037
2819,0.0016662267735227942,0.0016986906819511205
2820,0.0016650339821353555,0.0016980283916927874
2821,0.001664050854742527,0.001697363283019513
2822,0.001663529546931386,0.0016966930660419167
2823,0.0016634768107905984,0.0016960333834867925
2824,0.0016637385124340653,0.001695385497296229
2825,0.001663213362917304,0.0016947420209180563
2826,0.0016619492089375854,0.0016940964432433248
2827,0.0016606830758973956,0.0016934426850639284
2828,0.00165949622169137,0.001692777933785692
2829,0.001659260829910636,0.0016921163874212652
2830,0.0016591991297900677,0.0016914616047870369
2831,0.0016592033207416534,0.0016908143227919936
2832,0.001658221473917365,0.001690169486682862
2833,0.0016566768754273653,0.0016895178786944598
2834,0.0016559893265366554,0.0016888643929269165
2835,0.0016554980538785458,0.0016882090177386998
2836,0.0016555393813177943,0.0016875561862252652
2837,0.0016552945598959923,0.0016869062779005617
2838,0.001654422958381474,0.0016862584988120944
2839,0.0016532172448933125,0.0016856063005980103
2840,0.0016519998898729682,0.001684952493524179
2841,0.0016515189781785011,0.001684299068292603
2842,0.0016512968577444553,0.0016836403717752546
2843,0.0016509485431015491,0.0016829905041959136
2844,0.0016503117512911558,0.0016823360649868846
2845,0.0016493038274347782,0.0016816824348643421
2846,0.0016485668020322919,0.0016810329328291118
2847,0.00164800975471735,0.0016803799208719283
2848,0.0016470634145662189,0.0016797264106571674
2849,0.0016469156835228205,0.0016790758131537587
2850,0.0016462067142128944,0.0016784214472863822
2851,0.0016456479206681252,0.0016777686774730682
2852,0.0016454503638669848,0.0016771185584366322
2853,0.0016446021618321538,0.001676468107616529
2854,0.0016443917993456125,0.001675825617276132
2855,0.0016439645551145077,0.0016751823935192078
2856,0.0016427193768322468,0.001674537934595719
2857,0.0016421966720372438,0.001673894025152549
2858,0.001641309936530888,0.0016732457361649722
2859,0.0016406592912971973,0.0016726002201903612
2860,0.0016407655784860253,0.0016719573852606118
2861,0.0016404755879193544,0.0016713139263447375
2862,0.0016398830339312553,0.0016706667898688464
2863,0.0016390362288802862,0.0016700089338701218
2864,0.0016380848828703165,0.0016693574341479689
2865,0.001637004315853119,0.0016687071265187115
2866,0.0016365534393116832,0.0016680669761262835
2867,0.001635667635127902,0.0016674215975217522
2868,0.0016355925472453237,0.0016667766997125
2869,0.0016352696111425757,0.0016661319509148598
2870,0.0016347626224160194,0.001665488223079592
2871,0.0016346111660823226,0.0016648540424648672
2872,0.001633554813452065,0.0016642200923524797
2873,0.001632751664146781,0.0016635867091827094
2874,0.0016320515424013138,0.0016629525367170572
2875,0.0016308417543768883,0.0016623064503073692
2876,0.0016305868048220873,0.0016616612812504173
2877,0.001630314509384334,0.001661013705888763
2878,0.0016293555963784456,0.0016603658522944898
2879,0.0016291174106299877,0.00165972760762088
2880,0.0016279870178550482,0.0016590932791586965
2881,0.0016273397486656904,0.0016584597888868301
2882,0.001627000281587243,0.001657824859721586
2883,0.001626115059480071,0.001657181348418817
2884,0.0016260846750810742,0.001656537251546979
2885,0.0016257711686193943,0.0016559013980440795
2886,0.0016252484638243914,0.0016552728891838342
2887,0.0016250528860837221,0.0016546547424513846
2888,0.0016239366959780455,0.0016540355596225708
2889,0.001623287913389504,0.0016534101672004908
2890,0.0016223727725446224,0.0016527795849833637
2891,0.0016210877802222967,0.0016521441855002195
2892,0.001620947616174817,0.0016515135462395847
2893,0.0016204812563955784,0.0016508911224082112
2894,0.0016202277038246393,0.0016502763726748526
2895,0.0016198563389480114,0.0016496619116514921
2896,0.0016190647147595882,0.0016490458196494729
2897,0.0016180542297661304,0.0016484189662151038
2898,0.0016174300108104944,0.0016477823269087821
2899,0.0016164301196113229,0.001647142635192722
2900,0.0016161317471414804,0.0016465165617410094
2901,0.001615229994058609,0.0016458951798267662
2902,0.0016147511778399348,0.00164527871995233
2903,0.0016145152039825916,0.0016446637525223196
2904,0.0016136274207383394,0.0016440359083935618
2905,0.001613540225662291,0.0016434115055017173
2906,0.0016127696726471186,0.0016427916067186742
2907,0.001612147781997919,0.0016421778057701885
2908,0.0016115066828206182,0.0016415693436283617
2909,0.0016108488198369741,0.0016409567545633762
2910,0.0016098059713840485,0.001640332737006247
2911,0.0016091067809611559,0.001639703295659274
2912,0.0016084261005744338,0.0016390745202079415
2913,0.0016077220207080245,0.0016384525201283396
2914,0.0016074827872216702,0.0016378424630966038
2915,0.0016070428537204862,0.0016372348461300135
2916,0.0016065970994532108,0.001636624438688159
2917,0.0016059925546869636,0.0016360107285436243
2918,0.00160510023124516,0.0016353940812405198
2919,0.0016043120995163918,0.0016347749345004558
2920,0.0016031013801693916,0.0016341556084807961
2921,0.0016023279167711735,0.0016335383791010827
2922,0.0016017723828554153,0.001632920807460323
2923,0.001601307769306004,0.001632299117045477
2924,0.0016007894882932305,0.0016316696268040686
2925,0.0016005684155970812,0.0016310431773308666
2926,0.0016004726057872176,0.0016304284112993628
2927,0.0015994887799024582,0.0016298164683394133
2928,0.0015986666548997164,0.001629208172671497
2929,0.0015973594272509217,0.0016285891586448997
2930,0.0015966030769050121,0.0016279631981160492
2931,0.0015959072625264525,0.0016273302375338972
2932,0.001595902955159545,0.001626707052346319
2933,0.0015953904949128628,0.001626094188541174
2934,0.001595161622390151,0.001625485911499709
2935,0.001594029599800706,0.0016248712269589306
2936,0.001593717490322888,0.0016242530080489814
2937,0.0015923904720693827,0.0016236239671707153
2938,0.0015918866265565157,0.0016229986038524657
2939,0.001590970205143094,0.0016223761334549635
2940,0.0015909355133771896,0.0016217654896900058
2941,0.0015905642649158835,0.0016211559425573796
2942,0.0015900556463748217,0.0016205435304436832
2943,0.001589169492945075,0.0016199257399421186
2944,0.0015882159350439906,0.0016193047817796469
2945,0.0015873066149652004,0.0016186848096549512
2946,0.0015867081237956882,0.001618066222872585
2947,0.0015860350104048848,0.0016174464754294604
2948,0.0015856390818953514,0.0016168322321027516
2949,0.0015850572381168604,0.001616213647648692
2950,0.0015849729534238577,0.0016156013100408018
2951,0.0015874687815085053,0.0016150195186492055
2952,0.0015893238596618176,0.001614458253607154
2953,0.001594223314896226,0.0016139544651377945
2954,0.001588490093126893,0.0016133954480756073
2955,0.0015836242819204926,0.0016127920453436672
2956,0.0015814021462574601,0.0016121788730379194
2957,0.0015822472050786018,0.001611579378368333
2958,0.0015869735507294536,0.0016110360145103187
2959,0.0015840046107769012,0.0016104694677051157
2960,0.0015828559407964349,0.0016098903713282198
2961,0.0015790249453857541,0.0016092758649028838
2962,0.001578685943968594,0.0016086638940032573
2963,0.0015806491719558835,0.0016080800234340132
2964,0.0015794066712260246,0.0016074932413175703
2965,0.001576850889250636,0.0016068917070515454
2966,0.0015755444765090942,0.0016062816174235194
2967,0.0015771714970469475,0.00160569665604271
2968,0.001575956353917718,0.0016051002941094338
2969,0.0015739502850919962,0.001604487100848928
2970,0.0015730166342109442,0.0016038696409668774
2971,0.0015735547058284283,0.0016032590763643384
2972,0.0015724783297628164,0.001602648311527446
2973,0.001574610942043364,0.0016020669043064117
2974,0.0015706007834523916,0.0016014523967169225
2975,0.001570240710861981,0.0016008463862817734
2976,0.0015695698093622923,0.0016002362163271755
2977,0.0015703474637120962,0.0015996365458704532
2978,0.0015677232295274734,0.0015990202222019433
2979,0.0015669253189116716,0.0015983983012847602
2980,0.001567975152283907,0.001597798182629049
2981,0.0015716641210019588,0.0015972414263524116
2982,0.0015679810894653201,0.0015966512344311923
2983,0.0015645172679796815,0.0015960352565161885
2984,0.0015695206820964813,0.0015954696165863425
2985,0.0015730253653600812,0.0015949421585537494
2986,0.001573244808241725,0.0015944221219979227
2987,0.0015625861706212163,0.0015937974548432977
2988,0.0015625525265932083,0.0015931836131494492
2989,0.001564514241181314,0.0015925958764273673
2990,0.0015615429729223251,0.0015919875784311443
2991,0.0015601316699758172,0.0015913780173286796
2992,0.001558338524773717,0.0015907519264146686
2993,0.0015593798598274589,0.0015901409124489873
2994,0.0015614723088219762,0.0015895533584989608
2995,0.0015594216529279947,0.0015889490116387606
2996,0.0015562358312308788,0.0015883207228034734
2997,0.0015575899742543697,0.0015877160802483558
2998,0.0015576398000121117,0.001587118178140372
2999,0.001558925025165081,0.0015865431271959096
3000,0.0015549147501587868,0.0015859309572260826
3001,0.0015549850650131702,0.0015853285079356282
3002,0.0015596227021887898,0.0015847772231791168
3003,0.0015567528316751122,0.001584199599456042
3004,0.0015524063492193818,0.0015835873887408525
3005,0.001553234877064824,0.0015829843352548778
3006,0.0015548376832157373,0.001582405015360564
3007,0.0015552614349871874,0.0015818361518904567
3008,0.00155067874584347,0.0015812278725206852
3009,0.0015518390573561192,0.0015806377748958766
3010,0.0015551494434475899,0.0015800912096165121
3011,0.0015519971493631601,0.0015795201133005322
3012,0.0015472027007490396,0.0015789078793022782
3013,0.00155014474876225,0.0015783321065828205
3014,0.0015493468381464481,0.0015777507470920683
3015,0.0015492463717237115,0.0015771727822721003
3016,0.0015457691624760628,0.001576564502902329
3017,0.0015471410006284714,0.001575975987361744
3018,0.0015483535826206207,0.0015754085208754987
3019,0.0015458922134712338,0.001574824322015047
3020,0.0015436917310580611,0.0015742302255239338
3021,0.001545231556519866,0.0015736592619214208
3022,0.0015445516910403967,0.0015730870550032705
3023,0.0015433644875884056,0.0015725076221860944
3024,0.0015419198898598552,0.0015719189262017607
3025,0.0015431257197633386,0.0015713444992434234
3026,0.0015431353822350502,0.0015707711270079017
3027,0.0015408281469717622,0.0015701845206785947
3028,0.0015394847141578794,0.0015695927012711764
3029,0.001541792182251811,0.0015690370288211851
3030,0.0015393744688481092,0.0015684647427406163
3031,0.0015389400068670511,0.0015678950701840221
3032,0.0015376461669802666,0.0015673125023022295
3033,0.0015383567661046982,0.0015667421650141478
3034,0.0015376515220850706,0.001566167064011097
3035,0.0015360808465629816,0.0015655875764787198
3036,0.0015351315960288048,0.001565001717535779
3037,0.0015352978371083736,0.0015644307911861688
3038,0.0015348216984421015,0.0015638601419050247
3039,0.0015340293757617474,0.0015632907336112112
3040,0.0015333470655605197,0.0015627148491330445
3041,0.0015328139998018742,0.0015621373464819045
3042,0.0015342151746153831,0.00156157894176431
3043,0.0015331651084125042,0.0015610188979189843
3044,0.0015333817573264241,0.0015604705561418086
3045,0.001530332025140524,0.0015599008102435618
3046,0.0015318612568080425,0.0015593523415736853
3047,0.0015339222736656666,0.0015588312142062932
3048,0.001531690126284957,0.0015582917246501893
3049,0.0015292174648493528,0.0015577333269175143
3050,0.0015295377233996987,0.0015571789746172725
3051,0.0015310733579099178,0.0015566150203812868
3052,0.001530207577161491,0.0015560238575562835
3053,0.00152758345939219,0.001555357459001243
3054,0.0015287511050701141,0.0015547600691206754
3055,0.0015294074546545744,0.001554217900848016
3056,0.001526744570583105,0.0015536713250912727
3057,0.0015249897260218859,0.0015530987503007054
3058,0.0015261159278452396,0.0015524901740718634
3059,0.001525668310932815,0.0015519068110734224
3060,0.0015245508402585983,0.0015513237600680442
3061,0.001523378537967801,0.0015507672959938646
3062,0.0015238046180456877,0.0015502184827346354
3063,0.0015239352360367775,0.0015496513433754444
3064,0.0015221722424030304,0.0015490789990872144
3065,0.0015217340551316738,0.0015485278307460248
3066,0.0015204056398943067,0.001547976442379877
3067,0.0015216413885354996,0.0015474211412947626
3068,0.0015212760772556067,0.0015468743385281414
3069,0.001520358258858323,0.0015463384182658046
3070,0.001518365927040577,0.001545791911194101
3071,0.0015218122862279415,0.001545274486998096
3072,0.001520848018117249,0.0015447581838816404
3073,0.0015187128446996212,0.001544199202908203
3074,0.0015167823294177651,0.0015436610183678567
3075,0.0015190946869552135,0.001543149558128789
3076,0.0015194653533399105,0.0015426485135685653
3077,0.0015155982691794634,0.001542101021623239
3078,0.001517104567028582,0.00154159483499825
3079,0.0015206303214654326,0.0015411318850237876
3080,0.0015174029394984245,0.0015406261628959329
3081,0.0015137398149818182,0.0015400469198357314
3082,0.0015142882475629449,0.0015395099914167077
3083,0.0015150068793445826,0.0015390148875303567
3084,0.0015127011574804783,0.0015384466922841967
3085,0.0015117268776521087,0.001537833707407117
3086,0.0015123420162126422,0.001537224679486826
3087,0.001513708382844925,0.0015367359016090632
3088,0.0015105751808732748,0.0015362161281518639
3089,0.0015092762187123299,0.001535663747927174
3090,0.0015095605049282312,0.001535143923247233
3091,0.0015093436231836677,0.0015346360427793116
3092,0.0015094663249328732,0.0015341473207809032
3093,0.0015074366237968206,0.0015336278884205967
3094,0.0015075518749654293,0.0015330886840820312
3095,0.0015092762187123299,0.0015325872297398747
3096,0.0015073823742568493,0.0015320986951701343
3097,0.0015059409197419882,0.0015315822046250106
3098,0.0015049497596919537,0.001531055304221809
3099,0.0015058433637022972,0.001530524487607181
3100,0.0015061397571116686,0.0015300367376767099
3101,0.001504021929576993,0.0015295271063223482
3102,0.0015034086536616087,0.0015289649658370764
3103,0.001505973283201456,0.0015284571703523396
3104,0.0015038655837997794,0.0015279717626981437
3105,0.0015018390258774161,0.0015274578041862697
3106,0.001501214923337102,0.0015269215765874834
3107,0.00150224007666111,0.0015263913630042226
3108,0.0015024594031274319,0.0015259091695770622
3109,0.0014998608967289329,0.0015253893879707903
3110,0.0014999242266640067,0.0015248371358029544
3111,0.0015027562621980906,0.0015243447269313037
3112,0.001499811070971191,0.0015238708106335252
3113,0.0014979348052293062,0.0015233487111981957
3114,0.0014972338685765862,0.0015228275815024972
3115,0.0014981268905103207,0.0015223163866903632
3116,0.0014977742685005069,0.0015218364377506078
3117,0.001496050739660859,0.0015213255351409316
3118,0.0014956402592360973,0.0015207984019070865
3119,0.0014980969717726111,0.0015203204494901002
3120,0.0014961103443056345,0.0015198446356225759
3121,0.0014942302368581295,0.0015193346224259584
3122,0.0014934210339561105,0.0015188233158551156
3123,0.0014945610892027617,0.0015183352818712592
3124,0.0014942784328013659,0.0015178588673006744
3125,0.0014921799302101135,0.001517349409405142
3126,0.0014919626992195845,0.0015168376825749875
3127,0.0014946904266253114,0.0015163763053715228
3128,0.0014928816817700863,0.001515910275047645
3129,0.0014905293937772512,0.0015153976471628994
3130,0.001489649061113596,0.0015149003930855541
3131,0.001490914961323142,0.0015144201426301152
3132,0.0014906164724379778,0.0015139498456846923
3133,0.0014883058611303568,0.001513449336634949
3134,0.0014885672135278583,0.0015129584935493767
3135,0.001491221017204225,0.0015125098952557892
3136,0.0014882383402436972,0.0015120409626979382
3137,0.0014864453114569187,0.0015115524374414236
3138,0.0014861845411360264,0.0015110660658683628
3139,0.0014868846628814936,0.0015105946187395603
3140,0.0014860514784231782,0.001510121662868187
3141,0.0014844820834696293,0.0015096383437048645
3142,0.0014846365666016936,0.0015091425576247274
3143,0.0014866105047985911,0.0015086770115885883
3144,0.001484363921917975,0.0015081868332345039
3145,0.0014833068707957864,0.0015077165816910565
3146,0.0014823507517576218,0.0015072214766405523
3147,0.0014830389991402626,0.0015067126438952983
3148,0.001483099302276969,0.0015062267356552184
3149,0.0014809241984039545,0.0015057438029907643
3150,0.0014815358445048332,0.0015052637842018156
3151,0.0014834294561296701,0.0015047873451840132
3152,0.00148241117130965,0.0015043093811254948
3153,0.0014794081216678023,0.001503827627748251
3154,0.0014788700500503182,0.001503328817198053
3155,0.0014800475910305977,0.0015028352185618133
3156,0.001480234321206808,0.0015023701160680502
3157,0.001477344543673098,0.0015018936642445624
3158,0.0014784382656216621,0.0015014168876223265
3159,0.0014798964839428663,0.001500959169352427
3160,0.0014771833084523678,0.0015004854940343648
3161,0.0014760001795366406,0.0015000117104500533
3162,0.0014753409195691347,0.0014995270734652877
3163,0.0014763326616957784,0.0014990510477218776
3164,0.0014751639682799578,0.001498580964980647
3165,0.0014737204182893038,0.0014981008286122234
3166,0.0014737634919583797,0.001497634407132864
3167,0.0014750879490748048,0.001497168872738257
3168,0.0014740743208676577,0.0014966968551743775
3169,0.0014723311178386211,0.0014962165837641805
3170,0.0014712712727487087,0.0014957456372212618
3171,0.001472746254876256,0.001495254976907745
3172,0.0014719946775585413,0.001494766443502158
3173,0.0014701681211590767,0.0014942809962667524
3174,0.0014696987345814705,0.0014938101603183896
3175,0.0014689782401546836,0.0014933089958503842
3176,0.0014698309823870659,0.0014928126521408557
3177,0.0014689065283164382,0.0014923457347322255
3178,0.0014682483160868287,0.001491857172222808
3179,0.0014671389944851398,0.001491322258953005
3180,0.0014688540250062943,0.0014908367698080838
3181,0.001469410490244627,0.001490393476560712
3182,0.0014672180404886603,0.001489922774489969
3183,0.0014654863625764847,0.001489427569322288
3184,0.0014668417861685157,0.0014889689756091683
3185,0.001467446330934763,0.001488526170141995
3186,0.0014652521349489689,0.0014880552713293581
3187,0.0014639643486589193,0.0014875578309874982
3188,0.00146323605440557,0.0014870844397228212
3189,0.0014643233735114336,0.0014866349112708122
3190,0.0014641828602179885,0.0014861811348237098
3191,0.0014627077616751194,0.0014857147762086242
3192,0.0014621166046708822,0.0014852412790060043
3193,0.0014613233506679535,0.0014847801462747156
3194,0.0014608930796384811,0.0014843135583214463
3195,0.0014603312592953444,0.0014838241087272762
3196,0.001459751045331359,0.0014833477954380213
3197,0.001459607039578259,0.0014828844566363842
3198,0.0014592522056773305,0.0014824274810962379
3199,0.0014593731611967087,0.001481962779071182
3200,0.0014603829476982355,0.0014815052109770476
3201,0.0014593580272048712,0.0014810585719533264
3202,0.001457244623452425,0.0014805969316512347
3203,0.001456958125345409,0.0014801067800726741
3204,0.001457509584724903,0.0014796432200819254
3205,0.0014579675626009703,0.0014792045054491608
3206,0.001456595491617918,0.001478758311131969
3207,0.0014555236557498574,0.0014782911469228565
3208,0.0014547930331900716,0.001477814483223483
3209,0.0014544411096721888,0.0014773602853529156
3210,0.001454183366149664,0.001476902876747772
3211,0.0014546910533681512,0.0014764222246594727
3212,0.0014541815035045147,0.0014759659289848058
3213,0.0014535541413351893,0.0014755221223458647
3214,0.0014523358549922705,0.0014750731422100217
3215,0.001452243304811418,0.0014746143063530325
3216,0.0014513360802084208,0.0014741499244701117
3217,0.0014514317736029625,0.0014737037348095327
3218,0.001451648073270917,0.0014732638129498809
3219,0.0014517148956656456,0.0014727999921888113
3220,0.0014513892820104957,0.00147235278156586
3221,0.0014500184915959835,0.0014719106641132385
3222,0.0014488642336800694,0.001471465096110478
3223,0.0014484305866062641,0.001471003791084513
3224,0.0014483621343970299,0.0014705446281004697
3225,0.0014490976464003325,0.0014701138052623719
3226,0.001448923023417592,0.001469683408504352
3227,0.0014484161511063576,0.0014692206657491624
3228,0.0014467892469838262,0.0014687597414012998
3229,0.0014462682884186506,0.0014683171303477138
3230,0.0014454168267548084,0.001467874808004126
3231,0.0014456220669671893,0.0014674218790605665
3232,0.0014461626997217536,0.0014669773413334042
3233,0.0014464184641838074,0.0014665584673639387
3234,0.0014456475619226694,0.0014661292708478867
3235,0.0014440787490457296,0.001465657848166302
3236,0.001443259883671999,0.0014652080636005848
3237,0.0014427159912884235,0.0014647707703988998
3238,0.0014428874710574746,0.0014643377996981144
3239,0.0014430833980441093,0.0014638997870497405
3240,0.0014425348490476608,0.0014634646207559853
3241,0.001441745087504387,0.0014630372507963329
3242,0.0014408660354092717,0.0014625995454844087
3243,0.0014403538079932332,0.0014621369785163551
3244,0.001440034480765462,0.00146169368410483
3245,0.001440317602828145,0.0014612637914251537
3246,0.001440668711438775,0.0014608469710219651
3247,0.0014400348300114274,0.0014604169293306768
3248,0.001438938663341105,0.001459975322941318
3249,0.0014381203800439835,0.0014595472847577185
3250,0.0014374208403751254,0.0014591061347164213
3251,0.001437718397937715,0.001458649024134502
3252,0.0014384459936991334,0.0014582093723583967
3253,0.0014382157241925597,0.0014577974483836443
3254,0.0014371759025380015,0.001457380506908521
3255,0.0014357541222125292,0.0014569375722203403
3256,0.001435091602616012,0.0014564861450344325
3257,0.001434672623872757,0.001456059425836429
3258,0.0014346549287438393,0.0014556215924676507
3259,0.001434528618119657,0.0014551679138094186
3260,0.001434554811567068,0.0014547416288405656
3261,0.0014343239599838853,0.0014543248666450382
3262,0.0014336144085973501,0.0014539076015353202
3263,0.0014324621297419071,0.0014534688962157816
3264,0.0014316961169242859,0.001453034217702225
3265,0.0014320905320346355,0.0014526179188396782
3266,0.001433016499504447,0.0014522104489151388
3267,0.0014327878598123789,0.0014517874480225147
3268,0.001431155251339078,0.0014513582573272288
3269,0.0014298217138275504,0.0014509331632871182
3270,0.001429292606189847,0.0014505133766215294
3271,0.0014287979574874043,0.001450073893647641
3272,0.0014287519734352827,0.0014496414666064085
3273,0.0014284674543887377,0.001449224459938705
3274,0.0014286318328231573,0.0014488137909211217
3275,0.0014287641970440745,0.0014484116504900157
3276,0.0014281913172453642,0.0014479952538385987
3277,0.0014268256491050124,0.0014475744450464846
3278,0.0014260075986385345,0.0014471520378720015
3279,0.0014258205192163587,0.0014467388531193136
3280,0.0014256355352699757,0.0014463066682219505
3281,0.0014254134148359299,0.0014458666974678635
3282,0.0014254102716222405,0.0014454486197791993
3283,0.001425218302756548,0.001445045939181
3284,0.0014242638135328889,0.0014446201594546437
3285,0.0014236446004360914,0.001444182142149657
3286,0.0014229663647711277,0.0014437592844478786
3287,0.0014230516972020268,0.0014433501579333096
3288,0.0014228436630219221,0.0014429462340194731
3289,0.0014229353982955217,0.0014425323542673141
3290,0.0014226642670109868,0.001442117168335244
3291,0.001421938301064074,0.0014417094737291336
3292,0.0014210394583642483,0.0014412987022660673
3293,0.0014205698389559984,0.0014408911671489478
3294,0.0014199085999280214,0.001440481322351843
3295,0.0014200742589309812,0.0014400787523481994
3296,0.0014194995164871216,0.0014396762370597572
3297,0.001419454230926931,0.0014392747089732438
3298,0.0014189142966642976,0.0014388713298831134
3299,0.0014188827481120825,0.0014384664257522672
3300,0.0014180145226418972,0.0014380427415017038
3301,0.0014179454883560538,0.0014376286161132156
3302,0.0014168893685564399,0.0014372250635642557
3303,0.0014165743486955762,0.0014368212257977575
3304,0.0014163784217089415,0.001436409914167598
3305,0.0014166615437716246,0.0014359968539793045
3306,0.0014169808709993958,0.0014356007077731192
3307,0.0014159823767840862,0.0014352052949834614
3308,0.001415805658325553,0.0014348154212348162
3309,0.0014145413879305124,0.0014344164240173995
3310,0.001414035214111209,0.001434014942497015
3311,0.001413698773831129,0.0014336050197016447
3312,0.0014132072683423758,0.0014331952773500233
3313,0.001413246151059866,0.0014327921974472701
3314,0.0014130186755210161,0.0014323990256525576
3315,0.0014133004005998373,0.0014320095966104418
3316,0.0014127802569419146,0.0014316240383777767
3317,0.0014119650004431605,0.0014312293706461787
3318,0.0014110739575698972,0.0014308236294891686
3319,0.001410560216754675,0.0014304120827000589
3320,0.0014101206324994564,0.0014299993962049483
3321,0.0014101129490882158,0.0014296003407798707
3322,0.0014103427529335022,0.001429215125972405
3323,0.0014105322770774364,0.0014288361428771168
3324,0.0014103874564170837,0.0014284563960973173
3325,0.001408854965120554,0.0014280539692845195
3326,0.001408168114721775,0.0014276464201975613
3327,0.0014077553059905767,0.0014272398117464037
3328,0.001408084761351347,0.0014268527668900787
3329,0.001408872427418828,0.0014264788082800806
3330,0.0014088854659348726,0.0014261134946718813
3331,0.0014071157202124596,0.001425728431204334
3332,0.0014059841632843018,0.0014253266458399594
3333,0.001405444461852312,0.0014249169058166444
3334,0.0014060614630579948,0.0014245210448279976
3335,0.0014060256071388721,0.001424140513408929
3336,0.0014057026710361242,0.0014237649412825704
3337,0.0014050877653062344,0.0014233886590227485
3338,0.0014040734386071563,0.0014230005186982454
3339,0.0014036076609045267,0.0014226057613268494
3340,0.0014038383960723877,0.0014222187967970967
3341,0.0014046625001356006,0.001421847970923409
3342,0.0014046734431758523,0.0014214860450010747
3343,0.0014032925246283412,0.0014211154321674257
3344,0.0014018194051459432,0.0014207332814112307
3345,0.0014014843618497252,0.0014203449490014465
3346,0.0014020970556885004,0.0014199592324439436
3347,0.0014013992622494698,0.001419572876766324
3348,0.0014011110179126263,0.0014191946003120392
3349,0.001400059089064598,0.0014188139874022454
3350,0.0013996894704177976,0.0014184366737026721
3351,0.001399204134941101,0.001418051531072706
3352,0.0013988637365400791,0.0014176557085011155
3353,0.0013990348670631647,0.0014172638999298214
3354,0.0013993220636621118,0.0014168853615410626
3355,0.0013984504621475935,0.0014165123249404133
3356,0.001397622050717473,0.0014161376294214278
3357,0.001397137762978673,0.001415762280812487
3358,0.0013967592967674136,0.0014153833244927227
3359,0.0013964474201202393,0.0014150025125127285
3360,0.0013960711658000946,0.001414617676055059
3361,0.001396399224177003,0.00141423842869699
3362,0.00139710889197886,0.0014138733735308052
3363,0.0013971475418657064,0.0014135202276520432
3364,0.0013956649927422404,0.0014131599164102226
3365,0.0013941960642114282,0.0014127809717319906
3366,0.001394193503074348,0.0014123927417676895
3367,0.0013944229576736689,0.0014120090927463025
3368,0.0013952339068055153,0.001411649879300967
3369,0.0013945689424872398,0.0014112973515875637
3370,0.0013936074683442712,0.001410940500209108
3371,0.0013921442441642284,0.0014105739630758762
3372,0.0013919704360887408,0.0014102061477024109
3373,0.0013916650786995888,0.0014098381239455193
3374,0.0013920324854552746,0.0014094721304718405
3375,0.0013921060599386692,0.0014091055491007864
3376,0.00139217812102288,0.0014087454171385616
3377,0.0013906275853514671,0.0014083834365010261
3378,0.0013901577331125736,0.0014080249378457664
3379,0.0013895384036004543,0.0014076621166896075
3380,0.0013897758908569813,0.0014073035202454775
3381,0.0013911896385252476,0.0014069612824823708
3382,0.0013911528512835503,0.0014066187082789837
3383,0.001390285324305296,0.0014062693784944714
3384,0.001388384960591793,0.0014059105899650603
3385,0.001387762138620019,0.0014055517653468997
3386,0.0013873339630663395,0.0014051954413298517
3387,0.0013873649295419455,0.001404838573653251
3388,0.0013880602782592177,0.0014044907398056239
3389,0.001388119999319315,0.001404142585815862
3390,0.00138759333640337,0.0014037918765097857
3391,0.001385932439006865,0.0014034318178892135
3392,0.0013857667800039053,0.00140307909110561
3393,0.0013851290568709373,0.0014027246832847594
3394,0.0013851337134838104,0.0014023769344203175
3395,0.001385228242725134,0.001402028474258259
3396,0.001385534880682826,0.001401688827900216
3397,0.0013848812086507678,0.0014013430976774544
3398,0.001383839058689773,0.001400992345297709
3399,0.0013831128599122167,0.0014006346464157104
3400,0.0013829447561874986,0.0014002839487511664
3401,0.001382836839184165,0.0013999328622594477
3402,0.0013826268259435892,0.001399590236833319
3403,0.001382793067023158,0.001399252424016595
3404,0.0013824279885739088,0.0013989129196852446
3405,0.0013821714092046022,0.0013985680183395744
3406,0.0013812363613396883,0.0013982105732429772
3407,0.00138067954685539,0.0013978575449436904
3408,0.0013802261091768742,0.0013975017494522034
3409,0.001380018424242735,0.0013971565198153256
3410,0.0013797747669741511,0.0013968139153439552
3411,0.0013793014222756028,0.0013964699418284
3412,0.0013795122504234314,0.0013961329916492105
3413,0.001380325760692358,0.0013958037877455354
3414,0.0013811199460178614,0.0013954848004505038
3415,0.0013794074766337872,0.0013951458712108432
3416,0.0013779005967080593,0.0013947970746085048
3417,0.001377428532578051,0.0013944517099298537
3418,0.0013781992020085454,0.0013941229623742402
3419,0.0013802133034914732,0.001393819493241608
3420,0.0013789492659270763,0.0013935077795758843
3421,0.001376905245706439,0.0013931757025420666
3422,0.001376090687699616,0.0013928331818897277
3423,0.001377747394144535,0.0013925053330603987
3424,0.001378712011501193,0.0013921885786112398
3425,0.0013765705516561866,0.001391865734476596
3426,0.0013750173384323716,0.0013915342267137021
3427,0.0013745238538831472,0.0013912019121926278
3428,0.0013760284055024385,0.0013908813486341388
3429,0.0013758521527051926,0.0013905511458870024
3430,0.0013744356110692024,0.0013902066473383456
3431,0.0013728787889704108,0.0013898642780259252
3432,0.0013728791382163763,0.0013895332277752458
3433,0.0013720509596168995,0.0013891992927528918
3434,0.0013725992757827044,0.0013888646708801388
3435,0.0013717534020543098,0.0013885219488292933
3436,0.001371805788949132,0.0013881829800084233
3437,0.00137175596319139,0.001387849661987275
3438,0.0013721942668780684,0.001387530870269984
3439,0.0013726867036893964,0.0013872216606978327
3440,0.0013705517631024122,0.0013868887943681329
3441,0.0013699487317353487,0.0013865416566841305
3442,0.0013694646768271923,0.0013861895690206439
3443,0.0013696239329874516,0.0013858528831042348
3444,0.001370755024254322,0.0013855422392953188
3445,0.0013705920428037643,0.0013852333161048591
3446,0.0013692128704860806,0.0013849044742528349
3447,0.0013678312534466386,0.0013845687941648067
3448,0.001368312630802393,0.0013842408102937042
3449,0.0013701661955565214,0.0013839418813586235
3450,0.0013690185733139515,0.0013836351723875851
3451,0.0013674439396709204,0.0013833175704348832
3452,0.0013662471901625395,0.001382991404971108
3453,0.0013677061069756746,0.001382678117370233
3454,0.0013686956372112036,0.001382371853105724
3455,0.0013668503379449248,0.001382055851863697
3456,0.0013654452050104737,0.0013817340834066272
3457,0.0013649542815983295,0.0013814122485928237
3458,0.0013662433484569192,0.0013811070891097189
3459,0.0013663978315889835,0.0013808065932244063
3460,0.0013646294828504324,0.0013804921763949096
3461,0.0013635634677484632,0.0013801638188306242
3462,0.0013632726622745395,0.001379825456533581
3463,0.0013641155092045665,0.0013794951362069696
3464,0.0013644029386341572,0.0013791825156658887
3465,0.0013627740554511547,0.0013788682955782861
3466,0.0013620381942018867,0.0013785467424895614
3467,0.001364090945571661,0.0013782434223685413
3468,0.0013655014336109161,0.0013779460976365953
3469,0.001362782553769648,0.0013776282337494194
3470,0.0013603130355477333,0.001377295289421454
3471,0.0013634173665195704,0.0013770080206450075
3472,0.001363332150503993,0.00137672163778916
3473,0.0013605699641630054,0.0013764106866437941
3474,0.00135979859624058,0.0013760883477516473
3475,0.0013643235433846712,0.0013758105225861073
3476,0.0013644013088196516,0.001375532754464075
3477,0.001358998124487698,0.0013752164598554372
3478,0.0013594315387308598,0.0013749091979116201
3479,0.0013632248155772686,0.0013746460620313883
3480,0.001359849818982184,0.0013743468013126404
3481,0.001357097877189517,0.001374005883699283
3482,0.001359771704301238,0.00137369207222946
3483,0.001359983580186963,0.0013733890547882766
3484,0.0013564444379881024,0.0013730696495622397
3485,0.0013559754006564617,0.001372751782182604
3486,0.001356369350105524,0.0013724421360529959
3487,0.0013562783133238554,0.001372131269890815
3488,0.0013547728303819895,0.0013717983954120428
3489,0.00135441601742059,0.0013714613555930555
3490,0.0013546408154070377,0.0013711318303830922
3491,0.0013554791221395135,0.0013708272972144187
3492,0.0013545604888349771,0.0013705152343027294
3493,0.0013531919103115797,0.0013701958628371358
3494,0.0013527938863262534,0.0013698724645655601
3495,0.0013535288162529469,0.0013695554703008384
3496,0.001353664556518197,0.001369236767059192
3497,0.0013530465075746179,0.0013689184200484305
3498,0.0013518508058041334,0.0013685985375195742
3499,0.0013516545295715332,0.0013682839542161673
3500,0.0013523278757929802,0.001367977785412222
3501,0.001352484803646803,0.0013676742650568486
3502,0.0013510638382285833,0.0013673586351796985
3503,0.001350367907434702,0.0013670343835838138
3504,0.001350147183984518,0.00136671157553792
3505,0.0013494889717549086,0.0013663847511634231
3506,0.0013493249425664544,0.0013660656369756908
3507,0.00134857720695436,0.0013657446135766805
3508,0.00134864985011518,0.0013654288509860634
3509,0.0013486063107848167,0.0013651147298514843
3510,0.0013486251700669527,0.0013648032338824123
3511,0.0013486538082361221,0.0013644967577420176
3512,0.0013479236513376236,0.0013641808717511595
3513,0.0013473366852849722,0.0013638509809970856
3514,0.0013465838273987174,0.0013635056198108941
3515,0.001346668228507042,0.0013631782273296267
3516,0.0013478494947776198,0.0013628777163103222
3517,0.001349936006590724,0.001362602791050449
3518,0.0013477600878104568,0.0013622983999084682
3519,0.0013457173481583595,0.001361953440355137
3520,0.001344906399026513,0.0013616130116861315
3521,0.0013448114041239023,0.001361292073270306
3522,0.001345175551250577,0.0013609829219058155
3523,0.0013451502891257405,0.0013606569508556278
3524,0.0013445672811940312,0.001360315503552556
3525,0.0013438990572467446,0.0013599887886084616
3526,0.0013431215193122625,0.0013596698304172605
3527,0.0013436342123895884,0.001359360934002325
3528,0.0013447226956486702,0.0013590478769037872
3529,0.0013458523899316788,0.0013587478792760521
3530,0.001344075077213347,0.0013584442739374937
3531,0.0013423665659502149,0.0013581391517072917
3532,0.001341640017926693,0.0013578267605043948
3533,0.0013433415442705154,0.0013575396663509309
3534,0.0013438218738883734,0.0013572518923319877
3535,0.0013422977644950151,0.0013569573359563946
3536,0.001340615563094616,0.0013566454336978494
3537,0.0013405031058937311,0.0013563329051248729
3538,0.0013403904158622026,0.0013560148666147142
3539,0.0013401792384684086,0.0013556897919625045
3540,0.0013397696893662214,0.0013553819712251425
3541,0.0013394012348726392,0.0013550764962565155
3542,0.0013387217186391354,0.0013547690666746348
3543,0.0013388588558882475,0.0013544614159036429
3544,0.0013383944751694798,0.0013541378104127944
3545,0.0013380550080910325,0.001353812440065667
3546,0.0013379377778619528,0.0013534996891394258
3547,0.0013372970279306173,0.0013531943468842655
3548,0.0013377215946093202,0.0013528884365223348
3549,0.0013390418607741594,0.001352577193174511
3550,0.0013394260313361883,0.0013522812677547336
3551,0.0013376561691984534,0.001351983390050009
3552,0.0013364357873797417,0.0013516852760221808
3553,0.0013360603479668498,0.0013513688184320926
3554,0.00133572518825531,0.0013510391139425336
3555,0.0013359368313103914,0.0013507299788761884
3556,0.0013374518603086472,0.0013504500454291702
3557,0.0013367539504542947,0.0013501680421177298
3558,0.00133536197245121,0.0013498592283576727
3559,0.0013343335594981909,0.0013495385856367647
3560,0.0013342989841476083,0.0013492352806497366
3561,0.00133402063511312,0.001348939852323383
3562,0.0013345133047550917,0.0013486522587481886
3563,0.001334858825430274,0.0013483596919104458
3564,0.0013348064385354519,0.0013480637269094587
3565,0.0013337258715182543,0.0013477732450701296
3566,0.0013330288929864764,0.0013474831520579756
3567,0.001332468120381236,0.0013471669238060713
3568,0.001332123763859272,0.001346833147108555
3569,0.0013320178259164095,0.0013465254998300225
3570,0.0013326979242265224,0.0013462493487168103
3571,0.001332631567493081,0.0013459414907265454
3572,0.0013322400627657771,0.0013456305698491633
3573,0.0013314919779077172,0.0013453397899866105
3574,0.0013306773034855723,0.0013450485770590604
3575,0.001330043189227581,0.0013447057735174895
3576,0.0013302089646458626,0.0013443638500757514
3577,0.0013306164182722569,0.0013440800330135972
3578,0.0013315750984475017,0.0013438014686107636
3579,0.0013311482034623623,0.0013434807024896144
3580,0.0013299849815666676,0.0013431820541154593
3581,0.001328938640654087,0.0013429004617501051
3582,0.0013284877641126513,0.001342587622348219
3583,0.0013280389830470085,0.0013422681763768196
3584,0.0013286059256643057,0.0013419897912535816
3585,0.001329571707174182,0.001341725754318759
3586,0.0013298832345753908,0.0013414608931634575
3587,0.0013287309557199478,0.0013411854195874184
3588,0.001327290665358305,0.0013409105979371816
3589,0.0013265737798064947,0.0013406321755610406
3590,0.0013263864675536752,0.001340349632082507
3591,0.0013266034657135606,0.0013400608755182474
3592,0.0013273449148982763,0.0013397887197788806
3593,0.001327515346929431,0.001339531954145059
3594,0.0013268652837723494,0.0013392726681195199
3595,0.001325878081843257,0.001338996160775423
3596,0.0013249280164018273,0.0013387087953742594
3597,0.001324586570262909,0.0013384241960011424
3598,0.0013247218448668718,0.0013381529063917696
3599,0.001325360732153058,0.001337889968417585
3600,0.0013261334970593452,0.0013376280246302486
3601,0.0013256007805466652,0.0013373591843992472
3602,0.0013240084517747164,0.0013370886305347086
3603,0.001323183299973607,0.0013368167844600976
3604,0.0013230277691036463,0.0013365455903112887
3605,0.0013228802708908916,0.0013362795033026486
3606,0.0013235106598585844,0.00133602136047557
3607,0.001324245473369956,0.0013357780431397259
3608,0.0013236876111477613,0.0013355284207500517
3609,0.0013225487200543284,0.0013352678448427468
3610,0.001321455230936408,0.0013349961454514414
3611,0.0013214374193921685,0.0013347239815630018
3612,0.00132258131634444,0.00133447055821307
3613,0.0013233749195933342,0.0013342309405561536
3614,0.0013227392919361591,0.001333992495201528
3615,0.0013210154138505459,0.0013337359670549632
3616,0.0013201219262555242,0.001333458691369742
3617,0.0013198289088904858,0.0013331576203927397
3618,0.0013206701260060072,0.0013328867207746953
3619,0.0013211246114224195,0.0013326407934073359
3620,0.0013210007455199957,0.0013324017368722707
3621,0.001320008421316743,0.0013321537070441992
3622,0.0013189513701945543,0.001331891465233639
3623,0.001318400027230382,0.0013316239626146853
3624,0.0013185404241085052,0.0013313636940438301
3625,0.0013188926968723536,0.001331113630440086
3626,0.0013196059735491872,0.0013308784749824555
3627,0.0013196158688515425,0.001330638291547075
3628,0.0013185737188905478,0.0013303768017794938
3629,0.001317288726568222,0.001330091165145859
3630,0.00131706683896482,0.0013298210827633738
3631,0.0013183975825086236,0.0013295813929289579
3632,0.0013191117905080318,0.0013293561106547712
3633,0.0013182911789044738,0.001329105607001111
3634,0.001316238078288734,0.0013288297690451146
3635,0.0013157876674085855,0.0013285646680742502
3636,0.001315511530265212,0.0013283136277459561
3637,0.0013160399394109845,0.0013280689960811288
3638,0.0013163089752197266,0.001327828181674704
3639,0.0013163572875782847,0.0013275899621658027
3640,0.00131558021530509,0.0013273480674251914
3641,0.0013144605327397585,0.0013270986604038625
3642,0.00131393619813025,0.0013268508051987738
3643,0.0013140299124643207,0.0013266025157645345
3644,0.0013142457464709878,0.0013263610284775496
3645,0.001314913621172309,0.0013261296146083624
3646,0.0013145168777555227,0.001325895405607298
3647,0.001313736429437995,0.0013256597996223719
3648,0.0013126457342877984,0.0013254090410191567
3649,0.0013124115066602826,0.0013251427374780177
3650,0.0013126094127073884,0.0013248745712917298
3651,0.0013132209423929453,0.0013246302190236747
3652,0.0013132491149008274,0.0013243983522988857
3653,0.0013125597033649683,0.0013241633458528667
3654,0.0013118560891598463,0.001323924654861912
3655,0.001311018131673336,0.0013236754678655415
3656,0.0013108134735375643,0.0013234090839978308
3657,0.0013110176660120487,0.0013231517211534083
3658,0.0013116395566612482,0.0013229144969955087
3659,0.001311752712354064,0.0013226886885240674
3660,0.0013109175488352776,0.001322454874170944
3661,0.0013104081153869629,0.0013222187489736826
3662,0.0013094214955344796,0.0013219678308814763
3663,0.0013093588640913367,0.001321712831268087
3664,0.0013092984445393085,0.0013214577513281256
3665,0.0013094914611428976,0.001321215407224372
3666,0.0013103079982101917,0.0013209881982766093
3667,0.0013093318557366729,0.0013207568356301636
3668,0.001308709499426186,0.0013205226929858328
3669,0.0013077273033559322,0.0013202797877602279
3670,0.001307591563090682,0.0013200287241488696
3671,0.0013079235795885324,0.001319781644269824
3672,0.0013083406956866384,0.0013195426505990327
3673,0.0013087629340589046,0.0013193153601605446
3674,0.001307957456447184,0.0013190881616901606
3675,0.0013067943509668112,0.001318855673307553
3676,0.0013064311351627111,0.0013186178950127215
3677,0.001306386198848486,0.0013183755928184836
3678,0.0013060541823506355,0.0013181203836575151
3679,0.0013063629157841206,0.0013178725307807326
3680,0.0013074477901682258,0.0013176471588667482
3681,0.0013073045993223786,0.0013174308184534312
3682,0.0013067619875073433,0.001317213560687378
3683,0.0013056969037279487,0.0013169901398941875
3684,0.0013046400854364038,0.0013167504814919084
3685,0.0013063607038930058,0.0013165183714590966
3686,0.0013059816556051373,0.0013162793556693942
3687,0.001305591780692339,0.001316047963919118
3688,0.0013049296103417873,0.001315824353368953
3689,0.0013036963064223528,0.0013155955786351115
3690,0.0013049421831965446,0.0013153811357915401
3691,0.0013053350849077106,0.0013151684519834817
3692,0.0013047882821410894,0.0013149428856559099
3693,0.001303521916270256,0.001314702951349318
3694,0.0013024011859670281,0.0013144583103712648
3695,0.0013028096873313189,0.0013142276264261454
3696,0.001302913180552423,0.0013140074780676513
3697,0.0013033177237957716,0.00131379478960298
3698,0.0013033987488597631,0.001313581558642909
3699,0.001301733311265707,0.0013133452844340354
3700,0.0013014755677431822,0.0013130987051408738
3701,0.0013010698603466153,0.0013128533959388734
3702,0.0013005968648940325,0.0013126192800700664
3703,0.0013008317910134792,0.001312395764980465
3704,0.0013014490250498056,0.0013121799775399267
3705,0.0013013167772442102,0.00131196434260346
3706,0.0013008625246584415,0.0013117378612514585
3707,0.001299606403335929,0.0013114914705511182
3708,0.0012999416794627905,0.0013112540112342685
3709,0.0013019366888329387,0.0013110478909220547
3710,0.0013015593867748976,0.0013108489324804395
3711,0.0013001483166590333,0.001310636041453108
3712,0.0012988927774131298,0.001310399156063795
3713,0.0012994322460144758,0.0013101597293280066
3714,0.0013010036200284958,0.00130994237260893
3715,0.0013000755570828915,0.0013097329740412533
3716,0.0012982349144294858,0.001309514103922993
3717,0.0012979351449757814,0.0013092951662838459
3718,0.0012988692615181208,0.001309077157638967
3719,0.0012997190933674574,0.0013088631024584174
3720,0.0012985288631170988,0.0013086383836343884
3721,0.0012969201197847724,0.0013084075006190687
3722,0.0012971478281542659,0.0013081894651986658
3723,0.0012985983630642295,0.0013079914485570044
3724,0.0012977925362065434,0.0013077839696779847
3725,0.0012962442124262452,0.0013075574848335236
3726,0.0012963651679456234,0.001307325076777488
3727,0.0012960555031895638,0.0013070894731208682
3728,0.00129705760627985,0.0013068743119947612
3729,0.0012957293074578047,0.001306658717803657
3730,0.0012954443227499723,0.0013064424926415086
3731,0.0012952149845659733,0.001306210666662082
3732,0.0012963346671313047,0.0013059828954283148
3733,0.0012966395588591695,0.0013057663792278617
3734,0.0012951863463968039,0.0013055558619089426
3735,0.0012945262715220451,0.001305343247950077
3736,0.0012938522268086672,0.0013051266549155116
3737,0.0012941834283992648,0.0013049080898053945
3738,0.0012951733078807592,0.0013046967331320047
3739,0.0012950182426720858,0.0013044833426829427
3740,0.001294539077207446,0.0013042729313019663
3741,0.0012930436059832573,0.0013040587620344014
3742,0.0012928950600326061,0.001303848350653425
3743,0.00129343057051301,0.0013036423572339118
3744,0.0012943644542247057,0.0013034435443114488
3745,0.001293749432079494,0.0013032319024205209
3746,0.001292387954890728,0.0013030106131918728
3747,0.0012920903973281384,0.0013027941528707743
3748,0.0012927353382110596,0.0013025950489100068
3749,0.0012936762068420649,0.0013024076959118247
3750,0.0012931651435792446,0.0013022132532205433
3751,0.0012912744423374534,0.0013019937882199884
3752,0.0012909983051940799,0.001301771280122921
3753,0.0012924763141199946,0.0013015704462304711
3754,0.0012929553631693125,0.0013013814389705657
3755,0.0012920578010380268,0.0013011918356642127
3756,0.001290161395445466,0.0013009853148832917
3757,0.0012919523287564516,0.0013007946615107358
3758,0.001293238252401352,0.0013006106484681368
3759,0.0012918293941766024,0.0013004114152863622
3760,0.0012901820009574294,0.0013002040598075837
3761,0.00129006989300251,0.001300000677583739
3762,0.0012922227615490556,0.0012998286902438849
3763,0.001291206805035472,0.0012996471696533262
3764,0.0012894785031676292,0.0012994489702396095
3765,0.0012897135457023978,0.0012992511910852045
3766,0.0012924232287332416,0.001299072343390435
3767,0.0012906070332974195,0.0012988850951660424
3768,0.0012892549857497215,0.001298690550029278
3769,0.0012885518372058868,0.0012984987953677774
3770,0.0012907052878290415,0.0012983299326151609
3771,0.0012887391494587064,0.0012981380883138626
3772,0.001288020983338356,0.00129793489119038
3773,0.0012887835036963224,0.001297735096886754
3774,0.0012898141285404563,0.0012975536636076867
3775,0.0012890035286545753,0.0012973757553845645
3776,0.0012870985083281994,0.0012971824291162194
3777,0.0012872478691861033,0.0012969910458195955
3778,0.0012884415918961167,0.0012968149199150503
3779,0.0012875411193817854,0.001296626701951027
3780,0.0012861511204391718,0.0012964137352537363
3781,0.0012861548457294703,0.0012962022377178072
3782,0.0012865775497630239,0.001296000393340364
3783,0.0012866368051618338,0.0012958097923547029
3784,0.001285815960727632,0.0012956215511076153
3785,0.0012852586805820465,0.0012954105308745057
3786,0.0012848705518990755,0.001295199419837445
3787,0.0012851851060986519,0.0012949953530915082
3788,0.0012852291110903025,0.0012947983480989932
3789,0.0012853401713073254,0.001294614786747843
3790,0.0012848968617618084,0.0012944143335334958
3791,0.0012842766009271145,0.0012942037486936898
3792,0.0012839364353567362,0.0012939952302258462
3793,0.001283759716898203,0.0012937976082321256
3794,0.0012838725233450532,0.001293612321605906
3795,0.0012837366666644812,0.0012934215913992374
3796,0.0012835232773795724,0.001293227692367509
3797,0.0012837453978136182,0.0012930319691076874
3798,0.0012828162871301174,0.001292826144490391
3799,0.0012830212945118546,0.0012926390243228525
3800,0.0012829238548874855,0.0012924535071942955
3801,0.0012822393327951431,0.0012922652019187809
3802,0.0012825719313696027,0.0012920849525835366
3803,0.0012825531885027885,0.0012919021665584295
3804,0.001281885663047433,0.001291706532938406
3805,0.0012823054566979408,0.0012915164197329432
3806,0.0012818390969187021,0.0012913261854555459
3807,0.001281381119042635,0.0012911439326126128
3808,0.0012816728558391333,0.0012909612443763763
3809,0.0012816607486456633,0.0012907584849745036
3810,0.0012818598188459873,0.0012905614892952143
3811,0.001282179495319724,0.0012903818010818213
3812,0.0012808911269530654,0.0012902017845772206
3813,0.0012807444436475635,0.0012900149065535515
3814,0.0012807080056518316,0.0012898119504097848
3815,0.0012802595738321543,0.0012896137905772775
3816,0.0012810169719159603,0.0012894416111521422
3817,0.001281052129343152,0.001289272780995816
3818,0.0012799309333786368,0.0012890833977144212
3819,0.0012795787770301104,0.0012888819945510476
3820,0.0012796728406101465,0.0012886934343259782
3821,0.001280265743844211,0.0012885268905665727
3822,0.0012810479383915663,0.0012883658916689456
3823,0.001279781456105411,0.0012881777225993575
3824,0.0012786926236003637,0.0012879867234732957
3825,0.0012787962332367897,0.001287812243681401
3826,0.0012783557176589966,0.0012876321491785347
3827,0.0012783741112798452,0.0012874553352594375
3828,0.0012781894765794277,0.0012872666539624333
3829,0.001277800416573882,0.001287087365053594
3830,0.001277998904697597,0.0012869129108730704
3831,0.0012778696836903691,0.0012867394578643142
3832,0.0012777349911630154,0.0012865534611046314
3833,0.0012775922659784555,0.0012863629881758242
3834,0.0012774445349350572,0.0012861855700612068
3835,0.0012767810840159655,0.001286008118186146
3836,0.001277090166695416,0.0012858404975850135
3837,0.0012770401081070304,0.0012856690643820912
3838,0.0012772143818438053,0.0012854894751217216
3839,0.0012778379023075104,0.001285317671718076
3840,0.0012774707283824682,0.0012851469882298261
3841,0.0012758662924170494,0.001284975215094164
3842,0.001276605762541294,0.001284812322119251
3843,0.0012763445265591145,0.001284641461679712
3844,0.0012765091378241777,0.0012844629085157066
3845,0.0012764541897922754,0.0012842899560928346
3846,0.0012752305483445525,0.0012841183820273727
3847,0.001275594113394618,0.0012839534191880376
3848,0.0012756392825394869,0.0012837824586313217
3849,0.0012752427719533443,0.0012835981242824345
3850,0.0012755650095641613,0.0012834221229422837
3851,0.0012743975967168808,0.0012832533544860781
3852,0.0012745334533974528,0.0012830887059681118
3853,0.001274425769224763,0.0012829082005191594
3854,0.001274163369089365,0.00128272028057836
3855,0.001274730428121984,0.0012825470068491996
3856,0.0012744448613375425,0.0012823898415081202
3857,0.0012740361271426082,0.0012822106794919818
3858,0.0012739889789372683,0.001282018186757341
3859,0.0012732137693092227,0.0012818320305086673
3860,0.0012734256451949477,0.0012816644669510424
3861,0.0012739470694214106,0.0012815032387152314
3862,0.0012739046942442656,0.0012813200580421835
3863,0.0012738144723698497,0.0012811461347155273
3864,0.0012729163281619549,0.0012809805129654706
3865,0.0012723102699965239,0.0012808064802084119
3866,0.0012723160907626152,0.0012806054088287055
3867,0.0012724886182695627,0.001280424224678427
3868,0.0012724286643788218,0.001280255961464718
3869,0.0012721691746264696,0.001280092134838924
3870,0.0012716806959360838,0.0012799018889199942
3871,0.0012715626507997513,0.0012797301239334047
3872,0.0012712781317532063,0.0012795626954175531
3873,0.0012709666043519974,0.00127938452642411
3874,0.0012714371550828218,0.0012792007566895336
3875,0.0012712308671325445,0.0012790230300743133
3876,0.0012714802287518978,0.0012788668472785503
3877,0.0012723734835162759,0.001278718103421852
3878,0.0012710944283753633,0.0012785446317866444
3879,0.0012703875545412302,0.0012783730961382388
3880,0.00127055449411273,0.0012782171298749744
3881,0.0012705378467217088,0.001278060959884897
3882,0.0012707322603091598,0.0012779025069903581
3883,0.00127063924446702,0.00127774253138341
3884,0.0012696823105216026,0.0012775811948813498
3885,0.0012696214253082871,0.0012774248223286122
3886,0.0012694420292973518,0.0012772705371025949
3887,0.0012690573930740356,0.0012771092599723488
3888,0.0012695761397480965,0.0012769527302589267
3889,0.0012691363226622343,0.0012767906917724758
3890,0.0012688332935795188,0.001276630056090653
3891,0.0012692762538790703,0.0012764800526201725
3892,0.0012687148991972208,0.0012763278372585774
3893,0.0012685677502304316,0.0012761759175918997
3894,0.001268445048481226,0.0012760216428432613
3895,0.0012679173378273845,0.0012758634495548904
3896,0.0012679679784923792,0.0012757078965660185
3897,0.0012678017374128103,0.0012755484599620104
3898,0.001267806044779718,0.0012753983575385065
3899,0.0012677814811468124,0.001275245959404856
3900,0.001268048887141049,0.0012750972097273917
3901,0.0012681372463703156,0.0012749561888631433
3902,0.0012677659979090095,0.0012748081295285373
3903,0.0012670342111960053,0.0012746529397554697
3904,0.0012668196577578783,0.001274502279702574
3905,0.0012671863660216331,0.001274351088795811
3906,0.0012675527250394225,0.0012742082250770182
3907,0.0012675204779952765,0.0012740696186665445
3908,0.0012663283850997686,0.0012739161739591508
3909,0.0012659624917432666,0.001273759191390127
3910,0.0012661730870604515,0.0012736023240722716
3911,0.001265736180357635,0.0012734378909226506
3912,0.0012657325714826584,0.0012732863053679466
3913,0.0012653879821300507,0.0012731327407527716
3914,0.0012653609737753868,0.001272979270434007
3915,0.0012654399033635855,0.0012728310737293214
3916,0.0012654573656618595,0.0012726754776667803
3917,0.0012653376907110214,0.001272518333280459
3918,0.001265314407646656,0.0012723721680231392
3919,0.0012648729607462883,0.001272225109860301
3920,0.0012645579408854246,0.0012720739608630537
3921,0.0012643820373341441,0.0012719151237979532
3922,0.0012642662040889263,0.0012717473064549267
3923,0.0012641798239201307,0.001271591290133074
3924,0.0012640261556953192,0.0012714446254540235
3925,0.0012642820365726948,0.0012712994834873825
3926,0.0012644429225474596,0.0012711603555362672
3927,0.001264247577637434,0.001271019090199843
3928,0.0012638347689062357,0.001270875543123111
3929,0.0012633115984499454,0.0012707306549418719
3930,0.0012632079888135195,0.001270582745783031
3931,0.0012629039119929075,0.0012704330880660565
3932,0.001262706471607089,0.001270282802870497
3933,0.0012626649113371968,0.0012701335293240845
3934,0.001262851757928729,0.0012699876015540212
3935,0.0012630047276616096,0.0012698498379904778
3936,0.0012633372098207474,0.001269712308421731
3937,0.0012633666628971696,0.0012695755739696325
3938,0.0012621928472071886,0.0012694253586232663
3939,0.001261936966329813,0.0012692663492634892
3940,0.0012619743356481194,0.0012691113853361457
3941,0.0012617283500730991,0.0012689700059127062
3942,0.0012621846981346607,0.00126882579526864
3943,0.0012616179883480072,0.0012686785298865288
3944,0.0012613408034667373,0.0012685268465429545
3945,0.0012613811995834112,0.001268376116640866
3946,0.0012610098347067833,0.0012682339095044881
3947,0.0012608205433934927,0.0012680861738044768
3948,0.001260814955458045,0.0012679379305336625
3949,0.0012607792159542441,0.0012677932949736715
3950,0.001260535791516304,0.001267643002793193
3951,0.0012608971446752548,0.0012675079982727767
3952,0.0012605274096131325,0.0012673679378349333
3953,0.001260279561392963,0.0012672264757566153
3954,0.001260027289390564,0.0012670851149596274
3955,0.0012595568550750613,0.001266933379229158
3956,0.0012595060979947448,0.0012667839915957303
3957,0.0012595681473612785,0.0012666393117979169
3958,0.0012594759464263916,0.001266494181472808
3959,0.0012596314772963524,0.0012663583585526795
3960,0.0012600376503542066,0.001266224478604272
3961,0.001259898184798658,0.0012660839897580445
3962,0.0012593301944434643,0.0012659382447600365
3963,0.0012590284459292889,0.0012657903844956308
3964,0.0012585010845214128,0.0012656462320592254
3965,0.0012582773342728615,0.0012655059027019888
3966,0.001258262200281024,0.001265365363797173
3967,0.0012582347262650728,0.001265222824877128
3968,0.0012580258771777153,0.0012650787970051168
3969,0.0012581704650074244,0.0012649388099089266
3970,0.001258303178474307,0.0012648050347343087
3971,0.0012581634800881147,0.0012646710430271923
3972,0.0012577606830745935,0.0012645358685404063
3973,0.001257442869246006,0.0012644006311893464
3974,0.001257065450772643,0.0012642569141462444
3975,0.0012571358820423484,0.0012641159642953425
3976,0.0012570039834827185,0.0012639712018426507
3977,0.0012567462399601936,0.00126381492940709
3978,0.0012569206301122904,0.0012636731914244593
3979,0.0012572701089084148,0.001263542016968131
3980,0.0012570407707244158,0.001263406879734248
3981,0.001257510855793953,0.0012632766098249703
3982,0.0012567760422825813,0.0012631370476447045
3983,0.001256074639968574,0.00126299140159972
3984,0.0012562018819153309,0.0012628565973136574
3985,0.0012559581082314253,0.0012627199641428888
3986,0.001256546936929226,0.0012625910132192076
3987,0.0012568581150844693,0.001262469020439312
3988,0.001256909454241395,0.0012623423535842448
3989,0.0012565602082759142,0.0012622165924403817
3990,0.001255830517038703,0.0012620865646749734
3991,0.0012553022243082523,0.0012619468243792653
3992,0.0012556326109915972,0.001261816001497209
3993,0.001255478011444211,0.0012616851041093468
3994,0.00125614064745605,0.0012615620600990951
3995,0.0012556351721286774,0.0012614392384421081
3996,0.0012548047816380858,0.001261307606473565
3997,0.0012549594976007938,0.0012611791840754449
3998,0.0012541889445856214,0.001261043013073504
3999,0.0012544130440801382,0.0012609093287028372
4000,0.001254300121217966,0.0012607718410436064
4001,0.0012540629832074046,0.0012606310984119773
4002,0.00125416973605752,0.0012604951357934623
4003,0.001253657741472125,0.0012603613710962236
4004,0.001253624097444117,0.001260229415493086
4005,0.0012534838169813156,0.001260092390002683
4006,0.0012531410902738571,0.0012599482736550271
4007,0.0012533433036878705,0.001259806501911953
4008,0.0012532374821603298,0.0012596755928825586
4009,0.0012532654218375683,0.0012595486221835016
4010,0.0012533909175544977,0.0012594208004884423
4011,0.0012531792744994164,0.00125929523142986
4012,0.0012525725178420544,0.001259163630893454
4013,0.0012526045320555568,0.001259035796392709
4014,0.0012521784519776702,0.0012589039711747318
4015,0.0012522931210696697,0.0012587725033517928
4016,0.001252034679055214,0.0012586382764857263
4017,0.0012520954478532076,0.0012585058540571482
4018,0.0012520458549261093,0.0012583731685299427
4019,0.0012521462049335241,0.001258245900971815
4020,0.001251742010936141,0.001258117741672322
4021,0.0012517230352386832,0.0012579911516513676
4022,0.0012512714602053165,0.0012578612042125315
4023,0.0012513059191405773,0.0012577324651647358
4024,0.0012510697124525905,0.0012576029007323086
4025,0.0012511330423876643,0.0012574714107904583
4026,0.0012509252410382032,0.0012573362339753657
4027,0.0012511435197666287,0.0012572051933966578
4028,0.001250712899491191,0.0012570739747025073
4029,0.0012508078943938017,0.0012569489376619458
4030,0.0012502294266596437,0.0012568191520404071
4031,0.0012502685422077775,0.0012566927983425557
4032,0.0012501967139542103,0.001256567700766027
4033,0.0012507934588938951,0.0012564489862415939
4034,0.001250722911208868,0.0012563276977743953
4035,0.0012506075436249375,0.0012562037259340286
4036,0.0012497656280174851,0.001256068010115996
4037,0.0012494241818785667,0.00125592858530581
4038,0.0012494208058342338,0.0012558008648920803
4039,0.0012500487500801682,0.001255681982729584
4040,0.00125054398085922,0.001255567679181695
4041,0.0012497100979089737,0.0012554474966600538
4042,0.0012491545639932156,0.0012553171953186392
4043,0.001248565618880093,0.0012551866716239602
4044,0.001249121967703104,0.0012550644832663238
4045,0.0012494329130277038,0.0012549450004007668
4046,0.0012493622489273548,0.0012548285245429724
4047,0.0012487826170399785,0.0012547081452794373
4048,0.0012481958838179708,0.0012545819545630365
4049,0.001247951528057456,0.0012544536776840686
4050,0.0012484785402193666,0.0012543331051710993
4051,0.0012487159110605717,0.0012542112928349526
4052,0.0012491130037233233,0.0012540971487760544
4053,0.0012483957689255476,0.0012539783108513802
4054,0.0012476554838940501,0.001253854592796415
4055,0.0012471249792724848,0.0012537302740383894
4056,0.0012473517563194036,0.001253608730621636
4057,0.001247368287295103,0.001253486732020974
4058,0.0012470907531678677,0.001253362880088389
4059,0.0012468304485082626,0.001253234869800508
4060,0.0012466299813240767,0.0012531007931102067
4061,0.0012464358005672693,0.0012529661692678928
4062,0.0012465025065466762,0.001252837892388925
4063,0.001246598782017827,0.0012527135957498103
4064,0.0012471877271309495,0.0012526004621759056
4065,0.001247404608875513,0.0012524917349219322
4066,0.0012474637478590012,0.001252383750397712
4067,0.001246615662239492,0.0012522675597574561
4068,0.0012459163554012775,0.0012521464645396919
4069,0.0012456316035240889,0.0012520210759248585
4070,0.0012455543037503958,0.0012518935871776193
4071,0.0012457356788218021,0.0012517693091649562
4072,0.0012456346303224564,0.0012516480486374347
4073,0.0012456015683710575,0.0012515296356286855
4074,0.0012454239185899496,0.0012514132203068585
4075,0.0012452186783775687,0.0012512940482702105
4076,0.0012449112255126238,0.0012511731206905096
4077,0.0012447639601305127,0.0012510532978922129
4078,0.0012446101754903793,0.0012509301933459937
4079,0.0012444433523342013,0.0012508019257802517
4080,0.0012443881714716554,0.0012506753997877241
4081,0.0012443007435649633,0.0012505432986654342
4082,0.0012442806037142873,0.001250418344279751
4083,0.001244506100192666,0.0012503026588819922
4084,0.0012446800246834755,0.0012501874403096735
4085,0.0012446711771190166,0.0012500745709985495
4086,0.0012444378808140755,0.001249953480437398
4087,0.0012440409045666456,0.0012498253083322198
4088,0.0012434801319614053,0.0012496910151094198
4089,0.0012433980591595173,0.001249559393618256
4090,0.0012432828079909086,0.0012494339165277778
4091,0.0012430566130205989,0.0012493114604149014
4092,0.0012431589420884848,0.0012491867237258703
4093,0.0012433803640305996,0.0012490657472517342
4094,0.0012436439283192158,0.0012489407800603657
4095,0.0012441554572433233,0.0012488259829115122
4096,0.001243686769157648,0.001248714802786708
4097,0.0012429291382431984,0.001248594499193132
4098,0.0012424883898347616,0.0012484774936456233
4099,0.0012422478757798672,0.0012483558419626205
4100,0.0012421298306435347,0.0012482341390568762
4101,0.0012420258717611432,0.0012481137679424138
4102,0.0012420776765793562,0.001247992847347632
4103,0.001242437749169767,0.0012478806474246085
4104,0.0012426848988980055,0.0012477712554391474
4105,0.001242946251295507,0.0012476658797822894
4106,0.0012425868771970272,0.0012475603376515209
4107,0.0012417774414643645,0.0012474446790292858
4108,0.0012415111996233463,0.001247327416203916
4109,0.0012412044452503324,0.0012472068064380438
4110,0.0012411628849804401,0.0012470845261123031
4111,0.0012410295894369483,0.0012469630292616784
4112,0.0012410006020218134,0.001246847310103476
4113,0.001241098390892148,0.001246732248691842
4114,0.00124130689073354,0.0012466235330794006
4115,0.0012416793033480644,0.0012465173949021847
4116,0.0012416644021868706,0.0012464136921335012
4117,0.0012414184166118503,0.0012463069218210875
4118,0.0012398266699165106,0.0012461847299709916
4119,0.0011763391084969044,0.0012454266590066253
4120,0.001178457634523511,0.0012446938152424992
4121,0.0011770232813432813,0.0012439468177035452
4122,0.0011722627095878124,0.00124315673019737
4123,0.0011631284141913056,0.0012422749551478773
4124,0.001173952710814774,0.0012415037851314992
4125,0.0011701418552547693,0.0012406938732601703
4126,0.0011668105144053698,0.001239852725993842
4127,0.0011610845103859901,0.0012389521359000356
4128,0.001161749940365553,0.001238062506308779
4129,0.0011582415318116546,0.0012371368426829577
4130,0.001155063509941101,0.0012361851835157721
4131,0.0011571524664759636,0.001235254022758454
4132,0.0011552870273590088,0.001234304925892502
4133,0.0011528129689395428,0.0012333251209929585
4134,0.0011478709056973457,0.0012322966009378432
4135,0.0011501811677590013,0.001231292337179184
4136,0.0011473584454506636,0.0012302682653535157
4137,0.0011459975503385067,0.0012292339990381152
4138,0.0011450699530541897,0.0012281904905103148
4139,0.0011449209414422512,0.0012271392124239356
4140,0.0011428892612457275,0.0012260626652278006
4141,0.00114176026545465,0.0012249831669032573
4142,0.001141885295510292,0.0012239104742184281
4143,0.0011410273145884275,0.0012228350911755114
4144,0.0011398200877010822,0.0012217420723754913
4145,0.0011396021582186222,0.0012206437648274004
4146,0.0011395125184208155,0.001219545267522335
4147,0.0011388880666345358,0.0012184463220182807
4148,0.0011385061079636216,0.001217349424259737
4149,0.001139105181209743,0.00121626096079126
4150,0.0011383735109120607,0.001215159910498187
4151,0.0011375064495950937,0.0012140478158835322
4152,0.0011369723360985518,0.0012129264092072844
4153,0.00113731250166893,0.0012118155765347182
4154,0.0011369738494977355,0.0012107087601907552
4155,0.0011361467186361551,0.0012095989775843918
4156,0.0011366275139153004,0.001208491735160351
4157,0.0011364099336788058,0.001207382151624188
4158,0.0011361176148056984,0.001206272420240566
4159,0.0011354496236890554,0.001205158611992374
4160,0.0011354682501405478,0.0012040469946805387
4161,0.0011357173789292574,0.0012029398104641586
4162,0.001135034253820777,0.0012018251279368997
4163,0.0011349511332809925,0.0012007086514495312
4164,0.0011348796542733908,0.0011995855707209557
4165,0.001135204453021288,0.0011984635691624135
4166,0.0011345547391101718,0.0011973344790749251
4167,0.001134177204221487,0.0011962100944947452
4168,0.0011344053782522678,0.001195094984723255
4169,0.0011346411192789674,0.0011939850798808038
4170,0.0011344278464093804,0.0011928738153073938
4171,0.0011337449541315436,0.001191753908060491
4172,0.0011339022312313318,0.00119063658406958
4173,0.001134354155510664,0.001189524109940976
4174,0.0011338903568685055,0.0011884087743237615
4175,0.001133251702412963,0.0011872891045641154
4176,0.001133427256718278,0.001186174264876172
4177,0.001133838202804327,0.0011850650073029101
4178,0.0011334369191899896,0.0011839532747399061
4179,0.0011329012922942638,0.001182837854139507
4180,0.0011330926790833473,0.0011817248992156237
4181,0.0011334733571857214,0.0011806166253518313
4182,0.0011331505374982953,0.0011795053246896714
4183,0.0011323976796120405,0.0011783842404838652
4184,0.0011326884850859642,0.0011772643250878901
4185,0.0011331939604133368,0.0011761495529208333
4186,0.001133137964643538,0.001175036553759128
4187,0.0011323769576847553,0.0011739199142903089
4188,0.0011319045443087816,0.0011728041584137827
4189,0.0011324118822813034,0.0011716942966450005
4190,0.0011323445942252874,0.0011705849145073443
4191,0.0011320579797029495,0.001169474928174168
4192,0.001131575321778655,0.0011683590919710695
4193,0.001131610944867134,0.001167241397779435
4194,0.0011315549490973353,0.0011661205079872162
4195,0.0011314544826745987,0.0011649934982415288
4196,0.0011310953414067626,0.00116386758396402
4197,0.0011312526185065508,0.0011627508187666536
4198,0.0011314537841826677,0.0011616404727101326
4199,0.0011312650749459863,0.0011605306447017938
4200,0.0011309036053717136,0.0011594183824490756
4201,0.0011306805536150932,0.001158304929267615
4202,0.0011306841624900699,0.0011571909941267221
4203,0.0011306711239740252,0.0011560733278747647
4204,0.0011305366642773151,0.001154951845528558
4205,0.0011303419014438987,0.0011538258020300418
4206,0.0011302450438961387,0.001152702383697033
4207,0.0011301455087959766,0.0011515860643703491
4208,0.0011300330515950918,0.0011504712828900665
4209,0.001129941432736814,0.0011493586527649314
4210,0.001129946787841618,0.001148246491793543
4211,0.0011298975441604853,0.0011471351713407785
4212,0.0011299967300146818,0.0011460251326207071
4213,0.001129854004830122,0.0011449126887600868
4214,0.0011296311859041452,0.001143795931711793
4215,0.0011294903233647346,0.0011426740419119596
4216,0.001129416166804731,0.0011415515595581383
4217,0.0011292446870356798,0.0011404298222623766
4218,0.001129228388890624,0.0011393238394521177
4219,0.0011291326954960823,0.0011388517753221094
4220,0.0011290406109765172,0.0011383576050866394
4221,0.0011290564434602857,0.0011378779367078097
4222,0.0011291990522295237,0.0011374473001342267
4223,0.0011294116266071796,0.0011371101322583854
4224,0.0011296130251139402,0.001136666735401377
4225,0.001129291718825698,0.0011362582340370864
4226,0.0011288991663604975,0.0011358791205566376
4227,0.0011284081265330315,0.0011355523567181081
4228,0.0011290052207186818,0.0011352249095216394
4229,0.0011293304851278663,0.0011349357990548014
4230,0.001129279611632228,0.0011346779600717128
4231,0.0011285946238785982,0.001134392381645739
4232,0.0011281385086476803,0.0011341208964586258
4233,0.0011286103399470448,0.0011338788701687008
4234,0.0011287303641438484,0.0011336874647531658
4235,0.0011290584225207567,0.0011334762373007834
4236,0.0011282638879492879,0.0011332852917257696
4237,0.001127926749177277,0.0011331045837141573
4238,0.0011283950880169868,0.0011329378350637854
4239,0.0011285159271210432,0.0011327737849205733
4240,0.0011284336214885116,0.001132629228523001
4241,0.001127494964748621,0.0011324865755159407
4242,0.0011279492173343897,0.0011323472147341817
4243,0.0011283881030976772,0.0011322208226192743
4244,0.0011282952036708593,0.001132105573778972
4245,0.0011272786650806665,0.0011319823388475925
4246,0.00112715526483953,0.0011318587663117796
4247,0.0011280954349786043,0.0011317508399952202
4248,0.0011288837995380163,0.0011316546169109643
4249,0.0011283484054729342,0.0011315470491535962
4250,0.001126919873058796,0.0011314325127750634
4251,0.0011275127762928605,0.0011313325760420412
4252,0.001128514064475894,0.0011312479933258146
4253,0.0011283950880169868,0.0011311588191892951
4254,0.001126874820329249,0.0011310578288976103
4255,0.0011272025294601917,0.0011309683870058508
4256,0.0011282273335382342,0.00113088438520208
4257,0.001128112431615591,0.001130801410181448
4258,0.0011264453642070293,0.0011307046876754612
4259,0.0011269993847236037,0.0011306201852858066
4260,0.0011283832136541605,0.0011305493349209428
4261,0.0011274931021034718,0.001130467092152685
4262,0.0011261103209108114,0.0011303778528235853
4263,0.0011266416404396296,0.0011302947578951715
4264,0.0011273284908384085,0.0011302192462608219
4265,0.0011264244094491005,0.0011301314458250999
4266,0.0011258497834205627,0.0011300443962682038
4267,0.0011260958854109049,0.001129963583080098
4268,0.001126506133005023,0.0011298845906276256
4269,0.0011255602585151792,0.0011297937820199876
4270,0.001125249662436545,0.0011297020001802592
4271,0.001125531503930688,0.0011296198656782508
4272,0.0011255756253376603,0.001129536599619314
4273,0.0011251848191022873,0.0011294449062552302
4274,0.0011248410446569324,0.0011293544131331145
4275,0.0011248739901930094,0.001129270636010915
4276,0.001124852104112506,0.0011291848844848574
4277,0.0011247151996940374,0.0011290936544537545
4278,0.0011245978530496359,0.0011290052637923508
4279,0.0011243987828493118,0.0011289202386979013
4280,0.001124323345720768,0.0011288325453642756
4281,0.0011243815533816814,0.0011287416273262352
4282,0.0011241924948990345,0.0011286520469002425
4283,0.0011242039036005735,0.0011285701091401279
4284,0.0011239798041060567,0.0011284830223303288
4285,0.0011239328887313604,0.001128390411613509
4286,0.0011238525621592999,0.0011282975575886668
4287,0.0011237259022891521,0.0011282110470347106
4288,0.001123665482737124,0.001128128656418994
4289,0.0011236992431804538,0.0011280415300279857
4290,0.0011239007581025362,0.0011279570916667581
4291,0.001123990397900343,0.001127876415848732
4292,0.0011238185688853264,0.0011277988483197987
4293,0.0011234732810407877,0.0011277174716815353
4294,0.0011232150718569756,0.0011276340729091316
4295,0.0011230474337935448,0.001127550002420321
4296,0.0011229418450966477,0.00112746846745722
4297,0.0011230201926082373,0.0011273861431982369
4298,0.0011231251992285252,0.0011273028573486955
4299,0.00112322554923594,0.001127222462091595
4300,0.0011229917872697115,0.0011271433439105749
4301,0.0011228788644075394,0.0011270653270184993
4302,0.0011226097121834755,0.0011269845825154334
4303,0.0011224572081118822,0.001126902443356812
4304,0.001122285844758153,0.0011268199351616203
4305,0.0011224201880395412,0.0011267407180275768
4306,0.001122784218750894,0.0011266661097761243
4307,0.001123102381825447,0.001126595678506419
4308,0.0011230814270675182,0.0011265261622611434
4309,0.0011222038883715868,0.001126448786817491
4310,0.0011221033055335283,0.0011263703519944102
4311,0.0011219307780265808,0.0011262906843330712
4312,0.001122387358918786,0.0011262145906221121
4313,0.0011223030742257833,0.0011261390813160689
4314,0.0011218602303415537,0.0011260613717604428
4315,0.0011217329883947968,0.0011259837984107434
4316,0.0011215228587388992,0.0011259048653300852
4317,0.001121633336879313,0.0011258287518285215
4318,0.00112147256731987,0.0011257511936128139
4319,0.0011215759441256523,0.0011256756260991096
4320,0.0011214632540941238,0.0011255998525302856
4321,0.0011212248355150223,0.0011255215364508332
4322,0.0011212683748453856,0.0011254422296769918
4323,0.0011208158684894443,0.0011253562720958143
4324,0.0011210448574274778,0.0011252705904189497
4325,0.0011207597563043237,0.001125185270793736
4326,0.0011210062075406313,0.0011251063412055374
4327,0.0011208717478439212,0.0011250309774186462
4328,0.0011209947988390923,0.0011249508731998503
4329,0.0011207297211512923,0.0011248648655600845
4330,0.0011204187758266926,0.0011247762572020293
4331,0.0011204644106328487,0.0011246949550695717
4332,0.0011201200541108847,0.0011246147705242038
4333,0.0011203138856217265,0.0011245318059809506
4334,0.0011200495064258575,0.0011244449974037707
4335,0.0011204779148101807,0.001124359192326665
4336,0.0011209415970370173,0.0011242859694175422
4337,0.0011212456738576293,0.0011242191586643456
4338,0.0011209941003471613,0.0011241451487876476
4339,0.0011202190071344376,0.0011240621795877814
4340,0.0011199621949344873,0.0011239774653222412
4341,0.0011198522988706827,0.0011239010386634618
4342,0.0011208984069526196,0.001123830530559644
4343,0.0011209521908313036,0.0011237561714369803
4344,0.0011200718581676483,0.0011236739379819484
4345,0.001119308639317751,0.001123594237724319
4346,0.0011195209808647633,0.0011235178948845715
4347,0.0011197190033271909,0.0011234341305680572
4348,0.0011194010730832815,0.00112333930330351
4349,0.0011189250508323312,0.0011232450697571039
4350,0.001118841813877225,0.0011231642891652881
4351,0.0011190739460289478,0.0011230799008626492
4352,0.0011193910613656044,0.0011229886708315462
4353,0.0011191937373951077,0.0011228966573253274
4354,0.0011187101481482387,0.0011228150106035173
4355,0.0011185349430888891,0.0011227283347398044
4356,0.0011187064228579402,0.0011226331256330012
4357,0.001119092688895762,0.001122542928205803
4358,0.0011192120146006346,0.0011224705947097391
4359,0.0011187898926436901,0.00112238849978894
4360,0.0011183256283402443,0.0011222879239358007
4361,0.0011180449509993196,0.0011221934424247592
4362,0.0011182938469573855,0.001122115277685225
4363,0.0011183737078681588,0.0011220325983595104
4364,0.0011183475144207478,0.0011219427885953337
4365,0.0011179912835359573,0.0011218584573362022
4366,0.0011177363339811563,0.0011217773228418082
4367,0.0011181466979905963,0.0011216978309676051
4368,0.0011185079347342253,0.0011216178489848972
4369,0.0011188469361513853,0.001121550715761259
4370,0.0011178399436175823,0.0011214766185730697
4371,0.0011174387764185667,0.0011213956912979484
4372,0.0011175557738170028,0.0011213154927827418
4373,0.001117787091061473,0.0011212415155023336
4374,0.0011181161971762776,0.001121174267027527
4375,0.0011174145620316267,0.0011210996727459132
4376,0.001117044361308217,0.0011210215953178703
4377,0.0011175689287483692,0.0011209501326084137
4378,0.0011186234187334776,0.001120890388265252
4379,0.00111855985596776,0.0011208319989964367
4380,0.0011171340011060238,0.0011207601055502892
4381,0.0011167426127940416,0.0011206837161444128
4382,0.0011176426196470857,0.0011206182173918932
4383,0.0011186106130480766,0.0011205622844863684
4384,0.001117971260100603,0.0011205021990463137
4385,0.001116498140618205,0.0011204278515651823
4386,0.0011169732315465808,0.001120359058259055
4387,0.0011181308655068278,0.0011203031078912318
4388,0.0011180799920111895,0.0011202472529839725
4389,0.0011166010517627,0.001120176271069795
4390,0.0011163956951349974,0.0011201012204401196
4391,0.001117476960644126,0.0011200360860675574
4392,0.0011171104852110147,0.0011199690052308142
4393,0.0011161701986566186,0.0011198959744069725
4394,0.0011159710120409727,0.0011198235338088125
4395,0.0011168171186000109,0.0011197612306568772
4396,0.0011170909274369478,0.0011197027214802802
4397,0.0011162380687892437,0.0011196349002420903
4398,0.0011156357359141111,0.0011195600056089462
4399,0.0011162988375872374,0.0011194907384924591
4400,0.0011166471522301435,0.0011194272921420635
4401,0.0011160760186612606,0.0011193592636846005
4402,0.0011152168735861778,0.0011192853352986276
4403,0.0011156334076076746,0.0011192170972935856
4404,0.0011157733388245106,0.0011191519722342491
4405,0.0011155586689710617,0.0011190833570435643
4406,0.0011150161735713482,0.001119005676591769
4407,0.0011151875369250774,0.001118926528142765
4408,0.0011154953390359879,0.00111885066726245
4409,0.001115321647375822,0.0011187818448524921
4410,0.0011148240882903337,0.0011187090526800603
4411,0.0011145774042233825,0.0011186355189420282
4412,0.0011148909106850624,0.001118560554459691
4413,0.0011151087237522006,0.0011184886109549552
4414,0.0011148465564474463,0.001118418474216014
4415,0.0011142237344756722,0.001118343381676823
4416,0.0011144560994580388,0.0011182727140840144
4417,0.0011148119810968637,0.0011182045005261898
4418,0.0011149513302370906,0.001118139288155362
4419,0.0011143863666802645,0.001118067392380908
4420,0.001114011975005269,0.0011179928795900197
4421,0.0011140987044200301,0.0011179216182790697
4422,0.0011144785676151514,0.0011178537202067673
4423,0.0011141732102259994,0.001117787293624133
4424,0.0011137223336845636,0.0011177140683867038
4425,0.001113611040636897,0.0011176425812300295
4426,0.0011137842666357756,0.001117570361820981
4427,0.0011140182614326477,0.0011175018269568681
4428,0.0011135078966617584,0.0011174269579350949
4429,0.0011133833322674036,0.001117353494046256
4430,0.0011131666833534837,0.001117280973121524
4431,0.0011131777428090572,0.001117208106443286
4432,0.0011131237260997295,0.0011171381431631744
4433,0.0011129388585686684,0.0011170643928926438
4434,0.001112902071326971,0.0011169929185416549
4435,0.0011127750622108579,0.0011169158900156617
4436,0.0011127190664410591,0.0011168336647097022
4437,0.0011126967146992683,0.0011167481751181184
4438,0.0011127374600619078,0.0011166656087152659
4439,0.0011129784397780895,0.0011165932030417025
4440,0.0011130557395517826,0.0011165241384878755
4441,0.001112952595576644,0.0011164551414549351
4442,0.0011128098703920841,0.0011163742560893297
4443,0.0011124848388135433,0.0011162895825691521
4444,0.0011122629512101412,0.0011162114934995771
4445,0.0011121679563075304,0.0011161400866694748
4446,0.0011122467694804072,0.0011160673445556313
4447,0.0011124336160719395,0.0011159944906830787
4448,0.001112185069359839,0.0011159223306458443
4449,0.0011119876289740205,0.0011158529564272613
4450,0.0011118418769910932,0.0011157829570583998
4451,0.001112380181439221,0.0011157160194125027
4452,0.0011134003289043903,0.0011156561120878904
4453,0.0011133980005979538,0.001115598154719919
4454,0.001112737343646586,0.0011155384266749023
4455,0.0011116631794720888,0.0011154697090387344
4456,0.0011119564296677709,0.0011154022091068327
4457,0.0011123548028990626,0.0011153348302468658
4458,0.0011126878671348095,0.0011152695887722075
4459,0.0011121088173240423,0.001115202778019011
4460,0.0011113723739981651,0.0011151332454755903
4461,0.0011116934474557638,0.0011150697304401548
4462,0.0011118368711322546,0.0011150051606819034
4463,0.0011120454873889685,0.0011149418784771115
4464,0.001111261430196464,0.0011148710176348685
4465,0.0011111958883702755,0.0011148030636832118
4466,0.00111167854629457,0.0011147424858063458
4467,0.0011123401345685124,0.001114684420172125
4468,0.001111598452553153,0.0011146153253503144
4469,0.001110721961595118,0.0011145340756047518
4470,0.0011112650390714407,0.0011144683265592902
4471,0.001112315570935607,0.0011144170945044606
4472,0.0011125877499580383,0.001114367414265871
4473,0.001111140358261764,0.001114300946937874
4474,0.001110448269173503,0.0011142242676578462
4475,0.0011113984510302544,0.0011141641065478326
4476,0.0011119244154542685,0.001114112907089293
4477,0.0011112369829788804,0.001114049587631598
4478,0.001110269222408533,0.0011139660456683487
4479,0.00111083360388875,0.0011138887831475585
4480,0.0011116736568510532,0.0011138341797050089
4481,0.001111035468056798,0.0011137771082576364
4482,0.0011100319679826498,0.001113701001740992
4483,0.001110536395572126,0.0011136202595662325
4484,0.0011112038046121597,0.001113552585011348
4485,0.0011112622451037169,0.0011135002260562032
4486,0.00110996316652745,0.0011134301254060119
4487,0.0011099674738943577,0.0011133484914898873
4488,0.0011106483871117234,0.0011132741754408925
4489,0.0011105956509709358,0.001113214121432975
4490,0.0011098800459876657,0.0011131489649415017
4491,0.0011094599030911922,0.0011130687943659723
4492,0.0011102131102234125,0.0011129998206160963
4493,0.0011106329038739204,0.0011129444476682693
4494,0.0011097854003310204,0.0011128825915511697
4495,0.0011092261411249638,0.0011128066817764192
4496,0.0011100303381681442,0.0011127360758837312
4497,0.0011103766737505794,0.0011126774619333445
4498,0.001110076904296875,0.0011126218736171721
4499,0.001108842552639544,0.0011125473107676954
4500,0.0011095269583165646,0.0011124761088285595
4501,0.0011101041454821825,0.0011124163900967687
4502,0.0011097032111138105,0.001112361253472045
4503,0.0011088198516517878,0.0011122931179124863
4504,0.0011089234612882137,0.0011122246191371233
4505,0.0011099821422249079,0.0011121688538696618
4506,0.0011104545556008816,0.001112123237689957
4507,0.0011092727072536945,0.001112064089393243
4508,0.001108433585613966,0.001111993471859023
4509,0.0011096373200416565,0.0011119366285856813
4510,0.001110365497879684,0.0011118920426815748
4511,0.0011099956464022398,0.0011118462251033634
4512,0.0011083350982517004,0.0011117806669790299
4513,0.0011085941223427653,0.0011117155209649354
4514,0.0011096931993961334,0.0011116639873944222
4515,0.0011088333558291197,0.0011116100836079568
4516,0.0011079746764153242,0.0011115452693775296
4517,0.001108231721445918,0.0011114794667810202
4518,0.0011088848114013672,0.001111418801592663
4519,0.0011086412705481052,0.0011113613506313414
4520,0.00110773672349751,0.0011112985981162637
4521,0.0011078671086579561,0.001111236282158643
4522,0.0011085307924076915,0.0011111768044065684
4523,0.001108104013837874,0.0011111161124426872
4524,0.0011074623325839639,0.0011110535124316812
4525,0.0011075339280068874,0.0011109927413053811
4526,0.0011080640833824873,0.001110935539472848
4527,0.0011079988908022642,0.0011108753457665444
4528,0.001107413088902831,0.001110814397688955
4529,0.0011071665212512016,0.001110752229578793
4530,0.0011077162344008684,0.001110697725089267
4531,0.001107679447159171,0.001110642742132768
4532,0.0011073212372139096,0.0011105847172439098
4533,0.0011067811865359545,0.0011105231405235828
4534,0.001107154181227088,0.001110465661622584
4535,0.0011076945811510086,0.0011104148568119854
4536,0.0011072554625570774,0.0011103602207731455
4537,0.0011066367151215672,0.0011102996207773685
4538,0.0011066216975450516,0.0011102384631522
4539,0.0011069574393332005,0.001110178253147751
4540,0.0011071874760091305,0.0011101195705123246
4541,0.0011066438164561987,0.0011100564827211201
4542,0.0011063383426517248,0.0011099917674437165
4543,0.0011065362486988306,0.0011099322815425693
4544,0.0011069581378251314,0.0011098792334087192
4545,0.0011070545297116041,0.00110982809914276
4546,0.0011062397388741374,0.0011097680288366973
4547,0.0011061839759349823,0.0011097055324353277
4548,0.0011064598802477121,0.0011096482805442065
4549,0.0011070079635828733,0.001109598483890295
4550,0.0011065112194046378,0.0011095451773144305
4551,0.0011060074903070927,0.0011094814504031092
4552,0.0011058880481868982,0.0011094063275959342
4553,0.0011061180848628283,0.001109333528438583
4554,0.001106391428038478,0.001109270069282502
4555,0.0011060587130486965,0.001109214024618268
4556,0.0011056079529225826,0.0011091505398508161
4557,0.0011054986389353871,0.0011090819782111794
4558,0.0011055534705519676,0.001109010634245351
4559,0.0011055590584874153,0.0011089451366569846
4560,0.001105276751331985,0.001108884180430323
4561,0.0011052032932639122,0.0011088192788884044
4562,0.001105214119888842,0.0011087530513759702
4563,0.0011052549816668034,0.0011086851463187487
4564,0.001105256611481309,0.001108625098131597
4565,0.0011052947957068682,0.001108566087204963
4566,0.0011050764005631208,0.0011085000657476485
4567,0.0011049495078623295,0.0011084261594805868
4568,0.001104750670492649,0.0011083576816599816
4569,0.0011050410103052855,0.0011083008721470833
4570,0.0011052561458200216,0.001108240783214569
4571,0.0011049865279346704,0.0011081674927845596
4572,0.0011045981664210558,0.00110808759694919
4573,0.0011044609127566218,0.0011080208024941386
4574,0.0011048889718949795,0.0011079652095213532
4575,0.0011053449707105756,0.0011079046747181564
4576,0.0011055191280320287,0.0011078406218439341
4577,0.0011051481124013662,0.0011077797331381588
4578,0.001104462891817093,0.0011077216698322445
4579,0.0011043811682611704,0.0011076571454759687
4580,0.0011046777945011854,0.00110758718685247
4581,0.0011052412446588278,0.0011075292446184903
4582,0.001105134142562747,0.0011074802663642914
4583,0.0011045412393286824,0.001107420314801857
4584,0.0011041122488677502,0.0011073493992444128
4585,0.0011042156256735325,0.0011072789330501109
4586,0.001104795839637518,0.0011072272597812116
4587,0.0011045485734939575,0.0011071730707772076
4588,0.0011040621902793646,0.001107107208808884
4589,0.0011037061922252178,0.001107038314221427
4590,0.0011042081750929356,0.0011069815955124795
4591,0.0011045979335904121,0.0011069329758174717
4592,0.001104553579352796,0.0011068763805087657
4593,0.0011038155062124133,0.0011068082065321505
4594,0.0011034118942916393,0.0011067444714717566
4595,0.0011037165531888604,0.0011066893755923956
4596,0.001104386174120009,0.0011066329339519143
4597,0.0011044640559703112,0.0011065738077741117
4598,0.0011036143405362964,0.0011065091821365058
4599,0.0011032094480469823,0.0011064528510905801
4600,0.0011037486838176847,0.0011063950683455914
4601,0.0011042155092582107,0.0011063361819833516
4602,0.00110383122228086,0.001106277462095022
4603,0.0011030894238501787,0.0011062201578170062
4604,0.001102956710383296,0.001106160490307957
4605,0.0011033359915018082,0.0011060940288007259
4606,0.0011035962961614132,0.0011060254462063313
4607,0.001103225047700107,0.0011059649696107954
4608,0.0011027362197637558,0.0011059079959522932
4609,0.0011028579901903868,0.0011058402026537806
4610,0.0011034493800252676,0.0011057710414752364
4611,0.0011033517075702548,0.0011057046020869167
4612,0.0011029047891497612,0.0011056502989958972
4613,0.0011024217819795012,0.0011055885755922646
4614,0.0011029664892703295,0.0011055213084910065
4615,0.0011034489143639803,0.0011054674640763552
4616,0.0011030512396246195,0.001105418229708448
4617,0.0011023038532584906,0.0011053589510265738
4618,0.0011025428539142013,0.0011052955314517022
4619,0.0011037597432732582,0.0011052467161789536
4620,0.0011045667342841625,0.00110521501628682
4621,0.0011033571790903807,0.0011051699169911445
4622,0.0011019926751032472,0.0011051045358181
4623,0.001102731446735561,0.0011050508101470768
4624,0.0011039923410862684,0.0011050161102320998
4625,0.0011037872172892094,0.001104978643124923
4626,0.0011022050166502595,0.0011049200524576009
4627,0.001102065434679389,0.0011048607178963722
4628,0.0011033524060621858,0.0011048201110679657
4629,0.0011031624162569642,0.0011047800700180231
4630,0.0011021568207070231,0.0011047244758810848
4631,0.0011015769559890032,0.001104663450969383
4632,0.001102260546758771,0.0011046128440648317
4633,0.0011027974542230368,0.0011045730067417027
4634,0.0011017164215445518,0.0011045186291448771
4635,0.0011014282936230302,0.0011044559662695974
4636,0.001101979287341237,0.001104403204517439
4637,0.0011021802201867104,0.0011043586395680905
4638,0.0011015423806384206,0.0011043078463990241
4639,0.0011010054731741548,0.0011042483267374337
4640,0.0011013345792889595,0.001104189797770232
4641,0.0011015197960659862,0.0011041385575663299
4642,0.0011012309696525335,0.0011040874838363379
4643,0.0011008328292518854,0.0011040304496418684
4644,0.0011009310837835073,0.0011039701791014523
4645,0.0011012621689587831,0.001103912255493924
4646,0.0011013110633939505,0.001103862968739122
4647,0.0011006921995431185,0.0011038080509752036
4648,0.0011006580898538232,0.0011037500330712646
4649,0.0011011840542778373,0.0011036917939782143
4650,0.0011013309704139829,0.0011036399914883077
4651,0.0011011457536369562,0.0011035913741216064
4652,0.0011004498228430748,0.0011035369918681681
4653,0.0011003296822309494,0.0011034791078418493
4654,0.0011004754342138767,0.0011034199479036033
4655,0.001100426074117422,0.0011033636215142906
4656,0.0011003018589690328,0.0011033105605747552
4657,0.0011000644881278276,0.0011032562190666795
4658,0.001100132241845131,0.0011032020067796111
4659,0.0011001413222402334,0.0011031478294171392
4660,0.0011001224629580975,0.0011030962865334003
4661,0.0011000637896358967,0.0011030448914971203
4662,0.0010997883509844542,0.0011029906338080764
4663,0.0010998295620083809,0.001102936379611492
4664,0.001099718501791358,0.0011028809985145927
4665,0.0010996771743521094,0.001102824822301045
4666,0.0010995930060744286,0.0011027699883561582
4667,0.0010994868353009224,0.001102715361630544
4668,0.0010995407355949283,0.001102663262281567
4669,0.001099483808502555,0.0011026076902635395
4670,0.0010996004566550255,0.0011025511333718895
4671,0.0010998023208230734,0.0011024992913007737
4672,0.001099677523598075,0.0011024500848725437
4673,0.0010996479541063309,0.0011024019552860408
4674,0.001099349930882454,0.0011023465648759157
4675,0.0010991570306941867,0.0011022846854757517
4676,0.0010993158211931586,0.001102222652407363
4677,0.001099774381145835,0.0011021689150948078
4678,0.001100391848012805,0.0011021282046567648
4679,0.0011003499384969473,0.0011020878923591227
4680,0.0010999259538948536,0.0011020403739530594
4681,0.0010991210583597422,0.0011019791720900684
4682,0.0010988869471475482,0.0011019167001359166
4683,0.0010991954477503896,0.0011018632422201335
4684,0.0010994195472449064,0.0011018163152039051
4685,0.0010993299074470997,0.0011017674580216408
4686,0.0010988205904141068,0.0011017077055294068
4687,0.001098778797313571,0.0011016500077676028
4688,0.0010991338640451431,0.0011016007245052606
4689,0.0010995836928486824,0.0011015594995114953
4690,0.0010996086057275534,0.0011015135038178413
4691,0.0010988134890794754,0.001101455659372732
4692,0.0010986742563545704,0.0011013968661427497
4693,0.0010985818225890398,0.0011013445293065161
4694,0.0010991529561579227,0.001101301939925179
4695,0.0010990540031343699,0.0011012553144246339
4696,0.0010985308326780796,0.0011011967610102147
4697,0.001098352950066328,0.001101135649951175
4698,0.0010984635446220636,0.0011010841419920325
4699,0.0010989648289978504,0.0011010416958015413
4700,0.0010991506278514862,0.0011009957152418792
4701,0.0010989168658852577,0.0011009427288081496
4702,0.0010982919484376907,0.001100887336069718
4703,0.0010982202365994453,0.0011008386441972106
4704,0.0010987924179062247,0.00110079700127244
4705,0.0010990193113684654,0.0011007538344711065
4706,0.0010984778637066483,0.0011007026501465588
4707,0.0010977990459650755,0.0011006483901292085
4708,0.0010981038212776184,0.0011006020661443472
4709,0.0010988486465066671,0.00110056197270751
4710,0.0010993366595357656,0.001100520845502615
4711,0.0010986250126734376,0.0011004735785536469
4712,0.0010976652847602963,0.0011004211835097522
4713,0.0010977244237437844,0.001100374209927395
4714,0.00109831802546978,0.0011003277252893894
4715,0.0010983437532559037,0.0011002766736783087
4716,0.001097879488952458,0.0011002249561715871
4717,0.0010973720345646143,0.0011001756379846483
4718,0.0010978003265336156,0.0011001282127108426
4719,0.0010980414226651192,0.001100071029504761
4720,0.001097984379157424,0.0011000052059534937
4721,0.0010973390890285373,0.0010999450250528753
4722,0.0010971901938319206,0.001099897000240162
4723,0.0010976920602843165,0.0010998466063756496
4724,0.0010978959035128355,0.0010997856419999153
4725,0.0010977720376104116,0.0010997254902031272
4726,0.0010970956645905972,0.0010996743966825307
4727,0.0010971538722515106,0.0010996252810582519
4728,0.0010975130135193467,0.0010995668871328235
4729,0.001097239088267088,0.0010995076538529247
4730,0.0010970105649903417,0.0010994561912957578
4731,0.0010968028800562024,0.0010994084505364298
4732,0.0010972142918035388,0.0010993579879868777
4733,0.0010974068427458405,0.0010993040818721056
4734,0.0010973012540489435,0.0010992599301971496
4735,0.0010967941489070654,0.0010992135887499899
4736,0.0010965940309688449,0.001099159736186266
4737,0.0010973317548632622,0.0010991112515330314
4738,0.0010979457292705774,0.001099075285019353
4739,0.0010976807679980993,0.0010990420379675926
4740,0.0010966487461701035,0.001098995179636404
4741,0.0010964942630380392,0.0010989449243061244
4742,0.0010971489828079939,0.0010989041044376791
4743,0.0010971627198159695,0.0010988674033433198
4744,0.001096760737709701,0.001098825699882582
4745,0.0010960160288959742,0.0010987732384819537
4746,0.001096593332476914,0.0010987260611727834
4747,0.0010971464216709137,0.0010986906033940613
4748,0.0010974709875881672,0.0010986587323714048
4749,0.0010965238325297832,0.0010986121301539242
4750,0.0010957932099699974,0.0010985567525494844
4751,0.0010965147521346807,0.0010985104425344616
4752,0.001096987398341298,0.0010984758182894438
4753,0.0010971080046147108,0.0010984436015132814
4754,0.001096046413294971,0.0010983993113040924
4755,0.0010957606136798859,0.001098352656699717
4756,0.0010967080015689135,0.0010983167181257158
4757,0.0010969853028655052,0.0010982859262730926
4758,0.001096727792173624,0.0010982518817763776
4759,0.0010956772603094578,0.0010982072411570697
4760,0.0010957650374621153,0.00109816366690211
4761,0.001096548861823976,0.0010981285176239908
4762,0.001096499734558165,0.001098095631459728
4763,0.0010958274360746145,0.0010980556102003901
4764,0.001095407991670072,0.0010980125050991773
4765,0.001096180989407003,0.0010979775432497262
4766,0.001096679363399744,0.0010979484068229795
4767,0.0010960660874843597,0.0010979141993448138
4768,0.0010952861048281193,0.0010978716530371457
4769,0.00109542952850461,0.0010978311102371663
4770,0.0010962265077978373,0.0010977973707485943
4771,0.0010963729582726955,0.0010977630771230905
4772,0.0010953614255413413,0.0010977199161425232
4773,0.0010949140414595604,0.0010976725770160557
4774,0.0010957918129861355,0.0010976369958370924
4775,0.0010961088119074702,0.0010976065136492253
4776,0.0010957194026559591,0.0010975705494638533
4777,0.0010947338305413723,0.0010975201439578086
4778,0.0010950432624667883,0.0010974666581023485
4779,0.0010957559570670128,0.001097420718288049
4780,0.001095313811674714,0.0010973745968658477
4781,0.001094714505597949,0.0010973305313382298
4782,0.0010945746907964349,0.0010972874087747187
4783,0.0010951816802844405,0.001097247271100059
4784,0.001095297746360302,0.0010972060530912132
4785,0.0010944872628897429,0.0010971576266456395
4786,0.00109431566670537,0.001097112577408552
4787,0.0010949424467980862,0.0010970742139033973
4788,0.0010952386073768139,0.001097035261336714
4789,0.0010947305709123611,0.0010969867301173508
4790,0.0010941224172711372,0.0010969318682327867
4791,0.0010941808577626944,0.001096885541919619
4792,0.0010946458205580711,0.0010968452575616538
4793,0.0010944147361442447,0.001096803586697206
4794,0.0010940009960904717,0.0010967520670965313
4795,0.0010938344057649374,0.001096699871122837
4796,0.001094483188353479,0.0010966593946795911
4797,0.0010945446556434035,0.0010966213117353618
4798,0.0010940488427877426,0.0010965771647170185
4799,0.0010936816688627005,0.0010965243331156672
4800,0.0010938455816358328,0.0010964712826535105
4801,0.0010942883091047406,0.0010964249970857054
4802,0.0010940467473119497,0.001096382545074448
4803,0.0010936015751212835,0.0010963363584596663
4804,0.001093538710847497,0.0010962838213890791
4805,0.0010939189232885838,0.0010962328175082802
4806,0.0010942579247057438,0.0010961906181182713
4807,0.001094103092327714,0.0010961536585818977
4808,0.001093539409339428,0.0010961080144625158
4809,0.0010933466255664825,0.0010960529942531138
4810,0.0010934944730252028,0.0010959945723880082
4811,0.001093852217309177,0.0010959468444343657
4812,0.0010935269528999925,0.0010959054611157626
4813,0.0010931678116321564,0.0010958598949946463
4814,0.0010931198485195637,0.0010958079132251442
4815,0.0010933527955785394,0.0010957580036483705
4816,0.0010937254410237074,0.001095716463169083
4817,0.0010935117024928331,0.0010956778598483652
4818,0.0010929869022220373,0.0010956297256052494
4819,0.0010928722331300378,0.0010955780337098986
4820,0.0010927771218121052,0.0010955259611364454
4821,0.0010928537230938673,0.0010954811074770988
4822,0.001092578750103712,0.0010954349930398166
4823,0.0010926248505711555,0.001095384320942685
4824,0.001092687714844942,0.001095332239056006
4825,0.001092847902327776,0.0010952829977031798
4826,0.0010926842223852873,0.0010952388832811265
4827,0.0010923279915004969,0.0010951906244736165
4828,0.0010923061054199934,0.001095138555392623
4829,0.0010924588423222303,0.0010950907529331743
4830,0.0010925473179668188,0.0010950461204629392
4831,0.0010924008674919605,0.0010950021003372967
4832,0.0010921407956629992,0.0010949513653758913
4833,0.0010920912027359009,0.001094898208975792
4834,0.0010923470836132765,0.0010948486672714352
4835,0.0010924614034593105,0.0010948053398169577
4836,0.001092330552637577,0.001094762705033645
4837,0.0010921931825578213,0.0010947113193105907
4838,0.0010918374173343182,0.001094650236191228
4839,0.0010918905027210712,0.0010945923335384578
4840,0.0010919845663011074,0.0010945456917397678
4841,0.0010921289213001728,0.0010945020383223891
4842,0.0010922346264123917,0.001094452894758433
4843,0.0010919728083536029,0.0010944009956438095
4844,0.0010917696636170149,0.0010943510849028826
4845,0.0010915878228843212,0.001094306802842766
4846,0.0010917948093265295,0.0010942588176112622
4847,0.0010919244959950447,0.0010942065983545034
4848,0.001091980841010809,0.00109415169688873
4849,0.0010921319480985403,0.0010941077780444175
4850,0.0010916485916823149,0.0010940663318615407
4851,0.0010916199535131454,0.0010940173838753253
4852,0.0010912786237895489,0.001093960296129808
4853,0.0010915606981143355,0.0010939048230648042
4854,0.0010915359016507864,0.0010938597179483622
4855,0.001091512618586421,0.0010938172379974275
4856,0.0010914620943367481,0.001093764778925106
4857,0.0010910599958151579,0.0010937055258546024
4858,0.0010913168080151081,0.0010936514160130174
4859,0.0010912020225077868,0.0010936066636350007
4860,0.0010916092433035374,0.0010935651056934149
4861,0.0010915142484009266,0.0010935147595591843
4862,0.0010914360173046589,0.0010934641223866491
4863,0.0010913556907325983,0.001093419404933229
4864,0.0010909029515460134,0.0010933743545319884
4865,0.0010910038836300373,0.001093322583474219
4866,0.0010907452087849379,0.0010932632419280708
4867,0.0010911306599155068,0.0010932138876523822
4868,0.0010910177370533347,0.0010931712039746345
4869,0.001090988633222878,0.001093126795021817
4870,0.0010907140094786882,0.0010930716700386256
4871,0.0010905065573751926,0.0010930130060296506
4872,0.0010906122624874115,0.0010929655143991112
4873,0.0010904729133471847,0.0010929211031179874
4874,0.0010906588286161423,0.0010928697732742875
4875,0.001090486766770482,0.0010928135528229176
4876,0.0010904932860285044,0.001092761291656643
4877,0.0010904022492468357,0.0010927179758436977
4878,0.0010901829227805138,0.001092669372446835
4879,0.0010901784989982843,0.0010926135978661477
4880,0.001090075122192502,0.0010925612109713256
4881,0.001090371748432517,0.0010925177833996714
4882,0.0010905175004154444,0.0010924772114958613
4883,0.0010907629039138556,0.0010924330237321556
4884,0.00109125766903162,0.0010923926229588687
4885,0.001091223442927003,0.0010923599847592414
4886,0.001091470941901207,0.0010923315375111998
4887,0.0010905282106250525,0.0010922873951494693
4888,0.0010903403162956238,0.0010922384122386574
4889,0.0010900436900556087,0.00109219154343009
4890,0.0010909257689490914,0.0010921595769468695
4891,0.0010916490573436022,0.0010921342589426785
4892,0.001091495156288147,0.0010921027522999794
4893,0.0010908092372119427,0.0010920666973106563
4894,0.0010898180771619081,0.0010920248681213706
4895,0.0010900488123297691,0.001091987012187019
4896,0.0010904001537710428,0.0010919461818411946
4897,0.00109072495251894,0.00109190798480995
4898,0.0010902269277721643,0.0010918697656597941
4899,0.0010895805899053812,0.001091828754870221
4900,0.0010895875748246908,0.0010917861748021096
4901,0.0010898069012910128,0.0010917413607239724
4902,0.00108990422450006,0.0010916999354958533
4903,0.001089485827833414,0.0010916587780229747
4904,0.0010892313439399004,0.0010916157043538988
4905,0.0010893025901168585,0.0010915695410221816
4906,0.0010896401945501566,0.0010915233637206257
4907,0.0010895153973251581,0.0010914774867706002
4908,0.0010891216807067394,0.0010914333094842732
4909,0.0010889829136431217,0.0010913896723650396
4910,0.0010892178397625685,0.0010913469060324131
4911,0.0010898177279159427,0.001091306561138481
4912,0.0010895143495872617,0.0010912664351053537
4913,0.001089000143110752,0.0010912247584201396
4914,0.001088632270693779,0.0010911798826418817
4915,0.0010887710377573967,0.0010911340650636703
4916,0.0010889816330745816,0.001091086626984179
4917,0.0010889389086514711,0.0010910408990457655
4918,0.0010888301767408848,0.001090999331790954
4919,0.0010883943177759647,0.0010909545526374131
4920,0.0010884423973038793,0.001090911205392331
4921,0.0010885222582146525,0.0010908678907435387
4922,0.0010886896634474397,0.001090828999876976
4923,0.0010886946693062782,0.0010907896980643273
4924,0.0010883969953283668,0.0010907467908691615
4925,0.0010883735958486795,0.0010907020478043705
4926,0.0010878675384446979,0.0010906538809649646
4927,0.001088433084078133,0.001090614931890741
4928,0.0010887450771406293,0.0010905793216079472
4929,0.0010890478733927011,0.001090545211918652
4930,0.0010892522986978292,0.0010905122617259622
4931,0.0010887195821851492,0.001090475448872894
4932,0.0010882094502449036,0.001090436135418713
4933,0.0010877022286877036,0.0010903922456782312
4934,0.0010882560163736343,0.0010903513350058347
4935,0.0010881288908421993,0.0010903080098796636
4936,0.0010883149225264788,0.0010902678535785527
4937,0.001087876851670444,0.0010902246902696788
4938,0.0010874280706048012,0.0010901805968023836
4939,0.001087644835934043,0.0010901381401345134
4940,0.0010875740554183722,0.0010900940350256861
4941,0.001087668933905661,0.0010900494351517409
4942,0.0010872329585254192,0.0010899994184728713
4943,0.0010872413404285908,0.001089952103793621
4944,0.0010872005950659513,0.0010899064131081105
4945,0.0010875370353460312,0.0010898659052327275
4946,0.0010873377323150635,0.001089821334462613
4947,0.0010871466947719455,0.001089773556450382
4948,0.0010870019905269146,0.001089723767945543
4949,0.0010867672972381115,0.0010896701214369387
4950,0.0010866697411984205,0.0010896203329320998
4951,0.0010867612436413765,0.001089571745833382
4952,0.0010867612436413765,0.0010895265720319003
4953,0.0010866662487387657,0.0010894776275381446
4954,0.0010866352822631598,0.0010894286213442683
4955,0.0010864932555705309,0.0010893784277141094
4956,0.0010863121133297682,0.0010893269279040397
4957,0.0010864068754017353,0.0010892803966999053
4958,0.00108628929592669,0.0010892301215790212
4959,0.0010861981427296996,0.0010891800827812403
4960,0.0010861834743991494,0.0010891258250921964
4961,0.001086193136870861,0.0010890726139768958
4962,0.0010860190959647298,0.0010890184447634966
4963,0.0010861005866900086,0.0010889658937230707
4964,0.0010860968613997102,0.0010889178328216077
4965,0.0010859473841264844,0.001088867267826572
4966,0.001085949596017599,0.0010888193116988987
4967,0.0010859849862754345,0.001088767854962498
4968,0.0010858672903850675,0.0010887163504958153
4969,0.001085989992134273,0.0010886663640849292
4970,0.0010860804468393326,0.0010886200284585357
4971,0.0010863980278372765,0.0010885789431631565
4972,0.0010868851095438004,0.0010885416716337204
4973,0.001087936107069254,0.001088516303570941
4974,0.0010879265610128641,0.0010884889808949084
4975,0.0010878867469727993,0.0010884629806969315
4976,0.001086962642148137,0.0010884276742581277
4977,0.0010859511094167829,0.0010883831628598272
4978,0.00108561129309237,0.001088337446562946
4979,0.0010859014000743628,0.0010882946755737066
4980,0.0010861859191209078,0.0010882557835429907
4981,0.0010859339963644743,0.0010882114060223103
4982,0.001085531199350953,0.0010881615430116654
4983,0.001085292431525886,0.0010881068382877857
4984,0.001085302559658885,0.0010880472871940582
4985,0.0010854098945856094,0.0010879891517106444
4986,0.0010853635612875223,0.0010879280779045074
4987,0.0010851917322725058,0.0010878747131209821
4988,0.0010850019752979279,0.0010878213297110051
4989,0.001085091382265091,0.0010877718066331
4990,0.0010853514540940523,0.0010877160634845495
4991,0.0010855814907699823,0.0010876553878188134
4992,0.0010857381857931614,0.0010875978181138634
4993,0.0010853313142433763,0.0010875430388841778
4994,0.0010850150138139725,0.0010874950082506985
4995,0.0010848530801013112,0.0010874430509284138
4996,0.0010849216487258673,0.0010873882658779621
4997,0.0010850091930478811,0.0010873311082832515
4998,0.0010848944075405598,0.0010872777830809354
4999,0.001084892894141376,0.0010872309061232953
5000,0.001084556570276618,0.0010871805960778148
5001,0.001084557268768549,0.00108712809975259
5002,0.0010846356162801385,0.0010870754136703908
5003,0.0010845295619219542,0.0010870258510112763
5004,0.001084596966393292,0.00108697950723581
5005,0.0010843356139957905,0.0010869298374745996
5006,0.0010843153577297926,0.001086876589106396
5007,0.00108426867518574,0.0010868241218850016
5008,0.0010843358468264341,0.0010867762635461986
5009,0.0010844460921362042,0.0010867308953311295
5010,0.0010844148928299546,0.0010866828658618033
5011,0.0010844268836081028,0.0010866289574187249
5012,0.0010842086048796773,0.001086575899971649
5013,0.0010841296752914786,0.0010865271952934562
5014,0.0010839602909982204,0.0010864804754965008
5015,0.001083931652829051,0.0010864320816472172
5016,0.0010839683236554265,0.0010863819485530258
5017,0.0010840015020221472,0.0010863325744867325
5018,0.0010840934701263905,0.0010862852074205876
5019,0.0010840131435543299,0.001086241395678371
5020,0.0010840437607839704,0.001086197409313172
5021,0.0010840382892638445,0.001086152569623664
5022,0.00108408834785223,0.0010861065564677118
5023,0.0010840260656550527,0.0010860598704311997
5024,0.0010839093010872602,0.0010860149934887886
5025,0.0010837072040885687,0.0010859683295711875
5026,0.001083528739400208,0.0010859249415807427
5027,0.0010834261775016785,0.0010858748725149781
5028,0.0010835523717105389,0.0010858229454606772
5029,0.0010838110465556383,0.0010857705771923065
5030,0.0010838574962690473,0.0010857166291680187
5031,0.001084019080735743,0.0010856696241535247
5032,0.0010840471368283033,0.0010856280010193586
5033,0.0010842194315046072,0.0010855931730475276
5034,0.0010839335154742002,0.0010855499480385334
5035,0.0010835923021659255,0.0010855045821517705
5036,0.0010832505067810416,0.0010854539379943162
5037,0.001083127805031836,0.0010854064475279302
5038,0.0010833534179255366,0.0010853657010011376
5039,0.001083357143215835,0.0010853228240739555
5040,0.0010834538843482733,0.0010852816223632545
5041,0.001083057140931487,0.0010852355044335127
5042,0.001083024893887341,0.0010851934237871318
5043,0.0010831174440681934,0.0010851521848235278
5044,0.0010833360720425844,0.0010851135395932943
5045,0.001083698240108788,0.0010850751516409218
5046,0.0010833414271473885,0.0010850351885892452
5047,0.0010832895059138536,0.0010849966167006642
5048,0.0010828622616827488,0.0010849552194122224
5049,0.001082726987078786,0.0010849148163106293
5050,0.0010826920624822378,0.0010848750395234675
5051,0.0010827896185219288,0.001084835323272273
5052,0.0010829431703314185,0.0010847971425391734
5053,0.0010829218663275242,0.0010847596987150609
5054,0.0010828259401023388,0.0010847216052934528
5055,0.0010825295466929674,0.0010846819682046771
5056,0.0010825037024915218,0.0010846438840962946
5057,0.0010825417703017592,0.0010846052330452949
5058,0.0010827232617884874,0.0010845695727039128
5059,0.0010830856626853347,0.0010845384479034692
5060,0.001083110342733562,0.0010845077165868133
5061,0.0010836246656253934,0.0010844820318743587
5062,0.0010837384033948183,0.0010844592249486596
5063,0.001083913492038846,0.0010844373540021479
5064,0.0010834229178726673,0.0010844106145668775
5065,0.001082901144400239,0.001084380152169615
5066,0.0010822971817106009,0.001084343628026545
5067,0.0010822556214407086,0.0010843063343781978
5068,0.0010826089419424534,0.0010842737508937716
5069,0.0010830177925527096,0.001084244028897956
5070,0.0010834576096385717,0.0010842178005259484
5071,0.0010830926476046443,0.0010841847467236221
5072,0.0010825799545273185,0.0010841416951734573
5073,0.001081901602447033,0.0010840813501272351
5074,0.001082329312339425,0.0010840253776405006
5075,0.0010831095278263092,0.0010839776054490358
5076,0.0010835316497832537,0.001083943295525387
5077,0.0010835095308721066,0.00108391887973994
5078,0.001082715461961925,0.0010838899214286356
5079,0.0010822024196386337,0.0010838529316242783
5080,0.0010818841401487589,0.0010838099138345569
5081,0.0010826988145709038,0.0010837775620166211
5082,0.0010827889200299978,0.0010837501392234117
5083,0.0010829140665009618,0.0010837263555731624
5084,0.0010823595803231,0.0010836969257798047
5085,0.0010816310532391071,0.0010836591373663395
5086,0.0010816752910614014,0.0010836222546640783
5087,0.0010819898452609777,0.001083590235793963
5088,0.0010825800709426403,0.0010835660167504103
5089,0.0010823626071214676,0.001083538728998974
5090,0.0010818575974553823,0.0010835037904325872
5091,0.0010812542168423533,0.001083460517693311
5092,0.0010816908907145262,0.0010834200447425247
5093,0.0010820274474099278,0.00108338700607419
5094,0.0010822046315297484,0.0010833589022513478
5095,0.0010818392038345337,0.0010833287634886802
5096,0.0010811301181092858,0.0010832908481825142
5097,0.0010810818057507277,0.0010832515743095428
5098,0.0010814510751515627,0.0010832171409856529
5099,0.0010818031150847673,0.0010831862431950868
5100,0.0010815357090905309,0.0010831560345832259
5101,0.0010808962397277355,0.0010831194242928177
5102,0.0010809286031872034,0.0010830823541618884
5103,0.001080931513570249,0.0010830463736783713
5104,0.0010810699313879013,0.0010830111033283173
5105,0.0010810436215251684,0.0010829781834036112
5106,0.0010806543286889791,0.001082941573113203
5107,0.0010805658530443907,0.0010829045448917897
5108,0.0010806291829794645,0.00108286747825332
5109,0.001080804504454136,0.0010828310623764992
5110,0.0010808141669258475,0.001082795055117458
5111,0.0010806502541527152,0.0010827572888229041
5112,0.001080466783605516,0.0010827198706101625
5113,0.001080307993106544,0.0010826816537883133
5114,0.0010802512988448143,0.0010826445638667792
5115,0.001080238027498126,0.00108260762761347
5116,0.0010802479228004813,0.0010825704236049206
5117,0.001080260262824595,0.001082533011212945
5118,0.0010804478079080582,0.0010824965545907616
5119,0.0010804724879562855,0.0010824611480347813
5120,0.0010804003104567528,0.001082424713531509
5121,0.0010801912285387516,0.001082386242924258
5122,0.001080052461475134,0.001082345884060487
5123,0.0010799112496897578,0.0010823047359008343
5124,0.001079844543710351,0.0010822640883270652
5125,0.001079887617379427,0.0010822258924599738
5126,0.001080051762983203,0.0010821911226958037
5127,0.0010803737677633762,0.0010821605985984206
5128,0.0010804776102304459,0.0010821298509836198
5129,0.0010806741192936897,0.0010820984817110002
5130,0.0010806468781083822,0.0010820663755293936
5131,0.0010807791259139776,0.001082033975981176
5132,0.0010804517660290003,0.001081998022273183
5133,0.0010798725998029113,0.0010819545539561659
5134,0.0010796134592965245,0.0010819113533943891
5135,0.0010797157883644104,0.001081872588256374
5136,0.001079877489246428,0.0010818388580810278
5137,0.0010800131130963564,0.0010818077111616731
5138,0.001079972367733717,0.001081773900659755
5139,0.0010796168353408575,0.001081736497581005
5140,0.0010794950649142265,0.0010816969093866645
5141,0.0010793684050440788,0.0010816600220277905
5142,0.001079448382370174,0.0010816242569126188
5143,0.0010794525733217597,0.0010815876082051546
5144,0.0010794841218739748,0.0010815490887034684
5145,0.0010795551352202892,0.0010815076576545834
5146,0.001079379115253687,0.0010814680345356464
5147,0.0010792117100208998,0.001081427256576717
5148,0.001079027890227735,0.0010813889128621667
5149,0.0010791812092065811,0.0010813534550834446
5150,0.0010791802778840065,0.0010813183372374623
5151,0.0010794810950756073,0.0010812852520029992
5152,0.0010797525756061077,0.001081253346055746
5153,0.0010796536225825548,0.0010812206636182963
5154,0.0010799954179674387,0.0010811923583969475
5155,0.0010794285917654634,0.0010811613488476723
5156,0.00107935955747962,0.0010811299073975533
5157,0.0010788158979266882,0.0010810926486738027
5158,0.0010790289379656315,0.0010810557054355741
5159,0.001079221605323255,0.0010810170648619534
5160,0.001079560606740415,0.001080981567502022
5161,0.0010801409371197224,0.0010809467302169652
5162,0.0010798962321132421,0.0010809083085041493
5163,0.001080149319022894,0.0010808706667739898
5164,0.0010792698012664914,0.001080829135607928
5165,0.0010791565291583538,0.0010807916894555092
5166,0.0010785969207063317,0.0010807546868454665
5167,0.0010791984386742115,0.0010807241150178016
5168,0.0010796843562275171,0.0010806948691606522
5169,0.0010797560680657625,0.0010806622519157828
5170,0.0010797919239848852,0.0010806255950592458
5171,0.001078812056221068,0.0010805827891454101
5172,0.0010788083309307694,0.0010805450729094446
5173,0.001078475033864379,0.001080510807223618
5174,0.0010793423280119896,0.0010804809373803437
5175,0.001079661538824439,0.001080446457490325
5176,0.0010797221912071109,0.0010804083629045635
5177,0.0010793762048706412,0.0010803670296445488
5178,0.0010784459300339222,0.0010803243343252688
5179,0.0010784766636788845,0.0010802870767656714
5180,0.001078334404155612,0.00108025157940574
5181,0.0010789368534460664,0.0010802139597944915
5182,0.0010788585059344769,0.0010801746556535364
5183,0.0010787025094032288,0.001080132540082559
5184,0.001078248955309391,0.0010800914338324218
5185,0.001078026951290667,0.0010800553928129375
5186,0.001078177709132433,0.0010800204169936478
5187,0.001078326953575015,0.0010799837880767881
5188,0.001078407745808363,0.0010799420648254453
5189,0.0010780503507703543,0.0010798989422619342
5190,0.0010779318399727345,0.0010798596846871079
5191,0.0010776582639664412,0.0010798237251583487
5192,0.0010778093710541725,0.0010797849099617451
5193,0.0010779094882309437,0.0010797437303699552
5194,0.0010780376615002751,0.0010797020606696606
5195,0.0010780220618471503,0.0010796638892497867
5196,0.0010778482537716627,0.0010796310706064104
5197,0.0010776967974379659,0.0010795972205232829
5198,0.0010774931870400906,0.001079557641642168
5199,0.0010774459224194288,0.0010795140697155148
5200,0.0010774172842502594,0.0010794728854671121
5201,0.0010774721158668399,0.001079438644228503
5202,0.0010774977272376418,0.0010794043354690076
5203,0.0010774468537420034,0.001079369488870725
5204,0.001077396096661687,0.001079332750523463
5205,0.0010773073881864548,0.0010792953881900757
5206,0.001077213790267706,0.001079260982805863
5207,0.0010771939996629953,0.001079227264272049
5208,0.0010770868975669146,0.0010791918414179236
5209,0.0010770858498290181,0.0010791546548716724
5210,0.001077050343155861,0.0010791170166339725
5211,0.0010770526714622974,0.0010790810408070684
5212,0.0010771260131150484,0.0010790476331021637
5213,0.0010772161185741425,0.0010790167143568397
5214,0.0010774268303066492,0.001078988469671458
5215,0.0010777770075947046,0.0010789638594724238
5216,0.0010789553634822369,0.0010789509338792413
5217,0.0010796956485137343,0.0010789452877361327
5218,0.0010814748238772154,0.0010789555578958243
5219,0.001081130700185895,0.0010789621400181205
5220,0.0010813649278134108,0.001078971786191687
5221,0.0010789359221234918,0.0010789592331275344
5222,0.0010771158849820495,0.0010789298673626036
5223,0.0010779625736176968,0.0010789103806018829
5224,0.0010801074095070362,0.0010789130092598498
5225,0.0010809851810336113,0.0010789239848963917
5226,0.0010790942469611764,0.0010789144097361715
5227,0.001077058957889676,0.0010788812616374344
5228,0.0010774368420243263,0.0010788508539553731
5229,0.001079116715118289,0.0010788352799136192
5230,0.0010797749273478985,0.0010788265604060143
5231,0.0010781555902212858,0.0010788003250490875
5232,0.0010766498744487762,0.0010787623061332852
5233,0.0010775690898299217,0.0010787392710335552
5234,0.001078493194654584,0.001078728068387136
5235,0.0010784498881548643,0.0010787154093850405
5236,0.0010772463865578175,0.0010786890983581544
5237,0.0010764519684016705,0.0010786534869112075
5238,0.0010773867834359407,0.0010786276310682298
5239,0.0010777271818369627,0.0010786087345331908
5240,0.001077377237379551,0.001078587556257844
5241,0.0010765623301267624,0.0010785594955086708
5242,0.0010764333419501781,0.0010785293451044708
5243,0.0010769674554467201,0.0010785044939257205
5244,0.0010768899228423834,0.0010784785519354046
5245,0.0010764175094664097,0.0010784471756778657
5246,0.0010762227466329932,0.0010784156119916588
5247,0.0010764161124825478,0.0010783876560162753
5248,0.001076612388715148,0.0010783635010011494
5249,0.001076463027857244,0.001078336319187656
5250,0.0010760660516098142,0.001078305176924914
5251,0.0010760121513158083,0.0010782704874873162
5252,0.0010761538287624717,0.0010782345000188798
5253,0.001076197950169444,0.0010781999432947487
5254,0.0010760859586298466,0.0010781608487013727
5255,0.001075863721780479,0.0010781252000015228
5256,0.0010757867712527514,0.0010780894721392543
5257,0.0010758121497929096,0.0010780594346579163
5258,0.0010757982963696122,0.0010780271282419562
5259,0.0010757847921922803,0.0010779927601106466
5260,0.0010757006239145994,0.0010779541602823884
5261,0.0010756317060440779,0.001077909067971632
5262,0.0010755842085927725,0.0010778659477364272
5263,0.001075488980859518,0.0010778193443547934
5264,0.0010754996910691261,0.0010777816432528198
5265,0.0010755290277302265,0.0010777453682385386
5266,0.0010754959657788277,0.0010777143586892634
5267,0.001075488398782909,0.0010776772582903505
5268,0.0010754248360171914,0.0010776346630882471
5269,0.0010753708193078637,0.0010775908106006682
5270,0.0010753176175057888,0.0010775460675358773
5271,0.0010752372909337282,0.0010775103198830038
5272,0.0010751967784017324,0.0010774742043577134
5273,0.0010751570807769895,0.0010774410248268395
5274,0.0010751421796157956,0.0010773990233428777
5275,0.0010751551017165184,0.0010773539589717983
5276,0.0010752803646028042,0.0010773095407057554
5277,0.001075485721230507,0.001077270635869354
5278,0.0010759131982922554,0.0010772453085519374
5279,0.0010760131990537047,0.0010772206739056856
5280,0.0010760438162833452,0.0010771977680269628
5281,0.0010756885167211294,0.0010771652846597135
5282,0.001075294567272067,0.0010771296452730893
5283,0.0010749826906248927,0.001077092447085306
5284,0.0010748899076133966,0.0010770588566083462
5285,0.0010750091169029474,0.001077028678264469
5286,0.0010751736117526889,0.0010769986372906714
5287,0.0010753547539934516,0.0010769689152948557
5288,0.0010752223897725344,0.0010769370617344975
5289,0.0010748847853392363,0.0010769054060801864
5290,0.0010747003834694624,0.0010768730915151536
5291,0.0010748796630650759,0.00107684530550614
5292,0.0010750312358140945,0.0010768175241537392
5293,0.00107515265699476,0.0010767899558413773
5294,0.0010751234367489815,0.0010767608135938645
5295,0.0010749665088951588,0.0010767302580643446
5296,0.0010747479973360896,0.0010766992554999888
5297,0.0010745194740593433,0.0010766674822662026
5298,0.0010745716281235218,0.0010766382666770368
5299,0.0010746102780103683,0.0010766099102329464
5300,0.0010747357737272978,0.0010765830951277166
5301,0.0010749526554718614,0.0010765579005237668
5302,0.0010749805951490998,0.0010765327292028815
5303,0.0010748670902103186,0.0010765069315675647
5304,0.001074514933861792,0.0010764781199395657
5305,0.0010744573082774878,0.001076449619140476
5306,0.001074334722943604,0.001076420828467235
5307,0.0010743476450443268,0.0010763923649210483
5308,0.001074358937330544,0.0010763650853186845
5309,0.0010744513710960746,0.0010763387405313552
5310,0.0010744226165115833,0.0010763124632649124
5311,0.0010743769817054272,0.0010762857063673437
5312,0.0010744036408141255,0.0010762584826443345
5313,0.0010742476442828774,0.0010762287979014218
5314,0.0010742417071014643,0.00107619694666937
5315,0.00107399036642164,0.0010761590802576392
5316,0.001074035419151187,0.0010761098808143288
5317,0.0010739949066191912,0.0010760528733953834
5318,0.0010742000304162502,0.0010759801254607737
5319,0.0010747193591669202,0.001075916012050584
5320,0.0010751227382570505,0.0010758535901550204
5321,0.0010762755991891026,0.0010758269869256764
5322,0.001076253829523921,0.0010758183663710952
5323,0.0010769409127533436,0.0010758081497624517
5324,0.0010759502183645964,0.0010757665778510271
5325,0.001074706669896841,0.0010757037927396596
5326,0.0010738314595073462,0.0010756511648651213
5327,0.001074087107554078,0.0010756214463617652
5328,0.0010745807085186243,0.0010755928850267082
5329,0.0010746079497039318,0.0010755477973725647
5330,0.0010741438018158078,0.0010754914861172437
5331,0.0010736477561295033,0.001075446407776326
5332,0.0010737768607214093,0.0010754176776390522
5333,0.0010740762809291482,0.0010753827495500446
5334,0.0010742249432951212,0.00107534006703645
5335,0.0010739290155470371,0.0010752948583103716
5336,0.0010735710384324193,0.0010752581048291176
5337,0.0010734335519373417,0.0010752279206644743
5338,0.0010735150426626205,0.0010751892032567411
5339,0.0010736171388998628,0.0010751481028273703
5340,0.0010735809337347746,0.0010751101397909223
5341,0.0010734132956713438,0.0010750786494463681
5342,0.0010732430964708328,0.0010750467469915748
5343,0.001073257066309452,0.001075009643100202
5344,0.00107320467941463,0.0010749727906659247
5345,0.0010732817463576794,0.0010749414330348372
5346,0.0010733382077887654,0.001074912587646395
5347,0.0010734506649896502,0.001074882933171466
5348,0.0010733993258327246,0.0010748508025426417
5349,0.0010732844239100814,0.0010748190165031702
5350,0.001073123188689351,0.0010747895878739655
5351,0.001073005492798984,0.0010747595212887973
5352,0.0010729366913437843,0.0010747273499146105
5353,0.0010729701025411487,0.0010746950714383273
5354,0.0010729932691901922,0.001074664144543931
5355,0.0010730680078268051,0.0010746361874043942
5356,0.0010730635840445757,0.0010746089555323125
5357,0.0010730098001658916,0.0010745809320360422
5358,0.0010730884969234467,0.0010745538340415806
5359,0.0010729942005127668,0.0010745259281247854
5360,0.0010729560162872076,0.0010744984820485115
5361,0.001072834711521864,0.0010744705121032894
5362,0.0010727738263085485,0.001074442408280447
5363,0.001072688726708293,0.001074414405738935
5364,0.001072651008144021,0.0010743859189096838
5365,0.001072595128789544,0.001074356579920277
5366,0.0010725533356890082,0.0010743271536193789
5367,0.001072548096999526,0.001074297750601545
5368,0.001072532031685114,0.0010742688225582242
5369,0.0010725606698542833,0.0010742407210636883
5370,0.0010726379696279764,0.0010742139245849102
5371,0.001072953804396093,0.0010741910897195338
5372,0.001073261140845716,0.0010741717333439737
5373,0.0010739823337644339,0.0010741599858738481
5374,0.001074077794328332,0.0010741493420209735
5375,0.0010744892060756683,0.0010741426830645651
5376,0.0010739410063251853,0.0010741292894817889
5377,0.0010735302930697799,0.0010741097352001815
5378,0.0010726600885391235,0.0010740772041026503
5379,0.0010724894236773252,0.0010740419663488865
5380,0.0010727668413892388,0.0010740091965999454
5381,0.0010732064256444573,0.0010739843756891786
5382,0.0010733356466516852,0.0010739647864829748
5383,0.001072842045687139,0.0010739433800335974
5384,0.0010724691674113274,0.0010739191726315766
5385,0.0010721669532358646,0.0010738907509949059
5386,0.0010726319160312414,0.0010738653340376914
5387,0.0010727948974817991,0.0010738397354725748
5388,0.001072762650437653,0.001073815138079226
5389,0.0010726518230512738,0.0010737928084563464
5390,0.001072137150913477,0.0010737671761307866
5391,0.0010721152648329735,0.0010737395321484655
5392,0.0010720272548496723,0.0010737094923388214
5393,0.001072462648153305,0.0010736825922504068
5394,0.0010728002525866032,0.001073659360408783
5395,0.0010726660257205367,0.0010736363555770368
5396,0.001072749262675643,0.0010736163682304324
5397,0.0010719901183620095,0.0010735910746734589
5398,0.0010719916317611933,0.0010735652747098357
5399,0.001071713282726705,0.001073536304756999
5400,0.0010720177087932825,0.0010735091241076589
5401,0.0010722443694248796,0.001073482041247189
5402,0.0010721678845584393,0.0010734539141412825
5403,0.0010723393643274903,0.001073428636882454
5404,0.0010716244578361511,0.0010733997321221978
5405,0.0010717306286096573,0.0010733724653255194
5406,0.0010715010575950146,0.0010733441286720335
5407,0.001071962877176702,0.0010733202809933573
5408,0.0010722898878157139,0.001073299590498209
5409,0.0010723259765654802,0.0010732783365529032
5410,0.0010726609034463763,0.001073260719422251
5411,0.001071895589120686,0.0010732359054964036
5412,0.001071806182153523,0.0010732099309097975
5413,0.0010711686918511987,0.0010731791413854809
5414,0.0010717387776821852,0.001073154112091288
5415,0.0010721839498728514,0.0010731360479258002
5416,0.0010724011808633804,0.001073119705542922
5417,0.0010729182977229357,0.0010731089394539594
5418,0.0010717576369643211,0.0010730845155194403
5419,0.0010717129334807396,0.0010730544512625785
5420,0.001071019098162651,0.0010730134148616345
5421,0.0010718480916693807,0.0010729691397864372
5422,0.001072359154932201,0.00107293019304052
5423,0.001072464743629098,0.0010728854313492775
5424,0.0010727238841354847,0.0010728531680069863
5425,0.0010713719530031085,0.001072819820838049
5426,0.0010713916271924973,0.0010727954225149005
5427,0.0010709745110943913,0.0010727642965503038
5428,0.0010721595026552677,0.0010727400844916701
5429,0.0010724975727498531,0.0010727189807221294
5430,0.001072416198439896,0.0010727017046883703
5431,0.0010721362195909023,0.0010726865893229843
5432,0.0010708239860832691,0.0010726570605766028
5433,0.0010711995419114828,0.0010726282931864263
5434,0.001071237144060433,0.0010725984151940793
5435,0.0010721837170422077,0.001072580962209031
5436,0.0010718894191086292,0.001072564146015793
5437,0.0010715783573687077,0.0010725455940701067
5438,0.0010711054783314466,0.001072521498426795
5439,0.0010705317836254835,0.0010724906448740512
5440,0.001071156351827085,0.0010724663990549744
5441,0.0010709906928241253,0.001072442173026502
5442,0.0010711090872064233,0.001072420832933858
5443,0.0010705459862947464,0.001072393722133711
5444,0.0010704288724809885,0.0010723659640643746
5445,0.0010704456362873316,0.001072337602963671
5446,0.0010704128071665764,0.0010723083489574492
5447,0.001070518745109439,0.0010722790297586471
5448,0.001070242142304778,0.0010722474579233675
5449,0.0010702465660870075,0.0010722170793451369
5450,0.0010699951089918613,0.001072185798548162
5451,0.0010701225837692618,0.0010721569694578648
5452,0.001070060534402728,0.0010721282078884542
5453,0.00107008486520499,0.0010720993555150926
5454,0.001070037018507719,0.001072069793008268
5455,0.001069936086423695,0.0010720384737942367
5456,0.0010699161794036627,0.0010720069997478276
5457,0.0010698388796299696,0.0010719752905424685
5458,0.0010697919642552733,0.0010719423252157868
5459,0.0010697564575821161,0.0010719099477864802
5460,0.0010696921963244677,0.0010718773095868528
5461,0.0010697015095502138,0.0010718459775671363
5462,0.0010696594836190343,0.0010718148341402412
5463,0.0010696727549657226,0.0010717846744228154
5464,0.0010697735706344247,0.0010717559000477195
5465,0.00106981978751719,0.001071728146634996
5466,0.0010701357387006283,0.0010717039706651121
5467,0.001070254947990179,0.0010716810391750186
5468,0.001070614904165268,0.0010716618678998202
5469,0.0010707660112529993,0.0010716439213138073
5470,0.0010713457595556974,0.0010716309992130845
5471,0.0010710963979363441,0.0010716124251484872
5472,0.0010707320179790258,0.0010715871339198203
5473,0.0010700610000640154,0.001071547920582816
5474,0.0010696169920265675,0.0010715033125597983
5475,0.001069438410922885,0.0010714528046082705
5476,0.0010697008110582829,0.0010714104026556014
5477,0.0010698835831135511,0.0010713739355560391
5478,0.001069811638444662,0.0010713454510550946
5479,0.001069484744220972,0.001071315404260531
5480,0.0010692542418837547,0.0010712802782654762
5481,0.0010692591313272715,0.0010712408053223043
5482,0.001069420948624611,0.0010712016583420336
5483,0.0010695361997932196,0.0010711685998830945
5484,0.0010695395758375525,0.0010711393039673567
5485,0.0010693389922380447,0.0010711110243573786
5486,0.001069102669134736,0.0010710757318884135
5487,0.001068993704393506,0.0010710377199575306
5488,0.001069032121449709,0.001071000414667651
5489,0.0010690884664654732,0.001070964781101793
5490,0.0010691636707633734,0.001070935046300292
5491,0.0010692208306863904,0.001070906101958826
5492,0.0010691507486626506,0.0010708773368969559
5493,0.0010691932402551174,0.001070844642817974
5494,0.0010690996423363686,0.0010708076367154718
5495,0.0010690501658245921,0.0010707714781165124
5496,0.001068861922249198,0.0010707326047122477
5497,0.001068769721314311,0.0010707004007417709
5498,0.0010686881141737103,0.001070667365565896
5499,0.0010686670430004597,0.0010706369031686337
5500,0.0010686630848795176,0.001070603356929496
5501,0.0010686828754842281,0.0010705677419900895
5502,0.001068674842827022,0.0010705328115727753
5503,0.0010686409659683704,0.0010704958275891841
5504,0.0010687588946893811,0.0010704671719577164
5505,0.001068717218004167,0.0010704370378516615
5506,0.0010688372422009706,0.001070410399697721
5507,0.0010689827613532543,0.0010703805985394865
5508,0.0010693867225199938,0.0010703515668865292
5509,0.0010696484241634607,0.001070324791362509
5510,0.001070518046617508,0.0010703033627942205
5511,0.0010705087333917618,0.0010702894942369312
5512,0.0010716388933360577,0.0010702878213487566
5513,0.0010712742805480957,0.0010702888772357254
5514,0.0010705295717343688,0.0010702767851762474
5515,0.0010694125667214394,0.0010702490713447332
5516,0.0010686201276257634,0.0010702112608123571
5517,0.0010686619207262993,0.0010701686970423906
5518,0.0010693874210119247,0.0010701449948828667
5519,0.0010696970857679844,0.0010701248364057391
5520,0.0010691828792914748,0.0010701064742170273
5521,0.001068474492058158,0.0010700727382209152
5522,0.0010683353757485747,0.0010700325004290789
5523,0.0010686053428798914,0.0010699939064215869
5524,0.001068917103111744,0.0010699558386113495
5525,0.0010688508627936244,0.0010699306277092546
5526,0.0010684793815016747,0.0010699015052523463
5527,0.0010681143030524254,0.0010698729031719267
5528,0.00106813944876194,0.0010698327026329934
5529,0.001068341312929988,0.0010697911400347948
5530,0.0010685817105695605,0.0010697527951560913
5531,0.0010688456241041422,0.001069719889201224
5532,0.0010685792658478022,0.0010696974419988692
5533,0.0010681657586246729,0.0010696671041660012
5534,0.0010679115075618029,0.0010696338478010147
5535,0.001067937584593892,0.0010695913864765317
5536,0.0010680857812985778,0.0010695533500984311
5537,0.0010682563297450542,0.0010695201298221947
5538,0.001068310346454382,0.0010694921785034239
5539,0.0010680947452783585,0.0010694678081199526
5540,0.0010678258258849382,0.0010694345028605312
5541,0.0010677101090550423,0.0010694016970228405
5542,0.00106771569699049,0.0010693677631206811
5543,0.0010677778627723455,0.001069340081885457
5544,0.001067805103957653,0.0010693138442002237
5545,0.0010678048711270094,0.0010692874365486205
5546,0.001067649107426405,0.0010692597995512188
5547,0.0010676723904907703,0.001069231336005032
5548,0.001067549572326243,0.0010692044103052466
5549,0.0010675303637981415,0.0010691772482823581
5550,0.0010677032405510545,0.00106915432959795
5551,0.0010676593519747257,0.0010691296972800046
5552,0.0010676742531359196,0.0010691058344673365
5553,0.0010677408427000046,0.0010690823942422867
5554,0.0010677133686840534,0.00106905915774405
5555,0.0010676940437406301,0.0010690367373172194
5556,0.0010678021935746074,0.0010690155974589289
5557,0.0010676165111362934,0.001068993373773992
5558,0.001067622099071741,0.0010689716751221567
5559,0.001067355740815401,0.0010689476679544897
5560,0.0010672617936506867,0.0010689233639277517
5561,0.0010672563221305609,0.0010688989120535553
5562,0.0010672349017113447,0.0010688746662344784
5563,0.0010672607459127903,0.001068850546143949
5564,0.0010673054493963718,0.0010688258649315685
5565,0.0010673442156985402,0.001068801109213382
5566,0.0010673461947590113,0.0010687732137739658
5567,0.0010673846118152142,0.0010687445104122161
5568,0.0010672924108803272,0.0010687112854793667
5569,0.0010674302466213703,0.0010686779278330505
5570,0.0010672324569895864,0.0010686367948073894
5571,0.0010672197677195072,0.001068598028505221
5572,0.0010671181371435523,0.0010685618896968663
5573,0.001066999277099967,0.0010685312724672258
5574,0.0010668938048183918,0.001068504040595144
5575,0.0010668763425201178,0.0010684784199111164
5576,0.0010668309405446053,0.0010684497212059797
5577,0.0010668488685041666,0.0010684193740598856
5578,0.0010668666800484061,0.0010683899244759232
5579,0.0010668332688510418,0.001068363409722224
5580,0.0010669142939150333,0.0010683400102425367
5581,0.0010669082403182983,0.0010683165013324468
5582,0.0010670889168977737,0.0010682931810151786
5583,0.0010672447970137,0.0010682702669873834
5584,0.0010680821724236012,0.0010682556929532438
5585,0.0010689389891922474,0.0010682516929227859
5586,0.0010717102559283376,0.001068277768790722
5587,0.0010733881499618292,0.0010683217132464052
5588,0.0010792515240609646,0.0010684239072725177
5589,0.001078508561477065,0.0010685181082226336
5590,0.0010766726918518543,0.0010685931984335184
5591,0.0010702547151595354,0.0010686035372782499
5592,0.0010672023054212332,0.0010685840528458356
5593,0.001070552272722125,0.0010685976431705057
5594,0.0010738063137978315,0.0010686447098851204
5595,0.0010719341225922108,0.0010686735494527966
5596,0.0010678377002477646,0.0010686633072327823
5597,0.0010675028897821903,0.001068650638917461
5598,0.0010703681036829948,0.001068667438812554
5599,0.0010709773050621152,0.0010686905414331704
5600,0.0010680346749722958,0.0010686842573340981
5601,0.0010667379247024655,0.0010686648078262807
5602,0.0010682705324143171,0.0010686607647221536
5603,0.0010691082570701838,0.0010686654376331718
5604,0.0010674938093870878,0.0010686527867801486
5605,0.0010665131267160177,0.0010686307458672674
5606,0.0010676347883418202,0.0010686187213286757
5607,0.0010681039420887828,0.001068609933136031
5608,0.0010673193028196692,0.0010685892589390278
5609,0.0010663904249668121,0.0010685566789470614
5610,0.0010669315233826637,0.001068520813714713
5611,0.001067548873834312,0.0010684912151191384
5612,0.0010668985778465867,0.0010684438119642438
5613,0.0010662181302905083,0.0010683932504616678
5614,0.0010665408335626125,0.0010683533630799502
5615,0.001066937344148755,0.0010683286108542234
5616,0.0010666975285857916,0.0010683093848638237
5617,0.0010661017149686813,0.0010682837828062475
5618,0.0010662187123671174,0.0010682520957197995
5619,0.001066635362803936,0.001068221478490159
5620,0.0010664064902812243,0.0010681937146000565
5621,0.001065955962985754,0.0010681685293093325
5622,0.0010660210391506553,0.0010681453859433532
5623,0.0010661967098712921,0.0010681212996132671
5624,0.0010662167333066463,0.0010680942959152163
5625,0.0010658686514943838,0.0010680644738022239
5626,0.0010658055543899536,0.0010680377355311065
5627,0.0010659603867679834,0.0010680161963682621
5628,0.0010660446714609861,0.0010679952485952526
5629,0.0010658802930265665,0.0010679706383962184
5630,0.0010656779631972313,0.0010679416009224951
5631,0.001065654680132866,0.0010679096914827824
5632,0.0010657834354788065,0.0010678817331790924
5633,0.001065785065293312,0.0010678579262457788
5634,0.0010657114908099174,0.00106783592607826
5635,0.0010655727237462997,0.001067812277469784
5636,0.0010655198711901903,0.0010677866183687003
5637,0.0010656676022335887,0.0010677607310935855
5638,0.0010656432714313269,0.001067734060343355
5639,0.0010655771475285292,0.0010677088843658567
5640,0.0010654798243194818,0.0010676854243502022
5641,0.0010653852950781584,0.0010676621762104332
5642,0.001065376098267734,0.0010676387802232056
5643,0.0010654048528522253,0.0010676150501240044
5644,0.0010654302313923836,0.0010675913013983517
5645,0.0010653891367837787,0.0010675671440549194
5646,0.0010653332574293017,0.0010675439855549484
5647,0.001065241638571024,0.001067519678035751
5648,0.00106523628346622,0.0010674965451471508
5649,0.0010652286000549793,0.001067473527509719
5650,0.0010652795899659395,0.001067449291003868
5651,0.0010654123034328222,0.001067426820518449
5652,0.0010654475772753358,0.0010674045537598432
5653,0.0010655446676537395,0.0010673825920093805
5654,0.0010653899516910315,0.0010673593578394503
5655,0.0010652437340468168,0.001067334854742512
5656,0.0010650798212736845,0.001067307631019503
5657,0.0010650408221408725,0.0010672818741295487
5658,0.0010651128832250834,0.001067256781971082
5659,0.0010651190532371402,0.0010672344150952995
5660,0.0010651701595634222,0.0010672134987544269
5661,0.0010650951880961657,0.0010671918874140829
5662,0.0010650292970240116,0.0010671698313672096
5663,0.0010649266187101603,0.0010671464900951833
5664,0.0010648679453879595,0.0010671221150550991
5665,0.0010648458264768124,0.001067097131162882
5666,0.0010648311581462622,0.0010670719807967543
5667,0.0010648330207914114,0.0010670464648865163
5668,0.001064835349097848,0.0010670218942686915
5669,0.0010648055467754602,0.0010669956472702325
5670,0.0010648055467754602,0.0010669713781680911
5671,0.0010648909956216812,0.001066948090447113
5672,0.0010648913448676467,0.0010669258225243538
5673,0.0010649586329236627,0.0010669054160825908
5674,0.0010649864561855793,0.0010668863425962627
5675,0.0010650156764313579,0.0010668677359353751
5676,0.0010648758616298437,0.0010668481851462276
5677,0.0010648982133716345,0.0010668286785949022
5678,0.0010646854061633348,0.0010668068658560514
5679,0.0010646230075508356,0.0010667847632430494
5680,0.0010647294111549854,0.001066762914415449
5681,0.001064628828316927,0.0010667401202954351
5682,0.0010646451264619827,0.0010667156823910772
5683,0.0010646944865584373,0.0010666901792865246
5684,0.0010645552538335323,0.001066654910100624
5685,0.0010645405855029821,0.0010666109260637313
5686,0.0010645515285432339,0.0010665393387898803
5687,0.001064416253939271,0.0010664496198296547
5688,0.0010644521098583937,0.001066301625687629
5689,0.001064428361132741,0.0010661608236841858
5690,0.0010643277782946825,0.001066037374548614
5691,0.0010643522255122662,0.0010659783496521414
5692,0.0010643352288752794,0.0010659496788866817
5693,0.0010643108980730176,0.0010658872651401908
5694,0.0010642727138474584,0.001065791929140687
5695,0.0010642183478921652,0.0010657147713936865
5696,0.0010642355773597956,0.0010656787501648068
5697,0.0010642835404723883,0.001065646556671709
5698,0.0010643445421010256,0.0010655863210558892
5699,0.0010646216105669737,0.0010655227641109377
5700,0.0010649235919117928,0.0010654916532803326
5701,0.0010659154504537582,0.0010654834285378457
5702,0.0010662749409675598,0.001065463472623378
5703,0.001066876226104796,0.0010654411523137242
5704,0.0010659289546310902,0.0010654255037661643
5705,0.0010651163756847382,0.0010654115362558514
5706,0.0010642558336257935,0.0010653777467086911
5707,0.0010644834255799651,0.001065341541543603
5708,0.0010652123019099236,0.0010653204715345055
5709,0.0010651996126398444,0.001065308563411236
5710,0.0010650131152942777,0.001065289379330352
5711,0.0010641457047313452,0.0010652553476393223
5712,0.0010643282439559698,0.0010652296443004162
5713,0.001064711483195424,0.0010652145778294654
5714,0.0010648855241015553,0.0010651980247348546
5715,0.0010646805167198181,0.0010651754564605653
5716,0.0010640333639457822,0.0010651488148141653
5717,0.0010640393011271954,0.0010651281906757504
5718,0.001064307289198041,0.0010651090764440597
5719,0.0010645657312124968,0.0010650883801281452
5720,0.001064724288880825,0.0010650715581141412
5721,0.0010640928521752357,0.001065052927006036
5722,0.001063949428498745,0.0010650322108995169
5723,0.0010639475658535957,0.00106500971945934
5724,0.0010643128771334887,0.0010649906808976083
5725,0.0010646919254213572,0.0010649789136368782
5726,0.0010643560672178864,0.0010649644187651574
5727,0.001064167357981205,0.0010649464884772896
5728,0.0010636920342221856,0.0010649229621049017
5729,0.0010638539679348469,0.0010649026988539844
5730,0.0010641517583280802,0.001064887436805293
5731,0.0010641361586749554,0.0010648722515907139
5732,0.001064211130142212,0.0010648565285373479
5733,0.001063729403540492,0.0010648359719198197
5734,0.0010636773658916354,0.0010648156306706368
5735,0.001063623232766986,0.0010647961357608438
5736,0.001063752337358892,0.0010647784604225308
5737,0.0010638789972290397,0.0010647605743724852
5738,0.0010635823709890246,0.0010647399653680623
5739,0.0010635670041665435,0.0010647198639344424
5740,0.001063384348526597,0.0010646989091765136
5741,0.0010635311482474208,0.0010646803677082063
5742,0.0010637380182743073,0.0010646639869082719
5743,0.0010635943617671728,0.0010646458819974214
5744,0.0010637086816132069,0.0010646286664996295
5745,0.0010633980855345726,0.0010646087559871376
5746,0.0010632968042045832,0.0010645883914548904
5747,0.001063263276591897,0.0010645686078350992
5748,0.0010632749181240797,0.0010645489941816778
5749,0.00106344954110682,0.0010645312035921961
5750,0.0010633543133735657,0.0010645119508262723
5751,0.0010633307974785566,0.0010644911357667298
5752,0.0010632479097694159,0.0010644691390916704
5753,0.0010631027398630977,0.001064444719813764
5754,0.0010630819015204906,0.0010644216393120587
5755,0.001063033938407898,0.0010643995413556694
5756,0.0010630351025611162,0.001064379094168544
5757,0.001063058734871447,0.0010643592732958495
5758,0.0010630645556375384,0.001064338790019974
5759,0.001063077012076974,0.0010643183696083724
5760,0.0010631205514073372,0.0010642978735268115
5761,0.0010630751494318247,0.0010642776731401681
5762,0.0010631518671289086,0.0010642588988412172
5763,0.0010631594341248274,0.0010642412269953638
5764,0.0010633382480591536,0.0010642259300220759
5765,0.0010633579222485423,0.001064211050979793
5766,0.0010635275393724442,0.0010641980147920549
5767,0.0010634742211550474,0.0010641844267956912
5768,0.0010633228812366724,0.0010641693021170794
5769,0.001063022413291037,0.0010641514707822352
5770,0.001062810537405312,0.0010641315206885338
5771,0.0010627848096191883,0.0010641104588285089
5772,0.0010629144962877035,0.0010640906903427094
5773,0.0010630607139319181,0.001064071711152792
5774,0.0010630134493112564,0.0010640519810840487
5775,0.0010628881864249706,0.0010640307061839849
5776,0.0010627286974340677,0.0010640092345420272
5777,0.0010626483708620071,0.001063986736116931
5778,0.0010626944713294506,0.001063966826768592
5779,0.0010626956354826689,0.0010639475530479104
5780,0.001062740571796894,0.0010639276646543295
5781,0.0010627182200551033,0.0010639085585717111
5782,0.001062630908563733,0.0010638884163927287
5783,0.0010625672293826938,0.0010638671438209712
5784,0.0010624791029840708,0.0010638463823124766
5785,0.0010624416172504425,0.0010638253926299511
5786,0.0010624228743836284,0.0010638041060883551
5787,0.0010624198475852609,0.001063784142024815
5788,0.0010624297428876162,0.0010637639183551074
5789,0.0010624465066939592,0.0010637440998107195
5790,0.0010624886490404606,0.0010637257085181772
5791,0.0010626519797369838,0.0010637087060604246
5792,0.0010628083255141973,0.0010636934370268137
5793,0.0010633678175508976,0.0010636840062215923
5794,0.0010638709645718336,0.001063679988728836
5795,0.0010656343074515462,0.00106369414832443
5796,0.0010663613211363554,0.0010637154057621956
5797,0.0010684030130505562,0.0010637566004879772
5798,0.0010677045211195946,0.001063790200278163
5799,0.0010667141759768128,0.0010638111259322614
5800,0.0010639831889420748,0.0010638017219025643
5801,0.0010623750276863575,0.0010637663176748901
5802,0.0010637086816132069,0.0010637406550813467
5803,0.00106551474891603,0.0010637270403094589
5804,0.001065466203726828,0.0010637224128004163
5805,0.0010634681675583124,0.001063705930719152
5806,0.001062272465787828,0.0010636860970407724
5807,0.001063348026946187,0.0010636747430544347
5808,0.0010645573493093252,0.0010636681935284288
5809,0.0010643105488270521,0.0010636593028903007
5810,0.0010628034360706806,0.0010636372060980647
5811,0.0010621626861393452,0.0010636173759121447
5812,0.0010630001779645681,0.0010636040952522307
5813,0.0010636805091053247,0.0010635937855113299
5814,0.0010634056525304914,0.001063578986795619
5815,0.001062331022694707,0.001063555491855368
5816,0.00106202089227736,0.0010635353671386838
5817,0.0010627743322402239,0.001063522717449814
5818,0.0010630853939801455,0.001063510498497635
5819,0.0010625318391248584,0.0010634901595767588
5820,0.001061900518834591,0.0010634619218762964
5821,0.0010619659442454576,0.0010634406527969987
5822,0.0010623617563396692,0.0010634247760754078
5823,0.0010622539557516575,0.0010634078399743884
5824,0.001061831833794713,0.0010633830295410007
5825,0.0010617318330332637,0.0010633534286171198
5826,0.0010619161184877157,0.0010633290291298181
5827,0.0010620305547490716,0.0010633076610974967
5828,0.001061821822077036,0.0010632889589760452
5829,0.0010616087820380926,0.0010632665071170777
5830,0.0010616048239171505,0.0010632410377729685
5831,0.0010617217049002647,0.0010632168932352215
5832,0.001061765244230628,0.0010631924343761057
5833,0.0010615881765261292,0.001063171022105962
5834,0.0010614418424665928,0.0010631486668717116
5835,0.0010614624479785562,0.0010631270590238274
5836,0.001061535207554698,0.0010631048877257853
5837,0.0010615497594699264,0.0010630815953481941
5838,0.001061446382664144,0.0010630602354649455
5839,0.0010613524354994297,0.0010630380897782743
5840,0.0010613050544634461,0.0010630172968376429
5841,0.0010613227495923638,0.0010629952128510922
5842,0.0010613680351525545,0.0010629715130198746
5843,0.0010613322956487536,0.0010629488923586906
5844,0.001061303773894906,0.0010629248432815076
5845,0.001061233808286488,0.0010629032005090267
5846,0.0010611673351377249,0.0010628819058183582
5847,0.0010611382313072681,0.0010628606553655117
5848,0.001061109360307455,0.0010628389997873456
5849,0.0010611304314807057,0.0010628158086910843
5850,0.0010610996978357434,0.001062793262535706
5851,0.0010610760655254126,0.0010627707152161747
5852,0.0010610466124489903,0.0010627487022429704
5853,0.0010610413737595081,0.0010627280885819345
5854,0.001061051618307829,0.0010627077857498079
5855,0.0010610114550217986,0.001062687560915947
5856,0.0010610288009047508,0.0010626674978993834
5857,0.0010610825847834349,0.0010626477363985033
5858,0.0010610462632030249,0.001062627553474158
5859,0.001061182701960206,0.0010626086103729905
5860,0.0010612463811412454,0.0010625898686703295
5861,0.0010613580234348774,0.00106257269741036
5862,0.0010612525511533022,0.001062553704250604
5863,0.0010613747872412205,0.0010625358577817678
5864,0.0010611447505652905,0.0010625139228068292
5865,0.001060947310179472,0.0010624898166861384
5866,0.001060796668753028,0.0010624625079799443
5867,0.0010607746662572026,0.001062435512430966
5868,0.001060891430824995,0.001062411197926849
5869,0.0010609673336148262,0.001062390647130087
5870,0.001060963375493884,0.0010623721755109727
5871,0.0010608481243252754,0.0010623528086580337
5872,0.0010606867726892233,0.0010623305314220487
5873,0.001060590147972107,0.0010623058257624508
5874,0.0010605868883430958,0.001062281560152769
5875,0.0010606127325445414,0.0010622588056139648
5876,0.001060611568391323,0.0010622376343235374
5877,0.0010606159921735525,0.0010622173105366529
5878,0.001060566632077098,0.0010621960321441292
5879,0.0010605277493596077,0.0010621743532828987
5880,0.0010604574345052242,0.001062151521909982
5881,0.0010604225099086761,0.0010621285648085177
5882,0.0010603894479572773,0.001062106150202453
5883,0.0010603726841509342,0.0010620842047501355
5884,0.0010603454429656267,0.0010620628681499511
5885,0.0010603091213852167,0.001062041543191299
5886,0.0010602958500385284,0.0010620202729478478
5887,0.0010602825786918402,0.0010619989002589136
5888,0.0010603362461552024,0.0010619779652915895
5889,0.0010604350827634335,0.0010619578510522843
5890,0.001060947310179472,0.0010619424376636744
5891,0.00106147606857121,0.0010619306785520167
5892,0.0010632608318701386,0.001061935203615576
5893,0.0010643191635608673,0.0010619447170756757
5894,0.0010673353681340814,0.0010619793611112982
5895,0.0010671468917280436,0.0010619944869540631
5896,0.0010671524796634912,0.0010620023985393346
5897,0.0010637789964675903,0.0010619561583735048
5898,0.0010609787423163652,0.0010618889005854725
5899,0.001061118091456592,0.0010618329397402704
5900,0.0010631305631250143,0.0010618244134820997
5901,0.0010633806232362986,0.0010618344694375993
5902,0.001061595743522048,0.0010618133400566877
5903,0.0010604517301544547,0.001061762709869072
5904,0.0010611985344439745,0.0010617200331762434
5905,0.0010623245034366846,0.001061708596535027
5906,0.001062002731487155,0.0010617058991920203
5907,0.001060731359757483,0.0010616797325201334
5908,0.001060239039361477,0.0010616365494206547
5909,0.0010608835145831108,0.0010616022790782154
5910,0.0010613404447212815,0.0010615876491647214
5911,0.0010608135489746928,0.0010615741577930749
5912,0.0010600724490359426,0.0010615448805037886
5913,0.001060224836692214,0.0010615103237796575
5914,0.0010606278665363789,0.0010614825459197164
5915,0.0010604597628116608,0.001061463833320886
5916,0.0010599977103993297,0.0010614436015021055
5917,0.0010598935186862946,0.0010614147933665663
5918,0.0010601102840155363,0.0010613850422669202
5919,0.0010601201793178916,0.0010613609256688505
5920,0.0010599109809845686,0.0010613410302903502
5921,0.0010597622022032738,0.0010613189928699285
5922,0.0010597556829452515,0.0010612929321359842
5923,0.0010598510270938277,0.001061268902849406
5924,0.0010598332155495882,0.0010612489166669547
5925,0.0010596609208732843,0.001061228207545355
5926,0.0010595532367005944,0.0010612045787274837
5927,0.0010596001520752907,0.001061180274700746
5928,0.0010596897918730974,0.0010611589543987065
5929,0.0010596395004540682,0.0010611392615828663
5930,0.001059491652995348,0.0010611181298736483
5931,0.0010594292543828487,0.0010610952053684741
5932,0.001059438567608595,0.0010610719386022539
5933,0.001059481524862349,0.001061050872085616
5934,0.001059468719176948,0.0010610311408527195
5935,0.001059405505657196,0.001061010571429506
5936,0.0010593545157462358,0.0010609887645114213
5937,0.0010592886246740818,0.0010609661531634628
5938,0.0010592355392873287,0.0010609440447296946
5939,0.0010592394974082708,0.001060922915348783
5940,0.0010592755861580372,0.001060902620665729
5941,0.001059262314811349,0.001060882016317919
5942,0.0010592332109808922,0.0010608606680762023
5943,0.0010592356557026505,0.0010608397016767413
5944,0.0010591959580779076,0.0010608186235185712
5945,0.0010591413592919707,0.001060797699028626
5946,0.0010590734891593456,0.0010607767605688423
5947,0.001059016678482294,0.0010607555450405926
5948,0.0010590057354420424,0.0010607345087919385
5949,0.0010590357705950737,0.001060713562183082
5950,0.0010590273886919022,0.0010606928390916436
5951,0.0010590613819658756,0.0010606726922560484
5952,0.0010592220351099968,0.0010606544464826584
5953,0.001059242757037282,0.0010606364603154362
5954,0.0010593438055366278,0.001060619382187724
5955,0.001059344969689846,0.0010606027173344047
5956,0.0010593142360448837,0.0010605855716858059
5957,0.0010590909514576197,0.0010605656553525477
5958,0.001058897003531456,0.001060544162755832
5959,0.0010588031727820635,0.0010605203674640506
5960,0.0010588322766125202,0.0010604962264187635
5961,0.0010588879231363535,0.001060471525415778
5962,0.001058892346918583,0.001060447923373431
5963,0.0010588581208139658,0.0010604227567091583
5964,0.0010587883880361915,0.0010603991930838675
5965,0.0010587070137262344,0.001060376790119335
5966,0.0010586362332105637,0.0010603551857639104
5967,0.0010585978161543608,0.001060333417262882
5968,0.001058595022186637,0.0010603104531764984
5969,0.0010586304124444723,0.0010602870839647948
5970,0.001058692461811006,0.0010602643748279662
5971,0.001058800844475627,0.0010602439020294696
5972,0.0010589209850877523,0.0010602262441534549
5973,0.0010590803576633334,0.0010602111462503672
5974,0.0010596395004540682,0.0010602016723714768
5975,0.0010595913045108318,0.0010601914580911397
5976,0.001059690024703741,0.0010601822426542639
5977,0.0010594828054308891,0.0010601709107868373
5978,0.0010591903701424599,0.001060157148167491
5979,0.0010587230790406466,0.0010601391014643012
5980,0.0010584876872599125,0.0010601194039918482
5981,0.0010585574200376868,0.0010601007530931384
5982,0.0010587808210402727,0.0010600846668239682
5983,0.0010587843134999275,0.0010600687831174582
5984,0.0010585603304207325,0.0010600509319920093
5985,0.0010583382099866867,0.0010600312228780239
5986,0.0010583011899143457,0.001060011276276782
5987,0.0010583412367850542,0.0010599918628577142
5988,0.0010583889670670033,0.0010599723900668323
5989,0.001058350782841444,0.0010599515470676125
5990,0.0010582765098661184,0.0010599248390644788
5991,0.0010582148097455502,0.0010598922264762223
5992,0.001058124122209847,0.0010598408593796194
5993,0.0010581112001091242,0.001059778779745102
5994,0.0010581486858427525,0.0010596869129221886
5995,0.0010581717360764742,0.001059597161365673
5996,0.0010582272661849856,0.001059507909230888
5997,0.0010582173708826303,0.0010594522929750383
5998,0.0010581827955320477,0.0010594243335071952
5999,0.0010582434479147196,0.0010593955870717765
6000,0.001058101188391447,0.0010593452933244406
6001,0.0010580398375168443,0.0010592918854672461
6002,0.0010579334339126945,0.0010592552623711526
6003,0.0010578683577477932,0.001059229428647086
6004,0.0010578542714938521,0.0010591959860175848
6005,0.0010578724322840571,0.0010591514653060586
6006,0.001057912828400731,0.0010591105662751943
6007,0.0010579992085695267,0.0010590832447633148
6008,0.0010582181857898831,0.0010590630362275989
6009,0.0010583894327282906,0.0010590380954090507
6010,0.0010588676668703556,0.0010590133676305414
6011,0.001059001311659813,0.0010589952452573926
6012,0.0010599084198474884,0.001058993604965508
6013,0.001059788977727294,0.0010589892463758587
6014,0.001060176407918334,0.0010589847317896783
6015,0.0010593552142381668,0.0010589736863039433
6016,0.0010587511351332068,0.001058961220551282
6017,0.001058021793141961,0.0010589425032958388
6018,0.0010579369263723493,0.001058920769719407
6019,0.0010585470590740442,0.0010589050385169684
6020,0.0010586739517748356,0.0010588926682248711
6021,0.0010584468254819512,0.0010588795144576579
6022,0.0010579766239970922,0.0010588617238681763
6023,0.001057653222233057,0.0010588397458195687
6024,0.001057873829267919,0.001058820151956752
6025,0.0010581533424556255,0.0010588050761725753
6026,0.0010582671966403723,0.0010587922157719732
6027,0.0010579825611785054,0.0010587760398630052
6028,0.0010576099157333374,0.0010587552411016076
6029,0.001057469635270536,0.0010587335424497725
6030,0.0010576744098216295,0.001058715370018035
6031,0.0010579072404652834,0.0010587001498788594
6032,0.0010579079389572144,0.0010586848435923458
6033,0.0010577791836112738,0.001058667820179835
6034,0.0010574415791779757,0.0010586475487798452
6035,0.001057330402545631,0.0010586267977487295
6036,0.0010574138723313808,0.001058607391314581
6037,0.001057458226568997,0.0010585890873335301
6038,0.0010575951309874654,0.0010585726832505315
6039,0.0010574498446658254,0.0010585547867231072
6040,0.0010572703322395682,0.0010585347341839225
6041,0.0010571336606517434,0.0010585134476423263
6042,0.0010571412276476622,0.001058492527808994
6043,0.001057283254340291,0.0010584730037953704
6044,0.0010573681211099029,0.0010584547254256903
6045,0.0010575304040685296,0.001058438615873456
6046,0.0010574797634035349,0.001058422678615898
6047,0.0010573624167591333,0.0010584061359986663
6048,0.0010571242310106754,0.0010583873209543525
6049,0.001056909910403192,0.0010583660623524338
6050,0.001056893728673458,0.0010583447257522494
6051,0.0010569811565801501,0.001058323923498392
6052,0.0010570830199867487,0.0010583025333471595
6053,0.0010570890735834837,0.0010582809965126215
6054,0.0010570914018899202,0.0010582584724761546
6055,0.0010569689329713583,0.0010582347121089698
6056,0.0010568322613835335,0.0010582098923623562
6057,0.001056707464158535,0.0010581860574893653
6058,0.0010566781274974346,0.0010581638687290251
6059,0.001056718174368143,0.001058143018744886
6060,0.001056773355230689,0.0010581224295310677
6061,0.0010568038560450077,0.001058101588860154
6062,0.0010567890712991357,0.0010580805561039596
6063,0.0010567799909040332,0.0010580597748048603
6064,0.0010566958226263523,0.001058038849150762
6065,0.0010566364508122206,0.0010580181435216219
6066,0.0010565733537077904,0.001057997514726594
6067,0.0010564842959865928,0.0010579763795249165
6068,0.0010564185213297606,0.0010579546145163476
6069,0.0010564069962128997,0.0010579323803540318
6070,0.0010564238764345646,0.0010579096945002675
6071,0.0010564803378656507,0.0010578864894341677
6072,0.0010566178243607283,0.0010578634578268975
6073,0.001056792214512825,0.0010578405763953923
6074,0.0010574397165328264,0.00105781857855618
6075,0.0010580706875771284,0.0010578033723868429
6076,0.0010603625560179353,0.001057810097699985
6077,0.0010618303203955293,0.0010578335728496312
6078,0.0010667243041098118,0.0010579089121893048
6079,0.0010678060352802277,0.0010579997417517006
6080,0.0010688829934224486,0.001058103694813326
6081,0.0010634094942361116,0.0010581522155553103
6082,0.0010572737082839012,0.0010581371444277465
6083,0.0010582690592855215,0.0010581319918856024
6084,0.0010629571042954922,0.00105817595962435
6085,0.0010630408069118857,0.0010582229855936021
6086,0.0010589221492409706,0.0010582291951868683
6087,0.001056545414030552,0.0010582112369593233
6088,0.0010593142360448837,0.001058220489649102
6089,0.0010613736230880022,0.0010582507180515676
6090,0.0010593037586659193,0.0010582609905395656
6091,0.0010564826661720872,0.001058243669103831
6092,0.0010574131738394499,0.001058236559620127
6093,0.0010590323945507407,0.0010582457715645434
6094,0.0010580600937828422,0.001058244885643944
6095,0.0010562781244516373,0.0010582259495276957
6096,0.001056790817528963,0.0010582115850411356
6097,0.0010579999070614576,0.0010582094104029237
6098,0.0010574080515652895,0.0010582016629632563
6099,0.0010561076924204826,0.0010581803054083138
6100,0.0010563834803178906,0.0010581631283275784
6101,0.001057197107002139,0.0010581547010224312
6102,0.0010566182900220156,0.0010581415495835244
6103,0.0010558879002928734,0.0010581217450089753
6104,0.001056145178154111,0.0010581046540755778
6105,0.001056583714671433,0.0010580917668994516
6106,0.0010562797542661428,0.0010580754361581056
6107,0.0010557749774307013,0.0010580531938467175
6108,0.0010559414513409138,0.0010580304265022278
6109,0.0010562154930084944,0.0010580086871050298
6110,0.0010559770744293928,0.00105797978118062
6111,0.001055684289894998,0.001057946610962972
6112,0.00105575704947114,0.0010579050972592085
6113,0.0010559277143329382,0.001057866484625265
6114,0.0010558360954746604,0.0010578230815008283
6115,0.0010555963963270187,0.0010577854933217167
6116,0.0010555286426097155,0.001057753268396482
6117,0.0010556544875726104,0.0010577295953407883
6118,0.0010556590277701616,0.0010577068163547664
6119,0.0010554748587310314,0.0010576760943513364
6120,0.0010553798638284206,0.0010576431534718722
6121,0.0010554057080298662,0.0010576127422973513
6122,0.00105545693077147,0.0010575875453650951
6123,0.001055386383086443,0.001057564876973629
6124,0.001055262517184019,0.00105753876385279
6125,0.0010552103631198406,0.0010575093340594321
6126,0.0010552429594099522,0.001057479091687128
6127,0.0010552427265793085,0.001057451693341136
6128,0.0010551579762250185,0.0010574271739460528
6129,0.0010550790466368198,0.0010574032680597156
6130,0.001055049360729754,0.0010573770175687969
6131,0.001055050059221685,0.001057348445756361
6132,0.0010550252627581358,0.00105731961899437
6133,0.001054977299645543,0.0010572916001547127
6134,0.0010549486614763737,0.0010572666709776969
6135,0.0010548849822953343,0.0010572422167751938
6136,0.0010548471473157406,0.0010572165495250374
6137,0.0010548261925578117,0.0010571902291849255
6138,0.0010548115242272615,0.0010571623931173236
6139,0.0010548061691224575,0.00105713595636189
6140,0.0010548020945861936,0.001057111273985356
6141,0.0010547662386670709,0.0010570875997655093
6142,0.0010547402780503035,0.0010570635902695357
6143,0.0010547030251473188,0.0010570377879776062
6144,0.0010546374833211303,0.0010570104815997184
6145,0.0010545722907409072,0.0010569809004664422
6146,0.0010545351542532444,0.0010569514543749391
6147,0.0010545210679993033,0.0010569230408873408
6148,0.0010545278200879693,0.0010568970767781138
6149,0.0010545141994953156,0.0010568731196690352
6150,0.0010545101249590516,0.001056849283631891
6151,0.0010544911492615938,0.0010568243835587055
6152,0.0010545318946242332,0.0010567988723050802
6153,0.0010544887045398355,0.0010567728686146438
6154,0.001054468099027872,0.0010567466355860234
6155,0.0010544254910200834,0.0010567212011665106
6156,0.0010543360840529203,0.0010566962393932045
6157,0.0010542459785938263,0.0010566716245375574
6158,0.001054213847965002,0.0010566469817422331
6159,0.001054203137755394,0.0010566218313761055
6160,0.0010541579686105251,0.0010565956775099039
6161,0.00105416146107018,0.0010565692535601556
6162,0.0010541740339249372,0.0010565431031864137
6163,0.0010541770607233047,0.0010565170738846064
6164,0.001054177526384592,0.0010564918909221888
6165,0.001054180320352316,0.0010564673296175897
6166,0.0010541245574131608,0.0010564428416546434
6167,0.001054089516401291,0.0010564188938587903
6168,0.0010540173389017582,0.0010563948820345103
6169,0.001053922576829791,0.0010563700378406792
6170,0.001053873565979302,0.0010563445347361268
6171,0.0010538367787376046,0.0010563180991448463
6172,0.001053824438713491,0.0010562901652883738
6173,0.0010538151254877448,0.001056260394398123
6174,0.0010538145434111357,0.0010562241426669062
6175,0.0010538420174270868,0.0010561818559654058
6176,0.0010539202485233545,0.0010561174328904599
6177,0.0010539810173213482,0.001056038939859718
6178,0.0010541584342718124,0.001055913281161338
6179,0.0010541275842115283,0.0010557764966506512
6180,0.0010541296796873212,0.0010556289635132998
6181,0.0010538966162130237,0.001055533834733069
6182,0.001053631422109902,0.001055497411871329
6183,0.001053546671755612,0.0010554501879960299
6184,0.0010536146583035588,0.0010553567635361106
6185,0.0010536520276218653,0.0010552628757432103
6186,0.0010536107001826167,0.0010552097612526268
6187,0.0010535212932154536,0.0010551795200444759
6188,0.0010534637840464711,0.0010551210155244916
6189,0.0010534493485465646,0.0010550417727790773
6190,0.001053385203704238,0.0010549825872294605
6191,0.0010533507447689772,0.0010549512680154294
6192,0.0010533715831115842,0.0010549108521081508
6193,0.0010534172179177403,0.0010548547003418208
6194,0.0010534445755183697,0.001054808545159176
6195,0.0010534229222685099,0.0010547799931373448
6196,0.0010535599431023002,0.001054747684393078
6197,0.0010536018526181579,0.001054703703848645
6198,0.0010537835769355297,0.0010546674591023475
6199,0.0010536988265812397,0.001054643370443955
6200,0.001053536543622613,0.0010546149010770022
6201,0.0010532892774790525,0.0010545758227817714
6202,0.0010531654115766287,0.0010545412939973176
6203,0.0010531615698710084,0.001054514030693099
6204,0.001053137588314712,0.0010544839547947048
6205,0.0010531708830967546,0.001054449826478958
6206,0.0010532303713262081,0.0010544193326495587
6207,0.0010531714651733637,0.0010543932975269855
6208,0.0010530598228797317,0.0010543644812423736
6209,0.0010529594728723168,0.0010543319210410118
6210,0.0010528704151511192,0.0010543008544482292
6211,0.0010528622660785913,0.001054272634210065
6212,0.0010528774000704288,0.0010542438377160578
6213,0.001052851090207696,0.0010542130714748055
6214,0.001052896142937243,0.0010541836719494312
6215,0.001053039450198412,0.0010541581024881453
6216,0.0010534169850870967,0.001054136985912919
6217,0.0010535640176385641,0.0010541160812135785
6218,0.0010540043003857136,0.0010540995339397342
6219,0.0010539368959143758,0.0010540841543115675
6220,0.0010540904477238655,0.001054071260150522
6221,0.0010534892790019512,0.001054052095860243
6222,0.0010528385173529387,0.0010540259117260576
6223,0.0010526296682655811,0.001053998344577849
6224,0.0010529027786105871,0.0010539747471921147
6225,0.001053156447596848,0.0010539542080368848
6226,0.0010530995205044746,0.0010539327736478299
6227,0.0010527865961194038,0.0010539082123432308
6228,0.0010525451507419348,0.0010538820840884
6229,0.001052483799867332,0.0010538561316207052
6230,0.001052643870934844,0.001053832076722756
6231,0.0010526811238378286,0.0010538083873689174
6232,0.0010526750702410936,0.001053784885443747
6233,0.0010525849647819996,0.0010537609620951116
6234,0.001052448758855462,0.0010537359630689025
6235,0.001052335137501359,0.0010537104646209628
6236,0.0010522471275180578,0.001053684464422986
6237,0.0010522609809413552,0.0010536588123068213
6238,0.0010523239616304636,0.0010536339366808533
6239,0.0010524146491661668,0.0010536100214812905
6240,0.001052440726198256,0.001053586407797411
6241,0.0010524631943553686,0.001053563377354294
6242,0.0010523679666221142,0.0010535396542400122
6243,0.001052225474268198,0.001053514878731221
6244,0.0010521283838897943,0.0010534897877369075
6245,0.0010520685464143753,0.0010534647502936424
6246,0.001052018254995346,0.0010534395813010633
6247,0.0010520252399146557,0.001053414623020217
6248,0.0010520615614950657,0.0010533899604342877
6249,0.0010520841460675001,0.0010533656599000095
6250,0.0010521187214180827,0.0010533417458645999
6251,0.0010521383956074715,0.0010533182183280587
6252,0.001052292762324214,0.0010532958270050585
6253,0.0010523599339649081,0.0010532745392993093
6254,0.001052561099641025,0.0010532554693054408
6255,0.0010525246616452932,0.001053236461011693
6256,0.0010525704128667712,0.0010532188042998315
6257,0.0010524035897105932,0.0010532003804109992
6258,0.0010521634249016643,0.0010531798761803657
6259,0.001051922794431448,0.0010531570727471261
6260,0.0010517744813114405,0.0010531332378741355
6261,0.001051784143783152,0.001053109464701265
6262,0.0010519465431571007,0.0010530871897935867
6263,0.0010520759969949722,0.0010530661791563034
6264,0.0010520888026803732,0.0010530452919192612
6265,0.001052002189680934,0.0010530235106125474
6266,0.0010517630726099014,0.0010529998957645149
6267,0.0010515758767724037,0.001052974759368226
6268,0.0010515409521758556,0.0010529499955009669
6269,0.0010516243055462837,0.0010529270127881318
6270,0.0010517013724893332,0.0010529052908532322
6271,0.0010517605114728212,0.0010528845281805844
6272,0.001051867613568902,0.0010528649599291385
6273,0.0010519071947783232,0.0010528458806220442
6274,0.0010521007934585214,0.001052828743122518
6275,0.0010520466603338718,0.001052810789551586
6276,0.0010519919451326132,0.0010527915065176785
6277,0.0010517503833398223,0.0010527692001778633
6278,0.0010515986941754818,0.0010527436027768999
6279,0.0010514368768781424,0.0010527166957035661
6280,0.0010513656307011843,0.0010526890552137048
6281,0.001051347702741623,0.0010526635660789907
6282,0.0010514309396967292,0.001052641561254859
6283,0.001051473431289196,0.0010526208288501948
6284,0.0010514528257772326,0.0010525992105249315
6285,0.0010513594606891274,0.0010525762848556041
6286,0.0010512549197301269,0.0010525527270510793
6287,0.0010511477012187243,0.001052528991131112
6288,0.0010511205764487386,0.0010525055590551347
6289,0.0010511009022593498,0.0010524820745922625
6290,0.0010511183645576239,0.0010524594062007965
6291,0.0010511644650250673,0.0010524375434033573
6292,0.00105120032094419,0.0010524158307816834
6293,0.0010512134758755565,0.0010523937933612614
6294,0.0010513259330764413,0.0010523726069368421
6295,0.0010514124296605587,0.0010523525020107627
6296,0.001051733735948801,0.0010523342399392276
6297,0.0010519020725041628,0.0010523172421380877
6298,0.001052483101375401,0.0010523042373824865
6299,0.0010526443365961313,0.0010522936924826354
6300,0.0010534999892115593,0.0010522933269385248
6301,0.0010532225714996457,0.0010522926598787307
6302,0.0010528448037803173,0.0010522894538007677
6303,0.0010519269853830338,0.0010522771079558878
6304,0.0010512348962947726,0.0010522580810356885
6305,0.0010510222055017948,0.0010522365942597389
6306,0.0010512848384678364,0.0010522171389311552
6307,0.0010514614405110478,0.001052200038684532
6308,0.0010514643508940935,0.0010521840839646758
6309,0.0010512089356780052,0.0010521665785927325
6310,0.001050927210599184,0.0010521471465472132
6311,0.0010506308171898127,0.0010521248320583254
6312,0.0010507110273465514,0.0010521031683310867
6313,0.0010508943814784288,0.001052083601243794
6314,0.0010510642314329743,0.0010520652821287514
6315,0.0010508948471397161,0.0010520438360981643
6316,0.0010505430400371552,0.0010520150966476648
6317,0.0010502696968615055,0.0010519821534398944
6318,0.0010502415243536234,0.0010519445256795734
6319,0.0010503331432119012,0.0010519084881525486
6320,0.0010503933299332857,0.0010518715169746428
6321,0.0010503723751753569,0.0010518403479363768
6322,0.0010502602672204375,0.001051814565435052
6323,0.0010501514188945293,0.0010517897829413413
6324,0.0010500187054276466,0.001051760942209512
6325,0.0010498662013560534,0.001051728039747104
6326,0.0010497835464775562,0.001051694880006835
6327,0.001049792394042015,0.001051664937986061
6328,0.0010498309275135398,0.0010516377957537771
6329,0.00104981055483222,0.001051611063303426
6330,0.0010498077608644962,0.0010515827022027225
6331,0.0010498156771063805,0.001051554047735408
6332,0.0010499220807105303,0.0010515265178401023
6333,0.0010499178897589445,0.0010514998470898718
6334,0.0010499430354684591,0.0010514747898560017
6335,0.0010498338378965855,0.001051449776859954
6336,0.001049741287715733,0.0010514247184619308
6337,0.0010496319737285376,0.0010513984283898026
6338,0.001049516024067998,0.0010513703490141778
6339,0.0010493486188352108,0.0010513396887108684
6340,0.0010492026340216398,0.0010513073077891022
6341,0.001049170969054103,0.0010512743855360896
6342,0.0010492471046745777,0.0010512431769166143
6343,0.0010493185836821795,0.001051214108010754
6344,0.0010493126465007663,0.0010511859506368638
6345,0.001049384125508368,0.0010511591064278037
6346,0.0010493977461010218,0.0010511329013388603
6347,0.0010494267335161567,0.0010511069162748754
6348,0.0010492638684809208,0.001051078939344734
6349,0.0010491011198610067,0.001051049109082669
6350,0.0010489205596968532,0.0010510171274654568
6351,0.001048801583237946,0.0010509837593417615
6352,0.0010487642139196396,0.0010509484738577158
6353,0.0010487872641533613,0.0010509127471596002
6354,0.0010488550178706646,0.0010508756863418967
6355,0.0010489624692127109,0.0010508400644175708
6356,0.001049240119755268,0.0010508067614864558
6357,0.0010493597947061062,0.001050776323536411
6358,0.0010499084601178765,0.001050753773888573
6359,0.0010501273209229112,0.0010507358191534878
6360,0.0010515354806557298,0.0010507334291469305
6361,0.0010517810005694628,0.0010507333977147937
6362,0.001053485320881009,0.0010507487854920327
6363,0.0010535197798162699,0.0010507632233202457
6364,0.0010538126807659864,0.0010507804621011018
6365,0.001052080187946558,0.0010507812420837582
6366,0.0010496696922928095,0.0010507603082805872
6367,0.0010487423278391361,0.0010507319727912545
6368,0.0010493808658793569,0.0010507103719282894
6369,0.001050362829118967,0.0010506977571640163
6370,0.0010505495592951775,0.0010506862390320748
6371,0.0010495533933863044,0.0010506641678512097
6372,0.001048488775268197,0.0010506303794682026
6373,0.001048597740009427,0.0010505972849205137
6374,0.0010491646826267242,0.0010505679238121957
6375,0.0010493230074644089,0.001050540687283501
6376,0.0010491060093045235,0.0010505118279252202
6377,0.0010484770173206925,0.001050479094265029
6378,0.0010481015779078007,0.001050444123102352
6379,0.001048400765284896,0.0010504137619864195
6380,0.0010484473314136267,0.001050384578993544
6381,0.0010484714293852448,0.0010503558162599802
6382,0.0010483341757208109,0.001050324848620221
6383,0.0010481927311047912,0.001050292041618377
6384,0.0010479744523763657,0.0010502572578843683
6385,0.0010478890035301447,0.0010502225533127784
6386,0.0010479125194251537,0.0010501891293097287
6387,0.0010479969205334783,0.0010501576215028762
6388,0.001047876663506031,0.0010501251823734493
6389,0.0010476978495717049,0.0010500911518465728
6390,0.0010475795716047287,0.0010500557639170438
6391,0.001047670841217041,0.0010500208276789636
6392,0.001047684345394373,0.0010499856679234655
6393,0.0010476164752617478,0.0010499496979173273
6394,0.0010475836461409926,0.0010499122750479727
6395,0.0010475204326212406,0.0010498733550775795
6396,0.0010474416194483638,0.0010498304339125752
6397,0.0010473710717633367,0.001049785123905167
6398,0.0010473494185134768,0.0010497337870765478
6399,0.0010473302099853754,0.0010496806458104402
6400,0.0010473503498360515,0.001049619149416685
6401,0.0010473387083038688,0.0010495603107847273
6402,0.0010472778230905533,0.0010495046409778298
6403,0.0010472468566149473,0.0010494578396901487
6404,0.001047214143909514,0.0010494176321662963
6405,0.0010471561690792441,0.0010493789718020708
6406,0.0010470857378095388,0.0010493369807954877
6407,0.0010470552369952202,0.0010492929187603294
6408,0.0010470363777130842,0.0010492486390285194
6409,0.0010470135603100061,0.0010492066852748395
6410,0.0010469963308423758,0.0010491673764772714
6411,0.0010469823610037565,0.0010491308919154108
6412,0.0010470161214470863,0.001049093942856416
6413,0.0010471424320712686,0.0010490564233623446
6414,0.001047209370881319,0.001049017874756828
6415,0.0010475101880729198,0.00104898402816616
6416,0.0010476353345438838,0.0010489549511112273
6417,0.00104805757291615,0.0010489328298717738
6418,0.0010479389457032084,0.0010489098040852695
6419,0.001047749537974596,0.0010488839680328965
6420,0.0010472432477399707,0.0010488524672109634
6421,0.0010467946995049715,0.0010488166904542595
6422,0.0010467080865055323,0.0010487811686471105
6423,0.0010468456894159317,0.0010487481113523245
6424,0.0010469775879755616,0.0010487177001778035
6425,0.0010469808476045728,0.0010486888466402888
6426,0.0010468220571056008,0.0010486592317465694
6427,0.0010466231033205986,0.0010486275388393552
6428,0.0010465264786034822,0.0010485944943502544
6429,0.0010465390514582396,0.0010485617793165147
6430,0.001046633580699563,0.0010485300375148653
6431,0.0010467253159731627,0.0010484991339035333
6432,0.001046731835231185,0.0010484672314487397
6433,0.0010467382380738854,0.0010484354349318892
6434,0.0010466089006513357,0.001048402093583718
6435,0.0010464498773217201,0.0010483682539779693
6436,0.0010463267099112272,0.0010483341081999242
6437,0.0010462816571816802,0.0010483006050344558
6438,0.001046283752657473,0.0010482682823203505
6439,0.0010463283397257328,0.0010482380795292555
6440,0.0010463775834068656,0.0010482098290231078
6441,0.0010464319493621588,0.0010481824388261884
6442,0.001046503079123795,0.0010481549985706807
6443,0.0010465243831276894,0.0010481270565651356
6444,0.0010466265957802534,0.0010481001960579307
6445,0.001046553603373468,0.0010480718908365816
6446,0.0010465597733855247,0.0010480435111094267
6447,0.0010464165825396776,0.001048013409599662
6448,0.0010462321806699038,0.0010479830927215517
6449,0.0010460761841386557,0.0010479528433643282
6450,0.0010459957411512733,0.0010479235951788724
6451,0.0010460137855261564,0.0010478957172017544
6452,0.0010460935300216079,0.001047869010362774
6453,0.0010461786296218634,0.0010478429240174591
6454,0.0010461669880896807,0.0010478160437196492
6455,0.0010461665224283934,0.001047788084251806
6456,0.0010461186757311225,0.0010477568698115647
6457,0.0010460681514814496,0.0010477239533793182
6458,0.0010459814220666885,0.0010476846829988063
6459,0.0010458959732204676,0.0010476423695217818
6460,0.0010457774624228477,0.001047584789339453
6461,0.0010457099415361881,0.0010475240787491203
6462,0.001045707380399108,0.0010474462993443011
6463,0.0010457440512254834,0.0010473685420583933
6464,0.001045774668455124,0.0010472881619352848
6465,0.0010458092438057065,0.0010472254524938763
6466,0.0010458625620231032,0.001047187381191179
6467,0.0010458852630108595,0.0010471588105428963
6468,0.0010460858466103673,0.0010471258603502065
6469,0.0010461302008479834,0.0010470835340674967
6470,0.0010465490631759167,0.001047043529106304
6471,0.0010466513922438025,0.001047014509094879
6472,0.0010470206616446376,0.0010469998279586433
6473,0.0010468445252627134,0.0010469822958111762
6474,0.0010467310203239322,0.0010469579591881484
6475,0.0010461807250976562,0.001046926536364481
6476,0.001045498065650463,0.0010468904569279403
6477,0.0010451970156282187,0.0010468576569110156
6478,0.0010454164585098624,0.0010468308057170362
6479,0.0010457008611410856,0.001046803806675598
6480,0.0010456981835886836,0.0010467763151973486
6481,0.0010454620933160186,0.0010467462218366563
6482,0.0010451514972373843,0.001046714395051822
6483,0.0010449850233271718,0.001046682317974046
6484,0.0010450426489114761,0.001046652999939397
6485,0.0010452133137732744,0.0010466262430418284
6486,0.0010453520808368921,0.0010466006386559456
6487,0.0010453762952238321,0.0010465744324028492
6488,0.001045492710545659,0.0010465505928732455
6489,0.0010453097056597471,0.001046526711434126
6490,0.0010451076086610556,0.0010465019918046892
6491,0.001044869190081954,0.0010464739752933383
6492,0.0010446803644299507,0.0010464439354836942
6493,0.001044716453179717,0.0010464149352628737
6494,0.001044880016706884,0.0010463878989685326
6495,0.0010451135458424687,0.001046363830100745
6496,0.0010452154092490673,0.001046341567998752
6497,0.0010454878211021423,0.00104632273549214
6498,0.0010454432340338826,0.001046303673647344
6499,0.001045683166012168,0.001046287203207612
6500,0.0010455516166985035,0.0010462692158762367
6501,0.0010455399751663208,0.001046251228544861
6502,0.0010451440466567874,0.0010462298907805234
6503,0.0010446419473737478,0.0010462038416881115
6504,0.0010444012004882097,0.0010461757122538983
6505,0.0010444731451570988,0.001046148882014677
6506,0.0010447015520185232,0.0010461250401567668
6507,0.0010447935201227665,0.0010461024229880423
6508,0.0010447320528328419,0.0010460793797392397
6509,0.0010445746593177319,0.001046054990729317
6510,0.0010444419458508492,0.0010460294468794017
6511,0.001044307486154139,0.0010460026981309056
6512,0.0010441900230944157,0.001045974437147379
6513,0.0010441842023283243,0.0010459448548499495
6514,0.0010442535858601332,0.0010459152969997376
6515,0.0010443178471177816,0.0010458833735901862
6516,0.0010443484643474221,0.0010458505048882216
6517,0.0010443367063999176,0.0010458132962230594
6518,0.0010442840866744518,0.0010457767476327717
6519,0.0010442418279126287,0.0010457416705321521
6520,0.001044133910909295,0.0010457105771638454
6521,0.0010440157493576407,0.001045682787662372
6522,0.0010438858298584819,0.0010456545650959015
6523,0.0010438363533467054,0.0010456244717352093
6524,0.00104383728466928,0.0010455930687021464
6525,0.0010438422905281186,0.001045561683131382
6526,0.001043855445459485,0.0010455320170149208
6527,0.0010438603349030018,0.0010455043893307448
6528,0.0010439461329951882,0.0010454785858746618
6529,0.0010440568439662457,0.0010454537637997418
6530,0.0010443279752507806,0.001045430707745254
6531,0.0010445595253258944,0.0010454090498387813
6532,0.0010458091273903847,0.0010453998227603733
6533,0.001046651042997837,0.0010453989508096128
6534,0.0010504148667678237,0.0010454370104707776
6535,0.0010531628504395485,0.001045504140201956
6536,0.0010672712232917547,0.0010457135853357614
6537,0.0010766268242150545,0.001046017037006095
6538,0.0011175691615790129,0.0010467298910953105
6539,0.0011379504576325417,0.0010476461122743785
6540,0.001146822003647685,0.0010486505564767867
6541,0.0010710298083722591,0.0010488965350668878
6542,0.001065900782123208,0.001049090512096882
6543,0.0011109746992588043,0.001049735015258193
6544,0.0010666423477232456,0.001049935172777623
6545,0.0010643047280609608,0.0010501126840244978
6546,0.0010880460031330585,0.0010505275463219732
6547,0.0010567413410171866,0.0010506307939067484
6548,0.001067939680069685,0.0010508478689007462
6549,0.0010700454004108906,0.0010510875610634685
6550,0.001054380089044571,0.0010511714045424014
6551,0.0010630376636981964,0.0010513416433241217
6552,0.0010592464823275805,0.0010514731728471815
6553,0.001054092077538371,0.0010515523073263465
6554,0.0010580362286418676,0.0010516709997318685
6555,0.001054056454449892,0.0010517498990520835
6556,0.0010513935703784227,0.0010518026479985564
6557,0.001056396053172648,0.0010519059270154684
6558,0.0010460594203323126,0.0010519067069981248
6559,0.0010557639179751277,0.0010520053864456714
6560,0.0010454703588038683,0.0010520023154094815
6561,0.0010518280323594809,0.0010520634963177144
6562,0.0010468428954482079,0.0010520748514682055
6563,0.0010482666548341513,0.001052100077504292
6564,0.001047777128405869,0.0010521201021037995
6565,0.0010463547660037875,0.0010521255573257805
6566,0.0010468869004398584,0.001052135800709948
6567,0.0010462382342666388,0.0010521393304225057
6568,0.0010453866561874747,0.0010521323385182769
6569,0.001046319492161274,0.0010521342314314098
6570,0.001044586068019271,0.0010521146014798432
6571,0.0010455995798110962,0.0010521040833555162
6572,0.0010446833912283182,0.001052080710651353
6573,0.0010446098167449236,0.001052058363566175
6574,0.0010448361281305552,0.0010520394146442413
6575,0.001043868251144886,0.0010520162899047135
6576,0.0010446567321196198,0.0010520078765694052
6577,0.0010437614982947707,0.0010519935213960706
6578,0.0010440859477967024,0.0010519802162889391
6579,0.0010438341414555907,0.0010519615490920842
6580,0.0010436081793159246,0.0010519406490493565
6581,0.0010438322788104415,0.0010519243509043007
6582,0.0010434675496071577,0.0010519075114279986
6583,0.0010435293661430478,0.0010518929548561573
6584,0.001043463940732181,0.0010518771677743644
6585,0.0010432472918182611,0.0010518575075548142
6586,0.0010434344876557589,0.001051838331623003
6587,0.0010430988622829318,0.0010518155572935939
6588,0.0010432489216327667,0.001051793119404465
6589,0.0010431080590933561,0.001051771102938801
6590,0.0010430187685415149,0.0010517502145376057
6591,0.0010431031696498394,0.0010517325543332845
6592,0.0010428940877318382,0.0010517146915663034
6593,0.0010429868707433343,0.0010516973957419395
6594,0.0010428845416754484,0.0010516774409916252
6595,0.001042851828970015,0.0010516548238229007
6596,0.0010428475216031075,0.001051631144946441
6597,0.001042760442942381,0.0010516038711648435
6598,0.001042754971422255,0.0010515769885387273
6599,0.0010427411179989576,0.001051547568058595
6600,0.0010426645167171955,0.001051518697058782
6601,0.0010426936205476522,0.0010514902335125953
6602,0.0010426368098706007,0.0010514651611447335
6603,0.0010425939690321684,0.0010514446813613175
6604,0.0010425973450765014,0.0010514266428072005
6605,0.001042545773088932,0.0010514073690865188
6606,0.0010425287764519453,0.0010513856413308532
6607,0.0010425203945487738,0.0010513629100751133
6608,0.0010424710344523191,0.001051340299891308
6609,0.0010424640495330095,0.0010513191937934607
6610,0.0010424454230815172,0.0010512992285657673
6611,0.0010424097999930382,0.0010512802517041564
6612,0.0010424116626381874,0.001051262468099594
6613,0.001042380928993225,0.001051244435366243
6614,0.0010423548519611359,0.0010512254480272531
6615,0.0010423483327031136,0.0010512057528831065
6616,0.0010423195781186223,0.0010511854640208186
6617,0.0010423044441267848,0.0010511651413980872
6618,0.0010422852355986834,0.0010511451528873294
6619,0.0010422735940665007,0.001051125470548868
6620,0.001042247167788446,0.0010511066031176598
6621,0.0010422468185424805,0.001051088913809508
6622,0.0010422172490507364,0.0010510722280014306
6623,0.0010422046761959791,0.0010510559112299233
6624,0.0010421834886074066,0.0010510393732693047
6625,0.001042177202180028,0.0010510227223858237
6626,0.0010421553160995245,0.0010510057210922242
6627,0.001042139483615756,0.0010509885125793517
6628,0.0010421222541481256,0.001050970273790881
6629,0.00104210851714015,0.0010509507905226202
6630,0.0010420938488095999,0.0010509284492582083
6631,0.0010420797625556588,0.001050903651630506
6632,0.0010420631151646376,0.0010508661915082484
6633,0.0010420519392937422,0.0010508202004712074
6634,0.0010420341277495027,0.0010507363930810244
6635,0.0010420216713100672,0.0010506249812897294
6636,0.001042006304487586,0.0010503723321016879
6637,0.0010419951286166906,0.001050026015145704
6638,0.0010419791797176003,0.00104927011532709
6639,0.0010419638128951192,0.0010483102488797159
6640,0.0010419536847621202,0.0010472615656908601
6641,0.0010419376194477081,0.0010469706438016146
6642,0.001041927607730031,0.001046730912057683
6643,0.0010419103782624006,0.0010460402688477189
6644,0.0010418975725769997,0.0010457928210962563
6645,0.001041883253492415,0.0010455686063505709
6646,0.0010418689344078302,0.0010451068356633186
6647,0.0010418575257062912,0.0010449579975102096
6648,0.0010418458841741085,0.001044697059551254
6649,0.0010418351739645004,0.00104441495728679
6650,0.0010418182937428355,0.0010442893393337726
6651,0.0010418042074888945,0.0010440770047716796
6652,0.0010417916346341372,0.0010439024562947452
6653,0.0010417818557471037,0.0010437793540768326
6654,0.0010417706798762083,0.001043616698589176
6655,0.0010417558951303363,0.0010434936929959804
6656,0.0010417476296424866,0.001043397233588621
6657,0.001041732495650649,0.001043250598013401
6658,0.0010417156154289842,0.0010432071599643677
6659,0.001041704323142767,0.0010430665640160442
6660,0.0010416950099170208,0.0010430288105271756
6661,0.0010416891891509295,0.0010429274220950901
6662,0.0010416768491268158,0.0010428757616318762
6663,0.0010416596196591854,0.0010428096912801265
6664,0.0010416421573609114,0.001042748341569677
6665,0.001041629584506154,0.0010427010897547007
6666,0.0010416185250505805,0.0010426484060008078
6667,0.0010416056029498577,0.00104260207968764
6668,0.0010415997821837664,0.001042564210947603
6669,0.0010415806900709867,0.0010425168229267001
6670,0.0010415728902444243,0.0010424866911489517
6671,0.001041559735313058,0.0010424462927039713
6672,0.0010415525175631046,0.001042414983967319
6673,0.0010415377328172326,0.0010423842631280423
6674,0.001041522715240717,0.0010423511289991438
6675,0.0010415088618174195,0.0010423275351058691
6676,0.0010414973367005587,0.0010422959411516787
6677,0.0010414889547973871,0.0010422732157167047
6678,0.0010414763819426298,0.001042247120058164
6679,0.0010414653224870563,0.0010422234318684786
6680,0.0010414524003863335,0.0010422018740791827
6681,0.001041437848471105,0.0010421779297757894
6682,0.0010414283024147153,0.001042157537303865
6683,0.0010414208518341184,0.0010421364521607758
6684,0.0010414207354187965,0.0010421160201076417
6685,0.0010414053685963154,0.0010420976008754224
6686,0.0010413886047899723,0.0010420771420467645
6687,0.0010413681156933308,0.0010420598345808685
6688,0.0010413631098344922,0.0010420409764628857
6689,0.0010413614800199866,0.0010420235106721521
6690,0.0010413584532216191,0.001042006907518953
6691,0.001041340408846736,0.001041989279910922
6692,0.0010413159616291523,0.001041973498649895
6693,0.0010413096752017736,0.0010419567266944797
6694,0.001041295938193798,0.001041940840659663
6695,0.0010412834817543626,0.0010419251571875065
6696,0.0010412673000246286,0.0010419093549717219
6697,0.0010412598494440317,0.0010418943490367383
6698,0.0010412514675408602,0.0010418793139979243
6699,0.0010412440169602633,0.0010418643429875374
6700,0.0010412326082587242,0.0010418500239029527
6701,0.0010412115370854735,0.0010418352030683309
6702,0.0010412039700895548,0.0010418208746705204
6703,0.001041199080646038,0.001041806925786659
6704,0.0010411954717710614,0.0010417929070536047
6705,0.001041168114170432,0.0010417791304644197
6706,0.0010411643888801336,0.0010417654865887017
6707,0.0010411537950858474,0.0010417518205940723
6708,0.0010411380790174007,0.0010417384910397232
6709,0.0010411366820335388,0.0010417252173647285
6710,0.0010411255061626434,0.0010417120181955397
6711,0.0010411080438643694,0.001041699000634253
6712,0.0010411037364974618,0.0010416859213728457
6713,0.0010410957038402557,0.001041673069121316
6714,0.0010410778922960162,0.0010416602995246649
6715,0.0010410721879452467,0.0010416475380770863
6716,0.0010410681134089828,0.00104163502342999
6717,0.0010410486720502377,0.0010416224657092243
6718,0.001041034352965653,0.001041609956882894
6719,0.0010410330723971128,0.0010415975516662001
6720,0.0010410286486148834,0.0010415853664744645
6721,0.0010410126997157931,0.0010415730252861977
6722,0.0010410079266875982,0.0010415609320625662
6723,0.0010409957030788064,0.0010415488423313945
6724,0.0010409686947241426,0.001041536694392562
6725,0.0010409639216959476,0.001041524561587721
6726,0.0010409578680992126,0.001041512587107718
6727,0.001040940172970295,0.0010415005940012634
6728,0.0010409358656033874,0.001041488730115816
6729,0.0010409231763333082,0.0010414768767077476
6730,0.0010409062961116433,0.001041465001180768
6731,0.0010408908128738403,0.0010414531116839498
6732,0.001040886272676289,0.0010414413432590663
6733,0.0010408818488940597,0.0010414296423550695
6734,0.0010408712550997734,0.0010414180136285721
6735,0.0010408656671643257,0.0010414064535871148
6736,0.0010408505331724882,0.0010413948958739637
6737,0.0010408373782411218,0.0010413833183702081
6738,0.0010408206144347787,0.00104137173271738
6739,0.001040823059156537,0.0010413603251799941
6740,0.001040823757648468,0.0010413490259088575
6741,0.0010408193338662386,0.001041337843053043
6742,0.0010407926747575402,0.001041326493723318
6743,0.0010407769586890936,0.0010413151595275848
6744,0.0010407601948827505,0.0010413037857506424
6745,0.0010407626396045089,0.0010412925796117634
6746,0.001040749833919108,0.001041281388606876
6747,0.0010407442459836602,0.00104127025580965
6748,0.001040721544995904,0.0010412590124178678
6749,0.0010407126974314451,0.0010412477876525373
6750,0.0010407071094959974,0.0010412366758100688
6751,0.0010406988440081477,0.0010412256221752614
6752,0.0010406830115243793,0.0010412145359441638
6753,0.0010406689252704382,0.0010412034066393972
6754,0.0010406607761979103,0.0010411923076026142
6755,0.0010406505316495895,0.0010411812539678066
6756,0.0010406582150608301,0.00104117035982199
6757,0.0010406405199319124,0.0010411594400648028
6758,0.0010406237561255693,0.0010411485214717685
6759,0.001040600473061204,0.001041137482970953
6760,0.0010405872017145157,0.001041126404888928
6761,0.0010405712528154254,0.0010411152255255728
6762,0.0010405723005533218,0.001041104180039838
6763,0.0010405569337308407,0.0010410931531805545
6764,0.0010405487846583128,0.0010410822194535285
6765,0.001040532486513257,0.0010410712484735995
6766,0.001040515722706914,0.0010410602204501628
6767,0.00104051292873919,0.0010410492937080562
6768,0.001040485454723239,0.0010410381504334508
6769,0.0010404745116829872,0.001041027088649571
6770,0.0010404770728200674,0.0010410161304753275
6771,0.0010404710192233324,0.00104100524331443
6772,0.0010404540225863457,0.0010409942583646625
6773,0.0010404540225863457,0.0010409834212623537
6774,0.0010404428467154503,0.001040972622577101
6775,0.001040419447235763,0.0010409617284312844
6776,0.0010403924388810992,0.0010409506794530898
6777,0.001040398608893156,0.0010409397759940475
6778,0.0010403988417237997,0.0010409290005918591
6779,0.001040395931340754,0.0010409183066803962
6780,0.0010403620544821024,0.0010409074032213539
6781,0.0010403518099337816,0.0010408965428359807
6782,0.0010403289925307035,0.0010408855497371404
6783,0.001040332717821002,0.0010408746683970094
6784,0.0010403331834822893,0.0010408637928776443
6785,0.0010402982588857412,0.0010408527217805386
6786,0.00104028289206326,0.0010408416646532715
6787,0.0010402826592326164,0.0010408308100886643
6788,0.0010402810294181108,0.0010408199892845006
6789,0.0010402787011116743,0.0010408091614954173
6790,0.0010402505286037922,0.001040798082249239
6791,0.0010402279440313578,0.0010407869576010854
6792,0.0010402158368378878,0.0010407759563531727
6793,0.0010401983745396137,0.001040764843346551
6794,0.0010401889448985457,0.0010407537734135985
6795,0.0010401958134025335,0.0010407428967300803
6796,0.0010401640320196748,0.0010407318640500308
6797,0.0010401601903140545,0.001040720867458731
6798,0.0010401533218100667,0.001040709886001423
6799,0.0010401348117738962,0.0010406987939495594
6800,0.0010401234030723572,0.0010406877018976956
6801,0.00104011339135468,0.0010406767204403878
6802,0.0010400984901934862,0.001040665665641427
6803,0.0010400903411209583,0.0010406545782461762
6804,0.001040085218846798,0.0010406434757169337
6805,0.001040070317685604,0.0010406324977520853
6806,0.0010400634491816163,0.0010406214883551
6807,0.0010400739265605807,0.0010406106896698475
6808,0.0010400516912341118,0.0010405998257920145
6809,0.0010400486644357443,0.0010405889456160367
6810,0.0010400287574157119,0.0010405779781285673
6811,0.0010400101309642196,0.001040566998999566
6812,0.0010399965103715658,0.0010405559267383068
6813,0.001039994996972382,0.0010405449196696282
6814,0.0010399811435490847,0.0010405339521821588
6815,0.001039962749928236,0.0010405228578019886
6816,0.0010399558814242482,0.0010405117354821414
6817,0.0010399469174444675,0.0010405007179360836
6818,0.0010399359744042158,0.0010404897341504693
6819,0.0010399345774203539,0.0010404787492007018
6820,0.0010399280581623316,0.0010404677432961761
6821,0.00103991967625916,0.00104045681306161
6822,0.0010399199090898037,0.001040445932885632
6823,0.0010399138554930687,0.0010404351144097746
6824,0.001039889408275485,0.0010404243215452879
6825,0.0010398679878562689,0.0010404133622068912
6826,0.0010398590238764882,0.001040402373764664
6827,0.0010398442391306162,0.001040391414426267
6828,0.0010398448212072253,0.0010403805039823056
6829,0.0010398414451628923,0.0010403696866706014
6830,0.0010398337617516518,0.0010403589613270014
6831,0.0010398199083283544,0.0010403482522815465
6832,0.0010398065205663443,0.001040337454760447
6833,0.0010397874284535646,0.0010403265105560422
6834,0.0010397688020020723,0.0010403154860250652
6835,0.0010397745063528419,0.0010403045744169503
6836,0.0010397695004940033,0.0010402937640901656
6837,0.0010397715959697962,0.0010402831062674522
6838,0.0010397614678367972,0.0010402725148014724
6839,0.0010397613514214754,0.0010402618977241218
6840,0.0010397315490990877,0.001040250975638628
6841,0.001039703143760562,0.0010402398137375713
6842,0.001039703842252493,0.0010402289254125207
6843,0.0010397224687039852,0.0010402183805126696
6844,0.0010397126898169518,0.0010402079054620116
6845,0.0010396915022283792,0.0010401971940882503
6846,0.0010396779980510473,0.0010401864757295697
6847,0.0010396572761237621,0.0010401756060309708
6848,0.0010396414436399937,0.0010401648050174118
6849,0.001039639813825488,0.0010401540761813522
6850,0.0010396521538496017,0.0010401435266248881
6851,0.001039658091031015,0.001040133119095117
6852,0.00103963993024081,0.001040122688282281
6853,0.0010396100115031004,0.0010401120991446078
6854,0.0010395864956080914,0.0010401013563387095
6855,0.0010395720601081848,0.0010400905716232956
6856,0.0010395846329629421,0.0010400798358023166
6857,0.0010395832359790802,0.0010400692629627883
6858,0.0010395818389952183,0.0010400588437914848
6859,0.00103955517988652,0.001040048390859738
6860,0.0010395378340035677,0.0010400378971826285
6861,0.0010395273566246033,0.0010400274582207203
6862,0.0010395200224593282,0.0010400169354397803
6863,0.0010394975543022156,0.001040006341645494
6864,0.0010394987184554338,0.0010399958409834653
6865,0.0010395135032013059,0.0010399856511503459
6866,0.0010394817218184471,0.0010399753111414612
6867,0.0010394568089395761,0.001039964749943465
6868,0.001039452850818634,0.001039954423904419
6869,0.0010394621640443802,0.0010399443004280328
6870,0.0010394281707704067,0.0010399338114075363
6871,0.001039438066072762,0.0010399234818760305
6872,0.0010394530836492777,0.00103991347248666
6873,0.001039446098729968,0.0010399033932480962
6874,0.0010394036071375012,0.0010398930008523165
6875,0.0010393742704764009,0.001039882549084723
6876,0.0010393820703029633,0.0010398724453989415
6877,0.001039382186718285,0.001039862281177193
6878,0.0010393720585852861,0.0010398520133458077
6879,0.001039363443851471,0.001039841688470915
6880,0.001039345981553197,0.001039831527741626
6881,0.0010393308475613594,0.0010398213181179016
6882,0.0010393010452389717,0.0010398110386449844
6883,0.0010393033735454082,0.0010398007452022285
6884,0.001039299531839788,0.0010397904086858034
6885,0.001039286027662456,0.0010397802863735706
6886,0.0010392926633358002,0.001039770384086296
6887,0.0010392635595053434,0.0010397601930890233
6888,0.0010392616968601942,0.001039749999763444
6889,0.0010392493568360806,0.0010397397063206882
6890,0.0010392761323601007,0.0010397299623582511
6891,0.001039324328303337,0.001039720926200971
6892,0.0010392781114205718,0.0010397115489467978
6893,0.0010392386466264725,0.0010397019516676664
6894,0.0010392190888524055,0.001039692253107205
6895,0.001039228867739439,0.0010396825836505742
6896,0.0010392020922154188,0.0010396729642525315
6897,0.001039210008457303,0.001039663462433964
6898,0.0010392565745860338,0.0010396544949617236
6899,0.0010391874238848686,0.0010396450210828335
6900,0.0010391677496954799,0.0010396354645490647
6901,0.0010391725227236748,0.0010396260558627546
6902,0.0010391476098448038,0.0010396165470592678
6903,0.0010391725227236748,0.001039607368875295
6904,0.0010391315445303917,0.001039597832132131
6905,0.0010391174582764506,0.0010395883035380392
6906,0.00103909766767174,0.0010395786457229406
6907,0.001039095688611269,0.0010395688633434473
6908,0.0010390838142484426,0.0010395591845735908
6909,0.0010390852112323046,0.0010395495500415564
6910,0.001039091031998396,0.0010395401727873832
6911,0.0010390370152890682,0.0010395304416306317
6912,0.0010390381794422865,0.0010395208583213389
6913,0.0010390435345470905,0.0010395113436970859
6914,0.0010390010429546237,0.0010395015426911413
6915,0.0010390011593699455,0.0010394919267855585
6916,0.0010390114039182663,0.0010394824820104986
6917,0.001038973219692707,0.001039472745032981
6918,0.0010389804374426603,0.0010394631896633655
6919,0.0010390251409262419,0.0010394540952984243
6920,0.0010389997623860836,0.0010394448123406618
6921,0.0010390281677246094,0.0010394358972553163
6922,0.0010389863746240735,0.001039426561910659
6923,0.0010389168746769428,0.0010394165921024977
6924,0.001038939692080021,0.0010394070949405433
6925,0.0010389669332653284,0.0010393980843946338
6926,0.0010389526141807437,0.0010393890202976762
6927,0.00103895110078156,0.0010393800889141858
6928,0.0010389096569269896,0.0010393707372713834
6929,0.0010388677474111319,0.0010393610002938658
6930,0.0010389095405116677,0.0010393517580814659
6931,0.0010389108210802078,0.0010393426672089844
6932,0.0010388920782133937,0.001039333522785455
6933,0.0010389108210802078,0.0010393247567117214
6934,0.0010388520313426852,0.0010393155890051275
6935,0.0010388357331976295,0.0010393062012735753
6936,0.0010389040689915419,0.0010392975469585507
6937,0.0010388795053586364,0.0010392886260524392
6938,0.0010388253722339869,0.0010392792650964111
6939,0.0010388274677097797,0.001039269926259294
6940,0.0010388123337179422,0.0010392607341054827
6941,0.0010387975489720702,0.0010392516781575977
6942,0.0010387841612100601,0.0010392424813471734
6943,0.0010387900983914733,0.0010392331576440483
6944,0.001038779504597187,0.0010392238257918506
6945,0.0010387720540165901,0.001039214631309733
6946,0.0010387441143393517,0.0010392052924726159
6947,0.0010387576185166836,0.0010391962958965452
6948,0.0010387534275650978,0.001039187415735796
6949,0.0010387063957750797,0.001039178081555292
6950,0.0010386998765170574,0.0010391685587819665
6951,0.0010387261863797903,0.0010391592397354544
6952,0.0010386778740212321,0.0010391496191732585
6953,0.001038665184751153,0.001039140170905739
6954,0.0010386814828962088,0.0010391311207786202
6955,0.0010386675130575895,0.0010391220753081143
6956,0.0010386556386947632,0.0010391127853654324
6957,0.0010386877693235874,0.0010391038306988775
6958,0.0010386778740212321,0.0010390947910491376
6959,0.0010386535432189703,0.0010390857746824622
6960,0.0010386216454207897,0.0010390766127966345
6961,0.0010385997593402863,0.0010390673368237914
6962,0.0010386003414168954,0.001039058140013367
6963,0.00103857833892107,0.0010390489478595555
6964,0.0010385706555098295,0.0010390396672300994
6965,0.0010385597124695778,0.0010390301293227821
6966,0.001038559596054256,0.0010390209080651403
6967,0.0010385338682681322,0.0010390116786584257
6968,0.0010385275818407536,0.001039002425968647
6969,0.0010385242057964206,0.0010389930463861675
6970,0.0010385054629296064,0.0010389838193077595
6971,0.0010384931229054928,0.0010389743698760868
6972,0.0010384933557361364,0.0010389647725969552
6973,0.0010384826455265284,0.0010389551380649209
6974,0.0010384747292846441,0.0010389458492863924
6975,0.0010384827619418502,0.0010389369342010469
6976,0.001038506394252181,0.001038928177440539
6977,0.0010384917259216309,0.0010389192728325724
6978,0.0010384910274297,0.0010389104625210166
6979,0.0010384877678006887,0.0010389017057605087
6980,0.0010384655324742198,0.001038892901269719
6981,0.0010384320048615336,0.0010388839128427207
6982,0.0010384181514382362,0.0010388750839047133
6983,0.0010384462075307965,0.0010388665122445673
6984,0.0010384321212768555,0.001038857838138938
6985,0.001038399524986744,0.0010388489731121809
6986,0.0010384009219706059,0.001038840055698529
6987,0.0010384460911154747,0.0010388318810146302
6988,0.0010383778717368841,0.0010388230427633971
6989,0.0010383640183135867,0.001038814189378172
6990,0.0010383836925029755,0.0010388052649796008
6991,0.0010383616900071502,0.001038795638596639
6992,0.0010383215267211199,0.0010387860727496445
6993,0.0010383648332208395,0.0010387773346155881
6994,0.001038403483107686,0.001038769178558141
6995,0.0010383574990555644,0.0010387604648713022
6996,0.0010383294429630041,0.0010387517383787781
6997,0.001038361107930541,0.0010387432493735105
6998,0.001038369140587747,0.0010387343750335276
6999,0.0010383317712694407,0.0010387258185073733
7000,0.0010383218759670854,0.0010387173597700894
7001,0.0010383112821727991,0.0010387087473645805
7002,0.0010383101180195808,0.0010387003724463284
7003,0.0010382613399997354,0.001038691260619089
7004,0.0010382401524111629,0.0010386823466978967
7005,0.0010382368927821517,0.0010386735410429537
7006,0.0010382329346612096,0.0010386648937128484
7007,0.001038216520100832,0.001038656102027744
7008,0.0010382164036855102,0.0010386474279221148
7009,0.0010382076725363731,0.0010386386525351554
7010,0.0010381836909800768,0.0010386295791249723
7011,0.001038174144923687,0.0010386209504213183
7012,0.0010381679749116302,0.0010386122483760118
7013,0.001038166112266481,0.0010386034741532058
7014,0.0010381406173110008,0.0010385948698967695
7015,0.0010381368920207024,0.001038586227223277
7016,0.0010381363099440932,0.0010385774762835353
7017,0.0010381367756053805,0.0010385691118426621
7018,0.0010381311876699328,0.0010385606193449347
7019,0.0010381318861618638,0.001038551686797291
7020,0.0010381280444562435,0.0010385429696179926
7021,0.0010381347965449095,0.0010385340359061956
7022,0.0010381117463111877,0.0010385252896230668
7023,0.001038092072121799,0.0010385170415975154
7024,0.0010380640160292387,0.0010385082848370075
7025,0.001038052374497056,0.0010384991392493248
7026,0.0010380417807027698,0.001038490030914545
7027,0.001038049696944654,0.001038481016876176
7028,0.0010380495805293322,0.0010384724161121995
7029,0.001038057031109929,0.0010384643089491874
7030,0.0010380984749644995,0.0010384561982937158
7031,0.0010380881140008569,0.0010384479712229222
7032,0.0010380877647548914,0.0010384399280883372
7033,0.0010380381718277931,0.001038431201595813
7034,0.0010379975428804755,0.0010384226567111909
7035,0.0010379803134128451,0.0010384141025133432
7036,0.0010379822924733162,0.0010384048847481607
7037,0.0010379778686910868,0.0010383958683814853
7038,0.0010379950981587172,0.0010383875656407326
7039,0.0010380372405052185,0.001038379663368687
7040,0.0010379848536103964,0.0010383713885676116
7041,0.0010379469022154808,0.0010383628821000457
7042,0.001037960173562169,0.0010383546422235669
7043,0.001037933980114758,0.0010383460810407996
7044,0.0010379492305219173,0.0010383377783000469
7045,0.0010379515588283539,0.0010383295733481645
7046,0.0010380054591223598,0.0010383221867959946
7047,0.0010379974264651537,0.0010383145848754792
7048,0.0010379955638200045,0.0010383070062380284
7049,0.001037942711263895,0.0010382993693929166
7050,0.00103787612169981,0.001038291131844744
7051,0.0010378696024417877,0.001038282566005364
7052,0.0010378635488450527,0.0010382744227536024
7053,0.0010378671577200294,0.001038266442483291
7054,0.001037861336953938,0.0010382582410238684
7055,0.0010378548176959157,0.0010382501140702516
7056,0.0010378446895629168,0.0010382420045789331
7057,0.0010378463193774223,0.0010382335900794716
7058,0.001037816284224391,0.001038224974181503
7059,0.001037783920764923,0.0010382162779569626
7060,0.0010377925354987383,0.001038207986857742
7061,0.0010377941653132439,0.0010381999309174716
7062,0.001037812908180058,0.0010381920565851032
7063,0.0010377876460552216,0.0010381841496564447
7064,0.0010377737926319242,0.0010381761810276658
7065,0.0010377815924584866,0.0010381683998275549
7066,0.0010378031292930245,0.0010381608351599425
7067,0.0010377769358456135,0.0010381532658357174
7068,0.0010377487633377314,0.001038145477650687
7069,0.0010377555154263973,0.001038137790746987
7070,0.0010377841535955667,0.0010381305776536464
7071,0.0010377520229667425,0.001038123166654259
7072,0.0010377498110756278,0.001038115731207654
7073,0.0010377585422247648,0.0010381084901746362
7074,0.0010377448052167892,0.0010381011909339577
7075,0.0010376977734267712,0.001038093341048807
7076,0.001037689740769565,0.0010380851745139807
7077,0.001037683803588152,0.001038077095290646
7078,0.001037659589201212,0.001038068780908361
7079,0.001037677633576095,0.0010380606795661151
7080,0.0010376912541687489,0.0010380529367830604
7081,0.001037672394886613,0.0010380453406833112
7082,0.0010376670397818089,0.001038037829566747
7083,0.001037702662870288,0.0010380303941201418
7084,0.0010376395657658577,0.0010380224685650318
7085,0.0010376132559031248,0.0010380146058741957
7086,0.0010376141872256994,0.0010380067385267467
7087,0.0010375955607742071,0.001037998233223334
7088,0.0010375691344961524,0.0010379901458509267
7089,0.0010375792626291513,0.0010379822982940824
7090,0.0010375870624557137,0.0010379743319936096
7091,0.0010375871788710356,0.0010379665868822485
7092,0.0010376241989433765,0.001037959613604471
7093,0.0010377385187894106,0.0010379533504601569
7094,0.00103773083537817,0.0010379466239828616
7095,0.001037751091644168,0.0010379405599087476
7096,0.001037665642797947,0.001037933921907097
7097,0.0010375974234193563,0.0010379262850619853
7098,0.0010375294368714094,0.0010379178880248218
7099,0.0010375373531132936,0.0010379099438432603
7100,0.0010375974234193563,0.0010379026993177832
7101,0.0010375953279435635,0.0010378955397754908
7102,0.0010376113932579756,0.0010378885525278746
7103,0.0010375432902947068,0.0010378813720308244
7104,0.001037462498061359,0.0010378735954873265
7105,0.0010375154670327902,0.0010378663812298328
7106,0.0010374938137829304,0.00103785899002105
7107,0.0010374737903475761,0.0010378515627235173
7108,0.0010374760022386909,0.0010378441587090492
7109,0.001037454348988831,0.0010378366254735739
7110,0.0010374505072832108,0.0010378292936366051
7111,0.0010374268749728799,0.0010378218209370971
7112,0.0010374332778155804,0.0010378144739661365
7113,0.0010374109260737896,0.0010378069221042097
7114,0.0010374155826866627,0.0010377996717579664
7115,0.0010374237317591906,0.001037792540155351
7116,0.001037416746839881,0.001037785344524309
7117,0.0010373934637755156,0.0010377779114060105
7118,0.0010374379344284534,0.0010377709788735956
7119,0.0010374580742791295,0.0010377642407547682
7120,0.0010375750716775656,0.0010377587110269814
7121,0.001037562731653452,0.001037752990378067
7122,0.0010376009158790112,0.001037747882073745
7123,0.0010375746060162783,0.00103774270741269
7124,0.001037511508911848,0.001037737182341516
7125,0.0010374714620411396,0.0010377313732169568
7126,0.001037376350723207,0.0010377247189171613
7127,0.0010374203557148576,0.0010377184255048633
7128,0.0010374002158641815,0.0010377119318582117
7129,0.0010374148841947317,0.0010377055103890599
7130,0.0010373551631346345,0.001037698077270761
7131,0.001037311740219593,0.0010376903135329485
7132,0.0010373403783887625,0.0010376828396692873
7133,0.0010373224504292011,0.0010376756824553013
7134,0.0010372988181188703,0.0010376686952076853
7135,0.0010372756514698267,0.001037661648588255
7136,0.001037270063534379,0.0010376545262988656
7137,0.0010372358374297619,0.0010376471059862524
7138,0.00103722361382097,0.001037639391142875
7139,0.001037231762893498,0.0010376313363667578
7140,0.001037202193401754,0.0010376235097646713
7141,0.0010372077813372016,0.0010376161185558885
7142,0.0010372101096436381,0.0010376086179167032
7143,0.0010372413089498878,0.0010376016912050545
7144,0.0010372336255386472,0.0010375945351552218
7145,0.0010373141849413514,0.0010375881614163517
7146,0.0010373664554208517,0.0010375817713793368
7147,0.001037465175613761,0.0010375764488708228
7148,0.0010373818222433329,0.001037570311455056
7149,0.0010373760014772415,0.0010375646443571895
7150,0.0010373096447438002,0.0010375589795876294
7151,0.0010372304823249578,0.001037552588386461
7152,0.0010372105753049254,0.0010375460586510598
7153,0.0010371783282607794,0.0010375391703564673
7154,0.001037210808135569,0.0010375326650682837
7155,0.0010371992830187082,0.0010375261097215116
7156,0.0010371915996074677,0.0010375195788219571
7157,0.0010371592361479998,0.001037512707989663
7158,0.001037105219438672,0.0010375055973418058
7159,0.0010371091775596142,0.0010374988499097526
7160,0.0010371219832450151,0.0010374921443872154
7161,0.001037116628140211,0.0010374853690154852
7162,0.0010371062671765685,0.0010374783026054501
7163,0.0010370829841122031,0.00103747125598602
7164,0.0010370819363743067,0.0010374643374234439
7165,0.001037050737068057,0.0010374570288695394
7166,0.001037033274769783,0.0010374493303243072
7167,0.0010370234958827496,0.0010374417959246784
7168,0.0010370237287133932,0.0010374345455784351
7169,0.001037008361890912,0.0010374270740430803
7170,0.001037022564560175,0.0010374194581527262
7171,0.0010370278032496572,0.0010374122159555554
7172,0.001037083100527525,0.0010374055488500745
7173,0.0010370907839387655,0.0010373988712672143
7174,0.0010371727403253317,0.0010373931506183
7175,0.00103719811886549,0.001037388154072687
7176,0.001037362264469266,0.001037384879309684
7177,0.0010373486438766122,0.0010373815277125687
7178,0.0010372668039053679,0.0010373775998596103
7179,0.001037095906212926,0.0010373717825859785
7180,0.001036953297443688,0.0010373644030187278
7181,0.0010369722731411457,0.0010373574018012733
7182,0.0010370614472776651,0.001037351345876232
7183,0.00103710126131773,0.0010373453318607063
7184,0.0010370557429268956,0.0010373394936323166
7185,0.0010369755327701569,0.0010373331164009868
7186,0.0010369091760367155,0.0010373260662890971
7187,0.0010369120864197612,0.0010373192315455526
7188,0.0010369287338107824,0.001037312827538699
7189,0.001036947127431631,0.0010373065061867236
7190,0.0010369651718065143,0.0010373002872802316
7191,0.0010369381634518504,0.0010372937971260398
7192,0.0010368946241214871,0.0010372865013778209
7193,0.0010368460789322853,0.0010372775769792496
7194,0.0010368331568315625,0.0010372686001937836
7195,0.0010368309449404478,0.0010372593987267465
7196,0.0010368578368797898,0.0010372513206675649
7197,0.0010368716903030872,0.0010372440633364022
7198,0.0010368941584601998,0.00103723771055229
7199,0.0010369578376412392,0.0010372319153975696
7200,0.001036959351040423,0.0010372255346737802
7201,0.001037038047797978,0.0010372199618723244
7202,0.0010369817027822137,0.0010372136649675666
7203,0.001036914880387485,0.0010372073808684946
7204,0.0010368608636781573,0.0010372013645246626
7205,0.0010368556249886751,0.0010371947661042213
7206,0.0010368407238274813,0.0010371882352046668
7207,0.001036815345287323,0.0010371816507540642
7208,0.0010368374641984701,0.001037175265373662
7209,0.0010368776274845004,0.0010371694981586189
7210,0.0010369524825364351,0.001037164517911151
7211,0.0010369120864197612,0.00103715937002562
7212,0.0010368663351982832,0.0010371537005994468
7213,0.0010368528310209513,0.0010371481196489185
7214,0.0010368676157668233,0.00103714263997972
7215,0.0010368330404162407,0.0010371367330662905
7216,0.001036760164424777,0.0010371301672421397
7217,0.0010367282666265965,0.0010371235152706504
7218,0.0010367629583925009,0.0010371167655102908
7219,0.0010367700597271323,0.001037109885364771
7220,0.001036758767440915,0.0010371017223224045
7221,0.0010367248905822635,0.0010370933439116925
7222,0.001036735367961228,0.0010370846884325147
7223,0.0010367331560701132,0.001037076273933053
7224,0.0010367142967879772,0.0010370683018118144
7225,0.0010366925271227956,0.001037060512462631
7226,0.0010366779752075672,0.0010370535287074745
7227,0.0010366551578044891,0.0010370458767283708
7228,0.001036676811054349,0.0010370386426802724
7229,0.0010367255890741944,0.0010370317497290671
7230,0.0010367149952799082,0.0010370253480505198
7231,0.001036699628457427,0.0010370192269328982
7232,0.001036710338667035,0.001037012926535681
7233,0.001036768197081983,0.0010370073840022087
7234,0.0010367748327553272,0.0010370021441485733
7235,0.0010367571376264095,0.0010369969590101392
7236,0.0010367239592596889,0.0010369914979673923
7237,0.0010367251234129071,0.0010369863908272236
7238,0.001036687521263957,0.0010369810299016536
7239,0.0010366335045546293,0.0010369750473182649
7240,0.0010365871712565422,0.0010369688970968127
7241,0.0010365628404542804,0.0010369624476879835
7242,0.0010365593479946256,0.0010369559400714933
7243,0.0010365877533331513,0.001036949404515326
7244,0.0010365692432969809,0.0010369427606929094
7245,0.0010365776252001524,0.0010369353950954974
7246,0.0010365648195147514,0.0010369273787364363
7247,0.0010365743655711412,0.0010369184706360102
7248,0.001036590663716197,0.001036910559050739
7249,0.0010365631897002459,0.001036902430932969
7250,0.0010365212801843882,0.0010368945472873747
7251,0.0010364977642893791,0.001036887220107019
7252,0.0010365063790231943,0.0010368801781442017
7253,0.0010365010239183903,0.0010368734051007778
7254,0.0010365084744989872,0.001036866381764412
7255,0.00103654433041811,0.001036859832238406
7256,0.0010365120833739638,0.0010368530370760709
7257,0.001036462257616222,0.0010368460672907532
7258,0.0010364834452047944,0.0010368398495484144
7259,0.0010364865884184837,0.001036833623657003
7260,0.0010364704066887498,0.0010368271078914403
7261,0.0010364764602854848,0.0010368207062128932
7262,0.0010364624904468656,0.001036814268445596
7263,0.0010365084744989872,0.001036808523349464
7264,0.001036553643643856,0.0010368032404221594
7265,0.0010366844944655895,0.0010367995779961348
7266,0.001037196721881628,0.0010368012124672532
7267,0.0010376698337495327,0.001036807675845921
7268,0.001039454829879105,0.001036831986857578
7269,0.0010405894136056304,0.0010368677973747254
7270,0.001045668264850974,0.0010369542543776334
7271,0.0010482699144631624,0.0010370666754897684
7272,0.0010556095512583852,0.001037251939997077
7273,0.0010561228264123201,0.0010374422604218126
7274,0.0010599942179396749,0.001037670475197956
7275,0.001049807877279818,0.0010377965727820992
7276,0.0010390679817646742,0.0010378136299550532
7277,0.0010409397073090076,0.0010378495405893773
7278,0.0010497434996068478,0.001037974307546392
7279,0.0010469744447618723,0.0010380730929318816
7280,0.001038873102515936,0.0010380922909826041
7281,0.0010388523805886507,0.0010381110920570792
7282,0.0010439460165798664,0.001038179937750101
7283,0.0010429411195218563,0.0010382383363321424
7284,0.0010376707650721073,0.0010382444865535945
7285,0.0010388190858066082,0.001038262922083959
7286,0.0010417531011626124,0.001038311361335218
7287,0.0010399408638477325,0.0010383416491094976
7288,0.0010369822848588228,0.001038342184619978
7289,0.0010386756621301174,0.001038359469966963
7290,0.001039643189869821,0.001038386250147596
7291,0.001037775306031108,0.0010383946215733887
7292,0.0010369948577135801,0.0010383956239093095
7293,0.0010385075584053993,0.0010384122387040408
7294,0.0010382323525846004,0.001038426230661571
7295,0.0010369104566052556,0.0010384270257782192
7296,0.0010372656397521496,0.0010384311038069427
7297,0.0010379392188042402,0.0010384417790919543
7298,0.0010371794924139977,0.0010384446324314923
7299,0.0010366815840825438,0.0010384418698959053
7300,0.0010372905526310205,0.0010384451819118112
7301,0.0010371364187449217,0.0010384461656212807
7302,0.0010366973001509905,0.0010384433215949685
7303,0.0010366892674937844,0.0010384410654660314
7304,0.0010369183728471398,0.0010384416405577212
7305,0.0010366844944655895,0.0010384399292524904
7306,0.0010365307098254561,0.00103843682911247
7307,0.0010366062633693218,0.0010384347382932902
7308,0.0010366506176069379,0.0010384328698273748
7309,0.0010365068446844816,0.0010384291619993746
7310,0.0010364172048866749,0.001038423809222877
7311,0.0010364532936364412,0.0010384192212950438
7312,0.0010364523623138666,0.0010384150815661998
7313,0.0010363340843468904,0.001038409894099459
7314,0.0010363118490204215,0.001038404336431995
7315,0.001036374131217599,0.0010383997473400086
7316,0.0010363056790083647,0.0010383952024858444
7317,0.001036270521581173,0.0010383906250353903
7318,0.0010362396715208888,0.001038385392166674
7319,0.0010362807661294937,0.0010383804992306978
7320,0.0010362641187384725,0.0010383755527436733
7321,0.001036200555972755,0.0010383703093975781
7322,0.0010361880995333195,0.001038364836713299
7323,0.0010362522443756461,0.0010383600275963546
7324,0.0010361841414123774,0.0010383547260425985
7325,0.0010361394379287958,0.0010383491951506585
7326,0.0010361477034166455,0.0010383438924327492
7327,0.001036162255331874,0.001038338963408023
7328,0.0010361255845054984,0.0010383334511425346
7329,0.0010360977612435818,0.0010383271728642285
7330,0.0010361053282395005,0.0010383210761938245
7331,0.0010361267486587167,0.0010383153473958373
7332,0.0010360880987718701,0.0010383091249968857
7333,0.0010360621381551027,0.0010383020644076169
7334,0.001036067376844585,0.0010382949898485095
7335,0.0010360835585743189,0.0010382882540579885
7336,0.0010360635351389647,0.0010382816498167814
7337,0.0010360386222600937,0.0010382747848052532
7338,0.0010360361775383353,0.0010382682713679968
7339,0.0010360530577600002,0.0010382624669000506
7340,0.00103603710886091,0.0010382569662760943
7341,0.0010360199958086014,0.0010382515378296376
7342,0.0010360067244619131,0.0010382460115943104
7343,0.001036002766340971,0.0010382401617243886
7344,0.0010360043961554766,0.0010382345132529736
7345,0.001035999390296638,0.0010382287309039385
7346,0.0010359842563048005,0.0010382229252718389
7347,0.0010359762236475945,0.0010382169438526035
7348,0.0010359607404097915,0.0010382106446195393
7349,0.001035955036059022,0.001038204563083127
7350,0.0010359473526477814,0.001038198823807761
7351,0.0010359478183090687,0.001038193324347958
7352,0.0010359479347243905,0.0010381877399049699
7353,0.0010359305888414383,0.0010381820355542003
7354,0.0010359268635511398,0.001038176219444722
7355,0.0010359201114624739,0.0010381699772551655
7356,0.0010359223233535886,0.0010381640796549617
7357,0.0010359170846641064,0.0010381586279254408
7358,0.001035903813317418,0.001038152831606567
7359,0.0010359007865190506,0.0010381469735875725
7360,0.001035887049511075,0.0010381411400157959
7361,0.0010358862346038222,0.001038135237758979
7362,0.001035878318361938,0.0010381293960381299
7363,0.0010358754079788923,0.001038123065372929
7364,0.0010358645813539624,0.00103811617475003
7365,0.001035860856063664,0.0010381079383660107
7366,0.0010358550352975726,0.0010380945215001701
7367,0.001035850727930665,0.0010380763304419815
7368,0.0010358417639508843,0.0010380401997826993
7369,0.0010358360596001148,0.0010379926662426441
7370,0.0010358293075114489,0.0010378942766692489
7371,0.0010358244180679321,0.0010377698217052967
7372,0.0010358233703300357,0.001037571959896013
7373,0.0010358195286244154,0.0010373689269181341
7374,0.001035813009366393,0.0010371271148324013
7375,0.0010358077706769109,0.0010369871137663723
7376,0.001035802299156785,0.0010369544569402934
7377,0.001035797642543912,0.0010369030362926423
7378,0.0010357890278100967,0.0010367634915746749
7379,0.0010357842547819018,0.001036651589674875
7380,0.001035778084769845,0.0010366206394974143
7381,0.0010357701685279608,0.0010365898173768074
7382,0.00103576120454818,0.0010365079692564905
7383,0.001035759225487709,0.001036436150316149
7384,0.0010357731953263283,0.0010364171746186912
7385,0.0010357635328546166,0.0010363866190891712
7386,0.0010357506107538939,0.0010363265941850841
7387,0.0010357382707297802,0.0010362845682539046
7388,0.0010357409482821822,0.001036272154888138
7389,0.001035753870382905,0.0010362429369706661
7390,0.0010357543360441923,0.0010362040484324098
7391,0.001035763998515904,0.0010361839353572578
7392,0.0010357541032135487,0.0010361715278122575
7393,0.001035732333548367,0.001036143775563687
7394,0.0010357325663790107,0.0010361187777016311
7395,0.0010357263963669538,0.0010361069370992482
7396,0.001035724999383092,0.0010360915306955576
7397,0.0010357063729315996,0.0010360692022368312
7398,0.0010357093997299671,0.001036054501309991
7399,0.0010357201099395752,0.0010360448865685613
7400,0.0010357014834880829,0.0010360289958771319
7401,0.001035688677802682,0.0010360145184677093
7402,0.001035664463415742,0.001036004190100357
7403,0.0010356613202020526,0.0010359939106274396
7404,0.0010356518905609846,0.0010359812458045781
7405,0.0010356598068028688,0.0010359709989279508
7406,0.0010356721468269825,0.001035962413297966
7407,0.0010356431594118476,0.0010359527822583914
7408,0.0010356248822063208,0.0010359425249043851
7409,0.001035627443343401,0.0010359337308909744
7410,0.00103562802542001,0.0010359258390963077
7411,0.001035620691254735,0.0010359175130724907
7412,0.001035605208016932,0.0010359090415295214
7413,0.001035603228956461,0.0010359017329756171
7414,0.0010356069542467594,0.0010358946840278804
7415,0.0010355992708355188,0.0010358869354240596
7416,0.0010356040438637137,0.0010358799190726131
7417,0.0010355934500694275,0.0010358731483574956
7418,0.0010355804115533829,0.0010358665557578207
7419,0.0010355983395129442,0.001035859731491655
7420,0.0010356113780289888,0.0010358532040845602
7421,0.0010356002021580935,0.0010358472005464136
7422,0.0010355785489082336,0.0010358411050401628
7423,0.0010355698177590966,0.0010358342807739974
7424,0.0010355706326663494,0.001035828145686537
7425,0.0010355703998357058,0.0010358224553056062
7426,0.001035570283420384,0.0010358166811056434
7427,0.0010355545673519373,0.0010358106042258441
7428,0.0010355416452512145,0.0010358047648333013
7429,0.0010355464182794094,0.0010357992514036596
7430,0.0010355316335335374,0.0010357935144565998
7431,0.0010355175472795963,0.0010357874224428089
7432,0.0010355281410738826,0.0010357818228658288
7433,0.0010355357080698013,0.001035776558564976
7434,0.0010355160338804126,0.001035771045135334
7435,0.001035527209751308,0.001035765481647104
7436,0.001035536639392376,0.0010357602126896382
7437,0.0010355201084166765,0.001035755027551204
7438,0.001035497640259564,0.0010357496421784162
7439,0.001035486813634634,0.0010357439797371625
7440,0.0010354651603847742,0.0010357382602524013
7441,0.0010354602709412575,0.0010357326630037278
7442,0.0010354655096307397,0.001035727250855416
7443,0.0010354528203606606,0.001035721751395613
7444,0.0010354522382840514,0.0010357162298168987
7445,0.001035463297739625,0.0010357108688913285
7446,0.0010354663245379925,0.0010357056895736606
7447,0.0010354735422879457,0.001035700662760064
7448,0.0010354653932154179,0.0010356957092881203
7449,0.001035459921695292,0.0010356907581444829
7450,0.0010354416444897652,0.0010356857010629028
7451,0.0010354387341067195,0.0010356806102208792
7452,0.001035418827086687,0.0010356753191445023
7453,0.0010354256955906749,0.0010356702702119947
7454,0.0010354169644415379,0.0010356651712208986
7455,0.0010353995021432638,0.0010356599651277065
7456,0.0010354086989536881,0.0010356548288837075
7457,0.0010354116093367338,0.0010356497741304338
7458,0.0010354304686188698,0.0010356450406834483
7459,0.0010354159167036414,0.0010356401919852942
7460,0.0010354146361351013,0.0010356354678515345
7461,0.0010354449041187763,0.001035631054546684
7462,0.001035457942634821,0.0010356268507894129
7463,0.0010354457190260291,0.0010356225538998842
7464,0.0010354436235502362,0.001035618344321847
7465,0.001035430352203548,0.0010356140392832457
7466,0.0010353870457038283,0.0010356093593873084
7467,0.0010353437392041087,0.0010356042895000427
7468,0.0010353525867685676,0.0010355993977282196
7469,0.0010353483958169818,0.0010355945210903882
7470,0.0010353380348533392,0.0010355896083638072
7471,0.0010353366378694773,0.0010355847305618226
7472,0.0010353513062000275,0.0010355800099205227
7473,0.001035360968671739,0.0010355754243209958
7474,0.0010353291872888803,0.0010355705861002206
7475,0.0010353067191317677,0.0010355655755847693
7476,0.0010353096295148134,0.0010355606488883496
7477,0.0010353043908253312,0.0010355557163711636
7478,0.0010352896060794592,0.0010355507221538574
7479,0.0010352666722610593,0.001035545546328649
7480,0.001035262132063508,0.0010355403868015855
7481,0.0010352737735956907,0.001035535422852263
7482,0.0010352586396038532,0.0010355303972028197
7483,0.001035255496390164,0.001035525359911844
7484,0.0010352508397772908,0.0010355201363563538
7485,0.0010352495592087507,0.001035514996619895
7486,0.001035235240124166,0.0010355098429135979
7487,0.0010352514218539,0.001035504974424839
7488,0.001035269582644105,0.0010355002607684582
7489,0.0010353070683777332,0.0010354957927484066
7490,0.0010353391990065575,0.0010354916413780303
7491,0.00103540881536901,0.0010354880895465613
7492,0.001035400666296482,0.0010354845551773905
7493,0.0010354467667639256,0.0010354816995095462
7494,0.0010353773832321167,0.0010354781476780773
7495,0.0010352657409384847,0.0010354735411237926
7496,0.0010351795936003327,0.001035468087065965
7497,0.0010351985692977905,0.0010354630090296268
7498,0.0010352600365877151,0.0010354585153982043
7499,0.0010352949611842632,0.0010354542639106513
7500,0.0010353168472647667,0.001035450417548418
7501,0.001035281689837575,0.001035446347668767
7502,0.0010352549143135548,0.0010354422521777452
7503,0.0010351731907576323,0.0010354373708833008
7504,0.0010351238306611776,0.0010354320902843028
7505,0.001035137102007866,0.0010354268632363527
7506,0.0010351765668019652,0.0010354219074361027
7507,0.0010351926321163774,0.001035417402163148
7508,0.001035198220051825,0.001035413135541603
7509,0.001035213004797697,0.001035408991156146
7510,0.0010351885575801134,0.001035404596477747
7511,0.0010351412929594517,0.0010353998024947941
7512,0.001035102060995996,0.0010353947710245847
7513,0.0010350807569921017,0.0010353895463049412
7514,0.0010350713273510337,0.001035384190035984
7515,0.0010350835509598255,0.001035379032837227
7516,0.0010351070668548346,0.0010353740630671382
7517,0.0010351254604756832,0.0010353693831712007
7518,0.0010351291857659817,0.0010353648709133267
7519,0.0010351233649998903,0.0010353601211681963
7520,0.0010351026430726051,0.0010353550338186323
7521,0.001035072491504252,0.0010353497567120939
7522,0.001035040826536715,0.0010353443794883788
7523,0.0010350239463150501,0.0010353389207739382
7524,0.0010350326774641871,0.0010353335412219167
7525,0.001035039545968175,0.0010353282326832415
7526,0.0010350460652261972,0.0010353229905012994
7527,0.0010350617812946439,0.0010353180626407265
7528,0.001035082619637251,0.001035313472384587
7529,0.0010351099772378802,0.0010353091079741716
7530,0.0010351233649998903,0.001035305025288835
7531,0.0010351911187171936,0.0010353017610032112
7532,0.0010352430399507284,0.0010352989099919796
7533,0.0010353084653615952,0.0010352966375648976
7534,0.0010352985700592399,0.0010352944629266859
7535,0.0010353560792282224,0.001035292751621455
7536,0.0010352467652410269,0.0010352898528799414
7537,0.00103508320171386,0.0010352854838129133
7538,0.0010350238298997283,0.001035280745709315
7539,0.0010350546799600124,0.0010352764243725687
7540,0.0010350963566452265,0.0010352727363351732
7541,0.0010350652737542987,0.0010352687863633037
7542,0.0010350379161536694,0.001035264510428533
7543,0.001035042805597186,0.0010352604102808983
7544,0.001035013934597373,0.0010352560272440315
7545,0.0010350111406296492,0.0010352515056729317
7546,0.0010349424555897713,0.0010352462669834495
7547,0.0010349673684686422,0.0010352412052452564
7548,0.0010349552612751722,0.001035236103925854
7549,0.0010349586373195052,0.001035231091082096
7550,0.0010349401272833347,0.0010352260759100317
7551,0.0010349440854042768,0.0010352211294230073
7552,0.0010349606163799763,0.0010352165473159402
7553,0.0010350149823352695,0.0010352124401833862
7554,0.0010350178927183151,0.0010352084494661539
7555,0.0010350490920245647,0.001035204945364967
7556,0.0010350859956815839,0.001035201718332246
7557,0.001035175984725356,0.0010351993620861322
7558,0.0010351708624511957,0.0010351967660244554
7559,0.0010351014789193869,0.0010351936216466129
7560,0.0010351402452215552,0.0010351908777374774
7561,0.0010352169629186392,0.001035188598325476
7562,0.0010351858800277114,0.001035185877699405
7563,0.0010350620141252875,0.0010351820406503975
7564,0.0010350145166739821,0.001035177749581635
7565,0.0010349685326218605,0.0010351731313858181
7566,0.0010349287185817957,0.0010351685481145977
7567,0.001034910324960947,0.0010351642139721662
7568,0.0010348687646910548,0.001035159375751391
7569,0.0010349362855777144,0.0010351552546489983
7570,0.0010349256917834282,0.0010351511312182992
7571,0.0010349364019930363,0.001035147128859535
7572,0.0010348614305257797,0.0010351422301027925
7573,0.0010348665527999401,0.0010351372859440744
7574,0.0010348334908485413,0.001035132328979671
7575,0.0010348256910219789,0.001035127518698573
7576,0.0010348105570301414,0.0010351225279737265
7577,0.0010347970528528094,0.0010351174545940012
7578,0.0010348367504775524,0.0010351129260379821
7579,0.0010348522337153554,0.0010351087816525251
7580,0.0010349424555897713,0.0010351055848877876
7581,0.0010350284865126014,0.0010351031320169567
7582,0.0010350830852985382,0.0010351013764739036
7583,0.0010351320961490273,0.0010351001424714922
7584,0.0010351858800277114,0.0010350994928739964
7585,0.001035444438457489,0.0010351014416664838
7586,0.001035689259879291,0.001035105981864035
7587,0.001036374713294208,0.0010351172147784382
7588,0.0010367755312472582,0.0010351322742644697
7589,0.0010385793866589665,0.001035164997447282
7590,0.0010396763682365417,0.0010352083691395819
7591,0.0010426072403788567,0.0010352803533896803
7592,0.001044632401317358,0.001035372670739889
7593,0.001050717430189252,0.0010355253773741424
7594,0.001053779385983944,0.0010357093974016607
7595,0.0010657693492248654,0.0010360144334845246
7596,0.0010652635246515274,0.0010363152727950365
7597,0.0010635843500494957,0.0010365991306025535
7598,0.0010472178691998124,0.0010367187089286745
7599,0.001039051916450262,0.0010367562784813344
7600,0.0010484619997441769,0.0010368877300061285
7601,0.0010535322362557054,0.0010370702354703099
7602,0.0010466002859175205,0.0010371836891863496
7603,0.0010395071003586054,0.0010372270282823593
7604,0.001042912364937365,0.001037304913625121
7605,0.0010456913150846958,0.0010374104557558895
7606,0.0010402606567367911,0.0010374612966552376
7607,0.001038842019625008,0.001037497790530324
7608,0.0010414617136120796,0.0010375604254659265
7609,0.0010420248145237565,0.0010376285435631872
7610,0.0010365486377850175,0.0010376421443652362
7611,0.0010399564635008574,0.0010376902960706502
7612,0.0010407415684312582,0.0010377466911450028
7613,0.0010370145319029689,0.0010377660288941116
7614,0.0010377553990110755,0.0010377928696107118
7615,0.0010391408577561378,0.0010378334426786751
7616,0.0010368044022470713,0.0010378504160325974
7617,0.0010365316411480308,0.001037864477839321
7618,0.0010376082500442863,0.001037889268482104
7619,0.0010361868189647794,0.0010378999030217528
7620,0.001036335015669465,0.0010379122267477215
7621,0.0010363304754719138,0.001037924806587398
7622,0.001036154106259346,0.0010379359393846244
7623,0.001035779481753707,0.001037943494739011
7624,0.00103591603692621,0.001037952328333631
7625,0.001035658409819007,0.0010379585169721394
7626,0.001035714172758162,0.0010379651980474591
7627,0.0010356544516980648,0.0010379711247514934
7628,0.0010353223187848926,0.0010379735217429698
7629,0.0010355403646826744,0.0010379778256174178
7630,0.0010354183614253998,0.0010379807755816729
7631,0.001035050256177783,0.0010379793669562786
7632,0.001035282388329506,0.0010379797604400665
7633,0.001035313936881721,0.0010379798151552678
7634,0.0010348103241994977,0.0010379749326966702
7635,0.001035182736814022,0.0010379731992725284
7636,0.001035091234371066,0.0010379716439638286
7637,0.0010347283678129315,0.0010379680956248195
7638,0.0010350284865126014,0.001037968142190948
7639,0.0010348588693886995,0.001037966184085235
7640,0.0010347343049943447,0.001037962563568726
7641,0.0010348407085984945,0.0010379603179171682
7642,0.0010347659699618816,0.0010379575984552504
7643,0.0010346665512770414,0.0010379538359120489
7644,0.0010347382631152868,0.001037951079197228
7645,0.0010346646886318922,0.0010379476146772503
7646,0.00103465816937387,0.0010379447718150913
7647,0.0010346213821321726,0.0010379413119517267
7648,0.0010346109047532082,0.001037937868386507
7649,0.0010345915798097849,0.0010379341978114097
7650,0.001034569344483316,0.0010379304899834096
7651,0.001034565269947052,0.0010379267018288374
7652,0.0010345212649554014,0.0010379223083145917
7653,0.0010345514165237546,0.0010379176726564765
7654,0.0010345029877498746,0.001037912523606792
7655,0.0010344895999878645,0.0010379069286864252
7656,0.0010345070622861385,0.0010379011393524707
7657,0.0010344791226089,0.001037894170731306
7658,0.0010344436159357429,0.0010378868982661516
7659,0.0010344799375161529,0.0010378806828521192
7660,0.0010344376787543297,0.001037873657187447
7661,0.001034425338730216,0.0010378657409455627
7662,0.0010344384936615825,0.0010378582670819015
7663,0.0010344106703996658,0.0010378517536446452
7664,0.0010344067122787237,0.0010378456756006927
7665,0.0010344061302021146,0.0010378400515764952
7666,0.0010343879694119096,0.0010378346440847964
7667,0.0010343866888433695,0.0010378294077236206
7668,0.001034388318657875,0.0010378246032632888
7669,0.0010343686444684863,0.0010378189268521964
7670,0.0010343637550249696,0.0010378133074846118
7671,0.001034372835420072,0.0010378076718188822
7672,0.0010343557223677635,0.001037802614737302
7673,0.0010343467583879828,0.0010377974167931825
7674,0.001034348038956523,0.0010377925622742624
7675,0.0010343390749767423,0.00103778769611381
7676,0.0010343350004404783,0.0010377829405479133
7677,0.0010343334870412946,0.0010377783048897981
7678,0.0010343220783397555,0.0010377731581684203
7679,0.0010343159083276987,0.0010377677949145437
7680,0.0010343192843720317,0.0010377615632023661
7681,0.0010343147441744804,0.001037754425778985
7682,0.0010343082249164581,0.0010377466771751642
7683,0.0010343013564124703,0.0010377383697777987
7684,0.0010342956520617008,0.0010377294674981385
7685,0.0010342916939407587,0.0010377179400529713
7686,0.001034290180541575,0.0010377039492595942
7687,0.0010342763271182775,0.0010376829653978349
7688,0.0010342742316424847,0.001037657952401787
7689,0.0010342744644731283,0.0010376149031799287
7690,0.0010342600289732218,0.0010375607397872955
7691,0.0010342602618038654,0.0010374772700015456
7692,0.0010342600289732218,0.0010373735462781042
7693,0.001034244429320097,0.0010372088162694127
7694,0.0010342439636588097,0.0010370134620461614
7695,0.0010342432651668787,0.0010366982012055815
7696,0.0010342369787395,0.0010363879357464612
7697,0.0010342380264773965,0.0010360944725107402
7698,0.0010342266177758574,0.0010359645599965007
7699,0.0010342149762436748,0.0010359161905944348
7700,0.0010342244058847427,0.0010357738146558404
7701,0.0010342082241550088,0.0010355805745348335
7702,0.001034205430187285,0.001035456625977531
7703,0.0010342156747356057,0.001035403711721301
7704,0.0010341985616832972,0.0010353165736887604
7705,0.0010341962333768606,0.001035201622871682
7706,0.0010342012392356992,0.0010351410286966712
7707,0.001034183194860816,0.001035094440449029
7708,0.0010341949528083205,0.0010350217728409916
7709,0.0010341990273445845,0.0010349435149691999
7710,0.0010341689921915531,0.0010349197185132652
7711,0.0010341783054172993,0.0010348619369324296
7712,0.0010341820307075977,0.0010347963415551931
7713,0.0010341635206714272,0.0010347678314428777
7714,0.0010341962333768606,0.0010347322397865355
7715,0.0010341922752559185,0.0010346827539615333
7716,0.0010341531597077847,0.0010346562415361404
7717,0.0010341666638851166,0.0010346325917635112
7718,0.0010341741144657135,0.0010345982504077257
7719,0.0010341561865061522,0.0010345779440831392
7720,0.0010341629385948181,0.0010345562233123927
7721,0.0010341438464820385,0.0010345343570224942
7722,0.0010341268498450518,0.0010345140844583512
7723,0.0010341362794861197,0.0010344976524356753
7724,0.0010341304587200284,0.0010344797966536133
7725,0.0010341184679418802,0.0010344643972348422
7726,0.0010341175366193056,0.0010344484308734535
7727,0.0010341050801798701,0.0010344329371582716
7728,0.0010340939043089747,0.0010344206530135125
7729,0.0010341001907363534,0.0010344062512740492
7730,0.0010340958833694458,0.0010343930264934897
7731,0.0010340835433453321,0.0010343833593651653
7732,0.0010340826120227575,0.0010343713616020977
7733,0.0010340746957808733,0.0010343589691910893
7734,0.0010340650333091617,0.0010343515162821858
7735,0.0010340679436922073,0.0010343403683509677
7736,0.0010340658482164145,0.0010343301144894212
7737,0.00103405537083745,0.0010343233845196665
7738,0.0010340571170672774,0.0010343136708252131
7739,0.0010340444277971983,0.0010343055264092982
7740,0.0010340348817408085,0.0010342985321767628
7741,0.001034040586091578,0.0010342905309516936
7742,0.0010340333683416247,0.001034283204935491
7743,0.001034027198329568,0.0010342768114060164
7744,0.0010340269654989243,0.0010342696984298528
7745,0.001034029759466648,0.0010342633491382002
7746,0.0010340187000110745,0.0010342569544445723
7747,0.001034013694152236,0.001034250877564773
7748,0.0010340182343497872,0.0010342449508607388
7749,0.001033998909406364,0.0010342390241567046
7750,0.0010340057779103518,0.001034233388490975
7751,0.0010340048465877771,0.001034227784257382
7752,0.0010339817963540554,0.0010342223895713687
7753,0.0010339856380596757,0.001034216731786728
7754,0.0010339951841160655,0.00103421165375039
7755,0.0010339755099266768,0.001034206512849778
7756,0.0010339792352169752,0.0010342012345790864
7757,0.001033977372571826,0.0010341962170787155
7758,0.0010339560685679317,0.0010341913416050375
7759,0.0010339624714106321,0.0010341861669439822
7760,0.0010339601431041956,0.0010341813915874809
7761,0.0010339366272091866,0.0010341765044722705
7762,0.001033949083648622,0.001034171610372141
7763,0.0010339486179873347,0.0010341669898480178
7764,0.0010339290602132678,0.001034162213327363
7765,0.0010339365107938647,0.0010341575171332806
7766,0.0010339446598663926,0.0010341530840378254
7767,0.0010339227737858891,0.0010341484448872507
7768,0.0010339153232052922,0.0010341437149327247
7769,0.001033926964737475,0.0010341392981354147
7770,0.0010339135769754648,0.0010341347963549196
7771,0.0010339079890400171,0.0010341301478911191
7772,0.0010339170694351196,0.0010341257613617927
7773,0.0010338961146771908,0.0010341212549246847
7774,0.0010339063592255116,0.0010341168381273746
7775,0.0010339240543544292,0.0010341126879211515
7776,0.0010339007712900639,0.0010341083456296475
7777,0.0010338980937376618,0.001034103991696611
7778,0.00103389925789088,0.0010340997634921223
7779,0.0010338772553950548,0.001034095376962796
7780,0.0010338695719838142,0.0010340908798389136
7781,0.0010338803986087441,0.0010340865363832564
7782,0.0010338694555684924,0.0010340821486897766
7783,0.0010338705033063889,0.0010340778401587158
7784,0.0010338749270886183,0.001034073632908985
7785,0.0010338572319597006,0.0010340692882891745
7786,0.001033850945532322,0.001034064895939082
7787,0.0010338544379919767,0.001034060677047819
7788,0.0010338453575968742,0.0010340563883073628
7789,0.0010338369756937027,0.0010340520134195686
7790,0.0010338564170524478,0.0010340479773003608
7791,0.0010338292922824621,0.0010340436676051468
7792,0.0010338177671656013,0.0010340392449870706
7793,0.0010338141582906246,0.0010340349422767758
7794,0.0010338067077100277,0.0010340305697172881
7795,0.001033828011713922,0.0010340264171827583
7796,0.0010338193969801068,0.0010340222413651645
7797,0.0010338211432099342,0.0010340180725324898
7798,0.001033812528476119,0.0010340139316394924
7799,0.001033813925459981,0.0010340099211316556
7800,0.001033797743730247,0.0010340056545101106
7801,0.0010337785352021456,0.001034001357620582
7802,0.0010337914573028684,0.001033997217891738
7803,0.0010337857529520988,0.0010339929186739026
7804,0.0010337751591578126,0.001033988684648648
7805,0.0010337833082303405,0.0010339845553971826
7806,0.001033759443089366,0.0010339801374357194
7807,0.001033751992508769,0.001033975825412199
7808,0.001033769454807043,0.0010339715704321861
7809,0.0010337599087506533,0.0010339671792462468
7810,0.0010337531566619873,0.0010339630208909512
7811,0.0010337306885048747,0.0010339585447218269
7812,0.0010337303392589092,0.00103395402780734
7813,0.0010337384883314371,0.0010339497774839402
7814,0.0010337256826460361,0.0010339450719766318
7815,0.0010337185813114047,0.0010339403350371867
7816,0.0010337075218558311,0.0010339358786586672
7817,0.0010337058920413256,0.0010339312709402293
7818,0.0010337192798033357,0.0010339267225936055
7819,0.0010337054263800383,0.0010339222149923443
7820,0.0010336905252188444,0.0010339174908585845
7821,0.0010336884297430515,0.0010339129366911948
7822,0.0010336898267269135,0.0010339085664600135
7823,0.0010336844716221094,0.0010339040483813733
7824,0.001033671898767352,0.0010338994627818465
7825,0.0010336794657632709,0.0010338950727600605
7826,0.0010336942505091429,0.0010338908398989587
7827,0.0010336937848478556,0.0010338867269456386
7828,0.0010336927371099591,0.0010338827152736485
7829,0.0010336883133277297,0.0010338785964995622
7830,0.0010336943669244647,0.0010338745813351124
7831,0.0010337072890251875,0.0010338708187919111
7832,0.0010336791165173054,0.0010338667838368566
7833,0.00103365583345294,0.0010338625952135772
7834,0.0010336441919207573,0.001033858386799693
7835,0.0010336388368159533,0.0010338540957309306
7836,0.0010336375562474132,0.0010338498128112405
7837,0.0010336398845538497,0.0010338456579484046
7838,0.001033637672662735,0.0010338414635043592
7839,0.0010336260311305523,0.0010338372795376926
7840,0.0010336213745176792,0.0010338331444654614
7841,0.0010336124105378985,0.0010338288627099246
7842,0.001033610082231462,0.0010338246298488229
7843,0.001033601351082325,0.0010338203713763504
7844,0.0010335950646549463,0.0010338160523679107
7845,0.0010336034465581179,0.0010338117892388255
7846,0.0010335913393646479,0.0010338075156323611
7847,0.0010335769038647413,0.0010338031477294862
7848,0.0010335720144212246,0.0010337986855302006
7849,0.0010335706174373627,0.0010337944026105107
7850,0.0010335793485864997,0.001033790138317272
7851,0.0010335687547922134,0.0010337857773993165
7852,0.00103357108309865,0.0010337816702667623
7853,0.0010335594415664673,0.0010337774083018303
7854,0.0010335597908124328,0.001033773054368794
7855,0.0010335765546187758,0.001033769064815715
7856,0.0010335736442357302,0.0010337650089059026
7857,0.0010335498955100775,0.001033760734135285
7858,0.0010335473343729973,0.0010337566467933357
7859,0.001033553620800376,0.001033752558287233
7860,0.001033547567203641,0.0010337484325282276
7861,0.0010335228871554136,0.00103374429512769
7862,0.0010335377883166075,0.0010337401821743698
7863,0.0010335348779335618,0.001033736044773832
7864,0.0010335375554859638,0.001033732129726559
7865,0.0010335291735827923,0.0010337280563544483
7866,0.0010335124097764492,0.0010337237338535487
7867,0.0010335033293813467,0.0010337195394095034
7868,0.0010335042607039213,0.0010337154287844896
7869,0.0010335055412724614,0.0010337112145498396
7870,0.0010335040278732777,0.0010337071190588175
7871,0.0010334921535104513,0.001033702960703522
7872,0.001033492968417704,0.0010336987196933479
7873,0.001033480279147625,0.0010336945613380521
7874,0.0010334723629057407,0.0010336902213748545
7875,0.0010334905236959457,0.0010336858860682697
7876,0.0010334908729419112,0.001033681787084788
7877,0.0010334650287404656,0.0010336774564348161
7878,0.0010334525723010302,0.0010336729895789175
7879,0.0010334707330912352,0.0010336689243558793
7880,0.0010334833059459925,0.0010336650616955012
7881,0.0010334885446354747,0.0010336611431557684
7882,0.0010334918042644858,0.0010336573666427284
7883,0.0010335149709135294,0.0010336538113188
7884,0.0010335227707400918,0.0010336502897553147
7885,0.0010335276601836085,0.0010336469940375537
7886,0.001033474924042821,0.0010336432338226586
7887,0.0010334367398172617,0.0010336390568409116
7888,0.0010334114776924253,0.001033634718041867
7889,0.0010334361577406526,0.0010336307098623365
7890,0.0010334590915590525,0.0010336267366074026
7891,0.0010334624676033854,0.0010336230683606119
7892,0.001033497042953968,0.0010336198611184955
7893,0.0010335048427805305,0.0010336167679633945
7894,0.0010334852850064635,0.001033613553736359
7895,0.00103346211835742,0.001033609894802794
7896,0.0010334416292607784,0.0010336061171256005
7897,0.001033407635986805,0.0010336019820533693
7898,0.0010333762038499117,0.0010335976188071071
7899,0.001033372012898326,0.0010335931996814907
7900,0.001033381442539394,0.0010335890366695822
7901,0.0010333805112168193,0.0010335850564297288
7902,0.0010333838872611523,0.0010335809807293117
7903,0.0010333751561120152,0.0010335768747609109
7904,0.0010333869140595198,0.001033572992309928
7905,0.0010334196267649531,0.001033569355495274
7906,0.0010334355756640434,0.0010335661168210208
7907,0.0010334004182368517,0.0010335626010783017
7908,0.0010333764366805553,0.0010335586708970369
7909,0.0010333468671888113,0.0010335545404814184
7910,0.0010333475656807423,0.001033550484571606
7911,0.001033327542245388,0.001033546453109011
7912,0.0010333162499591708,0.0010335423122160136
7913,0.0010333076352253556,0.0010335380036849528
7914,0.0010333049576729536,0.0010335337964352221
7915,0.0010333082173019648,0.0010335296927951277
7916,0.0010333032114431262,0.0010335256496910006
7917,0.0010333089157938957,0.0010335216799285264
7918,0.0010333223035559058,0.001033517710166052
7919,0.0010333447717130184,0.0010335141036193819
7920,0.0010333661921322346,0.0010335108602885156
7921,0.0010333969257771969,0.0010335079452488572
7922,0.001033466774970293,0.001033505714731291
7923,0.0010334659600630403,0.0010335035296157003
7924,0.0010334353428333998,0.0010335011640563608
7925,0.0010334016988053918,0.0010334983863867818
7926,0.0010333976242691278,0.0010334954201243818
7927,0.0010333334794268012,0.0010334918170701712
7928,0.0010332816746085882,0.0010334877064451576
7929,0.0010333018144592643,0.0010334838414564728
7930,0.0010333290556445718,0.001033480188343674
7931,0.0010333433747291565,0.0010334765492007137
7932,0.0010333192767575383,0.001033472950803116
7933,0.001033283188007772,0.0010334692243486642
7934,0.0010332862148061395,0.001033465644577518
7935,0.0010332621168345213,0.0010334618773777038
7936,0.0010332426754757762,0.0010334579285699874
7937,0.0010332255624234676,0.0010334537853486836
7938,0.0010332290548831224,0.0010334496991708875
7939,0.0010332487290725112,0.001033445926150307
7940,0.001033266307786107,0.0010334423754829914
7941,0.001033273758366704,0.0010334389889612794
7942,0.0010332891251891851,0.0010334357793908566
7943,0.001033307984471321,0.0010334328457247467
7944,0.001033372594974935,0.0010334306210279464
7945,0.0010334078688174486,0.0010334286652505398
7946,0.001033404259942472,0.001033426794456318
7947,0.0010334030957892537,0.0010334250563755632
7948,0.0010334092658013105,0.001033423428889364
7949,0.0010333878453820944,0.0010334216011688114
7950,0.0010333778336644173,0.0010334195860195905
7951,0.0010333708487451077,0.0010334176069591195
7952,0.001033260952681303,0.001033414505654946
7953,0.0010331976227462292,0.0010334108874667436
7954,0.00103319576010108,0.00103340724715963
7955,0.0010332211386412382,0.0010334036929998548
7956,0.001033235341310501,0.0010334003099706024
7957,0.0010332065867260098,0.0010333968768827617
7958,0.0010332041420042515,0.0010333934449590742
7959,0.00103325629606843,0.0010333904717117549
7960,0.0010332129895687103,0.0010333871259354055
7961,0.001033148029819131,0.0010333833773620426
7962,0.0010331383673474193,0.0010333793831523508
7963,0.0010331578087061644,0.0010333756124600768
7964,0.0010331589728593826,0.001033371826633811
7965,0.0010331233497709036,0.001033367768395692
7966,0.001033114269375801,0.0010333637869916856
7967,0.0010331247467547655,0.0010333600011654199
7968,0.0010331153171136975,0.0010333561117295176
7969,0.0010331259109079838,0.0010333523154258729
7970,0.0010331105440855026,0.001033348380587995
7971,0.0010331016965210438,0.001033344476018101
7972,0.0010330876102671027,0.001033340422436595
7973,0.0010331086814403534,0.0010333367064595223
7974,0.0010331426747143269,0.0010333334095776082
7975,0.0010331335943192244,0.001033329840283841
7976,0.0010331260273233056,0.0010333261918276549
7977,0.0010331508237868547,0.0010333230497781187
7978,0.0010332511737942696,0.001033321035793051
7979,0.001033364562317729,0.001033319974085316
7980,0.0010336271952837706,0.0010333214129786938
7981,0.0010339405853301287,0.0010333259333856403
7982,0.0010348601499572396,0.001033339616842568
7983,0.0010356095153838396,0.001033360562287271
7984,0.0010379519080743194,0.0010334048536606133
7985,0.0010398229351267219,0.0010334678064100444
7986,0.0010461548808962107,0.0010335946059785784
7987,0.0010516262846067548,0.0010337765014264732
7988,0.0010708197951316833,0.001034150584600866
7989,0.0010856501758098602,0.0010346727247815578
7990,0.001128258416429162,0.001035620718030259
7991,0.0011343841906636953,0.001036629935260862
7992,0.0011475193314254284,0.0010377701581455766
7993,0.0010822904296219349,0.0010382580140139907
7994,0.0010783299803733826,0.00103870646096766
7995,0.0011108142789453268,0.001039479982573539
7996,0.0010578904766589403,0.0010397244710475206
7997,0.0010767902713268995,0.0010401582974009216
7998,0.001079642679542303,0.0010406209621578455
7999,0.001053238520398736,0.0010408196272328495
8000,0.0010689542395994067,0.0010411753552034496
8001,0.001063806121237576,0.0010414796113036573
8002,0.0010510713327676058,0.0010416564857587218
8003,0.0010646164882928133,0.0010419688990805297
8004,0.001046018791384995,0.0010420952178537845
8005,0.001055847154930234,0.0010423194931354373
8006,0.0010499777272343636,0.0010424849146511406
8007,0.0010450545232743025,0.0010426014557015151
8008,0.0010509357089176774,0.0010427770484238864
8009,0.0010411061812192202,0.0010428546415641904
8010,0.0010464610531926155,0.001042985776439309
8011,0.0010418167803436518,0.0010430706688202918
8012,0.0010415762662887573,0.0010431532689835876
8013,0.0010415121214464307,0.0010432353138457983
8014,0.001039477763697505,0.0010432970419060438
8015,0.0010391012765467167,0.0010433549724984915
8016,0.001039249124005437,0.0010434144316241146
8017,0.0010373294353485107,0.0010434546368196607
8018,0.0010380980093032122,0.0010435023938771338
8019,0.0010365823982283473,0.001043534770142287
8020,0.0010369149968028069,0.0010435702581889927
8021,0.0010365881025791168,0.001043602169957012
8022,0.0010352779645472765,0.0010436202818527819
8023,0.001036771689541638,0.0010436533391475677
8024,0.0010346088092774153,0.001043665073812008
8025,0.0010360631858929992,0.001043691688682884
8026,0.0010346854105591774,0.0010437045665457846
8027,0.0010349974036216736,0.0010437212057877333
8028,0.0010346914641559124,0.0010437353036832065
8029,0.0010344514157623053,0.0010437467996962369
8030,0.0010345294140279293,0.0010437588032800704
8031,0.001034175744280219,0.001043767126975581
8032,0.0010341601446270943,0.0010437755356542766
8033,0.001034037908539176,0.0010437830828595907
8034,0.0010338922729715705,0.001043789143441245
8035,0.0010339416330680251,0.00104379593860358
8036,0.0010336246341466904,0.0010437997581902892
8037,0.0010338914580643177,0.0010438064171466976
8038,0.0010334905236959457,0.001043809031834826
8039,0.0010336223058402538,0.0010438127676025033
8040,0.0010335741098970175,0.0010438158456236124
8041,0.001033361186273396,0.0010438167199026793
8042,0.0010335391853004694,0.0010438192205037922
8043,0.001033295877277851,0.0010438190994318574
8044,0.0010333964601159096,0.0010438193380832672
8045,0.0010332907550036907,0.0010438181669451296
8046,0.001033267704769969,0.0010438168013934047
8047,0.001033295295201242,0.0010438157233875244
8048,0.0010331596713513136,0.0010438132274430245
8049,0.001033256994560361,0.0010438119189348071
8050,0.0010331389494240284,0.0010438095300924033
8051,0.0010331668891012669,0.001043807490495965
8052,0.0010331333614885807,0.0010438062145840376
8053,0.0010331098455935717,0.0010438053368125111
8054,0.0010330876102671027,0.0010438042553141712
8055,0.0010330923832952976,0.001043802967760712
8056,0.0010330528020858765,0.0010438011423684656
8057,0.0010330629302188754,0.0010437997058033942
8058,0.0010330223012715578,0.0010437978873960674
8059,0.0010330372024327517,0.0010437956964597106
8060,0.0010330034419894218,0.0010437936009839177
8061,0.0010330076329410076,0.0010437921970151364
8062,0.0010329918004572392,0.0010437907313462346
8063,0.001032976433634758,0.0010437889175955205
8064,0.0010329794604331255,0.001043787122471258
8065,0.0010329594369977713,0.0010437854833435266
8066,0.0010329585056751966,0.0010437839257065207
8067,0.0010329462820664048,0.001043782141059637
8068,0.0010329422075301409,0.0010437804099638014
8069,0.0010329316137358546,0.0010437784669920802
8070,0.0010329289361834526,0.0010437766509130597
8071,0.0010329182259738445,0.0010437748162075878
8072,0.0010329153155907989,0.0010437730932608246
8073,0.001032904488965869,0.00104377105133608
8074,0.0010329046053811908,0.0010437686706427484
8075,0.0010328942444175482,0.0010437662771437318
8076,0.0010328891221433878,0.0010437639080919324
8077,0.0010328865610063076,0.001043761265464127
8078,0.0010328767821192741,0.001043757521547377
8079,0.0010328753851354122,0.001043752629775554
8080,0.001032867468893528,0.0010437450325116516
8081,0.0010328638600185513,0.0010437342652585358
8082,0.0010328586213290691,0.001043714249972254
8083,0.0010328537318855524,0.0010436866921372712
8084,0.0010328483767807484,0.0010436356568243354
8085,0.0010328448843210936,0.001043565876316279
8086,0.0010328389471396804,0.0010434327169787138
8087,0.0010328349890187383,0.0010432448040228338
8088,0.001032831147313118,0.001042864917544648
8089,0.0010328253265470266,0.0010423366690520198
8090,0.0010328221833333373,0.0010413823067210615
8091,0.0010328174103051424,0.001040366638917476
8092,0.0010328132193535566,0.0010392195777967571
8093,0.0010328090284019709,0.0010387247637845575
8094,0.001032804837450385,0.0010382695123553275
8095,0.001032800879329443,0.0010374893783591688
8096,0.0010327964555472136,0.0010372384381480515
8097,0.0010327931959182024,0.0010367984673939645
8098,0.0010327891213819385,0.0010363299318123609
8099,0.0010327848140150309,0.0010361253947485237
8100,0.001032781321555376,0.0010357636655680836
8101,0.001032778061926365,0.0010354533849749714
8102,0.0010327734053134918,0.0010352704057004303
8103,0.0010327701456844807,0.001034951942274347
8104,0.0010327668860554695,0.0010348194232210517
8105,0.0010327621130272746,0.001034588572802022
8106,0.001032759202644229,0.0010344163875561207
8107,0.0010327557101845741,0.0010342933994252235
8108,0.0010327522177249193,0.0010341115645132958
8109,0.0010327486088499427,0.001034027988789603
8110,0.0010327446507290006,0.001033890824764967
8111,0.001032740925438702,0.0010338000662159174
8112,0.0010327377822250128,0.00103371168137528
8113,0.001032733591273427,0.00103362389607355
8114,0.0010327303316444159,0.0010335564217530192
8115,0.001032726839184761,0.0010334926773793995
8116,0.0010327236959710717,0.001033427423099056
8117,0.0010327184572815895,0.0010333813133183867
8118,0.0010327169438824058,0.0010333275026641786
8119,0.0010327128693461418,0.0010332888073753565
8120,0.0010327091440558434,0.001033246748847887
8121,0.0010327064665034413,0.0010332079324871302
8122,0.001032702624797821,0.0010331821790896356
8123,0.001032698550261557,0.001033141447696835
8124,0.0010326970368623734,0.0010331223299726844
8125,0.0010326928459107876,0.0010330886265728623
8126,0.0010326881892979145,0.0010330686543602496
8127,0.0010326867923140526,0.0010330455482471734
8128,0.0010326821357011795,0.001033025454962626
8129,0.0010326793417334557,0.0010330077342223375
8130,0.0010326758492738008,0.0010329891985747964
8131,0.0010326706105843186,0.0010329741472378372
8132,0.0010326685151085258,0.0010329592309426517
8133,0.0010326642077416182,0.001032945493934676
8134,0.001032660948112607,0.0010329331806860865
8135,0.0010326576884835958,0.0010329203412402421
8136,0.001032654196023941,0.0010329106368590147
8137,0.0010326516348868608,0.0010328982386272401
8138,0.0010326497722417116,0.0010328898311126977
8139,0.0010326448827981949,0.0010328800568822772
8140,0.0010326430201530457,0.0010328707459848375
8141,0.0010326398769393563,0.001032863532891497
8142,0.0010326349874958396,0.0010328544909134507
8143,0.0010326344054192305,0.0010328478761948644
8144,0.0010326289338991046,0.0010328402009326964
8145,0.0010326255578547716,0.0010328335489612074
8146,0.001032623345963657,0.001032827105373144
8147,0.0010326202027499676,0.0010328203544486313
8148,0.0010326202027499676,0.0010328149597626179
8149,0.0010326149640604854,0.0010328085394576193
8150,0.001032611122354865,0.0010328032611869277
8151,0.0010326099582016468,0.0010327976918779313
8152,0.0010326041374355555,0.0010327923996374011
8153,0.0010326043702661991,0.0010327873448841274
8154,0.0010325983166694641,0.001032782451948151
8155,0.0010325955227017403,0.0010327774833422153
8156,0.001032596337608993,0.0010327729186974466
8157,0.0010325886541977525,0.0010327681759372354
8158,0.0010325866751372814,0.0010327638196758926
8159,0.0010325841140002012,0.0010327592887915671
8160,0.0010325824841856956,0.0010327550792135298
8161,0.0010325785260647535,0.0010327507881447674
8162,0.0010325757320970297,0.0010327466274611652
8163,0.0010325777111575007,0.0010327426402363927
8164,0.0010325724724680185,0.0010327385703567415
8165,0.0010325639741495252,0.0010327346157282592
8166,0.00103256746660918,0.001032730705337599
8167,0.0010325604816898704,0.0010327268473338336
8168,0.0010325541952624917,0.0010327229672111571
8169,0.0010325575713068247,0.0010327192267868667
8170,0.0010325489565730095,0.0010327154269907624
8171,0.0010325460461899638,0.0010327117051929235
8172,0.0010325420880690217,0.0010327079729177057
8173,0.0010325420880690217,0.0010327043489087374
8174,0.0010325426701456308,0.0010327007295563818
8175,0.0010325321927666664,0.0010326971090398728
8176,0.0010325359180569649,0.0010326935769990086
8177,0.001032531843520701,0.0010326900298241526
8178,0.001032523112371564,0.0010326864931266755
8179,0.001032525789923966,0.001032682997174561
8180,0.0010325158946216106,0.0010326794814318418
8181,0.0010325151961296797,0.0010326759947929531
8182,0.0010325113544240594,0.001032672522123903
8183,0.001032506232149899,0.0010326690471265465
8184,0.0010325046023353934,0.0010326656093820928
8185,0.0010324998293071985,0.001032662158831954
8186,0.001032497501000762,0.0010326587443705649
8187,0.0010324970353394747,0.001032655364833772
8188,0.0010324924951419234,0.0010326519783120602
8189,0.001032489351928234,0.0010326486185658723
8190,0.0010324878385290504,0.0010326452751178293
8191,0.0010324852773919702,0.0010326419537886977
8192,0.0010324859758839011,0.0010326386813540012
8193,0.001032478641718626,0.0010326353774871677
8194,0.001032474567182362,0.0010326320747844875
8195,0.001032473985105753,0.0010326288058422506
8196,0.0010324670001864433,0.0010326255112886428
8197,0.0010324644390493631,0.0010326222237199544
8198,0.0010324608301743865,0.001032618940807879
8199,0.0010324583854526281,0.0010326156765222548
8200,0.0010324574541300535,0.0010326124378480018
8201,0.0010324529139325023,0.001032609186368063
8202,0.0010324501199647784,0.001032605953514576
8203,0.0010324488393962383,0.0010326027404516935
8204,0.001032445696182549,0.0010325995285529643
8205,0.0010324408067390323,0.001032596315490082
8206,0.0010324402246624231,0.0010325931257102639
8207,0.0010324332397431135,0.0010325899010058493
8208,0.0010324326576665044,0.001032586705405265
8209,0.0010324263712391257,0.001032583483029157
8210,0.0010324239265173674,0.0010325802757870405
8211,0.0010324213653802872,0.0010325770801864565
8212,0.0010324157774448395,0.0010325738601386547
8213,0.0010324146132916212,0.0010325706703588366
8214,0.001032410655170679,0.0010325674735940993
8215,0.0010324111208319664,0.0010325643164105713
8216,0.0010324058821424842,0.0010325611382722855
8217,0.001032401924021542,0.001032557972939685
8218,0.0010324018076062202,0.0010325548215769232
8219,0.0010323983151465654,0.0010325516760349273
8220,0.0010323941241949797,0.0010325485258363188
8221,0.001032393192872405,0.0010325453931000084
8222,0.0010323881870135665,0.001032542248722166
8223,0.001032386440783739,0.0010325391276273877
8224,0.0010323839960619807,0.0010325359972193837
8225,0.0010323807364329696,0.0010325328761246054
8226,0.0010323758469894528,0.0010325297527015208
8227,0.0010323747992515564,0.001032526632770896
8228,0.0010323750320822,0.001032523561734706
8229,0.0010323678143322468,0.001032520446460694
8230,0.001032366999424994,0.001032517357962206
8231,0.0010323612950742245,0.001032514264807105
8232,0.0010323591995984316,0.001032511171652004
8233,0.001032358966767788,0.001032508119242266
8234,0.001032352913171053,0.0010325050388928503
8235,0.0010323487222194672,0.001032501949230209
8236,0.0010323491878807545,0.001032498899148777
8237,0.0010323466267436743,0.0010324958490673453
8238,0.0010323418537154794,0.0010324927698820829
8239,0.0010323388269171119,0.0010324897093232721
8240,0.0010323355672881007,0.0010324866347946227
8241,0.001032332656905055,0.0010324835625942796
8242,0.0010323275346308947,0.0010324804880656301
8243,0.0010323252063244581,0.0010324773960746826
8244,0.001032324624247849,0.00103247435297817
8245,0.0010323191527277231,0.0010324712889268994
8246,0.0010323191527277231,0.0010324682469945402
8247,0.0010323147289454937,0.0010324651922564954
8248,0.0010323110036551952,0.0010324621002655477
8249,0.001032308442518115,0.001032459035050124
8250,0.0010323047172278166,0.0010324559709988534
8251,0.001032301690429449,0.0010324528883211314
8252,0.0010323015740141273,0.001032449862686917
8253,0.001032297033816576,0.001032446789322421
8254,0.0010322947055101395,0.0010324437532108278
8255,0.0010322930756956339,0.0010324407287407667
8256,0.0010322870220988989,0.0010324376355856657
8257,0.0010322846937924623,0.0010324345959816128
8258,0.0010322867892682552,0.0010324315971229226
8259,0.0010322793386876583,0.0010324285493697972
8260,0.0010322771267965436,0.0010324254957959056
8261,0.0010322753805667162,0.0010324224643409252
8262,0.0010322722373530269,0.001032419429393485
8263,0.0010322697926312685,0.0010324163502082229
8264,0.0010322665330022573,0.0010324132908135653
8265,0.0010322630405426025,0.001032410281477496
8266,0.001032260712236166,0.0010324072139337658
8267,0.0010322565212845802,0.001032404174329713
8268,0.0010322551243007183,0.0010324011836200953
8269,0.0010322490707039833,0.001032398098614067
8270,0.0010322467423975468,0.0010323950764723122
8271,0.001032243948429823,0.0010323920554947109
8272,0.0010322404559701681,0.0010323890391737223
8273,0.0010322399903088808,0.0010323860181961208
8274,0.0010322383604943752,0.0010323829750996084
8275,0.0010322314919903874,0.0010323799680918456
8276,0.001032233121804893,0.0010323769401293249
8277,0.001032225787639618,0.001032373879570514
8278,0.001032225089147687,0.0010323708993382752
8279,0.001032223692163825,0.0010323678783606739
8280,0.001032219035550952,0.0010323649097699673
8281,0.001032214961014688,0.0010323619074188173
8282,0.0010322164744138718,0.0010323589586187154
8283,0.0010322134476155043,0.0010323560307733714
8284,0.001032212981954217,0.0010323531145695597
8285,0.0010322080925107002,0.0010323501972015947
8286,0.001032206928357482,0.001032347291475162
8287,0.001032200874760747,0.0010323443298693746
8288,0.0010321966838091612,0.001032341371756047
8289,0.0010321936570107937,0.0010323384148068727
8290,0.0010321890003979206,0.0010323354264255612
8291,0.0010321920271962881,0.0010323324939236044
8292,0.0010321835288777947,0.0010323294694535433
8293,0.0010321803856641054,0.0010323264868929982
8294,0.001032184693031013,0.0010323235881514847
8295,0.0010321862064301968,0.0010323207103647293
8296,0.0010321724694222212,0.001032317765057087
8297,0.0010321747977286577,0.0010323148686438798
8298,0.0010321851586923003,0.001032312111929059
8299,0.001032169908285141,0.0010323092271573842
8300,0.001032164553180337,0.001032306298147887
8301,0.0010321668814867735,0.0010323034378234297
8302,0.0010321710724383593,0.0010323006473481654
8303,0.001032161759212613,0.0010322977765463294
8304,0.001032152445986867,0.0010322948440443724
8305,0.0010321594309061766,0.0010322920302860438
8306,0.0010321601293981075,0.0010322892293334008
8307,0.0010321482550352812,0.0010322863794863225
8308,0.0010321426670998335,0.0010322834795806557
8309,0.0010321460431441665,0.0010322806762997061
8310,0.0010321417357772589,0.001032277854392305
8311,0.0010321377776563168,0.0010322750185150654
8312,0.0010321340523660183,0.001032272201264277
8313,0.001032133586704731,0.0010322693909984083
8314,0.0010321338195353746,0.001032266622642055
8315,0.0010321217123419046,0.0010322637285571546
8316,0.0010321201989427209,0.0010322608717251568
8317,0.0010321156587451696,0.001032258009072393
8318,0.0010321151930838823,0.0010322551429271698
8319,0.0010321078589186072,0.0010322522383648903
8320,0.0010321082081645727,0.0010322493792045862
8321,0.0010321041336283088,0.0010322464886121452
8322,0.001032100641168654,0.001032243613153696
8323,0.0010320984292775393,0.0010322407330386342
8324,0.001032095868140459,0.001032237851759419
8325,0.0010320906294509768,0.001032234950689599
8326,0.0010320896981284022,0.0010322320892009885
8327,0.00103208445943892,0.001032229185802862
8328,0.0010320860892534256,0.0010322262963745742
8329,0.0010320782894268632,0.0010322234011255205
8330,0.0010320759611204267,0.0010322204907424748
8331,0.0010320766596123576,0.0010322176443878562
8332,0.0010320668807253242,0.001032214721199125
8333,0.001032068976201117,0.0010322118212934583
8334,0.0010320671135559678,0.0010322089632973075
8335,0.0010320593137294054,0.0010322060692124068
8336,0.0010320621076971292,0.0010322031984105707
8337,0.0010320590808987617,0.0010322003229521215
8338,0.0010320543078705668,0.0010321974474936724
8339,0.0010320546571165323,0.0010321946057956666
8340,0.001032050233334303,0.0010321917524561287
8341,0.0010320426663383842,0.001032188852550462
8342,0.0010320516303181648,0.0010321860935073345
8343,0.001032046158798039,0.0010321833030320705
8344,0.0010320382425561547,0.0010321804392151536
8345,0.0010320376604795456,0.0010321776242926716
8346,0.0010320339351892471,0.0010321747721172868
8347,0.0010320276487618685,0.0010321719013154506
8348,0.0010320281144231558,0.0010321690724231303
8349,0.0010320206638425589,0.0010321661946363747
8350,0.0010320200817659497,0.001032163348281756
8351,0.0010320211295038462,0.0010321605426725
8352,0.0010320211295038462,0.0010321577382273973
8353,0.0010320115834474564,0.001032154883723706
8354,0.0010320123983547091,0.0010321520606521516
8355,0.0010320100700482726,0.0010321492305956782
8356,0.0010320099536329508,0.0010321464599110186
8357,0.001032005064189434,0.0010321436636149884
8358,0.001031997730024159,0.0010321407730225474
8359,0.0010320006404072046,0.0010321379860397427
8360,0.0010319966822862625,0.00103213518159464
8361,0.0010319845750927925,0.0010321322735399009
8362,0.0010319873690605164,0.0010321294248569757
8363,0.001031984924338758,0.0010321265761740505
8364,0.0010319834109395742,0.0010321237449534238
8365,0.0010319831781089306,0.001032120946329087
8366,0.0010319771245121956,0.0010321181104518474
8367,0.0010319773573428392,0.00103211531881243
8368,0.001031970838084817,0.001032112475950271
8369,0.0010319671127945185,0.0010321096563711762
8370,0.001031972118653357,0.0010321069101337343
8371,0.001031974097713828,0.0010321042116265744
8372,0.0010319617576897144,0.00103210142464377
8373,0.0010319584980607033,0.0010320986097212882
8374,0.0010319584980607033,0.0010320958110969513
8375,0.0010319652501493692,0.0010320931486785413
8376,0.0010319495340809226,0.0010320903128013014
8377,0.0010319423163309693,0.001032087478088215
8378,0.0010319518623873591,0.0010320847458206118
8379,0.001031943946145475,0.0010320819483604282
8380,0.0010319373104721308,0.00103207913110964
8381,0.0010319349821656942,0.00103207633132115
8382,0.001031934400089085,0.0010320735105779021
8383,0.0010319302091374993,0.001032070678193122
8384,0.0010319219436496496,0.0010320677678100764
8385,0.0010319232242181897,0.0010320649191271514
8386,0.001031919615343213,0.0010320620459970088
8387,0.0010319178691133857,0.001032059215940535
8388,0.0010319141438230872,0.0010320563905406744
8389,0.0010319097200408578,0.001032053551170975
8390,0.001031908905133605,0.0010320507502183318
8391,0.0010319065768271685,0.0010320478957146406
8392,0.0010319006396457553,0.0010320450668223201
8393,0.0010319009888917208,0.0010320422728545963
8394,0.001031902153044939,0.0010320394474547356
8395,0.0010318951681256294,0.00103203653707169
8396,0.001031894818879664,0.0010320337605662644
8397,0.001031898777000606,0.0010320310003589838
8398,0.0010318908607587218,0.001032028057379648
8399,0.0010318945860490203,0.0010320253041572868
8400,0.0010318858548998833,0.0010320225171744823
8401,0.0010318809654563665,0.0010320196580141782
8402,0.0010318844579160213,0.001032016791868955
8403,0.0010318828281015158,0.0010320140025578438
8404,0.0010318724671378732,0.001032011202769354
8405,0.0010318737477064133,0.0010320083459373563
8406,0.0010318709537386894,0.0010320054541807621
8407,0.001031859777867794,0.0010320025694090873
8408,0.0010318661807104945,0.001031999804545194
8409,0.0010318596614524722,0.001031996940728277
8410,0.0010318525601178408,0.0010319940489716829
8411,0.0010318562854081392,0.001031991234049201
8412,0.0010318518616259098,0.0010319884121418
8413,0.0010318465065211058,0.0010319855413399638
8414,0.0010318493004888296,0.0010319826961494982
8415,0.001031849067658186,0.001031979969702661
8416,0.0010318467393517494,0.0010319772351067512
8417,0.0010318432468920946,0.0010319745109882207
8418,0.001031835563480854,0.0010319717146921902
8419,0.0010318385902792215,0.0010319690220057965
8420,0.0010318431304767728,0.0010319663712289185
8421,0.0010318334680050611,0.001031963664572686
8422,0.0010318284621462226,0.0010319609427824616
8423,0.0010318257845938206,0.0010319582163356245
8424,0.0010318277636542916,0.0010319555352907629
8425,0.0010318192653357983,0.001031952821649611
8426,0.0010318162385374308,0.0010319500870537013
8427,0.0010318123968318105,0.0010319473664276303
8428,0.001031812746077776,0.0010319446329958737
8429,0.0010318054119125009,0.0010319419042207302
8430,0.0010318084387108684,0.0010319392289966345
8431,0.0010318048298358917,0.00103193651069887
8432,0.0010318027343600988,0.0010319338692352175
8433,0.0010318009881302714,0.001031931189354509
8434,0.0010317930718883872,0.0010319284489378334
8435,0.0010317921405658126,0.0010319257772061973
8436,0.0010317901615053415,0.0010319230577442795
8437,0.0010317929554730654,0.0010319203964900226
8438,0.0010317929554730654,0.0010319177829660475
8439,0.0010317866690456867,0.001031915103085339
8440,0.0010317742126062512,0.0010319123428780585
8441,0.0010317799169570208,0.001031909715384245
8442,0.0010317814303562045,0.0010319070133846253
8443,0.0010317742126062512,0.0010319042939227075
8444,0.001031778403557837,0.0010319016955327243
8445,0.0010317715350538492,0.0010318990342784674
8446,0.0010317657142877579,0.0010318963520694524
8447,0.001031775027513504,0.0010318938258569688
8448,0.0010317753767594695,0.0010318912984803319
8449,0.0010317624546587467,0.0010318887163884938
8450,0.0010317587293684483,0.0010318861028645189
8451,0.0010317630367353559,0.001031883521936834
8452,0.0010317536070942879,0.0010318808467127383
8453,0.001031752210110426,0.0010318782529793679
8454,0.0010317435953766108,0.001031875564949587
8455,0.0010317370761185884,0.0010318728350102902
8456,0.001031743478961289,0.0010318701702635735
8457,0.0010317423148080707,0.0010318675427697598
8458,0.0010317276464775205,0.0010318648419342935
8459,0.0010317268315702677,0.0010318621038459242
8460,0.0010317318374291062,0.0010318594553973526
8461,0.001031723921187222,0.0010318568488582969
8462,0.0010317267151549459,0.001031854242319241
8463,0.0010317193809896708,0.0010318515868857504
8464,0.0010317089036107063,0.0010318488418124617
8465,0.0010317224077880383,0.0010318462341092527
8466,0.0010317160049453378,0.0010318436229135842
8467,0.00103169702924788,0.0010318408196326346
8468,0.0010317068081349134,0.0010318381793331356
8469,0.0010317054111510515,0.0010318355623167008
8470,0.0010316874831914902,0.001031832715962082
8471,0.001031698426231742,0.0010318299592472612
8472,0.0010316900443285704,0.0010318272421136498
8473,0.0010316758416593075,0.001031824415549636
8474,0.00103168492205441,0.001031821679789573
8475,0.001031680265441537,0.0010318188299424946
8476,0.0010316685074940324,0.0010318160196766256
8477,0.0010316733969375491,0.0010318133304826915
8478,0.0010316644329577684,0.0010318104561883956
8479,0.0010316548869013786,0.0010318075655959547
8480,0.0010316636180505157,0.0010318048286717385
8481,0.0010316551197320223,0.0010318020300474017
8482,0.0010316504631191492,0.0010317991906777025
8483,0.001031649298965931,0.0010317963815759867
8484,0.0010316509287804365,0.0010317936714272947
8485,0.0010316467378288507,0.0010317909065634013
8486,0.001031647901982069,0.0010317881894297898
8487,0.0010316428961232305,0.0010317854396998882
8488,0.0010316306725144386,0.0010317826049868017
8489,0.0010316373081877828,0.001031779880868271
8490,0.0010316321859136224,0.0010317771136760712
8491,0.0010316189145669341,0.001031774237053469
8492,0.0010316241532564163,0.0010317714721895755
8493,0.0010316187981516123,0.0010317686502821744
8494,0.0010316077386960387,0.0010317657061386853
8495,0.001031611580401659,0.0010317628702614457
8496,0.001031608204357326,0.0010317600041162222
8497,0.0010315983090549707,0.001031756999436766
8498,0.0010316004045307636,0.0010317540948744863
8499,0.0010315969120711088,0.0010317511181347071
8500,0.0010315863182768226,0.0010317481227684767
8501,0.00103160017170012,0.001031745314830914
8502,0.0010315924882888794,0.0010317423951346427
8503,0.001031582592986524,0.0010317393927834928
8504,0.00103158934507519,0.001031736561562866
8505,0.0010315794497728348,0.0010317336185835303
8506,0.0010315764229744673,0.001031730673275888
8507,0.0010315838735550642,0.0010317279142327608
8508,0.0010315789841115475,0.0010317250422667713
8509,0.001031564548611641,0.0010317220911383628
8510,0.0010315610561519861,0.0010317191760987044
8511,0.0010315561667084694,0.0010317161749117077
8512,0.0010315532563254237,0.0010317131888587028
8513,0.0010315561667084694,0.0010317102854605763
8514,0.001031564432196319,0.0010317074367776514
8515,0.0010315431281924248,0.0010317043773829936
8516,0.00103155174292624,0.0010317014274187385
8517,0.001031549763865769,0.0010316984925884754
8518,0.00103154091630131,0.0010316955461166799
8519,0.0010315546533092856,0.0010316927067469805
8520,0.0010315567487850785,0.0010316898429300636
8521,0.001031530904583633,0.0010316868172958492
8522,0.0010315368417650461,0.0010316839010920376
8523,0.0010315371910110116,0.0010316810151562094
8524,0.0010315215913578868,0.0010316779534332455
8525,0.0010315277613699436,0.0010316750383935868
8526,0.0010315228719264269,0.0010316721047274769
8527,0.0010315080871805549,0.0010316690616309643
8528,0.0010315150720998645,0.001031666084891185
8529,0.0010315239196643233,0.0010316632699687034
8530,0.0010315028484910727,0.0010316602140665054
8531,0.0010315080871805549,0.001031657246639952
8532,0.001031505991704762,0.0010316542792133986
8533,0.001031486433930695,0.001031651133671403
8534,0.0010314948158338666,0.0010316481511108578
8535,0.0010315048275515437,0.0010316452779807151
8536,0.0010314867831766605,0.0010316422441974283
8537,0.0010314936516806483,0.001031639251159504
8538,0.0010314913233742118,0.0010316362348385154
8539,0.0010314665269106627,0.0010316330334171652
8540,0.0010314766550436616,0.0010316300578415395
8541,0.001031482475809753,0.0010316270834300667
8542,0.001031461521051824,0.0010316238843370228
8543,0.0010314686223864555,0.0010316208284348249
8544,0.0010314711835235357,0.001031617756234482
8545,0.001031448831781745,0.001031614529201761
8546,0.0010314520914107561,0.001031611392972991
8547,0.00103145616594702,0.001031608204357326
8548,0.001031437306664884,0.0010316048236563803
8549,0.0010314430110156536,0.0010316016292199492
8550,0.0010314472019672394,0.0010315985139459371
8551,0.0010314277606084943,0.0010315951611846686
8552,0.0010314355604350567,0.0010315919807180763
8553,0.0010314432438462973,0.001031588891055435
8554,0.0010314201936125755,0.0010315856570377946
8555,0.0010314304381608963,0.0010315825906582177
8556,0.001031438703648746,0.0010315795429050923
8557,0.0010314182145521045,0.0010315763019025327
8558,0.0010314257815480232,0.0010315732832532375
8559,0.0010314310202375054,0.0010315703251399099
8560,0.0010314055252820253,0.0010315670620184392
8561,0.0010314155369997025,0.001031563978176564
8562,0.001031428575515747,0.001031560996780172
8563,0.0010314076207578182,0.0010315578791778536
8564,0.001031411811709404,0.0010315549082588404
8565,0.0010314201936125755,0.0010315518861170859
8566,0.0010313896927982569,0.001031548622995615
8567,0.0010313992388546467,0.0010315456450916826
8568,0.0010314175160601735,0.0010315427521709352
8569,0.0010314019164070487,0.0010315397172234952
8570,0.0010314042447134852,0.001031536884838715
8571,0.001031407155096531,0.001031533972127363
8572,0.001031373394653201,0.0010315308056306094
8573,0.0010313712991774082,0.0010315277602057904
8574,0.0010313898092135787,0.0010315248090773822
8575,0.0010313703678548336,0.001031521710101515
8576,0.0010313814273104072,0.0010315188392996787
8577,0.001031378167681396,0.0010315158870071173
8578,0.0010313527891412377,0.001031512770568952
8579,0.001031355350278318,0.0010315097752027214
8580,0.0010313723469153047,0.0010315068624913693
8581,0.001031356630846858,0.0010315038776025176
8582,0.0010313522070646286,0.0010315008950419725
8583,0.0010313509264960885,0.001031497911317274
8584,0.0010313323000445962,0.0010314947250299156
8585,0.0010313335806131363,0.0010314915934577585
8586,0.0010313510429114103,0.0010314886248670519
8587,0.0010313258972018957,0.0010314854548778385
8588,0.0010313233360648155,0.0010314823815133422
8589,0.0010313289240002632,0.001031479297671467
8590,0.0010313093662261963,0.0010314760694745929
8591,0.0010313104139640927,0.0010314729844685645
8592,0.001031325664371252,0.0010314699995797128
8593,0.0010313031962141395,0.001031466843560338
8594,0.0010313087841495872,0.0010314638540148734
8595,0.001031322404742241,0.0010314609622582792
8596,0.0010313049424439669,0.0010314579296391458
8597,0.0010312988888472319,0.0010314549354370683
8598,0.0010313090169802308,0.001031452021561563
8599,0.0010312930680811405,0.0010314489831216634
8600,0.0010312877129763365,0.0010314459970686585
8601,0.0010313084349036217,0.0010314430797006935
8602,0.0010312991216778755,0.0010314401460345835
8603,0.001031291438266635,0.0010314372344873847
8604,0.0010312906233593822,0.0010314342472702266
8605,0.0010312724625691772,0.0010314311773981899
8606,0.0010312621016055346,0.0010314280341845005
8607,0.001031266525387764,0.0010314248607028276
8608,0.001031265128403902,0.0010314217221457512
8609,0.0010312696686014533,0.0010314187733456493
8610,0.0010312702506780624,0.00103141586529091
8611,0.0010312562808394432,0.0010314128664322198
8612,0.0010312532540410757,0.0010314098664093762
8613,0.001031246967613697,0.0010314067744184286
8614,0.0010312451049685478,0.001031403581146151
8615,0.0010312520898878574,0.0010314006707631052
8616,0.001031239633448422,0.001031397549668327
8617,0.001031249761581421,0.0010313945496454836
8618,0.0010312508093193173,0.0010313916485756637
8619,0.0010312291560694575,0.0010313883936032653
8620,0.0010312360245734453,0.0010313851863611488
8621,0.0010312352096661925,0.0010313822294119746
8622,0.001031218678690493,0.001031379047781229
8623,0.0010312292724847794,0.0010313759685959666
8624,0.0010312196100130677,0.0010313729487825185
8625,0.0010312144877389073,0.0010313698160462081
8626,0.0010312172817066312,0.0010313667601440102
8627,0.0010312150698155165,0.0010313638299703598
8628,0.0010312107624486089,0.0010313607868738472
8629,0.0010312030790373683,0.0010313575784675778
8630,0.0010311990045011044,0.001031354540027678
8631,0.0010311935329809785,0.0010313513944856822
8632,0.0010311928344890475,0.001031348262913525
8633,0.0010311922524124384,0.0010313453210983425
8634,0.0010311843361705542,0.0010313422163017094
8635,0.0010311855003237724,0.0010313390230294317
8636,0.0010311752557754517,0.0010313359077554196
8637,0.0010311707155779004,0.0010313326783943921
8638,0.0010311836376786232,0.0010313296015374363
8639,0.0010311726946383715,0.0010313266632147133
8640,0.0010311765363439918,0.0010313236620277167
8641,0.0010311834048479795,0.0010313206713180988
8642,0.0010311625665053725,0.0010313176817726344
8643,0.0010311627993360162,0.00103131462354213
8644,0.0010311624500900507,0.0010313115362077952
8645,0.001031147432513535,0.001031308522215113
8646,0.001031144754961133,0.0010313054488506168
8647,0.0010311480145901442,0.0010313023673370481
8648,0.001031144754961133,0.0010312994418200105
8649,0.0010311390506103635,0.0010312964022159577
8650,0.001031144056469202,0.0010312933707609772
8651,0.00103115348611027,0.001031290628015995
8652,0.0010311512742191553,0.001031287785153836
8653,0.0010311504593119025,0.0010312848573084921
8654,0.001031134044751525,0.0010312819958198816
8655,0.0010311235673725605,0.0010312789271119981
8656,0.0010311126243323088,0.0010312756663188338
8657,0.001031113788485527,0.001031272622058168
8658,0.001031116466037929,0.0010312695289030672
8659,0.0010311142541468143,0.0010312663612421602
8660,0.0010311150690540671,0.0010312634566798807
8661,0.0010311155347153544,0.001031260456657037
8662,0.001031103078275919,0.0010312572016846389
8663,0.0010310903890058398,0.001031254029367119
8664,0.0010310830548405647,0.0010312507417984307
8665,0.0010310816578567028,0.001031247356440872
8666,0.001031078165397048,0.0010312442411668599
8667,0.0010310803772881627,0.001031241052551195
8668,0.0010310878278687596,0.0010312377556692808
8669,0.0010310938814654946,0.0010312346753198654
8670,0.0010310923680663109,0.0010312315565533935
8671,0.0010310793295502663,0.001031228278297931
8672,0.0010310690850019455,0.0010312252352014184
8673,0.0010310597717761993,0.0010312221199274064
8674,0.0010310558136552572,0.001031218779971823
8675,0.0010310490615665913,0.0010312155669089406
8676,0.001031047198921442,0.001031212224625051
8677,0.0010310487123206258,0.0010312089300714433
8678,0.0010310426587238908,0.0010312058287672698
8679,0.0010310388170182705,0.0010312026634346693
8680,0.0010310374200344086,0.0010311993141658604
8681,0.0010310322977602482,0.0010311960708349944
8682,0.0010310264769941568,0.0010311928135342896
8683,0.0010310232173651457,0.0010311895364429802
8684,0.0010310225188732147,0.0010311864386312664
8685,0.0010310194920748472,0.0010311832977458835
8686,0.0010310134384781122,0.0010311799217015505
8687,0.0010310148354619741,0.0010311768110841512
8688,0.0010310204233974218,0.0010311737819574773
8689,0.001031018327921629,0.001031170675996691
8690,0.001031033112667501,0.001031167913461104
8691,0.0010310473153367639,0.0010311652824748308
8692,0.0010310776997357607,0.0010311628028284758
8693,0.0010310809593647718,0.001031160580459982
8694,0.0010310454526916146,0.0010311579471454025
8695,0.0010310141369700432,0.0010311548644676804
8696,0.0010310158831998706,0.0010311519738752395
8697,0.0010310006327927113,0.0010311489913146944
8698,0.0010310029610991478,0.0010311459307558834
8699,0.001030996791087091,0.001031142967985943
8700,0.0010309995850548148,0.0010311400867067278
8701,0.0010309957433491945,0.0010311369597911834
8702,0.0010309868957847357,0.0010311338375322522
8703,0.0010309753706678748,0.0010311306768562645
8704,0.0010309888748452067,0.0010311276593711228
8705,0.0010309719946235418,0.0010311246546916663
8706,0.0010309673380106688,0.0010311217070557177
8707,0.001030961750075221,0.0010311186593025923
8708,0.0010309629142284393,0.0010311156371608377
8709,0.0010309623321518302,0.0010311125637963415
8710,0.0010309518547728658,0.0010311093798372895
8711,0.001030962448567152,0.0010311064415145666
8712,0.0010309612844139338,0.0010311035218182952
8713,0.0010309512726962566,0.0010311005648691207
8714,0.0010309654753655195,0.0010310977685730905
8715,0.0010309764184057713,0.0010310950118582697
8716,0.0010309744393453002,0.0010310923599172383
8717,0.0010309659410268068,0.0010310895217116923
8718,0.001030973857268691,0.001031086752191186
8719,0.001030975952744484,0.0010310842201579362
8720,0.0010309735080227256,0.0010310815949924291
8721,0.0010309386998414993,0.0010310786298941821
8722,0.00103093427605927,0.00103107578586787
8723,0.0010309291537851095,0.001031072784680873
8724,0.001030928222462535,0.0010310698708053678
8725,0.0010309231001883745,0.0010310669569298626
8726,0.0010309272911399603,0.0010310640570241959
8727,0.001030926126986742,0.001031061167595908
8728,0.0010309305507689714,0.0010310583654791117
8729,0.0010309122735634446,0.0010310554574243724
8730,0.0010309137869626284,0.0010310526052489876
8731,0.0010308952769264579,0.0010310496226884425
8732,0.001030886429361999,0.001031046558637172
8733,0.001030882471241057,0.0010310434608254582
8734,0.0010308835189789534,0.0010310404526535422
8735,0.001030888524837792,0.0010310374828986823
8736,0.0010309048229828477,0.0010310347785707564
8737,0.0010309189092367887,0.0010310322605073452
8738,0.001030963147059083,0.0010310300556011498
8739,0.0010310033103451133,0.0010310283617582172
8740,0.0010310225188732147,0.0010310268215835095
8741,0.0010310419602319598,0.0010310254071373493
8742,0.0010309965582564473,0.00103102374705486
8743,0.0010309168137609959,0.0010310212871991098
8744,0.001030885148793459,0.0010310185141861438
8745,0.0010308759519830346,0.0010310157993808388
8746,0.0010308959754183888,0.0010310133115854114
8747,0.001030927523970604,0.001031011106679216
8748,0.0010309158824384212,0.001031008817953989
8749,0.0010309109929949045,0.0010310065373778344
8750,0.0010308795608580112,0.0010310038924217224
8751,0.0010308579076081514,0.0010310009366367012
8752,0.0010308539494872093,0.0010309979633893818
8753,0.001030844054184854,0.0010309948993381113
8754,0.0010308653581887484,0.0010309922124724835
8755,0.0010308721102774143,0.001030989697901532
8756,0.0010308668715879321,0.0010309872403740884
8757,0.001030869665555656,0.0010309847991447896
8758,0.0010308478958904743,0.001030982113443315
8759,0.0010308310156688094,0.001030979281058535
8760,0.0010308227501809597,0.001030976357869804
8761,0.0010307957418262959,0.0010309731599409133
8762,0.0010308087803423405,0.0010309702169615776
8763,0.0010308073833584785,0.001030967386905104
8764,0.0010308015625923872,0.0010309645719826222
8765,0.0010308194905519485,0.0010309619503095747
8766,0.0010308264754712582,0.0010309594334103167
8767,0.0010308322962373495,0.0010309569525998085
8768,0.0010308390483260155,0.0010309544648043811
8769,0.001030819257721305,0.0010309517185669392
8770,0.0010308062192052603,0.0010309488570783287
8771,0.0010307971388101578,0.0010309460351709276
8772,0.0010307710617780685,0.001030943054938689
8773,0.0010307666379958391,0.0010309401236008853
8774,0.0010307659395039082,0.0010309372248593718
8775,0.0010307598859071732,0.0010309343331027776
8776,0.001030768733471632,0.0010309315484482795
8777,0.0010307678021490574,0.0010309287393465638
8778,0.001030788291245699,0.0010309261956717819
8779,0.0010308154160156846,0.001030923961661756
8780,0.001030831248499453,0.0010309218999464064
8781,0.001030832645483315,0.001030919903423637
8782,0.0010308369528502226,0.0010309180081821978
8783,0.0010308289201930165,0.0010309160652104766
8784,0.001030816463753581,0.00103091400465928
8785,0.0010307705961167812,0.0010309115156996995
8786,0.0010307524353265762,0.0010309089056681842
8787,0.0010307409102097154,0.0010309061664156615
8788,0.0010307307820767164,0.0010309032700024545
8789,0.0010307440534234047,0.0010309005272574722
8790,0.0010307504562661052,0.0010308977006934584
8791,0.0010307595366612077,0.0010308948229067027
8792,0.0010307659395039082,0.0010308917053043843
8793,0.0010307494085282087,0.0010308883897960186
8794,0.0010307260090485215,0.0010308851953595877
8795,0.0010307218180969357,0.0010308822721708565
8796,0.0010306993499398232,0.001030879106838256
8797,0.0010306993499398232,0.0010308760940097273
8798,0.0010306895710527897,0.0010308729601092637
8799,0.001030696090310812,0.001030869953101501
8800,0.0010307033080607653,0.0010308669903315603
8801,0.0010307030752301216,0.0010308640636503697
8802,0.001030708197504282,0.001030861276667565
8803,0.0010307158809155226,0.0010308586817700416
8804,0.0010307191405445337,0.001030855984427035
8805,0.0010307340417057276,0.0010308536048978566
8806,0.0010307379998266697,0.0010308513115160167
8807,0.001030739746056497,0.0010308490914758294
8808,0.0010307622142136097,0.001030847084475681
8809,0.001030768034979701,0.0010308451415039599
8810,0.0010307708289474249,0.0010308433312457054
8811,0.0010307414922863245,0.0010308411216828973
8812,0.0010307325283065438,0.0010308388341218233
8813,0.0010307044722139835,0.0010308363661170007
8814,0.0010306783951818943,0.0010308334953151644
8815,0.0010306488256901503,0.0010308302193880081
8816,0.00103064626455307,0.001030826937640086
8817,0.0010306509211659431,0.0010308237874414772
8818,0.0010306567419320345,0.0010308206162881106
8819,0.001030663144774735,0.0010308174882084132
8820,0.0010306790936738253,0.001030814544064924
8821,0.001030695391818881,0.0010308121109846979
8822,0.0010306971380487084,0.0010308097396045923
8823,0.0010306955082342029,0.0010308074031490832
8824,0.0010306864278391004,0.001030804985202849
8825,0.0010306735057383776,0.001030802489258349
8826,0.0010306532494723797,0.0010307997488416731
8827,0.0010306299664080143,0.001030796787235886
8828,0.0010306206531822681,0.0010307936882600188
8829,0.001030610641464591,0.0010307906719390302
8830,0.0010306040057912469,0.0010307875741273165
8831,0.0010305966716259718,0.0010307845880743116
8832,0.0010305964387953281,0.0010307816881686448
8833,0.0010306001640856266,0.0010307788650970905
8834,0.0010306143667548895,0.00103077617357485
8835,0.0010306258918717504,0.0010307735472451895
8836,0.0010306420736014843,0.0010307709197513758
8837,0.00103068258613348,0.0010307685565203429
8838,0.0010307494085282087,0.001030766419135034
8839,0.00103088584728539,0.0010307652445044368
8840,0.0010309896897524595,0.0010307649162132294
8841,0.0010311545338481665,0.0010307660419493915
8842,0.0010313589591532946,0.0010307696659583598
8843,0.001031660009175539,0.0010307770979125052
8844,0.0010317382402718067,0.0010307856288272888
8845,0.0010316991247236729,0.0010307938605546951
8846,0.0010315703693777323,0.0010308006044942885
8847,0.0010312322992831469,0.001030803652247414
8848,0.0010308800265192986,0.0010308032936882227
8849,0.0010306872427463531,0.0010308010561857373
8850,0.0010306345066055655,0.0010307986056432128
8851,0.0010307444026693702,0.001030797470593825
8852,0.001030901912599802,0.001030797950224951
8853,0.0010310206562280655,0.001030799716245383
8854,0.0010309633798897266,0.0010308006964623929
8855,0.001030842773616314,0.0010308004030957817
8856,0.0010306674521416426,0.001030798408901319
8857,0.001030572922900319,0.0010307954414747655
8858,0.0010305794421583414,0.0010307927569374441
8859,0.0010306782787665725,0.0010307912295684219
8860,0.0010307688498869538,0.0010307906905654817
8861,0.0010308034252375364,0.0010307907673995941
8862,0.0010307636111974716,0.0010307903157081456
8863,0.0010306921321898699,0.0010307891631964594
8864,0.0010305877076461911,0.0010307870246469974
8865,0.001030525891110301,0.001030784088652581
8866,0.0010305169271305203,0.0010307809931691737
8867,0.001030554762110114,0.0010307782178279013
8868,0.0010305976029485464,0.0010307758033741266
8869,0.0010306215845048428,0.001030773826641962
8870,0.001030603889375925,0.0010307718033436685
8871,0.0010305725736543536,0.0010307695576921105
8872,0.0010305235628038645,0.0010307670827023685
8873,0.0010304907336831093,0.001030764323659241
8874,0.0010304697789251804,0.0010307613620534539
8875,0.0010304702445864677,0.001030758465640247
8876,0.0010304818861186504,0.001030755597166717
8877,0.0010304985335096717,0.0010307529044803231
8878,0.0010305105242878199,0.0010307501268107444
8879,0.001030519837513566,0.0010307471710257231
8880,0.0010305168107151985,0.0010307440266478806
8881,0.001030506333336234,0.0010307407635264099
8882,0.001030491665005684,0.0010307373106479645
8883,0.0010304804891347885,0.0010307338263373822
8884,0.0010304587194696069,0.0010307302488945424
8885,0.0010304435854777694,0.0010307269787881523
8886,0.0010304272873327136,0.0010307237273082138
8887,0.0010304234456270933,0.0010307205526623876
8888,0.001030424260534346,0.0010307174874469639
8889,0.0010304315946996212,0.001030714362859726
8890,0.0010304328752681613,0.0010307111870497465
8891,0.0010304407915100455,0.001030707999598235
8892,0.0010304541792720556,0.0010307048819959163
8893,0.0010304932948201895,0.0010307023208588361
8894,0.0010305596515536308,0.0010307006572838873
8895,0.0010306232143193483,0.0010306996712461114
8896,0.0010307322954759002,0.0010307000007014721
8897,0.0010308471973985434,0.0010307014791760593
8898,0.0010310560464859009,0.0010307051439303904
8899,0.0010311543010175228,0.0010307097260374577
8900,0.0010312434751540422,0.0010307151277083903
8901,0.0010312474332749844,0.0010307205712888389
8902,0.0010311767691746354,0.0010307252570055424
8903,0.0010310654761269689,0.001030728752957657
8904,0.0010308458004146814,0.0010307300195563584
8905,0.00103064498398453,0.0010307291289791466
8906,0.0010305081959813833,0.0010307268309406937
8907,0.001030411571264267,0.0010307235491927712
8908,0.001030415529385209,0.0010307200823444873
8909,0.0010304455645382404,0.0010307168576400728
8910,0.0010305105242878199,0.0010307142545934766
8911,0.0010305199539288878,0.0010307120392099023
8912,0.0010305300820618868,0.0010307100147474556
8913,0.0010305107571184635,0.0010307080775965006
8914,0.0010304830502718687,0.0010307061241474002
8915,0.0010304339230060577,0.0010307039751205594
8916,0.001030387356877327,0.001030701386043802
8917,0.0010303579038009048,0.0010306984558701516
8918,0.0010303497547283769,0.0010306953859981149
8919,0.0010303603485226631,0.0010306923580355942
8920,0.0010303808376193047,0.001030689375475049
8921,0.0010303971357643604,0.0010306863929145037
8922,0.001030413550324738,0.001030683557037264
8923,0.0010304157622158527,0.0010306807595770807
8924,0.0010304141324013472,0.001030678036622703
8925,0.0010304120369255543,0.001030675421934575
8926,0.0010303976014256477,0.0010306728654541075
8927,0.0010304006282240152,0.0010306705720722676
8928,0.0010304040042683482,0.0010306684055831283
8929,0.001030405517667532,0.0010306663543451578
8930,0.0010303889866918325,0.0010306642041541636
8931,0.0010303747840225697,0.0010306619852781295
8932,0.0010303542949259281,0.0010306595638394356
8933,0.001030348357744515,0.0010306570457760244
8934,0.0010303219314664602,0.0010306541214231402
8935,0.0010303132003173232,0.001030650994507596
8936,0.0010302948066964746,0.0010306475218385459
8937,0.0010302880546078086,0.001030643576523289
8938,0.0010302774608135223,0.0010306388570461421
8939,0.001030277693644166,0.00103063277550973
8940,0.001030279090628028,0.0010306256695184856
8941,0.00103028304874897,0.0010306169546674938
8942,0.0010302988812327385,0.0010306063538882881
8943,0.0010303324088454247,0.001030593077884987
8944,0.0010303931776434183,0.001030579627258703
8945,0.0010304846800863743,0.00103056748281233
8946,0.0010306593030691147,0.001030558372149244
8947,0.0010310140205547214,0.0010305561893619597
8948,0.0010314377723261714,0.0010305617668200284
8949,0.0010323700262233615,0.0010305785946547986
8950,0.00103374058380723,0.001030609655426815
8951,0.0010380747262388468,0.0010306829586625098
8952,0.001043959055095911,0.001030813530087471
8953,0.0010645103175193071,0.0010311484267003833
8954,0.001095345476642251,0.0010317922476679087
8955,0.0012100115418434143,0.0010335839353501797
8956,0.0012531629763543606,0.0010358088905923068
8957,0.0011121078860014677,0.0010366242402233183
8958,0.0010767950443550944,0.001037086396245286
8959,0.0011636428534984589,0.0010384160419926048
8960,0.0010551587911322713,0.001038659941405058
8961,0.0011097230017185211,0.0010394491371698677
8962,0.0010931657161563635,0.0010400731582194567
8963,0.0010624739807099104,0.001040390976704657
8964,0.0011044307611882687,0.0010411294072400778
8965,0.0010417281882837415,0.0010412414302118122
8966,0.0010892755817621946,0.001041829016758129
8967,0.0010424256324768066,0.001041947725461796
8968,0.0010725280735641718,0.0010423670301679521
8969,0.0010463919024914503,0.0010425247333478182
8970,0.0010603046976029873,0.001042821741430089
8971,0.0010470004053786397,0.0010429860197473317
8972,0.0010505174286663532,0.0010431859584059567
8973,0.0010468524415045977,0.0010433495754841714
8974,0.001045061508193612,0.0010434954927768557
8975,0.0010442114435136318,0.0010436329047661275
8976,0.0010416889563202858,0.0010437449754681439
8977,0.0010414035059511662,0.0010438540251925589
8978,0.0010400605387985706,0.0010439495253376663
8979,0.0010396772995591164,0.0010440410999581218
8980,0.0010369326919317245,0.0010441052587702871
8981,0.0010391436517238617,0.0010441916319541633
8982,0.0010348170762881637,0.001044234886066988
8983,0.0010378120932728052,0.0010443082021083683
8984,0.0010339516447857022,0.0010443431313615292
8985,0.0010362068424001336,0.0010444007639307529
8986,0.001033225329592824,0.001044428744353354
8987,0.0010352364042773843,0.0010444768739398568
8988,0.0010324628092348576,0.001044497259426862
8989,0.0010343745816498995,0.0010445366892963648
8990,0.0010322320740669966,0.0010445546812843532
8991,0.0010334223043173552,0.0010445844964124262
8992,0.0010320621076971292,0.0010446005756966769
8993,0.0010326849296689034,0.0010446224920451642
8994,0.0010318057611584663,0.0010446349531412125
8995,0.0010322513990104198,0.001044651234988123
8996,0.0010314107639715075,0.0010446580196730793
8997,0.0010319428984075785,0.0010446689766831696
8998,0.0010312399826943874,0.0010446708160452545
8999,0.0010316477855667472,0.0010446757508907466
9000,0.0010310038924217224,0.0010446733550634234
9001,0.0010314402170479298,0.001044675282901153
9002,0.0010308915516361594,0.0010446724307257682
9003,0.0010311785154044628,0.0010446735611185432
9004,0.0010308035416528583,0.0010446731385309249
9005,0.001031012972816825,0.0010446768184192478
9006,0.0010306972544640303,0.0010446787090040743
9007,0.0010308873606845737,0.0010446834668982774
9008,0.0010306001640856266,0.0010446853132452816
9009,0.0010307820048183203,0.0010446886776480824
9010,0.0010305354371666908,0.0010446889267768712
9011,0.0010306768817827106,0.0010446904960554092
9012,0.0010305049363523722,0.001044690244598314
9013,0.0010305774630978703,0.0010446909116581082
9014,0.0010304567404091358,0.0010446906485594809
9015,0.0010305321775376797,0.001044691631104797
9016,0.0010304073803126812,0.0010446918313391507
9017,0.0010304712923243642,0.0010446929652243853
9018,0.0010303822346031666,0.001044693290023133
9019,0.0010304269380867481,0.001044693955918774
9020,0.0010303482413291931,0.0010446936299558728
9021,0.001030394691042602,0.0010446936055086553
9022,0.0010303172748535872,0.0010446926427539439
9023,0.0010303664021193981,0.0010446921491529793
9024,0.0010302942246198654,0.0010446909500751644
9025,0.0010303384624421597,0.0010446902143303304
9026,0.001030276296660304,0.001044689001282677
9027,0.0010303055169060826,0.0010446880501694977
9028,0.0010302679147571325,0.0010446866892743856
9029,0.0010302788577973843,0.001044685422675684
9030,0.0010302538285031915,0.0010446840710937977
9031,0.0010302593000233173,0.0010446829162538052
9032,0.0010302403243258595,0.0010446817765478046
9033,0.0010302441660314798,0.001044680734630674
9034,0.0010302255395799875,0.0010446797707118094
9035,0.0010302308946847916,0.001044678947655484
9036,0.0010302149457857013,0.0010446781490463764
9037,0.0010302177397534251,0.0010446774458978325
9038,0.0010302045848220587,0.0010446767171379179
9039,0.001030206331051886,0.001044676003511995
9040,0.0010301945731043816,0.0010446751583367585
9041,0.001030195620842278,0.0010446742840576916
9042,0.0010301851434633136,0.0010446731466799974
9043,0.0010301859583705664,0.0010446716821752489
9044,0.0010301778092980385,0.001044669528491795
9045,0.0010301765287294984,0.0010446664469782262
9046,0.0010301703587174416,0.0010446615575347095
9047,0.001030167331919074,0.0010446530906483532
9048,0.0010301624424755573,0.001044640337349847
9049,0.0010301596485078335,0.0010446182335726918
9050,0.001030155224725604,0.0010445823799818755
9051,0.001030151965096593,0.0010445031523704529
9052,0.0010301487054675817,0.0010443650488741697
9053,0.0010301447473466396,0.001044021393172443
9054,0.0010301423026248813,0.0010433693614322693
9055,0.0010301381116732955,0.001041570627130568
9056,0.0010301354341208935,0.0010393403517082334
9057,0.0010301319416612387,0.0010385205922648312
9058,0.0010301292641088367,0.0010380539344623685
9059,0.0010301254224032164,0.001036718760151416
9060,0.0010301227448508143,0.0010364683996886015
9061,0.0010301194852218032,0.0010356723645236342
9062,0.0010301164584234357,0.001035041871946305
9063,0.0010301147121936083,0.001034718279261142
9064,0.0010301109869033098,0.0010339750815182925
9065,0.001030108192935586,0.0010338588815648109
9066,0.0010301058646291494,0.0010332671843934803
9067,0.0010301029542461038,0.0010331439576111733
9068,0.0010300999274477363,0.0010327196761500091
9069,0.001030097482725978,0.0010325567319523542
9070,0.0010300949215888977,0.0010322546341922133
9071,0.001030092011205852,0.0010320855502504854
9072,0.00103008933365345,0.0010318812693003564
9073,0.0010300868889316916,0.0010317136137746276
9074,0.0010300842113792896,0.0010315638408064842
9075,0.001030081883072853,0.0010314225452020763
9076,0.001030079205520451,0.001031306447694078
9077,0.0010300773428753018,0.0010311931860633194
9078,0.0010300750145688653,0.0010310933308210223
9079,0.0010300722206011415,0.0010309972800314426
9080,0.0010300700087100267,0.0010309286531992256
9081,0.0010300669819116592,0.0010308378865011036
9082,0.0010300648864358664,0.0010307903646025807
9083,0.0010300623252987862,0.0010307128669228404
9084,0.0010300596477463841,0.0010306739469524472
9085,0.001030057668685913,0.001030612455215305
9086,0.0010300547583028674,0.0010305807495024056
9087,0.0010300521971657872,0.0010305289074312896
9088,0.0010300502181053162,0.0010305047815199941
9089,0.0010300474241375923,0.0010304615099448711
9090,0.0010300453286617994,0.0010304396424908192
9091,0.001030042883940041,0.001030405848287046
9092,0.0010300403228029609,0.0010303856304381043
9093,0.0010300381109118462,0.0010303591622505338
9094,0.0010300356661900878,0.0010303414613008499
9095,0.0010300336871296167,0.0010303192841820419
9096,0.0010300315916538239,0.001030305492458865
9097,0.0010300287976861,0.0010302863514516502
9098,0.0010300270514562726,0.001030274222139269
9099,0.0010300249559804797,0.0010302579938434064
9100,0.001030022045597434,0.0010302481753751635
9101,0.0010300206486135721,0.00103023397969082
9102,0.0010300178546458483,0.0010302252427209168
9103,0.0010300150606781244,0.0010302136081736535
9104,0.0010300136636942625,0.0010302057093940675
9105,0.0010300107533112168,0.0010301956871990115
9106,0.001030008657835424,0.0010301888012327254
9107,0.0010300069116055965,0.0010301799967419355
9108,0.0010300042340531945,0.0010301740374416112
9109,0.0010300017893314362,0.0010301662352867425
9110,0.001029999926686287,0.0010301608801819384
9111,0.0010299975983798504,0.0010301540873479099
9112,0.0010299950372427702,0.0010301489883568138
9113,0.0010299928253516555,0.0010301431419793517
9114,0.0010299914283677936,0.0010301384888589382
9115,0.0010299887508153915,0.0010301330545917154
9116,0.001029987121000886,0.0010301288519985975
9117,0.0010299847926944494,0.0010301239870022982
9118,0.0010299826972186565,0.001030119991628453
9119,0.0010299806017428637,0.0010301155282650143
9120,0.001029978389851749,0.0010301118297502399
9121,0.0010299760615453124,0.0010301076434552669
9122,0.0010299741989001632,0.0010301042126957328
9123,0.0010299721034243703,0.0010301002697087824
9124,0.001029969658702612,0.00103009702404961
9125,0.0010299679124727845,0.0010300933185499162
9126,0.0010299654677510262,0.0010300902102608233
9127,0.0010299631394445896,0.0010300867864862083
9128,0.0010299610439687967,0.001030083717778325
9129,0.0010299589484930038,0.0010300805186852812
9130,0.001029956853017211,0.0010300775489304214
9131,0.0010299544082954526,0.0010300745000131428
9132,0.0010299528948962688,0.001030071625718847
9133,0.0010299510322511196,0.0010300686943810434
9134,0.0010299482382833958,0.0010300659213680775
9135,0.0010299482382833958,0.0010300630948040634
9136,0.0010299459099769592,0.001030060404445976
9137,0.001029942068271339,0.0010300576477311552
9138,0.0010299412533640862,0.0010300550144165753
9139,0.001029938692227006,0.0010300523380283267
9140,0.0010299361310899258,0.001030049753608182
9141,0.0010299355490133166,0.0010300471528898925
9142,0.0010299320565536618,0.001030044622020796
9143,0.001029929961077869,0.001030042062047869
9144,0.0010299282148480415,0.001030039566103369
9145,0.0010299255372956395,0.0010300370561890303
9146,0.0010299243731424212,0.0010300345963332803
9147,0.0010299223940819502,0.001030032146954909
9148,0.00102991983294487,0.001030029720859602
9149,0.001029919134452939,0.001030027315719053
9150,0.0010299158748239279,0.0010300249222200365
9151,0.0010299140121787786,0.0010300225426908582
9152,0.001029912382364273,0.0010300201794598252
9153,0.0010299099376425147,0.001030017831362784
9154,0.0010299074929207563,0.0010300154832657428
9155,0.0010299069108441472,0.0010300131712574511
9156,0.0010299035347998142,0.0010300108522642403
9157,0.0010299015557393432,0.0010300085484050215
9158,0.0010298995766788721,0.0010300062515307218
9159,0.0010298974812030792,0.0010300039721187204
9160,0.001029894920065999,0.0010300016938708722
9161,0.001029893523082137,0.0010299994342494755
9162,0.0010298920096829534,0.0010299971897620708
9163,0.0010298889828845859,0.0010299949324689805
9164,0.0010298887500539422,0.0010299927101004868
9165,0.0010298857232555747,0.0010299904854036868
9166,0.0010298851411789656,0.0010299882781691849
9167,0.0010298816487193108,0.001029986065113917
9168,0.001029878738336265,0.0010299838532228022
9169,0.0010298789711669087,0.0010299816681072116
9170,0.0010298750130459666,0.0010299794690217822
9171,0.0010298744309693575,0.0010299772932194173
9172,0.0010298719862475991,0.0010299751197453588
9173,0.001029869308695197,0.001029972943942994
9174,0.0010298682609573007,0.001029970784438774
9175,0.0010298662818968296,0.0010299686284270138
9176,0.001029863953590393,0.0010299664759077132
9177,0.0010298620909452438,0.0010299643233884126
9178,0.0010298613924533129,0.001029962187167257
9179,0.00102985801640898,0.0010299600451253354
9180,0.0010298567358404398,0.0010299579123966395
9181,0.001029854523949325,0.0010299557878170162
9182,0.0010298513807356358,0.001029953652760014
9183,0.001029851147904992,0.001029951540986076
9184,0.0010298490524291992,0.001029949435032904
9185,0.0010298460256308317,0.0010299473186023533
9186,0.001029845094308257,0.0010299452219624072
9187,0.0010298423003405333,0.0010299431229941548
9188,0.0010298413690179586,0.001029941034503281
9189,0.0010298392735421658,0.0010299389529973269
9190,0.0010298378765583038,0.0010299368784762919
9191,0.0010298346169292927,0.0010299347958061843
9192,0.0010298318229615688,0.0010299327108077704
9193,0.001029831008054316,0.0010299306397791952
9194,0.0010298273991793394,0.0010299285571090876
9195,0.0010298262350261211,0.0010299264825880527
9196,0.0010298239067196846,0.0010299244057387113
9197,0.001029821578413248,0.0010299223335459829
9198,0.001029820996336639,0.0010299202729947864
9199,0.0010298180859535933,0.0010299182042945176
9200,0.0010298173874616623,0.0010299161577131599
9201,0.0010298152919858694,0.0010299141041468828
9202,0.0010298123816028237,0.0010299120494164527
9203,0.0010298119159415364,0.0010299100179690867
9204,0.0010298092383891344,0.0010299079737160356
9205,0.0010298066772520542,0.0010299059329554438
9206,0.0010298052802681923,0.0010299038991797716
9207,0.001029803417623043,0.001029901864239946
9208,0.0010298019042238593,0.0010298998409416526
9209,0.0010297996923327446,0.0010298978199716658
9210,0.0010297965491190553,0.0010298957861959934
9211,0.0010297951521351933,0.001029893761733547
9212,0.0010297936387360096,0.0010298917477484792
9213,0.001029790611937642,0.0010298897256143392
9214,0.0010297899134457111,0.0010298877104651183
9215,0.0010297874687239528,0.0010298856976442038
9216,0.0010297860717400908,0.001029883687151596
9217,0.001029785256832838,0.0010298816917929797
9218,0.001029781298711896,0.0010298796778079123
9219,0.0010297807166352868,0.0010298776789568365
9220,0.0010297787375748158,0.0010298756824340671
9221,0.0010297762928530574,0.0010298736847471446
9222,0.0010297754779458046,0.001029871697537601
9223,0.0010297722183167934,0.0010298696986865252
9224,0.001029769890010357,0.0010298677009996026
9225,0.0010297688422724605,0.0010298657102975994
9226,0.0010297672124579549,0.0010298637277446688
9227,0.0010297639528289437,0.0010298617358785122
9228,0.001029763137921691,0.0010298597568180411
9229,0.001029763836413622,0.0010298578056972473
9230,0.0010297596454620361,0.0010298558336216956
9231,0.0010297585977241397,0.0010298538755159825
9232,0.0010297580156475306,0.001029851926723495
9233,0.0010297552216798067,0.001029849968617782
9234,0.0010297528933733702,0.0010298480151686817
9235,0.001029752311296761,0.0010298460558988154
9236,0.0010297492844983935,0.0010298440896440296
9237,0.0010297463741153479,0.0010298421327024699
9238,0.0010297445114701986,0.001029840165283531
9239,0.0010297433473169804,0.0010298382118344308
9240,0.0010297397384420037,0.0010298362479079514
9241,0.0010297384578734636,0.001029834276996553
9242,0.0010297370608896017,0.0010298323270399124
9243,0.0010297347325831652,0.0010298303747549654
9244,0.0010297324042767286,0.0010298284166492522
9245,0.0010297319386154413,0.0010298264806624501
9246,0.0010297284461557865,0.0010298245213925838
9247,0.0010297270491719246,0.0010298225679434836
9248,0.0010297262342646718,0.0010298206319566815
9249,0.0010297239059582353,0.0010298186796717345
9250,0.0010297221597284079,0.0010298167425207795
9251,0.0010297219268977642,0.0010298148216679693
9252,0.0010297171538695693,0.0010298128693830221
9253,0.001029717968776822,0.0010298109496943652
9254,0.0010297137778252363,0.0010298090125434101
9255,0.001029712613672018,0.0010298070695716887
9256,0.0010297117987647653,0.0010298051522113383
9257,0.0010297102853655815,0.0010298032395076007
9258,0.0010297081898897886,0.0010298013256397098
9259,0.0010297063272446394,0.0010297994141001254
9260,0.0010297030676156282,0.0010297974955756218
9261,0.0010297035332769156,0.0010297955956775696
9262,0.0010297014378011227,0.0010297936899587511
9263,0.0010296970140188932,0.0010297917702700942
9264,0.0010296963155269623,0.0010297898459248245
9265,0.001029693754389882,0.0010297879262361675
9266,0.0010296916589140892,0.0010297859914135188
9267,0.001029690494760871,0.0010297840798739345
9268,0.0010296889813616872,0.0010297821823041886
9269,0.0010296866530552506,0.001029780259123072
9270,0.0010296856053173542,0.001029778365045786
9271,0.0010296821128576994,0.0010297764418646692
9272,0.0010296814143657684,0.001029774536145851
9273,0.0010296809487044811,0.001029772652545944
9274,0.0010296765249222517,0.0010297707351855933
9275,0.0010296772234141827,0.0010297688446007668
9276,0.0010296744294464588,0.0010297669493593276
9277,0.0010296707041561604,0.0010297650354914368
9278,0.0010296717518940568,0.0010297631390858441
9279,0.001029669540002942,0.0010297612543217838
9280,0.0010296665132045746,0.0010297593520954252
9281,0.0010296658147126436,0.0010297574650030583
9282,0.0010296643013134599,0.0010297555942088365
9283,0.0010296612745150924,0.0010297536954749376
9284,0.0010296630207449198,0.0010297518351580948
9285,0.0010296562686562538,0.001029749937588349
9286,0.001029658131301403,0.0010297480679582805
9287,0.0010296546388417482,0.0010297461913432926
9288,0.0010296519612893462,0.0010297442972660065
9289,0.0010296503314748406,0.0010297424078453332
9290,0.001029648119583726,0.0010297405102755875
9291,0.0010296464897692204,0.0010297386290039868
9292,0.0010296441614627838,0.0010297367523889988
9293,0.0010296435793861747,0.0010297348781023175
9294,0.0010296404361724854,0.0010297330084722489
9295,0.001029639970511198,0.0010297311458270996
9296,0.0010296362452208996,0.0010297292692121119
9297,0.0010296362452208996,0.0010297274158801884
9298,0.0010296350810676813,0.0010297255567274987
9299,0.0010296313557773829,0.0010297236894257367
9300,0.0010296306572854519,0.0010297218221239745
9301,0.001029627863317728,0.0010297199478372931
9302,0.0010296263499185443,0.0010297180875204503
9303,0.0010296246036887169,0.0010297162143979221
9304,0.001029622508212924,0.0010297143470961601
9305,0.001029623788781464,0.0010297125182114541
9306,0.0010296200634911656,0.0010297106660436838
9307,0.001029617735184729,0.0010297088092193008
9308,0.0010296183172613382,0.0010297069733496756
9309,0.0010296159889549017,0.001029705136315897
9310,0.0010296128457412124,0.0010297032992821187
9311,0.0010296124964952469,0.0010297014727257193
9312,0.0010296099353581667,0.0010296996356919407
9313,0.0010296092368662357,0.0010296978219412267
9314,0.0010296086547896266,0.0010296960093546658
9315,0.0010296074906364083,0.0010296942095737904
9316,0.0010296059772372246,0.0010296924086287617
9317,0.0010296032996848226,0.0010296905890572817
9318,0.0010296039981767535,0.0010296888160519302
9319,0.0010295998072251678,0.001029687006957829
9320,0.0010295987594872713,0.0010296852071769536
9321,0.0010296001564711332,0.0010296834458131342
9322,0.0010295944521203637,0.00102968163555488
9323,0.001029593637213111,0.0010296798497438431
9324,0.001029592240229249,0.001029678073246032
9325,0.0010295882821083069,0.0010296762676443904
9326,0.0010295872343704104,0.001029674467863515
9327,0.001029586885124445,0.00102967269718647
9328,0.0010295826941728592,0.0010296708927489816
9329,0.0010295807151123881,0.0010296690615359694
9330,0.0010295816464349627,0.0010296672815456986
9331,0.0010295778047293425,0.0010296654736157507
9332,0.0010295752435922623,0.001029663645895198
9333,0.0010295761749148369,0.0010296618554275483
9334,0.0010295722167938948,0.0010296600486617536
9335,0.0010295695392414927,0.0010296582209412008
9336,0.0010295682586729527,0.0010296564106829465
9337,0.0010295669781044126,0.0010296546167228372
9338,0.0010295644169673324,0.0010296528157778084
9339,0.0010295624379068613,0.0010296510066837073
9340,0.0010295617394149303,0.0010296492266934365
9341,0.0010295597603544593,0.0010296474397182465
9342,0.0010295594111084938,0.0010296456632204354
9343,0.001029555220156908,0.0010296438680961729
9344,0.0010295544052496552,0.001029642088105902
9345,0.0010295526590198278,0.0010296402953099458
9346,0.0010295510292053223,0.0010296385211404414
9347,0.001029549166560173,0.0010296367423143237
9348,0.0010295468382537365,0.0010296349483542144
9349,0.0010295446263626218,0.0010296331555582584
9350,0.0010295428801327944,0.0010296313627623022
9351,0.0010295421816408634,0.001029629565309733
9352,0.0010295410174876451,0.001029627803945914
9353,0.0010295428801327944,0.0010296260530594735
9354,0.0010295389220118523,0.0010296243045013398
9355,0.0010295371757820249,0.0010296225501224398
9356,0.0010295379906892776,0.001029620812041685
9357,0.0010295335669070482,0.0010296190448570997
9358,0.001029531005769968,0.0010296172730159014
9359,0.0010295312386006117,0.0010296155221294612
9360,0.001029527629725635,0.0010296137677505612
9361,0.0010295272804796696,0.0010296120052225887
9362,0.001029525650665164,0.0010296102473512292
9363,0.0010295227402821183,0.0010296085046138615
9364,0.0010295225074514747,0.0010296067665331065
9365,0.00102952029556036,0.0010296050319448114
9366,0.001029518200084567,0.0010296032973565162
9367,0.0010295184329152107,0.0010296015767380594
9368,0.0010295151732861996,0.0010295998386573046
9369,0.0010295119136571884,0.001029598091263324
9370,0.0010295116808265448,0.001029596352018416
9371,0.0010295112151652575,0.0010295946430414916
9372,0.0010295065585523844,0.0010295928944833576
9373,0.0010295083047822118,0.0010295911680441349
9374,0.0010295056272298098,0.0010295894590672105
9375,0.0010295029496774077,0.0010295877163298429
9376,0.001029502716846764,0.001029585999203846
9377,0.001029500039294362,0.001029584292555228
9378,0.0010294977109879255,0.0010295825521461665
9379,0.0010294958483427763,0.0010295808152295648
9380,0.0010294925887137651,0.0010295790759846568
9381,0.001029492705129087,0.0010295773448888213
9382,0.0010294910753145814,0.0010295756126288325
9383,0.0010294878156855702,0.0010295738780405372
9384,0.001029487233608961,0.0010295721201691776
9385,0.0010294870007783175,0.0010295704274903984
9386,0.001029488048516214,0.0010295687266625463
9387,0.001029482576996088,0.0010295670060440898
9388,0.0010294829262420535,0.001029565315693617
9389,0.0010294837411493063,0.0010295636497903615
9390,0.0010294797830283642,0.0010295619664248078
9391,0.001029478502459824,0.0010295602865517139
9392,0.0010294800158590078,0.0010295586450956762
9393,0.0010294769890606403,0.0010295569791924208
9394,0.0010294736130163074,0.001029555310960859
9395,0.0010294720996171236,0.0010295536322519182
9396,0.0010294709354639053,0.0010295519791543484
9397,0.0010294667445123196,0.0010295502841472625
9398,0.0010294653475284576,0.0010295485868118703
9399,0.0010294662788510323,0.0010295469360426068
9400,0.0010294620878994465,0.0010295452503487467
9401,0.0010294616222381592,0.001029543587937951
9402,0.0010294619714841247,0.001029541944153607
9403,0.0010294553358107805,0.0010295402514748275
9404,0.0010294560343027115,0.0010295385867357253
9405,0.001029458362609148,0.0010295369324740023
9406,0.001029451610520482,0.0010295352479442953
9407,0.0010294527746737003,0.001029533598339185
9408,0.001029450912028551,0.0010295319242868573
9409,0.0010294450912624598,0.001029530215309933
9410,0.0010294474195688963,0.0010295285610482097
9411,0.0010294432286173105,0.0010295268683694304
9412,0.0010294407838955522,0.0010295251768548041
9413,0.0010294420644640923,0.0010295235051307828
9414,0.0010294378735125065,0.0010295217973180116
9415,0.0010294349631294608,0.001029520072042942
9416,0.0010294358944520354,0.0010295183712150902
9417,0.001029430772177875,0.0010295166459400207
9418,0.0010294308885931969,0.001029514914844185
9419,0.0010294308885931969,0.0010295132256578654
9420,0.0010294279782101512,0.0010295115178450942
9421,0.001029424136504531,0.0010295097576454282
9422,0.0010294225066900253,0.001029508038191125
9423,0.0010294178500771523,0.0010295062803197651
9424,0.001029414590448141,0.001029504503821954
9425,0.0010294124949723482,0.0010295027459505945
9426,0.0010294107487425208,0.0010295009810943156
9427,0.001029405277222395,0.0010294991650152952
9428,0.001029402599669993,0.0010294973640702664
9429,0.0010293979430571198,0.0010294955363497138
9430,0.0010293961968272924,0.0010294936818536372
9431,0.001029395847581327,0.001029491862282157
9432,0.0010293906088918447,0.0010294900159351528
9433,0.001029385020956397,0.0010294881043955684
9434,0.0010293849045410752,0.0010294862312730402
9435,0.0010293809464201331,0.0010294843453448265
9436,0.001029374310746789,0.0010294824058655649
9437,0.001029372215270996,0.0010294804582372309
9438,0.0010293715167790651,0.0010294785292353482
9439,0.0010293677914887667,0.0010294765827711671
9440,0.0010293618543073535,0.0010294745839200914
9441,0.0010293619707226753,0.0010294726060237735
9442,0.0010293558007106185,0.0010294705699197947
9443,0.0010293539380654693,0.0010294685570988804
9444,0.0010293492814525962,0.0010294665058609097
9445,0.0010293427621945739,0.0010294644068926573
9446,0.0010293421801179647,0.0010294623184017838
9447,0.0010293390369042754,0.0010294602171052247
9448,0.0010293348459526896,0.0010294580971822143
9449,0.0010293328668922186,0.0010294559795875102
9450,0.0010293310042470694,0.001029453860828653
9451,0.0010293233208358288,0.0010294516722206026
9452,0.0010293226223438978,0.001029449488269165
9453,0.001029318431392312,0.0010294472437817604
9454,0.001029311795718968,0.0010294449725188315
9455,0.0010293105151504278,0.0010294427059125155
9456,0.0010293059749528766,0.0010294403857551515
9457,0.0010293000377714634,0.0010294380504637956
9458,0.0010292980587109923,0.0010294357209932059
9459,0.0010292950319126248,0.0010294333589263261
9460,0.0010292916558682919,0.0010294309991877525
9461,0.0010292872320860624,0.0010294285987038165
9462,0.0010292823426425457,0.0010294261656235903
9463,0.00102927815169096,0.0010294237197376788
9464,0.0010292771039530635,0.0010294212657026946
9465,0.0010292727965861559,0.0010294187907129526
9466,0.0010292677907273173,0.0010294162866193802
9467,0.0010292669758200645,0.0010294137720484287
9468,0.0010292634833604097,0.0010294112551491707
9469,0.0010292570805177093,0.001029408706817776
9470,0.0010292576625943184,0.0010294061666354538
9471,0.0010292534716427326,0.0010294035892002285
9472,0.0010292483493685722,0.0010294010071083904
9473,0.0010292467195540667,0.0010293983912561088
9474,0.0010292429942637682,0.0010293957649264484
9475,0.0010292386868968606,0.001029393122298643
9476,0.001029236358590424,0.0010293904587160797
9477,0.0010292369406670332,0.0010293878277298062
9478,0.0010292273946106434,0.0010293851245660336
9479,0.0010292252991348505,0.0010293824190739543
9480,0.0010292223887518048,0.0010293797170743346
9481,0.0010292168008163571,0.0010293769580312073
9482,0.001029213541187346,0.001029374182689935
9483,0.0010292129591107368,0.0010293714341241865
9484,0.001029209466651082,0.0010293686564546078
9485,0.001029204111546278,0.0010293658275622875
9486,0.0010292016668245196,0.0010293629637453704
9487,0.0010291999205946922,0.0010293601371813565
9488,0.001029193284921348,0.0010293572407681494
9489,0.001029192004352808,0.0010293543234001846
9490,0.0010291888611391187,0.001029351414181292
9491,0.0010291819926351309,0.001029348449083045
9492,0.001029180595651269,0.0010293454548809678
9493,0.0010291774524375796,0.0010293424595147372
9494,0.0010291722137480974,0.001029339445522055
9495,0.0010291689541190863,0.0010293364140670747
9496,0.0010291666258126497,0.0010293333709705621
9497,0.0010291632497683167,0.001029330336023122
9498,0.0010291582439094782,0.0010293272649869324
9499,0.001029154984280467,0.0010293241520412267
9500,0.0010291531216353178,0.0010293210623785853
9501,0.0010291512589901686,0.0010293179587461054
9502,0.0010291486978530884,0.001029314826009795
9503,0.0010291473008692265,0.0010293117456603796
9504,0.0010291399667039514,0.001029308584984392
9505,0.001029138802550733,0.0010293053893838079
9506,0.001029135542921722,0.0010293022287078202
9507,0.0010291326325386763,0.00102929902728647
9508,0.0010291278595104814,0.0010292957967612893
9509,0.0010291298385709524,0.0010292926442343742
9510,0.001029126695357263,0.0010292894369922578
9511,0.0010291222715750337,0.001029286227421835
9512,0.001029117265716195,0.0010292829922400415
9513,0.0010291151702404022,0.0010292797232978046
9514,0.0010291142389178276,0.0010292764869518577
9515,0.0010291066719219089,0.0010292732040397823
9516,0.0010291080689057708,0.0010292699257843196
9517,0.0010291053913533688,0.0010292666719760746
9518,0.0010290995705872774,0.0010292633587960153
9519,0.0010290950303897262,0.0010292600002139807
9520,0.0010290956124663353,0.0010292566765565424
9521,0.0010290895588696003,0.001029253330780193
9522,0.0010290846694260836,0.0010292499524075537
9523,0.0010290819918736815,0.001029246593825519
9524,0.0010290784994140267,0.001029243232915178
9525,0.0010290744248777628,0.001029239852214232
9526,0.0010290726786479354,0.0010292364715132863
9527,0.0010290708160027862,0.0010292331269010902
9528,0.0010290674399584532,0.0010292297753039747
9529,0.0010290632490068674,0.0010292264283634721
9530,0.0010290625505149364,0.0010292230919003486
9531,0.00102906150277704,0.0010292197484523058
9532,0.0010290542850270867,0.0010292163852136582
9533,0.0010290518403053284,0.0010292130534071476
9534,0.0010290550999343395,0.0010292097553610802
9535,0.0010290462523698807,0.0010292064084205777
9536,0.001029042643494904,0.0010292030917480588
9537,0.0010290418285876513,0.0010291997878812253
9538,0.0010290388017892838,0.0010291964607313275
9539,0.0010290328646078706,0.0010291931114625185
9540,0.0010290304198861122,0.001029189797118306
9541,0.0010290294885635376,0.0010291864722967148
9542,0.0010290243662893772,0.0010291831579525023
9543,0.0010290220379829407,0.001029179838951677
9544,0.0010290201753377914,0.001029176547890529
9545,0.0010290145874023438,0.0010291732661426066
9546,0.0010290109785273671,0.0010291699541267007
9547,0.0010290094651281834,0.0010291666584089398
9548,0.0010290045756846666,0.0010291633557062596
9549,0.0010290017817169428,0.001029160044854507
9550,0.0010290020145475864,0.0010291567549575121
9551,0.0010290013160556555,0.0010291535349097104
9552,0.001028997590765357,0.001029150284593925
9553,0.0010289903730154037,0.0010291470040101557
9554,0.0010289889760315418,0.0010291437758132816
9555,0.0010289889760315418,0.0010291405604220926
9556,0.001028984203003347,0.0010291373427025975
9557,0.0010289805941283703,0.0010291341482661664
9558,0.0010289789643138647,0.001029130957322195
9559,0.0010289758211001754,0.0010291277652140706
9560,0.0010289715137332678,0.0010291245637927204
9561,0.001028969301842153,0.0010291213844902814
9562,0.0010289642959833145,0.001029118204023689
9563,0.0010289620840921998,0.0010291150433477014
9564,0.001028957311064005,0.0010291118454188108
9565,0.0010289556812494993,0.0010291086742654442
9566,0.0010289526544511318,0.0010291055229026825
9567,0.001028950558975339,0.001029102358734235
9568,0.0010289489291608334,0.0010290992131922394
9569,0.0010289414785802364,0.0010290960571728647
9570,0.0010289398487657309,0.0010290928790345787
9571,0.0010289405472576618,0.0010290897497907282
9572,0.0010289388010278344,0.0010290866543073208
9573,0.0010289307683706284,0.0010290834947954863
9574,0.0010289282072335482,0.001029080346925184
9575,0.0010289293713867664,0.0010290772537700833
9576,0.0010289275087416172,0.001029074165271595
9577,0.0010289192432537675,0.0010290709882974625
9578,0.0010289167985320091,0.0010290678823366762
9579,0.0010289151687175035,0.0010290647810325027
9580,0.001028911559842527,0.00102906167274341
9581,0.001028906786814332,0.0010290585726033896
9582,0.0010289031779393554,0.0010290554689709097
9583,0.0010289036436006427,0.0010290523758158087
9584,0.0010289058554917574,0.0010290493397042155
9585,0.0010289008496329188,0.001029046307085082
9586,0.001028897357173264,0.0010290432639885694
9587,0.0010288950288668275,0.0010290402150712908
9588,0.0010288918856531382,0.0010290372010786086
9589,0.001028888626024127,0.0010290341672953218
9590,0.0010288828052580357,0.001029031106736511
9591,0.0010288842022418976,0.0010290281288325787
9592,0.001028880593366921,0.0010290251288097353
9593,0.0010288733756169677,0.001029022088041529
9594,0.0010288729099556804,0.001029019095003605
9595,0.0010288759367540479,0.0010290161648299546
9596,0.0010288727935403585,0.0010290132265072317
9597,0.0010288646444678307,0.0010290102404542267
9598,0.001028864411637187,0.0010290073021315038
9599,0.0010288639459758997,0.0010290043917484581
9600,0.0010288554476574063,0.001029001415008679
9601,0.0010288534685969353,0.0010289984371047466
9602,0.0010288553312420845,0.0010289955034386367
9603,0.0010288464836776257,0.0010289924952667207
9604,0.0010288438061252236,0.0010289895336609333
9605,0.0010288371704518795,0.001028986517339945
9606,0.0010288376361131668,0.0010289835382718592
9607,0.0010288319317623973,0.0010289805312640966
9608,0.0010288306511938572,0.0010289775591809302
9609,0.0010288248304277658,0.0010289745090994984
9610,0.0010288232006132603,0.0010289714741520584
9611,0.0010288169141858816,0.0010289684205781668
9612,0.0010288165649399161,0.001028965413570404
9613,0.0010288136545568705,0.0010289623984135686
9614,0.0010288096964359283,0.0010289593529887496
9615,0.0010288057383149862,0.0010289563436526805
9616,0.0010288057383149862,0.0010289533203467727
9617,0.0010288048069924116,0.0010289503145031631
9618,0.0010288020130246878,0.0010289473389275372
9619,0.001028795843012631,0.0010289443470537663
9620,0.0010287915356457233,0.00102894130628556
9621,0.0010287911863997579,0.0010289383225608618
9622,0.0010287867626175284,0.0010289353434927762
9623,0.0010287833865731955,0.0010289323574397713
9624,0.001028779661282897,0.00102892936905846
9625,0.0010287775658071041,0.0010289264004677535
9626,0.0010287771001458168,0.0010289234446827322
9627,0.0010287759359925985,0.0010289204958826303
9628,0.0010287691839039326,0.0010289175133220852
9629,0.001028766273520887,0.0010289145435672254
9630,0.0010287645272910595,0.0010289115633349865
9631,0.0010287645272910595,0.0010289085935801267
9632,0.0010287623153999448,0.0010289056738838553
9633,0.0010287550976499915,0.0010289027064573019
9634,0.001028752070851624,0.0010288996761664748
9635,0.0010287498589605093,0.0010288967122323812
9636,0.0010287469485774636,0.0010288937552832068
9637,0.001028741942718625,0.0010288907564245165
9638,0.001028737286105752,0.0010288877412676812
9639,0.0010287333279848099,0.0010288847459014505
9640,0.0010287333279848099,0.0010288817749824375
9641,0.001028729951940477,0.0010288787796162069
9642,0.001028726575896144,0.0010288758017122745
9643,0.0010287216864526272,0.0010288727981969713
9644,0.0010287180775776505,0.00102886977721937
9645,0.001028716447763145,0.001028866795822978
9646,0.0010287126060575247,0.0010288638120982796
9647,0.0010287091135978699,0.0010288608085829765
9648,0.0010287051554769278,0.001028857814380899
9649,0.0010287025943398476,0.0010288548225071282
9650,0.001028700266033411,0.0010288518050219865
9651,0.0010286986362189054,0.001028848778223619
9652,0.0010286977048963308,0.0010288457793649285
9653,0.0010286933975294232,0.0010288428096100687
9654,0.0010286879260092974,0.0010288397991098464
9655,0.001028684084303677,0.0010288367501925678
9656,0.0010286809410899878,0.001028833717573434
9657,0.001028678147122264,0.001028830693103373
9658,0.00102867535315454,0.0010288276569917797
9659,0.001028674654662609,0.0010288246453274042
9660,0.0010286779142916203,0.0010288217093329876
9661,0.0010286702308803797,0.00102881871862337
9662,0.0010286633623763919,0.0010288157092873007
9663,0.0010286604519933462,0.0010288126929663122
9664,0.0010286588221788406,0.0010288097080774605
9665,0.0010286576580256224,0.0010288067278452218
9666,0.0010286541655659676,0.00102880374295637
9667,0.0010286502074450254,0.001028800739441067
9668,0.0010286490432918072,0.0010287977405823768
9669,0.0010286511387676,0.0010287948371842503
9670,0.0010286439210176468,0.0010287918779067695
9671,0.0010286392644047737,0.0010287888650782407
9672,0.0010286360047757626,0.00102878583711572
9673,0.0010286306496709585,0.0010287828359287232
9674,0.0010286306496709585,0.0010287798603530974
9675,0.0010286299511790276,0.00102877686615102
9676,0.0010286250617355108,0.0010287738416809588
9677,0.0010286240139976144,0.0010287708893883974
9678,0.0010286193573847413,0.0010287679149769246
9679,0.00102861481718719,0.0010287649114616216
9680,0.0010286120232194662,0.001028761916095391
9681,0.0010286086471751332,0.001028758934698999
9682,0.0010286096949130297,0.0010287559998687357
9683,0.0010286025935783982,0.0010287529893685133
9684,0.0010285989847034216,0.0010287499206606298
9685,0.0010285975877195597,0.0010287468880414963
9686,0.0010285964235663414,0.0010287438787054271
9687,0.001028591301292181,0.0010287408414296805
9688,0.0010285871103405952,0.001028737793676555
9689,0.0010285848984494805,0.0010287347564008086
9690,0.0010285816388204694,0.001028731744736433
9691,0.0010285761673003435,0.0010287286643870174
9692,0.0010285725584253669,0.001028725584037602
9693,0.0010285698808729649,0.001028722549090162
9694,0.0010285654570907354,0.0010287194745615125
9695,0.0010285666212439537,0.0010287163814064115
9696,0.0010285609168931842,0.0010287132626399399
9697,0.0010285559110343456,0.0010287101753056048
9698,0.0010285495081916451,0.0010287070262711496
9699,0.0010285498574376106,0.0010287038853857666
9700,0.0010285534663125873,0.0010287008655723185
9701,0.0010285526514053345,0.0010286978574004025
9702,0.0010285458993166685,0.0010286947630811483
9703,0.001028538099490106,0.001028691679239273
9704,0.0010285339085385203,0.001028688580263406
9705,0.0010285349562764168,0.0010286855581216514
9706,0.0010285301832482219,0.001028682483593002
9707,0.001028524711728096,0.0010286794113926589
9708,0.0010285248281434178,0.0010286763531621545
9709,0.0010285237804055214,0.0010286733426619322
9710,0.001028514583595097,0.0010286702564917506
9711,0.0010285087628290057,0.0010286671749781817
9712,0.0010285075986757874,0.0010286640853155405
9713,0.0010285089956596494,0.0010286610387265681
9714,0.0010285107418894768,0.0010286580491811036
9715,0.001028503873385489,0.0010286550305318087
9716,0.001028497121296823,0.001028651944361627
9717,0.0010284940944984555,0.0010286488372366876
9718,0.001028489670716226,0.001028645713813603
9719,0.0010284879244863987,0.0010286426346283405
9720,0.0010284812888130546,0.001028639532160014
9721,0.0010284751188009977,0.0010286363714840264
9722,0.001028474885970354,0.0010286332527175545
9723,0.0010284692980349064,0.0010286301118321718
9724,0.0010284653399139643,0.0010286269686184824
9725,0.0010284617310389876,0.0010286238102708012
9726,0.0010284597519785166,0.0010286206367891282
9727,0.0010284545132890344,0.0010286174225620926
9728,0.0010284516029059887,0.001028614246752113
9729,0.0010284481104463339,0.0010286110651213675
9730,0.0010284438030794263,0.0010286078578792513
9731,0.0010284411255270243,0.0010286046238616108
9732,0.0010284374002367258,0.0010286013747099786
9733,0.001028432510793209,0.001028598148841411
9734,0.0010284280870109797,0.0010285949090030045
9735,0.001028427155688405,0.0010285916819702833
9736,0.0010284241288900375,0.001028588453773409
9737,0.00102841982152313,0.001028585232561454
9738,0.001028414350003004,0.0010285820032004268
9739,0.0010284134186804295,0.001028578804107383
9740,0.0010284195886924863,0.0010285756667144596
9741,0.001028423197567463,0.0010285725991707295
9742,0.0010284105082973838,0.0010285694384947418
9743,0.0010284018935635686,0.0010285662405658514
9744,0.001028402359224856,0.0010285630833823233
9745,0.0010284025920554996,0.001028559944825247
9746,0.001028398866765201,0.0010285568074323236
9747,0.001028390135616064,0.0010285536176525057
9748,0.0010283936280757189,0.0010285505023784934
9749,0.0010283977026119828,0.0010285474534612149
9750,0.0010283931624144316,0.0010285443824250252
9751,0.0010283773299306631,0.0010285411693621426
9752,0.001028377446345985,0.0010285379667766392
9753,0.001028380123898387,0.0010285348340403288
9754,0.0010283723240718246,0.0010285316780209541
9755,0.0010283665033057332,0.0010285285022109748
9756,0.001028357190079987,0.0010285252647008747
9757,0.001028359169140458,0.0010285220749210566
9758,0.001028352533467114,0.0010285188467241823
9759,0.0010283499723300338,0.0010285155999008567
9760,0.001028345781378448,0.0010285122785717248
9761,0.0010283403098583221,0.0010285089793615042
9762,0.001028338330797851,0.0010285057290457188
9763,0.0010283375158905983,0.0010285024996846913
9764,0.0010283321607857943,0.001028499233070761
9765,0.001028326340019703,0.0010284959198907017
9766,0.0010283199371770024,0.0010284925776068122
9767,0.0010283184237778187,0.0010284892597701401
9768,0.0010283146984875202,0.0010284859163220972
9769,0.0010283112060278654,0.0010284825169947
9770,0.0010283044539391994,0.0010284791223239154
9771,0.00102830003015697,0.0010284757299814373
9772,0.0010283011943101883,0.0010284723818767816
9773,0.0010282943258062005,0.001028469018638134
9774,0.0010282907169312239,0.0010284656193107367
9775,0.0010282851289957762,0.001028462171088904
9776,0.001028286525979638,0.0010284587857313453
9777,0.0010282897856086493,0.0010284554434474558
9778,0.0010282831499353051,0.0010284520813729613
9779,0.0010282755829393864,0.0010284486890304834
9780,0.0010282689472660422,0.0010284452582709491
9781,0.001028271741233766,0.0010284418892115355
9782,0.001028265687637031,0.0010284384491387754
9783,0.0010282604489475489,0.0010284350276924669
9784,0.0010282555595040321,0.001028431593440473
9785,0.0010282500879839063,0.0010284281184431165
9786,0.0010282465955242515,0.0010284246201626957
9787,0.0010282438015565276,0.001028421145165339
9788,0.0010282373987138271,0.0010284176480490714
9789,0.0010282342555001378,0.001028414141619578
9790,0.0010282292496412992,0.0010284106177277862
9791,0.0010282249422743917,0.0010284071054775267
9792,0.001028225990012288,0.001028403639793396
9793,0.0010282211005687714,0.001028400151990354
9794,0.0010282162111252546,0.0010283966595306991
9795,0.0010282122530043125,0.0010283931158483028
9796,0.0010282075963914394,0.0010283895826432854
9797,0.0010282042203471065,0.001028386065736413
9798,0.0010282022412866354,0.001028382593067363
9799,0.001028198515996337,0.00102837907965295
9800,0.001028194441460073,0.001028375489404425
9801,0.001028193160891533,0.001028371894499287
9802,0.0010281914146617055,0.0010283683496527373
9803,0.0010281882714480162,0.0010283648513723165
9804,0.0010281812865287066,0.0010283613251522183
9805,0.0010281772119924426,0.0010283577477093785
9806,0.0010281780268996954,0.0010283542261458932
9807,0.0010281725553795695,0.001028350704582408
9808,0.0010281703434884548,0.0010283471597358584
9809,0.0010281658032909036,0.0010283435799647122
9810,0.0010281557915732265,0.0010283399920444935
9811,0.0010281564900651574,0.001028336469316855
9812,0.001028162892907858,0.0010283330222591758
9813,0.0010281638242304325,0.0010283295705448836
9814,0.001028160098940134,0.0010283260641153903
9815,0.0010281442664563656,0.001028322468046099
9816,0.0010281443828716874,0.0010283189406618475
9817,0.0010281354188919067,0.0010283153539057822
9818,0.0010281347203999758,0.0010283118044026197
9819,0.001028135884553194,0.0010283082840032876
9820,0.0010281286668032408,0.0010283047577831893
9821,0.001028124475851655,0.001028301251353696
9822,0.0010281172581017017,0.0010282976750750094
9823,0.0010281166760250926,0.0010282941488549114
9824,0.001028109691105783,0.0010282905923668295
9825,0.001028108992613852,0.0010282870649825783
9826,0.001028103637509048,0.0010282835038378834
9827,0.0010281008435413241,0.0010282799671404064
9828,0.0010280946735292673,0.0010282763978466392
9829,0.0010280899005010724,0.0010282728157471866
9830,0.0010280918795615435,0.0010282692965120077
9831,0.0010280981659889221,0.0010282658669166266
9832,0.0010280979331582785,0.0010282624722458423
9833,0.0010280860587954521,0.0010282590077258646
9834,0.0010280694114044309,0.0010282554209697992
9835,0.0010280775604769588,0.0010282519250176846
9836,0.0010280739516019821,0.001028248423244804
9837,0.001028074650093913,0.001028244971530512
9838,0.0010280574206262827,0.0010282414022367448
9839,0.0010280597489327192,0.0010282378655392676
9840,0.001028069294989109,0.0010282343626022339
9841,0.0010280665010213852,0.001028230795636773
9842,0.0010280513670295477,0.0010282272042240947
9843,0.001028039725497365,0.0010282235825434327
9844,0.0010280406568199396,0.0010282199655193835
9845,0.0010280418209731579,0.00102821635780856
9846,0.0010280353017151356,0.0010282127221580594
9847,0.0010280259884893894,0.0010282090806867927
9848,0.001028020866215229,0.0010282053530681879
9849,0.0010280186543241143,0.0010282015625853091
9850,0.0010280204005539417,0.0010281978349667043
9851,0.001028016209602356,0.0010281942237634213
9852,0.0010280112037435174,0.0010281905613373965
9853,0.0010280127171427011,0.0010281868872698396
9854,0.00102800945751369,0.0010281832586042582
9855,0.0010279989801347256,0.0010281795833725481
9856,0.0010279961861670017,0.0010281759733334183
9857,0.0010279956040903926,0.0010281723376829178
9858,0.0010279895504936576,0.001028168707853183
9859,0.0010279829148203135,0.001028165037278086
9860,0.001027977094054222,0.0010281613504048437
9861,0.0010279759299010038,0.0010281577066052704
9862,0.001027968479320407,0.001028154008090496
9863,0.001027964986860752,0.0010281502828001976
9864,0.0010279621928930283,0.00102814658312127
9865,0.001027957652695477,0.0010281428962480277
9866,0.0010279559064656496,0.0010281392559409143
9867,0.001027950318530202,0.001028135574888438
9868,0.0010279504349455237,0.001028131932253018
9869,0.0010279507841914892,0.0010281283280346542
9870,0.0010279465932399035,0.0010281247494276613
9871,0.0010279391426593065,0.0010281211405526846
9872,0.0010279344860464334,0.001028117473470047
9873,0.0010279363486915827,0.001028113893698901
9874,0.0010279349517077208,0.0010281103360466658
9875,0.0010279306443408132,0.0010281067912001163
9876,0.0010279244743287563,0.0010281031706836075
9877,0.0010279195848852396,0.0010280994686763733
9878,0.001027920050546527,0.0010280958376824856
9879,0.0010279144626110792,0.0010280922264792026
9880,0.0010279067791998386,0.0010280886047985404
9881,0.0010279060807079077,0.001028084948193282
9882,0.0010278974659740925,0.0010280812659766525
9883,0.0010278946720063686,0.0010280776082072407
9884,0.0010278909467160702,0.001028073962079361
9885,0.0010278888512402773,0.0010280703497119249
9886,0.0010278880363330245,0.0010280667641200125
9887,0.001027894439175725,0.0010280632704962045
9888,0.0010278885019943118,0.0010280597815290093
9889,0.0010278824483975768,0.0010280562634579838
9890,0.0010278832633048296,0.001028052803594619
9891,0.0010278718546032906,0.001028049272717908
9892,0.0010278611443936825,0.001028045624261722
9893,0.0010278564877808094,0.0010280419781338423
9894,0.0010278514819219708,0.0010280383308418095
9895,0.0010278519475832582,0.001028034727787599
9896,0.0010278484551236033,0.0010280311363749207
9897,0.0010278492700308561,0.0010280275868717582
9898,0.001027848687954247,0.0010280240513384341
9899,0.0010278401896357536,0.0010280204680748284
9900,0.001027835183776915,0.0010280168754979969
9901,0.0010278313420712948,0.0010280132573097945
9902,0.0010278314584866166,0.0010280096577480436
9903,0.0010278248228132725,0.001028006023261696
9904,0.0010278207482770085,0.001028002417879179
9905,0.0010278229601681232,0.0010279988753609359
9906,0.001027827151119709,0.0010279953666031362
9907,0.0010278280824422836,0.001027991921873763
9908,0.0010278149275109172,0.0010279883677139878
9909,0.0010278144618496299,0.001027984854299575
9910,0.0010278038680553436,0.0010279813350643962
9911,0.0010277959518134594,0.0010279777296818794
9912,0.0010277960682287812,0.0010279740614350884
9913,0.0010278013069182634,0.0010279704362619669
9914,0.0010278034023940563,0.001027966869296506
9915,0.0010277926921844482,0.001027963353553787
9916,0.0010277812834829092,0.001027959722559899
9917,0.0010277722030878067,0.001027956090401858
9918,0.0010277689434587955,0.0010279524326324463
9919,0.0010277701076120138,0.0010279487748630345
9920,0.001027768710628152,0.0010279451753012836
9921,0.00102776731364429,0.00102794160367921
9922,0.001027761260047555,0.0010279380436986685
9923,0.0010277549736201763,0.0010279344266746193
9924,0.001027754507958889,0.0010279308748431504
9925,0.0010277543915435672,0.0010279273288324475
9926,0.0010277589317411184,0.0010279238817747683
9927,0.0010277599794790149,0.0010279204731341452
9928,0.0010277488036081195,0.0010279170144349337
9929,0.001027742400765419,0.0010279135394375772
9930,0.0010277335532009602,0.0010279099561739712
9931,0.0010277279652655125,0.0010279062541667372
9932,0.0010277205146849155,0.0010279024799820036
9933,0.0010277209803462029,0.0010278988291975112
9934,0.0010277149267494678,0.0010278952843509614
9935,0.0010277129476889968,0.0010278916382230818
9936,0.0010277098044753075,0.001027887996751815
9937,0.0010277081746608019,0.001027884331997484
9938,0.001027704100124538,0.0010278807987924665
9939,0.0010277028195559978,0.0010278772294986993
9940,0.001027707476168871,0.001027873611310497
9941,0.001027712132781744,0.0010278700676281006
9942,0.001027722959406674,0.0010278667835518717
9943,0.00102773099206388,0.001027863696217537
9944,0.0010277230758219957,0.0010278605204075576
9945,0.001027706079185009,0.001027857162989676
9946,0.001027688616886735,0.001027853696141392
9947,0.0010276781395077705,0.0010278502176515759
9948,0.001027675811201334,0.0010278467671014369
9949,0.0010276793036609888,0.0010278433735948056
9950,0.001027686637826264,0.0010278400359675288
9951,0.0010276909451931715,0.001027836783323437
9952,0.0010276846587657928,0.0010278335178736597
9953,0.0010276788379997015,0.0010278301790822297
9954,0.0010276625398546457,0.0010278267099056394
9955,0.0010276553221046925,0.001027823273325339
9956,0.001027645543217659,0.0010278197668958456
9957,0.0010276479879394174,0.0010278162907343359
9958,0.0010276553221046925,0.0010278129484504461
9959,0.0010276613757014275,0.0010278097330592574
9960,0.0010276732500642538,0.0010278066946193575
9961,0.0010276735993102193,0.0010278036713134498
9962,0.0010276626562699676,0.0010278006130829452
9963,0.0010276366956532001,0.0010277973301708698
9964,0.001027615275233984,0.0010277938609942793
9965,0.001027616672217846,0.001027790451189503
9966,0.001027626101858914,0.0010277871531434357
9967,0.0010276302928104997,0.0010277839528862387
9968,0.0010276217944920063,0.0010277806664817034
9969,0.0010276101529598236,0.0010277772601693868
9970,0.0010275965323671699,0.0010277737595606594
9971,0.0010275968816131353,0.001027770336950198
9972,0.001027596415951848,0.001027766956249252
9973,0.0010275992099195719,0.001027763584861532
9974,0.0010275918757542968,0.0010277601541019976
9975,0.0010275861714035273,0.0010277567093726248
9976,0.0010275838430970907,0.0010277533030603081
9977,0.0010275848908349872,0.0010277499561198056
9978,0.001027581631205976,0.0010277465719264
9979,0.001027568825520575,0.001027743115555495
9980,0.0010275596287101507,0.0010277396440505982
9981,0.0010275557870045304,0.0010277361411135644
9982,0.0010275624226778746,0.001027732790680602
9983,0.0010275720851495862,0.0010277295648120344
9984,0.00102757359854877,0.0010277263913303614
9985,0.0010275759268552065,0.0010277232620865106
9986,0.0010275731328874826,0.0010277201130520553
9987,0.0010275585809722543,0.0010277167544700204
9988,0.0010275429813191295,0.0010277132992632687
9989,0.0010275398381054401,0.0010277098731603473
9990,0.0010275390231981874,0.0010277064307592809
9991,0.0010275337845087051,0.0010277030500583351
9992,0.0010275279637426138,0.0010276997182518243
9993,0.0010275212116539478,0.0010276963654905558
9994,0.0010275359963998199,0.0010276932106353344
9995,0.0010275340173393488,0.0010276900313328952
9996,0.0010275456588715315,0.0010276870033703745
9997,0.0010275294771417975,0.0010276838054414838
9998,0.0010275107342749834,0.0010276804259046913
9999,0.0010274893138557673,0.0010276769171468914
