step,loss,moving_avg
0,0.26518169045448303,0.26518169045448303
1,0.25755032896995544,0.26136600971221924
2,0.24989411234855652,0.25754204392433167
3,0.24284684658050537,0.2538682445883751
4,0.23655104637145996,0.25040480494499207
5,0.23071041703224182,0.2471224069595337
6,0.22499385476112366,0.2439611852169037
7,0.21819435060024261,0.24074033088982105
8,0.2121170163154602,0.23755996260378096
9,0.20723828673362732,0.2345277950167656
10,0.2026616334915161,0.23163087124174292
11,0.19831719994544983,0.22885473196705183
12,0.19411718845367432,0.22618261323525354
13,0.18971340358257294,0.22357766968863352
14,0.18593189120292664,0.22106795112291971
15,0.1813729703426361,0.218587014824152
16,0.17827734351158142,0.21621585768811843
17,0.17546972632408142,0.2139521837234497
18,0.17304065823554993,0.21179894553987602
19,0.17083212733268738,0.2097506046295166
20,0.16875788569450378,0.207798570394516
21,0.16680753231048584,0.20593534139069644
22,0.1650209128856659,0.20415645319482553
23,0.16336247324943542,0.20245670403043428
24,0.16169112920761108,0.20082608103752136
25,0.15972337126731873,0.19924520758482125
26,0.15782350301742554,0.19771107037862143
27,0.15626093745231628,0.19623070848839624
28,0.15481090545654297,0.19480243941833233
29,0.15318745374679565,0.19341527322928112
30,0.15150891244411469,0.19206345513943704
31,0.14953407645225525,0.1907344120554626
32,0.14792710542678833,0.18943722094550278
33,0.1467362344264984,0.18818130957729676
34,0.14579972624778748,0.18697040719645364
35,0.14471715688705444,0.18579670579897034
36,0.1424919217824936,0.18462630623095744
37,0.1415967494249344,0.1834939494729042
38,0.13907088339328766,0.18235489649650377
39,0.1377471536397934,0.181239702925086
40,0.13613361120224,0.18013955434648002
41,0.1354876458644867,0.17907641366833732
42,0.13497567176818848,0.17805081501949666
43,0.13429683446884155,0.17705640637061812
44,0.13361364603042603,0.17609101169639163
45,0.13311012089252472,0.17515664450500323
46,0.1327907294034958,0.174255242056035
47,0.1325405091047287,0.17338618511954942
48,0.13231679797172546,0.17254803436143057
49,0.13209441304206848,0.17173896193504334
50,0.13189193606376648,0.1709576477022732
51,0.13066637516021729,0.1701828155380029
52,0.1298830509185791,0.16942244262065528
53,0.12975464761257172,0.16868785382420928
54,0.12964169681072235,0.16797792369669134
55,0.12952867150306702,0.16729132990751946
56,0.12938465178012848,0.16662630046668805
57,0.12916423380374908,0.1659804027656029
58,0.12893351912498474,0.16535248948355852
59,0.12869879603385925,0.16474159459273022
60,0.12843914330005646,0.1641464724403913
61,0.12820658087730408,0.16356679677001892
62,0.12799906730651855,0.16300222963567765
63,0.12782526016235352,0.16245258948765695
64,0.12766721844673157,0.16191742993318117
65,0.12751054763793945,0.16139611353476843
66,0.12735557556152344,0.16088804580382446
67,0.1272159367799759,0.16039286772994435
68,0.12699097394943237,0.15990878231283548
69,0.12598489224910736,0.15942415531192508
70,0.12512701749801636,0.15894109703285594
71,0.12456347793340683,0.15846363010091913
72,0.12403091043233871,0.15799194900956873
73,0.12350144982337952,0.15752586118272832
74,0.1230325847864151,0.15706595083077748
75,0.12270054221153259,0.1566137744015769
76,0.12239189445972443,0.15616933440233205
77,0.12131588160991669,0.15572249526396775
78,0.12129651010036469,0.1552867232998715
79,0.12080933153629303,0.1548557559028268
80,0.12015771865844727,0.15442738507264925
81,0.11993163079023361,0.1540067051423759
82,0.11962438374757767,0.153592460306294
83,0.11923553049564362,0.15318344923711957
84,0.11881908774375916,0.15277916263131536
85,0.11836031079292297,0.1523789434238922
86,0.11786861717700958,0.15198227300726133
87,0.11738213896751404,0.15158908966590057
88,0.11694144457578659,0.1511997902828656
89,0.11650903522968292,0.15081433744894135
90,0.1160132884979248,0.1504319083395895
91,0.11546154320240021,0.15005179567505483
92,0.1148553192615509,0.14967333893942578
93,0.11441434919834137,0.1492982433038823
94,0.11413266509771347,0.14892807932276475
95,0.11394746601581573,0.1485636979341507
96,0.11374874413013458,0.14820478088462474
97,0.11357332020998001,0.14785139863284266
98,0.11342126131057739,0.1475036194679713
99,0.11335175484418869,0.14716210082173348
100,0.11323205381631851,0.14564260445535182
101,0.1130354180932045,0.14419745534658432
102,0.11286230385303497,0.1428271372616291
103,0.1127520501613617,0.14152618929743765
104,0.1126585602760315,0.14028726443648337
105,0.11257408559322357,0.1391059011220932
106,0.11249911040067673,0.13798095367848873
107,0.11244047433137894,0.1369234149158001
108,0.11238344013690948,0.13592607915401458
109,0.11232808977365494,0.13497697718441487
110,0.11227372288703918,0.1340730980783701
111,0.11222090572118759,0.13321213513612748
112,0.11217036843299866,0.13239266693592072
113,0.11212438344955444,0.13161677673459052
114,0.11207769066095352,0.1308782347291708
115,0.11203108727931976,0.13018481589853764
116,0.11198321729898453,0.12952187463641165
117,0.11194107681512833,0.12888658814132214
118,0.11190102249383926,0.12827519178390503
119,0.11186283826828003,0.12768549889326095
120,0.11182770878076553,0.1271161971241236
121,0.11179425567388535,0.12656606435775758
122,0.1117607057094574,0.1260334622859955
123,0.11172784119844437,0.12551711596548557
124,0.11169417202472687,0.12501714639365674
125,0.11167813837528229,0.12453669406473637
126,0.1116412803530693,0.1240748718380928
127,0.1116144210100174,0.12362840667366981
128,0.11159169673919678,0.12319621458649635
129,0.11157000064849854,0.12278004005551338
130,0.11155009269714355,0.12238045185804367
131,0.11153043806552887,0.12200041547417641
132,0.11151133477687836,0.12163625776767731
133,0.11149425804615021,0.12128383800387382
134,0.11147795617580414,0.12094062030315399
135,0.1114615947008133,0.12060806468129158
136,0.11144492030143738,0.12029759466648102
137,0.11142830550670624,0.11999591022729873
138,0.11141235381364822,0.11971932493150234
139,0.1113969087600708,0.11945582248270512
140,0.11138170212507248,0.11920830339193345
141,0.11136658489704132,0.11896709278225899
142,0.1113518625497818,0.11873085469007492
143,0.11133763194084167,0.11850126266479492
144,0.1113235354423523,0.11827836155891419
145,0.1113128811120987,0.11806038916110992
146,0.11129903793334961,0.11784547224640846
147,0.11128813028335571,0.11763294845819473
148,0.1112772673368454,0.11742255315184594
149,0.11126817762851715,0.11721429079771042
150,0.11125301569700241,0.11700790159404278
151,0.11124031245708466,0.11681364096701145
152,0.11123211681842804,0.11662713162600995
153,0.11122184991836548,0.11644180364906788
154,0.11121334135532379,0.1162575200945139
155,0.11120473593473434,0.11607428073883057
156,0.1111954003572464,0.11589238822460174
157,0.11118647456169128,0.11571261063218116
158,0.11117690801620483,0.11553504452109337
159,0.11116732656955719,0.11535972982645035
160,0.11115814000368118,0.1151869197934866
161,0.1111491397023201,0.11501634538173676
162,0.11114092916250229,0.11484776400029659
163,0.11113065481185913,0.11468081794679165
164,0.11112198233604431,0.11451536558568477
165,0.11111390590667725,0.11435139916837216
166,0.11110623925924301,0.11418890580534935
167,0.11109954118728638,0.11402774184942245
168,0.11109258979558945,0.11386875800788403
169,0.11108648777008057,0.11371977396309375
170,0.11108055710792542,0.11357930935919285
171,0.1110752671957016,0.11344442725181579
172,0.11107029020786285,0.11331482104957104
173,0.11106503009796143,0.11319045685231685
174,0.11106035113334656,0.11307073451578617
175,0.11105568706989288,0.11295428596436978
176,0.11105134338140488,0.11284088045358658
177,0.11104676127433777,0.11273818925023078
178,0.11104197800159454,0.11263564392924309
179,0.11103707551956177,0.11253792136907577
180,0.11103244125843048,0.11244666859507561
181,0.11102814972400665,0.11235763378441334
182,0.11102406680583954,0.11227163061499595
183,0.11102011054754257,0.11218947641551495
184,0.11101601272821426,0.1121114456653595
185,0.11101199686527252,0.11203796252608299
186,0.11100785434246063,0.1119693548977375
187,0.11100378632545471,0.1119055713713169
188,0.11099956929683685,0.11184615261852741
189,0.11099529266357422,0.11179101519286633
190,0.11099108308553696,0.11174079313874245
191,0.11098698526620865,0.11169604755938053
192,0.11098302155733109,0.11165732458233833
193,0.11097913235425949,0.11162297241389751
194,0.11097526550292969,0.11159139841794968
195,0.11097121983766556,0.11156163595616818
196,0.11096710711717606,0.11153381958603859
197,0.11096294224262238,0.11150771580636501
198,0.11095870286226273,0.11148309022188187
199,0.1109543964266777,0.11145911663770676
200,0.1109500303864479,0.11143629640340805
201,0.11094556748867035,0.11141539789736271
202,0.11094102263450623,0.11139618508517742
203,0.11093627661466599,0.11137802734971046
204,0.11093143373727798,0.11136075608432293
205,0.11092638969421387,0.11134427912533283
206,0.110921211540699,0.11132850013673305
207,0.11091583967208862,0.11131325379014015
208,0.11091014742851257,0.11129852086305618
209,0.11090429872274399,0.11128428295254707
210,0.11089856177568436,0.11127053134143353
211,0.11089291423559189,0.11125725142657757
212,0.11088757961988449,0.11124442353844642
213,0.11088266223669052,0.11123200632631779
214,0.11087818443775177,0.11122001126408577
215,0.11087426543235779,0.11120844304561615
216,0.11087074875831604,0.11119731836020946
217,0.11086738109588623,0.11118658140301704
218,0.11086411774158478,0.1111762123554945
219,0.11085968464612961,0.111166180819273
220,0.11085475981235504,0.11115645132958889
221,0.11084943264722824,0.11114700309932232
222,0.11084281653165817,0.11113782420754433
223,0.11083522439002991,0.11112889803946019
224,0.11082765460014343,0.11112023286521434
225,0.11082080006599426,0.11111165948212147
226,0.11081463098526001,0.11110339298844338
227,0.11080916225910187,0.11109534040093422
228,0.11080460250377655,0.11108746945858002
229,0.11080056428909302,0.11107977509498596
230,0.11079677939414978,0.11107224196195603
231,0.1107928454875946,0.11106486603617668
232,0.110788494348526,0.11105763763189316
233,0.11078382283449173,0.11105053327977657
234,0.11077705770730972,0.11104352429509162
235,0.11076981574296951,0.1110366065055132
236,0.1107623279094696,0.11102978058159352
237,0.11075569689273834,0.11102305449545384
238,0.1107497364282608,0.11101642832159996
239,0.11074405908584595,0.1110098998248577
240,0.11073915660381317,0.11100347436964512
241,0.11073069274425507,0.11099711544811726
242,0.1107151210308075,0.11099074803292751
243,0.11069963872432709,0.11098436810076237
244,0.11068971455097198,0.11097802989184856
245,0.11068420112133026,0.11097174309194088
246,0.1106804758310318,0.1109655574709177
247,0.11067706346511841,0.11095944680273533
248,0.11067356169223785,0.11095340974628926
249,0.11067008972167969,0.11094742886722088
250,0.1106666699051857,0.11094156540930271
251,0.11066320538520813,0.11093579433858394
252,0.11065970361232758,0.11093007020652294
253,0.11065630614757538,0.11092441476881504
254,0.11065332591533661,0.11091881461441516
255,0.11065039783716202,0.11091327123343944
256,0.11064781248569489,0.11090779535472393
257,0.1106446385383606,0.11090237699449063
258,0.11064167320728302,0.1108970246464014
259,0.11063947528600693,0.11089174613356591
260,0.11063692718744278,0.11088653400540352
261,0.11063480377197266,0.11088139064610004
262,0.11063123494386673,0.11087629370391369
263,0.11062657833099365,0.11087125293910503
264,0.11062107980251312,0.11086624391376972
265,0.11062027513980865,0.11086130760610104
266,0.11061538010835648,0.11085639901459217
267,0.11061494052410126,0.11085155300796032
268,0.11061187833547592,0.11084674589335919
269,0.11060753464698792,0.11084195636212826
270,0.11060231178998947,0.1108371739089489
271,0.11059650778770447,0.11083238631486893
272,0.11059044301509857,0.11082758784294128
273,0.11058471351861954,0.11082278467714786
274,0.1105787381529808,0.11081796854734421
275,0.11057199537754059,0.11081313163042068
276,0.11056520789861679,0.1108082702755928
277,0.11055861413478851,0.11080338880419731
278,0.1105501800775528,0.11079847082495689
279,0.1105373352766037,0.11079347342252731
280,0.11052829027175903,0.11078843191266059
281,0.11052197962999344,0.11078337021172047
282,0.11051757633686066,0.11077830530703067
283,0.11051412671804428,0.1107732454687357
284,0.11051096767187119,0.11076819501817227
285,0.11050808429718018,0.11076315589249135
286,0.11050593852996826,0.11075813673436642
287,0.11050333082675934,0.11075313217937946
288,0.1105000451207161,0.11074813693761826
289,0.11049777269363403,0.11074316173791886
290,0.11049546301364899,0.11073820553719997
291,0.11049267649650574,0.11073326244950295
292,0.11048975586891174,0.11072832979261875
293,0.1104874461889267,0.11072341293096542
294,0.11048580706119537,0.11071851834654808
295,0.11048389971256256,0.11071364514529705
296,0.11048207432031631,0.11070879481732845
297,0.11048074811697006,0.11070397287607193
298,0.11047953367233276,0.11069918118417263
299,0.1104782372713089,0.11069441959261894
300,0.11047680675983429,0.1106896873563528
301,0.11047527194023132,0.11068498440086842
302,0.11047381907701492,0.1106803123652935
303,0.11047247052192688,0.11067567430436612
304,0.11047109961509705,0.1106710709631443
305,0.11046963930130005,0.11066650345921517
306,0.11046827584505081,0.11066197410225868
307,0.11046704649925232,0.11065748617053033
308,0.11046580225229263,0.11065304271876812
309,0.11046444624662399,0.11064864419400693
310,0.11046309769153595,0.11064428955316544
311,0.11046183109283447,0.11063997872173786
312,0.11046065390110016,0.11063570946455002
313,0.11045945435762405,0.11063147738575935
314,0.11045832931995392,0.11062727883458137
315,0.11045707762241364,0.11062310695648193
316,0.11045561730861664,0.11061895564198494
317,0.1104540154337883,0.11061482198536396
318,0.11045156419277191,0.11061069644987583
319,0.1104472205042839,0.11060657180845737
320,0.1104428768157959,0.11060245297849178
321,0.11043946444988251,0.11059835329651832
322,0.11043721437454224,0.11059429727494717
323,0.11043359339237213,0.11059028096497059
324,0.11043016612529755,0.11058630608022213
325,0.1104268804192543,0.11058236688375472
326,0.11042387783527374,0.11057845935225487
327,0.11042110621929169,0.11057457879185677
328,0.11041875928640366,0.11057072035968303
329,0.11041682213544846,0.1105668829381466
330,0.11041527986526489,0.11056306794285774
331,0.11041378229856491,0.11055927731096744
332,0.11041216552257538,0.11055551402270794
333,0.11041049659252167,0.11055178076028824
334,0.11040894687175751,0.11054809965193271
335,0.11040761321783066,0.11054447762668133
336,0.11040637642145157,0.11054091811180115
337,0.11040523648262024,0.11053741350769997
338,0.11040414869785309,0.11053395763039589
339,0.11040300875902176,0.11053054712712765
340,0.11040189862251282,0.11052717454731464
341,0.11040087044239044,0.110523876324296
342,0.11039985716342926,0.11052072368562221
343,0.11039885878562927,0.11051771588623524
344,0.11039788275957108,0.11051479756832122
345,0.11039692163467407,0.11051192477345467
346,0.11039593815803528,0.1105090793967247
347,0.1103949174284935,0.11050625793635845
348,0.11039384454488754,0.11050346076488494
349,0.11039284616708755,0.11050068832933903
350,0.11039175093173981,0.11049793913960457
351,0.11039062589406967,0.11049521334469319
352,0.11038928478956223,0.11049250915646552
353,0.1103878915309906,0.11048982501029968
354,0.11038634926080704,0.11048715524375438
355,0.11038479208946228,0.1104844991862774
356,0.11038295924663544,0.1104818506538868
357,0.11038084328174591,0.11047921270132065
358,0.11037842184305191,0.11047658018767834
359,0.1103757694363594,0.11047394312918186
360,0.11037284135818481,0.11047130227088928
361,0.11036965996026993,0.11046865083277226
362,0.11036618053913116,0.1104660002887249
363,0.11036236584186554,0.11046335816383362
364,0.11035773158073425,0.11046072468161583
365,0.11035231500864029,0.11045804508030414
366,0.11034688353538513,0.11045536011457444
367,0.11034146696329117,0.11045262537896633
368,0.1103360652923584,0.11044986724853516
369,0.11033101379871368,0.11044710204005241
370,0.11032512784004211,0.11044433020055294
371,0.11031963676214218,0.11044156149029732
372,0.11031533777713776,0.11043881043791771
373,0.11031168699264526,0.11043608017265796
374,0.1103082150220871,0.11043337494134903
375,0.11030642688274384,0.11043071925640106
376,0.11030496656894684,0.11042811684310436
377,0.11030257493257523,0.11042555645108224
378,0.11030180007219315,0.11042307265102863
379,0.11029954999685287,0.11042069479823112
380,0.11029788106679916,0.11041839070618152
381,0.1102997362613678,0.11041616827249527
382,0.11029577255249023,0.11041395023465156
383,0.11029604077339172,0.11041176937520504
384,0.1102953553199768,0.11040961325168609
385,0.11029421538114548,0.11040747456252575
386,0.11029292643070221,0.11040534444153309
387,0.11029167473316193,0.11040322788059712
388,0.1102902740240097,0.11040113016963005
389,0.11028879880905151,0.11039904043078423
390,0.11028755456209183,0.11039696134626865
391,0.11028654873371124,0.11039490006864071
392,0.11028558015823364,0.11039285831153393
393,0.11028455197811127,0.11039082936942578
394,0.11028347909450531,0.11038880608975887
395,0.11028235405683517,0.1103867906332016
396,0.11028119921684265,0.11038478188216687
397,0.1102801114320755,0.11038277551531792
398,0.1102791354060173,0.11038077153265476
399,0.11027678847312927,0.11037875704467297
400,0.11027339845895767,0.1103767229616642
401,0.11026985943317413,0.11037466883659362
402,0.11026707291603088,0.11037260137498378
403,0.11026501655578613,0.11037052683532238
404,0.110263392329216,0.11036844976246357
405,0.1102621853351593,0.11036637522280217
406,0.11026111245155334,0.11036430358886719
407,0.11026017367839813,0.11036223486065865
408,0.11025926470756531,0.11036016948521138
409,0.11025828868150711,0.1103581079095602
410,0.11025731265544891,0.11035605005919934
411,0.11025643348693848,0.11035399608314038
412,0.11025556176900864,0.11035194516181945
413,0.11025470495223999,0.11034989766776562
414,0.11025393009185791,0.11034785367548466
415,0.11025319248437881,0.11034581482410431
416,0.11025243252515793,0.11034378297626972
417,0.11025160551071167,0.11034175887703895
418,0.11025068163871765,0.11033975005149842
419,0.11024965345859528,0.11033777438104153
420,0.11024849116802216,0.11033583052456379
421,0.11024712026119232,0.11033390708267689
422,0.11024556308984756,0.11033199056982994
423,0.1102440357208252,0.11033009499311447
424,0.11024260520935059,0.110328219383955
425,0.11024117469787598,0.11032636232674121
426,0.11023975908756256,0.11032452113926411
427,0.11023838073015213,0.11032269388437271
428,0.1102370098233223,0.1103208763897419
429,0.11023564636707306,0.11031906463205815
430,0.11023430526256561,0.11031725488603115
431,0.11023294925689697,0.11031544655561447
432,0.11023162305355072,0.11031364113092422
433,0.11023034155368805,0.11031183958053589
434,0.11022910475730896,0.1103100411593914
435,0.11022791266441345,0.11030824415385723
436,0.11022676527500153,0.11030644804239273
437,0.11022567003965378,0.11030465237796307
438,0.11022457480430603,0.1103028566390276
439,0.11022352427244186,0.1103010617941618
440,0.11022248864173889,0.11029926769435405
441,0.11022146046161652,0.11029747359454632
442,0.11022043228149414,0.11029567934572697
443,0.11021946370601654,0.11029388539493085
444,0.11021851003170013,0.11029209166765214
445,0.11021760106086731,0.11029029846191406
446,0.11021670699119568,0.11028850615024567
447,0.11021585762500763,0.11028671555221081
448,0.11021502315998077,0.11028492733836175
449,0.11021419614553452,0.11028314083814621
450,0.11021338403224945,0.1102813571691513
451,0.11021257936954498,0.11027957670390606
452,0.1102118045091629,0.11027780190110206
453,0.11021104454994202,0.11027603343129158
454,0.11021029204130173,0.11027427285909652
455,0.11020954698324203,0.11027252040803433
456,0.11020882427692413,0.11027077905833721
457,0.11020810902118683,0.11026905171573162
458,0.11020740866661072,0.11026734158396721
459,0.1102067157626152,0.11026565104722977
460,0.11020603030920029,0.11026398293673992
461,0.11020535230636597,0.11026233986020088
462,0.11020468175411224,0.1102607248723507
463,0.11020401120185852,0.11025914132595062
464,0.1102033406496048,0.11025759741663933
465,0.11020268499851227,0.11025610111653805
466,0.11020202934741974,0.1102546525746584
467,0.1102013811469078,0.11025325171649455
468,0.11020073294639587,0.11025189839303494
469,0.11020009219646454,0.11025058917701244
470,0.1101994514465332,0.11024933241307736
471,0.11019881069660187,0.11024812415242195
472,0.11019816994667053,0.11024695247411728
473,0.1101975217461586,0.11024581082165241
474,0.11019687354564667,0.11024469740688801
475,0.11019620299339294,0.1102435951679945
476,0.11019551753997803,0.11024250067770482
477,0.11019481718540192,0.11024142310023308
478,0.11019409447908401,0.11024034604430198
479,0.11019333451986313,0.1102392838895321
480,0.11019238829612732,0.11023822896182538
481,0.11019027233123779,0.11023713432252408
482,0.11018882691860199,0.11023606486618519
483,0.11018786579370499,0.11023498311638832
484,0.11018576472997665,0.11023388721048832
485,0.11018279939889908,0.11023277305066585
486,0.11017948389053345,0.11023163862526417
487,0.11017587780952454,0.1102304806560278
488,0.11017248034477234,0.11022930271923542
489,0.1101694107055664,0.11022810883820057
490,0.1101667582988739,0.11022690087556838
491,0.11016450822353363,0.11022568047046662
492,0.11016258597373962,0.11022445052862168
493,0.11016085743904114,0.11022321358323098
494,0.11015935242176056,0.11022197231650352
495,0.1101580485701561,0.11022072926163673
496,0.11015689373016357,0.11021948620676994
497,0.11015580594539642,0.11021824315190315
498,0.11015474051237106,0.1102169992029667
499,0.11015373468399048,0.1102157686650753
500,0.11015279591083527,0.11021456263959407
501,0.11015185713768005,0.11021338261663914
502,0.11015093326568604,0.11021222122013569
503,0.11015000194311142,0.11021107107400895
504,0.11014904081821442,0.11020992755889893
505,0.11014808714389801,0.11020878657698631
506,0.11014717817306519,0.11020764723420143
507,0.11014629900455475,0.110206508487463
508,0.11014547199010849,0.11020537056028842
509,0.11014465987682343,0.11020423427224159
510,0.11014384776353836,0.11020309962332249
511,0.1101430356502533,0.11020196564495563
512,0.11014223098754883,0.11020083233714104
513,0.11014138162136078,0.11019969910383225
514,0.11014053970575333,0.1101985651999712
515,0.11013966798782349,0.11019742995500564
516,0.11013880372047424,0.11019629366695881
517,0.11013790965080261,0.11019515670835972
518,0.11013699322938919,0.11019401982426644
519,0.11013603210449219,0.1101928836107254
520,0.11013501137495041,0.11019174881279468
521,0.11013397574424744,0.11019061736762524
522,0.11013294756412506,0.11018949121236801
523,0.1101318746805191,0.11018836960196494
524,0.11013077199459076,0.11018725126981735
525,0.11012965440750122,0.1101861360669136
526,0.11012852191925049,0.11018502369523048
527,0.11012732982635498,0.11018391318619251
528,0.11012613773345947,0.11018280446529388
529,0.11012492328882217,0.11018169723451138
530,0.1101236492395401,0.11018059067428113
531,0.11012241989374161,0.11017948538064956
532,0.11012114584445953,0.11017838060855865
533,0.11011989414691925,0.11017727613449096
534,0.11011862754821777,0.11017617136240006
535,0.11011743545532227,0.11017506659030914
536,0.11011621356010437,0.11017396107316017
537,0.11011504381895065,0.11017285481095314
538,0.11011388897895813,0.11017174795269966
539,0.1101127415895462,0.1101706401258707
540,0.11011158674955368,0.11016953110694885
541,0.11011049151420593,0.11016842141747475
542,0.11010945588350296,0.11016731165349483
543,0.11010843515396118,0.11016620136797428
544,0.1101074367761612,0.11016509063541889
545,0.11010649800300598,0.11016397960484028
546,0.11010560393333435,0.11016286857426166
547,0.1101047471165657,0.11016175746917725
548,0.11010389775037766,0.11016064621508122
549,0.11010308563709259,0.11015953510999679
550,0.11010228097438812,0.11015842407941819
551,0.11010149866342545,0.11015731327235699
552,0.11010073125362396,0.1101562025398016
553,0.11009994894266129,0.11015509158372878
554,0.1100991815328598,0.11015398047864437
555,0.11009843647480011,0.11015286937355995
556,0.11009770631790161,0.11015175819396973
557,0.1100970208644867,0.11015064731240272
558,0.11009635031223297,0.11014953672885895
559,0.11009564995765686,0.11014842607080937
560,0.11009500920772552,0.11014731585979462
561,0.11009439080953598,0.11014620624482632
562,0.11009378731250763,0.11014509730041028
563,0.11009319871664047,0.1101439891755581
564,0.11009262502193451,0.1101428820192814
565,0.11009204387664795,0.11014177560806275
566,0.11009149253368378,0.11014067023992538
567,0.1100909635424614,0.11013956606388092
568,0.11009044945240021,0.11013846322894097
569,0.11008985340595245,0.11013736084103584
570,0.11008843779563904,0.1101362507045269
571,0.1100870668888092,0.11013513326644897
572,0.11008583754301071,0.11013400994241238
573,0.11008461564779282,0.11013288088142872
574,0.11008351296186447,0.1101317472755909
575,0.11008252203464508,0.11013061046600342
576,0.1100822165608406,0.11012947745621204
577,0.11008145660161972,0.11012834385037422
578,0.11008098721504211,0.1101272127777338
579,0.11008044332265854,0.11012608386576175
580,0.11007975041866302,0.11012495748698711
581,0.11007900536060333,0.11012384481728077
582,0.11007849872112274,0.11012274153530598
583,0.11007773131132126,0.11012164019048214
584,0.11007719486951828,0.11012055449187756
585,0.11007648706436157,0.11011949136853218
586,0.11007580161094666,0.11011845454573631
587,0.11007528007030487,0.11011744856834411
588,0.11007452756166458,0.11011646904051303
589,0.110073983669281,0.11011551477015019
590,0.11007323861122131,0.11011457957327365
591,0.11007261276245117,0.11011366061866283
592,0.11007179319858551,0.1101127526909113
593,0.11007121205329895,0.11011185623705387
594,0.11007046699523926,0.11011096738278865
595,0.1100698783993721,0.11011008568108081
596,0.1100691631436348,0.11010920837521553
597,0.11006852984428406,0.11010833561420441
598,0.11006768047809601,0.11010746501386165
599,0.11006632447242737,0.11010659091174603
600,0.1100647822022438,0.11010571077466011
601,0.11006326228380203,0.11010482482612133
602,0.11006202548742294,0.1101039357483387
603,0.11006096005439758,0.11010304532945156
604,0.11005952209234238,0.11010215014219284
605,0.1100580096244812,0.11010124936699867
606,0.110056571662426,0.11010034330189228
607,0.11005514115095139,0.11009943172335625
608,0.11005374789237976,0.11009851448237896
609,0.11005216091871262,0.11009758949279785
610,0.11005067080259323,0.1100966577231884
611,0.11004896461963654,0.11009571701288223
612,0.11004703491926193,0.11009476505219937
613,0.11004509031772614,0.11009380213916302
614,0.11004233360290527,0.11009282007813453
615,0.110039122402668,0.11009181462228299
616,0.11003516614437103,0.11009077824652196
617,0.11003103107213974,0.11008970946073532
618,0.11002720147371292,0.11008861154317856
619,0.11002537608146667,0.11008750498294831
620,0.11002475768327713,0.11008640244603157
621,0.11002429574728012,0.11008530564606189
622,0.11002364754676819,0.11008421264588833
623,0.11002261936664581,0.11008312009274959
624,0.11002177000045776,0.11008203007280827
625,0.11002110689878464,0.1100809445977211
626,0.1100199893116951,0.11007985927164554
627,0.11001849919557571,0.11007877096533775
628,0.11001742631196976,0.11007768385112286
629,0.11001663655042648,0.11007660098373889
630,0.11001531779766083,0.11007551766932011
631,0.11001399159431458,0.11007443338632583
632,0.11001314222812653,0.11007335335016251
633,0.11001195758581161,0.11007227398455142
634,0.11001105606555939,0.11007119826972485
635,0.11001014709472656,0.11007012538611889
636,0.11000916361808777,0.11006905488669873
637,0.11000825464725494,0.11006798699498177
638,0.11000724881887436,0.11006692059338093
639,0.11000639200210571,0.11006585709750652
640,0.1100054383277893,0.11006479561328888
641,0.11000452190637589,0.11006373591721058
642,0.11000356078147888,0.11006267696619033
643,0.11000257730484009,0.11006161838769912
644,0.11000163108110428,0.11006056033074856
645,0.11000065505504608,0.11005950190126895
646,0.10999979823827744,0.11005844384431838
647,0.10999885201454163,0.11005738489329815
648,0.10999785363674164,0.11005632445216179
649,0.10999670624732971,0.11005526065826415
650,0.10999546200037003,0.11005419246852398
651,0.10999392718076706,0.11005311675369739
652,0.10999135673046112,0.11005202300846577
653,0.10998914390802383,0.11005091495811939
654,0.1099882423877716,0.1100498055666685
655,0.1099880188703537,0.11004870139062405
656,0.10998696088790894,0.11004759393632411
657,0.10998500138521194,0.11004647374153137
658,0.10998335480690002,0.11004534378647804
659,0.10998210310935974,0.11004420831799507
660,0.10998102277517319,0.11004306845366955
661,0.10997918248176575,0.11004191637039185
662,0.1099759116768837,0.1100407376140356
663,0.10997439920902252,0.11003954961895943
664,0.10997035354375839,0.11003832690417767
665,0.10996747016906738,0.11003708116710186
666,0.10996422171592712,0.1100358084589243
667,0.10996247828006744,0.11003452360630035
668,0.10995954275131226,0.11003321453928948
669,0.10995543748140335,0.11003187038004399
670,0.10995186120271683,0.11003050461411476
671,0.10994723439216614,0.11002910628914833
672,0.1099419966340065,0.11002766788005829
673,0.10994123667478561,0.11002623409032822
674,0.10993961989879608,0.11002479515969753
675,0.10993906855583191,0.1100233606249094
676,0.10993639379739761,0.11002190239727497
677,0.10993517935276031,0.11002043962478637
678,0.10993348062038422,0.1100189645588398
679,0.10993266850709915,0.1100174868106842
680,0.10993145406246185,0.11001600384712219
681,0.10992920398712158,0.11001450583338737
682,0.10992728918790817,0.11001299373805523
683,0.10992572456598282,0.11001147367060185
684,0.10992465913295746,0.11000994831323624
685,0.10992380976676941,0.11000842154026032
686,0.1099230945110321,0.11000689446926117
687,0.10992216318845749,0.1100053633004427
688,0.10992114245891571,0.11000382944941521
689,0.10992035269737244,0.11000229313969612
690,0.10991913080215454,0.11000075206160545
691,0.1099180206656456,0.10999920614063739
692,0.10991467535495758,0.10999763496220112
693,0.10991381108760834,0.10999606095254422
694,0.10991047322750092,0.10999446101486683
695,0.10991008579730988,0.1099928630888462
696,0.10990285873413086,0.10999120004475117
697,0.10990652441978455,0.10998957999050617
698,0.1098967045545578,0.1099878702312708
699,0.10989773273468018,0.10998618431389331
700,0.10989394783973694,0.10998447597026825
701,0.10989229381084442,0.10998276628553867
702,0.10988786816596985,0.10998102471232414
703,0.10988670587539673,0.10997928217053414
704,0.10988728702068329,0.10997755981981755
705,0.10988322645425797,0.1099758119881153
706,0.10988238453865051,0.10997407011687756
707,0.10988014936447144,0.10997232019901276
708,0.10987812280654907,0.10997056394815445
709,0.10987748950719833,0.10996881723403931
710,0.10987323522567749,0.10996704287827015
711,0.10987154394388199,0.1099652686715126
712,0.10987044870853424,0.10996350280940533
713,0.10986943542957306,0.1099617462605238
714,0.1098681092262268,0.10996000401675701
715,0.10986602306365967,0.10995827302336693
716,0.10986556112766266,0.10995657697319984
717,0.10986493527889252,0.10995491601526737
718,0.10986240208148956,0.10995326802134514
719,0.10986161231994629,0.10995163038372993
720,0.10985983908176422,0.1099499811977148
721,0.10985821485519409,0.10994832038879394
722,0.10985701531171799,0.10994665406644344
723,0.109855517745018,0.10994498305022717
724,0.10985592007637024,0.1099433245509863
725,0.10985374450683594,0.1099416509270668
726,0.1098531037569046,0.1099399820715189
727,0.1098521277308464,0.10993831835687161
728,0.10985040664672852,0.1099366481602192
729,0.10985012352466583,0.10993498302996159
730,0.10984950512647629,0.10993332490324974
731,0.10984908789396286,0.10993167586624622
732,0.10984764248132706,0.10993002086877823
733,0.10984718054533005,0.10992837309837342
734,0.10984649509191513,0.10992672748863697
735,0.10984543710947037,0.1099250803887844
736,0.10984467715024948,0.10992343552410602
737,0.10984405875205994,0.10992179356515408
738,0.1098434180021286,0.10992015525698662
739,0.10984234511852264,0.10991851478815079
740,0.10984160006046295,0.10991687640547752
741,0.10984088480472565,0.10991524003446101
742,0.10984013229608536,0.10991360574960708
743,0.10983933508396149,0.1099119733273983
744,0.10983841121196747,0.10991034112870693
745,0.109837606549263,0.1099087106436491
746,0.10983670502901077,0.10990707971155643
747,0.1098356768488884,0.1099054479598999
748,0.10983490943908691,0.10990381851792336
749,0.10983411222696304,0.10990219257771969
750,0.10983330756425858,0.10990057103335857
751,0.1098325103521347,0.10989895686507226
752,0.1098317950963974,0.10989736124873162
753,0.10983109474182129,0.10989578075706959
754,0.10983037948608398,0.10989420212805272
755,0.10982970148324966,0.10989261895418168
756,0.10982909798622131,0.1098910403251648
757,0.10982856154441833,0.10988947592675685
758,0.10982798039913177,0.10988792218267918
759,0.10982746630907059,0.10988637581467628
760,0.10982697457075119,0.10988483533263206
761,0.10982649028301239,0.10988330841064453
762,0.10982600599527359,0.10988180935382844
763,0.10982558876276016,0.10988032124936581
764,0.10982517153024673,0.1098788694292307
765,0.1098247617483139,0.10987744234502315
766,0.10982432961463928,0.10987604342401028
767,0.10982394963502884,0.1098746581375599
768,0.10982358455657959,0.10987329855561256
769,0.10982320457696915,0.10987197622656822
770,0.1098228394985199,0.10987068600952625
771,0.10982246696949005,0.1098694383352995
772,0.1098221093416214,0.10986823946237564
773,0.10982175171375275,0.10986704461276531
774,0.1098213940858841,0.10986586235463619
775,0.10982104390859604,0.10986468210816383
776,0.10982069373130798,0.10986352510750294
777,0.10982035100460052,0.10986237682402133
778,0.10982000082731247,0.10986124202609063
779,0.10981966555118561,0.10986011199653149
780,0.10981934517621994,0.10985899090766907
781,0.10981901735067368,0.10985788904130458
782,0.10981868952512741,0.10985680304467678
783,0.10981836915016174,0.10985572949051857
784,0.10981804877519608,0.10985466338694096
785,0.10981772094964981,0.10985360249876976
786,0.10981740057468414,0.10985254555940628
787,0.10981707274913788,0.10985149465501308
788,0.10981675982475281,0.10985045082867145
789,0.10981642454862595,0.10984941154718399
790,0.10981610417366028,0.10984838128089905
791,0.10981576889753342,0.10984735876321793
792,0.10981544852256775,0.10984636649489403
793,0.10981512069702148,0.10984537959098815
794,0.10981480777263641,0.10984442293643952
795,0.10981449484825134,0.10984346702694893
796,0.10981419682502747,0.1098425804078579
797,0.10981389880180359,0.10984165415167808
798,0.10981360077857971,0.10984082311391831
799,0.10981331020593643,0.10983997888863087
800,0.10981301963329315,0.10983916960656642
801,0.10981272161006927,0.10983837388455868
802,0.109812431037426,0.10983761951327324
803,0.10981212556362152,0.10983687371015549
804,0.10981182008981705,0.10983611904084682
805,0.10981151461601257,0.10983540192246437
806,0.1098112016916275,0.10983469009399414
807,0.10981090366840363,0.10983399763703346
808,0.10981061309576035,0.10983332253992557
809,0.10981030762195587,0.10983265072107315
810,0.109810009598732,0.1098320184648037
811,0.10980971157550812,0.10983140014111996
812,0.10980942845344543,0.10983078993856907
813,0.10980913043022156,0.10983018688857556
814,0.10980881005525589,0.10982959389686585
815,0.10980848968029022,0.10982901856303215
816,0.10980816930532455,0.10982844464480877
817,0.10980787128210068,0.10982787400484086
818,0.1098075658082962,0.10982732564210891
819,0.10980723798274994,0.10982678189873696
820,0.10980692505836487,0.10982625275850295
821,0.1098066121339798,0.10982573673129081
822,0.10980629920959473,0.10982522957026958
823,0.10980600118637085,0.10982473440468311
824,0.10980568826198578,0.10982423208653927
825,0.10980537533760071,0.10982374839484692
826,0.10980506986379623,0.10982326805591583
827,0.10980476438999176,0.10982279442250728
828,0.10980445146560669,0.10982233487069606
829,0.10980414599180222,0.10982187509536744
830,0.10980385541915894,0.10982141859829425
831,0.10980354249477386,0.10982096314430237
832,0.10980323702096939,0.1098205190896988
833,0.10980294644832611,0.10982007674872875
834,0.10980265587568283,0.10981963835656643
835,0.10980235785245895,0.10981920756399631
836,0.10980206727981567,0.10981878146529198
837,0.10980179905891418,0.10981835886836051
838,0.1098015233874321,0.10981793992221356
839,0.10980124771595001,0.10981752894818783
840,0.10980099439620972,0.1098171228915453
841,0.10980073362588882,0.10981672137975693
842,0.10980048030614853,0.10981632485985755
843,0.10980023443698883,0.10981593385338784
844,0.10979999601840973,0.10981554970145226
845,0.10979974269866943,0.10981517106294632
846,0.10979950428009033,0.10981479905545712
847,0.10979927331209183,0.10981443502008915
848,0.10979903489351273,0.10981407627463341
849,0.10979880392551422,0.10981372319161892
850,0.10979858040809631,0.1098133759200573
851,0.1097983568906784,0.10981303438544274
852,0.1097981259226799,0.10981269769370555
853,0.10979790985584259,0.10981236584484577
854,0.10979768633842468,0.10981203891336917
855,0.10979726910591125,0.1098117145895958
856,0.10979484021663666,0.10981137201189994
857,0.10979592055082321,0.109811045601964
858,0.10979561507701874,0.10981072194874286
859,0.10979481041431427,0.1098103953897953
860,0.1097947210073471,0.10981007285416126
861,0.10979369282722473,0.10980974487960339
862,0.10979309678077698,0.10980941578745843
863,0.10979420691728592,0.10980910196900368
864,0.10979308187961578,0.10980878107249736
865,0.10979288816452026,0.10980846233665943
866,0.1097928062081337,0.10980814710259437
867,0.10979176312685013,0.10980782523751259
868,0.10979228466749191,0.10980751223862172
869,0.10979139059782028,0.10980719409883022
870,0.10979128628969193,0.10980687856674194
871,0.10979090631008148,0.10980656296014786
872,0.10979073494672775,0.10980624921619891
873,0.10979074239730835,0.10980593912303448
874,0.10979000478982925,0.10980562523007392
875,0.10979020595550537,0.10980531685054302
876,0.1097899079322815,0.10980500899255276
877,0.10978968441486359,0.10980470232665539
878,0.10978933423757553,0.10980439566075802
879,0.10978908836841583,0.10980408988893033
880,0.10978913307189941,0.10980378776788711
881,0.10978926718235016,0.10980349026620388
882,0.1097894087433815,0.10980319745838642
883,0.10978859663009644,0.10980289973318577
884,0.10978928953409195,0.10980261214077473
885,0.10978823900222778,0.10980231732130051
886,0.10978853702545166,0.10980202868580818
887,0.1097884476184845,0.10980174243450165
888,0.10978767275810242,0.10980145156383514
889,0.1097879409790039,0.10980116672813893
890,0.10978800058364868,0.10980088569223881
891,0.10978750139474869,0.10980060301721097
892,0.1097874641418457,0.10980032317340374
893,0.10978721082210541,0.10980004407465457
894,0.10978685319423676,0.10979976452887058
895,0.10978676378726959,0.10979948721826077
896,0.10978664457798004,0.1097992116957903
897,0.10978637635707855,0.10979893647134303
898,0.10978634655475616,0.10979866392910481
899,0.10978599637746811,0.10979839079082013
900,0.10978605598211288,0.10979812115430831
901,0.10978589206933975,0.10979785285890102
902,0.10978561639785767,0.10979758471250534
903,0.1097855418920517,0.10979731887578964
904,0.10978531837463379,0.1097970538586378
905,0.10978533327579498,0.10979679204523564
906,0.1097850650548935,0.1097965306788683
907,0.10978490114212036,0.10979627065360546
908,0.10978482663631439,0.10979601278901101
909,0.10978466272354126,0.10979575634002686
910,0.1097845509648323,0.10979550175368785
911,0.10978437215089798,0.10979524835944175
912,0.10978425294160843,0.10979499660432339
913,0.10978411138057709,0.10979474641382694
914,0.10978403687477112,0.1097944986820221
915,0.10978391766548157,0.109794252961874
916,0.10978375375270844,0.10979400880634785
917,0.10978369414806366,0.10979376703500748
918,0.10978350043296814,0.1097935263812542
919,0.10978342592716217,0.10979328826069831
920,0.10978324711322784,0.10979305148124695
921,0.10978318750858307,0.10979281723499298
922,0.10978300869464874,0.10979258432984353
923,0.10978291928768158,0.10979235351085663
924,0.10978279262781143,0.10979212455451488
925,0.10978268831968307,0.10979189768433571
926,0.10978256911039352,0.10979167267680168
927,0.10978244245052338,0.109791449457407
928,0.10978233814239502,0.10979122832417489
929,0.10978221893310547,0.1097910090535879
930,0.10978209972381592,0.10979079149663448
931,0.10978199541568756,0.10979057602584362
932,0.10978188365697861,0.10979036249220371
933,0.10978177189826965,0.10979015074670315
934,0.1097816675901413,0.10978994086384773
935,0.10978155583143234,0.10978973284363747
936,0.10978145897388458,0.10978952676057815
937,0.10978135466575623,0.10978932231664658
938,0.10978123545646667,0.10978911943733692
939,0.10978112369775772,0.109788918197155
940,0.10978102684020996,0.109788718521595
941,0.10978090763092041,0.10978852026164532
942,0.10978081077337265,0.10978832356631756
943,0.1097806990146637,0.10978812821209431
944,0.10978059470653534,0.10978793419897556
945,0.10978049039840698,0.10978774167597294
946,0.10978038609027863,0.10978755049407482
947,0.10978028178215027,0.1097873605787754
948,0.10978018492460251,0.10978717207908631
949,0.10978008806705475,0.1097869849205017
950,0.1097799763083458,0.10978679887950421
951,0.10977956652641296,0.10978661097586155
952,0.10977888107299805,0.10978641852736473
953,0.10977797210216522,0.10978621914982796
954,0.10977692157030106,0.10978601150214672
955,0.1097758561372757,0.10978579737246036
956,0.1097751036286354,0.10978560000658036
957,0.1097743958234787,0.10978538475930691
958,0.1097736656665802,0.10978516526520252
959,0.10977299511432648,0.10978494711220264
960,0.10977238416671753,0.10978472374379634
961,0.10977181792259216,0.10978450499475002
962,0.10976918041706085,0.10978426583111286
963,0.10976165533065796,0.10978394031524658
964,0.1097571849822998,0.10978358134627342
965,0.10975559800863266,0.10978320844471455
966,0.10975442081689835,0.10978282459080219
967,0.10975360870361328,0.10978244304656982
968,0.1097530797123909,0.10978205099701882
969,0.10975271463394165,0.10978166423738003
970,0.1097523421049118,0.10978127479553222
971,0.10975204408168793,0.10978088617324828
972,0.10975176095962524,0.10978049643337727
973,0.10975150018930435,0.10978010401129723
974,0.10975123196840286,0.10977971628308296
975,0.10975098609924316,0.10977932408452035
976,0.10975073277950287,0.10977893233299256
977,0.10975051671266556,0.10977854065597058
978,0.10975030064582825,0.1097781503200531
979,0.10975009202957153,0.10977776035666466
980,0.10974989086389542,0.10977736793458462
981,0.1097496971487999,0.10977697223424912
982,0.10974951088428497,0.10977657325565815
983,0.10974934697151184,0.1097761807590723
984,0.10974916815757751,0.10977577954530716
985,0.10974900424480438,0.10977538719773293
986,0.10974884033203125,0.10977499023079872
987,0.10974867641925812,0.10977459251880646
988,0.10974852740764618,0.10977420106530189
989,0.10974837094545364,0.10977380536496639
990,0.1097482219338417,0.10977340757846832
991,0.10974807292222977,0.10977301329374313
992,0.10974793136119843,0.10977261796593667
993,0.10974778980016708,0.10977222375571728
994,0.10974764823913574,0.10977183170616626
995,0.1097475066781044,0.10977143913507462
996,0.10974737256765366,0.10977104641497135
997,0.10974723845720291,0.1097706550359726
998,0.10974709689617157,0.10977026253938675
999,0.10974697023630142,0.10976987227797508
1000,0.10974685847759247,0.10976948030292988
1001,0.10974672436714172,0.1097690886259079
1002,0.10974659770727158,0.10976869843900204
1003,0.10974647104740143,0.10976830773055553
1004,0.10974635183811188,0.10976791806519032
1005,0.10974623262882233,0.10976752705872059
1006,0.10974611341953278,0.10976713754236699
1007,0.10974599421024323,0.10976674847304821
1008,0.10974587500095367,0.1097663589566946
1009,0.10974575579166412,0.10976596988737583
1010,0.10974563658237457,0.10976558074355125
1011,0.10974553227424622,0.10976519234478474
1012,0.10974541306495667,0.10976480394601822
1013,0.10974530875682831,0.10976441591978073
1014,0.10974518954753876,0.10976402744650841
1015,0.1097450777888298,0.10976363904774189
1016,0.10974496603012085,0.10976325117051601
1017,0.1097448468208313,0.1097628626972437
1018,0.10974474996328354,0.10976247519254684
1019,0.10974463820457458,0.10976208731532097
1020,0.10974452644586563,0.10976170010864734
1021,0.10974442958831787,0.1097613125294447
1022,0.10974432528018951,0.1097609256953001
1023,0.10974422097206116,0.1097605387121439
1024,0.1097441017627716,0.1097601518034935
1025,0.10974401235580444,0.1097597650438547
1026,0.10974390804767609,0.10975937843322754
1027,0.10974378883838654,0.10975899189710617
1028,0.10974369943141937,0.10975860550999642
1029,0.10974359512329102,0.10975821927189827
1030,0.10974349826574326,0.10975783325731754
1031,0.1097434014081955,0.10975744731724263
1032,0.10974328219890594,0.1097570613026619
1033,0.10974319279193878,0.10975667551159858
1034,0.10974308848381042,0.10975628972053528
1035,0.10974299162626266,0.10975590407848358
1036,0.1097428947687149,0.10975551843643189
1037,0.10974279046058655,0.10975513279438019
1038,0.10974270105361938,0.10975474745035171
1039,0.10974259674549103,0.10975436218082905
1040,0.10974249988794327,0.10975397691130638
1041,0.10974240303039551,0.10975359186530113
1042,0.10974229872226715,0.10975320674479008
1043,0.1097421944141388,0.10975282169878482
1044,0.10974209755659103,0.10975243672728538
1045,0.10974200069904327,0.10975205183029174
1046,0.10974190384149551,0.10975166700780392
1047,0.10974181443452835,0.1097512823343277
1048,0.10974171757698059,0.10975089766085148
1049,0.10974162071943283,0.10975051298737526
1050,0.10974151641130447,0.10975012838840485
1051,0.10974142700433731,0.10974974699318409
1052,0.10974131524562836,0.10974937133491039
1053,0.1097412258386612,0.10974900387227535
1054,0.10974113643169403,0.10974864602088928
1055,0.10974103212356567,0.10974829778075218
1056,0.10974094271659851,0.10974795617163181
1057,0.10974085330963135,0.10974762074649334
1058,0.10974074900150299,0.10974729157984257
1059,0.10974066704511642,0.10974696829915047
1060,0.10974057018756866,0.10974665015935897
1061,0.1097404807806015,0.10974633678793907
1062,0.10974038392305374,0.109746048822999
1063,0.10974029451608658,0.10974583521485329
1064,0.10974019765853882,0.10974566534161567
1065,0.10974010825157166,0.10974551044404507
1066,0.10974001884460449,0.10974536642432213
1067,0.10973992943763733,0.10974522963166237
1068,0.10973984003067017,0.10974509723484516
1069,0.109739750623703,0.10974496759474278
1070,0.10973966121673584,0.10974484078586101
1071,0.10973957180976868,0.10974471606314182
1072,0.10973948240280151,0.10974459327757359
1073,0.10973939299583435,0.10974447220563889
1074,0.10973930358886719,0.10974435292184354
1075,0.10973921418190002,0.1097442352026701
1076,0.10973913222551346,0.1097441191971302
1077,0.10973905026912689,0.10974400453269481
1078,0.10973896086215973,0.10974389113485813
1079,0.10973887145519257,0.10974377892911434
1080,0.109738789498806,0.10974366791546344
1081,0.10973870009183884,0.10974355794489384
1082,0.10973861813545227,0.10974344901740551
1083,0.10973852872848511,0.10974334083497524
1084,0.10973844677209854,0.10974323362112046
1085,0.10973836481571198,0.10974312722682952
1086,0.109738290309906,0.10974302172660827
1087,0.10973820090293884,0.10974291697144509
1088,0.10973811894655228,0.10974281288683414
1089,0.10973802953958511,0.10974270947277547
1090,0.10973794758319855,0.10974260672926903
1091,0.10973787307739258,0.10974250473082066
1092,0.10973778367042542,0.10974240325391292
1093,0.10973770171403885,0.10974230237305165
1094,0.10973761975765228,0.1097422020882368
1095,0.10973754525184631,0.10974210247397423
1096,0.10973745584487915,0.10974200330674648
1097,0.10973738133907318,0.10974190473556518
1098,0.10973729938268661,0.10974180676043034
1099,0.10973721742630005,0.10974170923233033
1100,0.10973713546991348,0.10974161200225353
1101,0.10973705351352692,0.10974151529371738
1102,0.10973697900772095,0.10974141910672187
1103,0.10973689705133438,0.1097413233667612
1104,0.10973681509494781,0.10974122799932956
1105,0.10973673313856125,0.10974113300442695
1106,0.10973665118217468,0.10974103838205337
1107,0.10973657667636871,0.10974094420671462
1108,0.10973650217056274,0.10974085047841071
1109,0.10973642766475677,0.10974075719714164
1110,0.10973633825778961,0.10974066421389579
1111,0.10973626375198364,0.10974057152867317
1112,0.10973618924617767,0.10974047929048539
1113,0.10973610728979111,0.109740387275815
1114,0.10973602533340454,0.10974029563367367
1115,0.10973594337701797,0.10974020428955555
1116,0.109735868871212,0.10974011331796646
1117,0.10973579436540604,0.1097400227934122
1118,0.10973571985960007,0.10973993249237537
1119,0.1097356528043747,0.10973984263837337
1120,0.10973556339740753,0.1097397530078888
1121,0.10973548889160156,0.10973966360092163
1122,0.1097354143857956,0.10973957449197769
1123,0.10973533242940903,0.10973948560655117
1124,0.10973525047302246,0.10973939709365368
1125,0.10973517596721649,0.1097393087297678
1126,0.10973510146141052,0.10973922066390514
1127,0.10973502695560455,0.10973913304507732
1128,0.10973495244979858,0.10973904557526111
1129,0.10973487794399261,0.10973895840346813
1130,0.10973480343818665,0.10973887145519257
1131,0.10973472893238068,0.10973878473043441
1132,0.10973465442657471,0.1097386984527111
1133,0.10973457992076874,0.10973861232399941
1134,0.10973450541496277,0.10973852649331092
1135,0.1097344309091568,0.10973844088613988
1136,0.10973435640335083,0.10973835550248623
1137,0.10973428189754486,0.10973827041685581
1138,0.10973420739173889,0.109738185480237
1139,0.10973413288593292,0.10973810084164143
1140,0.10973405838012695,0.10973801642656326
1141,0.10973398387432098,0.10973793223500251
1142,0.10973390936851501,0.109737848341465
1143,0.10973384231328964,0.10973776482045651
1144,0.10973376780748367,0.10973768152296542
1145,0.1097337007522583,0.10973759852349758
1146,0.10973362624645233,0.10973751574754714
1147,0.10973355174064636,0.10973743312060832
1148,0.1097334772348404,0.10973735071718693
1149,0.10973340272903442,0.10973726853728294
1150,0.10973333567380905,0.109737186729908
1151,0.10973326116800308,0.10973710507154465
1152,0.10973318666219711,0.10973702378571033
1153,0.10973311960697174,0.10973694272339345
1154,0.10973304510116577,0.10973686181008815
1155,0.1097329780459404,0.10973678126931191
1156,0.10973290354013443,0.10973670087754726
1157,0.10973283648490906,0.10973662070930004
1158,0.10973277688026428,0.10973654098808766
1159,0.10973268747329712,0.10973646119236946
1160,0.10973261296749115,0.10973638162016869
1161,0.10973255336284637,0.10973630234599113
1162,0.10973247140645981,0.1097362232208252
1163,0.10973241180181503,0.10973614439368248
1164,0.10973233729600906,0.10973606579005718
1165,0.1097322627902031,0.1097359873354435
1166,0.10973221063613892,0.10973590925335884
1167,0.10973212122917175,0.10973583117127418
1168,0.10973204672336578,0.10973575323820114
1169,0.10973198711872101,0.10973567560315133
1170,0.10973190516233444,0.10973559804260731
1171,0.10973184555768967,0.10973552078008651
1172,0.1097317710518837,0.10973544366657734
1173,0.10973168909549713,0.10973536662757397
1174,0.10973162949085236,0.10973528988659381
1175,0.10973155498504639,0.10973521329462528
1176,0.10973148047924042,0.10973513677716255
1177,0.10973142087459564,0.10973506048321724
1178,0.10973135381937027,0.10973498441278934
1179,0.1097312718629837,0.10973490841686726
1180,0.10973119735717773,0.10973483249545098
1181,0.10973113775253296,0.10973475687205791
1182,0.10973107814788818,0.10973468147218228
1183,0.10973100364208221,0.10973460622131824
1184,0.10973092913627625,0.10973453104496002
1185,0.10973086208105087,0.1097344560176134
1186,0.1097308099269867,0.10973438121378422
1187,0.10973073542118073,0.10973430655896664
1188,0.10973066091537476,0.10973423197865487
1189,0.10973058640956879,0.1097341575473547
1190,0.10973052680492401,0.10973408333957195
1191,0.10973045974969864,0.10973400920629502
1192,0.10973038524389267,0.10973393522202969
1193,0.10973028093576431,0.10973386101424694
1194,0.10972975194454193,0.10973378233611583
1195,0.10972920805215836,0.10973369896411896
1196,0.1097293496131897,0.10973361790180207
1197,0.1097293496131897,0.10973353758454323
1198,0.10973022878170013,0.10973346687853336
1199,0.10972876846790314,0.10973338238894939
1200,0.10972942411899567,0.10973330527544022
1201,0.10972293466329575,0.10973316408693791
1202,0.10972431302070618,0.10973303742706776
1203,0.10972237586975098,0.10973289221525193
1204,0.10972185432910919,0.10973274260759354
1205,0.10972106456756592,0.10973258592188358
1206,0.10972006618976593,0.10973242007195949
1207,0.10972030460834503,0.10973225735127926
1208,0.10972054302692413,0.10973209775984287
1209,0.10971952974796295,0.10973192878067493
1210,0.10971809923648834,0.10973174639046192
1211,0.10971851646900177,0.1097315689176321
1212,0.10971789062023163,0.10973138593137265
1213,0.10971759259700775,0.10973120078444482
1214,0.10971751809120178,0.10973101571202278
1215,0.10971689969301224,0.10973082527518273
1216,0.1097167506814003,0.10973063409328461
1217,0.10971639305353165,0.10973044008016586
1218,0.10971610248088837,0.10973024390637874
1219,0.10971607267856598,0.10973004810512066
1220,0.10971572250127792,0.10972984969615936
1221,0.10971550643444061,0.10972964987158776
1222,0.10971537232398987,0.1097294494509697
1223,0.1097150593996048,0.10972924672067165
1224,0.1097148209810257,0.10972904242575168
1225,0.10971464216709137,0.10972883708775044
1226,0.10971442610025406,0.10972863033413888
1227,0.1097143143415451,0.10972842320799828
1228,0.10971423238515854,0.10972821600735187
1229,0.10971406102180481,0.10972800783813
1230,0.10971406102180481,0.10972780041396618
1231,0.10971378535032272,0.1097275909781456
1232,0.10971371829509735,0.10972738161683082
1233,0.10971367359161377,0.10972717255353928
1234,0.10971345007419586,0.1097269620001316
1235,0.10971343517303467,0.10972675204277038
1236,0.10971333086490631,0.10972654178738594
1237,0.10971324890851974,0.10972633145749569
1238,0.1097131222486496,0.10972612060606479
1239,0.10971298068761826,0.10972590908408165
1240,0.10971285402774811,0.10972569704055786
1241,0.10971281677484512,0.1097254853695631
1242,0.1097126305103302,0.10972527258098125
1243,0.10971057415008545,0.10972503989934922
1244,0.10970920324325562,0.10972479425370693
1245,0.1097065657377243,0.10972452290356159
1246,0.10970471054315567,0.10972423374652862
1247,0.10970227420330048,0.10972392097115517
1248,0.1097017228603363,0.10972360342741012
1249,0.10970164835453033,0.10972328588366509
1250,0.10970050096511841,0.10972295753657818
1251,0.1096985787153244,0.10972261071205139
1252,0.10969856381416321,0.10972226448357106
1253,0.10969772189855576,0.10972191050648689
1254,0.1096971333026886,0.10972155138850212
1255,0.10969710350036621,0.10972119264304638
1256,0.10969650000333786,0.10972082860767841
1257,0.10969598591327667,0.10972046010196208
1258,0.10969573259353638,0.10972008965909481
1259,0.10969550162553787,0.10971971780061722
1260,0.10969538986682892,0.10971934556961059
1261,0.10969510674476624,0.10971897110342979
1262,0.1096949428319931,0.10971859581768513
1263,0.10969480127096176,0.1097182197123766
1264,0.10969474166631699,0.10971784375607968
1265,0.10969459265470505,0.1097174670547247
1266,0.10969433188438416,0.10971708826720715
1267,0.10969415307044983,0.10971670858561992
1268,0.10969407111406326,0.10971632882952691
1269,0.10969384759664536,0.10971594743430614
1270,0.10969365388154984,0.1097155649214983
1271,0.10969356447458267,0.10971518211066723
1272,0.10969340801239014,0.1097147984802723
1273,0.10969333350658417,0.10971441492438316
1274,0.10969318449497223,0.10971403047442436
1275,0.10969304293394089,0.10971364535391331
1276,0.10969296097755432,0.10971326015889644
1277,0.10969284921884537,0.10971287444233895
1278,0.10969270765781403,0.10971248798072337
1279,0.10969259589910507,0.1097121012210846
1280,0.1096925139427185,0.10971171438694
1281,0.10969239473342896,0.10971132695674896
1282,0.10969233512878418,0.10971093952655792
1283,0.10969223082065582,0.10971055179834366
1284,0.10969215631484985,0.1097101640701294
1285,0.1096920520067215,0.1097097759693861
1286,0.10969196259975433,0.10970938749611378
1287,0.10969186574220657,0.10970899879932404
1288,0.1096917986869812,0.1097086101770401
1289,0.10969170182943344,0.10970822133123875
1290,0.10969161987304688,0.10970783226191998
1291,0.10969153791666031,0.10970744304358959
1292,0.10969145596027374,0.1097070537507534
1293,0.10969138890504837,0.10970666483044625
1294,0.109691321849823,0.10970628052949906
1295,0.10969123244285583,0.10970590077340603
1296,0.10969117283821106,0.10970551900565624
1297,0.10969109833240509,0.1097051364928484
1298,0.10969102382659912,0.10970474444329739
1299,0.10969094932079315,0.10970436625182628
1300,0.10969088226556778,0.10970398083329201
1301,0.10969081521034241,0.10970365963876247
1302,0.10969074815511703,0.10970332399010659
1303,0.10969068109989166,0.10970300704240799
1304,0.10969062149524689,0.10970269471406936
1305,0.10969055444002151,0.10970238961279392
1306,0.10969050228595734,0.10970209397375584
1307,0.10969043523073196,0.10970179527997971
1308,0.10969036817550659,0.10970149353146554
1309,0.10969031602144241,0.10970120139420032
1310,0.10969025641679764,0.10970092296600342
1311,0.10969018936157227,0.10970063969492912
1312,0.10969012975692749,0.10970036208629608
1313,0.10969007760286331,0.10970008693635463
1314,0.10969001799821854,0.1096998119354248
1315,0.10968995839357376,0.10969954252243042
1316,0.10968990623950958,0.10969927407801151
1317,0.10968983173370361,0.10969900846481323
1318,0.10968977957963943,0.10969874523580074
1319,0.10968972742557526,0.10969848178327084
1320,0.10968966037034988,0.10969822116196155
1321,0.1096896082162857,0.10969796217978
1322,0.10968954861164093,0.10969770394265652
1323,0.10968948900699615,0.10969744823873043
1324,0.10968942940235138,0.10969719432294368
1325,0.1096893772482872,0.10969694167375564
1326,0.10968931019306183,0.10969669051468373
1327,0.10968925803899765,0.10969643995165825
1328,0.10968919843435287,0.10969618961215019
1329,0.1096891388297081,0.10969594039022923
1330,0.10968908667564392,0.10969569064676761
1331,0.10968902707099915,0.10969544306397438
1332,0.10968896746635437,0.10969519555568695
1333,0.1096889078617096,0.1096949478983879
1334,0.10968885570764542,0.1096947019547224
1335,0.10968879610300064,0.10969445556402206
1336,0.10968874394893646,0.10969420969486236
1337,0.10968868434429169,0.10969396404922009
1338,0.1096886396408081,0.10969371922314167
1339,0.10968856513500214,0.10969347506761551
1340,0.10968852043151855,0.10969323173165321
1341,0.10968846827745438,0.10969298824667931
1342,0.1096884161233902,0.10969274610280991
1343,0.10968835651874542,0.1096925239264965
1344,0.10968830436468124,0.10969231493771076
1345,0.10968824476003647,0.10969213172793388
1346,0.10968819260597229,0.10969196654856204
1347,0.10968813300132751,0.10969182513654233
1348,0.10968808829784393,0.1096916887909174
1349,0.10968803614377975,0.1096915526688099
1350,0.10968798398971558,0.10969142749905586
1351,0.1096879318356514,0.10969132103025914
1352,0.10968787223100662,0.10969121411442756
1353,0.10968782007694244,0.10969111509621143
1354,0.10968777537345886,0.10969102151691913
1355,0.10968772321939468,0.10969092771410942
1356,0.1096876710653305,0.10969083942472935
1357,0.10968761146068573,0.10969075568020344
1358,0.10968756675720215,0.1096906740218401
1359,0.10968751460313797,0.1096905941516161
1360,0.10968746989965439,0.10969051495194435
1361,0.10968741774559021,0.1096904380619526
1362,0.10968735814094543,0.10969036221504211
1363,0.10968731343746185,0.10969028733670712
1364,0.10968726873397827,0.10969021260738372
1365,0.1096872091293335,0.10969013877213002
1366,0.10968716442584991,0.10969006709754467
1367,0.10968711972236633,0.10968999676406384
1368,0.10968706011772156,0.10968992665410042
1369,0.10968702286481857,0.10968985840678215
1370,0.1096869707107544,0.10968979157507419
1371,0.10968691855669022,0.10968972511589527
1372,0.10968686640262604,0.10968965969979763
1373,0.10968682169914246,0.10968959458172321
1374,0.10968676954507828,0.10968953043222428
1375,0.1096867173910141,0.10968946717679501
1376,0.10968667268753052,0.10968940429389477
1377,0.10968662798404694,0.10968934208154678
1378,0.10968656837940216,0.10968928068876266
1379,0.10968652367591858,0.1096892199665308
1380,0.109686478972435,0.10968915961682796
1381,0.10968641936779022,0.10968909986317157
1382,0.10968637466430664,0.1096890402585268
1383,0.10968632996082306,0.10968898124992847
1384,0.10968628525733948,0.10968892253935338
1385,0.1096862256526947,0.1096888642758131
1386,0.10968618094921112,0.10968880645930768
1387,0.10968613624572754,0.10968874916434287
1388,0.10968608409166336,0.1096886920183897
1389,0.10968603938817978,0.10968863539397716
1390,0.1096859872341156,0.10968857906758785
1391,0.10968594253063202,0.10968852311372757
1392,0.10968589782714844,0.10968846753239632
1393,0.10968584567308426,0.10968841210007668
1394,0.10968579351902008,0.10968835681676864
1395,0.1096857488155365,0.10968830198049545
1396,0.10968570411205292,0.10968824729323387
1397,0.10968565940856934,0.10968819290399551
1398,0.10968561470508575,0.10968813881278038
1399,0.10968555510044098,0.10968808487057685
1400,0.1096855103969574,0.10968803115189076
1401,0.10968546569347382,0.10968797765672207
1402,0.10968542098999023,0.1096879243850708
1403,0.10968537628650665,0.10968787133693696
1404,0.10968532413244247,0.1096878183633089
1405,0.1096852719783783,0.10968776553869247
1406,0.10968522727489471,0.10968771278858185
1407,0.10968518257141113,0.10968766026198865
1408,0.10968513786792755,0.10968760795891284
1409,0.10968509316444397,0.10968755573034286
1410,0.10968504101037979,0.10968750357627868
1411,0.10968499630689621,0.10968745164573193
1412,0.10968495160341263,0.10968739986419677
1413,0.10968489944934845,0.10968734808266163
1414,0.10968486219644547,0.1096872965246439
1415,0.10968481004238129,0.10968724504113198
1416,0.1096847653388977,0.10968719363212585
1417,0.10968472063541412,0.10968714252114296
1418,0.10968467593193054,0.10968709148466588
1419,0.10968463122844696,0.10968704052269458
1420,0.10968458652496338,0.10968698978424073
1421,0.1096845418214798,0.10968693912029266
1422,0.10968448966741562,0.10968688853085042
1423,0.10968445241451263,0.10968683816492558
1424,0.10968440771102905,0.10968678794801236
1425,0.10968436300754547,0.10968673780560494
1426,0.10968431830406189,0.10968668788671493
1427,0.10968426614999771,0.10968663796782493
1428,0.10968422144651413,0.10968658819794655
1429,0.10968417674303055,0.10968653857707977
1430,0.10968413203954697,0.1096864890307188
1431,0.10968408733606339,0.10968643963336945
1432,0.1096840500831604,0.1096863904595375
1433,0.10968399792909622,0.10968634136021137
1434,0.10968395322561264,0.10968629233539104
1435,0.10968390107154846,0.10968624338507653
1436,0.10968386381864548,0.10968619458377361
1437,0.1096838116645813,0.1096861458569765
1438,0.10968377441167831,0.10968609720468521
1439,0.10968372225761414,0.10968604877591133
1440,0.10968368500471115,0.10968600042164325
1441,0.10968364030122757,0.10968595214188098
1442,0.10968359559774399,0.10968590393662453
1443,0.10968354344367981,0.10968585580587387
1444,0.10968351364135742,0.10968580789864063
1445,0.10968346148729324,0.1096857600659132
1446,0.10968341678380966,0.10968571230769157
1447,0.10968337953090668,0.10968566477298737
1448,0.1096833348274231,0.10968561723828316
1449,0.10968329012393951,0.10968556977808476
1450,0.10968324542045593,0.10968552239239215
1451,0.10968320071697235,0.10968547508120537
1452,0.10968315601348877,0.10968542791903019
1453,0.10968311876058578,0.10968538090586662
1454,0.1096830666065216,0.10968533381819726
1455,0.10968302190303802,0.10968528680503369
1456,0.10968298465013504,0.10968523994088172
1457,0.10968293994665146,0.10968519322574138
1458,0.10968289524316788,0.10968514651060104
1459,0.10968285799026489,0.10968509994447231
1460,0.10968280583620071,0.10968505330383778
1461,0.10968276858329773,0.10968500681221485
1462,0.10968272387981415,0.10968496046960353
1463,0.10968267917633057,0.10968491412699223
1464,0.10968263447284698,0.10968486778438091
1465,0.109682597219944,0.10968482166528702
1466,0.10968255251646042,0.10968477554619312
1467,0.10968251526355743,0.10968472950160503
1468,0.10968247056007385,0.10968468360602855
1469,0.10968242585659027,0.10968463763594627
1470,0.10968238115310669,0.10968459174036979
1471,0.10968233644962311,0.10968454591929913
1472,0.10968229174613953,0.10968450017273426
1473,0.10968224704265594,0.10968445442616939
1474,0.10968220978975296,0.10968440882861615
1475,0.10968217253684998,0.1096843633800745
1476,0.1096821278333664,0.10968431793153285
1477,0.10968208312988281,0.10968427248299122
1478,0.10968203842639923,0.10968422718346119
1479,0.10968199372291565,0.10968418188393116
1480,0.10968195647001266,0.10968413665890693
1481,0.10968191921710968,0.10968409165740013
1482,0.1096818745136261,0.10968404665589332
1483,0.10968182981014252,0.10968400165438652
1484,0.10968178510665894,0.10968395665287972
1485,0.10968174040317535,0.10968391180038452
1486,0.10968170315027237,0.10968386702239513
1487,0.10968166589736938,0.10968382231891155
1488,0.1096816211938858,0.10968377768993377
1489,0.10968157649040222,0.109683733060956
1490,0.10968153178691864,0.10968368850648404
1491,0.10968149453401566,0.10968364402651787
1492,0.10968144237995148,0.1096835994720459
1493,0.10968141257762909,0.10968355514109135
1494,0.10968136787414551,0.10968351088464261
1495,0.10968132317066193,0.10968346662819385
1496,0.10968127846717834,0.10968342237174511
1497,0.10968124121427536,0.10968337818980217
1498,0.10968120396137238,0.10968333408236504
1499,0.1096811592578888,0.10968329012393951
1500,0.10968112200498581,0.1096832462400198
1501,0.10968107730150223,0.10968320235610009
1502,0.10968102514743805,0.10968315839767456
1503,0.10968098789453506,0.10968311451375484
1504,0.10968095064163208,0.10968307077884674
1505,0.1096809059381485,0.10968302711844444
1506,0.10968086123466492,0.10968298345804214
1507,0.10968082398176193,0.10968293987214565
1508,0.10968078672885895,0.10968289636075497
1509,0.10968074202537537,0.10968285284936428
1510,0.10968069732189178,0.1096828094124794
1511,0.1096806526184082,0.10968276597559452
1512,0.10968061536550522,0.10968272261321545
1513,0.10968057066202164,0.10968267932534218
1514,0.10968053340911865,0.10968263603746892
1515,0.10968048870563507,0.10968259282410145
1516,0.10968045145273209,0.10968254968523979
1517,0.1096804141998291,0.10968250662088394
1518,0.10968036204576492,0.10968246348202229
1519,0.10968032479286194,0.10968242041766643
1520,0.10968028008937836,0.10968237735331059
1521,0.10968025028705597,0.10968233443796635
1522,0.10968020558357239,0.10968229159712792
1523,0.1096801608800888,0.10968224868178368
1524,0.10968012362718582,0.10968220584094525
1525,0.10968007892370224,0.10968216300010682
1526,0.10968004167079926,0.10968212023377419
1527,0.10967999696731567,0.10968207754194736
1528,0.10967995971441269,0.10968203492462635
1529,0.1096799224615097,0.10968199238181114
1530,0.10967987775802612,0.10968194983899593
1531,0.10967983305454254,0.10968190729618073
1532,0.10967979580163956,0.10968186475336551
1533,0.10967975854873657,0.10968182235956192
1534,0.10967971384525299,0.10968177996575833
1535,0.10967967659235,0.10968173772096634
1536,0.10967963933944702,0.10968169547617436
1537,0.10967959463596344,0.10968165330588818
1538,0.10967955738306046,0.109681611135602
1539,0.10967951267957687,0.10968156903982162
1540,0.10967947542667389,0.10968152694404125
1541,0.10967943072319031,0.10968148484826087
1542,0.10967940092086792,0.10968144290149212
1543,0.10967935621738434,0.10968140102922916
1544,0.10967931151390076,0.1096813590079546
1545,0.10967928171157837,0.10968131721019744
1546,0.10967923700809479,0.1096812754124403
1547,0.1096791997551918,0.10968123361468315
1548,0.10967915505170822,0.109681191816926
1549,0.10967911034822464,0.10968115001916885
1550,0.10967907309532166,0.10968110829591751
1551,0.10967903584241867,0.10968106664717198
1552,0.10967899858951569,0.10968102507293225
1553,0.1096789538860321,0.10968098342418671
1554,0.10967891663312912,0.10968094192445278
1555,0.10967887938022614,0.10968090049922466
1556,0.10967883467674255,0.10968085899949073
1557,0.10967879742383957,0.10968081757426262
1558,0.10967876017093658,0.1096807762235403
1559,0.1096787229180336,0.10968073487281799
1560,0.10967867821455002,0.10968069359660149
1561,0.10967864096164703,0.10968065232038499
1562,0.10967859625816345,0.10968061104416847
1563,0.10967856645584106,0.10968056991696358
1564,0.10967852175235748,0.10968052878975869
1565,0.1096784844994545,0.10968048766255378
1566,0.10967843979597092,0.10968044653534889
1567,0.10967840254306793,0.109680405408144
1568,0.10967835783958435,0.10968036428093911
1569,0.10967832803726196,0.10968032330274582
1570,0.10967829078435898,0.10968028239905835
1571,0.109678253531456,0.10968024156987667
1572,0.1096782460808754,0.10968020111322403
1573,0.10967826843261719,0.10968016132712365
1574,0.10967863351106644,0.10968012556433678
1575,0.10967938601970673,0.10968009769916534
1576,0.10968029499053955,0.10968007937073708
1577,0.10967884957790375,0.10968004703521729
1578,0.10967931896448135,0.10968001984059811
1579,0.1096787080168724,0.10967998698353768
1580,0.10967903584241867,0.10967995777726174
1581,0.10967867821455002,0.10967992536723614
1582,0.10967837274074554,0.10967989034950733
1583,0.10967866331338882,0.10967985868453979
1584,0.10967845469713211,0.10967982538044453
1585,0.1096782311797142,0.10967979028820991
1586,0.10967843234539032,0.10967975758016109
1587,0.10967838764190674,0.10967972479760647
1588,0.1096782237291336,0.10967969082295895
1589,0.10967810451984406,0.10967965610325336
1590,0.10967811942100525,0.10967962197959423
1591,0.10967805236577988,0.10967958755791188
1592,0.10967788100242615,0.10967955194413662
1593,0.10967783629894257,0.10967951618134976
1594,0.10967780649662018,0.1096794805675745
1595,0.10967773199081421,0.10967944465577602
1596,0.10967758297920227,0.10967940770089626
1597,0.1096775233745575,0.10967937052249908
1598,0.1096775010228157,0.10967933349311351
1599,0.10967736691236496,0.10967929556965827
1600,0.10967734456062317,0.10967925779521465
1601,0.10967731475830078,0.10967922016978264
1602,0.10967719554901123,0.10967918187379837
1603,0.10967718064785004,0.10967914380133152
1604,0.10967712104320526,0.10967910550534725
1605,0.10967704653739929,0.10967906691133976
1606,0.1096770316362381,0.10967902861535549
1607,0.10967696458101273,0.109678990021348
1608,0.10967692732810974,0.10967895142734051
1609,0.10967691242694855,0.10967891313135623
1610,0.10967683792114258,0.10967887453734874
1611,0.10967682301998138,0.10967883624136449
1612,0.10967676341533661,0.10967879772186279
1613,0.10967674106359482,0.10967875942587853
1614,0.10967670381069183,0.10967872112989425
1615,0.10967664420604706,0.10967868268489837
1616,0.10967662185430527,0.10967864438891411
1617,0.10967656970024109,0.10967860594391823
1618,0.1096765398979187,0.10967856772243977
1619,0.10967649519443512,0.10967852942645549
1620,0.10967645049095154,0.10967849113047123
1621,0.10967640578746796,0.10967845268547535
1622,0.10967637598514557,0.10967841438949108
1623,0.10967633128166199,0.10967837609350681
1624,0.109676294028759,0.10967833779752255
1625,0.10967625677585602,0.10967829957604408
1626,0.10967621207237244,0.10967826128005981
1627,0.10967618227005005,0.10967822313308716
1628,0.10967613756656647,0.10967818491160869
1629,0.10967610031366348,0.10967814669013023
1630,0.1096760630607605,0.10967810854315757
1631,0.10967601835727692,0.10967807039618492
1632,0.10967598855495453,0.10967803232371807
1633,0.10967594385147095,0.10967799417674541
1634,0.10967591404914856,0.10967795617878437
1635,0.10967586934566498,0.10967791810631752
1636,0.109675832092762,0.10967788003385066
1637,0.10967579483985901,0.10967784203588962
1638,0.10967576503753662,0.10967780411243438
1639,0.10967572033405304,0.10967776618897915
1640,0.10967568308115005,0.10967772826552391
1641,0.10967564582824707,0.10967769041657448
1642,0.10967560857534409,0.10967765249311924
1643,0.1096755787730217,0.10967761471867561
1644,0.10967554152011871,0.10967757701873779
1645,0.10967549681663513,0.10967753916978835
1646,0.10967545956373215,0.10967750139534474
1647,0.10967542231082916,0.10967746362090111
1648,0.10967537760734558,0.10967742584645748
1649,0.1096753478050232,0.10967738822102546
1650,0.10967530310153961,0.10967735052108765
1651,0.10967525839805603,0.10967731274664402
1652,0.10967522114515305,0.1096772749722004
1653,0.10967517644166946,0.10967723719775677
1654,0.10967512428760529,0.10967719927430153
1655,0.1096750795841217,0.10967716127634049
1656,0.10967503488063812,0.10967712327837945
1657,0.10967498272657394,0.10967708513140678
1658,0.10967493057250977,0.10967704683542251
1659,0.10967487096786499,0.10967700831592082
1660,0.10967481881380081,0.10967696972191333
1661,0.10967475920915604,0.10967693090438843
1662,0.10967469215393066,0.1096768918633461
1663,0.10967463254928589,0.10967685252428055
1664,0.10967457294464111,0.10967681303620339
1665,0.10967450588941574,0.109676773250103
1666,0.10967443883419037,0.10967673324048519
1667,0.1096743643283844,0.10967669285833835
1668,0.10967430472373962,0.10967665232717991
1669,0.10967423766851425,0.10967661142349243
1670,0.10967417061328888,0.10967657022178173
1671,0.10967408865690231,0.1096765285730362
1672,0.10967399924993515,0.10967648610472679
1673,0.10967391729354858,0.1096764425933361
1674,0.10967382043600082,0.10967639446258545
1675,0.10967374593019485,0.10967633806169033
1676,0.10967367887496948,0.10967627190053462
1677,0.10967360436916351,0.10967621944844723
1678,0.10967350006103516,0.10967616125941276
1679,0.10967336595058441,0.10967610783874988
1680,0.10967326164245605,0.10967605009675026
1681,0.10967317223548889,0.10967599503695964
1682,0.10967308282852173,0.1096759421378374
1683,0.10967299342155457,0.10967588543891907
1684,0.10967288166284561,0.1096758297085762
1685,0.10967277735471725,0.10967577517032623
1686,0.1096726804971695,0.10967571765184403
1687,0.10967259109020233,0.10967565968632698
1688,0.10967250168323517,0.109675602465868
1689,0.1096724197268486,0.10967554561793805
1690,0.10967231541872025,0.10967548757791519
1691,0.10967223346233368,0.10967542938888072
1692,0.10967215150594711,0.10967537209391594
1693,0.10967209935188293,0.10967531472444535
1694,0.10967212915420532,0.10967525795102119
1695,0.1096724271774292,0.10967520490288735
1696,0.10967378318309784,0.1096751669049263
1697,0.10967560857534409,0.10967514775693417
1698,0.10967676341533661,0.10967514038085938
1699,0.10967449843883514,0.10967511169612408
1700,0.10968050360679626,0.10967514328658581
1701,0.1096760630607605,0.1096751307696104
1702,0.109676793217659,0.10967512674629688
1703,0.10967513918876648,0.10967510633170605
1704,0.10967472195625305,0.10967508234083652
1705,0.10967522114515305,0.10967506408691406
1706,0.10967434197664261,0.10967503719031811
1707,0.10967634618282318,0.10967503100633622
1708,0.10967423021793365,0.10967500403523445
1709,0.10967491567134857,0.10967498406767845
1710,0.10967442393302917,0.10967495992779731
1711,0.10967376828193665,0.10967492938041687
1712,0.10967430472373962,0.1096749047935009
1713,0.10967354476451874,0.10967487283051014
1714,0.10967354476451874,0.1096748412400484
1715,0.10967324674129486,0.10967480726540088
1716,0.1096736490726471,0.10967477753758431
1717,0.10967310518026352,0.10967474289238453
1718,0.10967276245355606,0.1096747051179409
1719,0.1096729263663292,0.10967466942965984
1720,0.10967276990413666,0.10967463262379169
1721,0.10967245697975159,0.10967459313571454
1722,0.10967257618904114,0.10967455513775348
1723,0.10967230796813965,0.10967451490461827
1724,0.1096721813082695,0.10967447377741336
1725,0.10967205464839935,0.10967443175613881
1726,0.10967213660478592,0.10967439100146294
1727,0.10967175662517548,0.1096743467450142
1728,0.10967192053794861,0.10967430457472802
1729,0.10967172682285309,0.1096742608398199
1730,0.10967159271240234,0.10967421613633632
1731,0.10967160761356354,0.10967417202889919
1732,0.10967150330543518,0.109674127176404
1733,0.10967132449150085,0.1096740809828043
1734,0.10967140644788742,0.10967403590679169
1735,0.1096712201833725,0.10967398941516876
1736,0.1096712201833725,0.10967394329607487
1737,0.10967123508453369,0.10967389769852161
1738,0.10967110097408295,0.10967385105788707
1739,0.10967113077640533,0.1096738051623106
1740,0.10967102646827698,0.10967375859618186
1741,0.1096709817647934,0.10967371195554733
1742,0.10967095196247101,0.1096736653894186
1743,0.10967085510492325,0.10967361815273761
1744,0.10967083275318146,0.10967357106506824
1745,0.10967078804969788,0.10967352397739888
1746,0.1096707209944725,0.10967347659170627
1747,0.10967069864273071,0.10967342935502529
1748,0.10967061668634415,0.10967338174581527
1749,0.10967059433460236,0.10967333421111107
1750,0.10967054963111877,0.10967328667640686
1751,0.1096704974770546,0.10967323906719685
1752,0.10967045277357101,0.10967319138348103
1753,0.10967041552066803,0.10967314377427101
1754,0.10967035591602325,0.10967309609055519
1755,0.10967031866312027,0.10967304848134518
1756,0.10967026650905609,0.10967300079762936
1757,0.1096702367067337,0.10967295333743095
1758,0.10967018455266953,0.10967290587723255
1759,0.10967015475034714,0.10967285871505737
1760,0.10967010259628296,0.1096728115528822
1761,0.10967006534337997,0.10967276461422443
1762,0.1096700131893158,0.10967271782457828
1763,0.10966997593641281,0.10967267125844955
1764,0.10966993868350983,0.10967262491583823
1765,0.10966989398002625,0.10967257879674434
1766,0.10966984182596207,0.10967253282666206
1767,0.10966980457305908,0.10967248722910881
1768,0.1096697449684143,0.10967244163155555
1769,0.10966970026493073,0.10967239625751972
1770,0.10966964066028595,0.10967235095798969
1771,0.10966956615447998,0.10967230573296546
1772,0.10966949164867401,0.10967226065695286
1773,0.10966925323009491,0.10967221401631833
1774,0.10966925323009491,0.10967216834425926
1775,0.10966917872428894,0.10967212267220021
1776,0.10966910421848297,0.10967207692563534
1777,0.10966910421848297,0.10967203192412853
1778,0.10966894030570984,0.10967198632657528
1779,0.10966892540454865,0.10967194192111492
1780,0.10966885089874268,0.10967189781367778
1781,0.10966885089874268,0.10967185460031033
1782,0.10966873168945312,0.10967181108891964
1783,0.10966876149177551,0.10967176876962186
1784,0.10966868698596954,0.10967172682285309
1785,0.10966864228248596,0.10967168547213077
1786,0.10966859757900238,0.10967164464294911
1787,0.1096685528755188,0.10967160426080227
1788,0.10966851562261581,0.10967156440019607
1789,0.10966846346855164,0.10967152483761311
1790,0.10966843366622925,0.1096714860200882
1791,0.10966838896274567,0.10967144757509231
1792,0.10966835916042328,0.10967140965163708
1793,0.1096682995557785,0.10967137165367603
1794,0.10966826975345612,0.10967133305966854
1795,0.10966822504997253,0.10967129103839397
1796,0.10966821014881134,0.1096712353080511
1797,0.10966815054416656,0.10967116072773933
1798,0.10966812819242477,0.10967107437551021
1799,0.10966809093952179,0.10967101030051708
1800,0.1096680536866188,0.1096708858013153
1801,0.10966801643371582,0.10967080533504486
1802,0.10966797918081284,0.1096707171946764
1803,0.10966794192790985,0.10967064522206783
1804,0.10966791212558746,0.10967057712376117
1805,0.10966787487268448,0.10967050366103649
1806,0.1096678376197815,0.10967043861746788
1807,0.1096678078174591,0.10967035323381424
1808,0.10966777056455612,0.10967028863728047
1809,0.10966773331165314,0.10967021681368351
1810,0.10966770350933075,0.10967014960944653
1811,0.10966766625642776,0.10967008858919143
1812,0.10966762900352478,0.10967002183198929
1813,0.10966759920120239,0.10966996237635612
1814,0.10966756194829941,0.10966990254819393
1815,0.10966753214597702,0.10966984540224076
1816,0.10966750234365463,0.10966978393495083
1817,0.10966747999191284,0.10966972768306732
1818,0.10966746509075165,0.10966967470943928
1819,0.10966743528842926,0.10966961979866027
1820,0.10966742038726807,0.10966956630349159
1821,0.10966740548610687,0.10966951578855515
1822,0.10966737568378448,0.10966946378350258
1823,0.10966731607913971,0.10966941386461258
1824,0.10966725647449493,0.10966936461627483
1825,0.10966720432043076,0.10966931611299514
1826,0.10966719686985016,0.1096692667156458
1827,0.10966721177101135,0.10966922126710416
1828,0.10966718196868896,0.10966917388141155
1829,0.10966713726520538,0.10966912798583507
1830,0.10966706275939941,0.10966908268630504
1831,0.10966700315475464,0.10966903664171695
1832,0.10966701060533524,0.10966899171471596
1833,0.10966699570417404,0.10966894842684269
1834,0.10966693609952927,0.1096689037233591
1835,0.10966687649488449,0.10966886028647423
1836,0.1096668541431427,0.10966881662607193
1837,0.1096668466925621,0.10966877274215221
1838,0.10966680943965912,0.10966872982680798
1839,0.10966676473617554,0.10966868616640568
1840,0.10966671258211136,0.10966864302754402
1841,0.10966669023036957,0.10966860011219978
1842,0.10966666787862778,0.10966855727136135
1843,0.10966663807630539,0.10966851510107517
1844,0.1096666157245636,0.10966847293078899
1845,0.10966657102108002,0.10966843076050281
1846,0.10966652631759644,0.10966838881373406
1847,0.10966648906469345,0.10966834671795368
1848,0.10966645926237106,0.10966830514371395
1849,0.10966643691062927,0.10966826356947422
1850,0.10966640710830688,0.1096682221442461
1851,0.1096663698554039,0.1096681808680296
1852,0.10966633260250092,0.10966813966631889
1853,0.10966630280017853,0.109668098539114
1854,0.10966626554727554,0.10966805763542652
1855,0.10966622829437256,0.10966801673173904
1856,0.10966619849205017,0.10966797605156899
1857,0.10966616868972778,0.10966793537139892
1858,0.10966614633798599,0.10966789498925208
1859,0.1096661165356636,0.10966785460710525
1860,0.10966610908508301,0.10966781467199326
1861,0.10966608673334122,0.10966777488589287
1862,0.10966604948043823,0.10966773524880409
1863,0.10966601967811584,0.10966769568622112
1864,0.10966596007347107,0.10966765590012073
1865,0.10966590791940689,0.10966761603951454
1866,0.1096658855676651,0.10966757647693157
1867,0.1096658855676651,0.10966753728687763
1868,0.10966585576534271,0.10966749839484692
1869,0.10966580361127853,0.1096674594283104
1870,0.10966575890779495,0.10966742061078548
1871,0.10966572165489197,0.1096673821657896
1872,0.10966570675373077,0.10966734431684017
1873,0.10966567695140839,0.10966730855405331
1874,0.109665647149086,0.10966727249324322
1875,0.10966560244560242,0.10966723673045635
1876,0.10966556519269943,0.10966720134019851
1877,0.10966552793979645,0.10966716557741166
1878,0.10966549068689346,0.10966713108122349
1879,0.10966547578573227,0.10966709658503532
1880,0.10966545343399048,0.1096670626103878
1881,0.10966543853282928,0.10966702848672867
1882,0.10966545343399048,0.10966699570417404
1883,0.10966549068689346,0.10966696299612522
1884,0.10966591536998749,0.1096669352799654
1885,0.10966586321592331,0.10966690748929978
1886,0.1096671000123024,0.10966689251363278
1887,0.10966581106185913,0.10966686509549618
1888,0.10966618359088898,0.10966684177517891
1889,0.10966584831476212,0.10966681562364101
1890,0.10966584086418152,0.10966678969562053
1891,0.10966573655605316,0.1096667631715536
1892,0.10966569185256958,0.10966673649847508
1893,0.1096653863787651,0.10966670736670495
1894,0.10966562479734421,0.10966668091714382
1895,0.10966531932353973,0.10966665185987949
1896,0.10966542363166809,0.10966662399470806
1897,0.10966530442237854,0.10966659553349017
1898,0.10966518521308899,0.10966656610369682
1899,0.10966522246599197,0.10966653741896153
1900,0.10966512560844421,0.10966650813817978
1901,0.10966500639915466,0.10966647803783416
1902,0.10966501384973526,0.10966644838452339
1903,0.10966496914625168,0.10966641865670682
1904,0.10966482758522034,0.10966638781130314
1905,0.1096649020910263,0.10966635808348656
1906,0.10966475307941437,0.10966632723808288
1907,0.10966477543115616,0.10966629691421986
1908,0.10966472327709198,0.10966626644134521
1909,0.10966463387012482,0.10966623544692994
1910,0.10966461896896362,0.10966620460152626
1911,0.10966457426548004,0.10966617368161678
1912,0.10966455936431885,0.10966614298522473
1913,0.10966446995735168,0.10966611169278621
1914,0.10966446995735168,0.10966608077287673
1915,0.10966440290212631,0.10966604948043823
1916,0.10966440290212631,0.10966601848602295
1917,0.10966433584690094,0.10966598704457282
1918,0.10966430604457855,0.1096659554541111
1919,0.10966428369283676,0.10966592393815518
1920,0.10966422408819199,0.10966589197516441
1921,0.10966420918703079,0.10966586001217365
1922,0.10966414958238602,0.10966582775115967
1923,0.10966412723064423,0.10966579586267472
1924,0.10966408997774124,0.10966576419770718
1925,0.10966406017541885,0.10966573275625706
1926,0.10966402292251587,0.10966570101678372
1927,0.10966398566961288,0.10966566875576973
1928,0.1096639484167099,0.10966563642024994
1929,0.10966391861438751,0.10966560423374176
1930,0.10966387391090393,0.10966557234525681
1931,0.10966384410858154,0.10966554075479508
1932,0.10966381430625916,0.10966550879180431
1933,0.10966377705335617,0.10966547660529613
1934,0.10966374725103378,0.10966544471681118
1935,0.1096637099981308,0.10966541305184364
1936,0.10966368019580841,0.1096653813123703
1937,0.10966365039348602,0.10966534934937953
1938,0.10966362059116364,0.10966531746089458
1939,0.10966358333826065,0.10966528564691544
1940,0.10966355353593826,0.1096652540564537
1941,0.10966351628303528,0.10966522231698037
1942,0.10966348648071289,0.10966519050300122
1943,0.1096634492278099,0.10966515861451626
1944,0.10966342687606812,0.1096651267260313
1945,0.10966338217258453,0.10966509483754634
1946,0.10966335982084274,0.1096650631725788
1947,0.10966332256793976,0.10966503150761127
1948,0.10966329276561737,0.10966499984264373
1949,0.10966325551271439,0.10966496802866459
1950,0.1096632182598114,0.10966493614017964
1951,0.10966318845748901,0.10966490432620049
1952,0.10966314375400543,0.10966487243771553
1953,0.10966311395168304,0.10966484054923058
1954,0.10966306924819946,0.10966480858623981
1955,0.10966303199529648,0.10966477662324906
1956,0.1096629872918129,0.10966474451124668
1957,0.10966294258832932,0.1096647122502327
1958,0.10966290533542633,0.1096646798402071
1959,0.10966286063194275,0.1096646472811699
1960,0.10966281592845917,0.10966461434960366
1961,0.10966277122497559,0.10966458119452
1962,0.109662726521492,0.10966454796493054
1963,0.10966268181800842,0.10966451458632946
1964,0.10966262221336365,0.10966448120772838
1965,0.10966256260871887,0.1096644477546215
1966,0.1096625030040741,0.1096644139289856
1967,0.10966242849826813,0.10966437935829162
1968,0.10966235399246216,0.10966434434056282
1969,0.109662264585495,0.10966430895030499
1970,0.10966217517852783,0.10966427311301231
1971,0.10966208577156067,0.109664236754179
1972,0.1096619963645935,0.10966419965028763
1973,0.10966190695762634,0.10966416195034981
1974,0.10966180264949799,0.10966412350535393
1975,0.10966169834136963,0.1096640844643116
1976,0.10966158658266068,0.10966404467821121
1977,0.10966147482395172,0.10966400414705277
1978,0.10966135561466217,0.10966396279633045
1979,0.10966124385595322,0.10966392047703266
1980,0.10966112464666367,0.10966387718915939
1981,0.10966100543737411,0.10966383285820484
1982,0.10966088622808456,0.10966378718614578
1983,0.10966076701879501,0.1096637399494648
1984,0.10966064035892487,0.10966368719935417
1985,0.10966048389673233,0.10966363340616227
1986,0.1096603125333786,0.10966356553137302
1987,0.10966011136770248,0.10966350853443146
1988,0.10965989530086517,0.10966344565153122
1989,0.10965967178344727,0.10966338388621807
1990,0.10965955257415771,0.10966332100331783
1991,0.10965941101312637,0.10966325774788857
1992,0.10965961217880249,0.1096631969511509
1993,0.10965882986783981,0.10966313138604164
1994,0.1096593588590622,0.10966306872665882
1995,0.1096603125333786,0.10966301865875722
1996,0.10965897142887115,0.10966295413672925
1997,0.10965868830680847,0.10966288797557354
1998,0.10965903103351593,0.10966282643377781
1999,0.1096583753824234,0.10966275796294213
2000,0.10965771228075027,0.10966268382966518
2001,0.10965758562088013,0.10966260962188244
2002,0.10965712368488312,0.10966253072023392
2003,0.10965549945831299,0.10966243602335453
2004,0.10965508967638016,0.10966233864426612
2005,0.10965432226657867,0.10966223284602165
2006,0.10965365171432495,0.10966212183237076
2007,0.10965301841497421,0.10966200426220894
2008,0.10965259373188019,0.10966188296675682
2009,0.10965225100517273,0.1096617591381073
2010,0.10965178906917572,0.10966163083910942
2011,0.10965140163898468,0.10966149911284447
2012,0.10965093225240707,0.10966136284172535
2013,0.1096506267786026,0.10966122440993786
2014,0.10965020954608917,0.10966108180582523
2015,0.10964985191822052,0.10966093629598618
2016,0.10964936763048172,0.10966078594326972
2017,0.10964915156364441,0.10966063410043717
2018,0.10964879393577576,0.10966047897934914
2019,0.10964852571487427,0.10966032139956951
2020,0.10964825004339218,0.10966016165912151
2021,0.1096479743719101,0.10965999931097031
2022,0.10964777320623398,0.10965983554720879
2023,0.10964744538068771,0.10965966872870922
2024,0.10964718461036682,0.10965949967503548
2025,0.10964690148830414,0.10965932808816432
2026,0.10964664816856384,0.10965915434062481
2027,0.10964646935462952,0.10965897917747497
2028,0.10964629054069519,0.10965880259871483
2029,0.10964612662792206,0.10965862467885018
2030,0.1096460223197937,0.10965844616293907
2031,0.10964590311050415,0.1096582667529583
2032,0.1096457913517952,0.10965808652341366
2033,0.10964570194482803,0.10965790577232838
2034,0.10964560508728027,0.10965772435069084
2035,0.10964556038379669,0.1096575428545475
2036,0.10964545607566833,0.1096573606133461
2037,0.10964533686637878,0.10965717747807503
2038,0.10964517295360565,0.10965699300169945
2039,0.10964501649141312,0.10965680733323097
2040,0.10964498668909073,0.10965662166476249
2041,0.10964494943618774,0.10965643599629402
2042,0.10964490473270416,0.10965625017881393
2043,0.10964469611644745,0.10965606264770031
2044,0.1096445620059967,0.10965587399899959
2045,0.10964451730251312,0.10965568535029888
2046,0.10964444279670715,0.10965549618005753
2047,0.1096443235874176,0.10965530619025231
2048,0.10964427143335342,0.10965511597692966
2049,0.10964422672986984,0.10965492568910122
2050,0.10964413732290268,0.10965473487973214
2051,0.10964406281709671,0.10965454362332822
2052,0.10964402556419373,0.1096543524414301
2053,0.10964398086071014,0.10965416111052036
2054,0.10964390635490417,0.10965396948158741
2055,0.10964375734329224,0.10965377673506736
2056,0.10964362323284149,0.10965358309447765
2057,0.10964356362819672,0.10965338930487632
2058,0.10964353382587433,0.1096531955897808
2059,0.10964351147413254,0.10965300209820271
2060,0.10964350402355194,0.10965280897915364
2061,0.10964342206716537,0.10965261548757553
2062,0.10964331775903702,0.10965242139995098
2063,0.10964321345090866,0.10965222671627999
2064,0.10964310169219971,0.10965203151106834
2065,0.10964307188987732,0.10965183660387993
2066,0.10964308679103851,0.10965164244174957
2067,0.10964303463697433,0.10965144850313663
2068,0.10964292287826538,0.10965125419199467
2069,0.10964281857013702,0.10965105973184108
2070,0.10964274406433105,0.10965086542069911
2071,0.10964271426200867,0.1096506717056036
2072,0.10964265465736389,0.1096504782885313
2073,0.10964260995388031,0.10965028531849384
2074,0.10964256525039673,0.10965009294450283
2075,0.10964251309633255,0.10964990109205246
2076,0.10964241623878479,0.1096497093886137
2077,0.1096423864364624,0.10964951850473881
2078,0.10964237153530121,0.1096493286639452
2079,0.10964230448007584,0.10964913927018642
2080,0.10964222252368927,0.10964895024895668
2081,0.10964220762252808,0.10964876227080822
2082,0.10964219272136688,0.10964857533574104
2083,0.10964211821556091,0.10964838884770871
2084,0.10964202880859375,0.1096482027322054
2085,0.10964204370975494,0.10964801833033562
2086,0.10964204370975494,0.10964783564209939
2087,0.10964193195104599,0.10964765384793282
2088,0.10964186489582062,0.10964747354388236
2089,0.1096419095993042,0.10964729592204094
2090,0.10964187979698181,0.10964711919426919
2091,0.10964171588420868,0.10964694224298001
2092,0.10964173823595047,0.10964676350355149
2093,0.10964176058769226,0.10964659281075001
2094,0.10964170098304749,0.10964641623198985
2095,0.10964155197143555,0.10964622862637043
2096,0.1096416786313057,0.10964605569839478
2097,0.10964158922433853,0.10964588470757007
2098,0.10964149236679077,0.10964570932090283
2099,0.10964140295982361,0.10964553959667683
2100,0.10964149236679077,0.10964537739753723
2101,0.10964137315750122,0.10964521527290344
2102,0.10964129865169525,0.10964505702257156
2103,0.10964129865169525,0.10964491501450539
2104,0.10964131355285645,0.10964477725327015
2105,0.10964129865169525,0.10964464701712132
2106,0.10964122414588928,0.10964452274143696
2107,0.10964123904705048,0.10964440494775772
2108,0.10964111983776093,0.10964429020881652
2109,0.1096411719918251,0.10964417941868305
2110,0.10964098572731018,0.1096440713852644
2111,0.10964097082614899,0.10964396707713604
2112,0.109640933573246,0.10964386709034443
2113,0.1096409261226654,0.10964377008378506
2114,0.10964080691337585,0.10964367605745792
2115,0.10964089632034302,0.10964358650147915
2116,0.10964086651802063,0.10964350149035454
2117,0.10964082181453705,0.10964341819286347
2118,0.10964067280292511,0.10964333698153496
2119,0.10964071750640869,0.1096432588994503
2120,0.1096406877040863,0.10964318327605724
2121,0.10964055359363556,0.1096431090682745
2122,0.10964065045118332,0.10964303784072399
2123,0.10964058339595795,0.1096429692208767
2124,0.10964047908782959,0.10964290216565133
2125,0.1096404641866684,0.10964283779263496
2126,0.10964055359363556,0.10964277684688568
2127,0.1096404641866684,0.10964271679520607
2128,0.10964030772447586,0.10964265696704388
2129,0.10964035987854004,0.10964259929955006
2130,0.10964031517505646,0.10964254222810269
2131,0.10964027047157288,0.10964248590171337
2132,0.10964016616344452,0.10964242964982987
2133,0.10964024066925049,0.1096423750370741
2134,0.10964010655879974,0.10964232005178928
2135,0.10964009165763855,0.1096422653645277
2136,0.10964007675647736,0.10964221157133579
2137,0.10964006185531616,0.10964215882122516
2138,0.1096399575471878,0.10964210666716098
2139,0.10963994264602661,0.10964205592870713
2140,0.10963991284370422,0.10964200519025326
2141,0.10963986814022064,0.10964195437729359
2142,0.10963982343673706,0.10964190356433391
2143,0.10963980108499527,0.10964185461401939
2144,0.1096397414803505,0.10964180640876293
2145,0.1096397191286087,0.1096417584270239
2146,0.10963968932628632,0.10964171089231968
2147,0.10963964462280273,0.10964166410267354
2148,0.10963961482048035,0.1096416175365448
2149,0.10963957756757736,0.10964157104492188
2150,0.10963955521583557,0.1096415252238512
2151,0.1096394956111908,0.10964147955179214
2152,0.1096394807100296,0.1096414341032505
2153,0.10963945835828781,0.10964138887822628
2154,0.10963942110538483,0.10964134402573109
2155,0.10963937640190125,0.10964130021631718
2156,0.10963934659957886,0.10964125744998456
2157,0.10963931679725647,0.10964121498167514
2158,0.10963927209377289,0.10964117236435414
2159,0.1096392422914505,0.10964112967252732
2160,0.10963920503854752,0.10964108668267727
2161,0.10963918268680573,0.10964104428887367
2162,0.10963915288448334,0.10964100264012813
2163,0.10963913053274155,0.10964096181094646
2164,0.10963910818099976,0.10964092187583446
2165,0.10963909327983856,0.10964088208973408
2166,0.10963908582925797,0.10964084208011628
2167,0.10963907837867737,0.1096408025175333
2168,0.10963909327983856,0.10964076422154903
2169,0.10963905602693558,0.10964072659611702
2170,0.10963901877403259,0.10964068934321404
2171,0.10963893681764603,0.10964065156877041
2172,0.10963884741067886,0.10964061349630355
2173,0.10963881760835648,0.10964057557284831
2174,0.10963878780603409,0.1096405377984047
2175,0.10963878035545349,0.1096405004709959
2176,0.10963873565196991,0.10964046366512775
2177,0.10963873565196991,0.10964042715728282
2178,0.10963872075080872,0.10964039064943791
2179,0.10963864624500275,0.10964035406708718
2180,0.10963860154151917,0.10964031785726547
2181,0.10963853448629379,0.10964028112590313
2182,0.1096385195851326,0.10964024439454079
2183,0.10963848233222961,0.10964020803570747
2184,0.10963848978281021,0.10964017264544963
2185,0.10963847488164902,0.10964013695716858
2186,0.10963848978281021,0.10964010141789914
2187,0.10963844507932663,0.10964006654918194
2188,0.10963839292526245,0.10964003182947636
2189,0.10963833332061768,0.10963999606668949
2190,0.1096382737159729,0.1096399600058794
2191,0.10963824391365051,0.10963992528617382
2192,0.10963821411132812,0.1096398900449276
2193,0.10963819175958633,0.10963985435664654
2194,0.10963816940784454,0.10963981904089451
2195,0.10963817685842514,0.10963978528976441
2196,0.10963816940784454,0.10963975019752979
2197,0.10963809490203857,0.1096397152543068
2198,0.10963805019855499,0.10963968083262443
2199,0.10963797569274902,0.10963964655995369
2200,0.10963796079158783,0.10963961124420166
2201,0.10963793098926544,0.1096395768225193
2202,0.10963791608810425,0.10963954299688339
2203,0.10963787883520126,0.10963950879871845
2204,0.10963782668113708,0.10963947393000126
2205,0.10963772237300873,0.10963943816721439
2206,0.10963757336139679,0.10963940165936947
2207,0.10963741689920425,0.109639363437891
2208,0.10963720828294754,0.10963932432234287
2209,0.10963708907365799,0.1096392834931612
2210,0.10963699966669083,0.109639243632555
2211,0.10963661968708038,0.10963920012116432
2212,0.10963669419288635,0.10963915772736073
2213,0.10963671654462814,0.10963911563158035
2214,0.10963591933250427,0.10963906675577163
2215,0.10963558405637741,0.10963901363313198
2216,0.1096360981464386,0.10963896594941616
2217,0.1096358448266983,0.10963891617953778
2218,0.10963556170463562,0.10963886506855487
2219,0.10963490605354309,0.10963880695402622
2220,0.10963498055934906,0.10963874988257885
2221,0.1096356138586998,0.10963870048522949
2222,0.10963490605354309,0.10963864304125309
2223,0.10963448137044907,0.10963858202099801
2224,0.1096346378326416,0.10963852360844611
2225,0.10963476449251175,0.10963846661150456
2226,0.10963459312915802,0.10963840700685978
2227,0.10962997376918793,0.10963830210268498
2228,0.10962978005409241,0.10963819682598114
2229,0.10963091999292374,0.10963810242712498
2230,0.10963043570518494,0.10963800363242626
2231,0.10962679237127304,0.10963786885142326
2232,0.10962798446416855,0.10963774703443051
2233,0.10962647199630737,0.10963760934770107
2234,0.10962486267089844,0.10963745690882205
2235,0.10962612926959991,0.10963731728494168
2236,0.10962338745594025,0.1096371503919363
2237,0.10962536931037903,0.10963700346648693
2238,0.1096239909529686,0.10963684380054474
2239,0.10962400585412979,0.10963668443262577
2240,0.10962387919425964,0.10963652409613132
2241,0.10962329804897308,0.10963635839521885
2242,0.10962346196174622,0.10963619478046895
2243,0.10962297022342682,0.10963602647185326
2244,0.10962273925542831,0.10963585644960404
2245,0.10962265729904175,0.10963568583130837
2246,0.10962262749671936,0.1096355152130127
2247,0.10962247848510742,0.10963534355163575
2248,0.1096222996711731,0.10963517040014267
2249,0.10962237417697906,0.10963499836623669
2250,0.10962211340665817,0.10963482394814492
2251,0.10962214320898056,0.1096346504241228
2252,0.10962191224098206,0.10963447473943233
2253,0.1096218004822731,0.10963429816067219
2254,0.10962149500846863,0.10963411889970302
2255,0.10962150990962982,0.1096339402347803
2256,0.10962141305208206,0.10963376089930535
2257,0.10962124913930893,0.10963358022272587
2258,0.1096213310956955,0.1096334008127451
2259,0.10962125658988953,0.10963322095572949
2260,0.10962116718292236,0.10963304057717323
2261,0.1096210703253746,0.10963285945355893
2262,0.10962102562189102,0.109632678180933
2263,0.10962091386318207,0.1096324960142374
2264,0.10962091386318207,0.10963231407105922
2265,0.10962081700563431,0.10963213130831719
2266,0.10962074995040894,0.1096319479495287
2267,0.10962072759866714,0.10963176444172859
2268,0.10962070524692535,0.10963158056139946
2269,0.10962061583995819,0.10963139615952969
2270,0.109620600938797,0.10963121198117733
2271,0.10962054133415222,0.10963102802634239
2272,0.10962049663066864,0.10963084451854228
2273,0.10962045192718506,0.10963066086173058
2274,0.10962040722370148,0.10963047705590726
2275,0.10962037742137909,0.1096302930265665
2276,0.10962033271789551,0.10963010899722576
2277,0.10962028056383133,0.10962992444634438
2278,0.10962025076150894,0.10962973974645138
2279,0.10962021350860596,0.10962955541908741
2280,0.10962018370628357,0.10962937124073506
2281,0.10962015390396118,0.10962918743491173
2282,0.1096201166510582,0.10962900340557098
2283,0.10962007939815521,0.10962881937623024
2284,0.10962004959583282,0.10962863497436047
2285,0.10962000489234924,0.10962845027446746
2286,0.10961998254060745,0.10962826520204544
2287,0.10961994528770447,0.10962808020412922
2288,0.10961990803480148,0.1096278953552246
2289,0.1096198707818985,0.10962771072983742
2290,0.10961984097957611,0.10962752640247345
2291,0.10961981117725372,0.10962734207510948
2292,0.10961977392435074,0.1096271576732397
2293,0.10961974412202835,0.10962697319686412
2294,0.10961971431970596,0.10962678864598274
2295,0.10961967706680298,0.10962660364806652
2296,0.10961964726448059,0.10962641842663289
2297,0.1096196100115776,0.10962623357772827
2298,0.10961958020925522,0.10962604887783528
2299,0.10961954295635223,0.10962586455047131
2300,0.10961951315402985,0.10962568007409573
2301,0.10961948335170746,0.10962549559772014
2302,0.10961945354938507,0.10962531097233295
2303,0.10961942374706268,0.10962512642145157
2304,0.1096193864941597,0.1096249420195818
2305,0.10961934924125671,0.10962475828826428
2306,0.10961931943893433,0.10962457574903965
2307,0.10961929708719254,0.10962439455091953
2308,0.10961925983428955,0.10962421506643295
2309,0.10961923003196716,0.10962403647601604
2310,0.10961920022964478,0.10962385848164559
2311,0.10961916297674179,0.10962368391454219
2312,0.109619140625,0.10962350837886334
2313,0.10961911082267761,0.10962333232164383
2314,0.10961908102035522,0.10962316393852234
2315,0.10961905121803284,0.1096229986101389
2316,0.10961902141571045,0.10962282784283162
2317,0.10961899161338806,0.1096226593106985
2318,0.10961896181106567,0.10962249331176281
2319,0.10961892455816269,0.109622333496809
2320,0.1096188873052597,0.10962217256426811
2321,0.10961886495351791,0.1096220050752163
2322,0.10961883515119553,0.10962184436619282
2323,0.10961880534887314,0.10962168760597706
2324,0.10961878299713135,0.10962152905762196
2325,0.10961874574422836,0.10962136887013912
2326,0.10961871594190598,0.1096212100982666
2327,0.10961868613958359,0.10962109722197055
2328,0.1096186488866806,0.10962098591029644
2329,0.10961862653493881,0.10962086297571659
2330,0.10961858928203583,0.1096207445114851
2331,0.10961855947971344,0.10962066218256951
2332,0.10961852967739105,0.10962056763470172
2333,0.10961849987506866,0.10962048791348934
2334,0.10961847752332687,0.10962042406201362
2335,0.10961844027042389,0.10962034717202186
2336,0.1096184104681015,0.10962029740214348
2337,0.10961838066577911,0.10962022751569749
2338,0.10961835831403732,0.10962017118930817
2339,0.10961832106113434,0.10962011434137821
2340,0.10961829125881195,0.10962005846202373
2341,0.10961826145648956,0.1096200080960989
2342,0.10961823165416718,0.10961995579302311
2343,0.10961820185184479,0.10961990810930729
2344,0.109618179500103,0.10961986251175404
2345,0.10961814969778061,0.10961981743574142
2346,0.10961811244487762,0.109619772285223
2347,0.10961808264255524,0.10961972832679749
2348,0.10961805284023285,0.10961968585848808
2349,0.10961803048849106,0.1096196424216032
2350,0.10961800068616867,0.10961960129439831
2351,0.10961796343326569,0.10961955949664116
2352,0.1096179336309433,0.10961951971054078
2353,0.10961790382862091,0.10961948074400425
2354,0.10961787402629852,0.10961944453418254
2355,0.10961785912513733,0.10961940802633763
2356,0.10961781442165375,0.10961937204003334
2357,0.10961778461933136,0.10961933739483357
2358,0.10961776226758957,0.1096193017065525
2359,0.10961773991584778,0.10961926653981209
2360,0.1096177026629448,0.10961923189461231
2361,0.10961766541004181,0.10961919784545898
2362,0.10961764305830002,0.10961916401982308
2363,0.10961761325597763,0.10961913101375104
2364,0.10961759090423584,0.10961909778416157
2365,0.10961756110191345,0.10961906522512437
2366,0.10961755365133286,0.1096190332621336
2367,0.10961754620075226,0.10961900144815445
2368,0.10961756110191345,0.10961897000670433
2369,0.10961766541004181,0.10961894050240517
2370,0.10961787402629852,0.10961891323328019
2371,0.10961799323558807,0.10961888775229454
2372,0.10961786657571793,0.10961886145174503
2373,0.10961742699146271,0.10961883120238781
2374,0.10961736738681793,0.10961880080401898
2375,0.10961761325597763,0.10961877316236496
2376,0.10961757600307465,0.10961874559521675
2377,0.10961731523275375,0.10961871594190598
2378,0.109617218375206,0.10961868561804294
2379,0.10961729288101196,0.109618656411767
2380,0.10961730033159256,0.1096186275780201
2381,0.10961714386940002,0.10961859747767448
2382,0.10961709916591644,0.10961856730282307
2383,0.10961715877056122,0.10961853809654713
2384,0.10961708426475525,0.10961850844323635
2385,0.10961697995662689,0.10961847819387913
2386,0.10961699485778809,0.10961844831705093
2387,0.10961700975894928,0.10961841896176339
2388,0.1096169650554657,0.10961838953197002
2389,0.10961688309907913,0.10961835965514183
2390,0.10961684584617615,0.10961832970380783
2391,0.10961685329675674,0.10961830012500286
2392,0.10961683094501495,0.1096182706952095
2393,0.10961675643920898,0.10961824081838131
2394,0.1096167266368866,0.10961821094155312
2395,0.1096167117357254,0.10961818128824234
2396,0.10961669683456421,0.10961815178394317
2397,0.10961665213108063,0.10961812220513821
2398,0.10961659997701645,0.10961809240281582
2399,0.10961657017469406,0.10961806267499924
2400,0.10961654782295227,0.10961803302168846
2401,0.10961651802062988,0.10961800336837768
2402,0.1096164807677269,0.1096179736405611
2403,0.10961644351482391,0.10961794383823871
2404,0.10961642861366272,0.10961791425943375
2405,0.10961639881134033,0.10961788475513458
2406,0.10961635410785675,0.10961785510182381
2407,0.10961632430553436,0.10961782537400723
2408,0.10961629450321198,0.10961779572069645
2409,0.10961627215147018,0.10961776614189148
2410,0.1096162348985672,0.1096177364885807
2411,0.10961620509624481,0.10961770690977574
2412,0.10961617529392242,0.10961767725646496
2413,0.10961615294218063,0.10961764767765998
2414,0.10961611568927765,0.10961761802434922
2415,0.10961608588695526,0.10961758837103844
2416,0.10961605608463287,0.10961755871772766
2417,0.10961602628231049,0.10961752906441688
2418,0.1096160039305687,0.10961749948561192
2419,0.10961597412824631,0.10961746998131275
2420,0.10961593687534332,0.10961744047701359
2421,0.10961590707302094,0.10961741089820862
2422,0.10961588472127914,0.10961738139390946
2423,0.10961584746837616,0.10961735181510449
2424,0.10961582511663437,0.10961732223629951
2425,0.10961579531431198,0.10961729273200035
2426,0.109615758061409,0.10961726315319538
2427,0.10961572825908661,0.1096172335743904
2428,0.10961569845676422,0.10961720407009125
2429,0.10961566865444183,0.10961717449128627
2430,0.10961563885211945,0.10961714498698712
2431,0.10961560904979706,0.10961711548268795
2432,0.10961558669805527,0.1096170860528946
2433,0.10961554944515228,0.10961705654859542
2434,0.1096155196428299,0.10961702696979046
2435,0.10961548984050751,0.10961699746549129
2436,0.10961546748876572,0.10961696803569794
2437,0.10961543768644333,0.10961693860590457
2438,0.10961540788412094,0.10961690910160542
2439,0.10961538553237915,0.10961687974631787
2440,0.10961535573005676,0.10961685039103031
2441,0.10961531847715378,0.10961682096123695
2442,0.10961529612541199,0.1096167916059494
2443,0.1096152663230896,0.10961676225066184
2444,0.10961522907018661,0.10961673274636269
2445,0.10961519926786423,0.10961670324206352
2446,0.10961516946554184,0.10961667381227017
2447,0.10961514711380005,0.10961664445698262
2448,0.10961511731147766,0.10961661510169506
2449,0.10961508005857468,0.1096165855973959
2450,0.10961505770683289,0.10961655616760253
2451,0.10961504280567169,0.1096165269613266
2452,0.1096150130033493,0.10961649775505065
2453,0.1096150130033493,0.10961646884679795
2454,0.1096150130033493,0.10961644023656845
2455,0.10961499810218811,0.10961641162633896
2456,0.10961496829986572,0.10961638316512108
2457,0.10961493104696274,0.1096163546293974
2458,0.10961486399173737,0.10961632564663887
2459,0.10961480438709259,0.10961629629135132
2460,0.1096147671341896,0.10961626693606377
2461,0.10961475223302841,0.10961623780429364
2462,0.10961474478244781,0.10961620882153511
2463,0.10961473733186722,0.10961618006229401
2464,0.10961470752954483,0.10961615122854709
2465,0.10961464792490005,0.10961612209677696
2466,0.10961460322141647,0.1096160925924778
2467,0.10961456596851349,0.10961606279015541
2468,0.1096145436167717,0.10961603261530399
2469,0.1096145361661911,0.10961600132286549
2470,0.10961451381444931,0.109615967720747
2471,0.10961448401212692,0.10961593262851238
2472,0.10961444675922394,0.10961589843034744
2473,0.10961440950632095,0.10961586825549602
2474,0.10961437225341797,0.10961583830416202
2475,0.10961434245109558,0.10961580559611321
2476,0.1096143126487732,0.10961577296257019
2477,0.109614297747612,0.10961574278771877
2478,0.10961427539587021,0.10961571335792542
2479,0.10961424559354782,0.10961568288505077
2480,0.10961420834064484,0.1096156519651413
2481,0.10961417108774185,0.10961562223732471
2482,0.10961414128541946,0.10961559265851975
2483,0.10961411148309708,0.10961556218564511
2484,0.10961408913135529,0.1096155322343111
2485,0.1096140593290329,0.10961550302803516
2486,0.10961402952671051,0.10961547337472438
2487,0.10961400717496872,0.10961544334888458
2488,0.10961397737264633,0.10961541347205639
2489,0.10961394011974335,0.10961538404226304
2490,0.10961391031742096,0.10961535468697547
2491,0.10961388051509857,0.10961532495915889
2492,0.10961385816335678,0.10961529523134232
2493,0.1096138283610344,0.10961526595056056
2494,0.1096138060092926,0.10961523674428462
2495,0.10961377620697021,0.10961520738899708
2496,0.10961376130580902,0.10961517803370953
2497,0.10961373150348663,0.10961514882743359
2498,0.10961370170116425,0.10961511984467506
2499,0.10961367189884186,0.10961509086191654
2500,0.10961362719535828,0.1096150616556406
2501,0.10961359739303589,0.10961503244936466
2502,0.1096135675907135,0.10961500331759452
2503,0.10961354523897171,0.10961497433483601
2504,0.10961352288722992,0.10961494527757168
2505,0.10961349308490753,0.10961491622030735
2506,0.10961346328258514,0.10961488731205464
2507,0.10961342602968216,0.10961485832929611
2508,0.10961339622735977,0.10961482934653759
2509,0.10961337387561798,0.10961480036377907
2510,0.1096133440732956,0.10961477145552635
2511,0.1096133142709732,0.10961474254727363
2512,0.10961328446865082,0.10961471363902092
2513,0.10961325466632843,0.1096146846562624
2514,0.10961323231458664,0.10961465582251549
2515,0.10961319506168365,0.10961462691426277
2516,0.10961316525936127,0.10961459800601006
2517,0.10961313545703888,0.10961456909775734
2518,0.10961310565471649,0.10961454011499881
2519,0.1096130907535553,0.10961451128125191
2520,0.10961306095123291,0.10961448252201081
2521,0.10961303859949112,0.1096144538372755
2522,0.10961302369832993,0.10961442522704601
2523,0.10961303114891052,0.10961439706385136
2524,0.10961306095123291,0.10961436942219734
2525,0.10961313545703888,0.10961434282362462
2526,0.10961321741342545,0.10961431741714478
2527,0.1096133142709732,0.10961429327726364
2528,0.10961305350065231,0.10961426682770252
2529,0.109612837433815,0.10961423851549626
2530,0.10961280763149261,0.10961421020328999
2531,0.10961291193962097,0.10961418323218823
2532,0.10961300879716873,0.10961415745317936
2533,0.10961292684078217,0.10961413122713566
2534,0.10961274802684784,0.10961410351097584
2535,0.10961262881755829,0.10961407490074634
2536,0.10961265861988068,0.1096140468120575
2537,0.10961271077394485,0.10961401954293251
2538,0.10961264371871948,0.10961399190127849
2539,0.10961254686117172,0.10961396351456643
2540,0.10961248725652695,0.10961393482983112
2541,0.10961249470710754,0.10961390659213066
2542,0.10961250960826874,0.10961387872695923
2543,0.10961247235536575,0.10961385078728199
2544,0.10961240530014038,0.10961382254958153
2545,0.10961233824491501,0.10961379393935204
2546,0.10961233079433441,0.10961376555263996
2547,0.10961232334375381,0.1096137373149395
2548,0.10961228609085083,0.10961370900273323
2549,0.10961224138736725,0.10961368061602116
2550,0.10961219668388367,0.10961365200579166
2551,0.10961218178272247,0.10961362339556217
2552,0.10961216688156128,0.10961359493434429
2553,0.10961213707923889,0.10961356617510319
2554,0.1096121072769165,0.10961353711783886
2555,0.10961205512285233,0.10961350768804551
2556,0.10961201786994934,0.10961347818374634
2557,0.10961200296878815,0.1096134489029646
2558,0.10961198806762695,0.1096134201437235
2559,0.10961195081472397,0.10961339160799981
2560,0.10961191356182098,0.10961336307227612
2561,0.1096118837594986,0.10961333438754081
2562,0.10961183905601501,0.1096133053302765
2563,0.10961182415485382,0.10961327619850636
2564,0.10961179435253143,0.10961324706673622
2565,0.10961176455020905,0.1096132182329893
2566,0.10961173474788666,0.10961318954825401
2567,0.10961169004440308,0.10961316078901291
2568,0.10961166769266129,0.1096131320297718
2569,0.1096116453409195,0.10961310312151909
2570,0.1096116155385971,0.10961307413876056
2571,0.10961158573627472,0.10961304515600205
2572,0.10961155593395233,0.10961301624774933
2573,0.10961151868104935,0.1096129873394966
2574,0.10961148142814636,0.1096129584312439
2575,0.10961146652698517,0.1096129296720028
2576,0.10961142182350159,0.10961290076375008
2577,0.1096114069223404,0.10961287185549735
2578,0.109611377120018,0.10961284287273884
2579,0.10961133986711502,0.10961281381547451
2580,0.10961131751537323,0.10961278490722179
2581,0.10961128771305084,0.10961275607347488
2582,0.10961125046014786,0.10961272716522216
2583,0.10961122065782547,0.10961269825696945
2584,0.10961119830608368,0.10961266934871673
2585,0.1096111536026001,0.1096126402914524
2586,0.1096111387014389,0.10961261138319969
2587,0.10961110889911652,0.10961258240044117
2588,0.10961107164621353,0.10961255334317684
2589,0.10961104929447174,0.10961252443492413
2590,0.10961101949214935,0.1096124955266714
2591,0.10961098968982697,0.1096124666184187
2592,0.10961095988750458,0.10961243763566017
2593,0.10961093008518219,0.10961240865290164
2594,0.1096109002828598,0.10961237959563733
2595,0.10961087048053741,0.109612350538373
2596,0.10961084067821503,0.10961232133209706
2597,0.10961081087589264,0.10961229212582112
2598,0.10961078107357025,0.10961226291954518
2599,0.10961075872182846,0.10961223378777504
2600,0.10961072146892548,0.10961220473051071
2601,0.10961069166660309,0.10961217567324638
2602,0.1096106693148613,0.10961214669048785
2603,0.1096106469631195,0.10961211770772934
2604,0.10961063206195831,0.10961208879947662
2605,0.10961060971021652,0.10961205996572972
2606,0.10961059480905533,0.10961203128099442
2607,0.10961058735847473,0.10961200289428234
2608,0.10961058735847473,0.1096119748055935
2609,0.10961057245731354,0.10961194679141045
2610,0.10961050540208817,0.10961191840469837
2611,0.10961045324802399,0.10961188979446888
2612,0.10961039364337921,0.10961186088621616
2613,0.10961034148931503,0.10961183175444603
2614,0.10961030423641205,0.10961180247366428
2615,0.10961027443408966,0.10961177326738834
2616,0.10961025208234787,0.10961174413561821
2617,0.10961024463176727,0.1096117152273655
2618,0.10961021482944489,0.10961168631911278
2619,0.1096101850271225,0.10961165726184845
2620,0.10961015522480011,0.10961162820458412
2621,0.10961011797189713,0.10961159899830818
2622,0.10961008071899414,0.10961156956851482
2623,0.10961005091667175,0.10961153976619244
2624,0.10961002111434937,0.1096115093678236
2625,0.10960997641086578,0.10961147777736187
2626,0.1096099466085434,0.10961144506931304
2627,0.10960991680622101,0.10961141109466553
2628,0.10960990190505981,0.1096113795787096
2629,0.10960987210273743,0.10961134992539882
2630,0.10960985720157623,0.10961132042109967
2631,0.10960984230041504,0.1096112897247076
2632,0.10960984975099564,0.10961125813424587
2633,0.10960986465215683,0.10961122751235962
2634,0.10960984230041504,0.10961119845509529
2635,0.10960982739925385,0.10961117044091225
2636,0.10960975289344788,0.10961114138364791
2637,0.1096096932888031,0.1096111112087965
2638,0.10960961878299713,0.10961108095943928
2639,0.10960957407951355,0.1096110512316227
2640,0.10960954427719116,0.10961102180182934
2641,0.10960952937602997,0.10961099214851856
2642,0.10960952192544937,0.10961096227169037
2643,0.10960949957370758,0.10961093254387379
2644,0.10960946977138519,0.10961090318858624
2645,0.10960942506790161,0.1096108740568161
2646,0.10960938036441803,0.10961084455251693
2647,0.10960933566093445,0.10961081467568874
2648,0.10960930585861206,0.10961078487336635
2649,0.10960927605628967,0.10961075522005558
2650,0.10960924625396729,0.10961072571575642
2651,0.1096092239022255,0.10961069613695144
2652,0.1096092015504837,0.10961066648364066
2653,0.10960917174816132,0.1096106368303299
2654,0.10960914194583893,0.10961060717701912
2655,0.10960911214351654,0.10961057774722577
2656,0.10960906744003296,0.1096105482429266
2657,0.10960903763771057,0.10961051858961582
2658,0.10960900038480759,0.10961048871278763
2659,0.1096089705824852,0.10961045891046524
2660,0.10960894078016281,0.10961042918264866
2661,0.10960891842842102,0.10961039952933788
2662,0.10960888117551804,0.10961036995053292
2663,0.10960885137319565,0.10961034022271633
2664,0.10960882157087326,0.10961031049489975
2665,0.10960879921913147,0.10961028084158897
2666,0.10960876941680908,0.1096102511882782
2667,0.1096087396144867,0.10961022168397903
2668,0.1096087098121643,0.10961019210517406
2669,0.10960869491100311,0.1096101626008749
2670,0.10960868000984192,0.10961013324558735
2671,0.10960866510868073,0.10961010403931142
2672,0.10960866510868073,0.10961007513105869
2673,0.10960865020751953,0.1096100464463234
2674,0.10960866510868073,0.10961001828312873
2675,0.10960862040519714,0.10960998982191086
2676,0.10960859060287476,0.10960996150970459
2677,0.10960850119590759,0.10960993245244026
2678,0.10960842669010162,0.1096099029481411
2679,0.10960836708545685,0.10960987322032452
2680,0.10960834473371506,0.10960984349250794
2681,0.10960835218429565,0.10960981413722039
2682,0.10960833728313446,0.10960978500545025
2683,0.10960832238197327,0.10960975602269173
2684,0.10960827767848969,0.10960972681641579
2685,0.10960821807384491,0.10960969746112824
2686,0.10960815846920013,0.10960966765880585
2687,0.10960812866687775,0.10960963785648346
2688,0.10960809886455536,0.10960960812866688
2689,0.10960808396339417,0.1096095784753561
2690,0.10960806906223297,0.10960954897105694
2691,0.10960804671049118,0.10960951954126358
2692,0.10960801690816879,0.10960949011147023
2693,0.10960796475410461,0.10960946045815945
2694,0.10960792005062103,0.10960943065583706
2695,0.10960788279771805,0.10960940077900887
2696,0.10960786044597626,0.10960937097668648
2697,0.10960784554481506,0.1096093413233757
2698,0.10960781574249268,0.10960931167006492
2699,0.10960779339075089,0.10960928201675416
2700,0.1096077561378479,0.10960925236344338
2701,0.10960770398378372,0.10960922248661518
2702,0.10960766673088074,0.10960919246077537
2703,0.10960764437913895,0.10960916243493557
2704,0.10960762202739716,0.10960913233458996
2705,0.10960759222507477,0.10960910215973854
2706,0.10960756987333298,0.10960907191038131
2707,0.10960753262042999,0.10960904136300087
2708,0.10960749536752701,0.10960901044309139
2709,0.10960745811462402,0.1096089792996645
2710,0.10960742831230164,0.10960894852876663
2711,0.10960740596055984,0.10960891805589199
2712,0.10960737615823746,0.10960888788104058
2713,0.10960735380649567,0.10960885800421238
2714,0.10960732400417328,0.10960882820189
2715,0.1096072867512703,0.1096087983250618
2716,0.1096072569489479,0.1096087683737278
2717,0.10960722714662552,0.10960873819887638
2718,0.10960720479488373,0.10960870809853077
2719,0.10960717499256134,0.10960867799818516
2720,0.10960714519023895,0.10960864789783954
2721,0.10960711538791656,0.10960861787199974
2722,0.10960708558559418,0.10960858792066575
2723,0.10960704833269119,0.10960855789482593
2724,0.1096070259809494,0.10960852794349193
2725,0.10960699617862701,0.10960849814116955
2726,0.10960696637630463,0.10960846833884716
2727,0.10960693657398224,0.10960843853652477
2728,0.10960690677165985,0.10960840858519078
2729,0.10960687696933746,0.10960837863385678
2730,0.10960684716701508,0.10960834853351116
2731,0.10960682481527328,0.10960831835865975
2732,0.1096067950129509,0.10960828781127929
2733,0.10960676521062851,0.10960825681686401
2734,0.10960673540830612,0.10960822574794292
2735,0.10960671305656433,0.10960819460451603
2736,0.10960667580366135,0.10960816383361817
2737,0.10960664600133896,0.10960813336074353
2738,0.10960661619901657,0.10960810333490371
2739,0.10960659384727478,0.10960807353258133
2740,0.1096065565943718,0.10960804365575313
2741,0.10960652679204941,0.10960801362991333
2742,0.10960649698972702,0.1096079833805561
2743,0.10960647463798523,0.10960795313119888
2744,0.10960644483566284,0.10960792288184167
2745,0.10960640758275986,0.10960789270699024
2746,0.10960638523101807,0.10960786275565625
2747,0.10960635542869568,0.10960783295333386
2748,0.1096063181757927,0.10960780307650567
2749,0.1096062958240509,0.10960777327418328
2750,0.10960626602172852,0.10960774347186089
2751,0.10960623621940613,0.10960771359503269
2752,0.10960620641708374,0.10960768364369869
2753,0.10960617661476135,0.10960765369236469
2754,0.10960614681243896,0.1096076237410307
2755,0.10960611701011658,0.1096075937896967
2756,0.10960608720779419,0.10960756398737431
2757,0.1096060574054718,0.10960753418505192
2758,0.10960602760314941,0.10960750445723534
2759,0.10960599780082703,0.10960747472941876
2760,0.10960596799850464,0.10960744500160217
2761,0.10960594564676285,0.10960741527378559
2762,0.10960592329502106,0.10960738569498062
2763,0.10960590839385986,0.10960735626518726
2764,0.10960589349269867,0.10960732698440552
2765,0.10960589349269867,0.10960729792714119
2766,0.10960592329502106,0.10960726946592331
2767,0.10960599780082703,0.10960724204778671
2768,0.10960619896650314,0.10960721693933011
2769,0.1096063107252121,0.10960719309747219
2770,0.10960647463798523,0.10960717104375363
2771,0.10960577428340912,0.1096071421355009
2772,0.10960572957992554,0.10960711278021336
2773,0.10960610210895538,0.10960708729922772
2774,0.10960597544908524,0.10960706040263175
2775,0.10960570722818375,0.10960703127086163
2776,0.10960553586483002,0.10960700072348117
2777,0.10960565507411957,0.10960697226226329
2778,0.10960577428340912,0.10960694573819638
2779,0.10960552096366882,0.1096069172769785
2780,0.10960543155670166,0.10960688814520836
2781,0.10960549116134644,0.10960685953497887
2782,0.10960555076599121,0.10960683166980743
2783,0.10960544645786285,0.10960680291056633
2784,0.10960529744625092,0.10960677310824395
2785,0.10960525274276733,0.10960674345493317
2786,0.10960525274276733,0.10960671439766884
2787,0.10960525274276733,0.10960668563842774
2788,0.10960518568754196,0.1096066565066576
2789,0.1096051037311554,0.10960662670433521
2790,0.10960505902767181,0.1096065966039896
2791,0.10960502922534943,0.10960656642913819
2792,0.10960501432418823,0.10960653640329837
2793,0.10960498452186584,0.10960650660097598
2794,0.10960493981838226,0.1096064767986536
2795,0.10960487276315689,0.10960644669830799
2796,0.10960482060909271,0.10960641629993916
2797,0.10960479080677032,0.10960638575255871
2798,0.10960476100444794,0.10960635520517827
2799,0.10960473120212555,0.109606324583292
2800,0.10960468649864197,0.10960629388689995
2801,0.10960467159748077,0.10960626356303692
2802,0.10960463434457779,0.10960623323917389
2803,0.1096046045422554,0.10960620284080505
2804,0.10960452258586884,0.10960617184638977
2805,0.10960444808006287,0.10960614040493966
2806,0.1096043810248375,0.10960610851645469
2807,0.10960431396961212,0.10960607632994651
2808,0.10960426926612854,0.10960604406893254
2809,0.10960422456264496,0.10960601173341274
2810,0.10960420966148376,0.10960597954690457
2811,0.10960422456264496,0.10960594773292541
2812,0.10960424691438675,0.10960591644048691
2813,0.10960428416728973,0.10960588574409486
2814,0.10960409790277481,0.10960585348308087
2815,0.10960392653942108,0.10960581988096237
2816,0.10960384458303452,0.10960578575730323
2817,0.10960382223129272,0.10960575170814991
2818,0.10960383713245392,0.1096057180315256
2819,0.10960383713245392,0.10960568465292454
2820,0.10960374772548676,0.10960565067827702
2821,0.1096036434173584,0.10960561595857143
2822,0.10960353910923004,0.1096055804938078
2823,0.10960346460342407,0.10960554465651512
2824,0.1096034124493599,0.10960550852119923
2825,0.1096034049987793,0.10960547260940075
2826,0.10960336774587631,0.10960543662309646
2827,0.10960328578948975,0.10960540011525154
2828,0.10960320383310318,0.10960536308586598
2829,0.1096031442284584,0.10960532575845719
2830,0.10960310697555542,0.10960528835654258
2831,0.10960309207439423,0.1096052510291338
2832,0.10960301756858826,0.10960521325469016
2833,0.10960295796394348,0.10960517518222332
2834,0.1096029132604599,0.10960513696074486
2835,0.10960287600755692,0.10960509859025479
2836,0.10960283875465393,0.10960506021976471
2837,0.10960280895233154,0.10960502184927463
2838,0.10960277915000916,0.10960498347878456
2839,0.10960273444652557,0.10960494488477707
2840,0.1096026822924614,0.10960490614175797
2841,0.10960263758897781,0.10960486724972725
2842,0.10960260033607483,0.10960482828319072
2843,0.10960258543491364,0.10960478939116002
2844,0.10960254818201065,0.10960475042462349
2845,0.10960251092910767,0.10960471145808696
2846,0.10960246622562408,0.10960467226803303
2847,0.1096024215221405,0.10960463292896748
2848,0.10960239171981812,0.10960459366440772
2849,0.10960236191749573,0.10960455432534218
2850,0.10960233211517334,0.10960451498627663
2851,0.10960230231285095,0.10960447564721107
2852,0.10960225760936737,0.10960443615913391
2853,0.10960222035646439,0.10960439659655094
2854,0.1096021831035614,0.10960435695946216
2855,0.10960215330123901,0.10960431732237338
2856,0.10960211604833603,0.1096042776107788
2857,0.10960209369659424,0.10960423797369004
2858,0.10960205644369125,0.10960419826209546
2859,0.10960202664136887,0.10960415855050087
2860,0.10960200428962708,0.1096041189134121
2861,0.10960196703672409,0.10960407912731171
2862,0.1096019297838211,0.1096040391921997
2863,0.10960189998149872,0.1096039991080761
2864,0.10960185527801514,0.10960395872592926
2865,0.10960182547569275,0.1096039180457592
2866,0.10960179567337036,0.1096038767695427
2867,0.10960175096988678,0.10960383430123329
2868,0.10960172861814499,0.1096037895977497
2869,0.1096016988158226,0.10960374347865581
2870,0.10960167646408081,0.10960369549691677
2871,0.10960164666175842,0.10960365422070026
2872,0.10960163176059723,0.10960361324250698
2873,0.10960159450769424,0.10960356816649437
2874,0.10960154235363007,0.10960352383553981
2875,0.10960149019956589,0.10960348166525363
2876,0.10960139334201813,0.10960344024002552
2877,0.10960125923156738,0.1096033962816
2878,0.10960119962692261,0.10960335053503513
2879,0.10960109531879425,0.10960330627858639
2880,0.10960107296705246,0.1096032626926899
2881,0.10960130393505096,0.10960322082042694
2882,0.10960181057453156,0.10960318341851234
2883,0.109606072306633,0.10960318967700004
2884,0.10961097478866577,0.1096032464504242
2885,0.10960446298122406,0.10960323855280876
2886,0.10960526764392853,0.10960323870182037
2887,0.10960420966148376,0.10960322827100753
2888,0.10960545390844345,0.10960323095321656
2889,0.10960347950458527,0.10960321471095086
2890,0.1096026748418808,0.10960319086909294
2891,0.10960284620523453,0.10960316903889179
2892,0.10960108041763306,0.10960312969982625
2893,0.10960006713867188,0.1096030805259943
2894,0.10960011929273605,0.10960303232073784
2895,0.10959896445274353,0.10960297323763371
2896,0.1095978319644928,0.1096029033511877
2897,0.10959665477275848,0.10960282199084759
2898,0.10959634929895401,0.10960273787379265
2899,0.10959520936012268,0.10960264265537262
2900,0.10959471762180328,0.10960254296660424
2901,0.10959360003471375,0.10960243225097656
2902,0.10959337651729584,0.10960231967270374
2903,0.10959230363368988,0.10960219666361809
2904,0.10959167033433914,0.10960206814110279
2905,0.10959098488092422,0.1096019335091114
2906,0.10959140956401825,0.10960180379450321
2907,0.10959642380475998,0.10960172489285469
2908,0.10960164666175842,0.10960169866681099
2909,0.10959865152835846,0.10960164293646812
2910,0.10959750413894653,0.10960157588124275
2911,0.10959238559007645,0.10960145749151706
2912,0.1095917671918869,0.10960133269429206
2913,0.10960395634174347,0.1096013294160366
2914,0.10959852486848831,0.10960127368569374
2915,0.10958977043628693,0.1096011321246624
2916,0.10959134995937347,0.10960100717842579
2917,0.10959208011627197,0.10960088975727558
2918,0.10959208011627197,0.10960077218711377
2919,0.10959070175886154,0.10960064083337784
2920,0.10958898812532425,0.10960049323737621
2921,0.10958865284919739,0.1096003433316946
2922,0.10958865284919739,0.10960019446909428
2923,0.10958825051784515,0.10960004232823849
2924,0.10958770662546158,0.1095998852699995
2925,0.10958676040172577,0.10959971882402897
2926,0.10958608239889145,0.10959954597055913
2927,0.10958577692508698,0.1095993708819151
2928,0.10958540439605713,0.10959919288754463
2929,0.10958467423915863,0.10959900818765163
2930,0.10958384722471237,0.1095988155901432
2931,0.1095833033323288,0.10959861770272256
2932,0.10958331823348999,0.10959842070937156
2933,0.10958443582057953,0.10959823548793793
2934,0.10959307104349136,0.10959813706576824
2935,0.10960052162408829,0.10959811352193355
2936,0.10959002375602722,0.10959798537194729
2937,0.10958822071552277,0.1095978394895792
2938,0.1095958948135376,0.10959777064621448
2939,0.10958747565746307,0.10959761805832385
2940,0.10958729684352875,0.10959746420383454
2941,0.10958483070135117,0.10959728613495827
2942,0.10958170145750046,0.10959707714617252
2943,0.10958410054445267,0.10959689229726792
2944,0.10958033800125122,0.10959667019546032
2945,0.109580397605896,0.10959644906222821
2946,0.10958380997180939,0.10959626249969005
2947,0.10957957804203033,0.10959603406488895
2948,0.10957621037960052,0.10959577225148678
2949,0.10957811027765274,0.10959552973508835
2950,0.10957475006580353,0.10959525391459465
2951,0.10957711935043335,0.10959500208497047
2952,0.10957558453083038,0.10959473535418511
2953,0.10957308113574982,0.10959444396197796
2954,0.10957350581884384,0.10959415718913078
2955,0.10957197099924088,0.1095938553661108
2956,0.10957140475511551,0.1095935482531786
2957,0.1095716655254364,0.10959324397146702
2958,0.1095704436302185,0.10959292784333229
2959,0.10956990718841553,0.10959260664880276
2960,0.10956917703151703,0.10959227837622165
2961,0.10956868529319763,0.10959194555878639
2962,0.1095687672495842,0.10959161393344402
2963,0.10956788063049316,0.10959127373993396
2964,0.10956748574972153,0.10959093004465104
2965,0.10956738144159317,0.10959058560431004
2966,0.10956688225269318,0.10959023647010327
2967,0.10956692695617676,0.10958988822996617
2968,0.10956647992134094,0.10958953574299812
2969,0.10956603288650513,0.10958917908370495
2970,0.10956573486328125,0.10958881966769696
2971,0.10956544429063797,0.10958845764398575
2972,0.10956525802612305,0.10958809390664101
2973,0.1095651164650917,0.10958772912621498
2974,0.10956486314535141,0.10958736233413219
2975,0.10956469923257828,0.10958699442446232
2976,0.10956442356109619,0.10958662472665309
2977,0.10956421494483948,0.10958625428378582
2978,0.10956404358148575,0.10958588272333145
2979,0.10956396907567978,0.1095855114609003
2980,0.10956380516290665,0.10958513878285885
2981,0.10956364125013351,0.10958476215600968
2982,0.10956347733736038,0.10958437882363796
2983,0.10956332087516785,0.10958395130932332
2984,0.10956320911645889,0.10958347365260124
2985,0.10956311225891113,0.10958306014537811
2986,0.10956297069787979,0.10958263717591762
2987,0.10956282913684845,0.10958222337067128
2988,0.1095626950263977,0.10958179578185082
2989,0.10956257581710815,0.10958138674497604
2990,0.1095624566078186,0.10958098456263542
2991,0.10956233739852905,0.10958057947456837
2992,0.1095622330904007,0.10958019100129604
2993,0.10956209897994995,0.10957981131970883
2994,0.1095619946718216,0.10957943007349968
2995,0.10956188291311264,0.10957905925810336
2996,0.10956177860498428,0.10957869872450829
2997,0.10956167429685593,0.10957834891974925
2998,0.10956156998872757,0.10957800112664699
2999,0.10956146568059921,0.10957766368985176
3000,0.10956136882305145,0.10957733020186425
3001,0.10956127941608429,0.10957700699567795
3002,0.10956117510795593,0.10957668498158454
3003,0.10956107079982758,0.10957637265324592
3004,0.1095639243721962,0.10957609519362449
3005,0.10956220328807831,0.10957580737769604
3006,0.10956257581710815,0.10957551904022694
3007,0.10956305265426636,0.109575185328722
3008,0.10956259071826935,0.10957479476928711
3009,0.109561987221241,0.10957442812621593
3010,0.1095624715089798,0.10957407779991626
3011,0.1095615029335022,0.10957376897335053
3012,0.10956133902072906,0.10957346469163895
3013,0.10956098139286041,0.10957303494215012
3014,0.10956033319234848,0.10957265302538871
3015,0.10956023633480072,0.10957235768437386
3016,0.10956071317195892,0.1095720513164997
3017,0.109560027718544,0.10957173079252243
3018,0.1095595508813858,0.10957140550017357
3019,0.10955998301506042,0.10957109831273555
3020,0.10955958813428879,0.1095708043128252
3021,0.10955920070409775,0.10957050979137421
3022,0.1095593273639679,0.10957021653652191
3023,0.10955902934074402,0.1095699243247509
3024,0.1095588281750679,0.10956963554024696
3025,0.10955898463726044,0.10956935778260231
3026,0.10955880582332611,0.10956908501684666
3027,0.10955861210823059,0.10956881336867809
3028,0.10955852270126343,0.10956854455173015
3029,0.10955843329429626,0.10956828214228154
3030,0.1095583513379097,0.1095680271834135
3031,0.1095581203699112,0.10956777535378932
3032,0.10955804586410522,0.10956752263009548
3033,0.10955802351236343,0.10956725850701332
3034,0.10955791175365448,0.10956690691411496
3035,0.10955782234668732,0.10956647992134094
3036,0.10955772548913956,0.10956615693867207
3037,0.10955764353275299,0.10956585116684436
3038,0.10955755412578583,0.10956546775996685
3039,0.10955743491649628,0.10956516735255718
3040,0.10955736041069031,0.1095648679882288
3041,0.10955727100372314,0.10956459239125252
3042,0.10955718159675598,0.10956434719264507
3043,0.109557144343853,0.10956407763063908
3044,0.10955704748630524,0.10956384472548962
3045,0.10955695062875748,0.10956361025571823
3046,0.1095568910241127,0.10956334106624127
3047,0.10955680906772614,0.10956311337649823
3048,0.10955671966075897,0.10956291846930981
3049,0.109556645154953,0.10956270381808281
3050,0.10955657064914703,0.10956252202391624
3051,0.10955649614334106,0.10956231579184532
3052,0.1095564141869545,0.10956212408840656
3053,0.10955634713172913,0.10956195674836636
3054,0.10955627262592316,0.10956178441643714
3055,0.109556183218956,0.1095616265386343
3056,0.10955612361431122,0.10956147372722626
3057,0.10955604910850525,0.10956131756305694
3058,0.10955596715211868,0.10956117279827594
3059,0.10955590009689331,0.10956103272736073
3060,0.10955582559108734,0.10956089921295643
3061,0.10955575108528137,0.10956076987087726
3062,0.1095556765794754,0.10956063896417617
3063,0.10955561697483063,0.10956051632761955
3064,0.10955554246902466,0.10956039689481259
3065,0.10955546796321869,0.10956027776002884
3066,0.10955539345741272,0.10956016287207604
3067,0.10955532640218735,0.10956004686653614
3068,0.10955525189638138,0.10955993458628654
3069,0.10955517739057541,0.10955982603132725
3070,0.10955511033535004,0.10955971978604793
3071,0.10955503582954407,0.10955961570143699
3072,0.1095549613237381,0.10955951273441315
3073,0.10955490171909332,0.10955941058695316
3074,0.10955482721328735,0.10955931022763252
3075,0.10955475270748138,0.10955921076238155
3076,0.10955468565225601,0.10955911338329315
3077,0.10955461859703064,0.10955901741981507
3078,0.10955454409122467,0.10955892242491246
3079,0.1095544695854187,0.10955882743000984
3080,0.10955440253019333,0.1095587334036827
3081,0.10955432802438736,0.10955864027142524
3082,0.10955426096916199,0.10955854810774326
3083,0.10955417901277542,0.10955845668911934
3084,0.10955411195755005,0.10955836571753025
3085,0.10955402255058289,0.10955827482044697
3086,0.10955394059419632,0.10955818451941013
3087,0.10955384373664856,0.10955809466540814
3088,0.1095537543296814,0.10955800525844098
3089,0.10955366492271423,0.10955791614949703
3090,0.10955357551574707,0.10955782733857632
3091,0.10955348610877991,0.10955773882567882
3092,0.10955339670181274,0.10955765046179294
3093,0.10955330729484558,0.10955756254494191
3094,0.10955322533845901,0.10955747485160827
3095,0.10955314338207245,0.10955738745629788
3096,0.10955308377742767,0.10955730050802232
3097,0.1095530167222023,0.10955721393227577
3098,0.10955294966697693,0.10955712772905826
3099,0.10955288261175156,0.10955704189836979
3100,0.10955282300710678,0.10955695644021034
3101,0.10955275595188141,0.10955687120556831
3102,0.10955269634723663,0.10955678641796113
3103,0.10955263674259186,0.10955670207738877
3104,0.10955257713794708,0.10955658860504627
3105,0.10955251753330231,0.10955649174749851
3106,0.10955244302749634,0.1095563904196024
3107,0.10955237597227097,0.10955628365278244
3108,0.1095522940158844,0.10955618068575859
3109,0.10955222696065903,0.10955608308315277
3110,0.10955216735601425,0.10955598004162312
3111,0.10955210775136948,0.10955588608980178
3112,0.1095520481467247,0.10955579318106175
3113,0.10955198109149933,0.10955570317804814
3114,0.10955192148685455,0.10955561906099319
3115,0.10955186188220978,0.10955553531646728
3116,0.10955178737640381,0.10955544605851174
3117,0.10955172777175903,0.10955536305904388
3118,0.10955166816711426,0.10955528423190117
3119,0.10955159366130829,0.10955520033836365
3120,0.10955154150724411,0.1095551198720932
3121,0.10955147445201874,0.10955504260957241
3122,0.10955141484737396,0.10955496348440646
3123,0.10955137014389038,0.10955488689243793
3124,0.1095513105392456,0.10955481171607971
3125,0.10955125093460083,0.10955473437905311
3126,0.10955119132995605,0.10955465823411942
3127,0.10955111682415009,0.10955458328127861
3128,0.10955106467008591,0.10955450870096684
3129,0.10955099761486053,0.10955443434417247
3130,0.10955093801021576,0.10955436021089554
3131,0.10955087840557098,0.10955428779125213
3132,0.10955080389976501,0.10955421537160874
3133,0.10954757034778595,0.10955411083996296
3134,0.10954296588897705,0.10955396138131618
3135,0.109538733959198,0.10955377049744129
3136,0.10953675955533981,0.10955356083810329
3137,0.10953380167484283,0.10955332241952419
3138,0.10952552407979965,0.10955300211906432
3139,0.10952423512935638,0.10955267012119294
3140,0.10952486097812653,0.10955234512686729
3141,0.10952480137348175,0.10955202043056488
3142,0.10952447354793549,0.10955169335007668
3143,0.1095241904258728,0.10955136381089688
3144,0.10952456295490265,0.10955103896558285
3145,0.10952354967594147,0.10955070495605469
3146,0.10952258110046387,0.1095503618568182
3147,0.10952043533325195,0.10954999811947345
3148,0.10951805859804153,0.10954961150884629
3149,0.10951583832502365,0.10954920344054699
3150,0.10951320081949234,0.10954876974225045
3151,0.10951163619756699,0.1095483211427927
3152,0.10951067507266998,0.10954786375164986
3153,0.10950920730829239,0.10954739235341548
3154,0.10950876027345657,0.10954691722989082
3155,0.10950864106416702,0.10954644180834293
3156,0.10950765758752823,0.10954595714807511
3157,0.10950762033462524,0.10954547286033631
3158,0.10950776189565659,0.10954499080777168
3159,0.10950709879398346,0.10954450279474258
3160,0.109507255256176,0.10954401709139347
3161,0.10950731486082077,0.10954353272914887
3162,0.10950671136379242,0.10954304307699203
3163,0.10950709134340286,0.10954255782067776
3164,0.10950703918933868,0.1095420727878809
3165,0.10950623452663422,0.10954158045351506
3166,0.10950694978237152,0.10954109601676464
3167,0.10950666666030884,0.10954060941934586
3168,0.10950596630573273,0.10954011656343937
3169,0.10950644314289093,0.10953962922096253
3170,0.10950541496276855,0.10953913226723672
3171,0.10950575768947601,0.10953863948583603
3172,0.10950521379709244,0.10953814201056958
3173,0.10950498282909393,0.10953764282166958
3174,0.10950499027967453,0.10953714445233345
3175,0.10950468480587006,0.10953664377331734
3176,0.1095045655965805,0.10953614257276058
3177,0.1095043271780014,0.10953563965857029
3178,0.10950429737567902,0.10953513719141483
3179,0.10950411856174469,0.10953463368117809
3180,0.10950405895709991,0.10953413024544716
3181,0.10950382053852081,0.1095336251705885
3182,0.1095038652420044,0.10953312121331692
3183,0.10950367152690887,0.10953261613845826
3184,0.10950368642807007,0.10953211188316345
3185,0.10950347781181335,0.10953160643577575
3186,0.10950349271297455,0.10953110195696354
3187,0.10950334370136261,0.10953059695661067
3188,0.10950332880020142,0.10953009270131588
3189,0.10950318723917007,0.10952958792448043
3190,0.10950318723917007,0.10952908404171467
3191,0.10950304567813873,0.10952857963740825
3192,0.10950303077697754,0.1095280759781599
3193,0.10950291901826859,0.10952757209539414
3194,0.1095028966665268,0.10952706880867481
3195,0.10950277745723724,0.10952656514942646
3196,0.10950274765491486,0.10952606178820133
3197,0.10950267314910889,0.1095255583524704
3198,0.10950259864330292,0.10952505484223365
3199,0.10950255393981934,0.10952455155551434
3200,0.10950246453285217,0.1095240479707718
3201,0.10950242727994919,0.10952354468405247
3202,0.10950234532356262,0.10952304117381573
3203,0.10950230807065964,0.1095225378870964
3204,0.10950224101543427,0.10952203452587128
3205,0.1095021665096283,0.10952153101563454
3206,0.10950212180614471,0.10952102780342102
3207,0.10950205475091934,0.10952052459120751
3208,0.10950200259685516,0.10952002167701722
3209,0.10950195789337158,0.10951951898634434
3210,0.10950188338756561,0.10951901614665985
3211,0.10950183868408203,0.10951851345598698
3212,0.10950177907943726,0.1095180107653141
3213,0.10950171947479248,0.10951750814914703
3214,0.1095016747713089,0.10951700568199157
3215,0.10950160771608353,0.10951650314033032
3216,0.10950155556201935,0.10951600082218647
3217,0.10950151085853577,0.10951549865305424
3218,0.10950145125389099,0.109514996483922
3219,0.10950140655040741,0.109514494612813
3220,0.10950135439634323,0.10951399274170398
3221,0.10950129479169846,0.10951349094510078
3222,0.10950124263763428,0.10951298922300338
3223,0.1095011979341507,0.10951248750090599
3224,0.10950114578008652,0.1095119858533144
3225,0.10950109362602234,0.10951148428022861
3226,0.10950104147195816,0.10951098278164864
3227,0.10950098931789398,0.10951048150658607
3228,0.1095009446144104,0.10950998030602932
3229,0.10950089246034622,0.10950947925448418
3230,0.10950084030628204,0.10950897827744484
3231,0.10950079560279846,0.10950847744941711
3232,0.10950075089931488,0.10950797691941261
3233,0.1095006987452507,0.10950750820338725
3234,0.10950066149234772,0.10950708515942097
3235,0.10950060933828354,0.10950670391321182
3236,0.10950056463479996,0.10950634196400642
3237,0.10950051248073578,0.10950600907206536
3238,0.1095004677772522,0.10950575850903987
3239,0.10950042307376862,0.109505520388484
3240,0.10950037837028503,0.10950527556240558
3241,0.10950033366680145,0.10950503088533878
3242,0.10950028896331787,0.10950478903949261
3243,0.10950023680925369,0.10950454950332641
3244,0.10950019955635071,0.1095043058693409
3245,0.10950015485286713,0.10950407192111015
3246,0.10950011014938354,0.10950384721159935
3247,0.10950005799531937,0.10950364343822003
3248,0.10950001329183578,0.10950346298515796
3249,0.1094999685883522,0.10950330428779126
3250,0.10949992388486862,0.10950317151844502
3251,0.10949987918138504,0.10950305394828319
3252,0.10949983447790146,0.10950294554233551
3253,0.10949978977441788,0.10950285136699676
3254,0.10949975252151489,0.10950276128947735
3255,0.10949970781803131,0.10950267195701599
3256,0.10949966311454773,0.10950259201228618
3257,0.10949961841106415,0.10950251199305057
3258,0.10949957370758057,0.10950243011116982
3259,0.10949952900409698,0.10950235441327096
3260,0.1094994843006134,0.10950227670371532
3261,0.10949944704771042,0.10950219802558422
3262,0.10949940979480743,0.10950212500989437
3263,0.10949936509132385,0.10950204774737358
3264,0.10949931293725967,0.10950197048485279
3265,0.10949927568435669,0.10950190089643001
3266,0.10949923098087311,0.10950182370841503
3267,0.10949918627738953,0.10950174890458583
3268,0.10949914157390594,0.10950168065726756
3269,0.10949909687042236,0.10950160719454288
3270,0.10949905216693878,0.10950154356658459
3271,0.1094990149140358,0.10950147613883018
3272,0.10949897766113281,0.1095014137774706
3273,0.10949893295764923,0.10950135327875614
3274,0.10949888825416565,0.10950129225850105
3275,0.10949884355068207,0.10950123384594918
3276,0.10949879884719849,0.10950117617845535
3277,0.1094987690448761,0.1095011205971241
3278,0.10949871689081192,0.10950106479227543
3279,0.10949867963790894,0.10950101040303707
3280,0.10949863493442535,0.10950095616281033
3281,0.10949859023094177,0.10950090385973453
3282,0.10949855297803879,0.10950085073709488
3283,0.1094985157251358,0.10950079917907715
3284,0.10949847102165222,0.10950074702501297
3285,0.10949842631816864,0.10950069651007652
3286,0.10949838161468506,0.10950064539909363
3287,0.10949833691120148,0.10950059533119201
3288,0.10949830710887909,0.1095005451142788
3289,0.10949825495481491,0.10950049579143524
3290,0.10949821025133133,0.10950044602155685
3291,0.10949817299842834,0.10950039729475974
3292,0.10949812829494476,0.10950034826993943
3293,0.10949809104204178,0.10950029999017716
3294,0.1094980463385582,0.10950025148689747
3295,0.10949800908565521,0.10950020380318165
3296,0.10949796438217163,0.10950015597045422
3297,0.10949791967868805,0.10950010843575
3298,0.10949787497520447,0.10950006119906902
3299,0.10949783772230148,0.10950001403689384
3300,0.1094978004693985,0.1094999673962593
3301,0.10949775576591492,0.10949992068111897
3302,0.10949771106243134,0.10949987433850765
3303,0.10949766635894775,0.10949982792139053
3304,0.10949762910604477,0.10949978180229664
3305,0.10949759185314178,0.10949973605573177
3306,0.1094975471496582,0.10949969030916691
3307,0.10949750244617462,0.10949964478611945
3308,0.10949746519327164,0.10949959941208362
3309,0.10949742794036865,0.10949955411255359
3310,0.10949738323688507,0.10949950911104679
3311,0.10949733853340149,0.10949946410953998
3312,0.1094973161816597,0.10949941948056222
3313,0.10949727892875671,0.10949937507510185
3314,0.10949722677469254,0.10949933059513568
3315,0.10949718952178955,0.10949928641319275
3316,0.10949714481830597,0.10949924230575561
3317,0.10949711501598358,0.10949919834733009
3318,0.1094970554113388,0.10949915438890458
3319,0.10949702560901642,0.10949911057949066
3320,0.10949696600437164,0.10949906669557094
3321,0.10949692875146866,0.10949902303516865
3322,0.10949688404798508,0.10949897944927216
3323,0.10949684679508209,0.10949893593788147
3324,0.10949680954217911,0.1094988925755024
3325,0.10949677228927612,0.10949884936213493
3326,0.10949674248695374,0.10949880637228489
3327,0.10949669778347015,0.10949876345694065
3328,0.10949666053056717,0.10949872061610222
3329,0.10949660837650299,0.10949867777526379
3330,0.1094965785741806,0.10949863515794277
3331,0.10949652642011642,0.10949859246611596
3332,0.10949648916721344,0.10949854984879494
3333,0.10949643701314926,0.10949850723147392
3334,0.10949639230966568,0.10949846453964711
3335,0.1094963476061821,0.10949842192232609
3336,0.10949630290269852,0.10949837930500507
3337,0.10949626564979553,0.10949833683669567
3338,0.10949622094631195,0.10949829436838626
3339,0.10949619114398956,0.10949825204908847
3340,0.10949614644050598,0.10949820972979069
3341,0.109496109187603,0.1094981674849987
3342,0.10949607193470001,0.10949812531471252
3343,0.10949604958295822,0.10949808344244957
3344,0.10949601233005524,0.10949804157018661
3345,0.10949599742889404,0.10949799999594688
3346,0.10949598252773285,0.10949795871973038
3347,0.10949598252773285,0.10949791796505451
3348,0.10949589312076569,0.10949787676334381
3349,0.10949581861495972,0.10949783526360989
3350,0.10949574410915375,0.10949779346585274
3351,0.10949572175741196,0.10949775189161301
3352,0.10949571430683136,0.1094977106899023
3353,0.10949566215276718,0.1094976694136858
3354,0.10949559509754181,0.10949762783944607
3355,0.10949553549289703,0.10949758611619473
3356,0.10949552059173584,0.1094975446909666
3357,0.10949549823999405,0.10949750348925591
3358,0.10949544608592987,0.1094974622130394
3359,0.1094953864812851,0.10949742078781127
3360,0.10949534177780151,0.10949737936258316
3361,0.10949531197547913,0.10949733801186085
3362,0.10949528217315674,0.10949729673564434
3363,0.10949523746967316,0.10949725545942783
3364,0.10949518531560898,0.10949721418321133
3365,0.1094951406121254,0.10949717283248901
3366,0.10949510335922241,0.10949713155627251
3367,0.10949506610631943,0.1094970903545618
3368,0.10949502140283585,0.1094970491528511
3369,0.10949498414993286,0.10949700802564621
3370,0.10949493199586868,0.1094969668239355
3371,0.1094948947429657,0.10949692562222481
3372,0.10949483513832092,0.10949688419699669
3373,0.10949479788541794,0.10949684284627438
3374,0.10949476063251495,0.10949680157005787
3375,0.10949471592903137,0.10949676029384137
3376,0.10949467122554779,0.10949671901762485
3377,0.1094946339726448,0.10949667766690255
3378,0.10949458926916122,0.10949663639068603
3379,0.10949453711509705,0.10949659496545791
3380,0.10949449241161346,0.1094965535402298
3381,0.10949445515871048,0.10949651218950748
3382,0.1094944030046463,0.10949647068977356
3383,0.10949436575174332,0.10949642919003963
3384,0.10949431359767914,0.1094963876157999
3385,0.10949428379535675,0.10949634619057179
3386,0.10949423164129257,0.10949630469083786
3387,0.10949419438838959,0.10949626326560974
3388,0.109494149684906,0.10949622169137001
3389,0.10949410498142242,0.10949618019163608
3390,0.10949407517910004,0.10949613884091378
3391,0.10949404537677765,0.10949609756469726
3392,0.10949400067329407,0.10949605628848076
3393,0.10949397087097168,0.10949601508677005
3394,0.1094939187169075,0.10949597381055355
3395,0.10949385911226273,0.10949593231081962
3396,0.10949350893497467,0.10949588775634765
3397,0.10949306190013885,0.10949583917856216
3398,0.10949130356311798,0.1094957734644413
3399,0.10948903858661652,0.10949568547308446
3400,0.10948401689529419,0.10949554763734341
3401,0.10946834087371826,0.10949525348842144
3402,0.1094614639878273,0.1094948910176754
3403,0.10932626575231552,0.10949317701160907
3404,0.10766688734292984,0.10947486959397792
3405,0.10767689347267151,0.10945666261017323
3406,0.10767500102519989,0.10943843714892865
3407,0.10767023265361786,0.10942016445100307
3408,0.10766614973545074,0.10940185129642487
3409,0.10766395926475525,0.10938351660966873
3410,0.10766321420669556,0.10936517491936684
3411,0.1076524555683136,0.10934672608971596
3412,0.10765615105628967,0.10932831443846226
3413,0.1076534315943718,0.1093098759651184
3414,0.10765744000673294,0.10929147809743882
3415,0.10765013098716736,0.1092730075120926
3416,0.10764771699905396,0.10925451323390006
3417,0.10764795541763306,0.10923602163791657
3418,0.10764917731285095,0.1092175428569317
3419,0.10764405131340027,0.10919901311397552
3420,0.10764660686254501,0.10918050952255726
3421,0.10764150321483612,0.10916195526719093
3422,0.10764314234256744,0.10914341785013676
3423,0.10764040797948837,0.10912485346198082
3424,0.10763689875602722,0.1091062543541193
3425,0.10763804614543915,0.10908766709268093
3426,0.107635997235775,0.10906905964016915
3427,0.10763504356145859,0.10905044309794903
3428,0.10763360559940338,0.10903181254863739
3429,0.10763175040483475,0.1090131639689207
3430,0.1076304242014885,0.10899450242519379
3431,0.10762995481491089,0.10897583670914174
3432,0.10762713849544525,0.10895714320242406
3433,0.1076255515217781,0.10893843434751034
3434,0.1076233834028244,0.10891970425844193
3435,0.10762029886245728,0.10890094377100468
3436,0.10761059820652008,0.1088820867240429
3437,0.10760891437530518,0.108863213211298
3438,0.10760937631130219,0.10884434476494789
3439,0.10760775208473206,0.10882546037435531
3440,0.10760598629713058,0.10880655877292156
3441,0.10760374367237091,0.10878763511776925
3442,0.10760173201560974,0.10876869171857834
3443,0.1075998917222023,0.10874973013997077
3444,0.10759934782981873,0.10873076349496841
3445,0.10759712010622025,0.10871177472174168
3446,0.10759489238262177,0.10869276382029057
3447,0.10759519040584564,0.10867375589907169
3448,0.107594333589077,0.10865474030375481
3449,0.10758340358734131,0.10863561615347862
3450,0.10758143663406372,0.10861647307872772
3451,0.10757938027381897,0.10859730966389179
3452,0.10758087038993835,0.10857816122472286
3453,0.10758258402347565,0.10855903044342995
3454,0.10757872462272644,0.1085398617386818
3455,0.10757794976234436,0.10852068588137627
3456,0.1075768992304802,0.1085014996677637
3457,0.10757579654455185,0.10848230265080928
3458,0.1075739786028862,0.10846308797597885
3459,0.10757232457399368,0.10844385735690594
3460,0.10757023841142654,0.10842460632324219
3461,0.1075693890452385,0.10840534709393979
3462,0.10756801068782806,0.1083860743790865
3463,0.10756675899028778,0.10836678959429263
3464,0.10756585001945496,0.1083474962413311
3465,0.10756513476371765,0.10832819618284702
3466,0.10756442695856094,0.10830888941884041
3467,0.10756330192089081,0.10828957177698612
3468,0.10756220668554306,0.10827024362981319
3469,0.10756131261587143,0.10825090691447257
3470,0.10755989700555801,0.10823155656456947
3471,0.10755909979343414,0.10821219861507415
3472,0.1075582206249237,0.10819283246994019
3473,0.1075577512383461,0.10817346200346947
3474,0.10755686461925507,0.10815408304333687
3475,0.10755641013383865,0.10813469998538494
3476,0.10755516588687897,0.10811530493199825
3477,0.10755449533462524,0.10809590354561806
3478,0.10755360126495361,0.10807649366557598
3479,0.10755345225334167,0.10805708281695843
3480,0.1075529009103775,0.10803766690194606
3481,0.1075524091720581,0.10801824644207954
3482,0.10755103081464767,0.10799881272017955
3483,0.10755018889904022,0.10797937095165253
3484,0.10754933953285217,0.10795992121100426
3485,0.10754891484975815,0.10794046752154828
3486,0.10754802823066711,0.10792100548744202
3487,0.10754695534706116,0.10790153309702873
3488,0.10754653066396713,0.10788205690681935
3489,0.10754527896642685,0.10786256864666939
3490,0.10754365473985672,0.10784306444227695
3491,0.10754036903381348,0.10782352767884731
3492,0.10753758251667023,0.10780396349728108
3493,0.10753479599952698,0.10778437174856663
3494,0.1075320690870285,0.10776475325226784
3495,0.10752946138381958,0.1077451092749834
3496,0.10752497613430023,0.10772542394697666
3497,0.10752120614051819,0.10770570538938046
3498,0.1075165793299675,0.10768595814704895
3499,0.10751184821128845,0.10766618624329567
3500,0.10750818252563477,0.10764642789959908
3501,0.10750330984592438,0.10762677758932114
3502,0.1074991375207901,0.10760715432465076
3503,0.10749611258506775,0.10758885279297829
3504,0.10750342905521393,0.10758721821010113
3505,0.10750655829906464,0.10758551485836505
3506,0.10750452429056168,0.10758381009101868
3507,0.10750022530555725,0.10758211001753808
3508,0.10749673843383789,0.10758041590452194
3509,0.10749416053295135,0.1075787179172039
3510,0.10749085992574692,0.10757699437439441
3511,0.107490174472332,0.10757537156343461
3512,0.10749022662639618,0.10757371231913566
3513,0.10749097913503647,0.10757208779454232
3514,0.10748952627182007,0.10757040865719318
3515,0.10748875141143799,0.10756879486143589
3516,0.1074867844581604,0.10756718553602695
3517,0.10748571157455444,0.10756556309759617
3518,0.10748244822025299,0.1075638958066702
3519,0.10748416930437088,0.10756229698657989
3520,0.10748091340065002,0.10756064005196095
3521,0.10748172551393509,0.10755904227495193
3522,0.10748086869716644,0.10755741953849793
3523,0.10747870802879333,0.10755580253899097
3524,0.10747721046209335,0.10755420565605163
3525,0.1074766293168068,0.10755259148776532
3526,0.10747438669204712,0.10755097538232804
3527,0.10747382044792175,0.10754936315119266
3528,0.1074724793434143,0.10754775188863278
3529,0.1074652373790741,0.10754608675837517
3530,0.10745855420827866,0.10754436805844307
3531,0.10745608806610107,0.10754262939095498
3532,0.10745614767074585,0.10754091948270798
3533,0.10745620727539062,0.1075392260402441
3534,0.1074535995721817,0.10753752820193768
3535,0.10744939744472504,0.10753581918776035
3536,0.10744626820087433,0.10753417588770389
3537,0.10744461417198181,0.10753253288567066
3538,0.1074434369802475,0.10753087349236011
3539,0.1074424535036087,0.10752922050654888
3540,0.10744097083806992,0.10752757035195827
3541,0.10743981599807739,0.10752593107521534
3542,0.10743838548660278,0.10752429760992527
3543,0.10743696987628937,0.10752266839146614
3544,0.10743515193462372,0.1075210264325142
3545,0.10743358731269836,0.10751939110457898
3546,0.10743217170238495,0.1075177638977766
3547,0.1074305921792984,0.10751611791551113
3548,0.10743038356304169,0.10751447841525077
3549,0.10742992162704468,0.10751294359564781
3550,0.10742964595556259,0.1075114256888628
3551,0.1074286699295044,0.10750991858541965
3552,0.10742801427841187,0.10750839002430439
3553,0.10742703825235367,0.10750683456659317
3554,0.10742659866809845,0.10750531330704689
3555,0.10742577910423279,0.10750379160046578
3556,0.10742492228746414,0.10750227183103561
3557,0.10742388665676117,0.1075007527321577
3558,0.10742317885160446,0.1074992447346449
3559,0.10742244124412537,0.10749774590134621
3560,0.10742209106683731,0.10749626442790032
3561,0.1074216440320015,0.10749478697776794
3562,0.10742126405239105,0.10749331951141357
3563,0.1074206531047821,0.10749185845255851
3564,0.10742014646530151,0.10749040141701699
3565,0.10741959512233734,0.10748894602060317
3566,0.1074192076921463,0.10748749382793904
3567,0.10741882026195526,0.10748604901134967
3568,0.10741854459047318,0.10748461239039898
3569,0.10741816461086273,0.10748318091034889
3570,0.10741778463125229,0.10748175978660583
3571,0.10741741955280304,0.10748034298419952
3572,0.10741696506738663,0.10747893042862415
3573,0.10741665959358215,0.10747751951217652
3574,0.10741628706455231,0.10747611373662949
3575,0.10741598904132843,0.10747470952570438
3576,0.10741567611694336,0.10747331462800502
3577,0.10741536319255829,0.10747192330658435
3578,0.1074150875210762,0.10747053816914559
3579,0.10741475224494934,0.10746915116906167
3580,0.10741446912288666,0.10746776685118675
3581,0.10741420090198517,0.10746638476848602
3582,0.1074138954281807,0.10746501341462135
3583,0.10741358995437622,0.10746364742517471
3584,0.10741335153579712,0.10746228754520416
3585,0.10741309821605682,0.10746092937886714
3586,0.10741279274225235,0.107459577023983
3587,0.10741251707077026,0.10745823264122009
3588,0.10741226375102997,0.10745688997209073
3589,0.10741207003593445,0.1074555578827858
3590,0.10741189122200012,0.10745424024760723
3591,0.10741163790225983,0.1074529529362917
3592,0.1074114441871643,0.10745169155299664
3593,0.10741127282381058,0.10745045632123947
3594,0.10741119831800461,0.10744924761354924
3595,0.10741101950407028,0.10744806319475174
3596,0.10741066187620163,0.10744692005217076
3597,0.10741094499826431,0.10744581744074821
3598,0.10741053521633148,0.10744475699961185
3599,0.1074107363820076,0.10744374588131905
3600,0.10741055756807327,0.10744276963174343
3601,0.10741020739078522,0.10744183860719204
3602,0.10740997642278671,0.10744094699621201
3603,0.10740986466407776,0.1074400845170021
3604,0.10740972310304642,0.10743914745748043
3605,0.10740932822227478,0.10743817515671253
3606,0.10740912705659866,0.1074372211843729
3607,0.10740894079208374,0.10743630833923817
3608,0.10740871727466583,0.10743542812764645
3609,0.10740850865840912,0.10743457160890102
3610,0.10740832984447479,0.1074337463080883
3611,0.10740838944911957,0.10743292845785618
3612,0.1074080616235733,0.10743210680782794
3613,0.1074080765247345,0.10743127778172493
3614,0.1074078381061554,0.10743046090006829
3615,0.10740754008293152,0.10742964878678322
3616,0.10740742832422256,0.10742885522544383
3617,0.107407346367836,0.10742807157337665
3618,0.10740716755390167,0.10742731876671315
3619,0.10740689188241959,0.10742654599249363
3620,0.10740673542022705,0.1074258042126894
3621,0.1074066236615181,0.10742505319416523
3622,0.10740645229816437,0.1074243090301752
3623,0.10740624368190765,0.10742358438670635
3624,0.10740610957145691,0.10742287337779999
3625,0.10740607976913452,0.10742216788232327
3626,0.10740582644939423,0.10742148227989673
3627,0.10740579664707184,0.10742080204188824
3628,0.1074056476354599,0.10742013372480869
3629,0.1074054092168808,0.10741953544318676
3630,0.10740526765584946,0.10741900257766247
3631,0.10740518569946289,0.10741849355399609
3632,0.10740505158901215,0.10741798259317875
3633,0.10740485787391663,0.10741746909916401
3634,0.10740472376346588,0.10741698034107686
3635,0.10740460455417633,0.10741653241217136
3636,0.1074044406414032,0.10741611413657665
3637,0.10740429162979126,0.10741571091115475
3638,0.1074041873216629,0.1074153184145689
3639,0.10740408301353455,0.10741493470966816
3640,0.10740392655134201,0.10741456426680088
3641,0.10740379989147186,0.10741420410573482
3642,0.10740368068218231,0.10741385705769062
3643,0.10740354657173157,0.10741352282464504
3644,0.10740341991186142,0.10741320550441742
3645,0.10740331560373306,0.10741290278732776
3646,0.10740320384502411,0.10741261310875416
3647,0.10740307718515396,0.10741233795881272
3648,0.10740293562412262,0.10741206347942352
3649,0.10740236937999725,0.10741178795695305
3650,0.10740165412425995,0.10741150803864002
3651,0.10740100592374802,0.10741123139858245
3652,0.10740053653717041,0.10741095662117005
3653,0.10740021616220474,0.10741068840026856
3654,0.10740000009536743,0.10741042241454124
3655,0.1073998361825943,0.10741016298532485
3656,0.10739967972040176,0.10740991055965424
3657,0.10739948600530624,0.10740966655313969
3658,0.10739921033382416,0.10740942686796189
3659,0.10739892721176147,0.10740919172763824
3660,0.1073986291885376,0.10740895710885524
3661,0.10739829391241074,0.10740872360765934
3662,0.10739791393280029,0.10740849010646343
3663,0.10739763081073761,0.10740825988352298
3664,0.10739730298519135,0.10740803144872188
3665,0.10739699751138687,0.10740780547261237
3666,0.107396699488163,0.10740758039057255
3667,0.10739649087190628,0.10740735709667205
3668,0.1073961928486824,0.10740713357925415
3669,0.10739593207836151,0.10740691125392914
3670,0.10739564895629883,0.10740668989717961
3671,0.10739537328481674,0.10740646943449975
3672,0.10739506036043167,0.1074062503874302
3673,0.10739479959011078,0.10740603178739548
3674,0.10739452391862869,0.10740581415593624
3675,0.1073942556977272,0.10740559682250023
3676,0.10739399492740631,0.10740538001060486
3677,0.10739372670650482,0.10740516364574432
3678,0.10739348083734512,0.107404947578907
3679,0.10739323496818542,0.10740473240613937
3680,0.10739298164844513,0.10740451753139496
3681,0.10739274322986603,0.10740430295467376
3682,0.10739247500896454,0.1074040887504816
3683,0.10739223659038544,0.1074038752168417
3684,0.10739199817180634,0.10740366168320178
3685,0.10739177465438843,0.1074034484475851
3686,0.10739152878522873,0.10740323580801486
3687,0.10739129781723022,0.10740302361547947
3688,0.10739107429981232,0.10740281172096729
3689,0.10739085078239441,0.1074025995284319
3690,0.10739061236381531,0.10740238673985004
3691,0.1073903888463974,0.10740217424929142
3692,0.10739016532897949,0.10740196146070957
3693,0.10738993436098099,0.10740174807608127
3694,0.10738972574472427,0.10740153335034847
3695,0.10738950967788696,0.10740131825208664
3696,0.10738930106163025,0.10740110464394093
3697,0.10738908499479294,0.10740088604390621
3698,0.10738887637853622,0.10740066945552826
3699,0.10738867521286011,0.10740044884383679
3700,0.1073884591460228,0.10740022785961628
3701,0.10738825798034668,0.10740000836551189
3702,0.10738805681467056,0.10739978916943073
3703,0.10738785564899445,0.1073995690792799
3704,0.10738766193389893,0.10739934846758842
3705,0.1073874682188034,0.1073991298675537
3706,0.10738728195428848,0.10739891141653062
3707,0.10738710314035416,0.10739869304001332
3708,0.10738691687583923,0.10739847503602505
3709,0.10738673806190491,0.10739825733006
3710,0.10738657414913177,0.10739803977310658
3711,0.10738639533519745,0.10739781983196735
3712,0.10738623142242432,0.10739760152995587
3713,0.10738606005907059,0.10739738136529922
3714,0.10738590359687805,0.10739716202020645
3715,0.10738573968410492,0.10739694401621819
3716,0.10738559067249298,0.10739672563970089
3717,0.10738542675971985,0.10739650644361973
3718,0.10738527774810791,0.1073962875455618
3719,0.10738512873649597,0.10739606991410255
3720,0.10738426446914673,0.10739584520459175
3721,0.10738331079483032,0.10739561207592488
3722,0.10738267004489899,0.10739537425339223
3723,0.10738234221935272,0.10739513523876668
3724,0.10738219320774078,0.1073948960751295
3725,0.10738205909729004,0.10739465586841107
3726,0.1073819026350975,0.1073944166302681
3727,0.10738159716129303,0.1073941746354103
3728,0.10738121718168259,0.10739393033087254
3729,0.10738101601600647,0.10739368639886379
3730,0.107386514544487,0.10739349886775017
3731,0.10738575458526611,0.1073933045566082
3732,0.10738295316696167,0.1073930835723877
3733,0.10738112032413483,0.10739284619688988
3734,0.1073826402425766,0.10739262536168098
3735,0.1073823943734169,0.10739240325987338
3736,0.10738062858581543,0.10739216513931751
3737,0.10738003253936768,0.10739192254841327
3738,0.1073794886469841,0.10739167556166648
3739,0.10737989097833633,0.10739143364131451
3740,0.10737909376621246,0.10739118531346321
3741,0.10737842321395874,0.10739093154668808
3742,0.10737788677215576,0.10739067360758782
3743,0.10737711936235428,0.10739040933549404
3744,0.10737691819667816,0.1073901443183422
3745,0.10737688839435577,0.10738988004624844
3746,0.10737645626068115,0.10738961257040501
3747,0.10737583041191101,0.10738934010267258
3748,0.10737545788288116,0.10738906532526016
3749,0.10737483203411102,0.1073887899518013
3750,0.1073746383190155,0.10738851979374886
3751,0.10737472772598267,0.1073882570117712
3752,0.10737393796443939,0.10738799102604389
3753,0.10737410932779312,0.10738772995769978
3754,0.10737344622612,0.1073874644190073
3755,0.10737346112728119,0.10738720066845417
3756,0.10737290978431702,0.10738693296909332
3757,0.10737285017967224,0.10738666661083698
3758,0.10737241804599762,0.10738639868795871
3759,0.10737192630767822,0.10738612867891789
3760,0.10737187415361404,0.10738586112856865
3761,0.10737137496471405,0.10738559193909168
3762,0.10737136006355286,0.1073853264003992
3763,0.10737092047929764,0.1073850592970848
3764,0.10737069696187973,0.1073847932368517
3765,0.10737048089504242,0.10738452807068825
3766,0.10737020522356033,0.10738426312804222
3767,0.10737015306949615,0.10738399975001812
3768,0.10736983269453049,0.1073837361484766
3769,0.10736969113349915,0.10738347373902797
3770,0.10736944526433945,0.10738321170210838
3771,0.10736922919750214,0.10738295026123523
3772,0.10736891627311707,0.10738268882036209
3773,0.10736776888370514,0.10738241851329804
3774,0.1073668897151947,0.1073821421712637
3775,0.10736632347106934,0.10738186284899712
3776,0.1073661670088768,0.10738158456981182
3777,0.10736606270074844,0.10738130792975425
3778,0.1073656976222992,0.1073810300976038
3779,0.10736530274152756,0.10738075077533722
3780,0.10736464709043503,0.10738046742975711
3781,0.10736402869224548,0.10738018028438091
3782,0.1073635146021843,0.10737989068031312
3783,0.10736297070980072,0.10737959802150726
3784,0.10736262798309326,0.10737930431962013
3785,0.10736222565174103,0.10737900882959366
3786,0.10736183077096939,0.10737871184945107
3787,0.10736137628555298,0.1073784126341343
3788,0.10736086964607239,0.10737811058759689
3789,0.10736040771007538,0.1073778061568737
3790,0.10735993087291718,0.10737749934196472
3791,0.10735949873924255,0.10737719044089317
3792,0.10735909640789032,0.10737687975168228
3793,0.10735873132944107,0.10737656772136689
3794,0.10735833644866943,0.10737625382840633
3795,0.1073579490184784,0.10737593822181225
3796,0.10735752433538437,0.10737562045454979
3797,0.10735714435577393,0.1073753010481596
3798,0.10735675692558289,0.10737497985363006
3799,0.10735644400119781,0.10737465754151344
3800,0.10735610127449036,0.10737433396279812
3801,0.10735578835010529,0.1073740092664957
3802,0.10735544562339783,0.10737368315458298
3803,0.10735508799552917,0.10737335547804833
3804,0.10735365748405457,0.10737301543354988
3805,0.10735249519348145,0.10737266570329666
3806,0.10735180974006653,0.10737231098115445
3807,0.10735158622264862,0.1073719558119774
3808,0.10735119134187698,0.10737159855663776
3809,0.10735052078962326,0.10737123638391495
3810,0.10734961926937103,0.10737086683511735
3811,0.10734874755144119,0.10737049035727977
3812,0.10734819620847702,0.10737011000514031
3813,0.1073475107550621,0.10736972451210022
3814,0.10734687000513077,0.10736933417618275
3815,0.10734647512435913,0.1073689415305853
3816,0.10734571516513824,0.10736854277551174
3817,0.10734490305185318,0.10736813753843308
3818,0.10734425485134125,0.10736772730946541
3819,0.10734347254037857,0.10736731074750423
3820,0.10734270513057709,0.10736689515411854
3821,0.10734211653470993,0.10736648321151733
3822,0.10734133422374725,0.10736606985330582
3823,0.10734052956104279,0.10736565172672272
3824,0.10733966529369354,0.10736522644758224
3825,0.10733868926763535,0.1073647927492857
3826,0.10733764618635178,0.10736435018479824
3827,0.10733655840158463,0.10736389979720115
3828,0.10733533650636673,0.10736344099044799
3829,0.10733397305011749,0.10736297056078911
3830,0.10733261704444885,0.10736243158578873
3831,0.10733112692832947,0.10736188530921936
3832,0.10732961446046829,0.10736135192215443
3833,0.10732809454202652,0.10736082166433335
3834,0.10732655972242355,0.1073602608591318
3835,0.10732490569353104,0.10735968597233296
3836,0.10732326656579971,0.1073591123521328
3837,0.10732153058052063,0.10735852733254432
3838,0.10732032358646393,0.10735793568193913
3839,0.10731824487447739,0.10735731922090054
3840,0.10731616616249084,0.10735668994486332
3841,0.10731305181980133,0.10735603623092174
3842,0.1073109433054924,0.10735536679625511
3843,0.10730841010808945,0.10735467970371246
3844,0.1073073297739029,0.10735398381948472
3845,0.10730519890785217,0.10735326692461968
3846,0.1073024570941925,0.10735252693295479
3847,0.10730127990245819,0.10735178142786025
3848,0.1072995737195015,0.10735102258622646
3849,0.10729743540287018,0.10735024861991406
3850,0.10729500651359558,0.10734945230185985
3851,0.10729463398456573,0.10734865136444569
3852,0.10729669034481049,0.1073478788882494
3853,0.10729929804801941,0.10734713077545166
3854,0.1072910875082016,0.10734630718827248
3855,0.10729184746742249,0.10734549105167389
3856,0.10728910565376282,0.10734465301036834
3857,0.10728936642408371,0.10734381817281247
3858,0.10728522390127182,0.1073429462313652
3859,0.10728339850902557,0.10734206095337867
3860,0.10728435963392258,0.10734118580818176
3861,0.10728338360786438,0.10734030589461327
3862,0.10727986693382263,0.10733939096331596
3863,0.10727795958518982,0.10733846135437489
3864,0.10727477073669434,0.10733750209212303
3865,0.10727611184120178,0.10733655840158463
3866,0.10727259516716003,0.10733558230102062
3867,0.10727012157440186,0.10733458198606968
3868,0.10726896673440933,0.10733357332646846
3869,0.10726913064718246,0.10733256772160531
3870,0.10726647078990936,0.107331537976861
3871,0.10726415365934372,0.10733048722147942
3872,0.1072641983628273,0.10732944004237652
3873,0.10726220160722733,0.10732838436961174
3874,0.10726045817136765,0.10732732005417348
3875,0.10725957900285721,0.10732625260949134
3876,0.10725900530815125,0.10732518099248409
3877,0.1072569340467453,0.10732408970594406
3878,0.10725575685501099,0.10732299029827118
3879,0.1072552353143692,0.10732188962399959
3880,0.10725369304418564,0.1073207800835371
3881,0.10725273936986923,0.10731966719031334
3882,0.10725200921297073,0.1073185521364212
3883,0.10725121200084686,0.10731743454933167
3884,0.10724978893995285,0.10731630615890025
3885,0.10724900662899017,0.10731517396867275
3886,0.1072484478354454,0.10731404013931752
3887,0.10724741965532303,0.10731290057301521
3888,0.10724657773971558,0.10731175765395165
3889,0.1072457879781723,0.10731061145663262
3890,0.10724472999572754,0.10730945944786072
3891,0.107243612408638,0.10730830058455468
3892,0.10724218189716339,0.10730713143944741
3893,0.10724050551652908,0.10730594918131828
3894,0.10723831504583359,0.10730474896728992
3895,0.10723613947629929,0.10730353087186813
3896,0.10723304748535156,0.10730228610336781
3897,0.10722997784614563,0.10730101443827152
3898,0.10722622275352478,0.10729970909655094
3899,0.1072213351726532,0.1072983580082655
3900,0.10721689462661743,0.10729696594178677
3901,0.10721302032470703,0.10729553826153278
3902,0.10720972716808319,0.10729408107697963
3903,0.10720628499984741,0.10729259304702282
3904,0.10720311850309372,0.10729108765721321
3905,0.10719997435808182,0.10728956244885922
3906,0.10719669610261917,0.10728801131248474
3907,0.10719488561153412,0.1072864443063736
3908,0.10719221830368042,0.10728485457599163
3909,0.10718987882137299,0.10728324815630913
3910,0.1071876585483551,0.10728162854909896
3911,0.10718486458063126,0.10727998971939087
3912,0.10718262195587158,0.10727833397686481
3913,0.10718037933111191,0.10727666266262531
3914,0.10717758536338806,0.10727496981620789
3915,0.10717561841011047,0.1072732612490654
3916,0.10717490315437317,0.10727155312895775
3917,0.10717250406742096,0.10726982913911343
3918,0.1071697473526001,0.10726808406412601
3919,0.10716919600963593,0.10726634129881858
3920,0.10716839134693146,0.10726459816098213
3921,0.10716785490512848,0.10726285554468631
3922,0.1071668416261673,0.10726111061871052
3923,0.10716374218463898,0.10725934274494647
3924,0.10716328024864197,0.10725757889449597
3925,0.10716141015291214,0.10725580610334873
3926,0.10716091096401215,0.10725403875112534
3927,0.10715983808040619,0.10725227154791356
3928,0.10715842247009277,0.10725050240755081
3929,0.10715802013874054,0.10724874287843704
3930,0.10715650767087936,0.10724698178470135
3931,0.1071559488773346,0.1072452300041914
3932,0.1071549728512764,0.10724348358809949
3933,0.10715405642986298,0.10724174320697784
3934,0.10715337097644806,0.10724001131951809
3935,0.10715283453464508,0.10723829060792923
3936,0.10715183615684509,0.10723657630383969
3937,0.10715131461620331,0.10723487414419651
3938,0.10715067386627197,0.1072331776469946
3939,0.1071498766541481,0.1072314939647913
3940,0.10714928060770035,0.10722982510924339
3941,0.10714870691299438,0.10722818166017532
3942,0.1071481704711914,0.10722655393183231
3943,0.1071476861834526,0.10722494669258595
3944,0.10714706778526306,0.10722334407269955
3945,0.1071465015411377,0.10722175709903241
3946,0.10714606940746307,0.10722019322216511
3947,0.10714550316333771,0.1072186354547739
3948,0.10714505612850189,0.1072170902788639
3949,0.1071445643901825,0.10721556156873703
3950,0.10714402049779892,0.10721405170857906
3951,0.10714362561702728,0.10721254162490368
3952,0.1071430891752243,0.10721100561320782
3953,0.10714265704154968,0.10720943920314312
3954,0.10714221000671387,0.10720795042812824
3955,0.10714175552129745,0.10720644950866699
3956,0.10714131593704224,0.10720497161149979
3957,0.10714091360569,0.10720348708331585
3958,0.10714055597782135,0.10720204040408135
3959,0.10714009404182434,0.10720060735940934
3960,0.10713968425989151,0.10719916060566902
3961,0.10713934153318405,0.10719772018492221
3962,0.10713894665241241,0.10719631098210812
3963,0.10713855922222137,0.10719491697847844
3964,0.10713815689086914,0.10719355084002018
3965,0.1071377545595169,0.10719216726720333
3966,0.10713735222816467,0.10719081483781338
3967,0.10713702440261841,0.10718948386609554
3968,0.10713666677474976,0.10718816086649895
3969,0.10713623464107513,0.10718683190643788
3970,0.10713590681552887,0.10718552626669407
3971,0.1071355789899826,0.10718424052000046
3972,0.10713520646095276,0.10718295060098171
3973,0.1071348637342453,0.10718167722225189
3974,0.10713450610637665,0.10718041770160198
3975,0.10713416337966919,0.1071791635453701
3976,0.10713377594947815,0.10717791125178337
3977,0.10713355243206024,0.10717667743563652
3978,0.10713325440883636,0.10717545241117478
3979,0.10713286697864532,0.10717422872781754
3980,0.10713246464729309,0.1071730164438486
3981,0.1071322113275528,0.10717181116342545
3982,0.10713189095258713,0.1071706099808216
3983,0.10713155567646027,0.10716941341757774
3984,0.10713125020265579,0.10716822803020477
3985,0.10713095963001251,0.107167047560215
3986,0.10713065415620804,0.10716586962342262
3987,0.10713032633066177,0.10716469869017602
3988,0.1071300059556961,0.10716353297233581
3989,0.10712970793247223,0.10716237217187881
3990,0.10712940245866776,0.10716121889650822
3991,0.10712908208370209,0.10716007359325885
3992,0.10712876915931702,0.1071589394658804
3993,0.10712847113609314,0.10715781912207603
3994,0.10712815821170807,0.10715671755373478
3995,0.10712787508964539,0.10715563490986824
3996,0.1071275845170021,0.10715458028018475
3997,0.10712727904319763,0.10715355329215527
3998,0.10712698101997375,0.10715256087481975
3999,0.10712668299674988,0.10715161435306073
4000,0.107126384973526,0.10715070925652981
4001,0.1071261465549469,0.10714984051883221
4002,0.10712586343288422,0.10714900188148022
4003,0.10712556540966034,0.10714819468557835
4004,0.10712531208992004,0.10714741662144661
4005,0.10712502896785736,0.10714666716754437
4006,0.10712475329637527,0.10714594773948193
4007,0.10712451487779617,0.10714524403214455
4008,0.10712423175573349,0.10714456416666508
4009,0.1071239560842514,0.10714390493929386
4010,0.10712370276451111,0.10714326538145542
4011,0.10712341964244843,0.10714265093207359
4012,0.10712316632270813,0.10714205637574196
4013,0.10712286829948425,0.10714148126542568
4014,0.1071227490901947,0.10714093290269375
4015,0.1071225106716156,0.1071404018253088
4016,0.10712214559316635,0.10713987424969673
4017,0.10712190717458725,0.1071393682807684
4018,0.10712170600891113,0.1071388878673315
4019,0.10712143033742905,0.10713841021060944
4020,0.10712116956710815,0.1071379379928112
4021,0.10712093114852905,0.10713746875524521
4022,0.10712069272994995,0.10713700726628303
4023,0.10712040215730667,0.10713657386600971
4024,0.10712020099163055,0.1071361430734396
4025,0.10711991041898727,0.10713572807610035
4026,0.10711969435214996,0.10713531590998172
4027,0.10711939632892609,0.10713491149246693
4028,0.10711916536092758,0.10713451892137528
4029,0.1071188822388649,0.10713412754237651
4030,0.1071186512708664,0.1071337489783764
4031,0.10711836814880371,0.10713337317109108
4032,0.1071181446313858,0.10713300488889217
4033,0.10711786150932312,0.10713264293968677
4034,0.10711760818958282,0.10713228531181812
4035,0.10711735486984253,0.1071319305151701
4036,0.10711713135242462,0.1071315834671259
4037,0.10711689293384552,0.10713123925030231
4038,0.10711660236120224,0.10713089853525162
4039,0.1071164458990097,0.10713056422770023
4040,0.10711617767810822,0.10713023319840431
4041,0.10711600631475449,0.10712990619242191
4042,0.10711565613746643,0.10712958104908467
4043,0.10711546242237091,0.10712925881147385
4044,0.10711514204740524,0.10712893955409526
4045,0.10711494833230972,0.10712862402200699
4046,0.10711465775966644,0.10712830990552902
4047,0.10711447149515152,0.10712799958884717
4048,0.10711419582366943,0.10712769098579883
4049,0.10711400210857391,0.10712738536298275
4050,0.10711371898651123,0.10712708234786987
4051,0.10711349546909332,0.10712678104639053
4052,0.10711323469877243,0.10712648250162601
4053,0.10711301863193512,0.10712618611752987
4054,0.10711276531219482,0.10712589167058467
4055,0.10711254179477692,0.10712559953331947
4056,0.10711228847503662,0.10712530925869941
4057,0.10711205005645752,0.1071250206232071
4058,0.10711181163787842,0.10712473317980767
4059,0.10711155831813812,0.1071244478225708
4060,0.10711131989955902,0.10712416417896747
4061,0.10711108148097992,0.10712388157844543
4062,0.10711083561182022,0.10712360046803951
4063,0.10711059719324112,0.10712332084774971
4064,0.10711036622524261,0.10712304294109344
4065,0.10711012035608292,0.1071227665990591
4066,0.10710985958576202,0.10712249167263507
4067,0.10710962116718292,0.10712221764028072
4068,0.10710938274860382,0.10712194480001927
4069,0.10710912942886353,0.10712167374789715
4070,0.10710889101028442,0.1071214035898447
4071,0.10710865259170532,0.10712113432586193
4072,0.10710839182138443,0.10712086617946624
4073,0.10710813850164413,0.10712059892714024
4074,0.10710787028074265,0.1071203325688839
4075,0.10710760205984116,0.10712006695568561
4076,0.10710732638835907,0.10711980246007442
4077,0.10710704326629639,0.10711953736841678
4078,0.1071067824959755,0.10711927264928818
4079,0.1071065366268158,0.10711900934576989
4080,0.10710623860359192,0.10711874708533287
4081,0.10710594058036804,0.10711848437786102
4082,0.10710571706295013,0.10711822263896466
4083,0.10710546374320984,0.10711796171963214
4084,0.10710513591766357,0.10711770057678223
4085,0.1071048229932785,0.10711743921041489
4086,0.10710450261831284,0.10711717769503594
4087,0.10710421204566956,0.10711691655218601
4088,0.10710391402244568,0.10711665563285351
4089,0.10710360109806061,0.10711639456450939
4090,0.10710325837135315,0.10711613312363624
4091,0.10710292309522629,0.10711587153375149
4092,0.10710255801677704,0.10711560942232609
4093,0.107102170586586,0.10711534641683101
4094,0.10710177570581436,0.10711508259177208
4095,0.10710132122039795,0.10711481705307961
4096,0.10710084438323975,0.10711454965174198
4097,0.10710019618272781,0.10711427882313729
4098,0.10709971189498901,0.10711400613188743
4099,0.10709904879331589,0.10711372978985309
4100,0.1070985496044159,0.107113451436162
4101,0.10709750652313232,0.10711316503584385
4102,0.1070968359708786,0.10711287476122379
4103,0.10709545016288757,0.10711257360875606
4104,0.10709445923566818,0.10711226508021354
4105,0.10709300637245178,0.1071119448542595
4106,0.10709168016910553,0.1071116141229868
4107,0.10709013044834137,0.10711127027869224
4108,0.10708825290203094,0.10711091049015523
4109,0.10708637535572052,0.1071105346828699
4110,0.10708409547805786,0.10711013861000537
4111,0.10708139836788177,0.10710971839725972
4112,0.107078418135643,0.10710927091538906
4113,0.10707486420869827,0.1071087908744812
4114,0.10707107186317444,0.10710827410221099
4115,0.1070673018693924,0.10710772201418876
4116,0.10706336051225662,0.10710713416337966
4117,0.1070592999458313,0.10710650809109211
4118,0.10705594718456268,0.10710585050284863
4119,0.10705307126045227,0.10710516691207886
4120,0.1070505827665329,0.1071044610440731
4121,0.1070479154586792,0.1071037308871746
4122,0.10704531520605087,0.10710297711193562
4123,0.10704314708709717,0.10710220456123352
4124,0.10704094171524048,0.10710141196846962
4125,0.10703858733177185,0.10710059873759746
4126,0.10703659057617188,0.10709976769983769
4127,0.10703448206186295,0.10709891855716705
4128,0.10703296959400177,0.1070980565994978
4129,0.1070314571261406,0.10709718234837055
4130,0.10703006386756897,0.10709629647433758
4131,0.10702866315841675,0.1070953994244337
4132,0.10702766478061676,0.10709449462592602
4133,0.10702667385339737,0.10709358274936676
4134,0.10702572762966156,0.10709266394376754
4135,0.10702505707740784,0.1070917409658432
4136,0.10702396929264069,0.10709080934524536
4137,0.10702323168516159,0.10708987273275852
4138,0.10702235996723175,0.10708893030881882
4139,0.10702046751976013,0.10708797052502632
4140,0.10703869163990021,0.10708719566464424
4141,0.10703684389591217,0.10708640404045582
4142,0.10702600330114365,0.10708550751209259
4143,0.10702773183584213,0.1070846302062273
4144,0.10703065991401672,0.10708378538489342
4145,0.10702218860387802,0.1070828577876091
4146,0.1070205569267273,0.10708191677927971
4147,0.1070231944322586,0.10708100400865078
4148,0.10702324658632278,0.10708009451627731
4149,0.10702168941497803,0.10707917138934135
4150,0.10701902210712433,0.10707822442054749
4151,0.10701874643564224,0.10707727693021298
4152,0.10701808333396912,0.10707632541656494
4153,0.10701443254947662,0.10707533955574036
4154,0.10701772570610046,0.10707438915967941
4155,0.1070161908864975,0.10707342565059662
4156,0.10701854526996613,0.10707248821854591
4157,0.1070185974240303,0.10707155369222164
4158,0.10701818764209747,0.10707061745226383
4159,0.10701508074998856,0.10706965267658233
4160,0.10701479017734528,0.1070686873793602
4161,0.10701313614845276,0.10706770792603493
4162,0.10701196640729904,0.10706671923398972
4163,0.10701142251491547,0.10706572748720646
4164,0.10700909793376923,0.10706471480429172
4165,0.10700789839029312,0.10706369258463383
4166,0.10700632631778717,0.10706265725195407
4167,0.10700562596321106,0.10706161729991436
4168,0.10700511932373047,0.10706057466566563
4169,0.10700425505638123,0.1070595259219408
4170,0.10700349509716034,0.10705847196280956
4171,0.10700291395187378,0.10705741457641124
4172,0.10700239986181259,0.10705635465681552
4173,0.1070021390914917,0.107055294662714
4174,0.10700147598981857,0.10705423071980476
4175,0.10700024664402008,0.10705315716564655
4176,0.10699944198131561,0.10705207832157612
4177,0.10699918121099472,0.10705099970102311
4178,0.1069987416267395,0.10704991929233074
4179,0.10699775815010071,0.10704883150756359
4180,0.10699798166751862,0.10704774893820286
4181,0.10699710249900818,0.10704666055738926
4182,0.10699739307165146,0.10704557731747627
4183,0.10699666291475296,0.1070444893091917
4184,0.10699508339166641,0.10704338878393173
4185,0.10699571669101715,0.10704229772090912
4186,0.10699419677257538,0.10704119466245174
4187,0.10699403285980225,0.10704009287059307
4188,0.10699373483657837,0.1070389910787344
4189,0.1069931834936142,0.10703788690268994
4190,0.10699259489774704,0.10703678026795388
4191,0.10699194669723511,0.10703567050397396
4192,0.10699146240949631,0.10703455954790116
4193,0.10698994249105453,0.10703343726694584
4194,0.10698623210191727,0.10703228183090686
4195,0.10698577761650085,0.10703112639486789
4196,0.10698424279689789,0.10702996037900447
4197,0.10698278993368149,0.10702878631651401
4198,0.10698248445987701,0.10702761404216289
4199,0.10698147118091583,0.1070264382660389
4200,0.10698108375072479,0.10702526360750199
4201,0.10698223114013672,0.10702411085367203
4202,0.10698045790195465,0.1070229470729828
4203,0.10698071122169495,0.10702179968357087
4204,0.1069805771112442,0.10702066086232662
4205,0.10697965323925018,0.10701952733099461
4206,0.1069784164428711,0.10701839469373225
4207,0.10697806626558304,0.10701727405190468
4208,0.1069808080792427,0.1070161996036768
4209,0.10697807371616364,0.10701511658728123
4210,0.10697954893112183,0.10701407112181187
4211,0.10697852075099945,0.10701304234564304
4212,0.10697735846042633,0.10701203174889087
4213,0.10697758197784424,0.10701105892658233
4214,0.10697603225708008,0.1070101085305214
4215,0.10697688162326813,0.10700920432806015
4216,0.10697586834430695,0.10700832940638065
4217,0.10697625577449799,0.10700749896466732
4218,0.10697463154792786,0.10700668580830097
4219,0.1069740504026413,0.10700589559972286
4220,0.10697333514690399,0.10700512312352657
4221,0.10697302222251892,0.10700437419116497
4222,0.10697321593761444,0.10700365319848061
4223,0.10697223246097565,0.10700294405221938
4224,0.10697179287672043,0.1070022525638342
4225,0.10697117447853088,0.10700157843530178
4226,0.10697123408317566,0.10700092487037181
4227,0.1069708839058876,0.10700028888881206
4228,0.10697042942047119,0.10699966348707676
4229,0.10696980357170105,0.10699904695153237
4230,0.10696947574615479,0.10699844107031822
4231,0.10696901381015778,0.10699784457683563
4232,0.10696873068809509,0.10699725523591042
4233,0.10696837306022644,0.1069966722279787
4234,0.10696795582771301,0.10699609450995923
4235,0.1069675162434578,0.10699551910161972
4236,0.10696707665920258,0.10699495017528533
4237,0.10696679353713989,0.10699438579380512
4238,0.10696640610694885,0.10699382625520229
4239,0.10696589946746826,0.10699328057467937
4240,0.10696540772914886,0.10699254773557186
4241,0.10696488618850708,0.10699182815849781
4242,0.10696437954902649,0.10699121192097664
4243,0.1069638580083847,0.10699057318270207
4244,0.10696326196193695,0.10698989920318126
4245,0.10696278512477875,0.10698930516839028
4246,0.10696233063936234,0.10698872290551663
4247,0.10696183145046234,0.10698810927569866
4248,0.10696138441562653,0.1069874906539917
4249,0.10696092247962952,0.10698688298463821
4250,0.10696082562208176,0.10698630101978779
4251,0.10696205496788025,0.10698573410511017
4252,0.1069650948047638,0.10698520421981811
4253,0.1069670096039772,0.10698472999036313
4254,0.10696640610694885,0.1069842167943716
4255,0.1069657951593399,0.10698371283710002
4256,0.10696512460708618,0.10698317863047123
4257,0.10696408152580261,0.10698263347148895
4258,0.10696379095315933,0.10698208950459957
4259,0.10696311295032501,0.10698156982660294
4260,0.10696171224117279,0.10698103904724121
4261,0.1069602221250534,0.10698050990700722
4262,0.1069587990641594,0.10697997823357581
4263,0.10695776343345642,0.10697944164276123
4264,0.1069551408290863,0.1069789020717144
4265,0.10695628076791763,0.10697838589549065
4266,0.10695528984069824,0.10697787553071976
4267,0.10695406794548035,0.10697735995054244
4268,0.10695411264896393,0.10697684988379479
4269,0.10695254802703857,0.10697633281350136
4270,0.10695108771324158,0.10697580873966217
4271,0.10695059597492218,0.10697528555989265
4272,0.10695064067840576,0.10697476796805859
4273,0.10694970190525055,0.10697424359619617
4274,0.10694906860589981,0.10697371952235699
4275,0.1069481372833252,0.10697319842875004
4276,0.10694719851016998,0.10697267599403858
4277,0.10694773495197296,0.10697216153144837
4278,0.10694816708564758,0.10697165578603744
4279,0.10694606602191925,0.10697113886475564
4280,0.10694733262062073,0.10697063237428665
4281,0.10694428533315659,0.10697010420262813
4282,0.10694506764411926,0.10696958094835281
4283,0.10694386810064316,0.10696905300021171
4284,0.10694193094968796,0.10696852147579193
4285,0.10694114863872528,0.10696797579526901
4286,0.10694028437137604,0.10696743667125702
4287,0.10693996399641037,0.1069668959826231
4288,0.1069382056593895,0.10696634069085122
4289,0.10693741589784622,0.10696578301489353
4290,0.10693718492984772,0.10696522891521454
4291,0.10693677514791489,0.10696467719972133
4292,0.10693443566560745,0.10696410693228245
4293,0.10693380236625671,0.10696354553103447
4294,0.10693446546792984,0.1069630278646946
4295,0.10693328827619553,0.10696250297129155
4296,0.10693158209323883,0.10696197636425495
4297,0.10693026334047318,0.10696145109832286
4298,0.10693012177944183,0.10696092747151852
4299,0.10692837089300156,0.10696039646863938
4300,0.1069280207157135,0.10695986583828926
4301,0.10692790150642395,0.10695932254195213
4302,0.10692572593688965,0.10695877522230149
4303,0.10692724585533142,0.10695824056863784
4304,0.10692694038152695,0.10695770420134068
4305,0.10692740976810455,0.10695718176662922
4306,0.10692644119262695,0.10695666201412678
4307,0.10692483186721802,0.10695612967014313
4308,0.10692176967859268,0.10695553928613663
4309,0.10692285001277924,0.10695498704910278
4310,0.10691982507705688,0.10695438981056213
4311,0.10692039132118225,0.10695380851626396
4312,0.10691794753074646,0.10695321440696716
4313,0.10691705346107483,0.10695260912179946
4314,0.10691604763269424,0.1069520092755556
4315,0.10691472887992859,0.10695138774812221
4316,0.10691419243812561,0.1069507709890604
4317,0.1069127768278122,0.10695013619959354
4318,0.1069117933511734,0.106949507817626
4319,0.10691071301698685,0.10694887444376945
4320,0.10690969973802567,0.10694823808968067
4321,0.10690871626138687,0.10694759503006936
4322,0.10690746456384659,0.10694693751633168
4323,0.10690659284591675,0.10694628112018108
4324,0.10690584033727646,0.10694562159478664
4325,0.10690492391586304,0.10694495908915996
4326,0.10690371692180634,0.10694428391754628
4327,0.10690277814865112,0.10694360285997391
4328,0.10690195858478546,0.10694291815161705
4329,0.1069009006023407,0.10694222912192344
4330,0.10690005123615265,0.10694153487682342
4331,0.10689938068389893,0.10694083854556084
4332,0.10689849406480789,0.10694013617932796
4333,0.10689754784107208,0.10693942792713643
4334,0.10689686238765717,0.10693871699273587
4335,0.10689575225114822,0.10693799935281277
4336,0.10689498484134674,0.10693727843463421
4337,0.10689422488212585,0.10693655274808407
4338,0.10689332336187363,0.10693582192063332
4339,0.10689253360033035,0.10693508826196194
4340,0.10689156502485275,0.10693434983491898
4341,0.10689070075750351,0.10693360798060894
4342,0.10688991844654083,0.10693286336958409
4343,0.10688919574022293,0.10693211674690246
4344,0.10688839852809906,0.10693136811256408
4345,0.10688770562410355,0.10693061731755733
4346,0.10688695311546326,0.10692986354231834
4347,0.10688623785972595,0.10692910760641099
4348,0.10688553750514984,0.10692834913730621
4349,0.10688477754592896,0.10692758768796921
4350,0.10688407719135284,0.10692682020366191
4351,0.10688336938619614,0.10692603334784508
4352,0.10688265413045883,0.10692520894110202
4353,0.10688197612762451,0.1069243586063385
4354,0.10688125342130661,0.10692350707948207
4355,0.1068805605173111,0.10692265473306178
4356,0.10687988996505737,0.1069218023866415
4357,0.10687920451164246,0.1069209536164999
4358,0.10687851905822754,0.10692010089755058
4359,0.10687784850597382,0.10691924825310707
4360,0.1068771705031395,0.10691840283572673
4361,0.10687652230262756,0.10691756583750248
4362,0.10687471926212311,0.10691672503948212
4363,0.10687252879142761,0.10691587269306183
4364,0.10687041282653809,0.10691502541303635
4365,0.10686767846345901,0.10691413938999177
4366,0.10686580091714859,0.10691324450075626
4367,0.10686460137367249,0.10691234983503818
4368,0.10686305165290833,0.10691143922507763
4369,0.10686065256595612,0.10691052027046681
4370,0.10685791075229645,0.10690958850085736
4371,0.10685595124959946,0.10690864205360412
4372,0.10685515403747559,0.10690768718719483
4373,0.10685580968856812,0.106906748265028
4374,0.10685674846172333,0.10690582506358623
4375,0.10685651749372482,0.10690490886569023
4376,0.10685471445322037,0.10690398402512073
4377,0.1068515032529831,0.10690302170813083
4378,0.10684926062822342,0.10690203264355659
4379,0.10684531182050705,0.10690102510154248
4380,0.10684162378311157,0.10689996801316738
4381,0.10683711618185043,0.10689889632165432
4382,0.10683084279298782,0.106897754073143
4383,0.10682335495948792,0.10689654894173145
4384,0.10681799799203873,0.10689530961215496
4385,0.10681113600730896,0.1068940094858408
4386,0.10680421441793442,0.10689264878630639
4387,0.10679683834314346,0.10689121752977371
4388,0.10679176449775696,0.10688975311815739
4389,0.10678775608539581,0.10688825652003288
4390,0.10678157955408096,0.10688670046627521
4391,0.10677821934223175,0.10688511490821838
4392,0.10677243769168854,0.10688349492847919
4393,0.10676802694797516,0.10688183717429638
4394,0.10676714777946472,0.10688016399741172
4395,0.10676734149456024,0.10687850452959538
4396,0.10676856338977814,0.10687687434256077
4397,0.1067708358168602,0.10687528006732464
4398,0.10675939172506332,0.10687357276678085
4399,0.10675603151321411,0.10687184937298298
4400,0.10675205290317535,0.1068700896948576
4401,0.10674774646759033,0.10686828814446926
4402,0.10674542933702469,0.10686648517847061
4403,0.10674326866865158,0.10686464540660381
4404,0.10674379765987396,0.10686281397938728
4405,0.1067420095205307,0.10686095997691154
4406,0.10674022138118744,0.10685909777879715
4407,0.10673842579126358,0.10685723371803761
4408,0.10673537850379944,0.10685536980628968
4409,0.10673318803310394,0.10685347318649292
4410,0.1067308783531189,0.10685158371925355
4411,0.10672807693481445,0.10684966057538986
4412,0.10672057420015335,0.10684768684208393
4413,0.10671698302030563,0.10684568613767624
4414,0.1067161113023758,0.10684368677437306
4415,0.10671818256378174,0.10684172131121158
4416,0.10671474039554596,0.1068397267907858
4417,0.1067151427268982,0.10683775044977666
4418,0.10671266913414001,0.10683575920760631
4419,0.1067090779542923,0.10683374285697937
4420,0.10670150816440582,0.10683166094124318
4421,0.10669805854558945,0.1068295543640852
4422,0.10669338703155518,0.10682741358876228
4423,0.1066911518573761,0.10682525917887688
4424,0.10668553411960602,0.10682305611670018
4425,0.10667911916971207,0.10682079806923866
4426,0.10667667537927628,0.10681852765381336
4427,0.10666492581367493,0.1068161491304636
4428,0.10665112733840942,0.10681364081799984
4429,0.10664232075214386,0.10681105501949788
4430,0.10662700980901718,0.10680832460522652
4431,0.10661978274583817,0.10680552862584591
4432,0.10660304874181747,0.106802574172616
4433,0.10659673810005188,0.1067995660752058
4434,0.1065819263458252,0.10679641671478748
4435,0.10658086836338043,0.1067932678759098
4436,0.10657793283462524,0.10679009735584259
4437,0.10657504945993423,0.10678690560162067
4438,0.10657074302434921,0.10678367979824543
4439,0.10657013952732086,0.10678045585751533
4440,0.10656505078077316,0.10677719071507454
4441,0.10654500126838684,0.10677373372018337
4442,0.10654278099536896,0.10677026234567165
4443,0.10653333365917206,0.10676670372486115
4444,0.10652747005224228,0.10676309444010258
4445,0.10651831328868866,0.10675940051674843
4446,0.1065114289522171,0.10675564527511597
4447,0.10650072991847992,0.10675179019570351
4448,0.10649953037500381,0.10674793012440205
4449,0.10649602115154266,0.10674404256045818
4450,0.10649251192808151,0.10674012690782547
4451,0.10648688673973083,0.10673616208136082
4452,0.10648208856582642,0.10673215642571449
4453,0.10647790879011154,0.10672811575233937
4454,0.10647697746753693,0.10672407299280166
4455,0.1064719706773758,0.10671998709440231
4456,0.10647016763687134,0.10671588987112045
4457,0.10646466910839081,0.10671174451708794
4458,0.10645937919616699,0.10670755311846733
4459,0.10645577311515808,0.10670333236455917
4460,0.10645173490047455,0.10669907800853252
4461,0.10644776374101639,0.10669479042291641
4462,0.10644388198852539,0.10669048205018043
4463,0.106440469622612,0.10668616145849227
4464,0.10643675178289413,0.10668182484805584
4465,0.10643448680639267,0.10667749293148518
4466,0.10643269121646881,0.10667316183447838
4467,0.10643045604228973,0.10666882038116456
4468,0.10642847418785095,0.10666447460651397
4469,0.1064247339963913,0.10666011542081832
4470,0.10642105340957642,0.10665574684739113
4471,0.10641844570636749,0.10665137179195881
4472,0.10641653835773468,0.1066469856351614
4473,0.10641380399465561,0.10664256557822227
4474,0.10641168802976608,0.1066381149739027
4475,0.1064094752073288,0.10663364455103874
4476,0.10640698671340942,0.10662916727364063
4477,0.10640391707420349,0.10662469141185284
4478,0.10640089958906174,0.10662020780146123
4479,0.10639838874340057,0.10661573857069015
4480,0.10639575123786926,0.10661127984523773
4481,0.10639282315969467,0.10660683691501617
4482,0.10638956725597382,0.10660242415964603
4483,0.10638485848903656,0.10659803919494153
4484,0.10638105869293213,0.10659366980195045
4485,0.10637956857681274,0.10658935412764549
4486,0.10637390613555908,0.10658505104482174
4487,0.10637268424034119,0.10658080950379371
4488,0.10636797547340393,0.10657657161355019
4489,0.1063661128282547,0.10657235518097878
4490,0.10636195540428162,0.10656815893948078
4491,0.1063595712184906,0.10656397245824337
4492,0.1063564196228981,0.10655981227755547
4493,0.10635313391685486,0.10655566334724426
4494,0.10635115206241608,0.10655150339007377
4495,0.10634671151638031,0.10654729709029198
4496,0.10634425282478333,0.10654305398464203
4497,0.1063409149646759,0.10653875477612018
4498,0.10633779317140579,0.10653453879058361
4499,0.10633409023284912,0.10653031937777996
4500,0.10633093118667603,0.10652610816061497
4501,0.10632774233818054,0.10652190811932087
4502,0.10632475465536118,0.10651770137250423
4503,0.10632158815860748,0.1065134845674038
4504,0.10631845891475677,0.10650923117995262
4505,0.10631529241800308,0.10650496400892734
4506,0.10631199181079865,0.10650068171322345
4507,0.10630880296230316,0.10649638548493386
4508,0.10630510002374649,0.10649208270013333
4509,0.10630188882350922,0.10648776970803737
4510,0.10629849880933762,0.10648344591259956
4511,0.10629487037658691,0.10647911384701729
4512,0.10629110783338547,0.10647481918334961
4513,0.10628706216812134,0.10647051997482776
4514,0.10628317296504974,0.10646619059145451
4515,0.10627885162830353,0.10646179728209973
4516,0.1062721386551857,0.10645737126469612
4517,0.10626457631587982,0.10645286560058594
4518,0.10625213384628296,0.10644826024770737
4519,0.10623019933700562,0.1064434714615345
4520,0.1062023937702179,0.10643848031759262
4521,0.10619062930345535,0.10643340602517128
4522,0.1061810627579689,0.10642828278243542
4523,0.10617189854383469,0.10642309024930001
4524,0.10615145415067673,0.10641774944961072
4525,0.10614732652902603,0.10641243152320384
4526,0.10614977777004242,0.10640716254711151
4527,0.1061612069606781,0.10640212535858154
4528,0.1061297282576561,0.10639691136777402
4529,0.106133371591568,0.10639182187616825
4530,0.10612265765666962,0.10638677835464477
4531,0.10611191391944885,0.10638169966638088
4532,0.10610370337963104,0.10637670621275902
4533,0.10608817636966705,0.10637162059545517
4534,0.10606639087200165,0.10636646524071694
4535,0.10605387389659882,0.10636119529604912
4536,0.10603941977024078,0.10635581016540527
4537,0.10601997375488281,0.10635025940835476
4538,0.10600076615810394,0.1063445596396923
4539,0.10598628222942352,0.10633872106671333
4540,0.10595335066318512,0.10633260406553745
4541,0.10593998432159424,0.10632655389606953
4542,0.10591528564691544,0.10632027894258499
4543,0.10589737445116043,0.10631391935050488
4544,0.10587629675865173,0.10630740761756897
4545,0.10586564242839813,0.10630088090896607
4546,0.1058463603258133,0.10629423022270203
4547,0.10583561658859253,0.10628757908940316
4548,0.10582403093576431,0.10628082409501076
4549,0.10580713301897049,0.10627393521368504
4550,0.10579437762498856,0.1062669538706541
4551,0.10578414797782898,0.10625992648303509
4552,0.10577340424060822,0.10625283963978291
4553,0.10576726496219635,0.10624573320150375
4554,0.10575529932975769,0.10623851642012597
4555,0.10574711859226227,0.10623126789927483
4556,0.10573519766330719,0.10622391819953919
4557,0.1057298481464386,0.10621656998991966
4558,0.105719655752182,0.10620917275547981
4559,0.10571123659610748,0.10620172739028931
4560,0.10571649670600891,0.10619437500834465
4561,0.105716273188591,0.10618706010282039
4562,0.10568642616271973,0.10617948554456234
4563,0.10568644851446152,0.10617194533348083
4564,0.10568016767501831,0.10616437949240208
4565,0.10566924512386322,0.10615672707557679
4566,0.10566352307796478,0.10614903539419174
4567,0.10565700381994247,0.10614130087196827
4568,0.10564738512039185,0.10613348998129368
4569,0.10564038902521133,0.10612564653158188
4570,0.10563410073518753,0.10611777700483799
4571,0.10563032329082489,0.10610989578068257
4572,0.10562341660261154,0.10610196456313133
4573,0.10561667382717133,0.10609399326145649
4574,0.10561542212963104,0.10608603060245514
4575,0.10560471564531326,0.10607798300683498
4576,0.10560137033462524,0.10606992684304714
4577,0.10559573024511337,0.10606184497475624
4578,0.10559114813804626,0.10605374746024608
4579,0.10558494925498962,0.10604561306536198
4580,0.10558053106069565,0.10603746086359024
4581,0.10557566583156586,0.10602928929030896
4582,0.10556919127702713,0.10602108553051949
4583,0.10556304454803467,0.10601286739110946
4584,0.10555598139762878,0.10600461661815644
4585,0.10555139183998108,0.10599633485078812
4586,0.10554543882608414,0.10598805017769336
4587,0.10553867369890213,0.10597971007227898
4588,0.10553321987390518,0.10597136251628399
4589,0.10552758723497391,0.10596297726035118
4590,0.10552195459604263,0.1059545772522688
4591,0.10551722347736359,0.10594615377485753
4592,0.10551271587610245,0.10593771673738957
4593,0.10550573468208313,0.10592924274504184
4594,0.10550333559513092,0.10592076458036899
4595,0.10549629479646683,0.10591226041316987
4596,0.10549059510231018,0.10590372383594512
4597,0.10548637807369232,0.10589517846703529
4598,0.1054823249578476,0.10588662378489971
4599,0.10547727346420288,0.10587805561721325
4600,0.10546733438968658,0.10586941964924336
4601,0.10545995831489563,0.1058607418090105
4602,0.10547025501728058,0.1058521968126297
4603,0.10545144975185394,0.10584349542856217
4604,0.10546115040779114,0.10583492234349251
4605,0.10545703768730164,0.1058263397961855
4606,0.10543583333492279,0.10581757821142673
4607,0.10541616380214691,0.10580865181982517
4608,0.1054360419511795,0.1057999612390995
4609,0.10539860278367996,0.10579092837870122
4610,0.10539103299379349,0.10578185372054577
4611,0.10538140684366226,0.10577271908521652
4612,0.10536986589431763,0.10576350666582585
4613,0.10535678267478943,0.10575420387089253
4614,0.10534641146659851,0.10574483625590801
4615,0.10532918572425842,0.10573533959686757
4616,0.10531914234161377,0.10572580963373185
4617,0.10532113909721375,0.10571637526154518
4618,0.105287566781044,0.10570672959089279
4619,0.1052817851305008,0.10569724544882775
4620,0.10526221990585327,0.1056878437101841
4621,0.10525253415107727,0.10567846275866032
4622,0.10522616654634476,0.10566891379654407
4623,0.10521915555000305,0.10565938636660575
4624,0.1052456647157669,0.10565032847225667
4625,0.10521498322486877,0.10564100503921509
4626,0.10516946017742157,0.10563120186328888
4627,0.10518434643745422,0.10562143325805665
4628,0.10518450289964676,0.10561198100447655
4629,0.10522507131099701,0.10560289800167083
4630,0.10513544082641602,0.1055930258333683
4631,0.10551294684410095,0.10558703616261482
4632,0.10511000454425812,0.1055770991742611
4633,0.10513661801815033,0.10556758359074593
4634,0.10512825101613998,0.10555820219218731
4635,0.10512392222881317,0.10554890267550945
4636,0.10507524013519287,0.10553926087915898
4637,0.1050538718700409,0.10552959986031056
4638,0.10503195226192474,0.10551991172134877
4639,0.10502760112285614,0.10551032491028309
4640,0.10502505302429199,0.10550104193389416
4641,0.10500931739807129,0.10549173526465892
4642,0.10497292876243591,0.10548231169581414
4643,0.1049720048904419,0.10547305800020695
4644,0.10494422167539597,0.10546373724937438
4645,0.1049317866563797,0.10545439869165421
4646,0.10492862015962601,0.10544522128999233
4647,0.10492612421512604,0.10543612636625767
4648,0.10491880774497986,0.10542707413434982
4649,0.10490679740905762,0.10541807077825069
4650,0.104892298579216,0.10540904998779296
4651,0.1048714891076088,0.10539992339909077
4652,0.1048593819141388,0.10539078317582608
4653,0.10485610365867615,0.10538167156279087
4654,0.1048436164855957,0.10537255473434926
4655,0.10482967644929886,0.10536338031291961
4656,0.10481519997119904,0.10535418033599854
4657,0.10479452461004257,0.10534482710063457
4658,0.10477873682975769,0.10533541791141034
4659,0.10474114120006561,0.10532571695744991
4660,0.10472394526004791,0.1053157914429903
4661,0.10469556599855423,0.10530558437108993
4662,0.10466495901346207,0.10529536969959735
4663,0.10461899638175964,0.10528469517827034
4664,0.10453443974256516,0.10527323789894581
4665,0.10446672141551971,0.10526121266186238
4666,0.10471037030220032,0.10525168113410473
4667,0.10589361190795898,0.1052540472149849
4668,0.10450095683336258,0.1052425829321146
4669,0.10441955924034119,0.1052303746342659
4670,0.10453402996063232,0.10521937392652035
4671,0.10432000458240509,0.10520627073943616
4672,0.10438007116317749,0.10519383728504181
4673,0.10435596108436584,0.10518123015761376
4674,0.10436403006315231,0.10516871623694897
4675,0.10430258512496948,0.10515569493174554
4676,0.10426537692546844,0.10514233499765396
4677,0.1042441576719284,0.10512881927192211
4678,0.1041673943400383,0.10511458173394203
4679,0.10414125770330429,0.10510014481842518
4680,0.10419216752052307,0.10508626118302346
4681,0.10405677556991577,0.10507107228040695
4682,0.10413771867752075,0.10505675755441189
4683,0.10410851240158081,0.10504221223294735
4684,0.10400353372097015,0.10502668775618076
4685,0.10415510088205338,0.10501272484660149
4686,0.10397950559854507,0.1049970655143261
4687,0.1039358600974083,0.10498103737831116
4688,0.10401184856891632,0.10496582366526126
4689,0.10384775698184967,0.10494902536273003
4690,0.10379999876022339,0.10493180580437184
4691,0.10389342904090881,0.10491556786000729
4692,0.1037042960524559,0.10489748366177082
4693,0.1038442999124527,0.10488086931407452
4694,0.10377883166074753,0.10486362427473069
4695,0.10368257015943527,0.10484548702836037
4696,0.10368300974369049,0.10482741117477418
4697,0.10359238088130951,0.10480847120285035
4698,0.10360370576381683,0.10478968501091003
4699,0.10348595678806305,0.10476977184414864
4700,0.10341879725456238,0.1047492864727974
4701,0.10340835154056549,0.10472877040505409
4702,0.10342065989971161,0.1047082744538784
4703,0.10336677730083466,0.1046874277293682
4704,0.10331208258867264,0.10466593705117702
4705,0.10325303673744202,0.10464389704167842
4706,0.10319535434246063,0.10462149225175381
4707,0.10316260159015656,0.10459895662963391
4708,0.10317511856555939,0.1045763473957777
4709,0.10312974452972412,0.10455365881323814
4710,0.10307584702968597,0.10453050695359707
4711,0.10302767157554626,0.1045069696009159
4712,0.10303181409835815,0.10448358908295631
4713,0.10298009216785431,0.10445982217788696
4714,0.10293888300657272,0.1044357468932867
4715,0.10295446962118149,0.10441199973225594
4716,0.10289692133665085,0.10438777752220631
4717,0.10288664698600769,0.10436343260109425
4718,0.10284199565649033,0.10433897688984871
4719,0.10282953083515167,0.10431445434689522
4720,0.10281085968017578,0.10428994074463845
4721,0.10287807881832123,0.10426619619131089
4722,0.1027958020567894,0.10424189254641533
4723,0.10278645157814026,0.1042175655066967
4724,0.10275740921497345,0.10419268295168876
4725,0.10272054374217987,0.10416773855686187
4726,0.10268618911504745,0.10414290584623814
4727,0.10266183316707611,0.10411768071353436
4728,0.10263299942016602,0.10409216567873955
4729,0.10259230434894562,0.10406583800911903
4730,0.10257632285356522,0.10404024682939053
4731,0.10257291048765182,0.10401084646582603
4732,0.10255959630012512,0.10398534238338471
4733,0.1025405079126358,0.10395938128232957
4734,0.10250689089298248,0.10393316768109799
4735,0.10252226889133453,0.1039071511477232
4736,0.10248462110757828,0.10388124495744705
4737,0.10247702896595001,0.10385547652840614
4738,0.10244425386190414,0.10382959954440593
4739,0.1024138331413269,0.10380346186459065
4740,0.10240418463945389,0.10377725318074227
4741,0.10236701369285583,0.1037508301436901
4742,0.10235809534788132,0.10372468180954457
4743,0.10231927037239075,0.10369815446436405
4744,0.1023048684000969,0.10367176093161107
4745,0.10227475315332413,0.1036451905965805
4746,0.10224182158708572,0.1036183226108551
4747,0.10221999138593674,0.10359126128256321
4748,0.10219737142324448,0.10356404691934586
4749,0.10217610746622086,0.10353674001991749
4750,0.10214878618717194,0.10350930489599705
4751,0.10213123261928558,0.10348190233111382
4752,0.10211136937141418,0.10345442220568657
4753,0.10208398103713989,0.10342670097947121
4754,0.1020599901676178,0.10339886471629142
4755,0.102035291492939,0.10337092086672783
4756,0.10201472789049149,0.10334291614592075
4757,0.1020086258649826,0.10331505715847016
4758,0.10200735926628113,0.10328734338283539
4759,0.10195993632078171,0.10325953133404255
4760,0.10195635259151459,0.10323185540735721
4761,0.10192884504795074,0.10320418819785118
4762,0.10191920399665833,0.10317673064768314
4763,0.10189016163349152,0.10314944230020046
4764,0.10186704248189926,0.1031227683275938
4765,0.10184682905673981,0.10309656940400601
4766,0.10181684792041779,0.10306763418018818
4767,0.10181137919425964,0.10302681185305118
4768,0.1017773449420929,0.10299957573413848
4769,0.10177094489336014,0.10297308959066868
4770,0.10174323618412018,0.10294518165290356
4771,0.10172798484563828,0.10291926145553588
4772,0.10170221328735352,0.10289248287677764
4773,0.10167498886585236,0.10286567315459251
4774,0.10165359079837799,0.10283856876194478
4775,0.10161717981100082,0.10281171470880508
4776,0.10160320997238159,0.10278509303927422
4777,0.10160950571298599,0.1027587465196848
4778,0.10153957456350327,0.10273246832191944
4779,0.10149878263473511,0.10270604357123375
4780,0.10145609080791473,0.10267868280410766
4781,0.1014261469244957,0.10265237651765347
4782,0.10138189792633057,0.10262481831014156
4783,0.10137924551963806,0.10259752564132213
4784,0.1014290526509285,0.10257178083062173
4785,0.1013721227645874,0.10254395104944707
4786,0.10126720368862152,0.10251682803034783
4787,0.10136941075325012,0.10249116353690624
4788,0.10134801268577576,0.10246452517807483
4789,0.10132867842912674,0.10243933439254761
4790,0.10137434303760529,0.10241507783532143
4791,0.10127311944961548,0.1023888747394085
4792,0.10129424184560776,0.10236477419734001
4793,0.10125057399272919,0.10233883693814277
4794,0.1012488305568695,0.102313536927104
4795,0.10132110118865967,0.10228992223739625
4796,0.10123852640390396,0.10226547740399837
4797,0.10123614966869354,0.10224191509187222
4798,0.10121908783912659,0.10221806891262532
4799,0.10151530802249908,0.10219836242496967
4800,0.10131220519542694,0.10217729650437832
4801,0.10129274427890778,0.10215614043176174
4802,0.10130701959133148,0.10213500402867794
4803,0.10113660246133804,0.10211270228028298
4804,0.10103616118431091,0.10208994306623936
4805,0.10112954676151276,0.10206870816648006
4806,0.101030133664608,0.10204705595970154
4807,0.10101495683193207,0.1020255795121193
4808,0.1011408120393753,0.10200523644685745
4809,0.10109518468379974,0.10198489084839821
4810,0.10101579129695892,0.10196429029107094
4811,0.10091204941272736,0.10194313406944275
4812,0.10090036690235138,0.10192181959748269
4813,0.10090990364551544,0.10190111771225929
4814,0.10084939002990723,0.10188022278249263
4815,0.10080230981111526,0.10185870118439197
4816,0.10078707337379456,0.10183760270476341
4817,0.10070230066776276,0.10181575924158097
4818,0.10068843513727188,0.10179422363638878
4819,0.10065023601055145,0.10177243068814278
4820,0.10062572360038757,0.1017505793273449
4821,0.10056188702583313,0.10172741740942001
4822,0.10063474625349045,0.10170580685138703
4823,0.10057993233203888,0.101683741658926
4824,0.10054440051317215,0.10166161157190799
4825,0.10045275092124939,0.10163893364369869
4826,0.10046903789043427,0.10161676213145256
4827,0.1004398912191391,0.10159454271197318
4828,0.10041727870702744,0.10157238550484181
4829,0.10038857907056808,0.10155034825205803
4830,0.10033473372459412,0.10152793236076832
4831,0.10036405920982361,0.10150584384799004
4832,0.10033261775970459,0.10148357406258583
4833,0.10031899064779282,0.1014613588899374
4834,0.10034410655498505,0.10143973104655743
4835,0.1002672091126442,0.10141718044877052
4836,0.10031405091285706,0.10139547474682331
4837,0.10034603625535965,0.10137416481971741
4838,0.10018894821405411,0.10135161176323891
4839,0.10023395717144012,0.10132981300354003
4840,0.1002512276172638,0.10130828343331814
4841,0.10013824701309204,0.1012859957665205
4842,0.10010771453380585,0.10126349195837975
4843,0.10012030601501465,0.10124150231480598
4844,0.10013861954212189,0.10121983982622623
4845,0.10009831190109253,0.10119807541370392
4846,0.09997126460075378,0.1011753698438406
4847,0.10000340640544891,0.10115320399403573
4848,0.10003115236759186,0.10113154180347919
4849,0.09995177388191223,0.10110929846763611
4850,0.09995029866695404,0.10108731359243393
4851,0.09995129704475403,0.10106551423668861
4852,0.09988517314195633,0.10104325227439404
4853,0.09989185631275177,0.10102133102715015
4854,0.0998201072216034,0.10099893219769002
4855,0.09978263080120087,0.10097640559077263
4856,0.09977833926677704,0.10095404170453548
4857,0.09971345961093903,0.10093109004199505
4858,0.09968779981136322,0.10090789444744587
4859,0.09965744614601135,0.10088486954569817
4860,0.09962495416402817,0.1008615555614233
4861,0.09958799183368683,0.10083814702928066
4862,0.09956245124340057,0.10081457950174809
4863,0.09954804182052612,0.10079115830361843
4864,0.09949955344200134,0.10076748341321945
4865,0.0994783341884613,0.10074379846453667
4866,0.09944005310535431,0.10072003051638603
4867,0.09940264374017715,0.10069594316184521
4868,0.09937997162342072,0.10067196942865848
4869,0.09940744936466217,0.1006483344733715
4870,0.09936586767435074,0.10062456078827381
4871,0.09929446876049042,0.10060022562742234
4872,0.09935184568166733,0.10057672195136547
4873,0.09923286736011505,0.1005523007363081
4874,0.0992862731218338,0.10052862755954266
4875,0.09926711022853851,0.10050512686371803
4876,0.09919136762619019,0.10048100844025612
4877,0.09916152060031891,0.10045652858912944
4878,0.09917974472045898,0.10043293029069901
4879,0.09908396750688553,0.1004087821394205
4880,0.09912432730197906,0.10038546450436116
4881,0.09905364364385605,0.10036173947155476
4882,0.0990944355726242,0.1003388648480177
4883,0.09907115995883942,0.1003157839924097
4884,0.09901537001132965,0.10029164716601371
4885,0.09901857376098633,0.10026811167597771
4886,0.09899836778640747,0.10024542331695557
4887,0.0989074781537056,0.10022080399096012
4888,0.09895960241556168,0.10019691988825798
4889,0.09891226887702942,0.100172755792737
4890,0.09889748692512512,0.10014798723161221
4891,0.09888264536857605,0.1001240824908018
4892,0.0989278182387352,0.10010041825473309
4893,0.0988885760307312,0.10007679827511311
4894,0.0987798422574997,0.10005210839211941
4895,0.09876462817192078,0.10002654366195202
4896,0.09871324151754379,0.10000129081308842
4897,0.09874601662158966,0.09997638948261738
4898,0.09868116676807404,0.09995101027190685
4899,0.09866973757743835,0.09992255456745625
4900,0.0986219048500061,0.09989565156400204
4901,0.09860409796237946,0.09986876510083675
4902,0.09861747920513153,0.09984186969697476
4903,0.09855867177248001,0.09981609039008617
4904,0.09850658476352692,0.09979079462587834
4905,0.09857096523046494,0.09976520881056786
4906,0.09847037494182587,0.09973961122334003
4907,0.09842977672815323,0.09971375942230225
4908,0.09839364886283875,0.09968628779053688
4909,0.09839559346437454,0.09965929187834263
4910,0.09833143651485443,0.09963244833052158
4911,0.09835994243621826,0.0996069272607565
4912,0.09830324351787567,0.09958095602691173
4913,0.09833581745624542,0.09955521516501903
4914,0.09823788702487946,0.09952910013496875
4915,0.09823863953351974,0.0995034634321928
4916,0.09828737378120422,0.0994784664362669
4917,0.09816987067461014,0.09945314213633537
4918,0.09814976155757904,0.09942775540053844
4919,0.0981149896979332,0.09940240293741226
4920,0.09807714819908142,0.0993769171833992
4921,0.09803076833486557,0.09935160599648953
4922,0.0979837104678154,0.09932509563863277
4923,0.09794159978628159,0.0992987123131752
4924,0.09793102741241455,0.09927257858216762
4925,0.09790840744972229,0.09924713514745236
4926,0.09785942733287811,0.09922103904187679
4927,0.09781183302402496,0.09919475845992565
4928,0.09777672588825226,0.0991683529317379
4929,0.0977451428771019,0.09914191856980324
4930,0.09770726412534714,0.09911564387381076
4931,0.0976652204990387,0.09908865548670293
4932,0.09763471782207489,0.09906167648732662
4933,0.09760051965713501,0.09903449177742005
4934,0.09756194055080414,0.09900667011737824
4935,0.09752904623746872,0.09897928848862649
4936,0.0974956601858139,0.09895110458135604
4937,0.09744931012392044,0.09892213732004165
4938,0.09741392731666565,0.09889438711106777
4939,0.0973840057849884,0.09886588759720326
4940,0.09735171496868134,0.09883689247071743
4941,0.09730971604585648,0.09880860716104507
4942,0.09731008112430573,0.09878063082695007
4943,0.09723744541406631,0.09875180222094058
4944,0.09737929701805115,0.09872420899569988
4945,0.09739119559526443,0.0986971378326416
4946,0.09712457656860352,0.0986686709523201
4947,0.09723617136478424,0.09864099860191346
4948,0.09722410887479782,0.09861292816698551
4949,0.09707681834697723,0.09858417861163617
4950,0.09701040387153625,0.09855477966368198
4951,0.09709325432777405,0.09852619923651218
4952,0.09692966938018799,0.0984966441988945
4953,0.09690345823764801,0.09846676021814346
4954,0.09688547253608704,0.09843741387128829
4955,0.09676945209503174,0.09840728208422661
4956,0.09685792028903961,0.09837807789444923
4957,0.09674037992954254,0.09834834709763526
4958,0.09679645299911499,0.09831943362951279
4959,0.09680765867233276,0.098290935754776
4960,0.0967363491654396,0.09826204970479012
4961,0.09664348512887955,0.09823260463774204
4962,0.09657053649425507,0.09820268549025059
4963,0.09671229869127274,0.09817432805895805
4964,0.09664422273635864,0.09814577475190163
4965,0.09650987386703491,0.09811609014868736
4966,0.09663011133670807,0.0980879907310009
4967,0.09662286937236786,0.09806019298732281
4968,0.09636248648166656,0.09803001813590527
4969,0.09649212658405304,0.09800086490809917
4970,0.09655770659446716,0.09797278329730034
4971,0.09638101607561111,0.09794364877045154
4972,0.0963677167892456,0.09791380748152732
4973,0.09654098749160767,0.09788688868284226
4974,0.09626363217830658,0.09785666227340699
4975,0.09624877572059631,0.09782647892832756
4976,0.0962829515337944,0.09779739476740361
4977,0.09616132825613022,0.09776739284396171
4978,0.09615147858858109,0.09773711018264293
4979,0.09630344808101654,0.09770930498838425
4980,0.0960698127746582,0.09767875984311104
4981,0.09610480815172195,0.09764927148818969
4982,0.09614480286836624,0.09761977516114712
4983,0.09603887051343918,0.09758945226669312
4984,0.09598854929208755,0.09755918405950069
4985,0.09607694298028946,0.09752976775169372
4986,0.09591683000326157,0.09749895237386226
4987,0.09603996574878693,0.09747027724981308
4988,0.09607330709695816,0.09744141429662705
4989,0.09599484503269196,0.09741224005818366
4990,0.095866359770298,0.0973819287866354
4991,0.09608764946460724,0.09735397882759571
4992,0.09624787420034409,0.0973271793872118
4993,0.0959252417087555,0.09729754604399204
4994,0.09592416882514954,0.09726898930966854
4995,0.09596523642539978,0.09724099539220334
4996,0.09582528471946716,0.09721211582422257
4997,0.09568686783313751,0.09718152433633805
4998,0.09567497670650482,0.09715146243572235
4999,0.09570007771253586,0.09712176583707333
5000,0.09556020051240921,0.09709114879369736
5001,0.09558362513780594,0.09706094406545163
5002,0.09561842679977417,0.09703095354139805
5003,0.09550192952156067,0.09700038611888885
5004,0.09547576308250427,0.09697007790207862
5005,0.09540762007236481,0.09693844445049762
5006,0.09548506885766983,0.09690859138965607
5007,0.09545333683490753,0.09687882699072362
5008,0.09534834325313568,0.09684837393462659
5009,0.09529703855514526,0.09681738838553429
5010,0.09529625624418259,0.09678703658282757
5011,0.09525629132986069,0.09675600007176399
5012,0.09519591927528381,0.09672492682933807
5013,0.09520406275987625,0.09669360928237439
5014,0.09510970115661621,0.09666232742369175
5015,0.09514762461185455,0.09663141727447509
5016,0.09508778154850006,0.09659942135214805
5017,0.09502418339252472,0.0965679644793272
5018,0.09503990411758423,0.09653686590492726
5019,0.09506707638502121,0.09650638677179814
5020,0.0949956625699997,0.09647557191550732
5021,0.09502510726451874,0.09644551530480384
5022,0.09503840655088425,0.09641606226563454
5023,0.09495990723371506,0.09638624534010887
5024,0.09489081054925919,0.09635584317147732
5025,0.09486405551433563,0.09632539965212344
5026,0.09494751691818237,0.0962962805479765
5027,0.0948755145072937,0.09626691736280918
5028,0.09486575424671173,0.09623780764639378
5029,0.09484981000423431,0.0962088543176651
5030,0.09474243223667145,0.09617920599877834
5031,0.0948057696223259,0.09615061149001121
5032,0.09480956196784973,0.09612235993146896
5033,0.09471350908279419,0.09609348982572556
5034,0.09468825161457062,0.09606475293636323
5035,0.09465713798999786,0.09603603385388851
5036,0.09466509521007538,0.09600772820413113
5037,0.09464205801486969,0.09597965568304062
5038,0.09460952877998352,0.0959516116976738
5039,0.09457039088010788,0.09592347554862499
5040,0.09452647715806961,0.09589522317051888
5041,0.09450067579746246,0.09586713276803493
5042,0.09448610246181488,0.09583889298141003
5043,0.09449486434459686,0.09581146717071533
5044,0.09444808959960938,0.09578215509653092
5045,0.09445469826459885,0.09575279012322425
5046,0.09442117065191269,0.09572575606405735
5047,0.09438289701938629,0.09569722332060338
5048,0.09434658288955688,0.09566844806075096
5049,0.09432399272918701,0.09564091980457307
5050,0.094310462474823,0.09561392039060593
5051,0.09429660439491272,0.09558595389127732
5052,0.09425918757915497,0.09555924907326699
5053,0.09425245225429535,0.09553273901343345
5054,0.09420807659626007,0.09550596505403519
5055,0.0941673144698143,0.09547994367778301
5056,0.09416776895523071,0.09545304216444492
5057,0.09421907365322113,0.09542782910168171
5058,0.09413265436887741,0.09540119111537933
5059,0.09414534270763397,0.09537456795573235
5060,0.09410649538040161,0.09534826941788196
5061,0.09411873668432236,0.09532302193343639
5062,0.09411880373954773,0.09529850460588932
5063,0.09407457709312439,0.09527212738990784
5064,0.09412924200296402,0.09524697758257389
5065,0.09404956549406052,0.09522237449884415
5066,0.09407083690166473,0.09519678175449371
5067,0.09409193694591522,0.09517147243022919
5068,0.09402310103178024,0.09514807857573032
5069,0.09399105608463287,0.09512306787073613
5070,0.09393653273582458,0.0950968561321497
5071,0.09387373924255371,0.09507178336381912
5072,0.09390273690223694,0.09504713356494904
5073,0.09395760297775269,0.09502129971981049
5074,0.09390653669834137,0.09499772876501084
5075,0.09391207993030548,0.09497436180710793
5076,0.09391243755817413,0.09495065666735172
5077,0.09391540288925171,0.09492819741368294
5078,0.0938384011387825,0.09490506663918495
5079,0.09388227015733719,0.09488085485994815
5080,0.09381289780139923,0.09485828571021557
5081,0.09376725554466248,0.09483491018414497
5082,0.09374198317527771,0.09481088198721409
5083,0.09373375028371811,0.09478783078491687
5084,0.09367738664150238,0.09476471915841103
5085,0.09371116012334824,0.09474106132984161
5086,0.0936831682920456,0.09471872471272945
5087,0.09375207126140594,0.09469584576785564
5088,0.09373579174280167,0.09467247061431408
5089,0.0937480628490448,0.09465000279247761
5090,0.09368566423654556,0.09462819583714008
5091,0.09364945441484451,0.09460381388664246
5092,0.09361773729324341,0.09457751251757145
5093,0.09356813132762909,0.09455394141376018
5094,0.09353223443031311,0.09453002206981181
5095,0.09353300929069519,0.09450569979846478
5096,0.09349994361400604,0.09448244638741016
5097,0.09344442188739777,0.09446002192795276
5098,0.09345971792936325,0.09443786934018135
5099,0.09343044459819794,0.09441517300903797
5100,0.09340634942054749,0.09439363449811936
5101,0.09337927401065826,0.09437159098684787
5102,0.0933782309293747,0.09434918902814388
5103,0.09334718436002731,0.09432764157652855
5104,0.09332146495580673,0.09430609859526157
5105,0.09326237440109253,0.09428464613854885
5106,0.09352146089076996,0.09426501005887986
5107,0.09353777766227722,0.09424585446715356
5108,0.09330540895462036,0.0942254251241684
5109,0.09333135187625885,0.09420576825737953
5110,0.0934295654296875,0.09418710134923458
5111,0.09327603131532669,0.09416729874908925
5112,0.09328220039606094,0.09414816156029701
5113,0.09334784001111984,0.09412959933280945
5114,0.09324905276298523,0.09411099284887314
5115,0.09322246164083481,0.09409174121916294
5116,0.0934232771396637,0.09407509617507458
5117,0.09337447583675385,0.09405859909951687
5118,0.09310215711593628,0.09403922162950039
5119,0.09329314529895782,0.09402148231863976
5120,0.09344696253538132,0.09400599531829357
5121,0.09329132735729218,0.09398865751922131
5122,0.09317734837532043,0.09397004693746566
5123,0.09338034689426422,0.09395425133407116
5124,0.09356996417045593,0.09394104287028313
5125,0.09336117655038834,0.09392601408064366
5126,0.09312328696250916,0.09390777178108692
5127,0.09319630265235901,0.09389097966253758
5128,0.09324589371681213,0.09387478105723858
5129,0.0931517630815506,0.09385780058801174
5130,0.09302689880132675,0.09384064525365829
5131,0.09332934021949768,0.09382588095963001
5132,0.09361997991800308,0.09381398513913154
5133,0.09342014789581299,0.09380105152726173
5134,0.09310939908027649,0.09378526300191879
5135,0.09311981499195099,0.09376988977193833
5136,0.09321269392967224,0.09375536575913429
5137,0.09313961863517761,0.09374034136533738
5138,0.09297677874565125,0.09372401386499404
5139,0.09335959702730179,0.09371190592646599
5140,0.09356734156608582,0.09370231457054615
5141,0.09323626756668091,0.09368967048823834
5142,0.09304143488407135,0.0936752238124609
5143,0.09307295083999634,0.0936610046774149
5144,0.09302163124084473,0.09364674009382724
5145,0.09293907135725021,0.09363158382475376
5146,0.09287603199481964,0.09361613243818283
5147,0.09293164312839508,0.09360161989927292
5148,0.0928204357624054,0.0935863584280014
5149,0.0928523913025856,0.09357164241373539
5150,0.0928221046924591,0.09355675883591175
5151,0.09282159805297852,0.09354200877249241
5152,0.09279194474220276,0.09352733634412289
5153,0.0927492082118988,0.09351230390369893
5154,0.09278804808855057,0.09349810361862182
5155,0.09270455688238144,0.0934834760427475
5156,0.09268100559711456,0.09346860840916633
5157,0.0927223339676857,0.09345364101231098
5158,0.09278087317943573,0.09344012320041656
5159,0.09270423650741577,0.09342571213841439
5160,0.0927373468875885,0.09341202065348625
5161,0.09276878833770752,0.09339852117002011
5162,0.09271123260259628,0.09338444545865059
5163,0.09266713261604309,0.09337037101387978
5164,0.0927148088812828,0.09335622668266297
5165,0.09272700548171997,0.09334300108253955
5166,0.09267669916152954,0.0933290597051382
5167,0.09254036843776703,0.09331354402005672
5168,0.09266811609268188,0.09329999417066574
5169,0.09268532693386078,0.09328693687915803
5170,0.09252822399139404,0.09327285379171371
5171,0.09257692843675613,0.09325988568365574
5172,0.0925348550081253,0.09324620686471462
5173,0.09247668087482452,0.09323139764368533
5174,0.09251870959997177,0.09321751937270165
5175,0.09248481690883636,0.09320324674248695
5176,0.09244286268949509,0.09318855099380016
5177,0.09242567420005798,0.09317365370690822
5178,0.09238418936729431,0.09315911158919335
5179,0.09237992763519287,0.0931440881639719
5180,0.0923452079296112,0.09312941126525402
5181,0.09232625365257263,0.09311500124633312
5182,0.09230782091617584,0.0931006596237421
5183,0.09229158610105515,0.09308623798191547
5184,0.09231162071228027,0.09307258032262325
5185,0.09225179255008698,0.09305798664689063
5186,0.09236796200275421,0.09304483458399773
5187,0.0923636257648468,0.09303095012903213
5188,0.09221792966127396,0.09301577150821685
5189,0.09250976145267487,0.09300338849425316
5190,0.09288651496171951,0.0929953970015049
5191,0.09250848740339279,0.09298398733139038
5192,0.09219202399253845,0.09296973019838334
5193,0.09226122498512268,0.09295666113495826
5194,0.0922982394695282,0.09294432118535041
5195,0.09219872206449509,0.09293097831308841
5196,0.09216520935297012,0.09291763097047806
5197,0.09217798709869385,0.09290496662259101
5198,0.09212655574083328,0.09289163500070571
5199,0.09211594611406326,0.09287849001586437
5200,0.09211954474449158,0.0928656219691038
5201,0.0920788049697876,0.09285261727869511
5202,0.09204009175300598,0.09283923588693142
5203,0.09204192459583282,0.09282618328928947
5204,0.09207282960414886,0.09281369693577289
5205,0.0920180082321167,0.09280125327408313
5206,0.09205751866102219,0.09278661385178566
5207,0.09203746169805527,0.09277161069214344
5208,0.09197425097227097,0.09275829911231995
5209,0.0919480174779892,0.09274446576833725
5210,0.0919458195567131,0.0927296283096075
5211,0.09189380705356598,0.0927158060669899
5212,0.09188590198755264,0.09270184308290481
5213,0.09192001819610596,0.09268756486475467
5214,0.09185579419136047,0.09267363227903842
5215,0.09184052050113678,0.09265981286764145
5216,0.09192399680614471,0.09264482006430626
5217,0.09186270833015442,0.09262970238924026
5218,0.09184085577726364,0.09261708937585354
5219,0.09180276095867157,0.09260218553245067
5220,0.09184256196022034,0.09258614152669907
5221,0.09177249670028687,0.09257095322012901
5222,0.09178648889064789,0.09255704462528229
5223,0.09176148474216461,0.09254085600376129
5224,0.09173905849456787,0.0925225469470024
5225,0.09173313528299332,0.09250626653432846
5226,0.09167079627513885,0.09249174162745476
5227,0.09165972471237183,0.09247637584805489
5228,0.0916684940457344,0.09246060185134411
5229,0.09164838492870331,0.09244556806981563
5230,0.0916438028216362,0.09243173711001873
5231,0.09160938113927841,0.09241453751921654
5232,0.09163199365139008,0.0923946576565504
5233,0.0916258916258812,0.09237671509385109
5234,0.09161661565303802,0.0923617872595787
5235,0.09158967435359955,0.09234648585319519
5236,0.09158352762460709,0.09233019419014454
5237,0.0915413424372673,0.09231421142816544
5238,0.09162117540836334,0.09230065539479256
5239,0.0916094183921814,0.09228315360844136
5240,0.09150940924882889,0.09226257428526878
5241,0.09148523211479187,0.0922450639307499
5242,0.09151536226272583,0.09222980320453644
5243,0.09149210155010223,0.09221399471163749
5244,0.09148264676332474,0.0921986048668623
5245,0.09144578874111176,0.09218367204070091
5246,0.0914326012134552,0.09216923773288727
5247,0.09140369296073914,0.09215395823121071
5248,0.09147482365369797,0.09214050211012363
5249,0.09148482978343964,0.09212682649493217
5250,0.09139794111251831,0.09211258485913276
5251,0.09154638648033142,0.0920998327434063
5252,0.09164226800203323,0.0920883359760046
5253,0.09143197536468506,0.09207516364753246
5254,0.09138944745063782,0.09206117764115333
5255,0.09144726395606995,0.09204860471189022
5256,0.091450035572052,0.0920362950116396
5257,0.09135939180850983,0.09202266559004783
5258,0.0913497731089592,0.09200835458934307
5259,0.09136603772640228,0.09199497260153294
5260,0.09132678806781769,0.09198086701333523
5261,0.09125341475009918,0.09196571327745914
5262,0.09133026748895645,0.09195190362632275
5263,0.09133820235729218,0.09193861432373523
5264,0.09126023203134537,0.09192406855523587
5265,0.09121781587600708,0.09190897665917873
5266,0.09120999276638031,0.09189430959522724
5267,0.09119555354118347,0.09188086144626141
5268,0.09127508103847504,0.09186693109571933
5269,0.09123460948467255,0.09185242392122746
5270,0.09122295677661896,0.0918393712490797
5271,0.09121459722518921,0.09182574793696403
5272,0.09114004671573639,0.09181179985404014
5273,0.09109748899936676,0.09179800793528557
5274,0.09116531908512115,0.09178447403013706
5275,0.09114772081375122,0.0917711030691862
5276,0.09106345474720001,0.09175730898976325
5277,0.09104682505130768,0.09174352049827576
5278,0.09109833836555481,0.09173066198825836
5279,0.09108822047710419,0.09171774491667747
5280,0.09105591475963593,0.09170485198497773
5281,0.0910528302192688,0.09169211775064469
5282,0.09102090448141098,0.09167924858629703
5283,0.09097201377153397,0.09166605286300182
5284,0.09107901901006699,0.0916537268459797
5285,0.09106555581092834,0.0916418644785881
5286,0.09096948057413101,0.09162787966430187
5287,0.09094826132059097,0.09161372601985932
5288,0.09096819162368774,0.09160122863948345
5289,0.0909123420715332,0.09158525444567203
5290,0.09095679223537445,0.09156595721840859
5291,0.09095210582017899,0.09155039340257645
5292,0.09086784720420837,0.09153715163469314
5293,0.09087149798870087,0.09152325436472893
5294,0.09090125560760498,0.0915092845261097
5295,0.09087060391902924,0.09149600334465503
5296,0.09086762368679047,0.09148302748799324
5297,0.09084179997444153,0.09146966561675071
5298,0.09081371128559113,0.0914565371721983
5299,0.09077200293540955,0.09144309774041176
5300,0.0909600555896759,0.0914315028488636
5301,0.09101445972919464,0.09142085939645767
5302,0.09083603322505951,0.09140881881117821
5303,0.09081298112869263,0.0913965293765068
5304,0.09090611338615417,0.09138486221432686
5305,0.09081709384918213,0.09137285307049751
5306,0.09080841392278671,0.09136036202311516
5307,0.09084229171276093,0.09134841032326221
5308,0.09078173339366913,0.09133648514747619
5309,0.09070269763469696,0.09132403194904327
5310,0.09092802554368973,0.09131385400891304
5311,0.09095383435487747,0.09130445428192616
5312,0.09067980945110321,0.09129239335656165
5313,0.0908190980553627,0.09128138415515423
5314,0.09088221192359924,0.09127164833247661
5315,0.09077901393175125,0.09126103326678275
5316,0.09068606793880463,0.09124865397810936
5317,0.09074190258979797,0.09123744592070579
5318,0.0906415805220604,0.09122545316815377
5319,0.09072354435920715,0.09121466100215912
5320,0.09075938165187836,0.0912038291990757
5321,0.09063725173473358,0.09119247674942016
5322,0.0907500758767128,0.09118211261928082
5323,0.09098431468009949,0.09117434091866017
5324,0.09067075699567795,0.09116365790367126
5325,0.09067460894584656,0.0911530726402998
5326,0.09065419435501099,0.09114290662109852
5327,0.09052632004022598,0.09113157257437705
5328,0.09079571068286896,0.0911228447407484
5329,0.09115943312644958,0.09111795522272587
5330,0.09066139906644821,0.09110813118517398
5331,0.09081924706697464,0.09110022984445094
5332,0.09097564220428467,0.0910936663299799
5333,0.09073783457279205,0.091084785759449
5334,0.09053239226341248,0.09107394352555274
5335,0.09076525270938873,0.09106569930911064
5336,0.09110532701015472,0.09106091730296612
5337,0.09082785993814468,0.0910537824779749
5338,0.09063763171434402,0.0910439470410347
5339,0.09057092666625977,0.09103356212377549
5340,0.0906553715467453,0.09102502174675464
5341,0.09057386219501495,0.09101590804755688
5342,0.09063105285167694,0.09100706495344639
5343,0.09083616733551025,0.09100050561130046
5344,0.09070084989070892,0.09099268764257432
5345,0.09054681658744812,0.09098369792103768
5346,0.09047012031078339,0.09097407311201096
5347,0.09060253947973251,0.09096606157720089
5348,0.09051784873008728,0.09095649182796478
5349,0.09029453992843628,0.09094458892941475
5350,0.0904030054807663,0.09093463957309723
5351,0.09058370441198349,0.09092501275241376
5352,0.0904400497674942,0.09091299057006835
5353,0.09031914919614792,0.09090186230838299
5354,0.09031211584806442,0.09089108899235726
5355,0.09036632627248764,0.09088027961552143
5356,0.09035506099462509,0.09086932986974716
5357,0.09028413891792297,0.0908585773408413
5358,0.09017610549926758,0.09084684066474438
5359,0.09042089432477951,0.09083738923072815
5360,0.090492382645607,0.09082904517650604
5361,0.09049394726753235,0.09082145050168038
5362,0.09045115113258362,0.09081265933811665
5363,0.090257927775383,0.09080185659229756
5364,0.09036482870578766,0.09079290255904197
5365,0.0904678925871849,0.09078540332615376
5366,0.09018944203853607,0.09077519781887532
5367,0.0902315154671669,0.09076555743813515
5368,0.09027286618947983,0.0907555352896452
5369,0.09014926850795746,0.09074468187987804
5370,0.09017108380794525,0.09073416315019131
5371,0.09037402272224426,0.09072575740516185
5372,0.09012241661548615,0.09071558110415935
5373,0.09009350836277008,0.09070554129779339
5374,0.09010794013738632,0.09069496750831604
5375,0.09001882374286652,0.0906836785376072
5376,0.09007048606872559,0.09067374885082245
5377,0.09019864350557327,0.09066526703536511
5378,0.08997538685798645,0.09065403752028942
5379,0.09005586802959442,0.09064371399581432
5380,0.09012086689472198,0.09063436351716518
5381,0.08998534083366394,0.09062368862330913
5382,0.08985638618469238,0.09061204344034195
5383,0.08989265561103821,0.09060124985873699
5384,0.08981066942214966,0.09058856636285782
5385,0.08984871953725815,0.09057639800012111
5386,0.0898149162530899,0.09056485235691071
5387,0.08986696600914001,0.0905540394037962
5388,0.08988061547279358,0.09054316364228726
5389,0.08979387581348419,0.09053197897970676
5390,0.08971602469682693,0.09051957130432128
5391,0.08980663865804672,0.09050811663269996
5392,0.08979471027851105,0.09049738526344299
5393,0.08973677456378937,0.09048603802919387
5394,0.0897502526640892,0.09047452799975872
5395,0.08971042186021805,0.09046292617917061
5396,0.08964604139328003,0.0904507103562355
5397,0.08968667685985565,0.09043915912508965
5398,0.08964104950428009,0.09042743250727653
5399,0.0896928608417511,0.09041664108633996
5400,0.08971157670021057,0.0904041562974453
5401,0.08961208164691925,0.09039013251662255
5402,0.08955664932727814,0.09037733867764473
5403,0.08969017118215561,0.09036611057817936
5404,0.08967261761426926,0.09035377562046051
5405,0.08953377604484558,0.09034094244241714
5406,0.08950713276863098,0.09032792963087559
5407,0.08954936265945435,0.09031500034034252
5408,0.08950404822826385,0.09030222348868847
5409,0.08951252698898315,0.09029032178223133
5410,0.08949172496795654,0.090275958776474
5411,0.08943197131156921,0.09026074014604092
5412,0.08942016214132309,0.09024814367294312
5413,0.08943265676498413,0.09023427926003932
5414,0.08937756717205048,0.09021923281252384
5415,0.0894940197467804,0.09020638287067413
5416,0.08955312520265579,0.09019505344331265
5417,0.08934280276298523,0.09018106244504452
5418,0.08948352187871933,0.09016948185861111
5419,0.0896354615688324,0.09015860103070736
5420,0.08940740674734116,0.09014508128166199
5421,0.08950082957744598,0.09013371706008912
5422,0.08970113843679428,0.09012322768568992
5423,0.08942653238773346,0.09010764986276626
5424,0.08940693736076355,0.09009501166641712
5425,0.08941411972045898,0.09008240677416325
5426,0.08932194113731384,0.09006908424198627
5427,0.08929544687271118,0.09005677551031113
5428,0.08936166018247604,0.0900424350053072
5429,0.08921165764331818,0.09002295725047588
5430,0.08928649872541428,0.09000920824706554
5431,0.08934220671653748,0.08999443784356118
5432,0.08919358253479004,0.08997661724686623
5433,0.08922383189201355,0.08996147722005844
5434,0.08924420177936554,0.08994859531521797
5435,0.08934047818183899,0.08993434756994248
5436,0.08930833637714386,0.08991637766361237
5437,0.08912846446037292,0.08989938370883464
5438,0.08953183889389038,0.08988832578063011
5439,0.09006907045841217,0.08988330721855163
5440,0.08951103687286377,0.08987186387181283
5441,0.0892087072134018,0.08985821232199669
5442,0.08917319774627686,0.08984363377094269
5443,0.08919145166873932,0.08982718661427498
5444,0.08918438851833344,0.08981202200055122
5445,0.08912055194377899,0.08979775935411453
5446,0.0889977440237999,0.0897830355912447
5447,0.08897436410188675,0.08976675383746624
5448,0.08894892781972885,0.08975106462836266
5449,0.08900023996829987,0.0897381216287613
5450,0.08896481990814209,0.08972373977303505
5451,0.08906523883342743,0.08970855511724948
5452,0.08906395733356476,0.0896947941929102
5453,0.08893006294965744,0.08968090333044529
5454,0.08886519819498062,0.08966643415391445
5455,0.08890104293823242,0.0896517813205719
5456,0.08890050649642944,0.08963723577558995
5457,0.08891123533248901,0.0896235067397356
5458,0.08887214958667755,0.08961046718060971
5459,0.08888962119817734,0.08959515444934368
5460,0.08887507766485214,0.08957898139953613
5461,0.08877784013748169,0.08956182032823562
5462,0.08872565627098083,0.08954456537961959
5463,0.08879444003105164,0.08952993050217628
5464,0.08873903751373291,0.08951367259025574
5465,0.08876214176416397,0.08949661508202553
5466,0.08875297009944916,0.08948225036263466
5467,0.08864137530326843,0.08946634896099567
5468,0.08861202001571655,0.08944974049925804
5469,0.08864985406398773,0.08943474635481835
5470,0.08860545605421066,0.089419090077281
5471,0.08860208839178085,0.08940137073397636
5472,0.08861802518367767,0.08938632681965827
5473,0.08862075209617615,0.08937159925699234
5474,0.08858156204223633,0.08935633547604084
5475,0.08857978880405426,0.08934194512665272
5476,0.08856736123561859,0.08932691387832165
5477,0.08849658071994781,0.0893098932504654
5478,0.08842647075653076,0.08929440408945083
5479,0.0885758101940155,0.08927960351109504
5480,0.08861073106527328,0.08926450215280056
5481,0.08844409137964249,0.08924908965826034
5482,0.08838596194982529,0.08923438541591168
5483,0.08840695768594742,0.08921952843666077
5484,0.08837532997131348,0.0892051750421524
5485,0.08830495178699493,0.08918973736464977
5486,0.08839315176010132,0.08917551971971989
5487,0.08835085481405258,0.08916035860776901
5488,0.0882631242275238,0.08914418369531632
5489,0.0883224755525589,0.08912946969270706
5490,0.08832939714193344,0.08911560341715813
5491,0.08821776509284973,0.08909971468150615
5492,0.08828002214431763,0.08908456780016422
5493,0.08828471601009369,0.08907004721462726
5494,0.08824373036623001,0.08905498199164867
5495,0.0882328450679779,0.08904020622372627
5496,0.08817242085933685,0.08902547001838684
5497,0.08814509958028793,0.08901005424559116
5498,0.0882025808095932,0.0889956695586443
5499,0.08817994594573975,0.08898054040968419
5500,0.08809158205986023,0.08896434046328068
5501,0.08805127441883087,0.08894873239099979
5502,0.08814439177513123,0.08893460981547832
5503,0.08813153207302094,0.08891902342438698
5504,0.08803218603134155,0.0889026191085577
5505,0.08796951174736023,0.08888697646558284
5506,0.0881354808807373,0.0888732599467039
5507,0.0881437361240387,0.08885920368134975
5508,0.08806069940328598,0.08884477019309997
5509,0.08796840906143188,0.08882932901382447
5510,0.08796027302742004,0.0888140144944191
5511,0.08797293901443481,0.08879942417144776
5512,0.08804917335510254,0.08878571428358555
5513,0.0880129486322403,0.08877151720225811
5514,0.08789034187793732,0.08875664494931698
5515,0.08788242936134338,0.0887405290454626
5516,0.08794905245304108,0.08872448831796646
5517,0.08791525661945343,0.08871021285653115
5518,0.08785521984100342,0.08869392983615398
5519,0.08781459927558899,0.08867572121322155
5520,0.08785182982683182,0.08866016544401646
5521,0.08787156641483307,0.08864387281239033
5522,0.08780090510845184,0.0886248704791069
5523,0.08776526153087616,0.08860825777053832
5524,0.08776991069316864,0.08859188750386238
5525,0.08772318065166473,0.08857497811317444
5526,0.08776813745498657,0.08855944007635116
5527,0.08774961531162262,0.08854398176074028
5528,0.0877024456858635,0.08852738961577415
5529,0.08768639713525772,0.08851213701069355
5530,0.08769302070140839,0.08849620223045349
5531,0.08764909207820892,0.08847927108407021
5532,0.08771529793739319,0.08846448823809623
5533,0.08769804239273071,0.08844923034310341
5534,0.08758509159088135,0.08843263924121857
5535,0.08754385262727737,0.08841467298567295
5536,0.0875590518116951,0.08839718014001846
5537,0.08754952996969223,0.08838139079511166
5538,0.08749805390834808,0.08836105294525623
5539,0.08748255670070648,0.08833518780767918
5540,0.08754023164510727,0.0883154797554016
5541,0.08747316896915436,0.08829812437295914
5542,0.087752565741539,0.08828391805291176
5543,0.08781993389129639,0.08827020287513733
5544,0.08749256283044815,0.08825328461825847
5545,0.08769309520721436,0.08823901005089282
5546,0.08784922957420349,0.08822752490639686
5547,0.08768869936466217,0.08821466825902462
5548,0.08746033906936646,0.088199782371521
5549,0.08769629895687103,0.0881867429614067
5550,0.08793170750141144,0.0881764118373394
5551,0.08775325119495392,0.08816329196095467
5552,0.08772839605808258,0.08814993634819984
5553,0.08775876462459564,0.08813822336494923
5554,0.08762872219085693,0.08812585860490799
5555,0.08758091181516647,0.08811265729367733
5556,0.08744777739048004,0.08809813000261783
5557,0.08733303844928741,0.08808234803378583
5558,0.08738108724355698,0.08806743741035461
5559,0.08738943934440613,0.0880524355918169
5560,0.08730778843164444,0.08803676269948482
5561,0.08737775683403015,0.0880227618664503
5562,0.08737295866012573,0.08800923489034176
5563,0.08732801675796509,0.08799457065761089
5564,0.0873500406742096,0.08798068068921566
5565,0.08724850416183472,0.08796554431319237
5566,0.08729186654090881,0.08795093327760696
5567,0.0871925950050354,0.08793644547462463
5568,0.08723470568656921,0.08792267233133316
5569,0.08730176091194153,0.0879091913998127
5570,0.08714811503887177,0.08789461798965931
5571,0.08721470087766647,0.08788074411451817
5572,0.08728427439928055,0.08786740660667419
5573,0.0872124582529068,0.0878533236682415
5574,0.08714935928583145,0.08783900164067746
5575,0.08719287812709808,0.08782513253390789
5576,0.08717605471611023,0.0878112194687128
5577,0.08708857744932175,0.08779713943600655
5578,0.08698371052742004,0.08778271183371544
5579,0.0872061476111412,0.0877690152078867
5580,0.08732444047927856,0.08775615230202675
5581,0.08716998994350433,0.08774341128766537
5582,0.08696068078279495,0.08772915847599506
5583,0.08716291934251785,0.08771671809256076
5584,0.0871831476688385,0.08770479626953602
5585,0.08697371929883957,0.08769148394465447
5586,0.08702448755502701,0.08767779730260372
5587,0.0870780348777771,0.08766506910324097
5588,0.08701656758785248,0.08765260353684426
5589,0.08690948784351349,0.0876384736597538
5590,0.08680051565170288,0.08762318484485149
5591,0.08695027232170105,0.08761050991714
5592,0.08701971173286438,0.08759790681302547
5593,0.08702737838029861,0.08758533343672753
5594,0.08691424131393433,0.08757203854620457
5595,0.08668062835931778,0.08755651637911796
5596,0.08670154213905334,0.08754180759191513
5597,0.08666190505027771,0.08752697564661503
5598,0.08667279779911041,0.0875116778165102
5599,0.08686995506286621,0.08749857790768147
5600,0.08683082461357117,0.08748597033321857
5601,0.08657263219356537,0.08747118391096592
5602,0.08650806546211243,0.08745482064783573
5603,0.08652187883853912,0.08743872411549092
5604,0.08654098212718964,0.08742381207644939
5605,0.0863964706659317,0.08740808166563512
5606,0.08637126535177231,0.08739043951034546
5607,0.08643778413534164,0.0873733799904585
5608,0.08639701455831528,0.08735674314200878
5609,0.08639537543058395,0.08734101280570031
5610,0.08635091781616211,0.08732491925358772
5611,0.08623450994491577,0.08730753496289254
5612,0.08619829267263412,0.08728902615606784
5613,0.08695127815008163,0.08727840945124626
5614,0.08727654814720154,0.0872722715139389
5615,0.08709543198347092,0.08726440154016019
5616,0.08692379295825958,0.08725414894521237
5617,0.08663046360015869,0.08724130101501942
5618,0.08645689487457275,0.08722731776535511
5619,0.08655910193920135,0.08721476279199124
5620,0.08654700964689255,0.08720171459019184
5621,0.08628077805042267,0.08718580670654774
5622,0.08624070137739182,0.08717020466923714
5623,0.08646401762962341,0.08715719223022461
5624,0.08644185960292816,0.0871439117193222
5625,0.0862397849559784,0.08712907776236534
5626,0.0866628959774971,0.08711802534759044
5627,0.08675330877304077,0.08710806228220463
5628,0.08638797700405121,0.08709491759538651
5629,0.0864003598690033,0.08708205722272395
5630,0.08640635758638382,0.08706919059157371
5631,0.08640556782484055,0.08705675534904003
5632,0.08623920381069183,0.08704199440777302
5633,0.08610771596431732,0.08702609114348889
5634,0.0860326737165451,0.08701056696474552
5635,0.0860666036605835,0.08699579447507859
5636,0.08610271662473679,0.086981231123209
5637,0.08587528765201569,0.08696448870003223
5638,0.08588741719722748,0.08694838233292103
5639,0.0863819420337677,0.08693737618625164
5640,0.08625345677137375,0.0869245084375143
5641,0.0860767513513565,0.08691054426133632
5642,0.08585791289806366,0.08689159773290157
5643,0.08587691187858582,0.08687216751277446
5644,0.08599668741226196,0.08685720875859261
5645,0.08586034178733826,0.08683888122439384
5646,0.0857614129781723,0.08681800305843353
5647,0.0857357606291771,0.08679847367107868
5648,0.08568765223026276,0.08678074680268764
5649,0.08569330722093582,0.0867607168853283
5650,0.08559919893741608,0.08673739179968834
5651,0.08581231534481049,0.0867179824411869
5652,0.08583629131317139,0.08669906139373779
5653,0.08568591624498367,0.08667833290994167
5654,0.08580046147108078,0.08666005030274392
5655,0.08606389909982681,0.08664488017559052
5656,0.08581921458244324,0.08662859454751015
5657,0.08577428013086319,0.0866130069643259
5658,0.08577471226453781,0.08659694321453572
5659,0.08575023710727692,0.08658055119216441
5660,0.08565530180931091,0.08656402632594108
5661,0.08571083098649979,0.08654735706746579
5662,0.08560433983802795,0.0865296708792448
5663,0.0856705904006958,0.08651309661567211
5664,0.08565708249807358,0.08649616703391075
5665,0.0854482650756836,0.08647816464304924
5666,0.085701122879982,0.08646225720643998
5667,0.0861712396144867,0.08645204365253449
5668,0.08575329184532166,0.08643722951412201
5669,0.08562852442264557,0.08642049714922904
5670,0.08556082844734192,0.08640462428331375
5671,0.0853601023554802,0.08638607829809189
5672,0.08541695773601532,0.08636740513145924
5673,0.08548832684755325,0.0863501638174057
5674,0.08550700545310974,0.08633374027907849
5675,0.08543942123651505,0.08631620571017265
5676,0.08545180410146713,0.08629896320402622
5677,0.08547063171863556,0.08628278374671935
5678,0.08544620871543884,0.08626740872859955
5679,0.0853809267282486,0.08624915651977062
5680,0.08528575301170349,0.08622876964509488
5681,0.08530870079994202,0.08621015675365924
5682,0.08525451272726059,0.08619309507310391
5683,0.0853116512298584,0.08617458239197731
5684,0.08532711863517761,0.0861560221016407
5685,0.08538807928562164,0.08614016570150852
5686,0.08544918149709702,0.08612441264092922
5687,0.08561035990715027,0.08610973589122295
5688,0.08553600311279297,0.08609493024647236
5689,0.08525869250297546,0.08607842229306698
5690,0.0851810872554779,0.08606222800910474
5691,0.08554477989673615,0.08604817308485507
5692,0.08556713163852692,0.0860336472839117
5693,0.08526615053415298,0.08601603500545024
5694,0.08519506454467773,0.08599884323775768
5695,0.08526688069105148,0.08598470576107502
5696,0.08521799743175507,0.08596987031400204
5697,0.08499051630496979,0.08595315642654895
5698,0.08504639565944672,0.08593689240515232
5699,0.08500103652477264,0.08591820321977138
5700,0.08506420254707336,0.08590053699910641
5701,0.08496395498514175,0.08588445022702217
5702,0.08497356623411179,0.08586910523474217
5703,0.0849374383687973,0.08585326083004474
5704,0.08503855764865875,0.08583823658525944
5705,0.08494006097316742,0.0858236724883318
5706,0.0849381610751152,0.08580934144556522
5707,0.084964320063591,0.08579460680484771
5708,0.08492033928632736,0.08577984005212784
5709,0.0848873183131218,0.08576475948095322
5710,0.0848093032836914,0.0857493433356285
5711,0.08493133634328842,0.08573631159961223
5712,0.08489695191383362,0.08572329819202423
5713,0.08480104804039001,0.08570179589092732
5714,0.08475466072559357,0.08567657701671123
5715,0.08476733416318893,0.08565329603850841
5716,0.08472754806280136,0.08563133358955383
5717,0.0848136767745018,0.08561316572129726
5718,0.0847853571176529,0.08559645034372806
5719,0.08474770188331604,0.0855783363431692
5720,0.08470377326011658,0.08555990397930145
5721,0.08466591686010361,0.08554375536739826
5722,0.08465708792209625,0.0855279192328453
5723,0.08456027507781982,0.08550888180732727
5724,0.08456380665302277,0.08549010127782822
5725,0.08456015586853027,0.08547330498695374
5726,0.08454369008541107,0.08545211292803287
5727,0.0845455676317215,0.08543003551661968
5728,0.08454082161188126,0.08541156396269799
5729,0.08462262153625488,0.0853937865793705
5730,0.08467572182416916,0.08537648022174835
5731,0.08450396358966827,0.08535746417939663
5732,0.08458435535430908,0.0853409156948328
5733,0.08476533740758896,0.08532749190926552
5734,0.0847259908914566,0.08531442508101464
5735,0.08444060385227203,0.08529816508293152
5736,0.08468934893608093,0.08528403140604496
5737,0.0847669243812561,0.08527294777333737
5738,0.08454664051532745,0.08525954000651836
5739,0.08458028733730316,0.08524152345955371
5740,0.08460740000009537,0.08522506289184094
5741,0.08448962867259979,0.08520919166505336
5742,0.08436717838048935,0.08519428431987762
5743,0.08427760750055313,0.0851782912760973
5744,0.08430682122707367,0.08516139261424542
5745,0.08426174521446228,0.08514540664851665
5746,0.08419223129749298,0.08512971483170986
5747,0.08418617397546768,0.08511421896517277
5748,0.08412860333919525,0.0850986284762621
5749,0.08408117294311523,0.08508250713348389
5750,0.08407169580459595,0.08506723210215568
5751,0.08404700458049774,0.08504957899451256
5752,0.08400730788707733,0.08503128916025161
5753,0.08396534621715546,0.08501408345997334
5754,0.08404617011547089,0.08499654054641724
5755,0.08394569158554077,0.08497535847127438
5756,0.08407633751630783,0.08495792970061303
5757,0.08414106070995331,0.08494159750640393
5758,0.08399853110313416,0.08492383569478988
5759,0.08408304303884506,0.08490716375410556
5760,0.08426026254892349,0.0848932133615017
5761,0.08399620652198792,0.08487606711685658
5762,0.08403883874416351,0.08486041210591794
5763,0.08400627970695496,0.08484376899898052
5764,0.08388938009738922,0.08482609197497368
5765,0.08396930992603302,0.08481130242347718
5766,0.08396431058645248,0.08479393430054188
5767,0.08381596207618713,0.08477038152515888
5768,0.08375820517539978,0.08475043065845966
5769,0.0838036760687828,0.08473218217492104
5770,0.0840533971786499,0.08471710786223412
5771,0.08422715961933136,0.08470577843487263
5772,0.08423515409231186,0.08469396039843559
5773,0.0841047391295433,0.08468012452125549
5774,0.08406977355480194,0.08466575220227242
5775,0.08397556841373444,0.08465111367404461
5776,0.08383926749229431,0.08463498830795288
5777,0.08400547504425049,0.08462033674120903
5778,0.08415832370519638,0.0846074578911066
5779,0.08389689773321152,0.08459261760115623
5780,0.08377978205680847,0.08457755789160729
5781,0.08394849300384521,0.08456395581364631
5782,0.08397813886404037,0.08455119207501412
5783,0.08374067395925522,0.08453548230230808
5784,0.08371739089488983,0.0845193850249052
5785,0.08386306464672089,0.0845041348785162
5786,0.08368414640426636,0.08448648452758789
5787,0.08365379273891449,0.08446691885590553
5788,0.08365729451179504,0.08444813176989556
5789,0.08357944339513779,0.08443133927881717
5790,0.08347726613283157,0.08441430106759071
5791,0.08353134244680405,0.0843941666930914
5792,0.08347873389720917,0.08437328271567822
5793,0.08352001011371613,0.08435582131147384
5794,0.08354812860488892,0.08433935195207595
5795,0.08332313597202301,0.08431991450488567
5796,0.08342595398426056,0.08430199407041072
5797,0.08340005576610565,0.08428608946502208
5798,0.08336897939443588,0.08426931530237197
5799,0.08336013555526733,0.08425290629267693
5800,0.08329576253890991,0.08423522189259529
5801,0.08323389291763306,0.08421792127192021
5802,0.08319367468357086,0.08420012235641479
5803,0.0832357406616211,0.08418310537934304
5804,0.08326488733291626,0.08416536867618561
5805,0.08313773572444916,0.08414734542369842
5806,0.08316417038440704,0.08412960551679134
5807,0.08319483697414398,0.08411191068589688
5808,0.08316343277692795,0.08409434162080288
5809,0.08317186683416367,0.08407718710601329
5810,0.08313951641321182,0.08406048923730851
5811,0.08316822350025177,0.08404285810887814
5812,0.08306329697370529,0.08402452155947686
5813,0.0834367573261261,0.08401087865233421
5814,0.0834953784942627,0.0839982858300209
5815,0.08318836987018585,0.08398249618709087
5816,0.08344031870365143,0.08396962389349938
5817,0.08360905945301056,0.08395757772028446
5818,0.08337465673685074,0.08394347071647644
5819,0.08334715664386749,0.08392946526408196
5820,0.08338898420333862,0.08391631737351418
5821,0.08312588185071945,0.08390091702342034
5822,0.08305276185274124,0.08388487376272678
5823,0.08314837515354156,0.083870754763484
5824,0.08305546641349792,0.08385567136108875
5825,0.08290073275566101,0.08383907712996005
5826,0.08323976397514343,0.08382603786885738
5827,0.08334960043430328,0.0838140781968832
5828,0.08326245844364166,0.0838012945652008
5829,0.0833595022559166,0.08378866337239742
5830,0.08337002992630005,0.08377560645341874
5831,0.08353696763515472,0.0837659364938736
5832,0.0836225301027298,0.0837563182413578
5833,0.08333668857812881,0.0837420317530632
5834,0.08320319652557373,0.08372680380940438
5835,0.08312979340553284,0.08371369570493697
5836,0.0830208882689476,0.08369701109826565
5837,0.08291009068489075,0.083678442761302
5838,0.08293924480676651,0.08366236880421639
5839,0.08284908533096313,0.08364505678415299
5840,0.0831155776977539,0.08363013856112957
5841,0.0830838531255722,0.0836160808056593
5842,0.0829285979270935,0.08360169500112534
5843,0.08297467976808548,0.08358866572380066
5844,0.08294078707695007,0.08357500538229942
5845,0.08288346230983734,0.08356122255325317
5846,0.08271685987710953,0.08354646883904934
5847,0.08284839987754822,0.08353309109807014
5848,0.08285418152809143,0.0835203468799591
5849,0.0827212929725647,0.0835067480802536
5850,0.08265901356935501,0.08349262125790119
5851,0.08275055885314941,0.0834796568006277
5852,0.08269666880369186,0.08346655040979385
5853,0.0826181024312973,0.08345307797193527
5854,0.08257412910461426,0.0834383575618267
5855,0.08280273526906967,0.083426927998662
5856,0.0828297883272171,0.08341446250677109
5857,0.08257000148296356,0.08339875191450119
5858,0.08302178233861923,0.08338898442685604
5859,0.08379070460796356,0.08338606104254723
5860,0.0838492214679718,0.08338195063173771
5861,0.08384785056114197,0.08338046707212925
5862,0.08442069590091705,0.08338428564369678
5863,0.08377069234848022,0.08338192977011204
5864,0.08338004350662231,0.08337683640420437
5865,0.08299556374549866,0.08336709894239902
5866,0.08261997252702713,0.08335365556180477
5867,0.08283261209726334,0.08334382206201553
5868,0.0831102654337883,0.08333734266459941
5869,0.08293196558952332,0.08332862555980683
5870,0.08274319767951965,0.08331552356481552
5871,0.0828370749950409,0.08330162271857261
5872,0.08272138237953186,0.08328648500144481
5873,0.08250819146633148,0.0832705195248127
5874,0.08267775177955627,0.08325659930706024
5875,0.08245828747749329,0.08324142649769783
5876,0.08240195363759995,0.08322705335915088
5877,0.0824044868350029,0.0832110434770584
5878,0.08230377733707428,0.08319249801337719
5879,0.08227266371250153,0.0831762556731701
5880,0.08232241868972778,0.08316168203949928
5881,0.08229659497737885,0.08314516305923463
5882,0.08217963576316833,0.0831271780282259
5883,0.08248327672481537,0.0831146040558815
5884,0.08268941193819046,0.0831043242663145
5885,0.08237333595752716,0.08308942697942256
5886,0.08240111172199249,0.08307659663259984
5887,0.08259611576795578,0.08306601986289025
5888,0.08241649717092514,0.08305361188948154
5889,0.08225381374359131,0.08304035559296608
5890,0.08241073787212372,0.083029690310359
5891,0.08231811225414276,0.08301755800843238
5892,0.08226598799228668,0.08300543054938317
5893,0.08230766654014587,0.08299330711364745
5894,0.0821550041437149,0.08297937586903573
5895,0.08216606080532074,0.0829678051173687
5896,0.08243025094270706,0.08295784808695317
5897,0.08229793608188629,0.08294682689011097
5898,0.08231419324874878,0.0829362790286541
5899,0.08212431520223618,0.08292392082512379
5900,0.08218847960233688,0.08291284799575806
5901,0.08218406140804291,0.08290234968066215
5902,0.08217416703701019,0.08289215460419655
5903,0.08202207833528519,0.0828800179809332
5904,0.08196918666362762,0.0828670609742403
5905,0.08194683492183685,0.08285515196621418
5906,0.08192860335111618,0.08284279629588127
5907,0.08186011761426926,0.08282944910228253
5908,0.08182874321937561,0.082816102206707
5909,0.08196988701820374,0.0828040824085474
5910,0.08197685331106186,0.0827924557775259
5911,0.08184847235679626,0.08277925826609135
5912,0.0817786157131195,0.08276641145348548
5913,0.0818876326084137,0.08275092020630836
5914,0.08185145258903503,0.08273448094725609
5915,0.08176057040691376,0.08272020295262336
5916,0.08172646164894104,0.08270306438207627
5917,0.08178410679101944,0.08268481485545635
5918,0.08170704543590546,0.0826681387424469
5919,0.0817730575799942,0.08265239775180816
5920,0.08179132640361786,0.08263642117381095
5921,0.08172725141048431,0.08262243486940861
5922,0.0819094255566597,0.08261100150644779
5923,0.08199049532413483,0.08259942270815372
5924,0.08180627971887589,0.08258693084120751
5925,0.0816773921251297,0.08257469743490219
5926,0.08172246813774109,0.08255952447652817
5927,0.08165822923183441,0.08254261076450348
5928,0.0815795361995697,0.08252578154206276
5929,0.08161628246307373,0.08250834934413433
5930,0.0815649926662445,0.08249029897153377
5931,0.08158659934997559,0.08247079528868198
5932,0.08158640563488007,0.08245043404400348
5933,0.08159783482551575,0.08243304550647736
5934,0.08154270797967911,0.08241644062101841
5935,0.08149383962154388,0.08240008108317852
5936,0.08159098029136658,0.08238578200340271
5937,0.08143986761569977,0.0823710797727108
5938,0.08145801723003387,0.08235626749694347
5939,0.08143384009599686,0.08234211504459381
5940,0.08144031465053558,0.08232536241412163
5941,0.081456258893013,0.08230908647179604
5942,0.08138249069452286,0.08229362539947033
5943,0.08200541883707047,0.08228393279016018
5944,0.08230413496494293,0.0822775662690401
5945,0.08204229176044464,0.08226915456354618
5946,0.08181241899728775,0.08226011015474796
5947,0.08161253482103348,0.08224775150418281
5948,0.0816546082496643,0.08223575577139855
5949,0.0815829485654831,0.08222437232732772
5950,0.0816570520401001,0.08221435271203519
5951,0.08174945414066315,0.08220434166491032
5952,0.08175298571586609,0.08219490483403206
5953,0.08180795609951019,0.08218680337071418
5954,0.08178263902664185,0.08217888846993446
5955,0.0819990336894989,0.08217085145413876
5956,0.08177345991134644,0.08216028816998006
5957,0.08152875304222107,0.08214987568557262
5958,0.08145741373300552,0.08213423199951649
5959,0.08131615072488785,0.08210948646068573
5960,0.08127860724925995,0.08208378031849861
5961,0.08138826489448547,0.08205918446183205
5962,0.08139432221651077,0.08202892072498798
5963,0.0814405232667923,0.0820056190341711
5964,0.08126315474510193,0.0819844501465559
5965,0.08107491582632065,0.08196524366736412
5966,0.08123859018087387,0.08195142984390259
5967,0.08135822415351868,0.08193668596446514
5968,0.08138710260391235,0.08191945433616638
5969,0.081422358751297,0.08190435826778412
5970,0.08142346888780594,0.08189116097986698
5971,0.0812717005610466,0.08187550723552704
5972,0.0810684785246849,0.08185897819697857
5973,0.0812227874994278,0.08184612415730953
5974,0.08147069811820984,0.08183405362069607
5975,0.08154507726430893,0.08182492151856423
5976,0.0812804102897644,0.08181370608508587
5977,0.0814523994922638,0.08180418521165848
5978,0.08151931315660477,0.08179634056985378
5979,0.08143991231918335,0.0817880130559206
5980,0.08104762434959412,0.08177526511251926
5981,0.08107753098011017,0.08176307447254658
5982,0.08121483027935028,0.0817534264177084
5983,0.08110084384679794,0.08173960208892822
5984,0.08159403502941132,0.08172864831984043
5985,0.08177943527698517,0.081722709313035
5986,0.08147300034761429,0.08171342819929123
5987,0.08151619881391525,0.08170262902975083
5988,0.08162139356136322,0.08169467799365521
5989,0.08137550950050354,0.08168589495122433
5990,0.08107518404722214,0.08167253941297531
5991,0.08101114630699158,0.0816594697535038
5992,0.08081848919391632,0.08164499476552009
5993,0.08119560778141022,0.08163387417793273
5994,0.08119717240333557,0.08162429586052894
5995,0.08098731935024261,0.08161250844597817
5996,0.08130423724651337,0.08160124830901623
5997,0.0816643238067627,0.081594912186265
5998,0.08141174167394638,0.08158588767051697
5999,0.08118302375078201,0.08157647475600242
6000,0.0810348391532898,0.08156493835151196
6001,0.08094349503517151,0.08155253268778324
6002,0.08089466392993927,0.08153973765671253
6003,0.08092232048511505,0.08152874007821083
6004,0.08090466260910034,0.08151809483766556
6005,0.08099579811096191,0.0815085844695568
6006,0.08091568946838379,0.08149845533072948
6007,0.0807717815041542,0.08148757196962833
6008,0.08071494102478027,0.08147643394768238
6009,0.08069775253534317,0.08146371260285377
6010,0.0806661993265152,0.0814506060630083
6011,0.0807725191116333,0.08143984653055668
6012,0.08067326247692108,0.0814287929981947
6013,0.08097954094409943,0.08141971208155155
6014,0.0811895951628685,0.08141309350728988
6015,0.08083144575357437,0.0814038022607565
6016,0.08097042143344879,0.08139624185860157
6017,0.08100888878107071,0.08138848967850208
6018,0.08083907514810562,0.08137980997562408
6019,0.08070456981658936,0.08136912509799003
6020,0.08092223852872849,0.08136043421924115
6021,0.08085444569587708,0.08135170616209507
6022,0.08064893633127213,0.08133910126984119
6023,0.08061951398849487,0.08132539145648479
6024,0.08078725636005402,0.08131520122289658
6025,0.08070696890354156,0.0813054969906807
6026,0.08075172454118729,0.08129578955471516
6027,0.08083933591842651,0.08128760062158108
6028,0.08063827455043793,0.08127818800508976
6029,0.08077836036682129,0.08126980878412723
6030,0.08094414323568344,0.08126360028982163
6031,0.08099093288183212,0.0812576436251402
6032,0.08083917200565338,0.08125017128884793
6033,0.0806892141699791,0.08124108508229255
6034,0.08051350712776184,0.08123079307377339
6035,0.08050837367773056,0.08122093841433525
6036,0.08052491396665573,0.08121027775108815
6037,0.08054064214229584,0.08120128549635411
6038,0.08060251176357269,0.0811927304416895
6039,0.08049176633358002,0.08118330970406533
6040,0.0804125964641571,0.08117303252220154
6041,0.08054201304912567,0.08116389006376266
6042,0.08052605390548706,0.0811553256958723
6043,0.08049789071083069,0.08114025041460991
6044,0.08090076595544815,0.08112621672451496
6045,0.08070216327905655,0.08111281543970109
6046,0.08052782714366913,0.0810999695211649
6047,0.08071459829807281,0.0810909901559353
6048,0.0806555449962616,0.08108099952340125
6049,0.08075013756752014,0.08107267141342163
6050,0.08059193193912506,0.08106202021241188
6051,0.0806472897529602,0.08105099856853486
6052,0.08084837347269058,0.0810419524461031
6053,0.08079461753368378,0.08103181906044483
6054,0.08059484511613846,0.0810199411213398
6055,0.08041681349277496,0.08100411891937256
6056,0.08047981560230255,0.08099118247628212
6057,0.08060579001903534,0.08098195284605027
6058,0.0805356353521347,0.08097273506224155
6059,0.08051910996437073,0.08096476465463638
6060,0.08041852712631226,0.08095616385340691
6061,0.08031706511974335,0.08094545185565949
6062,0.08024933934211731,0.08093400202691554
6063,0.08032239973545074,0.08092282079160214
6064,0.080283984541893,0.08091302908957004
6065,0.08027401566505432,0.08090502008795739
6066,0.08029472827911377,0.08089558146893978
6067,0.08020544797182083,0.0808840537071228
6068,0.08016417920589447,0.08087182447314262
6069,0.08008775115013123,0.08085847839713096
6070,0.08008364588022232,0.08084508016705513
6071,0.08004017174243927,0.08083276487886906
6072,0.08008544147014618,0.08082293450832367
6073,0.0802052766084671,0.08081275939941407
6074,0.08034054934978485,0.08080145791172981
6075,0.08031131327152252,0.08078912027180195
6076,0.08010952174663544,0.08077741138637066
6077,0.08009310811758041,0.08076381847262383
6078,0.0803280845284462,0.08075190618634225
6079,0.0801958292722702,0.0807394653558731
6080,0.08005116134881973,0.08072950072586536
6081,0.07994122058153152,0.08071813762187957
6082,0.0801091119647026,0.0807070804387331
6083,0.08019398152828217,0.08069801181554795
6084,0.0800718441605568,0.0806827899068594
6085,0.0800374299287796,0.08066536985337734
6086,0.08013921976089478,0.08065203204751015
6087,0.08002392947673798,0.08063710935413837
6088,0.07979525625705719,0.08061884798109531
6089,0.07993678748607635,0.08060446076095104
6090,0.0800212174654007,0.08059392109513283
6091,0.08003916591405869,0.0805842012912035
6092,0.08000447601079941,0.08057606115937233
6093,0.08016177266836166,0.08056572280824184
6094,0.08019383251667023,0.08055568940937519
6095,0.07999604195356369,0.0805457766354084
6096,0.0799659937620163,0.08053239420056343
6097,0.07997185736894608,0.08051546953618527
6098,0.08026832342147827,0.08050403535366059
6099,0.08016585558652878,0.08049386367201805
6100,0.07981075346469879,0.08048162281513214
6101,0.0797254741191864,0.08046944260597229
6102,0.079813152551651,0.0804586274921894
6103,0.07988692820072174,0.08044827356934547
6104,0.07991284132003784,0.08043835535645485
6105,0.07979492843151093,0.08042634665966034
6106,0.07977017760276794,0.08041489154100417
6107,0.0800102949142456,0.0804072766751051
6108,0.07999081909656525,0.08040003545582294
6109,0.07971952110528946,0.08039025314152241
6110,0.07981795817613602,0.08038177073001862
6111,0.07980246841907501,0.08037207022309303
6112,0.07993993908166885,0.08036473698914051
6113,0.0800870805978775,0.0803558123856783
6114,0.07979898154735565,0.08034190624952316
6115,0.0798773467540741,0.08033236525952817
6116,0.07992013543844223,0.0803218623995781
6117,0.07973399013280869,0.08030911341309548
6118,0.07993702590465546,0.08030009292066097
6119,0.08013022691011429,0.08029434949159622
6120,0.07984229922294617,0.0802835500985384
6121,0.07973598688840866,0.08027236551046371
6122,0.07981997728347778,0.08026407591998577
6123,0.07966605573892593,0.08025454133749008
6124,0.07958076894283295,0.08024247646331788
6125,0.07962191104888916,0.08023162588477134
6126,0.07958956062793732,0.08022000424563885
6127,0.0796164944767952,0.08020777583122253
6128,0.07962533831596375,0.0801976464688778
6129,0.07958824187517166,0.0801857452839613
6130,0.07953031361103058,0.08017160698771476
6131,0.0797765851020813,0.08015946350991726
6132,0.07966192811727524,0.08014769107103348
6133,0.07977095246315002,0.08013850845396518
6134,0.07977846264839172,0.08013115800917149
6135,0.07951779663562775,0.08012125223875045
6136,0.07949024438858032,0.08011090554296971
6137,0.07972444593906403,0.08010274358093739
6138,0.07963158190250397,0.0800930342823267
6139,0.07953864336013794,0.08008350305259228
6140,0.07950369268655777,0.08007441401481628
6141,0.07976099103689194,0.08006660379469395
6142,0.07994281500577927,0.08006077140569687
6143,0.07977449893951416,0.0800535374879837
6144,0.07969838380813599,0.08004151366651058
6145,0.07973159849643707,0.08003180801868438
6146,0.07964102923870087,0.0800229400396347
6147,0.07962337881326675,0.08001202784478664
6148,0.07941694557666779,0.0799996418505907
6149,0.07934629917144775,0.07998560346662999
6150,0.07945461571216583,0.07997423030436039
6151,0.07935924828052521,0.07996134988963605
6152,0.07940936088562012,0.07994695976376534
6153,0.07933638989925385,0.07993237748742103
6154,0.07962654531002045,0.07992269448935986
6155,0.07976070046424866,0.07991613335907459
6156,0.07937859743833542,0.07990512117743492
6157,0.07981184124946594,0.07989718168973922
6158,0.07983788847923279,0.0798902042210102
6159,0.07969099283218384,0.07988192304968834
6160,0.07963423430919647,0.07987408012151719
6161,0.07937902212142944,0.07986469969153404
6162,0.07929567247629166,0.07985516302287579
6163,0.07966040074825287,0.0798485430330038
6164,0.0796952098608017,0.07984265528619289
6165,0.07932420819997787,0.07983315721154213
6166,0.0793491005897522,0.07982370093464851
6167,0.0794130265712738,0.07981577672064305
6168,0.07928983867168427,0.07980703331530094
6169,0.07933132350444794,0.0797994690388441
6170,0.08002667129039764,0.07979889929294587
6171,0.08034802228212357,0.07980197779834271
6172,0.07966845482587814,0.07979780793190003
6173,0.07958732545375824,0.07979162842035294
6174,0.07954190671443939,0.07978364199399948
6175,0.07943828403949738,0.07977491170167923
6176,0.07953442633152008,0.07976916074752807
6177,0.07963145524263382,0.07976454421877861
6178,0.07930433750152588,0.0797543067485094
6179,0.07929811626672745,0.07974532961845399
6180,0.0797894150018692,0.07974271215498448
6181,0.07966893911361694,0.07973998934030532
6182,0.07992984354496002,0.0797381966561079
6183,0.08036022633314133,0.0797398591041565
6184,0.07941444218158722,0.07973328508436679
6185,0.07903818786144257,0.07972329266369343
6186,0.07906635105609894,0.07971256397664547
6187,0.07922962307929993,0.0797046209126711
6188,0.07910850644111633,0.07969775341451169
6189,0.07899577915668488,0.07968834333121777
6190,0.07920287549495697,0.07968015991151332
6191,0.07916523516178131,0.07967142060399056
6192,0.07917261868715286,0.0796631020307541
6193,0.07905057072639465,0.07965199001133443
6194,0.07912325859069824,0.0796412842720747
6195,0.07902728021144867,0.07963159665465355
6196,0.07905995845794678,0.07962253630161285
6197,0.07897280156612396,0.07961254574358463
6198,0.07900989055633545,0.07959996141493321
6199,0.07896201312541962,0.07958792299032211
6200,0.07887259125709534,0.07957854136824608
6201,0.07893098890781403,0.07957059651613235
6202,0.07907123118638992,0.07956317730247975
6203,0.07893815636634827,0.07955368958413601
6204,0.07901988178491592,0.0795447599887848
6205,0.07897544652223587,0.07953656516969204
6206,0.07895715534687042,0.07952843494713306
6207,0.07911720871925354,0.07951950408518314
6208,0.07904858887195587,0.07951008178293704
6209,0.07909193634986877,0.07950380593538284
6210,0.07893852889537811,0.07949501164257526
6211,0.0790378525853157,0.07948736548423767
6212,0.07903888821601868,0.07947835497558117
6213,0.07893015444278717,0.07946678571403026
6214,0.07884418964385986,0.0794572377949953
6215,0.07882377505302429,0.07944670207798481
6216,0.07898163795471191,0.07943731710314751
6217,0.07882507890462875,0.07942822799086571
6218,0.07874125987291336,0.07941627033054828
6219,0.07891587913036346,0.07940412685275078
6220,0.07889537513256073,0.07939465761184693
6221,0.07880281656980515,0.07938532590866089
6222,0.07881294935941696,0.07937525562942029
6223,0.07890260964632034,0.07936762116849422
6224,0.07878954708576202,0.07935970894992352
6225,0.0786236822605133,0.07934972666203975
6226,0.07888487726449966,0.07934267982840539
6227,0.0790303647518158,0.07933681853115558
6228,0.07893030345439911,0.07932986818253994
6229,0.07897695899009705,0.0793237553536892
6230,0.07886948436498642,0.07931714706122875
6231,0.07908304035663605,0.0793102116137743
6232,0.0788739025592804,0.07930233135819435
6233,0.078682541847229,0.07929144725203514
6234,0.07878309488296509,0.07928149357438087
6235,0.07887274026870728,0.07927504301071167
6236,0.07875696569681168,0.07926771022379399
6237,0.07886097580194473,0.07925907552242278
6238,0.07879266142845154,0.07925068631768227
6239,0.07885891199111938,0.07924388900399208
6240,0.07881594449281693,0.07923701152205467
6241,0.07866139709949493,0.0792260155826807
6242,0.07854833453893661,0.07921207077801228
6243,0.07855230569839478,0.07919984884560108
6244,0.07891912758350372,0.07919205628335475
6245,0.07897985726594925,0.07918453887104988
6246,0.0785965695977211,0.07917409427464009
6247,0.07863931357860565,0.07916425362229347
6248,0.07889211177825928,0.07915900528430939
6249,0.07873152196407318,0.07915285751223564
6250,0.07863911241292953,0.07914470247924328
6251,0.0787883996963501,0.07913899399340153
6252,0.07849937677383423,0.07912989415228366
6253,0.07846410572528839,0.07912117131054401
6254,0.0783701241016388,0.0791086070984602
6255,0.0785137414932251,0.07909613750874996
6256,0.07854343950748444,0.07908778592944145
6257,0.07840494811534882,0.07907371699810029
6258,0.07845999300479889,0.07905993804335594
6259,0.07837478816509247,0.07904677599668503
6260,0.07838958501815796,0.07903432950377465
6261,0.07843760401010513,0.0790249153226614
6262,0.07842852175235748,0.07901624381542206
6263,0.07832089066505432,0.07900284871459007
6264,0.0788855105638504,0.07899475172162056
6265,0.07903449237346649,0.07899185456335545
6266,0.07890338450670242,0.07898739740252494
6267,0.07885944843292236,0.07898186162114143
6268,0.07865621149539948,0.07897552534937859
6269,0.07837558537721634,0.07896596796810627
6270,0.0787988007068634,0.07895368926227092
6271,0.07872191071510315,0.07893742814660072
6272,0.07892747223377228,0.07893001832067967
6273,0.07919430732727051,0.07892608813941479
6274,0.0791873186826706,0.0789225422590971
6275,0.07897389680147171,0.07891789838671684
6276,0.07854335010051727,0.07890798762440682
6277,0.07853028178215027,0.07889697588980198
6278,0.07843567430973053,0.07888828925788402
6279,0.07871896028518677,0.07888249769806861
6280,0.07876385003328323,0.07887224204838277
6281,0.07864855229854584,0.07886203818023205
6282,0.07844345271587372,0.07884717427194118
6283,0.07891099900007248,0.0788326819986105
6284,0.07923159003257751,0.0788308534771204
6285,0.07858090847730637,0.07882628068327904
6286,0.07859158515930176,0.07882153302431107
6287,0.07868733257055283,0.0788161101192236
6288,0.0784853994846344,0.07880987904965878
6289,0.07828339189291,0.07880275517702102
6290,0.07825314998626709,0.07879325792193413
6291,0.0783318430185318,0.07878492400050163
6292,0.0782417431473732,0.07877561524510383
6293,0.07823728024959564,0.07876748234033584
6294,0.07820114493370056,0.07875826120376588
6295,0.07829593122005463,0.07875094771385192
6296,0.07826326787471771,0.07874298080801964
6297,0.07838177680969238,0.07873707056045533
6298,0.07821236550807953,0.07872909530997277
6299,0.07852037250995636,0.07872467890381812
6300,0.0787181407213211,0.07872313439846039
6301,0.0785573422908783,0.07871939793229103
6302,0.07869454473257065,0.07871563106775284
6303,0.07892029732465744,0.07871545247733593
6304,0.07883113622665405,0.0787135650217533
6305,0.07873480021953583,0.0787111585587263
6306,0.07877513766288757,0.07870933838188648
6307,0.07833541929721832,0.07870152048766613
6308,0.07810606807470322,0.0786920952796936
6309,0.07833888381719589,0.07868456475436687
6310,0.07849250733852386,0.07868010453879833
6311,0.07815480977296829,0.07867127411067486
6312,0.07805781066417694,0.07866146333515645
6313,0.07820671796798706,0.07865422897040844
6314,0.07828609645366669,0.0786486480385065
6315,0.0784071534872055,0.07864448182284832
6316,0.07828839123249054,0.07863754935562611
6317,0.07820544391870499,0.07863135300576687
6318,0.07824839651584625,0.07862642437219619
6319,0.07820786535739899,0.07861934423446655
6320,0.0779939740896225,0.07861033022403717
6321,0.07833504676818848,0.078605652526021
6322,0.0786205530166626,0.07860372856259346
6323,0.07874618470668793,0.07860216431319714
6324,0.07847904413938522,0.07859905928373337
6325,0.07807926833629608,0.0785936151444912
6326,0.07815948873758316,0.07858636125922203
6327,0.07818935811519623,0.07857795119285584
6328,0.07817118614912033,0.07857036001980305
6329,0.0781969204545021,0.0785625596344471
6330,0.077993243932724,0.07855379723012447
6331,0.07799074053764343,0.07854287423193455
6332,0.07795712351799011,0.07853370644152165
6333,0.07816221565008163,0.07852850317955017
6334,0.07797464728355408,0.07852041870355606
6335,0.07828906178474426,0.07851458191871644
6336,0.0784185379743576,0.07851119764149189
6337,0.07842403650283813,0.07850682824850082
6338,0.07841378450393677,0.07850303947925567
6339,0.07826046645641327,0.07849705502390862
6340,0.07813671231269836,0.07849026270210743
6341,0.07825393974781036,0.07848618812859058
6342,0.07815727591514587,0.07848227754235268
6343,0.07796754688024521,0.07847642995417119
6344,0.07799886167049408,0.07846722729504109
6345,0.07804735004901886,0.07845790222287179
6346,0.07855019718408585,0.07845743849873543
6347,0.07854367792606354,0.07845648214221
6348,0.07854551821947098,0.07845301620662212
6349,0.07820156961679459,0.07844771668314934
6350,0.07779738306999207,0.07843929938971997
6351,0.07783681154251099,0.07842978350818157
6352,0.07799430191516876,0.07842473275959491
6353,0.07775724679231644,0.0784176641702652
6354,0.07792143523693085,0.07841317728161812
6355,0.07810711860656738,0.07840911105275154
6356,0.07788364589214325,0.07840251311659813
6357,0.07855784147977829,0.07840404205024243
6358,0.08012539148330688,0.0784206960350275
6359,0.07901240140199661,0.07842707216739654
6360,0.07782157510519028,0.07842139206826687
6361,0.07809954881668091,0.07841801151633263
6362,0.078475221991539,0.07841847851872444
6363,0.07838773727416992,0.0784191469848156
6364,0.07808847725391388,0.07841117665171624
6365,0.0779753029346466,0.07840058475732803
6366,0.07802299410104752,0.07839178085327149
6367,0.07812502980232239,0.07838443666696548
6368,0.07800132036209106,0.0783778877556324
6369,0.0777411088347435,0.07837154299020767
6370,0.07772988826036453,0.07836085386574268
6371,0.07787768542766571,0.07835241161286831
6372,0.0776626393198967,0.07833976328372955
6373,0.07771627604961395,0.07832498297095299
6374,0.0778389424085617,0.0783114992082119
6375,0.07794490456581116,0.0783012092858553
6376,0.07758799940347672,0.07829165577888489
6377,0.07769174128770828,0.07828327037394046
6378,0.07795093953609467,0.07827842302620411
6379,0.07800179719924927,0.07827125139534473
6380,0.07800626754760742,0.07826367557048798
6381,0.07789644598960876,0.0782561545073986
6382,0.07778006792068481,0.07824952065944672
6383,0.07762131094932556,0.07823662377893925
6384,0.07785245776176453,0.07822283245623111
6385,0.0777844563126564,0.07821486793458461
6386,0.0776902586221695,0.0782058546692133
6387,0.07773780822753906,0.07819635942578315
6388,0.07780148088932037,0.07818952023983002
6389,0.07796166837215424,0.07818630300462245
6390,0.07783427834510803,0.07818211428821087
6391,0.07752354443073273,0.07817403130233287
6392,0.07789643108844757,0.07817057818174362
6393,0.0782250314950943,0.07817045569419862
6394,0.0786057636141777,0.07817450188100337
6395,0.07872407138347626,0.0781787832826376
6396,0.07857103645801544,0.07818186096847057
6397,0.0781203880906105,0.07817924708127975
6398,0.0777658149600029,0.07817478157579899
6399,0.07803548872470856,0.07816993273794651
6400,0.0779905915260315,0.07816265724599361
6401,0.07823289930820465,0.07815941281616688
6402,0.07811585813760757,0.07815362595021724
6403,0.0781124085187912,0.07814554706215858
6404,0.0780617818236351,0.0781378535181284
6405,0.07794732600450516,0.07812997877597809
6406,0.07784175127744675,0.07812064491212369
6407,0.07783620059490204,0.07811565272510052
6408,0.0777275487780571,0.07811186753213406
6409,0.07751573622226715,0.07810363605618477
6410,0.07745030522346497,0.07809321403503418
6411,0.07734739035367966,0.0780851398408413
6412,0.07753005623817444,0.07807986229658127
6413,0.07754600793123245,0.07807325519621372
6414,0.07737815380096436,0.0780641757696867
6415,0.07746852934360504,0.07805478952825069
6416,0.07753317058086395,0.07804723732173442
6417,0.07742762565612793,0.07803945913910866
6418,0.07749639451503754,0.07803193911910057
6419,0.07770124077796936,0.07802687287330627
6420,0.07779514789581299,0.07802488461136818
6421,0.07783029228448868,0.07801983706653118
6422,0.07766024768352509,0.0780102340131998
6423,0.07733586430549622,0.0779961308091879
6424,0.0774441659450531,0.07798578202724457
6425,0.0774412453174591,0.0779794017970562
6426,0.07732374221086502,0.07797104433178902
6427,0.07775826752185822,0.07796673342585564
6428,0.07789921760559082,0.07796401374042033
6429,0.07779888808727264,0.07796003341674805
6430,0.07757838070392609,0.07795588478446007
6431,0.0776422917842865,0.0779524002969265
6432,0.0773843377828598,0.07794667243957519
6433,0.07733215391635895,0.07793837182223796
6434,0.07723468542098999,0.07793097220361232
6435,0.07716578245162964,0.07791973941028119
6436,0.07727564871311188,0.07790831051766872
6437,0.07714055478572845,0.07789547570049762
6438,0.07714634388685226,0.07788280129432679
6439,0.07708472013473511,0.07787104383111
6440,0.07718613743782043,0.07786153808236122
6441,0.07721467316150665,0.07785114541649818
6442,0.07712604105472565,0.07784083306789398
6443,0.07707858830690384,0.07783194348216056
6444,0.07699401676654816,0.0778218950331211
6445,0.07727649807929993,0.07781418651342392
6446,0.07731324434280396,0.0778018169850111
6447,0.07743353396654129,0.07779071554541588
6448,0.07752566784620285,0.07778051704168319
6449,0.0775773823261261,0.07777427516877651
6450,0.0774456188082695,0.07777075752615929
6451,0.07724352180957794,0.07776482462882996
6452,0.0771273523569107,0.07775615513324738
6453,0.07718238234519958,0.07775040648877621
6454,0.077350914478302,0.07774470128118992
6455,0.07743148505687714,0.07773794494569301
6456,0.0775749459862709,0.07773485794663429
6457,0.07735751569271088,0.07772285468876362
6458,0.07703307271003723,0.07769193150103092
6459,0.07752780616283417,0.0776770855486393
6460,0.07803505659103394,0.07767922036349774
6461,0.07810068130493164,0.07767923168838024
6462,0.07782013714313507,0.0776726808398962
6463,0.07727700471878052,0.0776615735143423
6464,0.07819464802742004,0.07766263522207736
6465,0.07863619923591614,0.07766924418509007
6466,0.07872672379016876,0.07767628148198127
6467,0.07866126298904419,0.0776816438138485
6468,0.07826298475265503,0.07768426045775413
6469,0.07797306030988693,0.07768657997250557
6470,0.07787972688674927,0.07768807835876941
6471,0.07798613607883453,0.0776891628652811
6472,0.07793678343296051,0.07769190430641175
6473,0.07760180532932281,0.07769075959920883
6474,0.07740253210067749,0.07768639549612999
6475,0.07710885256528854,0.07767803497612476
6476,0.07702682167291641,0.07767242319881916
6477,0.07718180119991302,0.07766732379794121
6478,0.07715447247028351,0.0776593591272831
6479,0.07720202207565308,0.07765136137604714
6480,0.07715153694152832,0.07764281406998634
6481,0.0771329253911972,0.07763517886400223
6482,0.07709485292434692,0.07762832671403885
6483,0.07691791653633118,0.07762129276990891
6484,0.07681061327457428,0.07761087432503701
6485,0.07686352729797363,0.07760166503489017
6486,0.07699207961559296,0.07759468324482441
6487,0.07696375250816345,0.07758694268763065
6488,0.0769340842962265,0.07757826872169972
6489,0.07681570947170258,0.0775668091326952
6490,0.07696125656366348,0.07755807891488076
6491,0.07703794538974762,0.07755322292447091
6492,0.07691971212625504,0.07754345573484897
6493,0.07717838883399963,0.07753298930823803
6494,0.07740496844053268,0.07752098135650158
6495,0.07684482634067535,0.07750218890607358
6496,0.07688629627227783,0.0774853415042162
6497,0.07696335762739182,0.07747377119958401
6498,0.07663224637508392,0.07746243551373481
6499,0.07693253457546234,0.07745140597224236
6500,0.07738523185253143,0.07744535237550736
6501,0.07682010531425476,0.07743122443556785
6502,0.07665881514549255,0.0774166540056467
6503,0.0767107903957367,0.07740263782441616
6504,0.07682684063911438,0.07739028841257095
6505,0.07673011720180511,0.07737811632454396
6506,0.07652618736028671,0.07736496068537235
6507,0.0764525830745697,0.07735112451016903
6508,0.07660694420337677,0.07733991846442223
6509,0.07646379619836807,0.07732939906418324
6510,0.07686255127191544,0.07732352152466775
6511,0.07713736593723297,0.07732142128050327
6512,0.07694543898105621,0.07731557510793209
6513,0.07704247534275055,0.07731053978204727
6514,0.07703588902950287,0.07730711713433265
6515,0.07696975767612457,0.07730212941765785
6516,0.07682768255472183,0.07729507453739642
6517,0.07658431679010391,0.07728664144873619
6518,0.07653511315584183,0.07727702863514424
6519,0.0766720175743103,0.07726673640310765
6520,0.07688352465629578,0.07725762017071247
6521,0.07672152668237686,0.07724653251469135
6522,0.0766051709651947,0.07723598174750805
6523,0.07659296691417694,0.07722855277359486
6524,0.07682488858699799,0.07722236000001431
6525,0.07690085470676422,0.07721695609390736
6526,0.07675383985042572,0.07721125707030296
6527,0.07647377252578735,0.07719841212034226
6528,0.07640168070793152,0.07718343675136566
6529,0.07650742679834366,0.07717052213847637
6530,0.07661329954862595,0.07716087132692337
6531,0.07641936093568802,0.07714864201843738
6532,0.07629038393497467,0.07713770247995853
6533,0.07643288373947144,0.07712870977818966
6534,0.07633056491613388,0.07711966857314109
6535,0.0763312578201294,0.07711132332682609
6536,0.07629941403865814,0.07710156098008156
6537,0.07620258629322052,0.07709218129515648
6538,0.07624532282352448,0.0770831710845232
6539,0.07625492662191391,0.07707487314939498
6540,0.07613205909729004,0.07706433236598968
6541,0.07617038488388062,0.07705388948321343
6542,0.0761522650718689,0.07704415172338486
6543,0.0761289894580841,0.07703465573489666
6544,0.07608021795749664,0.07702551774680615
6545,0.07609336078166962,0.07701368637382984
6546,0.07635414600372314,0.07700409539043904
6547,0.07652932405471802,0.0769950532913208
6548,0.07647672295570374,0.07698456384241581
6549,0.07636065781116486,0.0769723965972662
6550,0.07613308727741241,0.07695927128195762
6551,0.07616057991981506,0.07694844186305999
6552,0.07607706636190414,0.07693793900310993
6553,0.07674194872379303,0.07693353466689587
6554,0.07705895602703094,0.07693061508238315
6555,0.07651172578334808,0.07692141748964787
6556,0.07684743404388428,0.076914142370224
6557,0.07702402770519257,0.07691080749034881
6558,0.07654985785484314,0.07690597534179687
6559,0.07643380016088486,0.07689503528177738
6560,0.07669395953416824,0.07688162431120872
6561,0.07631854712963104,0.07686380296945572
6562,0.07605394721031189,0.0768461410701275
6563,0.07604071497917175,0.0768337781727314
6564,0.07593561708927155,0.07681118786334991
6565,0.07626660168170929,0.07678749188780784
6566,0.07649140059947968,0.07676513865590096
6567,0.07604990899562836,0.0767390251159668
6568,0.07635454088449478,0.0767199406772852
6569,0.07644841074943542,0.07670469418168067
6570,0.07614816725254059,0.0766873785853386
6571,0.07604962587356567,0.0766680134832859
6572,0.07611089944839478,0.07664975464344025
6573,0.07587096095085144,0.07663244619965554
6574,0.07621948421001434,0.07662061572074891
6575,0.07658948004245758,0.07661542199552059
6576,0.07635476440191269,0.07660870142281055
6577,0.07621780037879944,0.07659906141459942
6578,0.07641582190990448,0.07659167490899563
6579,0.07616620510816574,0.07658131673932075
6580,0.07599028944969177,0.07656970426440239
6581,0.07586421817541122,0.07655701719224453
6582,0.07583615183830261,0.07654443018138408
6583,0.07572067528963089,0.07653245776891708
6584,0.07581233978271484,0.07652247503399849
6585,0.07595925033092499,0.076513432264328
6586,0.07569949328899384,0.07650050640106201
6587,0.07583493739366531,0.07648921824991703
6588,0.07578478753566742,0.07647772528231143
6589,0.07563399523496628,0.07646590813994408
6590,0.07559658586978912,0.07645226143300533
6591,0.07570295035839081,0.07643891148269176
6592,0.07572094351053238,0.07642692379653454
6593,0.07569733262062073,0.07641211323440075
6594,0.07570232450962067,0.07639508679509163
6595,0.07584380358457565,0.07638507656753063
6596,0.07567638903856277,0.07637297749519348
6597,0.07585607469081879,0.07636190466582775
6598,0.07594074308872223,0.07635498963296414
6599,0.07576912641525269,0.07634335555136204
6600,0.07570336759090424,0.07632653690874576
6601,0.07573596388101578,0.07631569549441337
6602,0.07576090097427368,0.07630671635270118
6603,0.07593375444412231,0.07629894599318504
6604,0.0759379118680954,0.07629005670547485
6605,0.07565413415431976,0.076279296875
6606,0.07589958608150482,0.07627303086221218
6607,0.07647162675857544,0.07627322129905224
6608,0.0763571560382843,0.07627072341740132
6609,0.07674384117126465,0.07627352386713028
6610,0.0768829882144928,0.07627372823655605
6611,0.07647164165973663,0.07626707099378109
6612,0.0763508528470993,0.07626112513244152
6613,0.07652252912521362,0.07625592567026615
6614,0.07610528916120529,0.07624661967158318
6615,0.07609768211841583,0.07623789891600609
6616,0.07614562660455704,0.07623107835650444
6617,0.07585349678993225,0.07622377015650272
6618,0.07576069235801697,0.07621602594852447
6619,0.07583409547805786,0.07620764672756195
6620,0.07565069198608398,0.07619531840085983
6621,0.07569011300802231,0.07618500426411629
6622,0.07567735016345978,0.07617572605609894
6623,0.07564614713191986,0.07616625785827637
6624,0.07571978121995926,0.07615520678460598
6625,0.07565948367118835,0.07614279307425022
6626,0.07551521062850952,0.07613040678203106
6627,0.07558034360408783,0.07612147249281406
6628,0.07561182975769043,0.07611357398331166
6629,0.07572557777166367,0.07610575549304485
6630,0.07568896561861038,0.0760965121537447
6631,0.07550311833620071,0.07608734972774983
6632,0.0754111111164093,0.07607855699956417
6633,0.07540649175643921,0.07606829307973385
6634,0.07539397478103638,0.07605892717838288
6635,0.0756135806441307,0.07605175040662289
6636,0.07566513121128082,0.07604540757834911
6637,0.0754280611872673,0.07603766232728958
6638,0.07539556920528412,0.07602916479110718
6639,0.07540322095155716,0.0760206477344036
6640,0.07544949650764465,0.07601382210850716
6641,0.07557009160518646,0.07600781917572022
6642,0.07545816898345947,0.07600087821483612
6643,0.07538237422704697,0.07599341206252574
6644,0.07528950273990631,0.07598550491034985
6645,0.07551766186952591,0.07597974792122841
6646,0.07557660341262817,0.07597197249531745
6647,0.07573480904102325,0.07596402734518051
6648,0.07600133121013641,0.07595927342772484
6649,0.07593539357185364,0.07595502078533173
6650,0.07570907473564148,0.07595078065991402
6651,0.07540775835514069,0.07594325244426728
6652,0.07584406435489655,0.0759409224241972
6653,0.07588407397270203,0.07593234367668629
6654,0.0759684219956398,0.07592143833637238
6655,0.07560128718614578,0.07591233395040035
6656,0.07540127635002136,0.07589787237346172
6657,0.07549666613340378,0.07588259875774384
6658,0.075746089220047,0.07587456107139587
6659,0.07572050392627716,0.0758674281090498
6660,0.07560960948467255,0.07585658460855484
6661,0.07551683485507965,0.07584856748580933
6662,0.07561564445495605,0.07584418445825576
6663,0.07554803043603897,0.07583925761282444
6664,0.07533517479896545,0.07583325318992137
6665,0.07550369203090668,0.07582562409341335
6666,0.07528078556060791,0.07581351794302464
6667,0.07543304562568665,0.07580734930932521
6668,0.07569581270217896,0.07580076202750206
6669,0.07542095333337784,0.07579048745334148
6670,0.07548078894615173,0.07578381367027759
6671,0.07564092427492142,0.07577972665429115
6672,0.07538476586341858,0.0757724653184414
6673,0.07563914358615875,0.07577014714479446
6674,0.0758836418390274,0.0757667887210846
6675,0.07551336288452148,0.07575602754950524
6676,0.07561221718788147,0.07574860207736492
6677,0.07596708089113235,0.07574609488248825
6678,0.0758129358291626,0.07574006602168083
6679,0.07536530494689941,0.07573205702006817
6680,0.07579009234905243,0.07573005504906177
6681,0.0757807046175003,0.07572921991348266
6682,0.0753808319568634,0.07572466671466828
6683,0.0756678655743599,0.07572413861751556
6684,0.07587596774101257,0.07572477489709854
6685,0.07551198452711105,0.0757203022390604
6686,0.07553420960903168,0.07571864940226078
6687,0.07631991803646088,0.07572349920868873
6688,0.07618947327136993,0.07572754606604576
6689,0.07591784745454788,0.07573038458824158
6690,0.0758647620677948,0.07573306635022163
6691,0.07552267611026764,0.0757312636077404
6692,0.07514156401157379,0.07572546981275081
6693,0.07575874030590057,0.07572608388960361
6694,0.07580721378326416,0.07572713278234006
6695,0.07581953704357147,0.07572689011693001
6696,0.07546967267990112,0.07572482295334339
6697,0.07537154853343964,0.0757199776917696
6698,0.07520468533039093,0.07571261711418628
6699,0.07530051469802856,0.07570793099701405
6700,0.0758819729089737,0.07570971705019475
6701,0.0762304738163948,0.07571466214954853
6702,0.0761559009552002,0.0757186121493578
6703,0.07574218511581421,0.07571669645607472
6704,0.07539127767086029,0.07571123011410236
6705,0.07518130540847778,0.07570650182664394
6706,0.07526400685310364,0.07570014603435993
6707,0.07538455724716187,0.0756892753392458
6708,0.0753825455904007,0.07567952923476697
6709,0.07535845041275024,0.07566567532718181
6710,0.0752933919429779,0.07564977936446667
6711,0.07507513463497162,0.07563581429421902
6712,0.07513754069805145,0.07562368117272854
6713,0.07535512745380402,0.07561200715601445
6714,0.07541823387145996,0.07560513660311699
6715,0.07520149648189545,0.07559617474675179
6716,0.07504713535308838,0.0755851898342371
6717,0.07508772611618042,0.07557753212749958
6718,0.07521834969520569,0.07557210870087147
6719,0.07515911757946014,0.07556535892188548
6720,0.07505625486373901,0.07555941455066204
6721,0.07500874996185303,0.07555260092020034
6722,0.0750492662191391,0.07554632008075714
6723,0.07493923604488373,0.07553925096988678
6724,0.0751735121011734,0.07553378827869892
6725,0.07524794340133667,0.0755296728760004
6726,0.0751551017165184,0.07552607178688049
6727,0.075075164437294,0.07552101999521256
6728,0.07485967874526978,0.07551349848508834
6729,0.07496200501918793,0.07550586275756359
6730,0.07505771517753601,0.07549955025315284
6731,0.07485634088516235,0.07549308247864246
6732,0.07489462196826935,0.07548791758716106
6733,0.07492558658123016,0.07548310853540897
6734,0.0748252272605896,0.07547742106020451
6735,0.07482538372278214,0.07546953909099102
6736,0.07497462630271912,0.0754626340419054
6737,0.07481147348880768,0.07545646816492081
6738,0.07516005635261536,0.07545411303639411
6739,0.07522879540920258,0.07545236878097057
6740,0.0752020925283432,0.07544989474117755
6741,0.07539431750774384,0.07544813700020313
6742,0.07551978528499603,0.0754487531632185
6743,0.07513847947120667,0.0754463142156601
6744,0.07500270009040833,0.07544344618916511
6745,0.075066477060318,0.07543893434107303
6746,0.0751543641090393,0.07543471194803715
6747,0.07513686269521713,0.07542873248457908
6748,0.07490521669387817,0.0754177713394165
6749,0.07466785609722137,0.07540509596467018
6750,0.07481949031352997,0.07539620012044906
6751,0.07500995695590973,0.07539222210645675
6752,0.07502420246601105,0.0753840234875679
6753,0.07488338649272919,0.07537401661276817
6754,0.07473456859588623,0.07536167807877064
6755,0.07466631382703781,0.07535232834517956
6756,0.07473994791507721,0.07534571506083011
6757,0.07470328360795975,0.07533778123557568
6758,0.0747179388999939,0.07532749973237514
6759,0.07470811903476715,0.07531737588346005
6760,0.07452849298715591,0.07530656471848488
6761,0.07446064054965973,0.07529600277543068
6762,0.0744907408952713,0.07528475373983383
6763,0.07470858097076416,0.07527635924518108
6764,0.07470501214265823,0.075270057618618
6765,0.07448180019855499,0.0752598387002945
6766,0.07468531280755997,0.07525388397276402
6767,0.07487782835960388,0.0752483318001032
6768,0.07508205622434616,0.07524219423532486
6769,0.07483680546283722,0.07523635275661945
6770,0.07461538910865784,0.07522769875824452
6771,0.0748232752084732,0.07521952226758004
6772,0.07513884454965591,0.07521706305444241
6773,0.07487814128398895,0.07520945303142071
6774,0.07494685053825378,0.07520008511841297
6775,0.07542832940816879,0.07519923478364944
6776,0.0749024748802185,0.07519213736057281
6777,0.07489317655563354,0.07518139831721783
6778,0.0749596506357193,0.0751728654652834
6779,0.07459674775600433,0.07516517989337444
6780,0.07486001402139664,0.07515587911009788
6781,0.07536882162094116,0.07515176028013229
6782,0.07490062713623047,0.07514695823192596
6783,0.07484734058380127,0.07513875298202038
6784,0.07478823512792587,0.0751278756558895
6785,0.07460318505764008,0.0751187876611948
6786,0.07456793636083603,0.07510912492871284
6787,0.07482145726680756,0.07509414032101631
6788,0.07484608888626099,0.07508070647716522
6789,0.07476872205734253,0.07506921522319317
6790,0.07451549172401428,0.07505572251975537
6791,0.07480502128601074,0.0750485459715128
6792,0.075063057243824,0.0750477609038353
6793,0.07479817420244217,0.07503815524280072
6794,0.07447539269924164,0.07502483703196049
6795,0.07451775670051575,0.07501181922852992
6796,0.07435207068920135,0.07500064320862293
6797,0.07446468621492386,0.07499157458543777
6798,0.07444167882204056,0.07498394452035427
6799,0.07478174567222595,0.07497875683009625
6800,0.07520515471696854,0.0749719886481762
6801,0.07513340562582016,0.07496101796627044
6802,0.07503962516784668,0.0749498552083969
6803,0.07478098571300507,0.07494024321436882
6804,0.07483530044555664,0.07493468344211579
6805,0.0748528391122818,0.07493139877915382
6806,0.07465168833732605,0.07492527559399605
6807,0.07441489398479462,0.07491557896137238
6808,0.07450398802757263,0.07490679338574409
6809,0.07446109503507614,0.07489781983196736
6810,0.07445386797189713,0.07488942459225655
6811,0.0743933767080307,0.07488260701298714
6812,0.07436341792345047,0.07487486578524112
6813,0.07445091009140015,0.07486582361161709
6814,0.07496964186429977,0.07486133769154549
6815,0.07530182600021362,0.07486234098672867
6816,0.07496965676546097,0.0748615662008524
6817,0.07475288212299347,0.07485821776092053
6818,0.07506585121154785,0.07485669277608395
6819,0.07525956630706787,0.07485769726336003
6820,0.0749616026878357,0.07485675074160099
6821,0.07483001053333282,0.07485496334731578
6822,0.0746060460805893,0.0748505311459303
6823,0.07443387806415558,0.074845477566123
6824,0.07446913421154022,0.07483843378722668
6825,0.07472507655620575,0.07483320511877536
6826,0.07461724430322647,0.07482782654464244
6827,0.07462812960147858,0.07482335619628429
6828,0.0746324211359024,0.07482108362019062
6829,0.0748075619339943,0.07481953918933869
6830,0.0749998539686203,0.07481896057724953
6831,0.07467256486415863,0.07481712281703949
6832,0.0744670033454895,0.0748128466308117
6833,0.07458701729774475,0.07480946093797684
6834,0.0746421068906784,0.07480762973427772
6835,0.07452064752578735,0.07480458237230778
6836,0.07449135184288025,0.07479974962770938
6837,0.07455028593540192,0.07479713775217534
6838,0.07451152801513672,0.07479065246880054
6839,0.07444319128990173,0.07478279642760753
6840,0.07430300116539001,0.074773805513978
6841,0.07441389560699463,0.07476400129497052
6842,0.07431173324584961,0.07475192077457905
6843,0.07432100176811218,0.0747437459975481
6844,0.07447104156017303,0.07473842941224575
6845,0.07458896934986115,0.07473365433514118
6846,0.07452229410409927,0.07472733363509178
6847,0.07429121434688568,0.07471887715160846
6848,0.07420402020215988,0.07471186518669129
6849,0.07427714020013809,0.07470795802772046
6850,0.07425524294376373,0.07470231555402279
6851,0.07422131299972534,0.07469442911446095
6852,0.07418948411941528,0.07468608193099499
6853,0.0740295872092247,0.07467754393815994
6854,0.0740015059709549,0.07467021331191064
6855,0.07404667139053345,0.07466401688754559
6856,0.07413050532341003,0.07465792246162892
6857,0.07392030954360962,0.07465009272098541
6858,0.07407253980636597,0.07464363873004913
6859,0.07422463595867157,0.07463880389928818
6860,0.07419894635677338,0.07463550843298435
6861,0.07412714511156082,0.07463217347860336
6862,0.07406638562679291,0.07462792992591857
6863,0.07416641712188721,0.0746225082874298
6864,0.07413055747747421,0.07461676374077797
6865,0.07443781942129135,0.07461632393300534
6866,0.07474960386753082,0.07461696684360504
6867,0.07442646473646164,0.07461245320737361
6868,0.07470215857028961,0.07460865423083306
6869,0.07481710612773895,0.07460845723748206
6870,0.07445090264081955,0.07460681237280369
6871,0.07406154274940491,0.07459919504821301
6872,0.07394342124462128,0.07458724081516266
6873,0.07398675382137299,0.0745783269405365
6874,0.07391395419836044,0.07456799797713756
6875,0.07420642673969269,0.0745557789504528
6876,0.07434600591659546,0.07455021426081658
6877,0.07411313056945801,0.07454241380095482
6878,0.0739404633641243,0.07453222192823887
6879,0.07387484610080719,0.0745250029116869
6880,0.07376651465892792,0.07451406791806221
6881,0.07378776371479034,0.0744982573390007
6882,0.0740114152431488,0.07448936522006988
6883,0.07390002906322479,0.07447989210486412
6884,0.07395225763320923,0.07447153232991695
6885,0.07400666922330856,0.07446556717157364
6886,0.0738477036356926,0.07445836484432221
6887,0.07373960316181183,0.07444754630327224
6888,0.07458429038524628,0.0744449283182621
6889,0.07498122751712799,0.07444705337285995
6890,0.07479672133922577,0.07444986566901207
6891,0.07493184506893158,0.07445113390684127
6892,0.0748063176870346,0.07444856651127338
6893,0.07417711615562439,0.07444235593080521
6894,0.07427895814180374,0.07444039158523083
6895,0.07491199672222137,0.07444433398544788
6896,0.07461881637573242,0.0744470014423132
6897,0.0741373747587204,0.07444372832775116
6898,0.07450372725725174,0.07444434881210327
6899,0.07455328851938248,0.07444206424057484
6900,0.07417745143175125,0.07443178720772266
6901,0.07411637902259827,0.07442161694169044
6902,0.0742630809545517,0.0744138514995575
6903,0.07390137016773224,0.07440505534410477
6904,0.07379817962646484,0.07439468413591385
6905,0.07404708862304688,0.0743866266310215
6906,0.07408048957586288,0.07438091464340686
6907,0.07402293384075165,0.07437699504196643
6908,0.07378382235765457,0.07436979338526725
6909,0.07361821830272675,0.07436136461794376
6910,0.073844775557518,0.07435527369379998
6911,0.07395598292350769,0.07435089975595474
6912,0.07388553023338318,0.07434612087905407
6913,0.07380980998277664,0.07433970987796784
6914,0.07385994493961334,0.07432861290872098
6915,0.07369139790534973,0.07431250862777233
6916,0.07369595766067505,0.07429977163672447
6917,0.07373775541782379,0.07428962036967278
6918,0.07356405258178711,0.07427460238337517
6919,0.07434722781181335,0.07426547899842262
6920,0.07462875545024872,0.07426215052604675
6921,0.07364732772111893,0.07425032369792461
6922,0.07375870645046234,0.07424185030162335
6923,0.07396510243415833,0.07423716254532337
6924,0.07363161444664001,0.07422878734767437
6925,0.0736200213432312,0.07421773679554462
6926,0.07382576167583466,0.0742098219692707
6927,0.0734521895647049,0.07419806256890298
6928,0.07379370927810669,0.07418967545032501
6929,0.07411374151706696,0.07418273724615573
6930,0.073789581656456,0.0741706345230341
6931,0.07342161238193512,0.07415812499821187
6932,0.07344284653663635,0.07414788343012332
6933,0.07335281372070312,0.07413554139435291
6934,0.0734296515583992,0.07412341684103012
6935,0.07352684438228607,0.07411347880959511
6936,0.07370976358652115,0.07410566292703152
6937,0.07352346181869507,0.07409539468586444
6938,0.0734836608171463,0.07408511601388454
6939,0.07343646883964539,0.07407504878938198
6940,0.07338617742061615,0.07406588055193425
6941,0.0733407735824585,0.07405514933168889
6942,0.07347075641155243,0.07404673956334591
6943,0.0736994594335556,0.07404052414000034
6944,0.07349363714456558,0.07403075009584427
6945,0.07409622520208359,0.0740258226543665
6946,0.07437971234321594,0.07402439683675766
6947,0.07371366024017334,0.07401862129569053
6948,0.07393252849578857,0.07401590637862682
6949,0.07441182434558868,0.07401725322008133
6950,0.07423951476812363,0.07401709593832492
6951,0.0737852230668068,0.07401273503899575
6952,0.07382559776306152,0.0740090961754322
6953,0.07394632697105408,0.0740082635730505
6954,0.073924221098423,0.07400749072432518
6955,0.07364394515752792,0.07400346346199513
6956,0.07349567115306854,0.07399711512029171
6957,0.07322424650192261,0.07399015448987484
6958,0.07395002245903015,0.07398892931640148
6959,0.07520982623100281,0.07399878121912479
6960,0.07457926869392395,0.0740025844424963
6961,0.07433416694402695,0.07400465466082096
6962,0.07442890107631683,0.0740082798153162
6963,0.07412306219339371,0.07400784626603127
6964,0.07427093386650085,0.07400925002992154
6965,0.07436170428991318,0.07400848887860775
6966,0.07373131066560745,0.07399830594658852
6967,0.07378313690423965,0.07399187266826629
6968,0.07384219765663147,0.07398327305912972
6969,0.0734749287366867,0.0739698512852192
6970,0.07353885471820831,0.07396073080599308
6971,0.07380865514278412,0.07395820192992687
6972,0.07348683476448059,0.07395363606512546
6973,0.0736406147480011,0.07395017467439174
6974,0.07455077767372131,0.07395654290914536
6975,0.07466942071914673,0.0739611728489399
6976,0.07399126887321472,0.0739576254785061
6977,0.07332316040992737,0.07394972577691078
6978,0.0737781673669815,0.07394810281693935
6979,0.07406251132488251,0.07394997946918011
6980,0.0739406943321228,0.07395172126591205
6981,0.07365837693214417,0.07395042739808559
6982,0.07343021035194397,0.07394461534917354
6983,0.07338176667690277,0.07393943272531033
6984,0.07343348860740662,0.0739342450350523
6985,0.07341162860393524,0.07392829462885857
6986,0.0734047070145607,0.07392386466264725
6987,0.0732976570725441,0.07391944520175457
6988,0.07325272262096405,0.07390612952411174
6989,0.07312703132629395,0.07388758756220341
6990,0.07318633794784546,0.07387148372828961
6991,0.073173388838768,0.07385389916598797
6992,0.07336593419313431,0.07383949533104897
6993,0.07339666783809662,0.0738316908478737
6994,0.07342639565467834,0.07382316522300243
6995,0.07324999570846558,0.07380654521286488
6996,0.07318859547376633,0.07379224300384521
6997,0.07314445823431015,0.07378231383860111
6998,0.07320945709943771,0.07376937113702298
6999,0.07319862395524979,0.07375582449138164
7000,0.07315059006214142,0.07374555587768555
7001,0.07306797802448273,0.0737350718677044
7002,0.07318247109651566,0.07372426576912403
7003,0.073208287358284,0.07371733494102956
7004,0.07305634021759033,0.0737099165469408
7005,0.07309665530920029,0.07370041221380234
7006,0.07299424707889557,0.07368954978883266
7007,0.07293920964002609,0.07367871254682541
7008,0.0729730874300003,0.07367060519754887
7009,0.07295846939086914,0.07366400770843029
7010,0.07300136983394623,0.07365557365119457
7011,0.07294711470603943,0.07364548496901989
7012,0.07329781353473663,0.07363960780203342
7013,0.07339446991682053,0.07363545440137387
7014,0.07320600748062134,0.07362891502678394
7015,0.07321946322917938,0.07362419568002224
7016,0.07296478748321533,0.07361688397824764
7017,0.07348434627056122,0.07361434988677501
7018,0.0738406553864479,0.07361711591482162
7019,0.07346421480178833,0.07360828578472138
7020,0.073450468480587,0.07359650291502476
7021,0.07356756925582886,0.07359570533037185
7022,0.0732535570859909,0.07359065383672714
7023,0.074297234416008,0.07359397515654564
7024,0.07518832385540009,0.07360954225063324
7025,0.07446904480457306,0.07361803248524666
7026,0.07370089739561081,0.07361678384244442
7027,0.07359641790390015,0.07361822612583638
7028,0.07390445470809937,0.0736193335801363
7029,0.07385587692260742,0.0736167549341917
7030,0.07385550439357758,0.07361741416156292
7031,0.0738154724240303,0.07362135276198387
7032,0.0735248476266861,0.07362217277288437
7033,0.07359875738620758,0.07362463220953941
7034,0.07387176156044006,0.07362905330955982
7035,0.07369380444288254,0.07363072291016579
7036,0.07375083118677139,0.0736311335861683
7037,0.07446065545082092,0.07364050552248955
7038,0.07372115552425385,0.07364288046956062
7039,0.07321156561374664,0.07364063143730164
7040,0.07312927395105362,0.07363806240260601
7041,0.07303333282470703,0.07363498799502849
7042,0.0730140432715416,0.07363042086362839
7043,0.07293188571929932,0.07362274512648583
7044,0.07300347089767456,0.07361784346401691
7045,0.07361036539077759,0.07361298486590385
7046,0.07407709956169128,0.07360995873808861
7047,0.0735146701335907,0.07360796883702278
7048,0.07342944294214249,0.07360293798148632
7049,0.07316888868808746,0.0735905086249113
7050,0.07295823097229004,0.07357769578695297
7051,0.07368270307779312,0.07357667058706284
7052,0.07429663836956024,0.07358138099312782
7053,0.073919378221035,0.07358111150562763
7054,0.07323877513408661,0.07357425704598426
7055,0.07346473634243011,0.07357246495783329
7056,0.07352122664451599,0.07357272051274777
7057,0.07313593477010727,0.0735718373954296
7058,0.07314369082450867,0.07356377407908439
7059,0.07336600124835968,0.07354533582925797
7060,0.07298900187015533,0.07352943316102029
7061,0.07310505211353302,0.07351714201271534
7062,0.07327806949615479,0.07350563369691372
7063,0.07296128571033478,0.07349401593208313
7064,0.07322005927562714,0.0734835071861744
7065,0.07413829863071442,0.0734812731295824
7066,0.07338570058345795,0.07347781702876091
7067,0.07285887748003006,0.07346857443451882
7068,0.07286210358142853,0.07345877349376678
7069,0.07268726825714111,0.07345089688897133
7070,0.07261327654123306,0.07344164110720158
7071,0.07278323173522949,0.07343138687312603
7072,0.07280585169792175,0.07342457704246044
7073,0.07280682772397995,0.07341623917222023
7074,0.07279147207736969,0.07339864611625671
7075,0.07309006154537201,0.07338285252451897
7076,0.07319658994674683,0.07337490573525429
7077,0.0730137974023819,0.07337181210517883
7078,0.07285390794277191,0.07336256951093674
7079,0.07301050424575806,0.07335204944014549
7080,0.07319843769073486,0.07334462687373161
7081,0.07344286143779755,0.07334247171878815
7082,0.07307638227939606,0.07333893343806266
7083,0.07303856313228607,0.07333550140261651
7084,0.07341328263282776,0.07333529934287071
7085,0.07300709187984467,0.07333125397562981
7086,0.07320039719343185,0.07332921087741852
7087,0.07327711582183838,0.07332900546491146
7088,0.07298010587692261,0.07332627929747104
7089,0.07296371459960938,0.0733246461302042
7090,0.07284708321094513,0.0733212535828352
7091,0.07264507561922073,0.07331597045063973
7092,0.07262127101421356,0.07330852381885052
7093,0.07281018793582916,0.07330265901982784
7094,0.0729750320315361,0.07329814538359641
7095,0.07288750261068344,0.0732945204526186
7096,0.07264593243598938,0.07328909382224083
7097,0.07284082472324371,0.07328605748713017
7098,0.07292278856039047,0.07328319080173969
7099,0.07291220873594284,0.07328032664954662
7100,0.07282252609729767,0.07327704600989819
7101,0.0726730078458786,0.07327309630811214
7102,0.07298371195793152,0.0732711087167263
7103,0.07308213412761688,0.07326984718441963
7104,0.0728617012500763,0.07326790079474449
7105,0.07262296229600906,0.07326316386461258
7106,0.07302975654602051,0.07326351895928383
7107,0.0733557641506195,0.07326768450438977
7108,0.07331407070159912,0.07327109433710575
7109,0.07305949181318283,0.07327210456132889
7110,0.0725553035736084,0.0732676438987255
7111,0.07247012853622437,0.07326287403702736
7112,0.07265198230743408,0.07325641572475433
7113,0.07274896651506424,0.07324996069073678
7114,0.07272429764270782,0.07324514359235763
7115,0.0726310983300209,0.07323925994336605
7116,0.07263180613517761,0.07323593012988568
7117,0.07254400849342346,0.0732265267521143
7118,0.07245783507823944,0.07321269854903222
7119,0.07240405678749084,0.07320209696888924
7120,0.07246518135070801,0.07319224409759045
7121,0.07241107523441315,0.07318067915737629
7122,0.07236592471599579,0.07317180283367634
7123,0.07245498895645142,0.07315338037908077
7124,0.07257170230150223,0.07312721416354179
7125,0.07249726355075836,0.07310749635100365
7126,0.07240299880504608,0.073094517365098
7127,0.07252691686153412,0.07308382235467434
7128,0.07247559726238251,0.07306953378021717
7129,0.07238262891769409,0.07305480130016803
7130,0.07234025746583939,0.07303964883089066
7131,0.0723787173628807,0.07302528128027916
7132,0.07241229712963104,0.0730141557753086
7133,0.07240802049636841,0.07300224840641022
7134,0.07229678332805634,0.07298649862408638
7135,0.07220747321844101,0.07297163531184196
7136,0.07269681245088577,0.07296109512448311
7137,0.07287919521331787,0.07294528052210808
7138,0.07276611030101776,0.07293573006987572
7139,0.07252511382102966,0.07292886555194855
7140,0.07231801003217697,0.07292075291275978
7141,0.07248274236917496,0.07291524700820445
7142,0.07258966565132141,0.07291100323200225
7143,0.0727454274892807,0.07290913864970207
7144,0.0727975070476532,0.07290707901120186
7145,0.07253788411617279,0.0728963541984558
7146,0.0721185952425003,0.0728767691552639
7147,0.07239758223295212,0.07286559827625752
7148,0.0725078135728836,0.07285638198256493
7149,0.07290562987327576,0.07285374939441681
7150,0.07295960187911987,0.07285376310348511
7151,0.07267700135707855,0.07284370608627797
7152,0.07240734994411469,0.07282481320202351
7153,0.0722285658121109,0.07280790507793426
7154,0.07218219339847565,0.07279733926057816
7155,0.07235436141490936,0.07278623551130295
7156,0.07246305048465729,0.07277565374970436
7157,0.07217788696289062,0.07276607327163219
7158,0.0722368061542511,0.07275700442492962
7159,0.07227648794651031,0.07274610929191112
7160,0.0721590667963028,0.0727378099411726
7161,0.07241205871105194,0.0727308800071478
7162,0.07253596931695938,0.07272345900535583
7163,0.07234608381986618,0.07271730698645115
7164,0.07237367331981659,0.07270884312689305
7165,0.07233352959156036,0.0726907954365015
7166,0.0724935382604599,0.07268187381327153
7167,0.07226788252592087,0.07267596386373043
7168,0.07232017815113068,0.07267054460942746
7169,0.07236765325069427,0.07266734845936298
7170,0.07249583303928375,0.07266617402434349
7171,0.0727543756365776,0.07266588546335698
7172,0.07244731485843658,0.07266230009496212
7173,0.07259422540664673,0.07266017407178879
7174,0.07266847789287567,0.07265894412994385
7175,0.072374626994133,0.07265178978443146
7176,0.07321351766586304,0.07265195906162263
7177,0.07427426427602768,0.07266456373035908
7178,0.07325339317321777,0.07266855858266354
7179,0.07238446176052094,0.07266229815781117
7180,0.07308260351419449,0.07266113981604576
7181,0.07380890101194382,0.07266480021178723
7182,0.07354374974966049,0.07266947388648987
7183,0.0727221891283989,0.072666310146451
7184,0.0748082622885704,0.07268025994300842
7185,0.08078133314847946,0.07275800235569477
7186,0.08056417107582092,0.07283164009451866
7187,0.0749935507774353,0.07284880444407463
7188,0.07314155995845795,0.07285041898488999
7189,0.07346127927303314,0.07285539463162422
7190,0.07375763356685638,0.07286450013518334
7191,0.07328367233276367,0.07287088610231876
7192,0.072474904358387,0.0728694224357605
7193,0.07269740104675293,0.07286829456686973
7194,0.07334698736667633,0.07287201412022114
7195,0.07311615347862244,0.07287430062890053
7196,0.07248857617378235,0.07287272706627845
7197,0.07291609048843384,0.07287347972393036
7198,0.07364559173583984,0.07288070775568485
7199,0.07351350784301758,0.0728867207467556
7200,0.0726441740989685,0.0728849372267723
7201,0.07245154678821564,0.07288272261619567
7202,0.07362528145313263,0.07288913831114768
7203,0.07338400185108185,0.07289215698838233
7204,0.07236935198307037,0.07288723349571229
7205,0.07264623045921326,0.07288746617734432
7206,0.07308317720890045,0.07288800038397313
7207,0.07281416654586792,0.07288258440792561
7208,0.07209905236959457,0.07287043422460555
7209,0.07225538790225983,0.07286239318549632
7210,0.07275010645389557,0.0728643412142992
7211,0.07235446572303772,0.07286318458616733
7212,0.07227775454521179,0.07285944230854512
7213,0.07237827777862549,0.07285573542118072
7214,0.07210051268339157,0.07284949757158757
7215,0.07228623330593109,0.07284604892134666
7216,0.07255470752716064,0.07284527793526649
7217,0.07207232713699341,0.07284056112170219
7218,0.07229349762201309,0.07283891774713994
7219,0.07253767549991608,0.07284025393426419
7220,0.07216121256351471,0.07283721424639225
7221,0.0720352977514267,0.07283345647156239
7222,0.07229898124933243,0.07283278703689575
7223,0.07189401984214783,0.07282717734575271
7224,0.07219159603118896,0.07282337628304958
7225,0.07245044410228729,0.07282290808856487
7226,0.072067990899086,0.07281955800950528
7227,0.07201594859361649,0.0728144483268261
7228,0.072193443775177,0.07281162679195403
7229,0.07181302458047867,0.07280593074858188
7230,0.07209116220474243,0.07280343979597091
7231,0.07230651378631592,0.07280271776020526
7232,0.07192518562078476,0.0727978466451168
7233,0.07186853140592575,0.07279245175421238
7234,0.07221901416778564,0.07279167406260967
7235,0.07182435691356659,0.07278784289956093
7236,0.07198947668075562,0.07278076954185962
7237,0.07219137996435165,0.07277389138936996
7238,0.07186442613601685,0.07276487454771996
7239,0.07218548655509949,0.07276147827506066
7240,0.07299287617206573,0.07276822693645954
7241,0.07217040657997131,0.07276510357856751
7242,0.07180556654930115,0.0727572625875473
7243,0.07182638347148895,0.07274807214736939
7244,0.07172443717718124,0.07273734144866467
7245,0.07174098491668701,0.07272937245666981
7246,0.07187097519636154,0.07272689625620841
7247,0.07195281982421875,0.07272244863212109
7248,0.07190047204494476,0.0727163752168417
7249,0.0719686895608902,0.07270700581371785
7250,0.07201161980628967,0.07269752599298954
7251,0.07222218811511993,0.07269297786056995
7252,0.07213875651359558,0.07269029192626476
7253,0.07199022173881531,0.0726879084855318
7254,0.07199130207300186,0.07268599957227707
7255,0.07172762602567673,0.07267973221838474
7256,0.07176011800765991,0.07267270289361477
7257,0.07195615768432617,0.07267048560082913
7258,0.07246299833059311,0.07267274752259255
7259,0.07231506705284119,0.07267313331365585
7260,0.07242181897163391,0.07267576083540916
7261,0.07220563292503357,0.07267369657754898
7262,0.07181206345558167,0.0726664575189352
7263,0.07165573537349701,0.07265955403447151
7264,0.07173860818147659,0.07265320338308812
7265,0.07220734655857086,0.07265194155275821
7266,0.07228797674179077,0.07264988593757153
7267,0.07206110656261444,0.07264781817793846
7268,0.07174685597419739,0.07264208495616913
7269,0.07161104679107666,0.07263451889157295
7270,0.07150891423225403,0.07262464970350266
7271,0.07169235497713089,0.07261402949690819
7272,0.07178813964128494,0.07260743774473667
7273,0.07211451232433319,0.07260264061391354
7274,0.07220371812582016,0.07259799301624298
7275,0.07174939662218094,0.07259174071252346
7276,0.07204850018024445,0.07258009053766727
7277,0.07220036536455154,0.07255935154855252
7278,0.07186506688594818,0.07254546828567981
7279,0.07292139530181885,0.0725508376210928
7280,0.07475876808166504,0.07256759926676751
7281,0.07364577054977417,0.0725659679621458
7282,0.07234019041061401,0.07255393236875535
7283,0.07293131947517395,0.0725560236722231
7284,0.0736149400472641,0.07254409044981003
7285,0.07330561429262161,0.07246933326125145
7286,0.07227814197540283,0.07238647297024726
7287,0.0720074325799942,0.07235661178827285
7288,0.07270264625549316,0.0723522226512432
7289,0.07232682406902313,0.07234087809920312
7290,0.07173404097557068,0.07232064217329025
7291,0.07203342020511627,0.07230813965201378
7292,0.07234105467796326,0.07230680115520954
7293,0.07200734317302704,0.07229990057647229
7294,0.07220534980297089,0.07228848420083522
7295,0.07237139344215393,0.07228103660047054
7296,0.07187963277101517,0.07227494716644287
7297,0.07220993936061859,0.07226788565516472
7298,0.07225401699542999,0.07225396990776062
7299,0.0718197226524353,0.0722370320558548
7300,0.07219205051660538,0.07223251082003117
7301,0.0727289468050003,0.07223528482019902
7302,0.0722084492444992,0.07222111649811268
7303,0.07179350405931473,0.072205211520195
7304,0.07183919101953506,0.07219990991055965
7305,0.0716189369559288,0.07218963697552681
7306,0.07151255011558533,0.07217393070459366
7307,0.07153679430484772,0.07216115698218345
7308,0.07140491902828217,0.07215421564877034
7309,0.07129815220832825,0.07214464329183101
7310,0.07149327546358109,0.07213207498192788
7311,0.07142988592386246,0.07212282918393612
7312,0.0716191828250885,0.07211624346673488
7313,0.07168372720479965,0.07210929796099663
7314,0.07142287492752075,0.07210252158343793
7315,0.07138118147850037,0.07209347106516362
7316,0.07182961702346802,0.07208622016012668
7317,0.07198657095432281,0.07208536259829998
7318,0.07168388366699219,0.07207926645874978
7319,0.07151763141155243,0.07206906601786614
7320,0.07174134254455566,0.07206486731767654
7321,0.07194982469081879,0.07206401258707046
7322,0.0719759464263916,0.07206078223884106
7323,0.07176656275987625,0.07205950766801834
7324,0.07165694236755371,0.072054161131382
7325,0.07175324112176895,0.0720471891015768
7326,0.07164791226387024,0.07204298831522465
7327,0.07178463041782379,0.07204067513346672
7328,0.07234257459640503,0.072042166441679
7329,0.07167157530784607,0.07204075194895268
7330,0.07179497927427292,0.07203779011964798
7331,0.07202912867069244,0.07203501626849175
7332,0.07172958552837372,0.07203306026756763
7333,0.07204574346542358,0.0720348323881626
7334,0.07259713858366013,0.07203861363232136
7335,0.07172369211912155,0.0720376069843769
7336,0.07147328555583954,0.07203244507312774
7337,0.0715675875544548,0.07202620714902878
7338,0.07132062315940857,0.0720207691192627
7339,0.07155200839042664,0.07201443433761597
7340,0.07189123332500458,0.07200341790914536
7341,0.07136233150959015,0.07199533715844154
7342,0.0715845376253128,0.07199312686920166
7343,0.07182660698890686,0.07199312910437584
7344,0.07142763584852219,0.07199016109108924
7345,0.0714312344789505,0.07198706358671188
7346,0.07170133292675018,0.07198536716401577
7347,0.07118898630142212,0.07197772882878781
7348,0.07147432863712311,0.07197346739470958
7349,0.07179562747478485,0.07197173677384854
7350,0.07138790190219879,0.07196549959480762
7351,0.07117529213428497,0.07195503063499928
7352,0.0713561549782753,0.07194720461964607
7353,0.0710148960351944,0.07193745136260986
7354,0.07165548205375671,0.07193409316241742
7355,0.07189308106899261,0.07193574771285056
7356,0.07131730765104294,0.0719313196092844
7357,0.07149917632341385,0.07192674979567527
7358,0.07226282358169556,0.0719247480481863
7359,0.07159646600484848,0.07191756203770637
7360,0.07141035795211792,0.07190744742751122
7361,0.07146533578634262,0.0719000444561243
7362,0.07118688523769379,0.07189379267394543
7363,0.07160953432321548,0.07189333066344261
7364,0.07200005650520325,0.07189594514667988
7365,0.07135838270187378,0.0718874555081129
7366,0.0715215653181076,0.07187979139387607
7367,0.07179206609725952,0.07187710098922252
7368,0.07136467099189758,0.07187327913939953
7369,0.07124082744121552,0.07186957694590092
7370,0.07143858075141907,0.07186887361109257
7371,0.07106643915176392,0.0718626144528389
7372,0.07153056561946869,0.07186003871262074
7373,0.07188668847084045,0.0718577604740858
7374,0.07143466919660568,0.07185006998479367
7375,0.07115370035171509,0.071844113022089
7376,0.07141904532909393,0.0718378184735775
7377,0.07106135785579681,0.07182642839848995
7378,0.07130166888237,0.07182079441845417
7379,0.07143805176019669,0.07180596098303794
7380,0.07107939571142197,0.07176916725933552
7381,0.07142655551433563,0.07174697510898113
7382,0.07197091728448868,0.07174328237771987
7383,0.07137511670589447,0.07172772035002709
7384,0.0711512640118599,0.07170308358967305
7385,0.07125711441040039,0.07168259859085083
7386,0.07098278403282166,0.07166964501142502
7387,0.07141195237636566,0.07166369020938873
7388,0.0719308853149414,0.07165597259998321
7389,0.07121779024600983,0.07164488226175308
7390,0.07109084725379944,0.07163845032453536
7391,0.07129694521427155,0.07163108557462693
7392,0.07098937034606934,0.07161756873130798
7393,0.07136289775371552,0.07161112427711487
7394,0.07192569971084595,0.07160832777619362
7395,0.07117493450641632,0.07159636318683624
7396,0.07101714611053467,0.07158773832023144
7397,0.0711958184838295,0.07157759711146355
7398,0.07090626657009125,0.07156411960721015
7399,0.07116962969303131,0.07155761867761612
7400,0.0715552344918251,0.07155125051736831
7401,0.07093163579702377,0.07153327740728856
7402,0.0711410641670227,0.07152260355651378
7403,0.07139240950345993,0.07151859261095524
7404,0.07102802395820618,0.07151048094034194
7405,0.0709947794675827,0.0715042393654585
7406,0.07129457592964172,0.07150205962359905
7407,0.07085829973220825,0.07149527467787266
7408,0.07120094448328018,0.07149323493242264
7409,0.07151401042938232,0.07149539351463317
7410,0.07107333838939667,0.07149119414389134
7411,0.07088570296764374,0.07148575231432915
7412,0.0711498111486435,0.07148105859756469
7413,0.07080389559268951,0.0714722602814436
7414,0.07120562344789505,0.07147008776664734
7415,0.07154491543769836,0.07147172510623932
7416,0.07110433280467987,0.07146447226405143
7417,0.07086746394634247,0.07145328119397164
7418,0.07121849805116653,0.07144862733781338
7419,0.07082051783800125,0.07144165620207786
7420,0.07105772197246552,0.07143481999635697
7421,0.07124356925487518,0.07142775744199753
7422,0.07084649056196213,0.07141646288335324
7423,0.07111773639917374,0.07140997461974621
7424,0.07164561748504639,0.07140986137092113
7425,0.07105173170566559,0.0714028462767601
7426,0.07092741876840591,0.07139564134180545
7427,0.07110706716775894,0.0713888657093048
7428,0.07079185545444489,0.0713733585178852
7429,0.0710301622748375,0.07136694438755513
7430,0.07141008973121643,0.07136309549212455
7431,0.07084780931472778,0.07135128229856491
7432,0.0710408091545105,0.07134439453482627
7433,0.07130306959152222,0.07133696779608727
7434,0.07086124271154404,0.0713196088373661
7435,0.07100851833820343,0.07131245709955693
7436,0.07150319963693619,0.07131275624036788
7437,0.07092484831809998,0.07130632884800434
7438,0.07082660496234894,0.07130138866603375
7439,0.07103776931762695,0.07129624627530574
7440,0.07076003402471542,0.07128493428230286
7441,0.07099394500255585,0.07128125041723252
7442,0.07134541124105453,0.07127885915338993
7443,0.07076622545719147,0.07126825533807278
7444,0.07100851833820343,0.07126406416296958
7445,0.07134002447128296,0.07126315206289291
7446,0.07092787325382233,0.07125541746616364
7447,0.07075425237417221,0.07125107012689114
7448,0.07097545266151428,0.07124608136713505
7449,0.07065317779779434,0.07123465687036515
7450,0.07110060751438141,0.07123178392648696
7451,0.07142601907253265,0.07123429119586945
7452,0.07095544040203094,0.071230284050107
7453,0.07077807188034058,0.07122791580855846
7454,0.07109785825014114,0.0712223395705223
7455,0.07070411741733551,0.07121044993400574
7456,0.07102640718221664,0.07120754092931747
7457,0.07132957875728607,0.0712058449536562
7458,0.07089371979236603,0.0711921539157629
7459,0.0707099586725235,0.07118328884243966
7460,0.07097131013870239,0.07117889836430549
7461,0.0706019252538681,0.07117026425898075
7462,0.07101982831954956,0.0711685936897993
7463,0.07131394743919373,0.0711656378209591
7464,0.07085879147052765,0.07115422517061233
7465,0.07073785364627838,0.07114801988005638
7466,0.07112987339496613,0.07114410296082496
7467,0.070682093501091,0.07113300323486328
7468,0.070841483771801,0.07112777136266231
7469,0.07107777893543243,0.07112614087760448
7470,0.07069849967956543,0.07111874006688595
7471,0.0708349198102951,0.07111642487347127
7472,0.07123909890651703,0.07111351020634174
7473,0.07066716253757477,0.07110131494700908
7474,0.07080447673797607,0.07109501302242278
7475,0.07108013331890106,0.07109427735209466
7476,0.07070355862379074,0.07108712248504162
7477,0.0707516223192215,0.07108402512967586
7478,0.07112663239240646,0.07108227476477623
7479,0.07061624526977539,0.07107405669987202
7480,0.07081826031208038,0.0710714453458786
7481,0.07106798887252808,0.07106785967946053
7482,0.07066502422094345,0.07105480074882507
7483,0.07076119631528854,0.07104866154491901
7484,0.07118700444698334,0.07104901894927025
7485,0.07063194364309311,0.07104276724159718
7486,0.07077247649431229,0.07104066416621208
7487,0.07103119790554047,0.07103685662150383
7488,0.07066726684570312,0.07102422043681145
7489,0.0706968903541565,0.07101901143789291
7490,0.07109576463699341,0.07101906061172486
7491,0.07058107107877731,0.07101190187036992
7492,0.07078800350427628,0.07100988820195198
7493,0.07106375694274902,0.07100689679384231
7494,0.07063837349414825,0.07099402353167533
7495,0.07074300199747086,0.07098970420658589
7496,0.07122089713811874,0.07099174171686172
7497,0.07062256336212158,0.07098600916564464
7498,0.07068876922130585,0.07098383419215679
7499,0.07095655798912048,0.07098170347511769
7500,0.0706065446138382,0.07097221657633782
7501,0.07075024396181107,0.07097040265798568
7502,0.07113988697528839,0.07097039088606834
7503,0.0706082284450531,0.07096254907548427
7504,0.07077721506357193,0.07096004098653794
7505,0.07097874581813812,0.0709598806500435
7506,0.07060325145721436,0.07095296740531921
7507,0.07074008882045746,0.0709517852962017
7508,0.07116816937923431,0.07095145754516125
7509,0.07063054293394089,0.07094262287020683
7510,0.07070986926555634,0.07093898817896843
7511,0.07096090167760849,0.07093974016606808
7512,0.07061737775802612,0.07093441583216191
7513,0.07072044909000397,0.07093358136713505
7514,0.07112986594438553,0.07093282379209995
7515,0.0705910176038742,0.07092328481376171
7516,0.07074189931154251,0.07091966047883033
7517,0.07100793719291687,0.07092106521129608
7518,0.07058856636285782,0.07091476589441299
7519,0.07068434357643127,0.0709134041517973
7520,0.07110710442066193,0.07091389797627926
7521,0.07055236399173737,0.07090698592364789
7522,0.07066667079925537,0.07090518772602081
7523,0.07096275687217712,0.07090363793075084
7524,0.07056576013565063,0.07089283935725689
7525,0.07065236568450928,0.07088884569704533
7526,0.0709986463189125,0.0708895579725504
7527,0.0704917311668396,0.0708834046125412
7528,0.07071352005004883,0.07088262125849724
7529,0.07102189213037491,0.07088253855705261
7530,0.07059669494628906,0.07087440460920334
7531,0.0705336481332779,0.07087126299738884
7532,0.07095508277416229,0.07087040573358536
7533,0.07051598280668259,0.07086253486573696
7534,0.07066421210765839,0.07086056455969811
7535,0.07089382410049438,0.07085941761732101
7536,0.07052626460790634,0.07084964826703072
7537,0.07065470516681671,0.07084694683551788
7538,0.07103275507688522,0.07084900833666324
7539,0.07051810622215271,0.0708438117057085
7540,0.07069112360477448,0.0708431226015091
7541,0.07096219062805176,0.07084280505776405
7542,0.07052335143089294,0.07083458445966244
7543,0.07056128978729248,0.07083253510296345
7544,0.07094532996416092,0.07083190321922302
7545,0.0704503059387207,0.0708230060338974
7546,0.0706503838300705,0.07082023113965988
7547,0.07086195051670074,0.07082130812108517
7548,0.07048226147890091,0.07081637620925903
7549,0.07059939205646515,0.07081583835184574
7550,0.07096884399652481,0.07081452071666718
7551,0.07046127319335938,0.07080487325787545
7552,0.07066497206687927,0.07080196857452392
7553,0.07097385823726654,0.07080392643809319
7554,0.0705522671341896,0.07079847052693367
7555,0.0704992413520813,0.07079642176628113
7556,0.07079161703586578,0.07079407386481762
7557,0.07034965604543686,0.07078427463769912
7558,0.07062777876853943,0.07078161522746086
7559,0.07091881334781647,0.0707837037742138
7560,0.07049410045146942,0.07077893167734146
7561,0.07046753168106079,0.07077758774161338
7562,0.07079769670963287,0.07077536642551423
7563,0.07035286724567413,0.07076575562357902
7564,0.07066169381141663,0.07076378464698792
7565,0.07097344100475311,0.07076614052057266
7566,0.07051602005958557,0.07076000198721885
7567,0.07038982957601547,0.0707570793479681
7568,0.07069160044193268,0.07075558051466942
7569,0.07029040157794952,0.0707477067410946
7570,0.07064303755760193,0.07074715211987495
7571,0.07093939185142517,0.07074819684028626
7572,0.07052812725305557,0.07074108712375164
7573,0.07040996849536896,0.07073851518332958
7574,0.0707489550113678,0.0707379599660635
7575,0.07027818262577057,0.0707299404591322
7576,0.07064379751682281,0.07072934284806251
7577,0.07092005759477615,0.07073102720081806
7578,0.07045766711235046,0.0707243375480175
7579,0.07037472724914551,0.0707219223678112
7580,0.07072044163942337,0.07072094418108463
7581,0.07030192762613297,0.07071328356862068
7582,0.07057055830955505,0.0707123389095068
7583,0.07087960094213486,0.07071352295577527
7584,0.07046903669834137,0.07070634327828884
7585,0.07039235532283783,0.07070394739508629
7586,0.07074686884880066,0.07070369131863118
7587,0.0703318864107132,0.0706966982036829
7588,0.07052364945411682,0.07069526202976703
7589,0.07072504609823227,0.0706955435872078
7590,0.07029659301042557,0.07068755187094211
7591,0.07067491114139557,0.0706884902715683
7592,0.07113374769687653,0.0706919477134943
7593,0.07047408819198608,0.07068605102598667
7594,0.07032907009124756,0.07068295799195766
7595,0.07051567733287811,0.07068068474531174
7596,0.0702095702290535,0.07067057147622108
7597,0.07065392285585403,0.07067088507115842
7598,0.0711788684129715,0.07067578606307506
7599,0.07044759392738342,0.0706706964224577
7600,0.07029235363006592,0.07066755451261997
7601,0.0705501139163971,0.07066555321216583
7602,0.07022932171821594,0.0706564475595951
7603,0.07052311301231384,0.07065559640526771
7604,0.07093316316604614,0.07065715588629246
7605,0.07034466415643692,0.07065081506967545
7606,0.07039743661880493,0.07064875692129136
7607,0.07068057358264923,0.07064816176891327
7608,0.07038578391075134,0.07064033791422844
7609,0.07042362540960312,0.07063826873898506
7610,0.07068230211734772,0.07063799306750297
7611,0.07022563368082047,0.0706306403875351
7612,0.07048873603343964,0.07062935397028923
7613,0.07077333331108093,0.0706298828125
7614,0.07034401595592499,0.0706220243126154
7615,0.07032255083322525,0.07061933964490891
7616,0.07067074626684189,0.0706186281144619
7617,0.0701979473233223,0.07061052821576595
7618,0.0704445093870163,0.07060908764600754
7619,0.07073099911212921,0.07060955420136451
7620,0.07033208757638931,0.0706018040329218
7621,0.07028251886367798,0.0705991055816412
7622,0.07055315375328064,0.07059797041118145
7623,0.07013306766748428,0.07058967351913452
7624,0.07049193978309631,0.07058893531560897
7625,0.07083378732204437,0.07059074953198433
7626,0.07031723856925964,0.0705839354544878
7627,0.07022760063409805,0.07058129414916038
7628,0.0705951601266861,0.07058011054992676
7629,0.0701550841331482,0.07057144246995449
7630,0.07040737569332123,0.07056954927742481
7631,0.07068051397800446,0.07057101793587207
7632,0.07025785744190216,0.07056404568254948
7633,0.07030938565731049,0.07056197971105575
7634,0.07063217461109161,0.07056165933609009
7635,0.07014927268028259,0.07055421382188796
7636,0.0703553855419159,0.07055250503122806
7637,0.07067173719406128,0.0705526753515005
7638,0.07026001065969467,0.07054494790732861
7639,0.07028014212846756,0.07054256826639176
7640,0.07074962556362152,0.07054315328598022
7641,0.07023579627275467,0.07053588934242726
7642,0.0702311247587204,0.07053296707570553
7643,0.0704861581325531,0.07053221575915813
7644,0.07013997435569763,0.0705241622030735
7645,0.07041008025407791,0.07052375994622707
7646,0.07084633409976959,0.07052571944892407
7647,0.07028717547655106,0.07051997169852257
7648,0.07030323147773743,0.07051818139851093
7649,0.07057522237300873,0.07051793970167637
7650,0.07021739333868027,0.07051042519509793
7651,0.07031284272670746,0.0705089408904314
7652,0.07066576927900314,0.07050894886255264
7653,0.0701792985200882,0.07050100326538086
7654,0.07037721574306488,0.07049925275146961
7655,0.07066693902015686,0.07050092972815036
7656,0.07027226686477661,0.07049573622643948
7657,0.07030035555362701,0.07049524322152138
7658,0.07060015201568604,0.07049496695399285
7659,0.07011793553829193,0.0704869581758976
7660,0.07043041288852692,0.07048632130026818
7661,0.07072789967060089,0.07048892498016357
7662,0.07032378017902374,0.07048418581485748
7663,0.07021691650152206,0.07048282630741597
7664,0.07050469517707825,0.07048125632107258
7665,0.07012155652046204,0.07047273747622967
7666,0.07046753168106079,0.07047225259244443
7667,0.0707087591290474,0.07047544188797474
7668,0.07020722329616547,0.07047059811651707
7669,0.07024339586496353,0.07047012805938721
7670,0.07071492075920105,0.0704708468914032
7671,0.07017509639263153,0.07046320393681527
7672,0.07015559077262878,0.070459478572011
7673,0.07035890966653824,0.07045896798372268
7674,0.07005880028009415,0.07045206643640994
7675,0.07046999037265778,0.07045398451387883
7676,0.07096243649721146,0.07045717090368271
7677,0.07029356062412262,0.07045090593397617
7678,0.0702277198433876,0.07044860646128655
7679,0.07043629884719849,0.07044922217726707
7680,0.07012525200843811,0.07044327028095722
7681,0.07031842321157455,0.07044343523681164
7682,0.07074294984340668,0.07044515915215016
7683,0.07010789960622787,0.07043744213879108
7684,0.07020464539527893,0.07043479822576046
7685,0.0704502984881401,0.07043537765741348
7686,0.07011576741933823,0.07042906664311886
7687,0.07014992833137512,0.07042724706232548
7688,0.07041268050670624,0.07042613737285137
7689,0.07001589983701706,0.07041904591023922
7690,0.07055093348026276,0.0704215893149376
7691,0.07098142802715302,0.07042465448379516
7692,0.0705130472779274,0.07041844747960567
7693,0.07004358619451523,0.07041414245963097
7694,0.07023110240697861,0.07041316278278828
7695,0.06996802985668182,0.07040768630802631
7696,0.07028248906135559,0.07040841549634934
7697,0.07042330503463745,0.07040610931813716
7698,0.06995994597673416,0.07039392009377479
7699,0.07045990228652954,0.07039404317736625
7700,0.07129277288913727,0.07040404736995697
7701,0.07060537487268448,0.07040459997951984
7702,0.06997720152139664,0.07040207877755165
7703,0.07035430520772934,0.07040039069950581
7704,0.07055254280567169,0.07039658449590207
7705,0.07042336463928223,0.07039737150073051
7706,0.0704500749707222,0.07039789788424969
7707,0.07029590010643005,0.07039405114948749
7708,0.07014019787311554,0.07039159528911114
7709,0.07004144042730331,0.07038777343928813
7710,0.07022137939929962,0.07038316421210766
7711,0.0702509731054306,0.07038341760635376
7712,0.07014156877994537,0.07037994593381881
7713,0.07035180926322937,0.0703757306933403
7714,0.07065580040216446,0.0703788485378027
7715,0.0709569901227951,0.07038519293069839
7716,0.07087542116641998,0.07038723967969418
7717,0.07107329368591309,0.07039599314332008
7718,0.0712549015879631,0.07040409706532955
7719,0.07090555131435394,0.0704058425873518
7720,0.0710148811340332,0.07041267052292824
7721,0.07134921848773956,0.07042333751916885
7722,0.07089825719594955,0.07042678855359555
7723,0.07038573920726776,0.07042931526899338
7724,0.0703100934624672,0.07042749680578708
7725,0.0704210102558136,0.07042336903512478
7726,0.07019244879484177,0.0704221211373806
7727,0.07033734023571014,0.07042321853339673
7728,0.0703016072511673,0.07042028300464154
7729,0.0700889378786087,0.07041962154209613
7730,0.07049618661403656,0.0704205096513033
7731,0.0702284649014473,0.07041598916053772
7732,0.07017248868942261,0.07041513547301292
7733,0.07064350694417953,0.07041847668588161
7734,0.07065430283546448,0.07041869796812535
7735,0.07064981758594513,0.07042370341718197
7736,0.07039777934551239,0.07042412735521793
7737,0.0701587125658989,0.07041899710893632
7738,0.06989403814077377,0.0704153373837471
7739,0.07009689509868622,0.07041350491344929
7740,0.07026100158691406,0.07040861867368221
7741,0.07052366435527802,0.07041149735450744
7742,0.07050912827253342,0.07041427738964558
7743,0.07028611749410629,0.07041227698326111
7744,0.0701434388756752,0.07041231162846089
7745,0.07034295052289963,0.0704116403311491
7746,0.07059276103973389,0.07040910460054875
7747,0.0702023059129715,0.07040825590491295
7748,0.07028235495090485,0.07040804713964462
7749,0.07030345499515533,0.07040532946586608
7750,0.0702367052435875,0.07040552258491516
7751,0.07003394514322281,0.07040273360908031
7752,0.07021050155162811,0.07039818093180657
7753,0.07067409157752991,0.07040312886238098
7754,0.07029871642589569,0.0704023438692093
7755,0.07041915506124496,0.07039986602962017
7756,0.07092830538749695,0.07040642641484737
7757,0.0702974945306778,0.07040639780461788
7758,0.07061785459518433,0.07040657483041286
7759,0.0708385556936264,0.07041378103196622
7760,0.07036823034286499,0.07041315920650959
7761,0.07038147747516632,0.07040969498455524
7762,0.07063809037208557,0.07041283808648587
7763,0.07008245587348938,0.07041149348020553
7764,0.07032743841409683,0.07040972091257572
7765,0.0706980973482132,0.07041548632085323
7766,0.07014571130275726,0.0704122681170702
7767,0.06976212561130524,0.07040280178189277
7768,0.07005088031291962,0.07040123835206032
7769,0.06967053562402725,0.07039550974965096
7770,0.06992392987012863,0.07038759984076023
7771,0.07009388506412506,0.07038678772747517
7772,0.06972798705101013,0.07038251169025898
7773,0.07034234702587128,0.07038234606385231
7774,0.07090543955564499,0.07039081245660782
7775,0.06997819989919662,0.0703858945518732
7776,0.06986644864082336,0.07037493467330933
7777,0.07007886469364166,0.07037278771400451
7778,0.0697186291217804,0.07036769680678845
7779,0.07005053758621216,0.07036383919417859
7780,0.07045377790927887,0.07036712445318699
7781,0.06981369853019714,0.07036207720637322
7782,0.06998816132545471,0.0703545293211937
7783,0.07027652859687805,0.0703562156111002
7784,0.06980769336223602,0.07035224609076977
7785,0.0697740763425827,0.07034548386931419
7786,0.0700310617685318,0.07034463681280613
7787,0.06957593560218811,0.07033889688551426
7788,0.07001718878746033,0.0703349419683218
7789,0.07041645050048828,0.07033894747495652
7790,0.06992427259683609,0.07033268086612225
7791,0.06958126276731491,0.07031867921352386
7792,0.06984169781208038,0.07031196571886539
7793,0.06948027014732361,0.07030633255839348
7794,0.07002511620521545,0.07030427269637585
7795,0.07037240266799927,0.07030831642448902
7796,0.06979914754629135,0.07030348300933838
7797,0.06958778202533722,0.07029512777924538
7798,0.06993472576141357,0.07029487557709217
7799,0.06961461901664734,0.07028642274439335
7800,0.06987233459949493,0.07027221836149693
7801,0.07012608647346497,0.07026742547750472
7802,0.06960175931453705,0.07026367105543613
7803,0.06971409171819687,0.07025726892054081
7804,0.07027259469032288,0.07025446943938732
7805,0.0696762427687645,0.07024699822068214
7806,0.0696006566286087,0.07023850403726101
7807,0.06980247795581818,0.07023356981575489
7808,0.06948097050189972,0.07022697754204273
7809,0.06995579600334167,0.07022612109780312
7810,0.07056920230388641,0.07022959932684898
7811,0.06977827101945877,0.07022487230598927
7812,0.06951680779457092,0.07021862469613552
7813,0.06971490383148193,0.07021225564181804
7814,0.0694112628698349,0.07019981026649474
7815,0.06988556683063507,0.07018909603357315
7816,0.07029630243778229,0.07018330484628678
7817,0.06952004879713058,0.07016777239739895
7818,0.0696779191493988,0.07015200257301331
7819,0.07001179456710815,0.07014306500554085
7820,0.0695834755897522,0.07012875095009803
7821,0.06950204074382782,0.07011027917265893
7822,0.06976833939552307,0.07009897999465466
7823,0.06931564956903458,0.07008827909827232
7824,0.0697970986366272,0.07008314915001393
7825,0.07010356336832047,0.070079974681139
7826,0.06952344626188278,0.0700732846558094
7827,0.06950606405735016,0.0700649718940258
7828,0.0699673593044281,0.07006162941455842
7829,0.06941778212785721,0.0700549178570509
7830,0.06963321566581726,0.0700462881475687
7831,0.06997217983007431,0.07004372529685497
7832,0.06951022148132324,0.07003710262477397
7833,0.06946227699518204,0.070025290325284
7834,0.06985364854335785,0.07001728378236294
7835,0.06933434307575226,0.07000412903726101
7836,0.0696047991514206,0.06999619923532009
7837,0.06992533802986145,0.06999386548995971
7838,0.06940600275993347,0.06998898513615132
7839,0.06956437230110168,0.06998365990817547
7840,0.07004217803478241,0.06998147167265416
7841,0.06941013038158417,0.06997033633291722
7842,0.06951572000980377,0.06996040225028992
7843,0.06982327997684479,0.0699557738751173
7844,0.06937901675701141,0.06994812965393066
7845,0.06950227916240692,0.06993972294032574
7846,0.06989121437072754,0.06993270747363567
7847,0.06933103501796722,0.06992399476468564
7848,0.06956565380096436,0.06991682775318622
7849,0.06984159350395203,0.06991220913827419
7850,0.06933451443910599,0.06990318723022938
7851,0.06957743316888809,0.06989862211048603
7852,0.07015101611614227,0.06989802725613117
7853,0.0695069432258606,0.06988635577261448
7854,0.06939041614532471,0.06987727276980876
7855,0.0696408748626709,0.06986948996782302
7856,0.0692892074584961,0.06985309898853302
7857,0.06956078112125397,0.06984573185443878
7858,0.07000914216041565,0.06983964473009109
7859,0.06932859122753143,0.06982454508543015
7860,0.06947256624698639,0.06981558844447136
7861,0.06976385414600372,0.06980941221117973
7862,0.06927455961704254,0.0697957769036293
7863,0.06956688314676285,0.06979062117636203
7864,0.07012362778186798,0.06978858307003975
7865,0.0694894939661026,0.06977649703621865
7866,0.06941758096218109,0.06976921573281288
7867,0.06961242109537125,0.06976771868765354
7868,0.06928831338882446,0.06976009301841259
7869,0.06948640942573547,0.06975825175642968
7870,0.06988616287708282,0.06975787408649921
7871,0.06927903741598129,0.06974972561001777
7872,0.06951785087585449,0.06974762424826622
7873,0.06980899721384048,0.06974229075014592
7874,0.06929415464401245,0.06972617790102958
7875,0.06942612677812576,0.06972065716981887
7876,0.06992416083812714,0.06972123429179192
7877,0.06934504210948944,0.0697138960659504
7878,0.06941214203834534,0.06971083119511605
7879,0.06968153268098831,0.0697071411460638
7880,0.06927627325057983,0.06969536609947681
7881,0.06942993402481079,0.06969152845442295
7882,0.06984978914260864,0.0696901447325945
7883,0.06926263868808746,0.06968000583350659
7884,0.06946391612291336,0.06967656806111336
7885,0.06976564228534698,0.069676483720541
7886,0.06929175555706024,0.06966909065842629
7887,0.06940062344074249,0.06966733753681183
7888,0.06986628472805023,0.06966582849621773
7889,0.06930994987487793,0.06965476348996162
7890,0.06937457621097565,0.06964926652610302
7891,0.06968909502029419,0.0696503448486328
7892,0.06925004720687866,0.06964442834258079
7893,0.06932801008224487,0.06964290574193001
7894,0.06971494853496552,0.0696398040652275
7895,0.0691806972026825,0.06962788701057435
7896,0.06947821378707886,0.06962467767298222
7897,0.0697573870420456,0.0696263737231493
7898,0.06925229728221893,0.06961954943835735
7899,0.06935597956180573,0.06961696304380893
7900,0.0698913112282753,0.06961715281009674
7901,0.06927864253520966,0.06960867837071419
7902,0.06930310279130936,0.06960569180548191
7903,0.06957922875881195,0.06960434317588807
7904,0.06916753947734833,0.06959329262375831
7905,0.06939861923456192,0.06959051638841629
7906,0.06980806589126587,0.06959259048104287
7907,0.06919585168361664,0.06958652421832084
7908,0.06938302516937256,0.06958554476499558
7909,0.06973107159137726,0.06958329752087593
7910,0.06923346221446991,0.06956994011998177
7911,0.0693366527557373,0.06956552393734455
7912,0.06983297318220139,0.06956868559122086
7913,0.06924432516098022,0.06956397980451584
7914,0.06925935298204422,0.06956246070563793
7915,0.06950630247592926,0.06955866806209088
7916,0.06911492347717285,0.06954685427248478
7917,0.0694383904337883,0.06954603768885136
7918,0.06984405219554901,0.06954769901931286
7919,0.06918714940547943,0.06953945256769657
7920,0.06925563514232635,0.06953617416322232
7921,0.06956184655427933,0.06953677222132683
7922,0.0690893679857254,0.06952998250722885
7923,0.06936875730752945,0.0695305135846138
7924,0.06988629698753357,0.06953140556812286
7925,0.06927090138196945,0.06952307894825935
7926,0.06923288106918335,0.06952017329633237
7927,0.06947038322687149,0.06951981648802757
7928,0.06908800452947617,0.06951102294027806
7929,0.0693853348493576,0.06951069846749305
7930,0.06979120522737503,0.06951227836310864
7931,0.06917659193277359,0.06950432248413563
7932,0.06933056563138962,0.06950252592563629
7933,0.06956396251916885,0.06950354278087616
7934,0.0691499412059784,0.06949650570750236
7935,0.06933636963367462,0.06949652597308159
7936,0.06977026164531708,0.06949818059802056
7937,0.06916642189025879,0.06949059143662453
7938,0.06928612291812897,0.06948939263820648
7939,0.0695992112159729,0.0694897410273552
7940,0.06914731115102768,0.06948079235851765
7941,0.0691918432712555,0.06947860948741436
7942,0.06955330073833466,0.06947898529469967
7943,0.06904871761798859,0.0694712396711111
7944,0.06937464326620102,0.069471195936203
7945,0.0696963518857956,0.0694731366634369
7946,0.06916052848100662,0.06946582980453968
7947,0.06920662522315979,0.0694645857065916
7948,0.0696016475558281,0.06946494564414024
7949,0.06909891963005066,0.06945751890540124
7950,0.0692673772573471,0.06945684753358364
7951,0.06958214193582535,0.06945689462125301
7952,0.06912478804588318,0.06944663234055043
7953,0.06917113065719604,0.06944327421486378
7954,0.06955894827842712,0.0694449595361948
7955,0.06898818165063858,0.06943843260407448
7956,0.06928917020559311,0.06943843223154544
7957,0.06960894167423248,0.06943891383707523
7958,0.0691065639257431,0.06942988805472851
7959,0.06916195899248123,0.069428221732378
7960,0.06960165500640869,0.06942951261997223
7961,0.06905755400657654,0.06942244961857796
7962,0.0692070871591568,0.0694217748939991
7963,0.06955566257238388,0.06942166268825531
7964,0.06911376118659973,0.06941156402230263
7965,0.06912878900766373,0.06940795697271823
7966,0.06950975954532623,0.06940887875854969
7967,0.06895358860492706,0.06940229043364525
7968,0.0692216008901596,0.0694016233086586
7969,0.06955072283744812,0.06940226644277572
7970,0.06905976682901382,0.06939400248229503
7971,0.06917890906333923,0.06939300119876862
7972,0.06962990760803223,0.06939412176609039
7973,0.06904713064432144,0.06938650310039521
7974,0.06911137700080872,0.06938467532396317
7975,0.06941749155521393,0.06938458897173405
7976,0.06896813213825226,0.0693750286847353
7977,0.06921394914388657,0.06937371775507926
7978,0.06967653334140778,0.0693763616681099
7979,0.06902803480625153,0.06936982668936252
7980,0.06909114867448807,0.06936797544360161
7981,0.069390207529068,0.06936757817864418
7982,0.0689457580447197,0.06935853786766528
7983,0.0692254900932312,0.06935816638171673
7984,0.06978362053632736,0.06936136342585086
7985,0.06915102154016495,0.06935521721839905
7986,0.0690409243106842,0.06935270890593528
7987,0.06924401223659515,0.06935114279389382
7988,0.069008469581604,0.06934256464242936
7989,0.06939694285392761,0.06934343457221985
7990,0.06982652097940445,0.06934795401990414
7991,0.06912323832511902,0.06934229545295238
7992,0.06913650035858154,0.06934115998446941
7993,0.06936592608690262,0.06934153914451599
7994,0.06891506910324097,0.06933354035019874
7995,0.06921018660068512,0.06933383524417877
7996,0.06977416574954987,0.06933679476380349
7997,0.06911326199769974,0.06933035351336002
7998,0.06904655694961548,0.069328296110034
7999,0.06931731849908829,0.06932790949940681
8000,0.06889359652996063,0.06931793235242367
8001,0.06923307478427887,0.06931747667491436
8002,0.06972338259220123,0.06932167947292328
8003,0.06903812289237976,0.06931626841425896
8004,0.06906189024448395,0.06931521192193031
8005,0.06934862583875656,0.06931471198797226
8006,0.06891082227230072,0.06930573955178261
8007,0.06914252787828445,0.06930520631372929
8008,0.06959385424852371,0.0693073146045208
8009,0.06898055970668793,0.06929980948567391
8010,0.06904934346675873,0.06929796829819679
8011,0.06933434307575226,0.06929794520139694
8012,0.0689503625035286,0.06928911909461022
8013,0.06908522546291351,0.06928752809762954
8014,0.0694829598069191,0.0692897641658783
8015,0.06897009164094925,0.06928440205752849
8016,0.06907360255718231,0.06928398884832859
8017,0.06934019923210144,0.06928300693631172
8018,0.06891708076000214,0.06927373722195625
8019,0.06914593279361725,0.06927332505583764
8020,0.06962267309427261,0.06927699543535709
8021,0.06904050707817078,0.069271782040596
8022,0.06902064383029938,0.06927109479904175
8023,0.06930656731128693,0.06927047289907932
8024,0.06889991462230682,0.06926060907542705
8025,0.06912484019994736,0.06925914846360684
8026,0.06959548592567444,0.06926277451217175
8027,0.06897415220737457,0.06925781220197677
8028,0.06901024281978607,0.06925703458487988
8029,0.06924580037593842,0.06925563924014569
8030,0.06886396557092667,0.0692463668435812
8031,0.06918001174926758,0.06924640104174613
8032,0.06959044188261032,0.06924899980425835
8033,0.06891482323408127,0.06924250841140747
8034,0.06899100542068481,0.06924091905355453
8035,0.06938935816287994,0.0692414489388466
8036,0.0689167007803917,0.06923291333019733
8037,0.06888917833566666,0.06923014089465142
8038,0.06921835243701935,0.06922946318984032
8039,0.06874783337116241,0.06922094941139222
8040,0.06910121440887451,0.06922048844397068
8041,0.06945233047008514,0.06922309331595898
8042,0.06895781308412552,0.06921713843941689
8043,0.06891639530658722,0.06921581521630288
8044,0.06930574774742126,0.06921512626111508
8045,0.06886293739080429,0.06920679211616516
8046,0.06917037069797516,0.06920689053833484
8047,0.06955593824386597,0.0692103836685419
8048,0.06900428980588913,0.06920441009104251
8049,0.06883268058300018,0.06920174770057201
8050,0.06917034089565277,0.06920077733695507
8051,0.06869980692863464,0.06919195398688316
8052,0.06904259324073792,0.0691911320388317
8053,0.06941486895084381,0.06919356942176819
8054,0.0689132809638977,0.0691871127486229
8055,0.06898146867752075,0.06918704561889172
8056,0.06936420500278473,0.06918779596686363
8057,0.06880433112382889,0.0691797498613596
8058,0.06892514228820801,0.06917793564498424
8059,0.0691753625869751,0.06917806968092918
8060,0.06875051558017731,0.06916955828666688
8061,0.06909576058387756,0.06916994035243988
8062,0.06969784200191498,0.06917484790086746
8063,0.06896907836198807,0.0691689820587635
8064,0.06874482333660126,0.06916529268026352
8065,0.06899265199899673,0.06916393131017685
8066,0.06861909478902817,0.06915502466261386
8067,0.06922299414873123,0.06915771871805192
8068,0.0698147863149643,0.06916365057229995
8069,0.06902453303337097,0.06915838867425919
8070,0.06878006458282471,0.0691555916517973
8071,0.06901732087135315,0.06915397576987743
8072,0.06865769624710083,0.06914425365626813
8073,0.06901665031909943,0.0691439488530159
8074,0.06948841363191605,0.06914771921932697
8075,0.06881492584943771,0.06914169356226921
8076,0.06887038052082062,0.0691407160460949
8077,0.0691634863615036,0.06914021141827106
8078,0.06870263814926147,0.0691304724663496
8079,0.0689144879579544,0.06912933699786664
8080,0.06948693096637726,0.06913329482078552
8081,0.06883373856544495,0.0691277301311493
8082,0.06872038543224335,0.06912547640502453
8083,0.06899740546941757,0.06912319555878639
8084,0.06859230995178223,0.06911128245294094
8085,0.06914791464805603,0.06911125138401986
8086,0.06978701055049896,0.069118712246418
8087,0.06899745762348175,0.06911624670028686
8088,0.06873772293329239,0.06911353923380376
8089,0.06894257664680481,0.06910899557173251
8090,0.06861021369695663,0.06909683249890804
8091,0.0690208226442337,0.06909580834209919
8092,0.06940068304538727,0.06909845016896725
8093,0.06868255138397217,0.06909161642193794
8094,0.06884940713644028,0.06909095980226994
8095,0.06925645470619202,0.069091422483325
8096,0.06873726844787598,0.06908105351030827
8097,0.06873880326747894,0.06907730892300606
8098,0.06913980841636658,0.06907824143767356
8099,0.0686199888586998,0.06907126814126968
8100,0.06886561214923859,0.06907098829746246
8101,0.06920605897903442,0.06907071813941001
8102,0.06874465942382812,0.06906093090772629
8103,0.06880071759223938,0.06905855685472488
8104,0.06916970759630203,0.06905963502824307
8105,0.06865955144166946,0.06905274428427219
8106,0.06890308856964111,0.0690526669472456
8107,0.0693153664469719,0.06905439533293248
8108,0.06879664212465286,0.06904642321169377
8109,0.06863850355148315,0.06904300265014171
8110,0.06899479031562805,0.06904245711863041
8111,0.0685223639011383,0.06903433732688427
8112,0.06890106201171875,0.06903384432196617
8113,0.06922683119773865,0.06903526037931443
8114,0.06865112483501434,0.06902694202959538
8115,0.06874437630176544,0.06902468487620354
8116,0.0692310631275177,0.0690262594819069
8117,0.06862855702638626,0.06901914305984974
8118,0.06874235719442368,0.06901739582419396
8119,0.06907065212726593,0.06901664301753044
8120,0.0686190128326416,0.06900660641491413
8121,0.06874994933605194,0.06900370083749294
8122,0.06918802112340927,0.06900537461042404
8123,0.0685870423913002,0.06899817936122417
8124,0.06876061111688614,0.06899678632616997
8125,0.06904172897338867,0.06899595521390438
8126,0.06856837868690491,0.06898568414151668
8127,0.06880027055740356,0.06898394532501698
8128,0.06926759332418442,0.06898651883006096
8129,0.0686206966638565,0.06898026779294014
8130,0.06866907328367233,0.0689783188700676
8131,0.06893439590930939,0.06897586271166802
8132,0.06850505620241165,0.06896500885486603
8133,0.0688256323337555,0.06896411694586277
8134,0.06933236122131348,0.06896753050386906
8135,0.06865310668945312,0.06896016798913479
8136,0.06861008703708649,0.06895710185170173
8137,0.06888608634471893,0.06895707093179226
8138,0.06848672777414322,0.0689497546851635
8139,0.06879694759845734,0.06895024582743645
8140,0.069270059466362,0.06895193427801133
8141,0.06857798248529434,0.06894319079816341
8142,0.06867493689060211,0.06894036203622818
8143,0.06897515803575516,0.06894094966351987
8144,0.06851933896541595,0.06893308557569981
8145,0.06870750337839127,0.06893153123557567
8146,0.06915442645549774,0.0689313717931509
8147,0.0685623288154602,0.06892143569886684
8148,0.0686495453119278,0.06891788825392724
8149,0.06896691769361496,0.06891923062503338
8150,0.06847353279590607,0.06891226254403592
8151,0.0687742605805397,0.06891300708055496
8152,0.069247767329216,0.06891505882143974
8153,0.06862205266952515,0.06890713065862655
8154,0.06862381100654602,0.06890423595905304
8155,0.06893102079629898,0.06890373148024082
8156,0.0684780701994896,0.06889487013220787
8157,0.06870196014642715,0.06889384642243385
8158,0.06916006654500961,0.06889619566500187
8159,0.06853152811527252,0.06888975732028485
8160,0.06861040741205215,0.06888835623860359
8161,0.06886328011751175,0.06888603143393994
8162,0.0684223473072052,0.06887327648699283
8163,0.06893359869718552,0.06887292169034481
8164,0.06945016235113144,0.06887997508049011
8165,0.06887182593345642,0.06887876681983471
8166,0.06885010004043579,0.06888107687234879
8167,0.06971800327301025,0.06888602696359157
8168,0.06981834024190903,0.06888606250286103
8169,0.06913721561431885,0.0688871893286705
8170,0.06932333111763,0.06889262199401855
8171,0.07003714144229889,0.06890282019972802
8172,0.06962297111749649,0.06891247294843197
8173,0.06909072399139404,0.06891321368515492
8174,0.06909258663654327,0.06890925541520118
8175,0.06884666532278061,0.06890957280993462
8176,0.06901691854000092,0.06891103819012642
8177,0.06920252740383148,0.0689114286005497
8178,0.0687948614358902,0.06891235083341599
8179,0.06941467523574829,0.06891735270619392
8180,0.06990742683410645,0.06892155766487122
8181,0.06922584772109985,0.06892547875642777
8182,0.06894619762897491,0.06892773687839508
8183,0.06934648752212524,0.06893122769892215
8184,0.06879696249961853,0.06893327422440051
8185,0.06876814365386963,0.06892947651445866
8186,0.06895135343074799,0.06892111994326115
8187,0.06860855966806412,0.06891723096370697
8188,0.06876946240663528,0.0689175483584404
8189,0.06914841383695602,0.0689196067303419
8190,0.06868250668048859,0.06892032966017723
8191,0.06901953369379044,0.0689203167706728
8192,0.06915252655744553,0.06891783520579338
8193,0.06861265748739243,0.06891713626682758
8194,0.06886447221040726,0.06891728691756725
8195,0.06929343938827515,0.06891765676438809
8196,0.06868961453437805,0.0689171802252531
8197,0.06862277537584305,0.06891601994633674
8198,0.06899012625217438,0.06891452312469483
8199,0.06856361031532288,0.06891395933926106
8200,0.06858386844396591,0.06891114190220833
8201,0.06900487840175629,0.06890913009643555
8202,0.06838224828243256,0.0689055059850216
8203,0.06862914562225342,0.06890379026532173
8204,0.06893569231033325,0.06890145011246204
8205,0.06841585785150528,0.0688990131765604
8206,0.06873545050621033,0.06889733679592609
8207,0.06933851540088654,0.06889756828546524
8208,0.06865707039833069,0.06889617256820202
8209,0.06836195290088654,0.06889340706169605
8210,0.06861528754234314,0.06888961203396321
8211,0.06830316036939621,0.06888741999864578
8212,0.0687253326177597,0.0688856627047062
8213,0.06908849626779556,0.06888427935540677
8214,0.06839528679847717,0.06888172097504139
8215,0.06859105080366135,0.06888018772006035
8216,0.06892815232276917,0.06887715861201286
8217,0.06838900595903397,0.06887476310133935
8218,0.06857810914516449,0.06887312062084675
8219,0.06912028789520264,0.06887361697852612
8220,0.06849761307239532,0.06887240298092365
8221,0.06841346621513367,0.06886903814971447
8222,0.06865490972995758,0.06886370703577996
8223,0.06826919317245483,0.0688605285435915
8224,0.06866510212421417,0.06885957345366478
8225,0.06905631721019745,0.06885971933603287
8226,0.06835822761058807,0.0688576178252697
8227,0.0685114860534668,0.06885472998023033
8228,0.06887005269527435,0.06885075457394123
8229,0.06833408772945404,0.0688478884845972
8230,0.06844613701105118,0.06884565912187099
8231,0.06896314024925232,0.06884594656527042
8232,0.06837011873722076,0.06884459719061851
8233,0.06841354072093964,0.06884047627449036
8234,0.0686764195561409,0.06883391685783863
8235,0.06826451420783997,0.06883003093302249
8236,0.06857273727655411,0.06882965743541718
8237,0.06902799755334854,0.06883107654750348
8238,0.06836750358343124,0.06882988430559635
8239,0.06838911771774292,0.06882580600678921
8240,0.06865443289279938,0.06881964974105358
8241,0.06822706758975983,0.06881614059209823
8242,0.06850732117891312,0.06881446443498135
8243,0.06898435205221176,0.06881455637514591
8244,0.06835904717445374,0.06881295345723629
8245,0.06844006478786469,0.06881027907133103
8246,0.06878792494535446,0.06880661405622959
8247,0.06830869615077972,0.06880407772958279
8248,0.06840303540229797,0.0688016126304865
8249,0.06880373507738113,0.06879998080432415
8250,0.06826151907444,0.0687978606671095
8251,0.06851384043693542,0.06879525646567344
8252,0.06880157440900803,0.06879079453647137
8253,0.06827272474765778,0.06878730125725269
8254,0.06845887750387192,0.06878565192222595
8255,0.06892140209674835,0.06878555573523044
8256,0.06832802295684814,0.06878405526280403
8257,0.06844262033700943,0.06878146186470985
8258,0.06885291635990143,0.06877839036285877
8259,0.06845460087060928,0.06877762109041213
8260,0.06832432746887207,0.06877476029098034
8261,0.06882067024707794,0.06877433419227601
8262,0.0682857483625412,0.06877296820282935
8263,0.0683770626783371,0.06876740284264088
8264,0.06850564479827881,0.06875795766711235
8265,0.068232461810112,0.06875156402587891
8266,0.0685068815946579,0.06874813184142113
8267,0.06869968771934509,0.06873794868588448
8268,0.06848971545696259,0.06872466243803502
8269,0.06876124441623688,0.06872090272605419
8270,0.06850139796733856,0.06871268339455128
8271,0.06829160451889038,0.06869522802531719
8272,0.06833095848560333,0.06868230789899826
8273,0.06818011403083801,0.0686732017993927
8274,0.0689174234867096,0.06867145016789436
8275,0.0695650726556778,0.06867863424122334
8276,0.06863119453191757,0.0686747770011425
8277,0.06870108842849731,0.06866976261138916
8278,0.06855340301990509,0.0686673480272293
8279,0.06849049031734467,0.06865810617804527
8280,0.06859900057315826,0.0686450219154358
8281,0.06894031167030334,0.06864216655492783
8282,0.0689772516489029,0.06864247709512711
8283,0.06860341131687164,0.06863504633307457
8284,0.0690062940120697,0.06863713964819908
8285,0.06979277729988098,0.06864738598465919
8286,0.06919561326503754,0.06864982858300209
8287,0.06838773190975189,0.06864762030541897
8288,0.06857860088348389,0.06864571169018746
8289,0.06883150339126587,0.06864254258573055
8290,0.06883326917886734,0.06864405021071435
8291,0.06854549795389175,0.06863930985331536
8292,0.06826908141374588,0.06863047540187836
8293,0.0682549774646759,0.06862689860165119
8294,0.06854552030563354,0.06862370908260346
8295,0.06874649226665497,0.06861823961138726
8296,0.06898942589759827,0.06862123772501945
8297,0.06913720816373825,0.06862638205289841
8298,0.06847751885652542,0.06862125597894192
8299,0.06857666373252869,0.06862138651311397
8300,0.0687033012509346,0.06862258084118367
8301,0.06864039599895477,0.06861893601715564
8302,0.06857208907604218,0.06862083442509175
8303,0.06847982108592987,0.06861934117972851
8304,0.06842838227748871,0.06861426807940006
8305,0.06838800013065338,0.06861398950219154
8306,0.06837837398052216,0.06861041873693466
8307,0.06846100091934204,0.06860164359211922
8308,0.06833909451961517,0.06859846383333207
8309,0.06861124187707901,0.06860095672309399
8310,0.06889820843935013,0.06860378593206405
8311,0.06837300956249237,0.06860448442399501
8312,0.06883051991462708,0.0686055362969637
8313,0.06923812627792358,0.06860703259706497
8314,0.06874576956033707,0.06861053742468357
8315,0.06845369935035706,0.06860916391015053
8316,0.06839162111282349,0.06860379859805107
8317,0.06817179918289185,0.06860162653028964
8318,0.06804472208023071,0.06859629265964032
8319,0.06811066716909409,0.06858619645237923
8320,0.068392813205719,0.06858514845371247
8321,0.06850442290306091,0.06858605802059174
8322,0.06877592206001282,0.0685872681438923
8323,0.06903906166553497,0.06859496682882309
8324,0.06935717910528183,0.06860188759863377
8325,0.06898573040962219,0.06860118173062801
8326,0.06867322325706482,0.06860433168709278
8327,0.06862857192754745,0.06860550254583359
8328,0.06935770809650421,0.06861037909984588
8329,0.07018919289112091,0.06862893015146256
8330,0.07020223140716553,0.0686464910954237
8331,0.06948357820510864,0.06865169547498226
8332,0.06954856216907501,0.0686634799093008
8333,0.06921786069869995,0.06867152310907841
8334,0.06847963482141495,0.06866955526173114
8335,0.06895651668310165,0.06867647528648377
8336,0.06965351104736328,0.06868728302419186
8337,0.06912162154912949,0.06868821926414967
8338,0.06916359066963196,0.06869618013501168
8339,0.06937174499034882,0.06870600640773773
8340,0.06888172030448914,0.06870827928185463
8341,0.06912967562675476,0.06871730536222458
8342,0.06958520412445068,0.06872808419167996
8343,0.068720243871212,0.06872544310986996
8344,0.06831459701061249,0.06872499860823154
8345,0.06846144795417786,0.06872521243989467
8346,0.06819486618041992,0.06871928185224534
8347,0.0685354545712471,0.06872154943645001
8348,0.06890610605478287,0.06872658014297485
8349,0.0682092010974884,0.06872063480317593
8350,0.06854310631752014,0.06872345067560673
8351,0.06889118254184723,0.06872722409665584
8352,0.0683978870511055,0.06872318722307683
8353,0.0683436244726181,0.06872389622032643
8354,0.06862238049507141,0.06872553125023842
8355,0.06811665743589401,0.06871748380362988
8356,0.06860330700874329,0.06872023664414882
8357,0.06914284825325012,0.06872723892331123
8358,0.06858296692371368,0.06872453942894935
8359,0.068023681640625,0.06872023023664951
8360,0.06830893456935883,0.06872007630765438
8361,0.06791870296001434,0.06871105663478375
8362,0.06830838322639465,0.06871128298342227
8363,0.06853973865509033,0.06871290974318982
8364,0.0680217519402504,0.06870807081460953
8365,0.06840354204177856,0.06870978161692619
8366,0.0690309926867485,0.0687150227278471
8367,0.06829698383808136,0.06871099568903447
8368,0.06797723472118378,0.06870587088167668
8369,0.06812826544046402,0.06869954109191895
8370,0.06781799346208572,0.06869270704686642
8371,0.06840310990810394,0.06869382210075856
8372,0.06889402866363525,0.06869945280253888
8373,0.06814438849687576,0.06869909554719925
8374,0.06817260384559631,0.06869164735078812
8375,0.06856343895196915,0.06868163101375103
8376,0.06805667281150818,0.06867588579654693
8377,0.0680224597454071,0.06866909950971603
8378,0.06843260675668716,0.06866789154708386
8379,0.06789268553256989,0.0686619134992361
8380,0.06817163527011871,0.06865763984620571
8381,0.06848257035017014,0.06865306243300438
8382,0.06808397173881531,0.0686441296339035
8383,0.06797820329666138,0.0686378775537014
8384,0.06818080693483353,0.06862962268292903
8385,0.06776319444179535,0.06860932685434819
8386,0.06824193149805069,0.06859979003667832
8387,0.0686279684305191,0.06860219240188599
8388,0.06798197329044342,0.06859622612595558
8389,0.06790414452552795,0.0685869525372982
8390,0.0686282217502594,0.06858490206301213
8391,0.06802050769329071,0.06857965216040611
8392,0.06780172139406204,0.06857497856020928
8393,0.06793680787086487,0.06857179686427116
8394,0.06763669103384018,0.06856270857155324
8395,0.06822824478149414,0.06855752609670163
8396,0.06857896596193314,0.06855342149734497
8397,0.06787038594484329,0.06854075327515602
8398,0.06837275624275208,0.06853970564901829
8399,0.06877024471759796,0.06854164145886898
8400,0.06809788942337036,0.06853558734059334
8401,0.06767560541629791,0.06852593943476677
8402,0.06803625822067261,0.06852058112621308
8403,0.0680498480796814,0.06851628139615058
8404,0.06811651587486267,0.06851316273212432
8405,0.06831762194633484,0.06851245895028114
8406,0.06815016269683838,0.0685101768374443
8407,0.06826774775981903,0.06850824430584908
8408,0.06823181360960007,0.06850717149674893
8409,0.0678306519985199,0.06849936559796334
8410,0.0678638368844986,0.06848902188241482
8411,0.0680307149887085,0.06848559893667698
8412,0.06893394887447357,0.06848663322627545
8413,0.06887994706630707,0.06848305143415928
8414,0.06903363764286041,0.06848593011498451
8415,0.06855359673500061,0.06848692908883094
8416,0.06850597262382507,0.06848807260394096
8417,0.06818611919879913,0.06848821580410004
8418,0.06822840869426727,0.0684900526702404
8419,0.06836922466754913,0.06849263824522495
8420,0.06845103949308395,0.0684932205080986
8421,0.06854963302612305,0.06849367260932922
8422,0.06827790290117264,0.06848869241774082
8423,0.0683039203286171,0.06848134100437164
8424,0.06835193932056427,0.06847128860652446
8425,0.06801733374595642,0.0684616046398878
8426,0.06800441443920135,0.06845491655170917
8427,0.0682942196726799,0.0684515730291605
8428,0.06832269579172134,0.06844122290611267
8429,0.06866326183080673,0.06842596359550952
8430,0.06802237778902054,0.06840416505932807
8431,0.06855028122663498,0.06839483208954335
8432,0.06873099505901337,0.06838665641844273
8433,0.0682719424366951,0.06837719723582268
8434,0.06842754781246185,0.06837667636573315
8435,0.06877955049276352,0.06837490670382977
8436,0.06832331418991089,0.06836160473525524
8437,0.06817520409822464,0.06835214056074619
8438,0.06844493746757507,0.06834495402872562
8439,0.06812746822834015,0.06833251126110554
8440,0.06820210814476013,0.06832571513950825
8441,0.06858863681554794,0.06832030475139618
8442,0.06802009791135788,0.06830465368926525
8443,0.06820444762706757,0.06829949572682381
8444,0.06848026067018509,0.06830115236341953
8445,0.06795275211334229,0.06829606540501118
8446,0.06825367361307144,0.0682966534793377
8447,0.06893375515937805,0.068300636485219
8448,0.0681842789053917,0.06829341821372509
8449,0.06789734959602356,0.06829029969871044
8450,0.0680803507566452,0.06828567214310169
8451,0.06766589730978012,0.06827341929078103
8452,0.06815345585346222,0.06827097497880459
8453,0.06869541108608246,0.06827449284493924
8454,0.06784790754318237,0.06826674811542034
8455,0.06773988902568817,0.06826298043131829
8456,0.06792378425598145,0.06825618520379066
8457,0.0675649344921112,0.06824040606617927
8458,0.06822703778743744,0.0682368467748165
8459,0.06876177340745926,0.06824422769248485
8460,0.06801655888557434,0.06824130393564701
8461,0.06794233620166779,0.06824154026806355
8462,0.06827902793884277,0.06824124671518803
8463,0.06789624691009521,0.06823481179773808
8464,0.06766659021377563,0.06823126018047333
8465,0.06770789623260498,0.06822430372238159
8466,0.06729007512331009,0.06820689454674721
8467,0.06809057295322418,0.06820483043789864
8468,0.06868574023246765,0.06821191549301148
8469,0.06798768788576126,0.06821050971746445
8470,0.06789538264274597,0.06821128360927105
8471,0.06897465139627457,0.06821699902415275
8472,0.06805437058210373,0.06820860244333744
8473,0.06737982481718063,0.0682009568065405
8474,0.06744620203971863,0.06819369278848171
8475,0.06725163012742996,0.06818057470023632
8476,0.0670800507068634,0.06817080847918987
8477,0.06674717366695404,0.06815805561840534
8478,0.06675788760185242,0.06814130842685699
8479,0.06746382266283035,0.0681370197981596
8480,0.06777246296405792,0.068133028075099
8481,0.06754499673843384,0.06812365233898163
8482,0.06682224571704865,0.06811103507876397
8483,0.06720895320177078,0.06810334257781506
8484,0.06784091889858246,0.06809994369745255
8485,0.06803245097398758,0.06810263626277446
8486,0.06791216880083084,0.06809933863580227
8487,0.06777598708868027,0.06809081882238388
8488,0.06743170320987701,0.06808531612157821
8489,0.06706197559833527,0.06807689443230629
8490,0.06731637567281723,0.06806377597153186
8491,0.0670095831155777,0.06805366672575473
8492,0.06704774498939514,0.06804612696170807
8493,0.06711903214454651,0.06803794920444489
8494,0.0670197382569313,0.0680317796766758
8495,0.06722953170537949,0.06802179254591464
8496,0.06751680374145508,0.06801117092370987
8497,0.06746312230825424,0.06800709828734398
8498,0.06688718497753143,0.06799224257469177
8499,0.06749333441257477,0.06797947347164154
8500,0.06804864853620529,0.0679789810627699
8501,0.0686558336019516,0.06798878334462642
8502,0.06830643117427826,0.06799148507416249
8503,0.06805402785539627,0.06799152687191963
8504,0.06786582618951797,0.06798901997506618
8505,0.06777757406234741,0.0679836194962263
8506,0.06750237941741943,0.06797714166343212
8507,0.06696892529726028,0.06796415343880653
8508,0.0670028030872345,0.06795186333358288
8509,0.0673200786113739,0.06794675759971142
8510,0.06713111698627472,0.06793943040072918
8511,0.07033209502696991,0.06796244420111179
8512,0.0740702897310257,0.06801380760967732
8513,0.0717458575963974,0.06804246671497821
8514,0.06817933171987534,0.06803392365574837
8515,0.06803877651691437,0.0680287754535675
8516,0.06835276633501053,0.06802724339067936
8517,0.067984938621521,0.06802523158490657
8518,0.06753005087375641,0.06801824800670148
8519,0.06718505918979645,0.06800640635192394
8520,0.06691056489944458,0.06799100160598755
8521,0.06683076173067093,0.06797381289303303
8522,0.0669645369052887,0.0679606792330742
8523,0.06705395132303238,0.06794817954301834
8524,0.06702195107936859,0.06793487966060638
8525,0.06668227910995483,0.06792152911424637
8526,0.06625162065029144,0.06790400117635727
8527,0.06648607552051544,0.06788591973483563
8528,0.06732571125030518,0.06787594988942146
8529,0.06764326989650726,0.06786574997007846
8530,0.06732422113418579,0.06785876840353013
8531,0.0678539127111435,0.06785180471837521
8532,0.06861750781536102,0.06785066984593868
8533,0.0681862086057663,0.06784981250762939
8534,0.06812062859535217,0.0678467433154583
8535,0.0680568665266037,0.0678395164757967
8536,0.06743692606687546,0.06783065259456635
8537,0.06688764691352844,0.06781777702271938
8538,0.06638556718826294,0.06779718331992626
8539,0.0663665384054184,0.06777957402169704
8540,0.0665704756975174,0.06776325769722462
8541,0.06639764457941055,0.06774134777486324
8542,0.0663643479347229,0.0677247902750969
8543,0.06658871471881866,0.06770863294601441
8544,0.0667283907532692,0.06769111424684525
8545,0.0665522962808609,0.06767710968852043
8546,0.06640172004699707,0.06765859015285969
8547,0.06665289402008057,0.06763578154146671
8548,0.06670399010181427,0.06762097865343093
8549,0.0664924830198288,0.06760692998766898
8550,0.06630980223417282,0.06758922450244427
8551,0.0667206421494484,0.06757977195084094
8552,0.06696785986423492,0.06756791599094868
8553,0.06640976667404175,0.06754505954682827
8554,0.06683854758739471,0.06753496594727039
8555,0.06703163683414459,0.06752788342535496
8556,0.06678612530231476,0.0675165068358183
8557,0.06779418885707855,0.06751879937946796
8558,0.06777124106884003,0.06751424141228199
8559,0.06718750298023224,0.06749849870800972
8560,0.06710110604763031,0.06748934417963028
8561,0.06691887974739075,0.0674791096150875
8562,0.06731182336807251,0.0674694375693798
8563,0.06732430309057236,0.06746371813118458
8564,0.06686185300350189,0.06745567075908183
8565,0.0667768195271492,0.06744635999202728
8566,0.06656120717525482,0.06743907131254673
8567,0.06857664883136749,0.06744393207132816
8568,0.07152482867240906,0.06747232295572758
8569,0.06906285881996155,0.06748307466506959
8570,0.06698252260684967,0.06747394606471062
8571,0.06763336807489395,0.06746053323149681
8572,0.0679256021976471,0.06745924554765224
8573,0.06733953952789307,0.06745884269475937
8574,0.06714499741792679,0.06745583064854145
8575,0.06689748167991638,0.06745228916406631
8576,0.06685081869363785,0.06744999684393406
8577,0.06696493178606033,0.06745217442512512
8578,0.06665199995040894,0.06745111554861069
8579,0.06775902211666107,0.06745406754314899
8580,0.06886027753353119,0.06746494568884373
8581,0.06747178733348846,0.06746421359479428
8582,0.06694750487804413,0.06746546618640423
8583,0.06692199409008026,0.06746259659528732
8584,0.06697224080562592,0.06745390981435775
8585,0.06647494435310364,0.06743833474814892
8586,0.06684412062168121,0.06742765426635743
8587,0.06767846643924713,0.06742667905986309
8588,0.06701815128326416,0.06742254354059696
8589,0.06669008731842041,0.06741882465779782
8590,0.06670568138360977,0.06741271771490574
8591,0.06613746285438538,0.06740399651229381
8592,0.06733929365873337,0.0674069119989872
8593,0.06905872374773026,0.06742630891501904
8594,0.06783004105091095,0.06743441194295884
8595,0.06695660948753357,0.06743168272078037
8596,0.06713709980249405,0.06742788568139076
8597,0.06767155975103378,0.06742997005581856
8598,0.06722190976142883,0.06743331730365754
8599,0.06638258695602417,0.06742220982909203
8600,0.0682220458984375,0.06742394380271435
8601,0.07161255925893784,0.06745351105928421
8602,0.07109031081199646,0.0674813498556614
8603,0.06826112419366837,0.06748342081904411
8604,0.06670014560222626,0.06747176401317119
8605,0.06765275448560715,0.06747051581740379
8606,0.06902703642845154,0.06748576238751411
8607,0.06901922821998596,0.06750626541674137
8608,0.06829517334699631,0.06751918911933899
8609,0.06729933619499207,0.06751898169517517
8610,0.06780537217855453,0.06752572424709796
8611,0.06893172115087509,0.06751172050833702
8612,0.06922247260808945,0.06746324233710765
8613,0.06783141195774078,0.0674240978807211
8614,0.06721547245979309,0.06741445928812027
8615,0.06760542839765549,0.06741012580692768
8616,0.06795072555541992,0.06740610539913178
8617,0.0678972601890564,0.06740522861480713
8618,0.06734657287597656,0.06740339383482934
8619,0.06738618016242981,0.06740540504455567
8620,0.06748989224433899,0.06741119831800461
8621,0.06721610575914383,0.06741505175828934
8622,0.06773567199707031,0.06742276310920715
8623,0.0677698627114296,0.06742992222309113
8624,0.06704860925674438,0.06743018880486489
8625,0.06653289496898651,0.0674286949634552
8626,0.06685541570186615,0.06743473291397095
8627,0.06675265729427338,0.06743739873170852
8628,0.06703028082847595,0.06743444442749023
8629,0.06696181744337082,0.06742762990295886
8630,0.06648272275924683,0.06741921491920948
8631,0.06602586805820465,0.06740093447268009
8632,0.06592141091823578,0.06737397350370884
8633,0.06599165499210358,0.06735202796757221
8634,0.06610605120658875,0.06733188219368458
8635,0.06605962663888931,0.06731190979480743
8636,0.06642823666334152,0.0673018229007721
8637,0.06808140873908997,0.06731376051902771
8638,0.06858640909194946,0.06733576893806457
8639,0.0683898776769638,0.06735600233078003
8640,0.06773507595062256,0.06736764833331108
8641,0.06752340495586395,0.06737890593707561
8642,0.06774204969406128,0.06739268295466899
8643,0.06767729669809341,0.06740356877446174
8644,0.06721611320972443,0.0674084459990263
8645,0.06712126731872559,0.06741413570940495
8646,0.06738093495368958,0.06742392785847187
8647,0.06701575219631195,0.06742755644023418
8648,0.06647195667028427,0.06742523610591888
8649,0.06649549305438995,0.06742526620626449
8650,0.06640665978193283,0.06742623478174209
8651,0.06630279868841171,0.06742205634713173
8652,0.06612510979175568,0.06741362884640693
8653,0.06631200015544891,0.06741265118122101
8654,0.06643946468830109,0.06740866035223007
8655,0.06601248681545258,0.06739846885204315
8656,0.06621986627578735,0.06739280626177788
8657,0.06638918071985245,0.06737875618040562
8658,0.06660628318786621,0.06736710660159588
8659,0.06666377186775208,0.06736186929047108
8660,0.06638570874929428,0.06735471531748771
8661,0.06613610684871674,0.06734688758850098
8662,0.06595563143491745,0.06733332566916943
8663,0.06589816510677338,0.06731906428933143
8664,0.06607787311077118,0.06731122449040412
8665,0.06612401455640793,0.06730469644069671
8666,0.0660165548324585,0.06729924991726875
8667,0.0658576712012291,0.06727206014096737
8668,0.0657639354467392,0.06721445120871067
8669,0.06575372815132141,0.06718135990202427
8670,0.06588272750377655,0.06717036195099353
8671,0.06572739779949188,0.06715130224823952
8672,0.06576503813266754,0.06712969660758972
8673,0.06574574112892151,0.0671137586236
8674,0.06549915671348572,0.06709730021655559
8675,0.06544876098632812,0.06708281300961971
8676,0.06543522328138351,0.06706865705549717
8677,0.06533335894346237,0.06705234132707119
8678,0.06586319208145142,0.06704445324838161
8679,0.06599416583776474,0.06702680468559265
8680,0.06549391150474548,0.06699314102530479
8681,0.06596435606479645,0.06697806671261787
8682,0.06639236211776733,0.0669725152850151
8683,0.06678333878517151,0.06697112873196602
8684,0.06730039417743683,0.06697441026568413
8685,0.06677490472793579,0.06697740986943244
8686,0.06565321981906891,0.06696550086140633
8687,0.0658072680234909,0.06694678887724877
8688,0.06611186265945435,0.06693772599101067
8689,0.0666382759809494,0.06693720787763596
8690,0.06651907414197922,0.06693534180521965
8691,0.06703956425189972,0.06694436281919479
8692,0.06740748137235641,0.06694504469633103
8693,0.06631582975387573,0.06691761575639248
8694,0.06669554114341736,0.06690627075731755
8695,0.06711671501398087,0.06690787181258201
8696,0.06648649275302887,0.06690136574208737
8697,0.06564998626708984,0.06688115000724792
8698,0.06590403616428375,0.06686797127127647
8699,0.06551405042409897,0.06685928590595722
8700,0.06587604433298111,0.06683582589030265
8701,0.06631281971931458,0.06678282849490642
8702,0.06618625670671463,0.06673378795385361
8703,0.06605037301778793,0.0667116804420948
8704,0.06560023128986359,0.06670068129897118
8705,0.06525397300720215,0.06667669348418713
8706,0.06537453830242157,0.06664016850292682
8707,0.06551020592451096,0.06660507827997207
8708,0.06535881757736206,0.06657571472227573
8709,0.06540411710739136,0.06655676253139972
8710,0.06531310081481934,0.06653183981776238
8711,0.06524061411619186,0.06649492874741554
8712,0.06524708867073059,0.06645517490804195
8713,0.06522788107395172,0.06642913959920406
8714,0.06538709253072739,0.0664108557999134
8715,0.06521569192409515,0.0663869584351778
8716,0.06508032232522964,0.0663582544028759
8717,0.06547018885612488,0.06633398368954659
8718,0.06553585827350616,0.06631587654352188
8719,0.06541246175765991,0.06629613935947418
8720,0.06536413729190826,0.06627488180994988
8721,0.06523941457271576,0.0662551148980856
8722,0.06501635909080505,0.06622792176902294
8723,0.0652712732553482,0.06620293587446213
8724,0.06534553319215775,0.06618590511381627
8725,0.06568343192338943,0.06617741048336029
8726,0.06545652449131012,0.06616342157125472
8727,0.06503275781869888,0.06614622257649899
8728,0.06512103229761124,0.06612713009119034
8729,0.0650533065199852,0.06610804498195648
8730,0.06503036618232727,0.06609352141618728
8731,0.06523105502128601,0.0660855732858181
8732,0.06507442891597748,0.06607710346579551
8733,0.06528769433498383,0.06607006385922432
8734,0.06531569361686707,0.0660621602833271
8735,0.06495320051908493,0.06605109602212905
8736,0.0649023950099945,0.06603583760559559
8737,0.06503164768218994,0.06600533999502659
8738,0.06496276706457138,0.0659691035747528
8739,0.06517873704433441,0.06593699216842651
8740,0.06508096307516098,0.0659104510396719
8741,0.0650327280163765,0.06588554427027703
8742,0.06501783430576324,0.06585830211639404
8743,0.06487413495779037,0.06583027049899101
8744,0.06484553217887878,0.06580656468868255
8745,0.06509802490472794,0.06578633226454259
8746,0.06500785052776337,0.06576260142028331
8747,0.06495670229196548,0.06574201092123985
8748,0.06496019661426544,0.06572689332067966
8749,0.06484707444906235,0.06571040913462639
8750,0.06482803821563721,0.06569462291896343
8751,0.0650162547826767,0.06568175747990608
8752,0.06492908298969269,0.06566979721188546
8753,0.06489160656929016,0.06565559327602387
8754,0.06487932801246643,0.06563999190926552
8755,0.0648302286863327,0.06562816932797431
8756,0.06480953097343445,0.06561406597495079
8757,0.06491540372371674,0.06559932820498943
8758,0.06486082822084427,0.06558187365531921
8759,0.0648612529039383,0.06556384846568107
8760,0.06482820212841034,0.06554827339947224
8761,0.06485255807638168,0.06553543791174889
8762,0.06480767577886581,0.06552395835518837
8763,0.064876489341259,0.06551374159753323
8764,0.06484698504209518,0.06550143271684647
8765,0.06480337679386139,0.065488226339221
8766,0.06478705257177353,0.06547593131661415
8767,0.06485471874475479,0.0654659017920494
8768,0.0648157149553299,0.06545641958713531
8769,0.06482990086078644,0.06544718131422997
8770,0.0647655725479126,0.06543600976467133
8771,0.06482969224452972,0.0654270327091217
8772,0.06476446241140366,0.06541702695190907
8773,0.06481927633285522,0.0654077623039484
8774,0.0648028552532196,0.06540079928934574
8775,0.06475555896759033,0.06539386726915836
8776,0.06471611559391022,0.06538667619228362
8777,0.06485084444284439,0.06538185104727745
8778,0.0648212730884552,0.06537143185734749
8779,0.06472700834274292,0.06535876028239727
8780,0.06468778103590012,0.06535069897770882
8781,0.06488429009914398,0.06533989831805229
8782,0.06485173106193542,0.06532449200749398
8783,0.06466017663478851,0.06530326038599014
8784,0.06465103477239609,0.06527676679193974
8785,0.06488022953271866,0.06525782003998756
8786,0.06484842300415039,0.06524977207183838
8787,0.06467141956090927,0.06523841358721257
8788,0.06461848318576813,0.0652234797924757
8789,0.06487376987934113,0.06520583473145962
8790,0.06485124677419662,0.0651891564577818
8791,0.06461231410503387,0.06516488395631313
8792,0.06459379196166992,0.06513674706220626
8793,0.06488263607025146,0.06512241512537002
8794,0.06483322381973267,0.06510379195213317
8795,0.06465400010347366,0.06507916480302811
8796,0.06461738795042038,0.06506047375500203
8797,0.06479580700397491,0.06505193196237087
8798,0.06475386768579483,0.06504043027758598
8799,0.06464815139770508,0.06503177128732204
8800,0.06462723016738892,0.06501928314566613
8801,0.06477060914039612,0.06500386103987693
8802,0.06471151858568192,0.06498911365866661
8803,0.06466725468635559,0.06497528247535228
8804,0.06464865803718567,0.0649657667428255
8805,0.06470011919736862,0.06496022820472717
8806,0.06469669938087463,0.06495344981551171
8807,0.06468139588832855,0.06494516171514989
8808,0.06462840735912323,0.0649378576129675
8809,0.06470472365617752,0.06493086367845535
8810,0.06467849016189575,0.06492451757192612
8811,0.06466138362884521,0.06491872526705265
8812,0.06461679190397263,0.06491242229938507
8813,0.0646374523639679,0.06490651801228524
8814,0.06460826843976974,0.06489872977137566
8815,0.06469717621803284,0.06489354461431503
8816,0.06466130912303925,0.06488935448229313
8817,0.0646110326051712,0.06488076291978359
8818,0.0645732507109642,0.06487113684415817
8819,0.06469964981079102,0.06486400872468949
8820,0.06463894248008728,0.06485675677657127
8821,0.0646204948425293,0.06485056757926941
8822,0.06459569931030273,0.06484636098146439
8823,0.06464530527591705,0.06484010130167008
8824,0.06459341943264008,0.0648325801640749
8825,0.0646325871348381,0.06482207171618938
8826,0.06460695713758469,0.06481357604265213
8827,0.06461729109287262,0.06480942137539386
8828,0.06462586671113968,0.06480446971952915
8829,0.06460271775722504,0.06479996383190155
8830,0.06458359211683273,0.0647954960912466
8831,0.06464755535125732,0.06478966109454631
8832,0.06459704786539078,0.06478488728404046
8833,0.06458568572998047,0.06477786719799042
8834,0.06454136967658997,0.06477012395858765
8835,0.06462913751602173,0.06476688332855701
8836,0.06456591188907623,0.06476351849734784
8837,0.06458860635757446,0.06475908808410168
8838,0.06455685943365097,0.06475502900779247
8839,0.06459131836891174,0.06474915482103824
8840,0.0645502507686615,0.06474384769797326
8841,0.0645904615521431,0.06473942503333091
8842,0.06455980986356735,0.06473484478890895
8843,0.06460477411746979,0.06473215118050575
8844,0.06456763297319412,0.0647293721884489
8845,0.06456044316291809,0.06472399637103081
8846,0.06450197845697403,0.06471893765032291
8847,0.06459860503673553,0.06471535667777062
8848,0.06456609815359116,0.06471141569316387
8849,0.0645403265953064,0.06470834821462632
8850,0.0645097941160202,0.06470516577363014
8851,0.06464727222919464,0.06470147594809532
8852,0.06461063027381897,0.06469829142093658
8853,0.06448578089475632,0.06469423316419125
8854,0.06444390118122101,0.0646898788958788
8855,0.06463472545146942,0.06468792386353016
8856,0.06458103656768799,0.0646856389194727
8857,0.06450659781694412,0.06468155086040497
8858,0.06448666006326675,0.06467780917882919
8859,0.06461900472640991,0.06467538669705392
8860,0.06458780169487,0.06467298269271851
8861,0.06444954127073288,0.06466895252466202
8862,0.06444457173347473,0.0646653214842081
8863,0.06459011882543564,0.06466245777904987
8864,0.06451980769634247,0.06465918600559234
8865,0.06451497972011566,0.0646563020348549
8866,0.06448886543512344,0.06465332016348839
8867,0.06448191404342651,0.0646495921164751
8868,0.0644339919090271,0.06464577488601207
8869,0.06457022577524185,0.06464317813515663
8870,0.06454585492610931,0.0646409809589386
8871,0.06447884440422058,0.0646374724805355
8872,0.06440010666847229,0.06463382892310619
8873,0.06456848978996277,0.06463132105767727
8874,0.06451458483934402,0.06462843835353851
8875,0.06439174711704254,0.06462480023503303
8876,0.06436090916395187,0.06462124817073345
8877,0.06461125612258911,0.06461885228753089
8878,0.06457363069057465,0.0646163758635521
8879,0.06436875462532043,0.06461279332637787
8880,0.06435622274875641,0.06460947774350644
8881,0.06455934047698975,0.06460622824728489
8882,0.06449171900749207,0.06460262812674046
8883,0.06441736966371536,0.06460020005702972
8884,0.06437678635120392,0.0645974575728178
8885,0.06450681388378143,0.06459372341632844
8886,0.06446857750415802,0.06458992496132851
8887,0.06441079080104828,0.0645873186737299
8888,0.06438388675451279,0.06458497270941735
8889,0.06447137892246246,0.06458094879984856
8890,0.06443129479885101,0.0645767492800951
8891,0.06442628800868988,0.06457488901913166
8892,0.06441834568977356,0.0645731345564127
8893,0.06445127725601196,0.0645688209682703
8894,0.06439277529716492,0.06456441648304462
8895,0.06443845480680466,0.06456226103007794
8896,0.06440862268209457,0.06456017337739467
8897,0.06442859023809433,0.06455650120973587
8898,0.06437340378761292,0.06455269657075405
8899,0.06442141532897949,0.06455042921006679
8900,0.06439553946256638,0.06454811230301857
8901,0.06440086662769318,0.06454441487789155
8902,0.0643494576215744,0.06454079426825046
8903,0.06445351243019104,0.06453865684568882
8904,0.06438352167606354,0.0645360054820776
8905,0.06437626481056213,0.06453276693820953
8906,0.06434399634599686,0.06452923990786076
8907,0.06443978101015091,0.06452682375907898
8908,0.06438493728637695,0.06452438905835152
8909,0.06437856703996658,0.06452112749218941
8910,0.0643218532204628,0.06451756112277508
8911,0.06439095735549927,0.06451485686004162
8912,0.06439295411109924,0.06451261848211289
8913,0.06435230374336243,0.06450976699590683
8914,0.0643092542886734,0.06450677685439586
8915,0.06445585191249847,0.06450436361134053
8916,0.06441429257392883,0.06450189344584942
8917,0.0643194168806076,0.06449897728860378
8918,0.06427350640296936,0.06449597984552384
8919,0.06440891325473785,0.0644930724799633
8920,0.0643288865685463,0.06448997192084789
8921,0.06437339633703232,0.06448750093579292
8922,0.06433434784412384,0.06448488742113113
8923,0.06432904303073883,0.06448172479867935
8924,0.06431072950363159,0.06447889789938926
8925,0.0643720030784607,0.06447629205882549
8926,0.06434296071529388,0.06447365209460258
8927,0.06431584060192108,0.06447063758969307
8928,0.06428378075361252,0.0644672167301178
8929,0.06442277133464813,0.06446541726589203
8930,0.06438347697257996,0.0644634161144495
8931,0.06422571837902069,0.06445919774472714
8932,0.06421943753957748,0.064455421641469
8933,0.06439972668886185,0.06445356205105782
8934,0.06431223452091217,0.06445127069950103
8935,0.06435754150152206,0.06444855473935604
8936,0.06430982053279877,0.06444599382579326
8937,0.06432949006557465,0.06444340266287327
8938,0.06430089473724365,0.06444084301590919
8939,0.06428974866867065,0.06443782731890678
8940,0.06424146145582199,0.06443473942577839
8941,0.06433344632387161,0.06443216927349567
8942,0.06430285423994064,0.06442959971725941
8943,0.0642557218670845,0.06442610919475555
8944,0.06422743946313858,0.064422707259655
8945,0.0643172487616539,0.06442027531564236
8946,0.06426223367452621,0.06441787786781789
8947,0.0643271952867508,0.06441516377031803
8948,0.06430762261152267,0.06441257901489734
8949,0.06422807276248932,0.06440945647656918
8950,0.06418605148792267,0.0644062190502882
8951,0.0643717423081398,0.06440346375107765
8952,0.06431679427623749,0.06440052539110183
8953,0.06425337493419647,0.06439820133149624
8954,0.06421619653701782,0.06439592428505421
8955,0.06435668468475342,0.06439314387738705
8956,0.0643167793750763,0.06439050130546092
8957,0.06422848999500275,0.06438772022724151
8958,0.06422588229179382,0.06438511244952679
8959,0.06426291167736053,0.0643815515190363
8960,0.06419684737920761,0.06437764197587967
8961,0.06433314830064774,0.06437647804617881
8962,0.0642816573381424,0.0643748489022255
8963,0.06418915092945099,0.06437083922326564
8964,0.06419164687395096,0.06436755761504173
8965,0.06427004933357239,0.0643651083111763
8966,0.06418681144714355,0.0643620877712965
8967,0.06427855789661407,0.06436005420982838
8968,0.06422629952430725,0.06435797728598118
8969,0.06420553475618362,0.0643543303757906
8970,0.06418084353208542,0.06435068026185035
8971,0.06421852856874466,0.0643480771034956
8972,0.06419028341770172,0.06434597887098789
8973,0.06422440707683563,0.06434253804385662
8974,0.06418009102344513,0.06433919310569763
8975,0.06422595679759979,0.06433753520250321
8976,0.06419490277767181,0.0643358751386404
8977,0.06416298449039459,0.06433139242231846
8978,0.06412363797426224,0.06432689249515533
8979,0.06426922976970673,0.06432589724659919
8980,0.06421177834272385,0.06432445280253887
8981,0.06413910537958145,0.0643202504515648
8982,0.06410759687423706,0.06431640923023224
8983,0.06424026936292648,0.06431463822722434
8984,0.0641809031367302,0.06431267939507962
8985,0.06411439925432205,0.06430875524878502
8986,0.06407266855239868,0.06430479615926743
8987,0.0642690360546112,0.06430337861180306
8988,0.06423215568065643,0.0643018613010645
8989,0.06412777304649353,0.06429842524230481
8990,0.0640551745891571,0.06429466404020787
8991,0.06429891288280487,0.06429339028894901
8992,0.06423947960138321,0.0642916016280651
8993,0.06409004330635071,0.06428798928856849
8994,0.06406519562005997,0.06428471349179744
8995,0.06423468887805939,0.06428267583250999
8996,0.06416749954223633,0.06428026460111141
8997,0.06410729140043259,0.0642770516127348
8998,0.06409650295972824,0.06427428260445595
8999,0.06415574252605438,0.0642716258764267
9000,0.06411494314670563,0.06426881991326809
9001,0.06412916630506516,0.06426610291004181
9002,0.06408098340034485,0.06426341816782952
9003,0.06415659189224243,0.06426044896245003
9004,0.06412643194198608,0.06425787806510926
9005,0.06413878500461578,0.06425550326704979
9006,0.06411944329738617,0.06425325773656368
9007,0.06407292932271957,0.06424958921968937
9008,0.06401997804641724,0.06424593962728978
9009,0.06424304097890854,0.0642445843666792
9010,0.0642193853855133,0.06424355968832969
9011,0.06399182230234146,0.06423956833779812
9012,0.06399571895599365,0.06423559598624706
9013,0.06422249972820282,0.06423429794609546
9014,0.06413454562425613,0.06423255085945129
9015,0.06408996880054474,0.06422889202833176
9016,0.06406448036432266,0.06422539390623569
9017,0.06407195329666138,0.06422291927039624
9018,0.06400509178638458,0.06422023512423039
9019,0.064191073179245,0.06421805672347546
9020,0.06414531171321869,0.06421622097492218
9021,0.06400088965892792,0.06421249590814114
9022,0.0639697015285492,0.0642088494449854
9023,0.06421397626399994,0.064207698777318
9024,0.06416470557451248,0.06420623853802682
9025,0.06394000351428986,0.0642019185423851
9026,0.06392592936754227,0.06419774822890759
9027,0.06426183879375458,0.06419720821082592
9028,0.06418471038341522,0.06419621750712395
9029,0.06393203139305115,0.06419131010770798
9030,0.06392809748649597,0.06418675631284713
9031,0.06419307738542557,0.06418642990291118
9032,0.06415127962827682,0.06418574832379818
9033,0.06395997107028961,0.06418135076761246
9034,0.063897043466568,0.06417719885706902
9035,0.06421227753162384,0.06417574621737003
9036,0.06417562067508698,0.06417440421879292
9037,0.0639466643333435,0.0641705759614706
9038,0.0639248862862587,0.06416681587696076
9039,0.06412190198898315,0.06416513741016389
9040,0.06402578204870224,0.06416298061609269
9041,0.06402063369750977,0.06415985248982907
9042,0.06400242447853088,0.06415684819221497
9043,0.06403382122516632,0.06415462918579579
9044,0.06397859752178192,0.06415214076638222
9045,0.06398946046829224,0.0641488628834486
9046,0.0639704018831253,0.06414594456553459
9047,0.0639813169836998,0.06414248578250409
9048,0.06392109394073486,0.0641386204957962
9049,0.06405819952487946,0.0641369217634201
9050,0.0640244111418724,0.06413530535995961
9051,0.06392814218997955,0.064130869358778
9052,0.06389380991458893,0.06412663951516151
9053,0.06406733393669128,0.06412477910518646
9054,0.06403061747550964,0.06412292331457138
9055,0.06391304731369019,0.06411848694086075
9056,0.06389887630939484,0.06411430791020394
9057,0.06403212249279022,0.0641123442351818
9058,0.06393935531377792,0.06410947896540165
9059,0.06403110921382904,0.06410716094076634
9060,0.06398145854473114,0.06410500705242157
9061,0.06397712230682373,0.06410144679248334
9062,0.06396286934614182,0.06409825891256332
9063,0.0639270544052124,0.06409563794732094
9064,0.06392760574817657,0.06409299753606319
9065,0.064034104347229,0.06409063808619976
9066,0.06397787481546402,0.06408854871988297
9067,0.0639844760298729,0.06408560790121555
9068,0.06391413509845734,0.06408248625695706
9069,0.06394517421722412,0.06407988265156746
9070,0.06388438493013382,0.06407691806554794
9071,0.06400065869092941,0.06407473936676979
9072,0.06397086381912231,0.06407254517078399
9073,0.06393207609653473,0.06406962186098099
9074,0.06386062502861023,0.06406642720103264
9075,0.06407346576452255,0.06406490229070187
9076,0.06400303542613983,0.06406298361718654
9077,0.06386523693799973,0.0640600061416626
9078,0.06383253633975983,0.06405709512531757
9079,0.06401928514242172,0.06405459567904473
9080,0.0639839768409729,0.06405231766402722
9081,0.06388328969478607,0.06404975950717925
9082,0.06385272741317749,0.06404721081256866
9083,0.06396975368261337,0.06404450565576553
9084,0.06392067670822144,0.06404190339148044
9085,0.06384455412626266,0.06403920494019985
9086,0.06382197886705399,0.0640366980433464
9087,0.06400112807750702,0.06403401896357536
9088,0.06395436078310013,0.0640312410145998
9089,0.06382577121257782,0.06402822099626064
9090,0.06379075348377228,0.06402557678520679
9091,0.06403444707393646,0.06402293212711811
9092,0.0640130415558815,0.0640206677466631
9093,0.06379979103803635,0.06401776522397995
9094,0.0637948215007782,0.06401506148278713
9095,0.0639692023396492,0.06401240661740303
9096,0.0639030858874321,0.06400976248085499
9097,0.063900426030159,0.06400769382715225
9098,0.06382545828819275,0.06400498338043689
9099,0.06393072009086609,0.06400273315608501
9100,0.06390974670648575,0.06400068119168281
9101,0.06384224444627762,0.06399781197309494
9102,0.06378331035375595,0.06399483524262906
9103,0.06388257443904877,0.06399209506809711
9104,0.06380487233400345,0.06398887947201728
9105,0.06393901258707047,0.06398688174784184
9106,0.06390950083732605,0.06398478232324123
9107,0.0637732744216919,0.06398178577423096
9108,0.06374124437570572,0.06397899843752385
9109,0.0639011487364769,0.06397557951509952
9110,0.06383250653743744,0.06397171072661877
9111,0.06382227689027786,0.06397001527249813
9112,0.06378882378339767,0.06396794632077217
9113,0.06386386603116989,0.06396435998380184
9114,0.06383542716503143,0.06396136879920959
9115,0.06379657238721848,0.06395843483507634
9116,0.06372521817684174,0.06395504221320153
9117,0.06393353641033173,0.06395365804433822
9118,0.06385505944490433,0.06395215772092343
9119,0.06375040858983994,0.06394775107502937
9120,0.06367720663547516,0.06394307002425194
9121,0.06393890082836151,0.06394245013594628
9122,0.06388184428215027,0.06394157156348229
9123,0.06372599303722382,0.06393669173121452
9124,0.06370213627815247,0.06393206603825093
9125,0.06385216116905212,0.06393118761479855
9126,0.06379124522209167,0.06392984077334404
9127,0.0638163685798645,0.06392538607120514
9128,0.06380432844161987,0.06392158225178718
9129,0.06375730782747269,0.0639198350161314
9130,0.0636916235089302,0.06391747027635575
9131,0.06385300308465958,0.06391406953334808
9132,0.06378324329853058,0.06391038917005062
9133,0.06379948556423187,0.06390878431499004
9134,0.06372448801994324,0.0639070587605238
9135,0.06380924582481384,0.06390302844345569
9136,0.06377819180488586,0.06389905415475368
9137,0.0637214258313179,0.06389680176973343
9138,0.06369473040103912,0.06389450021088124
9139,0.06382454931735992,0.063891526684165
9140,0.06377528607845306,0.06388902172446251
9141,0.06374189257621765,0.06388623431324959
9142,0.06372328847646713,0.06388344295322895
9143,0.06385239213705063,0.0638816286623478
9144,0.06392553448677063,0.06388109803199768
9145,0.06364832818508148,0.06387768670916558
9146,0.06360405683517456,0.06387402325868606
9147,0.06408862769603729,0.06387509636580944
9148,0.0640081912279129,0.06387596733868123
9149,0.0636821985244751,0.06387220732867718
9150,0.06359492987394333,0.06386791251599788
9151,0.06401820480823517,0.06386881314218044
9152,0.06402769684791565,0.0638701520115137
9153,0.06366290152072906,0.06386610768735408
9154,0.06365206837654114,0.0638623221963644
9155,0.06390358507633209,0.06386222757399082
9156,0.06367851793766022,0.06386002399027348
9157,0.06391019374132156,0.06385880470275879
9158,0.0639580488204956,0.06385899163782596
9159,0.06354454159736633,0.06385412596166135
9160,0.06353852152824402,0.06384969659149647
9161,0.06399448215961456,0.06384987019002437
9162,0.06401468068361282,0.06385038830339909
9163,0.06376207619905472,0.0638487385213375
9164,0.06369529664516449,0.06384641543030739
9165,0.06377047300338745,0.06384377911686898
9166,0.06374357640743256,0.06384143613278866
9167,0.06386037170886993,0.06384019508957862
9168,0.06384387612342834,0.06383949249982834
9169,0.06367059051990509,0.06383674666285515
9170,0.06359836459159851,0.0638338864594698
9171,0.0639679953455925,0.06383355982601642
9172,0.06399528682231903,0.0638338040560484
9173,0.06369106471538544,0.0638313939422369
9174,0.06360509246587753,0.06382883861660957
9175,0.06375839561223984,0.06382568791508675
9176,0.06373356282711029,0.06382299318909646
9177,0.06436877697706223,0.06382802858948708
9178,0.06433743238449097,0.06383307754993439
9179,0.06465239077806473,0.06383940860629082
9180,0.06415384262800217,0.0638411072641611
9181,0.06410157680511475,0.0638432901352644
9182,0.0641930103302002,0.06384669296443463
9183,0.06469343602657318,0.06385392978787423
9184,0.064974844455719,0.0638644714653492
9185,0.06439408659934998,0.06386996679008007
9186,0.06490007042884827,0.06388074770569802
9187,0.06473240256309509,0.0638880604505539
9188,0.06432592123746872,0.06389177605509758
9189,0.06513181328773499,0.06390483647584916
9190,0.0660330206155777,0.06392725914716721
9191,0.06491097062826157,0.06393602438271045
9192,0.06493978947401047,0.06394529186189174
9193,0.06520801037549973,0.06395937405526637
9194,0.0646904855966568,0.06396833069622516
9195,0.06484590470790863,0.06397709771990776
9196,0.06463934481143951,0.06398446030914784
9197,0.064171701669693,0.06398717306554318
9198,0.06400570273399353,0.06398897551000118
9199,0.06454125791788101,0.06399508088827133
9200,0.06484855711460114,0.06400446899235249
9201,0.06451431661844254,0.06401118971407413
9202,0.06424186378717422,0.06401577524840832
9203,0.06432684510946274,0.06402021795511245
9204,0.06433656066656113,0.06402553483843804
9205,0.06420363485813141,0.06402818106114865
9206,0.06415203213691711,0.06403060637414455
9207,0.06414732336997986,0.06403434686362744
9208,0.06446395814418793,0.06404157400131226
9209,0.06438612937927246,0.06404642380774021
9210,0.06510879844427109,0.06405918672680855
9211,0.06564762443304062,0.06407744020223617
9212,0.06436064839363098,0.0640831584483385
9213,0.0643642321228981,0.06408816210925579
9214,0.06460139155387878,0.06409582175314427
9215,0.06424817442893982,0.06410033777356147
9216,0.06454645097255707,0.06410855010151863
9217,0.06454820930957794,0.06411469683051109
9218,0.06402314454317093,0.06411637768149375
9219,0.06414872407913208,0.06412036083638668
9220,0.06408311426639557,0.06412441991269588
9221,0.06526488065719604,0.06413767971098423
9222,0.06646067649126053,0.06416346803307534
9223,0.06506426632404327,0.06417685076594352
9224,0.0644470602273941,0.06418430000543594
9225,0.06455300748348236,0.06419130846858025
9226,0.06411872804164886,0.06419458329677581
9227,0.06456977128982544,0.06420211732387543
9228,0.06479349732398987,0.06421200901269913
9229,0.0640106052160263,0.06421454198658466
9230,0.06496906280517578,0.06422731637954712
9231,0.06539827585220337,0.06424276910722256
9232,0.06453070044517517,0.064250243678689
9233,0.06447592377662659,0.06425700806081296
9234,0.06494487822055817,0.0642692119628191
9235,0.06420164555311203,0.06427313596010208
9236,0.0648188367486,0.06428354240953922
9237,0.065741628408432,0.06430374443531037
9238,0.06517183780670166,0.06431851550936699
9239,0.06383370608091354,0.06431860707700253
9240,0.06798897683620453,0.06436074398458004
9241,0.07545106112957001,0.06447783567011356
9242,0.07533033937215805,0.06459390617907047
9243,0.06897099316120148,0.06464509218931198
9244,0.06556499749422073,0.06466148681938648
9245,0.06505538523197174,0.06467555738985538
9246,0.06679021567106247,0.06470741897821426
9247,0.06740929186344147,0.0647406256198883
9248,0.06638023257255554,0.06476434603333474
9249,0.06495948135852814,0.06477711886167527
9250,0.0657176822423935,0.06479834638535976
9251,0.06649431586265564,0.06482310749590398
9252,0.06571174412965775,0.06483994796872139
9253,0.06434326618909836,0.06484675161540508
9254,0.06597195565700531,0.06486995048820972
9255,0.06744026392698288,0.06490531727671624
9256,0.06715618818998337,0.06494009397923946
9257,0.065455362200737,0.06495554566383362
9258,0.06587301194667816,0.06497469529509545
9259,0.07123962044715881,0.06505164608359337
9260,0.07100054621696472,0.06512626633048058
9261,0.06683246791362762,0.0651546461880207
9262,0.06517980247735977,0.06516629740595818
9263,0.06564053893089294,0.06518508203327655
9264,0.06675631552934647,0.06521569222211837
9265,0.06645438820123672,0.06524253137409687
9266,0.06515441834926605,0.0652566397935152
9267,0.06520004570484161,0.06527003653347492
9268,0.0656260997056961,0.0652878587692976
9269,0.0647822767496109,0.06529897563159466
9270,0.0644703060388565,0.06530769504606723
9271,0.06481294333934784,0.06531614452600479
9272,0.06442044675350189,0.06532039612531662
9273,0.0645051971077919,0.06532853744924068
9274,0.06466517597436905,0.0653391382843256
9275,0.063947893679142,0.06534103326499462
9276,0.0647335946559906,0.06535103358328342
9277,0.06578405201435089,0.06536518633365632
9278,0.06512206792831421,0.06537303268909454
9279,0.06385402381420135,0.0653650490194559
9280,0.06466076523065567,0.06537011824548244
9281,0.0656200647354126,0.06538530312478542
9282,0.06579753011465073,0.06540134832262993
9283,0.06575466692447662,0.06541196063160896
9284,0.06547760218381882,0.06541698820888996
9285,0.06458833813667297,0.06541893072426319
9286,0.06473618745803833,0.06541729189455509
9287,0.06540859490633011,0.06542405381798744
9288,0.06483159214258194,0.06542911052703858
9289,0.06453613191843033,0.06542315371334553
9290,0.06469638645648956,0.06540978737175465
9291,0.06422589719295502,0.06540293663740158
9292,0.06422702223062515,0.06539580896496773
9293,0.06457850337028503,0.06538951389491558
9294,0.06393349170684814,0.0653819439560175
9295,0.0644807294011116,0.06537829220294952
9296,0.06491221487522125,0.06538102090358734
9297,0.06417208909988403,0.06538102477788925
9298,0.06428804993629456,0.06538384824991227
9299,0.06520549207925797,0.06539049059152603
9300,0.0644218847155571,0.06538622386753559
9301,0.06410734355449677,0.06538215413689613
9302,0.06424322724342346,0.06538216777145862
9303,0.06397698074579239,0.06537866912782192
9304,0.06429140269756317,0.06537821754813194
9305,0.06427131593227386,0.06537889435887337
9306,0.06362131237983704,0.06537358716130257
9307,0.06429523229598999,0.06537506625056266
9308,0.0650637224316597,0.06538106389343738
9309,0.06617821007966995,0.06539898470044136
9310,0.06722374260425568,0.0654201341420412
9311,0.06651560217142105,0.06542881391942501
9312,0.06682425737380981,0.0654534500092268
9313,0.06731317937374115,0.06548293948173523
9314,0.06673336029052734,0.06550425916910171
9315,0.06637192517518997,0.06552549667656421
9316,0.06647396832704544,0.0655447718501091
9317,0.0656944215297699,0.06555623397231101
9318,0.0660022646188736,0.06557602517306804
9319,0.0662878006696701,0.06559741593897343
9320,0.06542865931987762,0.06561087138950825
9321,0.06510111689567566,0.06560923375189304
9322,0.06573131680488586,0.06560194015502929
9323,0.06493091583251953,0.06560060665011407
9324,0.06507765501737595,0.06560691259801388
9325,0.06538522243499756,0.06561523474752903
9326,0.06479017436504364,0.06562194921076298
9327,0.06473752856254578,0.06562362678349018
9328,0.06478309631347656,0.06562352277338505
9329,0.06422265619039536,0.06562564328312874
9330,0.06444928795099258,0.0656204455345869
9331,0.06467767059803009,0.06561323948204517
9332,0.0645790547132492,0.06561372302472591
9333,0.06455367058515549,0.0656145004928112
9334,0.0641975998878479,0.0656070277094841
9335,0.06451669335365295,0.06561017818748952
9336,0.06464945524930954,0.06560848437249661
9337,0.0643615797162056,0.06559468388557434
9338,0.0645613968372345,0.06558857947587966
9339,0.06440524011850357,0.06559429481625557
9340,0.06376628577709198,0.06555206790566444
9341,0.0636586844921112,0.06543414413928986
9342,0.06395309418439865,0.06532037168741227
9343,0.06397153437137604,0.06527037709951401
9344,0.06414874643087387,0.06525621458888053
9345,0.06423182785511017,0.06524797901511192
9346,0.06374775618314743,0.06521755442023278
9347,0.06418006122112274,0.06518526211380958
9348,0.06442864239215851,0.06516574621200562
9349,0.06369516998529434,0.06515310309827328
9350,0.06470601260662079,0.06514298640191556
9351,0.06524552404880524,0.06513049848377704
9352,0.06440084427595139,0.06511738948523998
9353,0.06361965090036392,0.06511015333235264
9354,0.0643649622797966,0.06509408339858055
9355,0.06373076140880585,0.06505698837339878
9356,0.06384160369634628,0.06502384252846241
9357,0.06400029361248016,0.06500929184257984
9358,0.06353993713855743,0.06498596109449864
9359,0.06431612372398376,0.06491672612726689
9360,0.06487153470516205,0.06485543601214885
9361,0.06387371569871902,0.06482584848999977
9362,0.06446749716997147,0.06481872543692589
9363,0.06500734388828278,0.06481239348649978
9364,0.06410326808691025,0.06478586301207542
9365,0.06347177922725677,0.06475603692233563
9366,0.06371106207370758,0.06474160335958004
9367,0.06342218816280365,0.06472382478415967
9368,0.06371709704399109,0.06470473475754261
9369,0.06404978036880493,0.06469740979373455
9370,0.06508953869342804,0.06470360212028027
9371,0.06546734273433685,0.06471014611423015
9372,0.0641285628080368,0.0647072272747755
9373,0.06440041959285736,0.06470617949962616
9374,0.06477515399456024,0.06470727927982807
9375,0.06418115645647049,0.06470961190760136
9376,0.0642121434211731,0.06470439739525319
9377,0.06417253613471985,0.06468828223645687
9378,0.0635899007320404,0.06467296056449413
9379,0.06407658010721207,0.06467518612742423
9380,0.06425045430660248,0.06467108301818371
9381,0.06485827267169952,0.06466346509754657
9382,0.06573896110057831,0.06466287940740585
9383,0.06464608013629913,0.06465179353952408
9384,0.06486192345619202,0.06464563675224781
9385,0.06474792212247849,0.06464723259210586
9386,0.06415209174156189,0.0646413916349411
9387,0.06448667496442795,0.06463217243552208
9388,0.06460006535053253,0.06462985716760158
9389,0.06412753462791443,0.06462577119469642
9390,0.06431156396865845,0.06462192296981811
9391,0.06438205391168594,0.06462348453700542
9392,0.06372268497943878,0.06461844116449356
9393,0.06499571353197098,0.06462261326611042
9394,0.06686945259571075,0.06465197287499905
9395,0.0655820295214653,0.06466298587620259
9396,0.06403905898332596,0.06465425431728362
9397,0.06547236442565918,0.06466725707054138
9398,0.06684611737728119,0.06469283774495124
9399,0.06658422946929932,0.06470662511885167
9400,0.06489567458629608,0.06471136301755905
9401,0.06401742994785309,0.06471046388149261
9402,0.06493446230888367,0.06471737623214721
9403,0.0644826889038086,0.06472243331372737
9404,0.06361093372106552,0.0647156286239624
9405,0.06352082639932632,0.06470812372863292
9406,0.06335492432117462,0.0647054598480463
9407,0.0634186714887619,0.06469669423997403
9408,0.06368247419595718,0.064682881757617
9409,0.06360563635826111,0.06465715602040291
9410,0.06399619579315186,0.06462488055229187
9411,0.0640522688627243,0.0646002472192049
9412,0.0635528638958931,0.06456753328442573
9413,0.06356106698513031,0.06453001216053962
9414,0.06400367617607117,0.06450271531939507
9415,0.06380192190408707,0.06447701528668404
9416,0.06399358063936234,0.06445221140980721
9417,0.06369280815124512,0.06443219527602195
9418,0.06395118683576584,0.06441168449819087
9419,0.0639120489358902,0.06438792698085308
9420,0.0636243224143982,0.06436988361179828
9421,0.06361324340105057,0.06435500487685203
9422,0.06346682459115982,0.06433235995471477
9423,0.06326034665107727,0.06431565426290035
9424,0.06395711749792099,0.0643044488877058
9425,0.06422078609466553,0.06429280452430249
9426,0.06436160951852798,0.06428851887583732
9427,0.06475020945072174,0.06428864568471909
9428,0.06429415196180344,0.06428375624120236
9429,0.0639551505446434,0.06428108118474483
9430,0.06378024071455002,0.0642743907123804
9431,0.06408470869064331,0.06426846109330654
9432,0.06406968086957932,0.06426336735486984
9433,0.06385067850351334,0.06425633743405341
9434,0.06372979283332825,0.06425165936350823
9435,0.06395668536424637,0.06424605928361415
9436,0.06459929049015045,0.06424555763602256
9437,0.06419146060943604,0.06424385644495487
9438,0.0634930208325386,0.06423317268490791
9439,0.06376703083515167,0.0642267905920744
9440,0.06387783586978912,0.06422790609300137
9441,0.06404129415750504,0.0642317321896553
9442,0.064038947224617,0.06423259072005749
9443,0.06411247700452805,0.06423400014638901
9444,0.0637211948633194,0.06422972463071347
9445,0.06341688334941864,0.06422157518565655
9446,0.06393888592720032,0.06422348648309707
9447,0.06414961814880371,0.06422318205237389
9448,0.06376875936985016,0.0642165832221508
9449,0.06361840665340424,0.0642158155888319
9450,0.06352992355823517,0.06420405469834804
9451,0.06358344852924347,0.06418743394315243
9452,0.06432221084833145,0.06418664760887623
9453,0.06396131217479706,0.06419006422162056
9454,0.06385713815689087,0.0641849859803915
9455,0.06391648203134537,0.0641868431866169
9456,0.06354625523090363,0.06418388970196247
9457,0.0636460930109024,0.06418034769594669
9458,0.06425338983535767,0.06418748222291469
9459,0.06399866938591003,0.06418430767953395
9460,0.06436949968338013,0.06417928732931615
9461,0.06480279564857483,0.06418857812881469
9462,0.0652044415473938,0.06419594757258892
9463,0.06555099040269852,0.06420138403773308
9464,0.06473362445831299,0.0642076876014471
9465,0.06588062644004822,0.06423177607357503
9466,0.0684007853269577,0.06427867330610752
9467,0.066440150141716,0.06430885292589665
9468,0.06433944404125214,0.06431507639586925
9469,0.06523377448320389,0.06432691633701325
9470,0.06602068245410919,0.06433622777462006
9471,0.06534785032272339,0.06433503285050392
9472,0.0642201229929924,0.06433594845235348
9473,0.06551462411880493,0.06434709049761295
9474,0.06743955612182617,0.06437373451888562
9475,0.06650173664093018,0.0643969403207302
9476,0.0646413266658783,0.06440123215317727
9477,0.06441301107406616,0.06440363690257073
9478,0.06533536314964294,0.06442109152674674
9479,0.06503117084503174,0.06443063743412494
9480,0.06395253539085388,0.06442765824496746
9481,0.06473593413829803,0.06442643485963345
9482,0.06590209901332855,0.06442806623876095
9483,0.06537766754627228,0.06443538211286068
9484,0.06394848972558975,0.06442624777555465
9485,0.06491817533969879,0.06442795030772686
9486,0.06626058369874954,0.06444903522729874
9487,0.0659560039639473,0.06446372851729393
9488,0.06430602073669434,0.06446078807115554
9489,0.06369340419769287,0.06445644676685333
9490,0.06494558602571487,0.0644627869874239
9491,0.06459517776966095,0.06446491822600364
9492,0.06340555101633072,0.06446174688637257
9493,0.06488952040672302,0.06446068495512008
9494,0.06648637354373932,0.06445685416460037
9495,0.06635583937168121,0.06446459226310253
9496,0.06471410393714905,0.06447134271264077
9497,0.06355729699134827,0.06445219203829765
9498,0.06535691022872925,0.06443729996681213
9499,0.0650135725736618,0.06442159339785576
9500,0.06344234943389893,0.06440706014633178
9501,0.06383885443210602,0.06440527439117431
9502,0.06454300880432129,0.06440135985612869
9503,0.06403836607933044,0.06439691662788391
9504,0.06347998976707458,0.064395607188344
9505,0.06309498846530914,0.06439134880900382
9506,0.06348329782485962,0.06439263254404068
9507,0.06391770392656326,0.0643976228684187
9508,0.06379537284374237,0.06439875185489655
9509,0.06334921717643738,0.06439618766307831
9510,0.06315681338310242,0.06438779383897782
9511,0.06325095146894455,0.06437978066504002
9512,0.06314687430858612,0.06437572076916695
9513,0.06296102702617645,0.0643697203695774
9514,0.06342925876379013,0.0643639761954546
9515,0.0636993870139122,0.06436295084655284
9516,0.06398070603609085,0.06436282210052013
9517,0.06396560370922089,0.0643655500560999
9518,0.0639352798461914,0.06436539098620414
9519,0.06378351151943207,0.06436410561203956
9520,0.06355905532836914,0.06436345294117927
9521,0.06334036588668823,0.06436072416603565
9522,0.06315500289201736,0.06435760594904423
9523,0.06296256929636002,0.06435462817549706
9524,0.06391888856887817,0.06435424588620663
9525,0.06431826204061508,0.06435522064566612
9526,0.06364479660987854,0.06434805251657963
9527,0.06613773107528687,0.06436192773282529
9528,0.06963727623224258,0.06441535897552968
9529,0.06674687564373016,0.06444327622652053
9530,0.06452295184135437,0.06445070333778859
9531,0.06425372511148453,0.064452393501997
9532,0.06477417051792145,0.06445943839848041
9533,0.06447702646255493,0.06446570187807082
9534,0.06376855075359344,0.06446608945727349
9535,0.06385780870914459,0.06446510069072246
9536,0.06384892016649246,0.06445759698748589
9537,0.06353043019771576,0.06445098668336868
9538,0.06361985951662064,0.0644522550702095
9539,0.06349477171897888,0.06444953247904778
9540,0.06379316002130508,0.06444868572056293
9541,0.06412199139595032,0.06444949269294739
9542,0.06359037756919861,0.0644450069963932
9543,0.06435277312994003,0.06444740995764732
9544,0.06509924679994583,0.06446119047701358
9545,0.06450947374105453,0.06447211638092995
9546,0.06471368670463562,0.0644798643887043
9547,0.06696362793445587,0.06450800448656083
9548,0.0661865621805191,0.06453218251466751
9549,0.06489161401987076,0.06454491458833217
9550,0.06441610306501389,0.06455377638339996
9551,0.0639214739203453,0.06455715663731099
9552,0.064091756939888,0.06455485209822655
9553,0.06408735364675522,0.06455611251294613
9554,0.06389296799898148,0.06455647081136703
9555,0.0640210509300232,0.06455751650035381
9556,0.0635477751493454,0.06455753169953823
9557,0.06309200078248978,0.0645519907772541
9558,0.06330923736095428,0.06454254925251007
9559,0.0635460615158081,0.06453802317380905
9560,0.06321981549263,0.06452652633190155
9561,0.0633760616183281,0.06451225899159908
9562,0.0634085088968277,0.06449429966509342
9563,0.06364809721708298,0.06447527073323726
9564,0.06405405700206757,0.06446847505867481
9565,0.06400839984416962,0.06444975279271603
9566,0.06350056827068329,0.06440075062215328
9567,0.06391515582799911,0.06437550067901611
9568,0.06402051448822021,0.0643723113834858
9569,0.06315597146749496,0.0643515333533287
9570,0.06439875066280365,0.06433531403541565
9571,0.065358005464077,0.06433541558682919
9572,0.06491898745298386,0.0643424042314291
9573,0.06383999437093735,0.06432565793395043
9574,0.0649697333574295,0.06430095970630646
9575,0.06765799224376678,0.06431252226233482
9576,0.06668208539485931,0.06433292984962463
9577,0.0644470825791359,0.06433327056467533
9578,0.06398053467273712,0.06431972227990627
9579,0.06464547663927078,0.06431586533784867
9580,0.06431101262569427,0.06431945011019707
9581,0.06364744901657104,0.0643085652589798
9582,0.06359320878982544,0.06428547635674477
9583,0.06327899545431137,0.06426448963582515
9584,0.06356922537088394,0.0642606969922781
9585,0.0638107880949974,0.06424962311983108
9586,0.06323999166488647,0.06421941719949245
9587,0.06298881769180298,0.064189745336771
9588,0.06355128437280655,0.06418219797313213
9589,0.06370003521442413,0.06418226428329944
9590,0.06350862979888916,0.06416789472103118
9591,0.06284495443105698,0.06415039248764515
9592,0.0633862167596817,0.06415019914507866
9593,0.06404173374176025,0.06414172127842903
9594,0.0638045221567154,0.06411490276455879
9595,0.0632590651512146,0.06408393502235413
9596,0.06329527497291565,0.06406974673271179
9597,0.06335587799549103,0.06406773254275322
9598,0.0635342225432396,0.06404950566589833
9599,0.06331288814544678,0.06403249882161617
9600,0.06382177770137787,0.06403629310429096
9601,0.06428058445453644,0.06404071040451527
9602,0.06376494467258453,0.0640329297631979
9603,0.06824657320976257,0.06407501183450222
9604,0.07297932356595993,0.06417000517249108
9605,0.06896167993545532,0.06422867208719253
9606,0.06497473269701004,0.06424358643591405
9607,0.06377515941858292,0.06424216099083424
9608,0.06553265452384949,0.06425953380763531
9609,0.06754959374666214,0.06430153757333755
9610,0.06769154965877533,0.06434688493609428
9611,0.06646239757537842,0.06437899939715862
9612,0.06425689905881882,0.06439009964466096
9613,0.06489816308021545,0.06440947100520134
9614,0.07002420723438263,0.06447542048990726
9615,0.07189659774303436,0.06455739259719849
9616,0.06871147453784943,0.06460470028221607
9617,0.0654635950922966,0.06461968019604683
9618,0.06375782936811447,0.06461790569126606
9619,0.06425279378890991,0.06462259851396084
9620,0.0643761157989502,0.06463076911866665
9621,0.0637487843632698,0.06463485330343247
9622,0.06423088908195496,0.06464561216533184
9623,0.06465312093496323,0.06466251768171788
9624,0.06385886669158936,0.06466191746294499
9625,0.06404051184654236,0.06465913996100425
9626,0.06462091207504272,0.0646689011156559
9627,0.06396570801734924,0.06464718088507652
9628,0.06319797039031982,0.0645827878266573
9629,0.063172847032547,0.06454704754054547
9630,0.06303688883781433,0.06453218691051006
9631,0.06281866133213043,0.06451783627271652
9632,0.0631735622882843,0.06450183019042015
9633,0.06311134248971939,0.06448817335069179
9634,0.06376880407333374,0.06448817588388919
9635,0.06398912519216537,0.0644894890487194
9636,0.06335864961147308,0.06448458634316921
9637,0.06491395086050034,0.06449842154979706
9638,0.06565207988023758,0.06451874375343322
9639,0.06390124559402466,0.06452280849218368
9640,0.06381788849830627,0.06452305577695369
9641,0.06421765685081482,0.06452401243150234
9642,0.06388232856988907,0.06452693194150924
9643,0.06390134990215302,0.06452241770923138
9644,0.06375868618488312,0.06450901210308074
9645,0.06321541219949722,0.06449607148766517
9646,0.0630970150232315,0.06447990477085114
9647,0.06305422633886337,0.06444081075489522
9648,0.063034787774086,0.06440929301083088
9649,0.06329354643821716,0.06439331233501434
9650,0.06314041465520859,0.0643805554509163
9651,0.0633137971162796,0.06437447868287563
9652,0.06345918029546738,0.06436815291643143
9653,0.06299720704555511,0.06435725145041943
9654,0.06304492056369781,0.06434877097606659
9655,0.0631357803940773,0.06433991827070713
9656,0.0629044771194458,0.06433348529040814
9657,0.06288731098175049,0.06433143839240074
9658,0.06297054141759872,0.06432805143296719
9659,0.06290785223245621,0.06432166934013367
9660,0.0628993958234787,0.06431846514344215
9661,0.06297461688518524,0.06431445069611072
9662,0.06272921711206436,0.0643076577782631
9663,0.06290365755558014,0.06430021338164807
9664,0.06292404979467392,0.06428891330957413
9665,0.06316794455051422,0.06428050875663757
9666,0.06328444182872772,0.06427834749221802
9667,0.06266593188047409,0.06426585525274277
9668,0.06265097111463547,0.06425215981900692
9669,0.06289241462945938,0.06424952425062656
9670,0.0628209114074707,0.06423374585807323
9671,0.06305696815252304,0.06421073548495769
9672,0.06295916438102722,0.06419113725423813
9673,0.06271208077669144,0.06417985811829567
9674,0.06263591349124908,0.06415651991963386
9675,0.06292944401502609,0.06410923443734645
9676,0.06294240057468414,0.06407183758914471
9677,0.06271642446517944,0.06405453100800514
9678,0.06260743737220764,0.06404080003499985
9679,0.06292469799518585,0.064023592248559
9680,0.0627739354968071,0.06400822147727013
9681,0.06276935338973999,0.06399944052100182
9682,0.06281441450119019,0.06399165257811547
9683,0.06275079399347305,0.06398637056350708
9684,0.06258033215999603,0.0639764816313982
9685,0.06280142813920975,0.06396638803184032
9686,0.06268607825040817,0.06396084889769554
9687,0.06260132789611816,0.0639569739997387
9688,0.06261905282735825,0.0639476516842842
9689,0.06256729364395142,0.06393632426857948
9690,0.06250068545341492,0.06392624482512474
9691,0.06272876262664795,0.06392508290708065
9692,0.06263422966003418,0.06391756303608417
9693,0.06251479685306549,0.06390229366719723
9694,0.0625043734908104,0.06388929218053818
9695,0.06253568828105927,0.06388205841183663
9696,0.06246155872941017,0.06387372124940156
9697,0.06262502074241638,0.06386641267687082
9698,0.06255850940942764,0.0638566555455327
9699,0.06245247647166252,0.06384805142879486
9700,0.062420736998319626,0.06383404102176428
9701,0.06259217858314514,0.06381715696305036
9702,0.06255151331424713,0.063805022649467
9703,0.06243037432432175,0.06374686066061258
9704,0.06241370737552643,0.06364120449870825
9705,0.06252161413431168,0.0635768038406968
9706,0.06246711686253548,0.06355172768235207
9707,0.06245200335979462,0.06353849612176418
9708,0.06244365870952606,0.06350760616362094
9709,0.06247592717409134,0.06345686949789524
9710,0.06244044005870819,0.06340435840189457
9711,0.062449634075164795,0.06336423076689243
9712,0.06242271512746811,0.06334588892757892
9713,0.06248423829674721,0.06332174967974424
9714,0.06246034428477287,0.06324611105024815
9715,0.0623856782913208,0.06315100185573101
9716,0.0623629055917263,0.06308751616626979
9717,0.06247641146183014,0.06305764432996512
9718,0.06242839992046356,0.06304435003548861
9719,0.06244562566280365,0.06302627835422754
9720,0.06239650025963783,0.06300648219883442
9721,0.06240195780992508,0.06299301393330098
9722,0.06236698105931282,0.06297437485307456
9723,0.062427863478660583,0.06295212227851152
9724,0.06237109750509262,0.06293724458664655
9725,0.062454305589199066,0.06292138252407313
9726,0.062411271035671234,0.06289928611367941
9727,0.06238206848502159,0.06288344971835613
9728,0.06231870502233505,0.06287465706467628
9729,0.062457386404275894,0.06286750245839358
9730,0.062407396733760834,0.06286120753735304
9731,0.06235484406352043,0.06285656936466694
9732,0.06234093755483627,0.06284824311733246
9733,0.06243094056844711,0.06284143909811973
9734,0.062378935515880585,0.06282754041254521
9735,0.06237231194972992,0.06281137228012085
9736,0.062325723469257355,0.0628010430186987
9737,0.0624394528567791,0.06277629803866148
9738,0.06237941235303879,0.0627435713633895
9739,0.062338199466466904,0.06272794090211392
9740,0.062289513647556305,0.06271265715360641
9741,0.06242038309574127,0.06269468441605568
9742,0.062381066381931305,0.0626796717941761
9743,0.06235043704509735,0.06266416266560554
9744,0.06229061633348465,0.06264948196709157
9745,0.062426500022411346,0.0626415928453207
9746,0.06233293563127518,0.06263395205140114
9747,0.062356557697057724,0.06262697536498309
9748,0.06230083107948303,0.06261963579803705
9749,0.06235678493976593,0.06261026818305254
9750,0.062320008873939514,0.06260206412523985
9751,0.062327709048986435,0.06259220324456692
9752,0.06229507923126221,0.06258056223392487
9753,0.06236843019723892,0.0625742744654417
9754,0.06233593821525574,0.06256718464195728
9755,0.0623147189617157,0.06255897402763366
9756,0.062282755970954895,0.06255275681614876
9757,0.06234864890575409,0.0625473701953888
9758,0.06228947639465332,0.06254055954515934
9759,0.062354378402233124,0.0625350248068571
9760,0.062305912375450134,0.06252908997237683
9761,0.062322117388248444,0.06252256497740745
9762,0.062275230884552,0.06251802511513233
9763,0.06233879178762436,0.06251237645745278
9764,0.062271006405353546,0.06250584602355957
9765,0.062323197722435,0.06249739855527878
9766,0.062282200902700424,0.06248737614601851
9767,0.06233388930559158,0.06248405572026968
9768,0.06228666007518768,0.062480412609875205
9769,0.06230420246720314,0.06247453048825264
9770,0.06227811425924301,0.06246910251677036
9771,0.06230764091014862,0.06246160924434662
9772,0.06224554032087326,0.06245447300374508
9773,0.06234292313456535,0.06245078142732382
9774,0.062309395521879196,0.06244751624763012
9775,0.06227082759141922,0.06244093008339405
9776,0.062268227338790894,0.06243418835103512
9777,0.06234633922576904,0.06243048749864102
9778,0.062283165752887726,0.062427244782447815
9779,0.0623164176940918,0.062421161979436875
9780,0.06224560737609863,0.06241587869822979
9781,0.06230674311518669,0.06241125259548426
9782,0.062261585146188736,0.062405724301934244
9783,0.06231994926929474,0.06240141585469246
9784,0.06225964426994324,0.06239820897579193
9785,0.062277067452669144,0.06239296536892652
9786,0.06224709004163742,0.06238857548683882
9787,0.06229422986507416,0.062385504506528376
9788,0.06224629282951355,0.06238177690654993
9789,0.06229473650455475,0.06237905133515596
9790,0.06221414729952812,0.062376185953617096
9791,0.06230640411376953,0.06237196236848831
9792,0.0622483529150486,0.062368103601038456
9793,0.062265802174806595,0.062365613654255865
9794,0.06220850348472595,0.062362654954195025
9795,0.06228654086589813,0.06236016348004341
9796,0.06223364174365997,0.06235788431018591
9797,0.062270283699035645,0.0623543369397521
9798,0.062221527099609375,0.062350967116653916
9799,0.06227267533540726,0.06234916910529137
9800,0.062220342457294464,0.06234716515988112
9801,0.06227070093154907,0.062343950383365154
9802,0.062231261283159256,0.062340747863054276
9803,0.06226080656051636,0.06233905218541622
9804,0.06219178065657616,0.06233683291822672
9805,0.062287382781505585,0.06233449060469866
9806,0.062209419906139374,0.0623319136351347
9807,0.0622473880648613,0.062329867482185365
9808,0.06221847981214523,0.062327615693211554
9809,0.06224888935685158,0.06232534531503916
9810,0.06219480186700821,0.062322888933122156
9811,0.06225889176130295,0.06232098150998354
9812,0.06219875067472458,0.062318741865456106
9813,0.06223142147064209,0.062316213697195054
9814,0.06215767189860344,0.06231318697333336
9815,0.062262725085020065,0.062311957441270355
9816,0.06220652908086777,0.062310393676161764
9817,0.0622473806142807,0.062308103367686274
9818,0.06217998266220093,0.06230561919510365
9819,0.062220603227615356,0.06230336897075176
9820,0.06217639520764351,0.06230116792023182
9821,0.0622284933924675,0.06229943327605724
9822,0.062186576426029205,0.062297629229724406
9823,0.06221926957368851,0.06229554329067469
9824,0.062176596373319626,0.06229359827935696
9825,0.06221168488264084,0.06229117207229137
9826,0.06219305098056793,0.06228898987174034
9827,0.0621943362057209,0.06228711254894734
9828,0.062139831483364105,0.06228532381355763
9829,0.06224548816680908,0.06228320483118296
9830,0.062206119298934937,0.062281192056834696
9831,0.062163278460502625,0.06227927640080452
9832,0.062120985239744186,0.062277076877653596
9833,0.06228726729750633,0.06227564014494419
9834,0.062209971249103546,0.06227395050227642
9835,0.062141988426446915,0.06227164726704359
9836,0.06209300458431244,0.06226932007819414
9837,0.06229311227798462,0.0622678566724062
9838,0.062255170196294785,0.06226661425083876
9839,0.06213565915822983,0.06226458884775639
9840,0.06208500266075134,0.06226254373788834
9841,0.062239937484264374,0.062260739281773565
9842,0.06219333037734032,0.06225886192172766
9843,0.06215193122625351,0.06225687686353922
9844,0.06211235746741295,0.0622550942748785
9845,0.06226251274347305,0.06225345440208912
9846,0.06220778077840805,0.06225220285356045
9847,0.062099456787109375,0.062249631844460966
9848,0.06206187605857849,0.062247242294251916
9849,0.06222795322537422,0.062245953977108
9850,0.06215205788612366,0.06224427446722984
9851,0.06219952553510666,0.06224299263209104
9852,0.06216968595981598,0.06224173869937658
9853,0.06215013936161995,0.06223955579102039
9854,0.06210007518529892,0.06223719716072083
9855,0.062198832631111145,0.06223603829741478
9856,0.06214435398578644,0.0622346542775631
9857,0.06216886639595032,0.062232856452465055
9858,0.06211789697408676,0.06223114065825939
9859,0.06216945871710777,0.06222929146140814
9860,0.06212059035897255,0.06222743824124336
9861,0.062126319855451584,0.062225480265915394
9862,0.06207962706685066,0.06222352422773838
9863,0.062201954424381256,0.06222215585410595
9864,0.06214580684900284,0.06222090385854244
9865,0.06213979423046112,0.06221906982362271
9866,0.062052059918642044,0.06221676841378212
9867,0.06222914904356003,0.0622157210111618
9868,0.062174469232559204,0.06221459910273552
9869,0.062068503350019455,0.06221224211156368
9870,0.06204339861869812,0.06220989495515823
9871,0.06221047043800354,0.06220892325043678
9872,0.06213171035051346,0.06220778495073318
9873,0.062081776559352875,0.06220517348498106
9874,0.06203814968466759,0.062202461026608945
9875,0.062212683260440826,0.06220187958329916
9876,0.06218662112951279,0.06220106352120638
9877,0.06206505745649338,0.06219825070351362
9878,0.06201864033937454,0.062195605449378494
9879,0.06218937039375305,0.0621943349763751
9880,0.062143709510564804,0.06219331599771977
9881,0.062056250870227814,0.06219081107527018
9882,0.06204589456319809,0.06218865416944027
9883,0.06219521164894104,0.062187406793236734
9884,0.062137868255376816,0.06218618903309107
9885,0.06204834580421448,0.06218390181660652
9886,0.0620039701461792,0.06218147061765194
9887,0.06218348816037178,0.06218036320060492
9888,0.06208786368370056,0.06217877890914678
9889,0.06205800920724869,0.062176411636173726
9890,0.06201963871717453,0.06217446655035019
9891,0.06214933842420578,0.06217289589345455
9892,0.06209705397486687,0.06217138290405273
9893,0.06202784180641174,0.062169003300368786
9894,0.061973463743925095,0.06216665290296078
9895,0.062218956649303436,0.06216597706079483
9896,0.06213463842868805,0.06216498702764511
9897,0.061999399214982986,0.062162278182804585
9898,0.06198113411664963,0.062159874252974985
9899,0.062205005437135696,0.06215919755399227
9900,0.06208226457238197,0.06215781677514315
9901,0.06199978291988373,0.062155107595026494
9902,0.06196656823158264,0.062152460664510724
9903,0.0621156319975853,0.062151008918881416
9904,0.062094319611787796,0.062150034308433535
9905,0.062017619609832764,0.062147336676716805
9906,0.061971183866262436,0.062144954316318037
9907,0.06213229522109032,0.06214380338788032
9908,0.06205832213163376,0.06214220181107521
9909,0.062022555619478226,0.06213993847370148
9910,0.061970457434654236,0.06213769502937794
9911,0.0621354877948761,0.06213646098971367
9912,0.06206398457288742,0.0621351133286953
9913,0.06202590465545654,0.062133058160543445
9914,0.061999425292015076,0.06213147569447756
9915,0.06206762418150902,0.062129524685442444
9916,0.06199890747666359,0.06212744846940041
9917,0.06202585622668266,0.06212523322552443
9918,0.061958082020282745,0.062123014219105245
9919,0.062109313905239105,0.06212190132588148
9920,0.062065914273262024,0.062120796516537666
9921,0.061989519745111465,0.062118406780064105
9922,0.061935801059007645,0.06211589902639389
9923,0.06210571527481079,0.06211476348340511
9924,0.06203079596161842,0.0621133054792881
9925,0.061992403119802475,0.062111112661659716
9926,0.061923395842313766,0.062108416110277176
9927,0.06210333853960037,0.06210750613361597
9928,0.062038905918598175,0.06210649687796831
9929,0.06201852858066559,0.06210422728210688
9930,0.06197503209114075,0.062101916410028934
9931,0.062045492231845856,0.06210073854774237
9932,0.061994120478630066,0.062099469900131224
9933,0.06199886277318001,0.06209658585488796
9934,0.06193051487207413,0.06209379129111767
9935,0.06208778917789459,0.06209324929863214
9936,0.0620107464492321,0.062092426717281345
9937,0.06197843700647354,0.06208927996456623
9938,0.06193919852375984,0.06208612024784088
9939,0.06204335764050484,0.06208519723266363
9940,0.06192497909069061,0.062083596996963024
9941,0.06199846789240837,0.062081182301044466
9942,0.06194497272372246,0.06207869872450829
9943,0.06203741952776909,0.06207755360752344
9944,0.06199422851204872,0.0620763723179698
9945,0.06198319047689438,0.06207357909530401
9946,0.061930522322654724,0.06207080651074648
9947,0.062019772827625275,0.06207000967115164
9948,0.06197560951113701,0.06206914700567722
9949,0.06193869933485985,0.06206625446677208
9950,0.0618785098195076,0.06206351898610592
9951,0.062096599489450455,0.06206248972564936
9952,0.06204475089907646,0.06206124037504196
9953,0.06187057122588158,0.06205844469368458
9954,0.061825595796108246,0.06205569989979267
9955,0.062161728739738464,0.062055328860878944
9956,0.06203731149435043,0.062054258435964585
9957,0.061863113194704056,0.06205120090395212
9958,0.06182537227869034,0.06204827565699816
9959,0.06210695207118988,0.06204765059053898
9960,0.062026940286159515,0.06204671408981085
9961,0.061846256256103516,0.062043913453817365
9962,0.06185378134250641,0.06204165499657392
9963,0.06218679994344711,0.06204150345176458
9964,0.062178656458854675,0.0620418319478631
9965,0.06183934584259987,0.06203882746398449
9966,0.061786454170942307,0.062036171406507495
9967,0.062124453485012054,0.06203512445092201
9968,0.06201905012130737,0.062033570259809497
9969,0.06194852292537689,0.06203237045556307
9970,0.061882928013801575,0.062030765749514105
9971,0.06202369183301926,0.06202889796346426
9972,0.06194628030061722,0.0620270436629653
9973,0.06192675232887268,0.062025493420660494
9974,0.06186586245894432,0.062023770548403266
9975,0.0620134174823761,0.06202177789062262
9976,0.061941470950841904,0.06201932638883591
9977,0.06193290650844574,0.06201800487935543
9978,0.06194080039858818,0.06201722647994757
9979,0.061931416392326355,0.0620146469399333
9980,0.061856966465711594,0.06201177950948477
9981,0.06197071820497513,0.062010924182832244
9982,0.061897631734609604,0.06200944155454636
9983,0.061938025057315826,0.062006869688630104
9984,0.06191885471343994,0.062004679553210734
9985,0.06188824772834778,0.06200307857245207
9986,0.06185300648212433,0.06200156893581152
9987,0.061956290155649185,0.061999296955764296
9988,0.06185676530003548,0.06199698597192764
9989,0.061910778284072876,0.061995513662695886
9990,0.061873916536569595,0.06199405644088984
9991,0.061872780323028564,0.06199129085987806
9992,0.06183304637670517,0.06198865078389645
9993,0.061932168900966644,0.061987694054841995
9994,0.061884284019470215,0.061986802257597444
9995,0.0618894137442112,0.061983506828546524
9996,0.06186055392026901,0.06198076598346233
9997,0.06188366562128067,0.06197960864752531
9998,0.06182095408439636,0.061978006847202775
9999,0.06194492429494858,0.06197540603578091
