step,loss,moving_avg
0,0.4974195659160614,0.4974195659160614
1,0.49234330654144287,0.49488143622875214
2,0.48314976692199707,0.4909708797931671
3,0.4794212877750397,0.48808348178863525
4,0.47341546416282654,0.4851498782634735
5,0.46559739112854004,0.48189113040765125
6,0.45676088333129883,0.4783010951110295
7,0.4510827362537384,0.4748988002538681
8,0.4466090500354767,0.4717554946740468
9,0.4388601779937744,0.4684659630060196
10,0.4292164146900177,0.4648978222500194
11,0.42777472734451294,0.46180423100789386
12,0.41704970598220825,0.4583615752366873
13,0.41118526458740234,0.4549918387617384
14,0.40628206729888916,0.4517445206642151
15,0.39375609159469604,0.44812024384737015
16,0.3867363929748535,0.4445094290901633
17,0.3798067271709442,0.4409148345390956
18,0.37526416778564453,0.43745953628891393
19,0.36822524666786194,0.43399782180786134
20,0.360007107257843,0.43047445444833665
21,0.35690516233444214,0.4271303957158869
22,0.3494313061237335,0.42375217442927154
23,0.3413918614387512,0.4203204947213332
24,0.33452481031417847,0.416888667345047
25,0.32330238819122314,0.4132891950698999
26,0.31673818826675415,0.4097132318549686
27,0.3117016851902008,0.40621281947408405
28,0.3086250126361847,0.40284772268657026
29,0.2999593913555145,0.39941811164220176
30,0.29262295365333557,0.3959731065457867
31,0.2881079912185669,0.3926023216918111
32,0.27911680936813354,0.38916336677291175
33,0.2768753468990326,0.3858607779530918
34,0.2684268653392792,0.38250552330698284
35,0.26755350828170776,0.379312411778503
36,0.2573050260543823,0.37601491486704025
37,0.24939969182014465,0.3726829353131746
38,0.24565280973911285,0.36942575260614735
39,0.2391839474439621,0.36616970747709277
40,0.2296680212020874,0.36284039805575113
41,0.22836464643478394,0.3596385944457281
42,0.2211182713508606,0.3564171915830568
43,0.21307653188705444,0.3531594493172385
44,0.20854327082633972,0.34994575646188525
45,0.20457449555397034,0.34678551165953925
46,0.19812530279159546,0.3436225284921362
47,0.19197146594524384,0.34046313135574263
48,0.1832984983921051,0.3372556898666888
49,0.17932425439357758,0.33409706115722654
50,0.1744481325149536,0.33096669000737805
51,0.16543777287006378,0.32778344160089123
52,0.1592075377702713,0.32460276417012485
53,0.15417709946632385,0.3214467333422767
54,0.14938977360725403,0.3183184249834581
55,0.14474347233772278,0.3152188722576414
56,0.14116421341896057,0.3121652817516996
57,0.13330186903476715,0.3090814298083042
58,0.13027720153331757,0.30605084966805024
59,0.12898576259613037,0.3030997648835182
60,0.12782905995845795,0.3002264746388451
61,0.12377889454364777,0.29738054592763224
62,0.11915919184684753,0.29455163554539754
63,0.1168874055147171,0.2917756319511682
64,0.11403561383485794,0.28904117013399416
65,0.1126776933670044,0.28636899624358525
66,0.11325404047966003,0.28378519093367593
67,0.11210489273071289,0.2812604806659853
68,0.11062353849411011,0.27878748150407406
69,0.1094835102558136,0.2763688533433846
70,0.10842191427946091,0.27400340349741387
71,0.1078801155090332,0.27169613560868633
72,0.10849693417549133,0.26946053010960147
73,0.10715559124946594,0.26726722012500503
74,0.10744022578001022,0.26513619353373846
75,0.10687360167503357,0.26305379100928183
76,0.10656791925430298,0.26102150696051585
77,0.10628261417150497,0.2590376750016824
78,0.10582271218299866,0.2570982450925851
79,0.10580125451087952,0.2552070327103138
80,0.10598587989807129,0.2533647962558417
81,0.10559354722499847,0.2515627078530265
82,0.10488492250442505,0.24979550561991082
83,0.1051798015832901,0.24807389009566533
84,0.1042262613773346,0.24638156505192027
85,0.1048276424407959,0.24473558920760488
86,0.1043647825717926,0.2431221316600668
87,0.10374625772237778,0.24153831491077488
88,0.10463114082813263,0.24000003205591372
89,0.10386508703231812,0.23848742155565156
90,0.10325652360916138,0.23700136773206376
91,0.10333988070487976,0.23554852548176827
92,0.10383537411689758,0.23413225503698473
93,0.10331043601036072,0.23274053355797808
94,0.10268445312976837,0.23137152218504956
95,0.10317626595497131,0.23003615493265292
96,0.10265831649303436,0.2287229813404919
97,0.1022527664899826,0.22743246894405814
98,0.10200446099042892,0.22616551936876894
99,0.10293763875961304,0.22493324056267738
100,0.10227449238300323,0.22098178982734681
101,0.1023312360048294,0.21708166912198068
102,0.10139130055904388,0.21326408445835113
103,0.10034976154565811,0.20947336919605733
104,0.10141658782958984,0.20575338043272495
105,0.1009354442358017,0.20210676096379757
106,0.10102947056293488,0.19854944683611392
107,0.10029073804616928,0.19504152685403825
108,0.09966738522052765,0.19157211020588874
109,0.09932906180620193,0.18817679904401302
110,0.09983456134796143,0.18488298051059246
111,0.09933452308177948,0.18159857846796512
112,0.09914904832839966,0.17841957189142704
113,0.0990256518125534,0.17529797576367856
114,0.09875112026929855,0.17222266629338265
115,0.09847638010978699,0.16926986917853357
116,0.09876305609941483,0.16639013580977915
117,0.09783267974853516,0.16357039533555506
118,0.09793698787689209,0.16079712353646755
119,0.09841170907020569,0.15809898816049098
120,0.09842821210622787,0.15548319920897483
121,0.09767565876245499,0.15289090417325496
122,0.0975613072514534,0.15037220418453218
123,0.09750352799892426,0.1479333208501339
124,0.09767274558544159,0.14556480020284654
125,0.09776686877012253,0.14330944500863552
126,0.09718940407037735,0.14111395716667174
127,0.09674161672592163,0.13896435648202896
128,0.09766040742397308,0.13685471042990685
129,0.0973004698753357,0.13482812121510507
130,0.09647452086210251,0.13286663688719272
131,0.09733714163303375,0.13095892839133738
132,0.09691746532917023,0.12913693495094777
133,0.09711957722902298,0.12733937725424765
134,0.09647725522518158,0.12561988115310668
135,0.09692689031362534,0.12391361497342586
136,0.09672264754772186,0.12230779118835926
137,0.09767647087574005,0.12079055897891522
138,0.09729722142219543,0.11930700309574604
139,0.0960344523191452,0.11787550814449788
140,0.09665016084909439,0.11654532954096794
141,0.09666886925697327,0.11522837176918983
142,0.09700781106948853,0.11398726716637611
143,0.09688267111778259,0.1128253285586834
144,0.09580239653587341,0.11169791981577873
145,0.09624535590410233,0.11061462841928005
146,0.095798060297966,0.10959135599434376
147,0.09716949611902237,0.10864333629608154
148,0.09635331481695175,0.10777388446033001
149,0.09612901508808136,0.10694193206727505
150,0.09633532166481018,0.10616080395877361
151,0.09617471694946289,0.1054681733995676
152,0.09610261023044586,0.10483712412416935
153,0.09594407677650452,0.10425479389727116
154,0.096799835562706,0.10372889451682568
155,0.09565407037734985,0.10323800049722194
156,0.09654214978218079,0.10279177986085415
157,0.09675703942775726,0.10242633156478405
158,0.0965738445520401,0.10208929799497128
159,0.09629058092832565,0.10176234617829323
160,0.0962153822183609,0.10144620940089226
161,0.09576063603162766,0.10116602681577205
162,0.09640655666589737,0.10093850046396255
163,0.09591077268123627,0.10072873413562775
164,0.09552115201950073,0.10054358951747418
165,0.09655287861824036,0.10038234136998653
166,0.09594851732254028,0.10020928613841534
167,0.09577596187591553,0.10004599682986737
168,0.09585700929164886,0.09989833153784275
169,0.09568097442388535,0.09976030617952347
170,0.09625998884439468,0.0996386869251728
171,0.09574096649885178,0.09951729543507098
172,0.09556073695421219,0.0993879334628582
173,0.09562218189239502,0.09927259936928749
174,0.09584175050258636,0.09915661461651325
175,0.09594190865755081,0.09904729768633842
176,0.09580982476472855,0.09893971674144268
177,0.09588035941123962,0.09883569419384003
178,0.09551497548818588,0.0987326168268919
179,0.09533528983592987,0.0986279571801424
180,0.09466342628002167,0.0985147326439619
181,0.09539646655321121,0.09841276183724404
182,0.09552884101867676,0.09831920102238655
183,0.09588035941123962,0.09822620660066604
184,0.09562720358371735,0.09814021602272988
185,0.09542740136384964,0.0980462136119604
186,0.09586845338344574,0.09796125032007694
187,0.09596682339906693,0.09788345597684384
188,0.0951789915561676,0.09778893448412418
189,0.09534906595945358,0.09770377427339554
190,0.09545077383518219,0.09762571677565575
191,0.09538666903972626,0.0975461846590042
192,0.09412875026464462,0.09744911842048168
193,0.09541654586791992,0.09737017951905727
194,0.09495534747838974,0.09729288846254348
195,0.094810351729393,0.09720922932028771
196,0.09449847042560577,0.09712763085961341
197,0.0953948125243187,0.09705905131995678
198,0.09416046738624573,0.09698061138391495
199,0.0950360968708992,0.09690159596502781
200,0.09431470930576324,0.0968219981342554
201,0.09483427554368973,0.09674702852964401
202,0.09555484354496002,0.09668866395950318
203,0.09513884782791138,0.09663655482232571
204,0.09435667842626572,0.09656595572829246
205,0.0947951227426529,0.09650455251336097
206,0.09500698745250702,0.09644432768225669
207,0.09411360323429108,0.09638255633413792
208,0.09465021640062332,0.09633238464593888
209,0.09563656151294708,0.09629545964300633
210,0.09440040588378906,0.09624111808836461
211,0.09391329437494278,0.09618690580129624
212,0.0938412994146347,0.09613382831215858
213,0.09485414624214172,0.09609211325645446
214,0.09421073645353317,0.09604670941829681
215,0.09391873329877853,0.09600113295018672
216,0.09376882016658783,0.09595119059085847
217,0.09396648406982422,0.09591252863407135
218,0.0939781591296196,0.09587294034659863
219,0.09451285004615784,0.09583395175635814
220,0.09369216114282608,0.09578659124672413
221,0.09484660625457764,0.09575830072164536
222,0.09439332783222198,0.09572662092745304
223,0.09334145486354828,0.09568500019609928
224,0.09479665756225586,0.09565623931586742
225,0.0948488712310791,0.095627059340477
226,0.09456698596477509,0.09560083515942097
227,0.0945931077003479,0.09557935006916524
228,0.09416486322879791,0.09554439462721348
229,0.09442539513111115,0.09551564387977124
230,0.09505453705787659,0.09550144404172897
231,0.09423705190420151,0.09547044314444066
232,0.09404218196868896,0.09544169031083584
233,0.09363354742527008,0.09540683001279832
234,0.0937168076634407,0.0953792255371809
235,0.0933215543627739,0.09534317217767238
236,0.09419679641723633,0.09531791366636753
237,0.0944342389702797,0.09528549134731293
238,0.09344581514596939,0.09524697728455067
239,0.094632089138031,0.09523295365273952
240,0.09363488852977753,0.09520280092954636
241,0.094056136906147,0.0951766736060381
242,0.09419965744018555,0.09514859206974506
243,0.094093918800354,0.09512070454657078
244,0.09387020766735077,0.09510138265788555
245,0.09376351535320282,0.09507656425237655
246,0.09398919343948364,0.09505847558379173
247,0.0939142033457756,0.09502592265605926
248,0.09347359836101532,0.0949971254914999
249,0.09346409142017365,0.09497047625482083
250,0.0939401313662529,0.09494652435183525
251,0.09338782727718353,0.09491865545511245
252,0.09330892562866211,0.09489071860909462
253,0.09373044967651367,0.09486858233809471
254,0.09387996792793274,0.09483938366174698
255,0.09387359768152237,0.09482157893478871
256,0.0936708003282547,0.09479286544024944
257,0.09312466531991959,0.09475654169917107
258,0.0939616858959198,0.09473042011260986
259,0.09336137771606445,0.09470112808048725
260,0.09341740608215332,0.09467314831912517
261,0.09332479536533356,0.09464878991246223
262,0.09349416196346283,0.09461966596543789
263,0.09323053061962128,0.09459286354482174
264,0.0933830589056015,0.09457148261368274
265,0.09319125860929489,0.0945378664135933
266,0.0927063450217247,0.09450544469058514
267,0.09320714324712753,0.09447975650429725
268,0.09377291798591614,0.09445891559123992
269,0.09243007004261017,0.09442640654742718
270,0.09369337558746338,0.09440074041485787
271,0.09321969002485275,0.09437552765011788
272,0.0925130620598793,0.09434505090117455
273,0.09316085278987885,0.09432043761014938
274,0.0938817709684372,0.09430083781480789
275,0.09325401484966278,0.09427395887672901
276,0.09205087274312973,0.09423636935651303
277,0.09365642815828323,0.09421413004398346
278,0.0934588611125946,0.09419356890022755
279,0.09295305609703064,0.09416974656283855
280,0.09210199117660522,0.09414413221180438
281,0.09387385845184326,0.09412890613079071
282,0.09360341727733612,0.0941096518933773
283,0.0922774225473404,0.09407362252473832
284,0.09324964880943298,0.09404984697699546
285,0.09236273914575577,0.09401920035481454
286,0.09227286279201508,0.09398324444890022
287,0.09273269772529602,0.09395090319216251
288,0.09280993044376373,0.09392721258103848
289,0.09255355596542358,0.09389925748109818
290,0.09303178638219833,0.09387506760656833
291,0.09311078488826752,0.09385230876505375
292,0.092581607401371,0.09383683733642101
293,0.09301876276731491,0.09381285950541496
294,0.09234480559825897,0.09378675408661366
295,0.09319564700126648,0.09377060703933239
296,0.0920533537864685,0.09374615587294102
297,0.09328339993953705,0.0937250417470932
298,0.0925631895661354,0.0937090689688921
299,0.09206622838973999,0.09367937028408051
300,0.09247014671564102,0.09366092465817928
301,0.09305787086486816,0.09364316061139107
302,0.09257882833480835,0.09361340045928955
303,0.09207239747047424,0.09358273595571517
304,0.09282256662845612,0.09356739483773709
305,0.09182308614253998,0.09353767447173596
306,0.0923558920621872,0.09351116351783276
307,0.0923597514629364,0.09349362500011921
308,0.09202941507101059,0.09346741698682308
309,0.09171302616596222,0.09342818163335323
310,0.09215780347585678,0.09340575560927392
311,0.09202760457992554,0.09338689871132373
312,0.09211303293704987,0.09336961604654789
313,0.09212903678417206,0.0933423649519682
314,0.09221280366182327,0.0933223856240511
315,0.09245101362466812,0.09330770842731
316,0.09246551990509033,0.09329467542469501
317,0.092109814286232,0.0932761087268591
318,0.0919988602399826,0.09325631573796272
319,0.09207423031330109,0.09323192954063415
320,0.09131493419408798,0.09320815727114677
321,0.09225134551525116,0.09318220466375352
322,0.09187611937522888,0.09315703257918358
323,0.09200756251811981,0.09314369365572929
324,0.09206521511077881,0.09311637923121452
325,0.09173844754695892,0.09308527499437332
326,0.0915600061416626,0.0930552051961422
327,0.09091268479824066,0.09301840096712112
328,0.09216102957725525,0.0929983626306057
329,0.09123966842889786,0.09296650536358357
330,0.09190784394741058,0.09293503843247891
331,0.09186343848705292,0.09291130229830742
332,0.09142196923494339,0.09288510017096996
333,0.09259705990552902,0.09287473529577256
334,0.09102825820446014,0.09284784980118274
335,0.09162020683288574,0.09283083632588386
336,0.09161291271448135,0.09280499748885632
337,0.09118293970823288,0.09277248449623585
338,0.09090685844421387,0.09274709492921829
339,0.09133458137512207,0.0927141198515892
340,0.0914415568113327,0.09269218653440475
341,0.09038300067186356,0.09265545517206192
342,0.09182152152061462,0.09263167381286622
343,0.09082603454589844,0.09259899497032166
344,0.09170570969581604,0.09257734999060631
345,0.09183250367641449,0.09255803987383843
346,0.09173990786075592,0.09253554701805115
347,0.09155653417110443,0.09251197032630444
348,0.0911172404885292,0.09248840674757958
349,0.09075650572776794,0.09246133089065552
350,0.09038940817117691,0.09242582365870476
351,0.0915941596031189,0.09240788698196412
352,0.09022921323776245,0.09237708985805511
353,0.09093326330184937,0.09234911799430848
354,0.0905962735414505,0.09231628105044365
355,0.09185192734003067,0.09229606434702874
356,0.09061834216117859,0.09226553976535797
357,0.0904146134853363,0.09223843924701214
358,0.09150998294353485,0.0922139222174883
359,0.09082770347595215,0.09218858547508717
360,0.09072339534759521,0.09216164536774159
361,0.09135662764310837,0.09214196369051933
362,0.09158174693584442,0.09212283954024315
363,0.09110893309116364,0.09210162356495857
364,0.09038318693637848,0.09207162484526635
365,0.0898204892873764,0.09203791715204716
366,0.08963336050510406,0.09200718730688096
367,0.09035471826791763,0.09197866305708885
368,0.09187310934066772,0.09195966497063637
369,0.0904947966337204,0.09194031223654747
370,0.09090928733348846,0.09191247135400772
371,0.08930172026157379,0.09187329165637494
372,0.08971507847309113,0.09184531182050705
373,0.0895400419831276,0.09180910371243954
374,0.09027252346277237,0.09177301123738289
375,0.09017445892095566,0.09174221567809582
376,0.09074016660451889,0.09172910861670971
377,0.09001675248146057,0.09169271185994149
378,0.09048621356487274,0.09166298538446427
379,0.09020496159791946,0.09163550443947316
380,0.09006816148757935,0.09161516614258289
381,0.09014406055212021,0.09157786816358567
382,0.09009543806314468,0.09154278837144375
383,0.08974123746156693,0.09151742652058602
384,0.09056860208511353,0.09149061605334281
385,0.09034459292888641,0.09147043459117413
386,0.09093364328145981,0.09145704239606857
387,0.09020429849624634,0.09143175840377808
388,0.08992692083120346,0.09140292830765247
389,0.09020194411277771,0.09137941218912601
390,0.09054318815469742,0.091354526206851
391,0.08933455497026443,0.09131676390767098
392,0.08937741816043854,0.09128472201526165
393,0.08966639637947083,0.0912511983513832
394,0.08982762694358826,0.0912260265648365
395,0.09010560065507889,0.09119512610137463
396,0.08978210389614105,0.09117241360247136
397,0.0893944650888443,0.09113352425396443
398,0.0897265076637268,0.09110515743494034
399,0.08870744705200195,0.09107156962156296
400,0.089842289686203,0.09104529105126857
401,0.08992460370063782,0.09101395837962628
402,0.08916858583688736,0.09097985595464707
403,0.08882052451372147,0.09094733722507954
404,0.08955499529838562,0.09091466151177884
405,0.0889374241232872,0.0908858048915863
406,0.08882583677768707,0.0908505043387413
407,0.08852992951869965,0.09081220611929894
408,0.08926323056221008,0.09078454427421093
409,0.08929596096277237,0.09076037362217904
410,0.08882254362106323,0.0907270210236311
411,0.08943493664264679,0.09070109434425831
412,0.08788470923900604,0.09065881110727787
413,0.08884479850530624,0.0906259687244892
414,0.08883034437894821,0.09059214413166046
415,0.0889737457036972,0.09055737145245076
416,0.08840310573577881,0.09051674731075764
417,0.08784370124340057,0.09047408618032932
418,0.08831746876239777,0.09043727226555348
419,0.08865123242139816,0.09040304228663444
420,0.08879991620779037,0.09037789210677147
421,0.08826936036348343,0.0903380722552538
422,0.08904660493135452,0.09030977711081505
423,0.08902989327907562,0.0902800004184246
424,0.08921672403812408,0.09025151550769805
425,0.08877356350421906,0.09022186666727067
426,0.08817927539348602,0.0901880593597889
427,0.08842095732688904,0.09016314208507538
428,0.08812013268470764,0.0901227331161499
429,0.08924857527017593,0.09010282218456268
430,0.08818624913692474,0.09006560623645782
431,0.08828683197498322,0.09002984017133712
432,0.08772768080234528,0.08999289728701115
433,0.0887669026851654,0.08995459571480752
434,0.08848051726818085,0.08992911830544471
435,0.08778011798858643,0.08989071741700172
436,0.08800426870584488,0.08985463097691536
437,0.08799093961715698,0.0898227109760046
438,0.08729548752307892,0.08978659726679325
439,0.08751335740089417,0.08974838502705097
440,0.08735933154821396,0.08970756277441978
441,0.08758091181516647,0.08967954188585281
442,0.08653513342142105,0.08962667800486088
443,0.08827120065689087,0.08960112966597081
444,0.08769135922193527,0.089560986161232
445,0.08775869011878967,0.08952024802565575
446,0.0881613940000534,0.08948446288704873
447,0.08804424852132797,0.08944934003055095
448,0.08784103393554688,0.08941657796502113
449,0.08722968399524689,0.08938130974769593
450,0.08755916357040405,0.0893530073016882
451,0.08759630471467972,0.08931302875280381
452,0.08669903874397278,0.0892777270078659
453,0.08665796369314194,0.08923497401177884
454,0.0864771381020546,0.08919378265738487
455,0.08791539072990417,0.08915441729128361
456,0.08736046403646469,0.08912183851003647
457,0.08677670359611511,0.08908545941114426
458,0.08655965328216553,0.08903595611453057
459,0.08686256408691406,0.08899630472064018
460,0.0876179039478302,0.08896524980664253
461,0.08631192892789841,0.08891480281949043
462,0.08658379316329956,0.08886482328176498
463,0.08816023916006088,0.08883533634245395
464,0.08623282611370087,0.08879383273422718
465,0.08667346835136414,0.08876236252486706
466,0.08658282458782196,0.08873185716569423
467,0.0866781622171402,0.08869509160518646
468,0.08661074936389923,0.08864246800541878
469,0.08651895821094513,0.08860270962119103
470,0.0858694463968277,0.08855231121182441
471,0.08613897860050201,0.0885206837952137
472,0.08606240153312683,0.08848415702581405
473,0.08540306985378265,0.08844278730452061
474,0.087124302983284,0.08841130509972572
475,0.08620376884937286,0.0883715981990099
476,0.08725404739379883,0.0883367370069027
477,0.08703300356864929,0.08830689951777458
478,0.08563782274723053,0.08825841560959816
479,0.08492645621299744,0.08820563055574894
480,0.0855681300163269,0.08816063024103642
481,0.08614669740200043,0.08812065660953522
482,0.08513925969600677,0.08807109482586384
483,0.08479401469230652,0.08802162259817123
484,0.08634805679321289,0.08797941714525223
485,0.08502449095249176,0.08792621612548829
486,0.08492551743984222,0.08786613486707211
487,0.08531521260738373,0.08781724400818348
488,0.08616670966148376,0.08777964189648628
489,0.08559974282979965,0.08773361988365651
490,0.08448910713195801,0.08767307907342911
491,0.08627837896347046,0.08764251731336117
492,0.08446159213781357,0.08759335905313492
493,0.08583180606365204,0.08755501314997673
494,0.08531705290079117,0.08750990740954875
495,0.08440720289945602,0.08745292343199253
496,0.0847104862332344,0.08740220725536346
497,0.08493011444807053,0.08735756374895573
498,0.08604596555233002,0.08732075832784175
499,0.08458228409290314,0.08727950669825077
500,0.08564549684524536,0.0872375387698412
501,0.08420408517122269,0.08718033358454705
502,0.085746169090271,0.08714610941708088
503,0.08564455807209015,0.08711434975266456
504,0.08472365140914917,0.0870660363137722
505,0.08507593721151352,0.08702742144465446
506,0.08550558239221573,0.08699421890079975
507,0.08376988768577576,0.08694661848247051
508,0.08350184559822083,0.08688900463283061
509,0.0852154791355133,0.08684819981455803
510,0.0843801349401474,0.08680377572774887
511,0.08387879282236099,0.08674821428954602
512,0.08322358131408691,0.08670160301029682
513,0.08324635773897171,0.08664561860263348
514,0.08376044034957886,0.08659491956233978
515,0.08368322253227234,0.08654201433062553
516,0.08371266722679138,0.08649510994553566
517,0.08419445157051086,0.08645861744880676
518,0.08243364095687866,0.08639977917075158
519,0.08408679068088531,0.08635413475334644
520,0.08340263366699219,0.08630016192793846
521,0.08339283615350723,0.0862513966858387
522,0.08260251581668854,0.08618695579469204
523,0.08426506072282791,0.08613930746912957
524,0.08305326104164124,0.08607767283916473
525,0.08356072008609772,0.08602554440498351
526,0.0833752453327179,0.08597750410437584
527,0.08361415565013885,0.08592943608760834
528,0.08127028495073318,0.0858609376102686
529,0.08350279927253723,0.0858034798502922
530,0.08285890519618988,0.08575020641088486
531,0.08276883512735367,0.08569502644240856
532,0.08252732455730438,0.08564302287995815
533,0.08227217942476273,0.08557807564735413
534,0.08387212455272675,0.08553199172019958
535,0.08343955874443054,0.08548858612775803
536,0.08200912177562714,0.08542863465845585
537,0.0813957154750824,0.0853626824170351
538,0.08270340412855148,0.08531676158308983
539,0.08140486478805542,0.08525567665696145
540,0.08223320543766022,0.08520441539585591
541,0.0826815664768219,0.08515542194247246
542,0.08304181694984436,0.08512048877775669
543,0.08154012262821198,0.0850531779974699
544,0.08159331232309341,0.08499219752848149
545,0.08161341398954391,0.08493074476718902
546,0.08213181793689728,0.08487044900655746
547,0.08229458332061768,0.08481295235455036
548,0.08300855755805969,0.0847646275907755
549,0.08137679100036621,0.08470609866082668
550,0.08197052031755447,0.08465021222829819
551,0.08249097317457199,0.08459915891289711
552,0.08255195617675781,0.08455768808722496
553,0.08042196929454803,0.08449532814323903
554,0.0809732973575592,0.08444028973579407
555,0.08149391412734985,0.08437607496976852
556,0.08073357492685318,0.0843098060786724
557,0.07999822497367859,0.08424202129244804
558,0.08061563968658447,0.08418258115649223
559,0.08245740830898285,0.08413852959871292
560,0.08135045319795609,0.08407585509121418
561,0.08089274168014526,0.08402166321873665
562,0.08110379427671432,0.08396686322987079
563,0.07925339043140411,0.08387779474258422
564,0.0803881362080574,0.08381934784352779
565,0.07974269241094589,0.08375004008412361
566,0.08050835132598877,0.08368929535150528
567,0.08057524263858795,0.08362826615571976
568,0.08013592660427094,0.08356351792812347
569,0.07974214851856232,0.08349574983119964
570,0.08020443469285965,0.08343909971415997
571,0.08040112257003784,0.08338172115385532
572,0.0807463675737381,0.08332856081426143
573,0.08002491295337677,0.08327477924525738
574,0.0803445503115654,0.08320698171854018
575,0.07891395688056946,0.08313408359885216
576,0.0785328820347786,0.08304687194526196
577,0.08014333993196487,0.08297797530889511
578,0.07866548001766205,0.08290825188159942
579,0.08053697645664215,0.08286435708403588
580,0.08030527830123901,0.082811728566885
581,0.0801103413105011,0.08275136500597
582,0.07880350947380066,0.08268800750374794
583,0.07803201675415039,0.08262038752436637
584,0.07851295173168182,0.08254203647375107
585,0.07869863510131836,0.08247877791523933
586,0.07814265787601471,0.08241094931960107
587,0.08019066601991653,0.08235970385372639
588,0.07836441695690155,0.08228168092668056
589,0.08032716810703278,0.08222895517945289
590,0.0780869796872139,0.08216493390500546
591,0.08047671616077423,0.0821069172769785
592,0.07918339967727661,0.08205413535237312
593,0.07841667532920837,0.08197998404502868
594,0.07965123653411865,0.08192332588136196
595,0.07879649102687836,0.08186721876263618
596,0.07927639037370682,0.08181287780404091
597,0.07948177307844162,0.08175839439034462
598,0.07964087277650833,0.0816943434625864
599,0.07803395390510559,0.08162886016070843
600,0.07865282893180847,0.08155893348157406
601,0.08028971403837204,0.08151978977024556
602,0.07918070256710052,0.08145413510501384
603,0.07791247218847275,0.08137681424617767
604,0.07771997898817062,0.08130677752196788
605,0.07863584905862808,0.08124237664043904
606,0.07765911519527435,0.08116391196846962
607,0.0778113454580307,0.08110432654619217
608,0.07639956474304199,0.08103330373764038
609,0.07740478217601776,0.08095519676804543
610,0.07673250883817673,0.08087872050702571
611,0.07844023406505585,0.08082433491945266
612,0.07751196622848511,0.08076721876859665
613,0.07855358719825745,0.08072029106318951
614,0.07666128128767014,0.08064929947257042
615,0.07839039713144302,0.08059637121856213
616,0.07940070331096649,0.08055325157940388
617,0.07755514979362488,0.08048685856163501
618,0.07768353074789047,0.08043935745954514
619,0.0770324319601059,0.08036881387233734
620,0.0781555026769638,0.08031634256243705
621,0.07653726637363434,0.08024778686463833
622,0.07645656168460846,0.08018632732331753
623,0.07589802145957947,0.08010265693068504
624,0.07711789011955261,0.08004330322146416
625,0.07700616121292114,0.07997775763273239
626,0.0758822113275528,0.07990282729268074
627,0.07588140666484833,0.07982549980282784
628,0.07672280073165894,0.07978002496063709
629,0.07792280614376068,0.07972422502934932
630,0.07756038010120392,0.07967123977839946
631,0.07485844194889069,0.07959213584661484
632,0.07684989273548126,0.0795353615283966
633,0.07724761217832565,0.07948511585593224
634,0.07620935142040253,0.07940848812460899
635,0.07806500792503357,0.07935474261641502
636,0.07524433732032776,0.07928709477186204
637,0.07550138235092163,0.07922815144062043
638,0.07626578211784363,0.07916377522051335
639,0.07502944767475128,0.0791000210493803
640,0.07484108209609985,0.0790260998159647
641,0.07445118576288223,0.0789437960088253
642,0.07655069977045059,0.07887888483703137
643,0.07462623715400696,0.07880974598228932
644,0.07509760558605194,0.0787447889149189
645,0.07491058856248856,0.07867776066064834
646,0.07624460011720657,0.07861888848245144
647,0.07476530969142914,0.07854359574615956
648,0.07449609041213989,0.07845847107470036
649,0.07490045577287674,0.07839370772242546
650,0.07470851391553879,0.0783210876584053
651,0.07378225028514862,0.07823400042951106
652,0.07507113367319107,0.0781591922044754
653,0.07423313707113266,0.07809730388224125
654,0.0759631097316742,0.0780472020059824
655,0.07592646777629852,0.07799152754247189
656,0.07431966811418533,0.0779273884743452
657,0.07507796585559845,0.0778781858831644
658,0.07418928295373917,0.07781392231583595
659,0.07365310937166214,0.07772587932646274
660,0.07366138696670532,0.07764898866415024
661,0.074668288230896,0.07758674412965774
662,0.07411596924066544,0.07751686587929725
663,0.07457132637500763,0.0774700452387333
664,0.07484930753707886,0.0774146569520235
665,0.0736158937215805,0.07735338896512985
666,0.07479149103164673,0.07729622036218643
667,0.07393346726894379,0.07722980260849
668,0.07496009767055511,0.07717804431915283
669,0.07424207031726837,0.07712304353713989
670,0.07260775566101074,0.0770470767468214
671,0.07488171011209488,0.07699188262224198
672,0.07317914813756943,0.07691621042788029
673,0.07336805760860443,0.07684964187443256
674,0.07181058079004288,0.07676430217921734
675,0.07363790273666382,0.07671154163777828
676,0.07456012070178986,0.07667181402444839
677,0.07376343011856079,0.07660801492631436
678,0.07388855516910553,0.07656024567782879
679,0.07432806491851807,0.07649815656244754
680,0.07269124686717987,0.07642201624810696
681,0.0747217908501625,0.07636813074350357
682,0.07251985371112823,0.07630529418587685
683,0.07211345434188843,0.07624610856175423
684,0.07188630849123001,0.07617984212934971
685,0.0724770650267601,0.07611762642860413
686,0.0727660059928894,0.07606385990977288
687,0.07325704395771027,0.07599452368915081
688,0.0742633193731308,0.0759535127133131
689,0.07223529368638992,0.07587259396910667
690,0.07290983200073242,0.07582082249224185
691,0.07298355549573898,0.07574589088559151
692,0.07216241955757141,0.07567568108439446
693,0.07380463182926178,0.075629560649395
694,0.07295972853899002,0.0755626455694437
695,0.07276134938001633,0.07550229415297509
696,0.07166360318660736,0.07542616628110409
697,0.07267826050519943,0.07535813115537167
698,0.07255541533231735,0.07528727658092976
699,0.07190344482660294,0.07522597149014473
700,0.07309731841087341,0.07517041638493538
701,0.07258397340774536,0.07509335897862911
702,0.07265347987413406,0.07502808675169945
703,0.07121983170509338,0.07496116034686566
704,0.07304880023002625,0.07491444855928421
705,0.07142116129398346,0.07484230168163776
706,0.07299132645130157,0.07479562379419803
707,0.07139512151479721,0.0747314615547657
708,0.07309651374816895,0.07469843104481697
709,0.07184326648712158,0.07464281588792801
710,0.0711042582988739,0.07458653338253499
711,0.071640744805336,0.07451853848993778
712,0.07210592180490494,0.07446447804570198
713,0.07144741714000702,0.07439341634511948
714,0.07272933423519135,0.07435409687459468
715,0.07134230434894562,0.07428361594676972
716,0.07114212960004807,0.07420103020966053
717,0.07108063995838165,0.0741362851113081
718,0.07021987438201904,0.07406164854764938
719,0.07109348475933075,0.07400225907564163
720,0.07097084820270538,0.07393041253089905
721,0.06990604102611542,0.07386410027742386
722,0.07052731513977051,0.07380480781197547
723,0.07057396322488785,0.07375156722962856
724,0.06914908438920975,0.07367187917232514
725,0.07053384929895401,0.07360715605318546
726,0.06941257417201996,0.07354245968163013
727,0.06921448558568954,0.07347579047083855
728,0.07029535621404648,0.07341151602566243
729,0.07133684307336807,0.07334565639495849
730,0.06858202069997787,0.07325587280094624
731,0.07055921852588654,0.0732128805667162
732,0.07032930850982666,0.07314767472445965
733,0.07021106779575348,0.07307730928063393
734,0.07045929878950119,0.07301980875432491
735,0.0694207102060318,0.0729333657771349
736,0.07092630118131638,0.07289018541574478
737,0.06912960112094879,0.07282646760344505
738,0.06962820887565613,0.07276009187102318
739,0.06974285840988159,0.07270722597837448
740,0.07026766985654831,0.07266149185597896
741,0.06985971331596375,0.07261557713150978
742,0.07095102965831757,0.07255958043038845
743,0.07008880376815796,0.07251420609652996
744,0.06964874267578125,0.07245971746742726
745,0.06939775496721268,0.07240458913147449
746,0.06979583948850632,0.0723401015251875
747,0.06939540058374405,0.07228640243411064
748,0.06888607889413834,0.07223030231893063
749,0.07009391486644745,0.07218223690986633
750,0.06896132230758667,0.07212476499378681
751,0.06987058371305466,0.07208564832806587
752,0.06899583339691162,0.07202489532530308
753,0.06898999959230423,0.07197246395051479
754,0.06930451095104218,0.07190587796270848
755,0.06923103332519531,0.07183892361819744
756,0.07012765109539032,0.07179700344800949
757,0.06830672919750214,0.07172929108142853
758,0.06794896721839905,0.07166688792407512
759,0.06889336556196213,0.07161929048597812
760,0.06965003907680511,0.07157917700707912
761,0.06913278251886368,0.07152382194995881
762,0.06896725296974182,0.07147233478724957
763,0.06939144432544708,0.07142053596675396
764,0.06885197758674622,0.07136056266725063
765,0.06868113577365875,0.07131121508777141
766,0.07114215940237045,0.07127472177147866
767,0.06928323209285736,0.07122821941971778
768,0.0677647739648819,0.07115626618266106
769,0.07032638788223267,0.0711171093583107
770,0.06712562590837479,0.07106228806078434
771,0.06741060316562653,0.07098757699131966
772,0.06721282750368118,0.07092791378498077
773,0.06938930600881577,0.07088812626898289
774,0.06876752525568008,0.07085769571363926
775,0.0691935122013092,0.07081325180828571
776,0.06954874843358994,0.07076313808560371
777,0.06647783517837524,0.07069028213620186
778,0.06721009314060211,0.07062349751591683
779,0.06690927594900131,0.07054930962622166
780,0.06751438230276108,0.07049754098057746
781,0.06825341284275055,0.07043285720050335
782,0.06844229251146317,0.0703920815885067
783,0.06810670346021652,0.07035201407968998
784,0.06674458086490631,0.07030059680342675
785,0.06939119845628738,0.07026973813772201
786,0.06687784194946289,0.07021085649728775
787,0.06773339211940765,0.07015561997890472
788,0.06624187529087067,0.07007540553808213
789,0.06705427169799805,0.0700235953181982
790,0.06771191954612732,0.06997161619365215
791,0.06650704145431519,0.06990685105323792
792,0.06647065281867981,0.069849933385849
793,0.06812205165624619,0.06979310758411884
794,0.06775395572185516,0.06974104985594749
795,0.06551308929920197,0.06966856725513935
796,0.06798510998487473,0.06963178232312202
797,0.06724385917186737,0.0695774383097887
798,0.06632435321807861,0.06951512768864632
799,0.06625550240278244,0.06945864826440812
800,0.06736116111278534,0.06940128669142723
801,0.06722116470336914,0.06934765860438347
802,0.06706961989402771,0.06929182000458241
803,0.06694313883781433,0.06924905307590962
804,0.0664902925491333,0.06918346799910069
805,0.06757636368274689,0.06914502002298832
806,0.06640364229679108,0.06907914318144322
807,0.06777901947498322,0.06904298216104507
808,0.06694373488426208,0.068981454372406
809,0.06751172244548798,0.06893813893198968
810,0.06813311576843262,0.06890842750668526
811,0.0668356716632843,0.06886037677526474
812,0.06623831391334534,0.06880170069634914
813,0.06714765727519989,0.06875870309770107
814,0.06638482213020325,0.06869525797665119
815,0.06749410927295685,0.0686567760258913
816,0.0664697214961052,0.06861005194485187
817,0.06532329320907593,0.06855247847735882
818,0.06663922965526581,0.06851667203009129
819,0.06659826636314392,0.06847171984612942
820,0.06597740948200226,0.06842178545892239
821,0.06602174043655396,0.06838294245302677
822,0.06689358502626419,0.06834660515189171
823,0.06693434715270996,0.06831020899116994
824,0.06527362763881683,0.068271454423666
825,0.06561274081468582,0.06822224333882332
826,0.06558167189359665,0.06818393431603909
827,0.06590088456869125,0.0681507983058691
828,0.067392498254776,0.0681217697262764
829,0.06594893336296082,0.06806789062917233
830,0.0677344799041748,0.0680594152212143
831,0.06702020019292831,0.06802402503788471
832,0.066937655210495,0.0679901085048914
833,0.06522643566131592,0.06794026218354703
834,0.06538903713226318,0.06788955956697464
835,0.06616510450839996,0.06785700350999832
836,0.06691335141658783,0.06781687401235104
837,0.06552325189113617,0.06778081052005291
838,0.06408196687698364,0.06772534810006618
839,0.06509293615818024,0.06767884887754917
840,0.06655332446098328,0.06764170542359352
841,0.06648139655590057,0.0676079222559929
842,0.06606346368789673,0.06755904659628868
843,0.06518048048019409,0.06750996336340905
844,0.06641849130392075,0.06747766084969044
845,0.06629572063684464,0.06744664050638675
846,0.06574055552482605,0.06740608766674995
847,0.06613361835479736,0.06737346984446049
848,0.06385329365730286,0.06732314199209213
849,0.06572351604700089,0.06727943800389767
850,0.06551523506641388,0.06724497713148594
851,0.06535123288631439,0.06719978362321853
852,0.0665656179189682,0.0671754814684391
853,0.06664931774139404,0.06715207464993
854,0.06525928527116776,0.06711162239313126
855,0.06513196229934692,0.06707063168287278
856,0.06493938714265823,0.06701874904334545
857,0.0666874423623085,0.06700255617499351
858,0.0658196434378624,0.06698126293718815
859,0.06662069261074066,0.06695853620767593
860,0.06491729617118835,0.06691120877861977
861,0.06519107520580292,0.06687179170548915
862,0.06483325362205505,0.0668304517120123
863,0.0651024878025055,0.06678756214678287
864,0.06453531980514526,0.06674439556896687
865,0.06571859121322632,0.06671477012336254
866,0.06610073149204254,0.06666435584425927
867,0.06638140231370926,0.06663533754646778
868,0.06500531733036041,0.06660774298012256
869,0.06505803018808365,0.06655505940318107
870,0.06484565883874893,0.06653225973248482
871,0.06512443721294403,0.066509398072958
872,0.0645374283194542,0.06648264408111572
873,0.06598526239395142,0.06644860364496707
874,0.06379272043704987,0.06639885559678077
875,0.06472283601760864,0.06635414883494377
876,0.06355957686901093,0.06629425711929798
877,0.06379367411136627,0.06626741550862789
878,0.06402985751628876,0.06623561315238476
879,0.06374689936637878,0.06620398938655853
880,0.06561975181102753,0.06618504308164119
881,0.06435195356607437,0.06614602848887444
882,0.06479565054178238,0.06610956206917763
883,0.06522398442029953,0.06608073487877845
884,0.06390971690416336,0.06605238623917103
885,0.06429961323738098,0.06600147038698197
886,0.0637228786945343,0.06596992075443268
887,0.06433133035898209,0.06593590013682843
888,0.06497282534837723,0.06592320963740349
889,0.06424245983362198,0.06589509151875973
890,0.06398488581180573,0.06585782118141652
891,0.06391128897666931,0.06583186365664005
892,0.06444890797138214,0.06581164620816708
893,0.06350696831941605,0.06576549537479877
894,0.06437130272388458,0.06573166884481907
895,0.06409390270709991,0.06571747697889804
896,0.06512455642223358,0.06568887144327164
897,0.06389276683330536,0.06565536051988602
898,0.06363140046596527,0.06562843099236489
899,0.06279023736715317,0.0655937783420086
900,0.06302326917648315,0.06555039942264557
901,0.0636589527130127,0.06551477730274201
902,0.06418627500534058,0.06548594385385513
903,0.06319618225097656,0.06544847428798675
904,0.06383809447288513,0.06542195230722428
905,0.06218213587999344,0.06536801002919673
906,0.06297889351844788,0.0653337625414133
907,0.06340253353118896,0.06528999768197537
908,0.06450442224740982,0.06526560455560684
909,0.06457530707120895,0.06523624040186406
910,0.06457024812698364,0.06520061172544957
911,0.06280152499675751,0.06516027025878429
912,0.06305300444364548,0.0651284171640873
913,0.06374877691268921,0.06509442836046218
914,0.06263092160224915,0.06505688935518265
915,0.06434701383113861,0.06502541840076446
916,0.06295520067214966,0.06499027319252491
917,0.06285108625888824,0.06496555112302303
918,0.062488820403814316,0.06492404703050852
919,0.0635097473859787,0.06489316184073686
920,0.06316529959440231,0.06486504074186086
921,0.06239468604326248,0.06482877019792795
922,0.06394807249307632,0.06479931507259608
923,0.06455764174461365,0.06477554801851511
924,0.062292926013469696,0.06474574100226164
925,0.06297959387302399,0.06471940953284502
926,0.06263488531112671,0.06468994166702031
927,0.06274086236953735,0.06465834144502879
928,0.06265228241682053,0.06461093928664922
929,0.06133752688765526,0.06456482522189617
930,0.06291941553354263,0.06451667457818985
931,0.061727698892354965,0.06446374956518412
932,0.06180794537067413,0.06441245246678591
933,0.06212783604860306,0.06438146647065877
934,0.06266097724437714,0.06435418587177992
935,0.0621488094329834,0.06431402292102575
936,0.06246207654476166,0.06426951017230749
937,0.0619816854596138,0.06423409450799226
938,0.061395153403282166,0.06420722637325525
939,0.0618891566991806,0.06417518857866526
940,0.06221544370055199,0.06413180977106095
941,0.06159205734729767,0.06408291637897491
942,0.061345312744379044,0.06403573486953974
943,0.06040697544813156,0.06398799981921911
944,0.061244845390319824,0.06393626336008311
945,0.061108313500881195,0.06388438928872348
946,0.06244838237762451,0.06385146755725145
947,0.06194740906357765,0.06380960546433925
948,0.06242167949676514,0.06379528932273387
949,0.06257209181785583,0.06376377508044243
950,0.06236669048666954,0.06373228963464499
951,0.06183471530675888,0.06369712445884942
952,0.06208784878253937,0.06365234676748514
953,0.060995832085609436,0.0635958119109273
954,0.06219162419438362,0.06356513530015945
955,0.06208805739879608,0.06353469625115395
956,0.060515329241752625,0.0634904556721449
957,0.062011249363422394,0.06344369374215603
958,0.06266875565052032,0.06341218486428261
959,0.0618186891078949,0.06336416482925415
960,0.06110385060310364,0.0633260303735733
961,0.0618940144777298,0.06329305976629257
962,0.06084448844194412,0.06325317211449147
963,0.060532283037900925,0.06320747006684542
964,0.060787640511989594,0.06316999327391386
965,0.060237862169742584,0.06311518598347902
966,0.0618780180811882,0.06307295884937048
967,0.06117785722017288,0.06302092339843511
968,0.0625518262386322,0.06299638848751783
969,0.06130865216255188,0.06295889470726251
970,0.06134657561779022,0.06292390387505292
971,0.0614287294447422,0.0628869467973709
972,0.06143902242183685,0.06285596273839474
973,0.059746865183115005,0.06279357876628637
974,0.060685478150844574,0.06276250634342433
975,0.05975634977221489,0.06271284148097038
976,0.06099581718444824,0.06268720388412476
977,0.06057918816804886,0.06265505902469158
978,0.06010139361023903,0.06261577438563108
979,0.06032877415418625,0.06258159313350915
980,0.060800958424806595,0.06253340519964695
981,0.05961962789297104,0.06248608194291592
982,0.05925886332988739,0.062430714070796964
983,0.06079420447349548,0.062386416271328925
984,0.060972899198532104,0.062357048094272616
985,0.058808017522096634,0.06230213213711977
986,0.060804590582847595,0.0622729492560029
987,0.059632375836372375,0.0622259597107768
988,0.059332918375730515,0.062169560641050337
989,0.05963664501905441,0.062123502492904666
990,0.06106983497738838,0.06209435198456049
991,0.061389025300741196,0.062069129347801205
992,0.05910330265760422,0.062015673294663426
993,0.05919817462563515,0.061972585357725624
994,0.05994892492890358,0.06192836157977581
995,0.060122810304164886,0.06188865065574646
996,0.06018194928765297,0.06183922458440065
997,0.059740714728832245,0.06179770406335592
998,0.05958954989910126,0.06175728555768728
999,0.059690430760383606,0.06172628749161959
1000,0.058867182582616806,0.061684726625680926
1001,0.060486964881420135,0.061653006747365
1002,0.05897223576903343,0.06160086635500193
1003,0.05892137810587883,0.06155811831355095
1004,0.0591280460357666,0.06151101782917976
1005,0.060226671397686005,0.06149146318435669
1006,0.05928834527730942,0.06145455770194531
1007,0.058229923248291016,0.061402831599116324
1008,0.05977796018123627,0.06135556697845459
1009,0.05815843120217323,0.06129139821976423
1010,0.05765919387340546,0.061222287677228454
1011,0.05868461728096008,0.06118111860007048
1012,0.05801193043589592,0.06113070785999298
1013,0.05831326171755791,0.06107635270804167
1014,0.05910120904445648,0.06104105558246374
1015,0.05797494202852249,0.06097733486443758
1016,0.058723341673612595,0.06093501627445221
1017,0.05875980481505394,0.060894103460013865
1018,0.05918151140213013,0.06086103036999702
1019,0.059902384877204895,0.060824956744909286
1020,0.0581856369972229,0.060775160118937493
1021,0.05848855525255203,0.06073609881103039
1022,0.05965845286846161,0.06069320261478424
1023,0.05897369980812073,0.06063736319541931
1024,0.05794268846511841,0.0605938608199358
1025,0.058665014803409576,0.06055071502923966
1026,0.05773959308862686,0.060501762107014655
1027,0.0578065924346447,0.06045241940766573
1028,0.058820296078920364,0.060414099544286726
1029,0.059383928775787354,0.06039456356316805
1030,0.05785875767469406,0.06034395698457956
1031,0.059145569801330566,0.06031813569366932
1032,0.058669254183769226,0.06028674878180027
1033,0.0577002689242363,0.0602424731105566
1034,0.05807732418179512,0.06019663657993078
1035,0.057997897267341614,0.060155127458274366
1036,0.05945896357297897,0.06012509632855654
1037,0.05680583044886589,0.06007333777844906
1038,0.057963430881500244,0.06003902055323124
1039,0.05881781503558159,0.060008307136595246
1040,0.05931483209133148,0.05997930102050304
1041,0.05790872126817703,0.05994246765971184
1042,0.05861116200685501,0.0599151261523366
1043,0.05781610310077667,0.05988921742886305
1044,0.05675815790891647,0.05984435055404901
1045,0.05769587308168411,0.059810226149857044
1046,0.05693700537085533,0.05975511237978935
1047,0.05712904781103134,0.05970692876726389
1048,0.057598553597927094,0.05965869750827551
1049,0.057111956179142,0.05960409615188837
1050,0.058416515588760376,0.05956459440290928
1051,0.05734792351722717,0.05951972648501396
1052,0.05624452605843544,0.05946129325777292
1053,0.05577307194471359,0.05940906565636397
1054,0.05674572288990021,0.05935460664331913
1055,0.056520767509937286,0.05929893374443054
1056,0.05688100308179855,0.059262590482831
1057,0.05600561574101448,0.05920253414660692
1058,0.057624779641628265,0.059152094386518
1059,0.05769391357898712,0.059110846631228925
1060,0.05732467770576477,0.059073054902255534
1061,0.056751467287540436,0.05902162943035364
1062,0.056331440806388855,0.05897649895399809
1063,0.0568448007106781,0.058939624130725864
1064,0.05649115890264511,0.058896659314632414
1065,0.058218780905008316,0.05887646850198507
1066,0.05607692897319794,0.05881845761090517
1067,0.05644983425736427,0.05877117738127709
1068,0.05759782716631889,0.05872163739055395
1069,0.055853471159935,0.05866708558052778
1070,0.05718351900577545,0.058625455014407635
1071,0.058197081089019775,0.05859313853085041
1072,0.056976474821567535,0.05854851305484772
1073,0.05654875934123993,0.058516531996428964
1074,0.05621562898159027,0.05847183350473642
1075,0.05615687370300293,0.0584358387440443
1076,0.05652999132871628,0.058391180485486985
1077,0.05715402215719223,0.05835692882537842
1078,0.05639558285474777,0.058319870717823505
1079,0.05645958334207535,0.0582811788097024
1080,0.05629955977201462,0.05823616482317448
1081,0.056300558149814606,0.058202974125742914
1082,0.057818703353405,0.05818857252597809
1083,0.055750250816345215,0.058138132989406587
1084,0.0561048798263073,0.05808945279568434
1085,0.055742453783750534,0.058058797158300875
1086,0.05852927267551422,0.05803604397922754
1087,0.05561889708042145,0.057995909191668034
1088,0.05552929639816284,0.05795787297189236
1089,0.0558110848069191,0.057919617369771005
1090,0.055303774774074554,0.057861956767737865
1091,0.05599726364016533,0.057808039151132105
1092,0.05667795240879059,0.05778378564864397
1093,0.05567244440317154,0.05774852834641933
1094,0.056345634162425995,0.057712495438754556
1095,0.0565878190100193,0.0576771455258131
1096,0.05602021887898445,0.05763552822172642
1097,0.055882468819618225,0.05759694576263428
1098,0.05697273463010788,0.05757077760994434
1099,0.055706653743982315,0.05753093983978033
1100,0.05583937093615532,0.057500661723315714
1101,0.05695854127407074,0.057465377487242224
1102,0.05561994016170502,0.05743185453116894
1103,0.055206865072250366,0.057394709400832654
1104,0.05551840737462044,0.05735861301422119
1105,0.05570485442876816,0.05731339484453201
1106,0.05540614575147629,0.05727457284927368
1107,0.05485653132200241,0.05724083893001079
1108,0.05451545864343643,0.057188213914632795
1109,0.0551142655313015,0.05715777225792408
1110,0.055518798530101776,0.05713636830449104
1111,0.056130580604076385,0.05711082793772221
1112,0.054713018238544464,0.05707783881574869
1113,0.05554008483886719,0.057050107046961784
1114,0.05439947172999382,0.057003089673817155
1115,0.05499197542667389,0.05697326000779867
1116,0.055375684052705765,0.056939783431589605
1117,0.05540171265602112,0.056906202509999275
1118,0.05593205988407135,0.05687370799481869
1119,0.05491819232702255,0.056823866069316865
1120,0.0543898344039917,0.05678590804338455
1121,0.0556410551071167,0.0567574330419302
1122,0.0551251620054245,0.05671210013329983
1123,0.05409815162420273,0.05666334465146065
1124,0.056496862322092056,0.056648886390030385
1125,0.05458766967058182,0.056608112938702104
1126,0.05454710125923157,0.056576188020408154
1127,0.05538039654493332,0.05655192606151104
1128,0.05496014654636383,0.05651332456618548
1129,0.056719399988651276,0.05648667927831411
1130,0.05459105223417282,0.0564540022239089
1131,0.05367171764373779,0.056399263702332975
1132,0.05604858323931694,0.05637305699288845
1133,0.054971009492874146,0.05634576439857483
1134,0.05452027916908264,0.056310193948447704
1135,0.054916560649871826,0.056279380582273004
1136,0.054687708616256714,0.05623166803270578
1137,0.05544799938797951,0.05621808972209692
1138,0.05465807765722275,0.05618503618985415
1139,0.05509399250149727,0.0561477979645133
1140,0.05431809276342392,0.05609783057123423
1141,0.05521179735660553,0.05607086133211851
1142,0.0539560504257679,0.05602431021630764
1143,0.05452907830476761,0.05599143996834755
1144,0.0535670667886734,0.055959529057145116
1145,0.053712427616119385,0.055919694602489474
1146,0.054272543638944626,0.05589304998517036
1147,0.05405821278691292,0.05586234163492918
1148,0.05423395335674286,0.055828695632517335
1149,0.054256144911050797,0.055800137519836424
1150,0.052561476826667786,0.0557415871322155
1151,0.05384741723537445,0.05570658206939697
1152,0.05414067208766937,0.05568554352968931
1153,0.054404232650995255,0.05567185513675213
1154,0.0530734583735466,0.05563513249158859
1155,0.05464790761470795,0.0556164038926363
1156,0.05488254874944687,0.05559641934931278
1157,0.05317135155200958,0.05556807670742273
1158,0.054058369249105453,0.055532412603497505
1159,0.05411561578512192,0.05549662962555885
1160,0.05504579469561577,0.05547384079545736
1161,0.053997017443180084,0.05544629629701376
1162,0.053695257753133774,0.05541993446648121
1163,0.05381452292203903,0.055389631688594815
1164,0.05312220752239227,0.05535594217479229
1165,0.05315665900707245,0.055305320955812934
1166,0.053023166954517365,0.055274783335626125
1167,0.054424040019512177,0.05525452539324761
1168,0.05336775630712509,0.05521222468465567
1169,0.05337312072515488,0.055187421180307866
1170,0.05360306054353714,0.05515161659568548
1171,0.05338123068213463,0.05510345809161663
1172,0.05412925034761429,0.055074985846877096
1173,0.05290845036506653,0.055038582757115366
1174,0.05291081964969635,0.05500553466379642
1175,0.05300033092498779,0.054973969236016273
1176,0.05296766012907028,0.05493834592401981
1177,0.05339159443974495,0.05490072164684534
1178,0.052844539284706116,0.054865211211144925
1179,0.05324370414018631,0.05483305241912603
1180,0.05376308411359787,0.05480768766254187
1181,0.05337437614798546,0.05477842584252358
1182,0.05312545597553253,0.05473149336874485
1183,0.05316147208213806,0.05470560558140278
1184,0.05300983041524887,0.0546746550872922
1185,0.05373338609933853,0.054654564410448074
1186,0.0526982806622982,0.05459625449031592
1187,0.053827010095119476,0.054578335620462895
1188,0.05289889872074127,0.05455203164368868
1189,0.052188433706760406,0.05451580513268709
1190,0.05344247817993164,0.054497192166745666
1191,0.05296400934457779,0.05446685962378979
1192,0.05197293311357498,0.05441980943083763
1193,0.05272757634520531,0.054390360750257966
1194,0.05335789918899536,0.054360483400523664
1195,0.05304829776287079,0.05432508818805218
1196,0.05220188573002815,0.054286904856562616
1197,0.05230416730046272,0.05425112184137106
1198,0.05255335569381714,0.05420692805200815
1199,0.05297839641571045,0.05417964547872543
1200,0.051830045878887177,0.054139552228152754
1201,0.051406897604465485,0.0540840357914567
1202,0.052795469760894775,0.054055791087448596
1203,0.05303821340203285,0.05403410457074642
1204,0.05211833119392395,0.05400010380893946
1205,0.051263757050037384,0.05395569283515215
1206,0.0518740639090538,0.053920372016727926
1207,0.0522918626666069,0.05389472533017397
1208,0.05245257541537285,0.053874096497893334
1209,0.05153656005859375,0.053838319443166256
1210,0.051971204578876495,0.053802843503654
1211,0.05095721781253815,0.05375110987573862
1212,0.05348706245422363,0.05373885031789541
1213,0.05238991230726242,0.05370734859257936
1214,0.05134758725762367,0.05367682974785566
1215,0.05209934711456299,0.05364790346473455
1216,0.05096495896577835,0.05360379621386528
1217,0.051322102546691895,0.053563000112771986
1218,0.052872058004140854,0.053532400093972685
1219,0.05239877104759216,0.05350720588117838
1220,0.05070517584681511,0.05347035929560661
1221,0.05252774432301521,0.0534392261877656
1222,0.05199441313743591,0.05340791869908571
1223,0.05137186124920845,0.05338065579533577
1224,0.05170760676264763,0.05333276323974132
1225,0.051526717841625214,0.05330215372145176
1226,0.052910901606082916,0.053285791724920276
1227,0.052597157657146454,0.0532579593360424
1228,0.05152343213558197,0.053223592191934586
1229,0.05234194174408913,0.053179817609488964
1230,0.05205182358622551,0.05315442532300949
1231,0.050719939172267914,0.05312490753829479
1232,0.050789058208465576,0.05307231228798628
1233,0.05147745460271835,0.05303737673908472
1234,0.05192406475543976,0.05301141459494829
1235,0.05145036429166794,0.05297675263136625
1236,0.05169764161109924,0.05294685196131468
1237,0.052265554666519165,0.05291502751410007
1238,0.05111163109540939,0.05287956304848194
1239,0.050899989902973175,0.0528376230224967
1240,0.05178822949528694,0.052812324389815334
1241,0.05174144357442856,0.05277762085199356
1242,0.05237770825624466,0.05276183743029833
1243,0.0510561466217041,0.052727108113467695
1244,0.05127035081386566,0.052704140953719614
1245,0.05195087939500809,0.052686525471508504
1246,0.05108972266316414,0.0526546972617507
1247,0.05079255253076553,0.052622040659189226
1248,0.05139783024787903,0.05259367942810059
1249,0.05072788894176483,0.05255839686840773
1250,0.05146681144833565,0.052547450214624404
1251,0.05089109018445015,0.05251788694411516
1252,0.050379738211631775,0.052480277605354786
1253,0.051484718918800354,0.05245108246803284
1254,0.05103321000933647,0.052430679984390736
1255,0.05212303251028061,0.05240543123334646
1256,0.05060394108295441,0.052362645156681535
1257,0.050598450005054474,0.052336916141211984
1258,0.05041198432445526,0.052300452291965484
1259,0.052004266530275345,0.05227933879941702
1260,0.05115513876080513,0.05224043224006891
1261,0.051473334431648254,0.05221519540995359
1262,0.05022338032722473,0.0521804766356945
1263,0.05083233863115311,0.05215065479278565
1264,0.05145527422428131,0.052133985459804535
1265,0.05137229710817337,0.05211614184081555
1266,0.05071840435266495,0.05209309421479702
1267,0.0517464205622673,0.05206631802022457
1268,0.05099168419837952,0.052042557299137114
1269,0.05086330324411392,0.052017459124326704
1270,0.05064929276704788,0.051987921446561815
1271,0.05177826061844826,0.05197189174592495
1272,0.05069237947463989,0.051937523037195205
1273,0.04998832941055298,0.05190832182765007
1274,0.04999688267707825,0.05187918245792389
1275,0.050187963992357254,0.05185105878859758
1276,0.049961771816015244,0.051820999905467034
1277,0.04997239634394646,0.05178680792450905
1278,0.05036935582756996,0.05176205608993769
1279,0.05104608088731766,0.051740079857409
1280,0.049459878355264664,0.05169704779982567
1281,0.049995630979537964,0.05166326034814119
1282,0.05012030899524689,0.05163320887833834
1283,0.05019327253103256,0.05160352688282728
1284,0.0498313382267952,0.051571741960942746
1285,0.05049195885658264,0.051539327688515185
1286,0.04931437969207764,0.05150548867881298
1287,0.05100421980023384,0.05147726077586413
1288,0.05108305811882019,0.05145910236984491
1289,0.05063203349709511,0.05144353836774826
1290,0.04937601834535599,0.0514028737694025
1291,0.05032947659492493,0.051376528441905975
1292,0.04976294934749603,0.05135442860424519
1293,0.050763439387083054,0.05133478723466396
1294,0.049965836107730865,0.05130086660385132
1295,0.050471171736717224,0.05127509534358978
1296,0.04994319751858711,0.051252508461475374
1297,0.050610411912202835,0.05123557090759277
1298,0.049885343760252,0.05120889078825712
1299,0.050839103758335114,0.05118749786168337
1300,0.04949215427041054,0.0511641189455986
1301,0.04905075952410698,0.05114055756479502
1302,0.04935580492019653,0.05110616091638803
1303,0.05066196992993355,0.05108239848166704
1304,0.050372324883937836,0.05106493841856718
1305,0.04967059940099716,0.05104900684207678
1306,0.04932130128145218,0.05102347921580076
1307,0.04911506921052933,0.050991711281239985
1308,0.04914499819278717,0.05095863550901413
1309,0.05002601817250252,0.05094353009015322
1310,0.05138610303401947,0.050937679074704645
1311,0.0494520403444767,0.05092262730002403
1312,0.049360789358615875,0.05088136456906796
1313,0.04968506097793579,0.05085431605577469
1314,0.04968961328268051,0.050837736316025256
1315,0.04940775781869888,0.050810820423066616
1316,0.04957783967256546,0.05079694923013449
1317,0.04964565113186836,0.05078018471598625
1318,0.0500987246632576,0.05075245138257742
1319,0.04957703500986099,0.05072423402220011
1320,0.05068448930978775,0.05072402715682983
1321,0.04927664250135422,0.050691516138613224
1322,0.05022105574607849,0.05067378256469965
1323,0.05030696839094162,0.050663133636116985
1324,0.04993044584989548,0.05064536202698946
1325,0.049925874918699265,0.0506293535977602
1326,0.04898017644882202,0.05059004634618759
1327,0.04819334298372269,0.05054600819945335
1328,0.0497102253139019,0.050527876131236556
1329,0.04877947270870209,0.05049225144088268
1330,0.050415001809597015,0.0504758832231164
1331,0.04943186044692993,0.05046300243586302
1332,0.04969850555062294,0.050452096909284594
1333,0.049703169614076614,0.050434354059398175
1334,0.04855474829673767,0.050400660894811156
1335,0.05053231865167618,0.05039148043841123
1336,0.04855691269040108,0.05036007314920425
1337,0.04843347892165184,0.050321752391755584
1338,0.04905787482857704,0.050301214829087254
1339,0.04888236150145531,0.05028103854507208
1340,0.048918090760707855,0.050252337157726285
1341,0.04854234308004379,0.05022034615278244
1342,0.04928424581885338,0.05018941152840853
1343,0.0488106906414032,0.05016695696860552
1344,0.04934129863977432,0.05014766644686461
1345,0.04997475817799568,0.05012790523469448
1346,0.0501251220703125,0.05011825922876596
1347,0.04913535341620445,0.05010168723762035
1348,0.04931376129388809,0.05008084654808045
1349,0.0492715984582901,0.050066283643245696
1350,0.04879428446292877,0.05003955837339163
1351,0.048540107905864716,0.05001604855060578
1352,0.04839321970939636,0.04999618336558342
1353,0.04983995109796524,0.04997973568737507
1354,0.049099400639534,0.04996039759367704
1355,0.049098819494247437,0.049930155463516715
1356,0.04972377419471741,0.04992135379463434
1357,0.04923225939273834,0.04990769188851118
1358,0.0494348406791687,0.04989792045205831
1359,0.04907361418008804,0.04986861392855644
1360,0.049617089331150055,0.04985323343425989
1361,0.04841409623622894,0.049822641052305695
1362,0.04788410663604736,0.049799248315393924
1363,0.04905790835618973,0.04978150401264429
1364,0.049362439662218094,0.04976057566702366
1365,0.04918709024786949,0.04973872359842062
1366,0.04804753512144089,0.04971201490610838
1367,0.048559509217739105,0.0496801457926631
1368,0.04839015007019043,0.04965413045138121
1369,0.04853858798742294,0.04963088329881429
1370,0.04911133274435997,0.049615503698587415
1371,0.04807174950838089,0.04957843858748674
1372,0.049334749579429626,0.04956486228853464
1373,0.04755730554461479,0.04954055204987526
1374,0.04891490936279297,0.049529732316732404
1375,0.047750815749168396,0.049505360834300516
1376,0.04876098036766052,0.04949335291981697
1377,0.04772014170885086,0.049470830373466015
1378,0.04881017655134201,0.049455238580703734
1379,0.0493163987994194,0.04943794175982475
1380,0.04834975674748421,0.04942684054374695
1381,0.04865489900112152,0.049413433223962785
1382,0.04822064936161041,0.049394436627626416
1383,0.04841979593038559,0.04937670186161995
1384,0.04793689399957657,0.04935775741934776
1385,0.04800455644726753,0.049332883395254615
1386,0.0484376884996891,0.049324116483330724
1387,0.047841448336839676,0.04929248876869678
1388,0.04867330193519592,0.049268391206860544
1389,0.04927228018641472,0.04925479367375374
1390,0.04963032901287079,0.04925733678042889
1391,0.04818698391318321,0.049235911853611466
1392,0.047769948840141296,0.04921598184853792
1393,0.04800408333539963,0.049188388288021086
1394,0.04761052876710892,0.04916483521461487
1395,0.047281600534915924,0.049132939502596853
1396,0.04917391017079353,0.04912524662911892
1397,0.046989694237709045,0.04908903945237398
1398,0.04863326996564865,0.04907651871442795
1399,0.048508420586586,0.04905321188271046
1400,0.0470879003405571,0.04902916934341192
1401,0.047529034316539764,0.04901395209133625
1402,0.048383377492427826,0.049004227817058564
1403,0.048984553664922714,0.04898745365440846
1404,0.047954462468624115,0.04896327503025532
1405,0.04805254563689232,0.04894709449261427
1406,0.04722615331411362,0.04892614301294088
1407,0.04676822945475578,0.04890267461538315
1408,0.04755384102463722,0.048886763043701646
1409,0.04839881509542465,0.04887049101293087
1410,0.048451200127601624,0.048841141983866694
1411,0.04752175509929657,0.04882183913141489
1412,0.04885974898934364,0.04881682872772217
1413,0.047678008675575256,0.04879675820469856
1414,0.0488533154129982,0.048788395226001736
1415,0.04816688597202301,0.04877598650753498
1416,0.04799329861998558,0.048760141097009185
1417,0.04701382294297218,0.04873382281512022
1418,0.04763254523277283,0.04870916102081537
1419,0.04824269935488701,0.04869581766426563
1420,0.047390032559633255,0.048662873096764085
1421,0.047405533492565155,0.0486441620066762
1422,0.04746973514556885,0.0486166488006711
1423,0.048125751316547394,0.04859483662992716
1424,0.04819066449999809,0.04857743881642818
1425,0.048484139144420624,0.0485630214586854
1426,0.048799850046634674,0.048561218194663525
1427,0.047255732119083405,0.04855184208601713
1428,0.04769868776202202,0.04853172671049833
1429,0.04760980233550072,0.04852003000676632
1430,0.047844961285591125,0.04849432960152626
1431,0.048062942922115326,0.048480640426278115
1432,0.04618582874536514,0.04844551365822554
1433,0.046832673251628876,0.048416808694601056
1434,0.04824918508529663,0.04841375306248665
1435,0.0474507138133049,0.048382937014102935
1436,0.048491865396499634,0.04838228654116392
1437,0.04784788191318512,0.04837643057107925
1438,0.04776911064982414,0.04836354292929172
1439,0.04790264368057251,0.048353745751082894
1440,0.0466938242316246,0.048331503085792066
1441,0.04765812307596207,0.04832266088575125
1442,0.04701603949069977,0.04829997882246971
1443,0.04743567109107971,0.04828622862696648
1444,0.04725777357816696,0.048265393376350406
1445,0.047950200736522675,0.04824514780193567
1446,0.04695910960435867,0.04821348767727614
1447,0.04711516574025154,0.04819328580051661
1448,0.047041378915309906,0.04817056197673082
1449,0.048575423657894135,0.048163600228726865
1450,0.04675322398543358,0.048143189623951914
1451,0.04754818230867386,0.048133270367980006
1452,0.047758374363183975,0.04812692191451788
1453,0.04655510559678078,0.04809407345950603
1454,0.046215176582336426,0.04806523121893406
1455,0.04626407474279404,0.04803688377141953
1456,0.047607120126485825,0.04801571723073721
1457,0.04761075973510742,0.0479995022341609
1458,0.04770050197839737,0.047982158847153185
1459,0.04738105833530426,0.04796523328870535
1460,0.04730001837015152,0.04794206257909536
1461,0.04779411852359772,0.04793586280196905
1462,0.04639647901058197,0.047920986525714394
1463,0.046269629150629044,0.04789310373365879
1464,0.04672413319349289,0.04786672066897154
1465,0.04758462309837341,0.04785069599747658
1466,0.047021251171827316,0.04784043315798044
1467,0.04772480949759483,0.047832086160779
1468,0.047117285430431366,0.047819357514381405
1469,0.04717172682285309,0.04780568890273571
1470,0.047453854233026505,0.04778911411762238
1471,0.04722270369529724,0.04778062365949154
1472,0.04678991436958313,0.04775517530739307
1473,0.04645002260804176,0.047744102478027343
1474,0.046158768236637115,0.04771654106676579
1475,0.04623580724000931,0.0477013909816742
1476,0.04670193791389465,0.047680800557136534
1477,0.04716291278600693,0.0476752282679081
1478,0.046409495174884796,0.04765122145414352
1479,0.045959994196891785,0.04761765740811825
1480,0.046530961990356445,0.04759946946054697
1481,0.04588161036372185,0.047571736574172976
1482,0.04548824951052666,0.04754441257566214
1483,0.04686139523983002,0.04752882856875658
1484,0.046925872564315796,0.04751871835440397
1485,0.047669343650341034,0.04751536622643471
1486,0.046451419591903687,0.047495503537356855
1487,0.047049641609191895,0.047487585470080376
1488,0.046224918216466904,0.047463101632893086
1489,0.0462910458445549,0.04743328928947449
1490,0.04623716324567795,0.04739935763180256
1491,0.04666048660874367,0.04738409265875816
1492,0.047563858330249786,0.04738203175365925
1493,0.0457327663898468,0.04735931858420372
1494,0.04610632359981537,0.04734427653253079
1495,0.046694107353687286,0.0473384016007185
1496,0.04668653756380081,0.04731352787464857
1497,0.04688908904790878,0.047312521822750565
1498,0.04654139652848244,0.0472916030883789
1499,0.046348266303539276,0.04727000154554844
1500,0.046247005462646484,0.04726159259676933
1501,0.046587079763412476,0.04725217305123806
1502,0.045964039862155914,0.04722797967493534
1503,0.04677145928144455,0.04720584873110056
1504,0.04694411903619766,0.047195745296776295
1505,0.047659605741500854,0.04719181589782238
1506,0.04600262641906738,0.04717958062887192
1507,0.04628400504589081,0.04717473838478327
1508,0.04621656611561775,0.04716136563569307
1509,0.04707324132323265,0.047148109897971156
1510,0.047036875039339066,0.04713396664708853
1511,0.04604066163301468,0.04711915571242571
1512,0.046719688922166824,0.04709775511175394
1513,0.045847248286008835,0.04707944750785828
1514,0.046164371073246,0.04705255806446076
1515,0.04687431827187538,0.04703963238745928
1516,0.04603064805269241,0.04702000588178635
1517,0.04553065076470375,0.04700517416000366
1518,0.04743320122361183,0.04700318071991205
1519,0.04669199883937836,0.04698767371475696
1520,0.046574801206588745,0.04697952140122652
1521,0.046045176684856415,0.046965917833149434
1522,0.04619224742054939,0.04695314295589924
1523,0.04626527801156044,0.04693453822284937
1524,0.046494536101818085,0.04691757693886757
1525,0.046375665813684464,0.046896492205560206
1526,0.04648621007800102,0.04687335580587387
1527,0.04731280356645584,0.046873926520347595
1528,0.046457689255476,0.04686151653528214
1529,0.046375636011362076,0.046849174872040746
1530,0.0470883846282959,0.046841609105467794
1531,0.04591716080904007,0.046820151284337044
1532,0.04658330976963043,0.0468241260945797
1533,0.04563319683074951,0.046812131330370904
1534,0.047343846410512924,0.04680307794362307
1535,0.04634504020214081,0.04679202120751143
1536,0.04646945744752884,0.046771797128021715
1537,0.045182663947343826,0.04674514494836331
1538,0.0470309853553772,0.046737763695418835
1539,0.04582720249891281,0.046717009283602236
1540,0.046337030827999115,0.04671344134956598
1541,0.04691775515675545,0.046706037670373915
1542,0.04528551548719406,0.04668873243033886
1543,0.04645445942878723,0.046678920313715934
1544,0.047327350825071335,0.046679616086184976
1545,0.04537111148238182,0.04665382519364357
1546,0.046688877046108246,0.046651122868061064
1547,0.045068614184856415,0.04663065735250711
1548,0.04654007405042648,0.04662564430385828
1549,0.04527827352285385,0.046592672802507874
1550,0.04604564607143402,0.04658559702336788
1551,0.04633869603276253,0.046573502160608765
1552,0.04611658304929733,0.046557084247469904
1553,0.04609920084476471,0.04655252519994974
1554,0.04511947184801102,0.04654156815260649
1555,0.04450466111302376,0.04652397401630878
1556,0.0459740124642849,0.046507642939686775
1557,0.04467377811670303,0.04647827312350273
1558,0.04645361378788948,0.04646580424159765
1559,0.04517177492380142,0.04644371140748262
1560,0.04563901573419571,0.04642710138112307
1561,0.04593898728489876,0.04640855006873608
1562,0.045742619782686234,0.04640201147645712
1563,0.04509071260690689,0.0463902223110199
1564,0.04604656994342804,0.04638344667851925
1565,0.04573537036776543,0.04636495415121317
1566,0.04621467366814613,0.04635688837617636
1567,0.046147607266902924,0.046341116353869435
1568,0.04521449655294418,0.046322088465094564
1569,0.045725017786026,0.0463076213747263
1570,0.04496012628078461,0.04628268409520388
1571,0.0449863076210022,0.04626032013446093
1572,0.04542073607444763,0.04624662835150957
1573,0.04504401609301567,0.04623256828635931
1574,0.04496593028306961,0.04622063990682364
1575,0.04584650695323944,0.046216746903955934
1576,0.045886363834142685,0.04620859116315842
1577,0.04530709236860275,0.04619003295898438
1578,0.044199902564287186,0.0461679370328784
1579,0.04542498290538788,0.04616258691996336
1580,0.0460323765873909,0.0461576010659337
1581,0.04637615382671356,0.046162546500563624
1582,0.045693740248680115,0.046164601407945156
1583,0.045292146503925323,0.04614890892058611
1584,0.045652180910110474,0.04613617200404405
1585,0.045316264033317566,0.04611264120787382
1586,0.045505691319704056,0.04610318392515182
1587,0.04506072402000427,0.04608329474925995
1588,0.04469927400350571,0.046068038307130334
1589,0.04427142068743706,0.04604784205555916
1590,0.04547647386789322,0.04604023516178131
1591,0.04587903246283531,0.04603242062032223
1592,0.04572179168462753,0.04601399995386601
1593,0.045242518186569214,0.04600909747183323
1594,0.04482097178697586,0.045996243953704836
1595,0.04563228785991669,0.04598562575876713
1596,0.04519698768854141,0.04597073026001453
1597,0.045370377600193024,0.045955543145537375
1598,0.04532434791326523,0.0459433726593852
1599,0.04458719491958618,0.04592576194554567
1600,0.04548263922333717,0.04591811828315258
1601,0.04549891874194145,0.04590723667293787
1602,0.04451754316687584,0.04589277170598507
1603,0.0442521907389164,0.04586757902055979
1604,0.045776642858982086,0.04585590425878763
1605,0.046088557690382004,0.045840193778276445
1606,0.04496891051530838,0.04582985661923886
1607,0.0445343516767025,0.04581236008554697
1608,0.044771675020456314,0.045797911174595356
1609,0.04443877935409546,0.045771566554903984
1610,0.04457532614469528,0.045746951065957546
1611,0.04577275738120079,0.045744272023439406
1612,0.044770460575819016,0.04572477973997593
1613,0.04487254470586777,0.04571503270417452
1614,0.04483616352081299,0.04570175062865019
1615,0.04502416402101517,0.04568324908614159
1616,0.04451754316687584,0.04566811803728342
1617,0.044730495661497116,0.04566011648625135
1618,0.044527217745780945,0.045631056651473045
1619,0.04404550790786743,0.04560459174215794
1620,0.046550825238227844,0.045604351982474325
1621,0.04457879066467285,0.045589688122272494
1622,0.044257503002882004,0.045570340678095816
1623,0.045073047280311584,0.04555841837078333
1624,0.04443550482392311,0.04553782805800438
1625,0.04447564482688904,0.04551882784813643
1626,0.04534029960632324,0.045507368743419645
1627,0.04547514021396637,0.04548899210989475
1628,0.043802112340927124,0.045462436340749264
1629,0.045126449316740036,0.045449944473803044
1630,0.045034751296043396,0.04542940814048052
1631,0.04362060874700546,0.045406442619860175
1632,0.04425167292356491,0.045383126251399515
1633,0.04569718986749649,0.04538376618176699
1634,0.0448901429772377,0.04535922914743423
1635,0.04428837075829506,0.045338662452995775
1636,0.04543060064315796,0.045328273884952065
1637,0.044558510184288025,0.04532203234732151
1638,0.04522838816046715,0.04530400637537241
1639,0.04457096755504608,0.04529144402593374
1640,0.044562194496393204,0.045273695662617686
1641,0.04459565505385399,0.04525047466158867
1642,0.0455448292195797,0.04525306779891253
1643,0.04434332251548767,0.04523195642977953
1644,0.04504510015249252,0.04520913392305374
1645,0.04581432789564133,0.04521356608718634
1646,0.04432150721549988,0.04518989238888025
1647,0.04436087608337402,0.04518281500786543
1648,0.04462626576423645,0.04516367692500353
1649,0.044325459748506546,0.045154148787260054
1650,0.044090840965509415,0.04513460073620081
1651,0.04442032054066658,0.04511541698127985
1652,0.04467823728919029,0.04510103352367878
1653,0.04352714121341705,0.0450753129273653
1654,0.04490109533071518,0.045073129162192346
1655,0.04450496286153793,0.04507313217967748
1656,0.04401938617229462,0.04505358591675759
1657,0.04472745954990387,0.045054122731089594
1658,0.04445315897464752,0.045034118182957175
1659,0.04423306882381439,0.045024731121957304
1660,0.04452311992645264,0.04501357216387987
1661,0.04442300647497177,0.0449984123557806
1662,0.04451422393321991,0.04498612839728594
1663,0.04465067386627197,0.04498172800987959
1664,0.04471173882484436,0.04496837969869375
1665,0.04465261846780777,0.044957552179694174
1666,0.04546726495027542,0.04495007809251547
1667,0.04410678893327713,0.04492966990917921
1668,0.04447884485125542,0.04492231339216232
1669,0.042868781834840775,0.04489375103265047
1670,0.044276654720306396,0.04488691631704569
1671,0.04367400333285332,0.0448737932741642
1672,0.04434589296579361,0.04486304484307766
1673,0.044346120208501816,0.04485606588423252
1674,0.04463770240545273,0.04485278360545635
1675,0.044244520366191864,0.04483676373958587
1676,0.043582797050476074,0.04481372807174921
1677,0.04387994110584259,0.04479945655912161
1678,0.04513584077358246,0.04480881594121456
1679,0.043189387768507004,0.044786459989845755
1680,0.04351656883955002,0.044761301912367345
1681,0.04414261877536774,0.04473896656185389
1682,0.04324239492416382,0.04471445310860872
1683,0.043881554156541824,0.04470034718513489
1684,0.04478650540113449,0.04469169043004513
1685,0.04464873671531677,0.04468501515686512
1686,0.044366803020238876,0.04467362627387047
1687,0.044294875115156174,0.044665967784821986
1688,0.04397611320018768,0.04465873617678881
1689,0.04406365752220154,0.04465665854513645
1690,0.043579064309597015,0.04463768444955349
1691,0.044040802866220474,0.044619302153587344
1692,0.04410126805305481,0.044603096917271615
1693,0.04473095014691353,0.044597981236875056
1694,0.04415310546755791,0.04459130257368088
1695,0.043550051748752594,0.044570480212569236
1696,0.04353736713528633,0.044553884007036686
1697,0.043932877480983734,0.044539509005844594
1698,0.043672215193510056,0.04452298767864704
1699,0.04388641566038132,0.04451597988605499
1700,0.044362448155879974,0.04450477797538042
1701,0.04298122599720955,0.0444796010479331
1702,0.04366568475961685,0.044471082463860515
1703,0.04423341155052185,0.04447089467197657
1704,0.04370802640914917,0.04445020850747824
1705,0.044151969254016876,0.044430842623114586
1706,0.04415053129196167,0.04442265883088112
1707,0.04302246868610382,0.04440754000097513
1708,0.04386133700609207,0.04439843662083149
1709,0.0440157875418663,0.044394206702709195
1710,0.043546587228775024,0.04438391931354999
1711,0.04377959668636322,0.04436398770660162
1712,0.044931795448064804,0.044365601055324076
1713,0.04385020583868027,0.0443553776666522
1714,0.043890222907066345,0.04434591826051473
1715,0.042557425796985626,0.04432125087827444
1716,0.04218323901295662,0.04429790783673525
1717,0.04422730952501297,0.044292875975370405
1718,0.04469380900263786,0.04429454188793898
1719,0.04332674294710159,0.04428735423833132
1720,0.04333595186471939,0.04425520550459623
1721,0.04304051771759987,0.044239822775125504
1722,0.04374928027391434,0.04423474054783583
1723,0.043378766626119614,0.044217797741293904
1724,0.0426386296749115,0.04419982898980379
1725,0.04375923424959183,0.04419266488403082
1726,0.04397544264793396,0.04417901631444693
1727,0.043628156185150146,0.04416054647415876
1728,0.043120644986629486,0.04415373180061579
1729,0.04371181130409241,0.04413958542048931
1730,0.043537870049476624,0.044124616608023644
1731,0.04358278959989548,0.044124238416552546
1732,0.043571874499320984,0.044117440432310105
1733,0.04450329393148422,0.04410550147294998
1734,0.043885741382837296,0.04409545745700598
1735,0.043643370270729065,0.04408900745213032
1736,0.04422274976968765,0.04407692894339561
1737,0.04382637143135071,0.04406960755586624
1738,0.04420357942581177,0.04405935946851969
1739,0.04384932667016983,0.04405214305967092
1740,0.04377219080924988,0.044044243022799495
1741,0.0427461713552475,0.044025748185813424
1742,0.0429563894867897,0.04399986378848553
1743,0.043823111802339554,0.04399466168135405
1744,0.04304690286517143,0.04397467970848083
1745,0.04308917373418808,0.0439474281668663
1746,0.04366954416036606,0.043940908536314965
1747,0.043344877660274506,0.04393074855208397
1748,0.0431627482175827,0.04391611337661743
1749,0.0435197651386261,0.04390805643051863
1750,0.04393633455038071,0.04390651136636734
1751,0.04327624663710594,0.043895070627331736
1752,0.04362564906477928,0.04388454474508762
1753,0.043692462146282196,0.04388619795441628
1754,0.04281545430421829,0.04386534154415131
1755,0.042868517339229584,0.04384897708892822
1756,0.04347077012062073,0.043843490928411485
1757,0.042990781366825104,0.04382612414658069
1758,0.043040379881858826,0.04381199635565281
1759,0.043149396777153015,0.043801159635186195
1760,0.043059106916189194,0.04378651950508356
1761,0.04307476058602333,0.04377303704619408
1762,0.043339282274246216,0.04376128762960434
1763,0.04412706941366196,0.04375605158507824
1764,0.042796675115823746,0.04373690094798803
1765,0.04303396865725517,0.04372071444988251
1766,0.04179324954748154,0.04368397429585457
1767,0.04263525456190109,0.043669258952140806
1768,0.04277049005031586,0.04365217540413141
1769,0.04349943995475769,0.04365848198533058
1770,0.043097466230392456,0.04364669010043144
1771,0.04205704480409622,0.04363052051514387
1772,0.04367752745747566,0.04362383686006069
1773,0.04250936955213547,0.04360546935349703
1774,0.04305172711610794,0.04358960960060358
1775,0.04268743470311165,0.04357403874397278
1776,0.043093517422676086,0.04356914594769478
1777,0.04230233281850815,0.04355336986482143
1778,0.042605675756931305,0.04352806821465492
1779,0.04283152148127556,0.043524489551782605
1780,0.04295937716960907,0.0435189176350832
1781,0.04303428530693054,0.043507834300398826
1782,0.043211326003074646,0.04350752361118793
1783,0.04307778179645538,0.04349948588758707
1784,0.04371336102485657,0.043488754443824294
1785,0.04267168045043945,0.04346898388117552
1786,0.042872462421655655,0.043454040475189686
1787,0.04280346632003784,0.0434391263872385
1788,0.04300910234451294,0.043429456278681756
1789,0.043300528079271317,0.043421824984252455
1790,0.04254971444606781,0.04341153148561716
1791,0.04206839203834534,0.04339180737733841
1792,0.04318227991461754,0.04338261749595404
1793,0.04319990053772926,0.043367306999862194
1794,0.04307858273386955,0.04335656177252531
1795,0.04246758669614792,0.04334573712199927
1796,0.04404637962579727,0.04335082724690437
1797,0.042385511100292206,0.04333535358309746
1798,0.042501050978899,0.04332364194095135
1799,0.04335097223520279,0.04331828750669956
1800,0.04241885244846344,0.0432988515496254
1801,0.04289444535970688,0.04329798374325037
1802,0.04170107841491699,0.04327833767980337
1803,0.042353853583335876,0.04325954210013151
1804,0.04233846440911293,0.04324584648013115
1805,0.04159335792064667,0.04322026036679745
1806,0.04165109992027283,0.04319526605308056
1807,0.04204000532627106,0.04318544141948223
1808,0.04338614642620087,0.04318068951368332
1809,0.04218011349439621,0.04316233277320862
1810,0.043077901005744934,0.043157645910978315
1811,0.04306533932685852,0.04315050333738327
1812,0.04294933006167412,0.043130678683519365
1813,0.04296671599149704,0.043121843785047534
1814,0.042611971497535706,0.04310906127095222
1815,0.043079640716314316,0.04311428342014551
1816,0.04244294762611389,0.043116880506277086
1817,0.0433976948261261,0.043108584359288216
1818,0.04148650914430618,0.0430765113607049
1819,0.04259990528225899,0.043069242984056476
1820,0.042404159903526306,0.04305992506444454
1821,0.04281367361545563,0.0430576566234231
1822,0.04299663007259369,0.043050130121409895
1823,0.04248817265033722,0.04304122418165207
1824,0.04148209095001221,0.043029658794403076
1825,0.04120677709579468,0.04300413422286511
1826,0.04223787039518356,0.0429867585003376
1827,0.04305405914783478,0.042981017529964444
1828,0.04251078888773918,0.042974918968975546
1829,0.042596593499183655,0.04296376679092646
1830,0.042286910116672516,0.04295125719159842
1831,0.042410872876644135,0.042939538024365904
1832,0.04226796329021454,0.04292649891227484
1833,0.04226911440491676,0.042904157117009165
1834,0.043034590780735016,0.04289564561098814
1835,0.04208696633577347,0.042880081571638584
1836,0.043025724589824677,0.042868111319839954
1837,0.04251113906502724,0.04285495899617672
1838,0.04242999106645584,0.04283722311258316
1839,0.04205603152513504,0.04281929016113281
1840,0.04168783873319626,0.04279844664037227
1841,0.04271579533815384,0.04279814288020134
1842,0.042571596801280975,0.04279429495334625
1843,0.04226110130548477,0.042778674848377704
1844,0.042718883603811264,0.042775394655764104
1845,0.04211156442761421,0.042765618562698365
1846,0.041578251868486404,0.04274470563977957
1847,0.041819892823696136,0.04272945579141378
1848,0.04228094965219498,0.04272063780575991
1849,0.04394993185997009,0.042724939472973344
1850,0.041703544557094574,0.042702611573040485
1851,0.04175911098718643,0.04268744021654129
1852,0.04228311777114868,0.042674014903604986
1853,0.04216250032186508,0.04265871528536081
1854,0.041770465672016144,0.04264826539903879
1855,0.042622990906238556,0.04264581013470888
1856,0.04188511520624161,0.04262995358556509
1857,0.04224732145667076,0.04262251898646355
1858,0.04225633293390274,0.042614678516983986
1859,0.04157678037881851,0.04259895235300064
1860,0.04125317931175232,0.04258089307695627
1861,0.04220537841320038,0.042572199255228045
1862,0.042372461408376694,0.042562531046569346
1863,0.04302649945020676,0.04255152534693479
1864,0.04198127239942551,0.04254337131977081
1865,0.04253273084759712,0.04253835894167423
1866,0.042111851274967194,0.04254154495894909
1867,0.04171862080693245,0.0425323786213994
1868,0.041765645146369934,0.04252233017235994
1869,0.041946690529584885,0.04250680267810822
1870,0.0417427122592926,0.04249325513839722
1871,0.041411563754081726,0.04248680032789707
1872,0.04268759489059448,0.04247690100222826
1873,0.042778052389621735,0.04247958783060312
1874,0.04156588762998581,0.0424647294357419
1875,0.040822237730026245,0.04244607746601105
1876,0.04198867827653885,0.04243502907454968
1877,0.042389165610075,0.042435897402465346
1878,0.04036090895533562,0.04241344973444939
1879,0.04197206348180771,0.04240485515445471
1880,0.04302229732275009,0.042405484355986116
1881,0.041544657200574875,0.04239058807492256
1882,0.041736070066690445,0.04237583551555872
1883,0.04218740016222,0.04236693169921637
1884,0.04190961271524429,0.042348894216120245
1885,0.04193885624408722,0.04234156597405672
1886,0.04205872118473053,0.04233342856168747
1887,0.04233643412590027,0.04232875823974609
1888,0.04145704209804535,0.04231323763728142
1889,0.041225284337997437,0.04229248519986868
1890,0.04185689985752106,0.04228555705398321
1891,0.04202599823474884,0.04228513311594725
1892,0.04183937609195709,0.04227170407772064
1893,0.04152940213680267,0.04225499909371137
1894,0.04097367078065872,0.042233949974179265
1895,0.04268132895231247,0.042236087396740916
1896,0.04133762791752815,0.042208999879658225
1897,0.042046964168548584,0.042205614410340785
1898,0.04092192277312279,0.042189823128283024
1899,0.04134076088666916,0.042169721014797684
1900,0.04156867414712906,0.04216121923178434
1901,0.04089603200554848,0.04214123509824276
1902,0.04185033589601517,0.04214272767305374
1903,0.0408778116106987,0.04212796725332737
1904,0.04215715080499649,0.04212615411728621
1905,0.041661761701107025,0.04212683815509081
1906,0.04178985208272934,0.042128225676715376
1907,0.04143306612968445,0.04212215628474951
1908,0.041553694754838943,0.042103831768035886
1909,0.041446905583143234,0.04209649968892336
1910,0.041729867458343506,0.042083019353449345
1911,0.04109671711921692,0.04206333313137293
1912,0.04263657331466675,0.04206020556390286
1913,0.04213710129261017,0.04205190941691399
1914,0.041336022317409515,0.04203914992511273
1915,0.041342608630657196,0.042021779604256154
1916,0.041930586099624634,0.042016655988991264
1917,0.04090288281440735,0.04199170786887407
1918,0.04181239753961563,0.04199496675282717
1919,0.04137827455997467,0.041982750445604324
1920,0.041152484714984894,0.04197023369371891
1921,0.04128442704677582,0.04195494122803211
1922,0.041982028633356094,0.04194479521363974
1923,0.041153714060783386,0.0419314506277442
1924,0.04104895144701004,0.04192711923271417
1925,0.04105726629495621,0.04192562412470579
1926,0.04183344170451164,0.041921579837799074
1927,0.04111044853925705,0.0419021437317133
1928,0.04116695746779442,0.04188870541751385
1929,0.04084606468677521,0.04187120012938976
1930,0.04107360169291496,0.04185906704515219
1931,0.04134892299771309,0.041848447546362876
1932,0.04028702527284622,0.041828638166189196
1933,0.041805583983659744,0.04182400286197662
1934,0.04011469706892967,0.04179480392485857
1935,0.04121898114681244,0.04178612407296896
1936,0.04114030674099922,0.04176726989448071
1937,0.040409304201602936,0.04174625154584646
1938,0.04191260784864426,0.04174107771366835
1939,0.04175567999482155,0.04173807419836521
1940,0.041327279061079025,0.04173446860164404
1941,0.040164217352867126,0.04170895282179117
1942,0.04121821001172066,0.04169541895389557
1943,0.04121217876672745,0.04168492972850799
1944,0.04037919268012047,0.04166153281927109
1945,0.041744962334632874,0.04165786679834128
1946,0.04178796336054802,0.04165996391326189
1947,0.04167782515287399,0.04165854323655367
1948,0.040478553622961044,0.04164051927626133
1949,0.0417584665119648,0.041618604622781274
1950,0.04149556905031204,0.04161652486771345
1951,0.040440965443849564,0.041603343412280086
1952,0.04187021031975746,0.04159921433776617
1953,0.041328348219394684,0.04159087281674147
1954,0.04206801578402519,0.04159384831786156
1955,0.039572823792696,0.04156334664672613
1956,0.04098472744226456,0.04155434276908636
1957,0.04117877036333084,0.04154365725815296
1958,0.04157629981637001,0.04153685692697764
1959,0.04167819768190384,0.041537871100008485
1960,0.04018811136484146,0.04152722042053938
1961,0.042530275881290436,0.04153046939522028
1962,0.040936000645160675,0.04151610478758812
1963,0.040888696908950806,0.04149472676217556
1964,0.040247440338134766,0.04147738844156265
1965,0.04186291992664337,0.041470690332353115
1966,0.04076651856303215,0.041457237005233766
1967,0.04095835983753204,0.04144963439553976
1968,0.041458871215581894,0.04144656665623188
1969,0.041461654007434845,0.04144171629101038
1970,0.04049251973628998,0.041429214365780356
1971,0.041146062314510345,0.04142655935138464
1972,0.04089685529470444,0.041408651955425736
1973,0.04023008793592453,0.04138317231088877
1974,0.04030872508883476,0.04137060068547726
1975,0.04024968296289444,0.041364875137805936
1976,0.040459513664245605,0.04134958349168301
1977,0.04020523652434349,0.04132774420082569
1978,0.04067988693714142,0.04133093398064375
1979,0.040647100657224655,0.04131768435239792
1980,0.03995111957192421,0.04128697257488966
1981,0.040849052369594574,0.04128001652657986
1982,0.0405597984790802,0.04126825381070375
1983,0.04082810878753662,0.041254660896956924
1984,0.041098423302173615,0.04124654900282621
1985,0.04071753844618797,0.04123433582484722
1986,0.04008271545171738,0.04121457576751709
1987,0.04077577218413353,0.041198969148099424
1988,0.04072047397494316,0.0411916034668684
1989,0.04033384844660759,0.0411826891079545
1990,0.04068216681480408,0.04117094177752733
1991,0.0405505895614624,0.04115618769079447
1992,0.04026428610086441,0.04114043679088354
1993,0.040041010826826096,0.04112555287778377
1994,0.03941945731639862,0.041110010743141176
1995,0.04101629555225372,0.041093360409140585
1996,0.04016149044036865,0.04108159903436899
1997,0.04095000773668289,0.041070629470050336
1998,0.0422724187374115,0.04108413442969322
1999,0.040753837674856186,0.04107826519757509
2000,0.040759723633527756,0.04107017569243908
2001,0.041122615337371826,0.041072441525757314
2002,0.04030793160200119,0.041057017482817176
2003,0.041465140879154205,0.04106289077550173
2004,0.04082842916250229,0.04104960355907679
2005,0.04049287736415863,0.0410379147157073
2006,0.04281036555767059,0.04104811985045671
2007,0.040750652551651,0.04104129571467638
2008,0.039972588419914246,0.04102548465132713
2009,0.0402098223567009,0.04101311381906271
2010,0.040691208094358444,0.04100272722542286
2011,0.040292203426361084,0.0409946820884943
2012,0.03996909782290459,0.04096800733357668
2013,0.04021575301885605,0.04094879385083914
2014,0.04054684937000275,0.04094090212136507
2015,0.04046669602394104,0.04093214299529791
2016,0.040115728974342346,0.040913994424045086
2017,0.040746964514255524,0.04091243524104357
2018,0.040351297706365585,0.040897824242711066
2019,0.039125315845012665,0.040875294655561445
2020,0.039789825677871704,0.040861668065190315
2021,0.039301298558712006,0.04084183678030968
2022,0.04056432843208313,0.04082765977829695
2023,0.040288425981998444,0.0408190068975091
2024,0.03950623795390129,0.04080357976257801
2025,0.040008652955293655,0.04079309362918138
2026,0.03976389765739441,0.040772398188710215
2027,0.040481336414813995,0.04076610706746578
2028,0.04065395146608353,0.04076097700744867
2029,0.03997066617012024,0.040752223022282125
2030,0.039661962538957596,0.04073810663074255
2031,0.03979048877954483,0.04072252228856087
2032,0.04024798795580864,0.040722131915390494
2033,0.03990090265870094,0.04070308510214091
2034,0.041871942579746246,0.04072065755724907
2035,0.03995746374130249,0.04070804238319397
2036,0.03974102437496185,0.040694049559533596
2037,0.03960516303777695,0.04068600814789534
2038,0.04004739224910736,0.04066735599189997
2039,0.03868201747536659,0.040636619366705415
2040,0.040399521589279175,0.04062734179198742
2041,0.040220633149147034,0.04062790594995022
2042,0.04063747078180313,0.040622098557651046
2043,0.039240315556526184,0.04060237992554903
2044,0.03998175263404846,0.04059840552508831
2045,0.0403335839509964,0.04058429174125194
2046,0.04021883010864258,0.04056860040873289
2047,0.040420643985271454,0.04055602859705686
2048,0.04036940634250641,0.040554937124252316
2049,0.04030055180191994,0.04054035797715187
2050,0.04065415635704994,0.04053194385021925
2051,0.04104830324649811,0.04053801722824574
2052,0.04035123437643051,0.040522827468812465
2053,0.0398717001080513,0.04050826098769903
2054,0.039767101407051086,0.04048525184392929
2055,0.040631718933582306,0.040495840795338155
2056,0.039991021156311035,0.040485903732478616
2057,0.04005694389343262,0.04047468546777964
2058,0.040653474628925323,0.04046545721590519
2059,0.03886770084500313,0.04043735224753618
2060,0.038813550025224686,0.04042360663414001
2061,0.03895637392997742,0.040387867614626885
2062,0.04005669802427292,0.04037907458841801
2063,0.0397954061627388,0.040368141680955885
2064,0.03936116769909859,0.04035927895456552
2065,0.040583573281764984,0.04034648548811674
2066,0.04004303365945816,0.040339250639081004
2067,0.0394449383020401,0.04032411642372608
2068,0.039431244134902954,0.040303840152919296
2069,0.03989022597670555,0.040288125872612
2070,0.039428550750017166,0.04027748618274927
2071,0.03978075087070465,0.04026383306831122
2072,0.040181659162044525,0.04025668110698462
2073,0.039467692375183105,0.0402490571513772
2074,0.0394212007522583,0.04024018190801144
2075,0.04009317606687546,0.04023861683905125
2076,0.040530044585466385,0.04023932214826345
2077,0.04002203792333603,0.04023749016225338
2078,0.039393581449985504,0.04022462710738182
2079,0.03953083977103233,0.040213464498519896
2080,0.04003332555294037,0.04021428655833006
2081,0.04009716212749481,0.04020676765590906
2082,0.038551103323698044,0.04018668070435524
2083,0.03980790078639984,0.04017647862434387
2084,0.039475683122873306,0.04016025122255087
2085,0.0395214706659317,0.040148290544748305
2086,0.03938168287277222,0.04014128021895885
2087,0.04067954793572426,0.040140317976474764
2088,0.03988197445869446,0.04013193298131228
2089,0.04008030518889427,0.040129397548735145
2090,0.04055151343345642,0.040128091014921666
2091,0.039310745894908905,0.04011569257825613
2092,0.03836165741086006,0.04009666629135609
2093,0.038764797151088715,0.04008390415459871
2094,0.03946952149271965,0.040084404796361925
2095,0.03971954807639122,0.0400714373216033
2096,0.03967679291963577,0.04006659034639597
2097,0.0389159694314003,0.04004624996334314
2098,0.0398174487054348,0.040021700263023374
2099,0.039945028722286224,0.04001361217349768
2100,0.039811767637729645,0.040004132613539696
2101,0.0396999716758728,0.0399899061769247
2102,0.039239365607500076,0.03997922051697969
2103,0.04060746729373932,0.039970643781125546
2104,0.039489664137363434,0.039957256130874155
2105,0.03968079388141632,0.03994913529604673
2106,0.04018520563840866,0.039922883696854115
2107,0.03925760090351105,0.03990795318037271
2108,0.03932780772447586,0.03990150537341833
2109,0.03952052444219589,0.039894612394273284
2110,0.039946556091308594,0.039887165874242785
2111,0.03956127166748047,0.03987985655665398
2112,0.039315834641456604,0.0398733239248395
2113,0.039302073419094086,0.03986418712884188
2114,0.03923600912094116,0.03985107872635126
2115,0.03863353654742241,0.03983274713158608
2116,0.039417050778865814,0.03982576034963131
2117,0.03961576893925667,0.03981444839388132
2118,0.03946160525083542,0.03980555146932602
2119,0.039467886090278625,0.03980897717177868
2120,0.03948473185300827,0.03980592623353005
2121,0.03977452218532562,0.03981065846979618
2122,0.03905476629734039,0.039795562848448755
2123,0.03976098448038101,0.03979028843343258
2124,0.039955925196409225,0.03979478530585766
2125,0.03976009041070938,0.03979229968041181
2126,0.03814740851521492,0.039776134788990024
2127,0.038644157350063324,0.039757762998342515
2128,0.039402857422828674,0.03974525205790996
2129,0.03869965299963951,0.03973254192620516
2130,0.03999621793627739,0.039735884480178355
2131,0.038136303424835205,0.03971934262663126
2132,0.03908618167042732,0.03970772456377745
2133,0.039397578686475754,0.0397026913240552
2134,0.03930441290140152,0.03967701602727175
2135,0.038824327290058136,0.039665684662759305
2136,0.03886114060878754,0.03965688582509756
2137,0.03908287733793259,0.03965166296809912
2138,0.039122626185417175,0.039642415307462216
2139,0.03919839859008789,0.03964757911860943
2140,0.03889322280883789,0.03963251613080501
2141,0.03943334147334099,0.039624643214046955
2142,0.038316331803798676,0.03960143182426691
2143,0.0383397713303566,0.03959242638200521
2144,0.03808291256427765,0.039573437981307504
2145,0.039813823997974396,0.03956824038177729
2146,0.038578156381845474,0.039551833644509315
2147,0.03938242048025131,0.03954145140945911
2148,0.03874095529317856,0.03952516689896583
2149,0.0375661700963974,0.03949782308191061
2150,0.0386863574385643,0.03947814509272576
2151,0.03813851624727249,0.0394490472227335
2152,0.038684457540512085,0.03943237945437431
2153,0.039050694555044174,0.039424169398844244
2154,0.03787987306714058,0.03940529711544514
2155,0.038197651505470276,0.03938095644116402
2156,0.03783586621284485,0.03935940489172936
2157,0.039102066308259964,0.03934985611587763
2158,0.038003548979759216,0.03932335685938597
2159,0.03826318681240082,0.039317311719059944
2160,0.03826408460736275,0.03931181706488132
2161,0.03809751197695732,0.03930322844535113
2162,0.037585437297821045,0.03927851583808661
2163,0.03851659968495369,0.03926572777330875
2164,0.037680163979530334,0.039248917736113074
2165,0.037965431809425354,0.03922273632138967
2166,0.03794523701071739,0.03920175835490227
2167,0.03760599344968796,0.039183368906378746
2168,0.038171473890542984,0.03917077120393515
2169,0.03759324923157692,0.03914780143648386
2170,0.03816713020205498,0.03913518723100424
2171,0.037872765213251114,0.0391161073744297
2172,0.038325436413288116,0.039097545146942136
2173,0.03783430904150009,0.039081211313605306
2174,0.03705601021647453,0.03905755940824747
2175,0.03728795051574707,0.03902950715273619
2176,0.037395477294921875,0.03899816147983074
2177,0.03797658532857895,0.03897770695388317
2178,0.03826452046632767,0.038966416344046594
2179,0.037988755851984024,0.03895099550485611
2180,0.037794329226017,0.03892860554158688
2181,0.038208331912755966,0.038909717239439486
2182,0.03719957917928696,0.03889620199799538
2183,0.037244174629449844,0.038870564736425875
2184,0.03719375655055046,0.038847745470702646
2185,0.03798914700746536,0.03883242223411799
2186,0.03735128790140152,0.03881211828440428
2187,0.0381915345788002,0.03878723815083504
2188,0.03708844631910324,0.03875930286943913
2189,0.03655838221311569,0.03872408363968134
2190,0.0380173996090889,0.038698742501437663
2191,0.037443652749061584,0.03868007156997919
2192,0.03640969470143318,0.038660551942884924
2193,0.03758978098630905,0.03864880178123713
2194,0.03722614049911499,0.038626367971301076
2195,0.037007637321949005,0.03859924886375666
2196,0.037250369787216187,0.03857498463243246
2197,0.03801225125789642,0.03856594745069742
2198,0.03731329366564751,0.03854090590029955
2199,0.03616831451654434,0.03850313875824213
2200,0.03675198554992676,0.0384725409373641
2201,0.0368754044175148,0.03844429526478052
2202,0.03546081483364105,0.038406509757041934
2203,0.036964260041713715,0.03837007768452168
2204,0.03750124201178551,0.038350193463265896
2205,0.03596191853284836,0.03831300470978022
2206,0.036884766072034836,0.03828000031411648
2207,0.03764445334672928,0.03826386883854866
2208,0.03686387836933136,0.038239229544997214
2209,0.037039823830127716,0.03821442253887653
2210,0.036539964377880096,0.03818035662174225
2211,0.03744875639677048,0.038159231469035146
2212,0.035786889493465424,0.038123942017555236
2213,0.03647373616695404,0.038095658645033836
2214,0.03620524704456329,0.038065351024270055
2215,0.0371418260037899,0.03805043391883373
2216,0.03694363683462143,0.03802569977939129
2217,0.03592419624328613,0.037988784052431585
2218,0.03680594637989998,0.03796222746372223
2219,0.036207035183906555,0.03792961895465851
2220,0.036255449056625366,0.03789732612669468
2221,0.03605414927005768,0.037860122397542
2222,0.035982899367809296,0.03782940372824669
2223,0.0358157753944397,0.03778995163738728
2224,0.036898355931043625,0.03775937594473362
2225,0.036655835807323456,0.037728333398699763
2226,0.036347396671772,0.03771033328026533
2227,0.03649257868528366,0.037688817493617535
2228,0.035047903656959534,0.03764526795595884
2229,0.036440201103687286,0.03762267343699932
2230,0.03653375059366226,0.03758804876357317
2231,0.035958513617515564,0.037566270865499976
2232,0.03499559313058853,0.03752536498010159
2233,0.03599318116903305,0.03749132100492716
2234,0.03670407459139824,0.03746531762182712
2235,0.03595713526010513,0.0374366457015276
2236,0.035648055374622345,0.037404514849185944
2237,0.03591529652476311,0.03737283904105425
2238,0.03497340530157089,0.037331346832215784
2239,0.037297606468200684,0.03731233891099692
2240,0.035933904349803925,0.03728274572640657
2241,0.036030951887369156,0.03724872183054686
2242,0.035329148173332214,0.037218849994242194
2243,0.03538956493139267,0.03718934793025255
2244,0.03525850921869278,0.0371611038967967
2245,0.03592432662844658,0.037122208923101425
2246,0.03658079355955124,0.03710223529487848
2247,0.03600656986236572,0.03706847678869963
2248,0.03478585183620453,0.03702892575412989
2249,0.03604913502931595,0.037013755403459074
2250,0.036252427846193314,0.03698941610753536
2251,0.036072395741939545,0.03696875490248203
2252,0.03484882041811943,0.0369303985312581
2253,0.03636233136057854,0.03690351489931345
2254,0.03476500138640404,0.03687236618250608
2255,0.036261871457099915,0.03685300838202238
2256,0.035014018416404724,0.03682478990405798
2257,0.035411443561315536,0.036787883676588536
2258,0.03524329513311386,0.03676028113812208
2259,0.03490922972559929,0.03672674156725406
2260,0.03606431186199188,0.03670474383980036
2261,0.03462105244398117,0.036669979244470595
2262,0.036325983703136444,0.03665738470852375
2263,0.03551311045885086,0.03662734981626272
2264,0.03587068244814873,0.03660925500094891
2265,0.03478808328509331,0.036577481515705584
2266,0.036271680146455765,0.03656074594706297
2267,0.03463136404752731,0.036530999653041366
2268,0.034827470779418945,0.036497559621930124
2269,0.035047464072704315,0.036472101770341395
2270,0.03570441156625748,0.036447474583983425
2271,0.03407140076160431,0.03640946093946695
2272,0.0363425649702549,0.03638963222503662
2273,0.03584182262420654,0.03636970736086369
2274,0.035992272198200226,0.03635906998068094
2275,0.03438191115856171,0.03633000958710909
2276,0.035831596702337265,0.03631437078118324
2277,0.03506249934434891,0.03628522992134094
2278,0.03467613831162453,0.03624934609979391
2279,0.03515433520078659,0.03622100189328194
2280,0.03412727266550064,0.036184331327676775
2281,0.03541141748428345,0.03615636218339205
2282,0.0346398651599884,0.036130765043199065
2283,0.03415296971797943,0.03609985299408436
2284,0.0335363894701004,0.03606327932327986
2285,0.03439784049987793,0.036027366258203984
2286,0.034876033663749695,0.03600261371582746
2287,0.034819889813661575,0.03596889726817608
2288,0.034815311431884766,0.03594616591930389
2289,0.034343235194683075,0.035924014449119565
2290,0.03455802798271179,0.035889420732855795
2291,0.03447320684790611,0.03585971627384424
2292,0.033612318336963654,0.03583174251019955
2293,0.0345691442489624,0.03580153614282608
2294,0.035344019532203674,0.03578271493315697
2295,0.03505939990282059,0.035763232558965685
2296,0.035009078681468964,0.03574081964790821
2297,0.03451304882764816,0.035705827623605725
2298,0.03444373235106468,0.0356771320104599
2299,0.03511010855436325,0.03566654995083809
2300,0.03501645475625992,0.03564919464290142
2301,0.03488216921687126,0.035629262290894984
2302,0.034355469048023224,0.03561820883303881
2303,0.034247562289237976,0.03559104185551405
2304,0.03544694185256958,0.03557049885392189
2305,0.03513865917921066,0.035562266260385514
2306,0.034649573266506195,0.035539914332330225
2307,0.03425128757953644,0.0355059826746583
2308,0.03609704226255417,0.035498314313590525
2309,0.0350433811545372,0.03547834988683462
2310,0.035287462174892426,0.03546582486480474
2311,0.035841673612594604,0.03544975403696299
2312,0.03486555069684982,0.03544054064899683
2313,0.03520958498120308,0.03542789913713932
2314,0.035016126930713654,0.035416007936000825
2315,0.03363524377346039,0.03538094211369753
2316,0.034917376935482025,0.03536067951470614
2317,0.03473447635769844,0.03534878231585026
2318,0.03457808122038841,0.03532650366425514
2319,0.034671321511268616,0.035311146527528765
2320,0.03437456488609314,0.03529233768582344
2321,0.0350455716252327,0.035282251909375194
2322,0.03519918769598007,0.035274414792656895
2323,0.0336591936647892,0.03525284897536039
2324,0.03409519046545029,0.03522481732070446
2325,0.03456374630331993,0.035203896425664426
2326,0.03351216018199921,0.0351755440607667
2327,0.033690981566905975,0.03514752808958292
2328,0.03472405672073364,0.03514428962022066
2329,0.034377120435237885,0.035123658813536164
2330,0.03341168537735939,0.03509243816137314
2331,0.03421498090028763,0.03507500283420086
2332,0.03462234139442444,0.035071270316839216
2333,0.03403092175722122,0.035051647722721097
2334,0.03502538800239563,0.03503486085683107
2335,0.03427324444055557,0.035018021948635576
2336,0.03450391814112663,0.03500658057630062
2337,0.034658946096897125,0.03499401707202196
2338,0.033751267939805984,0.03498179569840431
2339,0.034879524260759354,0.034957614876329896
2340,0.03405141830444336,0.03493879001587629
2341,0.03304619714617729,0.03490894246846438
2342,0.034041017293930054,0.03489606115967035
2343,0.03404317423701286,0.034882597252726556
2344,0.03384086489677429,0.03486842080950737
2345,0.03369221091270447,0.03484609965234995
2346,0.03485719859600067,0.034828863702714444
2347,0.03413984179496765,0.03481019642204046
2348,0.03461240231990814,0.0348084619268775
2349,0.0346992202103138,0.034794962778687474
2350,0.03397662565112114,0.03477220475673676
2351,0.03353966027498245,0.03474687740206719
2352,0.034447211772203445,0.034742861315608026
2353,0.033619917929172516,0.03471543718129397
2354,0.03297978267073631,0.03469758499413729
2355,0.034254223108291626,0.034677508510649206
2356,0.033912524580955505,0.03466649357229471
2357,0.034468233585357666,0.03465706147253513
2358,0.033695660531520844,0.0346415851265192
2359,0.034544818103313446,0.034637941010296346
2360,0.03397894278168678,0.03461708731949329
2361,0.033753901720047,0.034608415812253955
2362,0.03339482471346855,0.03457910422235727
2363,0.034186556935310364,0.03456583868712187
2364,0.033979177474975586,0.034546923637390134
2365,0.034509219229221344,0.03454413499683142
2366,0.03343119099736214,0.03451573010534048
2367,0.033318959176540375,0.03450260605663061
2368,0.03286178410053253,0.034482949189841745
2369,0.03442111611366272,0.03447668571025133
2370,0.03387889638543129,0.03445843055844307
2371,0.03471173346042633,0.03446483388543129
2372,0.034360334277153015,0.03444501157850027
2373,0.03310811519622803,0.03441767450422049
2374,0.034249573945999146,0.03440024752169848
2375,0.033358875662088394,0.03439001716673374
2376,0.033614885061979294,0.03436785005033016
2377,0.033994950354099274,0.03435717456042767
2378,0.03423125296831131,0.03435272570699453
2379,0.03345612809062004,0.03433574363589287
2380,0.03403936326503754,0.034334864541888235
2381,0.03424231335520744,0.03432317350059748
2382,0.03305579349398613,0.03430733278393745
2383,0.033157091587781906,0.03429737400263548
2384,0.03310791403055191,0.03429308924824
2385,0.03372914716601372,0.03428640231490135
2386,0.03324820101261139,0.03427012398838997
2387,0.03360993415117264,0.03425802443176508
2388,0.033903419971466064,0.034248905517160894
2389,0.032719388604164124,0.0342326670512557
2390,0.034263648092746735,0.03422972325235605
2391,0.03322262316942215,0.03421721741557121
2392,0.03311481326818466,0.034212242364883426
2393,0.03362223133444786,0.034202773235738275
2394,0.03318125009536743,0.03418114554136992
2395,0.033966124057769775,0.03417021278291941
2396,0.03279740363359451,0.034148096032440664
2397,0.033437926322221756,0.0341373448073864
2398,0.03413810580968857,0.03413428854197264
2399,0.033403411507606506,0.03411722157150507
2400,0.032612137496471405,0.03409317839890719
2401,0.03277810662984848,0.034072137773036956
2402,0.03410787880420685,0.034069661870598796
2403,0.03418158367276192,0.03406900208443403
2404,0.032830044627189636,0.03404283311218023
2405,0.032752811908721924,0.03401897463947535
2406,0.03372977674007416,0.034009776674211026
2407,0.032362550497055054,0.03399088930338621
2408,0.03350989148020744,0.03396501779556274
2409,0.03335729241371155,0.03394815690815449
2410,0.03295138478279114,0.03392479613423347
2411,0.032497137784957886,0.033891350775957105
2412,0.0343606099486351,0.03388630136847496
2413,0.03323737904429436,0.033866579309105874
2414,0.03379213809967041,0.03385433942079544
2415,0.032968319952487946,0.033847670182585714
2416,0.03209301084280014,0.033819426521658896
2417,0.0338575541973114,0.03381065730005503
2418,0.03318551182746887,0.033796731606125834
2419,0.032610103487968445,0.03377611942589283
2420,0.03260846436023712,0.03375845842063427
2421,0.033232707530260086,0.033740329779684546
2422,0.03278099000453949,0.03371614780277014
2423,0.033042289316654205,0.033709978759288786
2424,0.0341852605342865,0.03371087945997715
2425,0.03333449363708496,0.0336985869333148
2426,0.033416539430618286,0.03369763072580099
2427,0.032673075795173645,0.033687451668083665
2428,0.03333675116300583,0.03367357861250639
2429,0.032093897461891174,0.03365074638277292
2430,0.033847302198410034,0.03365510255098343
2431,0.0328400656580925,0.033641353398561474
2432,0.03250850737094879,0.03362021505832672
2433,0.03186674788594246,0.03359857331961393
2434,0.03236832842230797,0.033572002723813055
2435,0.031340599060058594,0.033542676270008086
2436,0.032797060906887054,0.03352560769766569
2437,0.03295207396149635,0.03350853897631168
2438,0.03331110626459122,0.03350413735955954
2439,0.032910559326410294,0.033484447710216046
2440,0.03238214552402496,0.03346775498241186
2441,0.03188188746571541,0.033456111885607244
2442,0.03263110667467117,0.03344201277941465
2443,0.03318285197019577,0.03343340955674648
2444,0.0333213284611702,0.03342821419239044
2445,0.03252300247550011,0.0334165221080184
2446,0.032706066966056824,0.03339501079171896
2447,0.03389262780547142,0.033392538651824
2448,0.03191628307104111,0.03336557745933533
2449,0.03240392357110977,0.033342624492943285
2450,0.03198529779911041,0.03332271121442318
2451,0.03322652354836464,0.033319579847157
2452,0.0329703688621521,0.03330481141805649
2453,0.03262567147612572,0.03329486895352602
2454,0.03270354121923447,0.033292106539011004
2455,0.03208797425031662,0.03327044405043125
2456,0.03237214684486389,0.03325504027307034
2457,0.03284218907356262,0.03323877982795238
2458,0.03254811093211174,0.03322730433195829
2459,0.03185483440756798,0.03320040449500084
2460,0.03225847706198692,0.033183199837803844
2461,0.03262142091989517,0.033171875029802324
2462,0.03259221464395523,0.03316384892910719
2463,0.033013373613357544,0.03315211709588766
2464,0.03254607692360878,0.033137786090373995
2465,0.03267447277903557,0.03311943862587213
2466,0.03294491767883301,0.03311457589268684
2467,0.03316429257392883,0.03311302922666073
2468,0.03184328228235245,0.03310284420847893
2469,0.031999800354242325,0.033078631050884724
2470,0.03269737958908081,0.03306681588292122
2471,0.032268304377794266,0.0330423815920949
2472,0.03238300234079361,0.033022608272731305
2473,0.03191927820444107,0.033010719902813436
2474,0.03276780992746353,0.03299590226262808
2475,0.03164368495345116,0.03297875035554171
2476,0.03229895234107971,0.032965591028332714
2477,0.033326469361782074,0.03295890621840954
2478,0.03300085663795471,0.03294660225510597
2479,0.03314119949936867,0.03294345296919346
2480,0.0332467295229435,0.032935526631772516
2481,0.032510772347450256,0.03291821122169494
2482,0.03272218257188797,0.032914875112473964
2483,0.03320734202861786,0.032915377616882326
2484,0.03297123685479164,0.03291401084512472
2485,0.03205353766679764,0.03289725475013256
2486,0.032259173691272736,0.03288736447691917
2487,0.03293530270457268,0.032880618162453176
2488,0.03211468458175659,0.03286273080855608
2489,0.032086752355098724,0.032856404446065426
2490,0.03194959834218025,0.03283326394855976
2491,0.03101499006152153,0.03281118761748075
2492,0.0326855443418026,0.03280689492821694
2493,0.03265966475009918,0.032797269262373446
2494,0.03189666196703911,0.032784423381090166
2495,0.033144403249025345,0.03277620617300272
2496,0.03304667770862579,0.032778698913753034
2497,0.032623350620269775,0.032770553156733516
2498,0.03341297805309296,0.03276330187916756
2499,0.03211624547839165,0.03275043021887541
2500,0.032729245722293854,0.03275160130113363
2501,0.031185105443000793,0.032735671289265154
2502,0.03100297600030899,0.032704622261226175
2503,0.03220013156533241,0.03268480774015188
2504,0.03268440067768097,0.0326833513006568
2505,0.031679656356573105,0.03267261974513531
2506,0.03195898234844208,0.03265491180121899
2507,0.03205670416355133,0.03265185333788395
2508,0.03211144357919693,0.03263786885887385
2509,0.03178872913122177,0.03262218322604895
2510,0.03245615214109421,0.03261723089963198
2511,0.03234345465898514,0.03261569406837225
2512,0.03246753662824631,0.03259676333516836
2513,0.03236411511898041,0.032588030695915225
2514,0.03232980892062187,0.03257340740412474
2515,0.03221552446484566,0.03256587944924831
2516,0.03217567875981331,0.03256670612841844
2517,0.0318574532866478,0.03254670511931181
2518,0.031990520656108856,0.03253475520759821
2519,0.03155888617038727,0.0325242430344224
2520,0.03210026025772095,0.03251916099339724
2521,0.032215654850006104,0.032508990466594695
2522,0.031934741884469986,0.032500527985394004
2523,0.031684085726737976,0.03248694594949484
2524,0.03082667849957943,0.03245336012914777
2525,0.03178738057613373,0.03243788899853826
2526,0.03160075098276138,0.032419731114059686
2527,0.03183262422680855,0.032411326598376033
2528,0.03205810487270355,0.03239854013547301
2529,0.03266981616616249,0.03240429932251573
2530,0.03202066570520401,0.03238603295758367
2531,0.03198293596506119,0.032377461660653355
2532,0.031730860471725464,0.03236968519166112
2533,0.032246895134449005,0.03237348666414618
2534,0.032788097858428955,0.032377684358507394
2535,0.031920380890369415,0.0323834821768105
2536,0.03240524232387543,0.03237956399098039
2537,0.03197641670703888,0.032369807418435814
2538,0.03266722708940506,0.03236336862668395
2539,0.03205547481775284,0.03235481778159738
2540,0.03289448469877243,0.03235994117334485
2541,0.03177928552031517,0.032358915153890846
2542,0.03253199905157089,0.03235792407765985
2543,0.03166459873318672,0.03234274154528975
2544,0.0325484573841095,0.032335012834519145
2545,0.032110728323459625,0.03233089009299874
2546,0.03218561410903931,0.032325685564428566
2547,0.03193412348628044,0.032306100521236655
2548,0.031799957156181335,0.03230493726208806
2549,0.032039690762758255,0.03230129493400455
2550,0.03150148689746857,0.03229645682498813
2551,0.03167017921805382,0.03228089338168502
2552,0.031339190900325775,0.03226458160206676
2553,0.031223125755786896,0.032250556144863364
2554,0.03177766874432564,0.03224129742011428
2555,0.031992681324481964,0.03224034449085593
2556,0.03188043832778931,0.032235427405685184
2557,0.03237375617027283,0.03223074307665229
2558,0.032016582787036896,0.03222542779520154
2559,0.03171766921877861,0.03222405614331365
2560,0.03041333518922329,0.03220560472458601
2561,0.03254137188196182,0.03220480423420668
2562,0.031189989298582077,0.032190781980752946
2563,0.0323043130338192,0.03218369137495756
2564,0.032178252935409546,0.03218001313507557
2565,0.03134266287088394,0.03216669503599405
2566,0.031232140958309174,0.032149567268788815
2567,0.03202296793460846,0.03213815402239561
2568,0.03183071315288544,0.03213802833110094
2569,0.03278646990656853,0.032145895026624204
2570,0.031121011823415756,0.032130131348967556
2571,0.031819701194763184,0.03212564531713724
2572,0.03191636502742767,0.032120978944003585
2573,0.030797462910413742,0.032109760791063306
2574,0.031693119555711746,0.03209901388734579
2575,0.03139153867959976,0.03209649242460728
2576,0.030887674540281296,0.032082379646599296
2577,0.03129413351416588,0.03206205628812313
2578,0.03056538663804531,0.03203770158812404
2579,0.03152898699045181,0.03202157946303487
2580,0.03050973266363144,0.03199420949444175
2581,0.030353140085935593,0.0319726331718266
2582,0.03146582096815109,0.031960069555789235
2583,0.031450994312763214,0.03194250607863069
2584,0.032174356281757355,0.03193453727290034
2585,0.031719133257865906,0.03193119322881102
2586,0.031223973259329796,0.0319208412244916
2587,0.03124428167939186,0.031903931014239786
2588,0.031141962856054306,0.03189420379698277
2589,0.031357839703559875,0.03188691467046738
2590,0.03129851445555687,0.031880403831601144
2591,0.03161942958831787,0.031886448226869105
2592,0.031281836330890656,0.03187241114675999
2593,0.03164000064134598,0.031862214505672455
2594,0.031399551779031754,0.03185724340379238
2595,0.032619986683130264,0.03185199923813343
2596,0.03212270140647888,0.03184275947511196
2597,0.03215092420578003,0.031838035210967064
2598,0.031248493120074272,0.03181639036163688
2599,0.03104197233915329,0.031805647630244495
2600,0.0312986820936203,0.03179134199395776
2601,0.03168892115354538,0.0317963801510632
2602,0.030386514961719513,0.03179021554067731
2603,0.03094436414539814,0.03177765786647797
2604,0.032596878707408905,0.03177678264677525
2605,0.030391372740268707,0.0317638998106122
2606,0.030945006757974625,0.03175376005470753
2607,0.031157948076725006,0.031744772493839266
2608,0.030537648126482964,0.031729034539312126
2609,0.031535107642412186,0.03172649832442403
2610,0.03128970414400101,0.031714833844453096
2611,0.030814791098237038,0.031699547208845616
2612,0.030956584960222244,0.031684437692165376
2613,0.03079938143491745,0.031668790355324744
2614,0.030826594680547714,0.031653758212924
2615,0.03094281256198883,0.03164103109389543
2616,0.03138776123523712,0.031633151918649675
2617,0.030833514407277107,0.03162291252985597
2618,0.03125826269388199,0.0316155899502337
2619,0.030042722821235657,0.03160042831674218
2620,0.03101806715130806,0.03158960638567805
2621,0.030663641169667244,0.031574086248874665
2622,0.030971061438322067,0.03156444944441319
2623,0.03144419193267822,0.03156205050647259
2624,0.030261848121881485,0.03155640220269561
2625,0.031012695282697678,0.03154865534976125
2626,0.03069351799786091,0.03153958301991224
2627,0.03075673058629036,0.03152882408350706
2628,0.030556440353393555,0.03151380743831396
2629,0.03008485957980156,0.03148795787245035
2630,0.03077559731900692,0.03147550718858838
2631,0.031506165862083435,0.0314707394875586
2632,0.031236492097377777,0.03146579580381512
2633,0.03143414855003357,0.03145766833797097
2634,0.03151697665452957,0.031444957125931976
2635,0.03105444461107254,0.03143629776313901
2636,0.030840585008263588,0.03142065118998289
2637,0.03053237870335579,0.03140621080994606
2638,0.03101460076868534,0.031389684546738864
2639,0.030092131346464157,0.031370051112025975
2640,0.031047482043504715,0.0313515810854733
2641,0.031844835728406906,0.03135223658755422
2642,0.030417364090681076,0.031331090237945315
2643,0.03125215321779251,0.03132696578279138
2644,0.03004944697022438,0.031301975678652526
2645,0.03043195605278015,0.03128518795594573
2646,0.02991832047700882,0.031262515019625424
2647,0.030573520809412003,0.03124890899285674
2648,0.030590135604143143,0.03123681077733636
2649,0.030512703582644463,0.031221540905535222
2650,0.030123330652713776,0.031207759343087674
2651,0.029463451355695724,0.03118569206446409
2652,0.02975797839462757,0.03116987993940711
2653,0.03066033497452736,0.031164252031594515
2654,0.03007306531071663,0.031147205997258426
2655,0.030658911913633347,0.031133868303149938
2656,0.031012702733278275,0.03112519094720483
2657,0.03142288699746132,0.031115682255476715
2658,0.030623143538832664,0.03110174786299467
2659,0.03101668879389763,0.031094738058745863
2660,0.03089923784136772,0.031099597085267307
2661,0.03152536600828171,0.031089437026530505
2662,0.031227048486471176,0.031089807618409394
2663,0.03070070408284664,0.03107377152889967
2664,0.03212969750165939,0.03107328597456217
2665,0.03102961741387844,0.031070155519992114
2666,0.030672172084450722,0.03106455583125353
2667,0.03180569410324097,0.031062383092939853
2668,0.030795317143201828,0.031052029132843016
2669,0.0298038050532341,0.031022202484309674
2670,0.03134513273835182,0.031024443693459035
2671,0.030513474717736244,0.031011381428688766
2672,0.030508331954479218,0.03099730109795928
2673,0.0303496066480875,0.03099282253533602
2674,0.030628809705376625,0.030982179436832666
2675,0.029393158853054047,0.03096219563856721
2676,0.030937571078538895,0.030962694603949785
2677,0.030698513612151146,0.03095673840492964
2678,0.03009413555264473,0.03095202589407563
2679,0.03054334968328476,0.03094216952100396
2680,0.030944695696234703,0.030946519151329996
2681,0.030913379043340683,0.030952121540904046
2682,0.030183978378772736,0.030939303115010263
2683,0.03075840324163437,0.030932377204298974
2684,0.030713967978954315,0.030917773321270943
2685,0.03148433566093445,0.030915425345301627
2686,0.030685752630233765,0.03091004313901067
2687,0.031052902340888977,0.03090812934562564
2688,0.03078232705593109,0.030904532987624408
2689,0.030896984040737152,0.03089992443099618
2690,0.03024212084710598,0.030889360494911672
2691,0.030453423038125038,0.03087770042940974
2692,0.0311785489320755,0.03087666755542159
2693,0.03144704923033714,0.0308747380413115
2694,0.030732326209545135,0.030868065785616638
2695,0.03131718188524246,0.030855037737637758
2696,0.030510783195495605,0.030838918555527926
2697,0.03023187443614006,0.030819728057831525
2698,0.030742855742573738,0.03081467168405652
2699,0.030880451202392578,0.030813056472688914
2700,0.030789734795689583,0.030807966999709606
2701,0.030964575707912445,0.030800723545253275
2702,0.029709581285715103,0.03079395420849323
2703,0.03000173345208168,0.03078452790156007
2704,0.031116362661123276,0.03076972274109721
2705,0.031108563765883446,0.03077689465135336
2706,0.030411507934331894,0.030771559663116933
2707,0.030477773398160934,0.030764757916331292
2708,0.029983628541231155,0.030759217720478772
2709,0.03060583584010601,0.03074992500245571
2710,0.030423074960708618,0.030741258710622787
2711,0.03063219040632248,0.03073943270370364
2712,0.03033370152115822,0.030733203869313
2713,0.03019832819700241,0.030727193336933852
2714,0.030479278415441513,0.03072372017428279
2715,0.02959248423576355,0.030710216891020537
2716,0.029761923477053642,0.0306939585134387
2717,0.02912159077823162,0.030676839277148246
2718,0.030240466818213463,0.03066666131839156
2719,0.03129424899816513,0.030679176580160856
2720,0.03037836402654648,0.030672779548913242
2721,0.03070148266851902,0.030673157963901757
2722,0.030296314507722855,0.030666410494595765
2723,0.030286584049463272,0.030654834415763617
2724,0.030653420835733414,0.030658750142902137
2725,0.030782733112573624,0.030656450521200897
2726,0.03001933917403221,0.03064970873296261
2727,0.02961721085011959,0.0306383135356009
2728,0.030259491875767708,0.03063534405082464
2729,0.02963995933532715,0.0306308950483799
2730,0.030212152749300003,0.03062526060268283
2731,0.029945850372314453,0.03060965744778514
2732,0.03126081824302673,0.03060990070924163
2733,0.03068038448691368,0.03060236306861043
2734,0.029948528856039047,0.030586678590625523
2735,0.030168656259775162,0.03057782070711255
2736,0.02955508604645729,0.030564965717494487
2737,0.029741518199443817,0.030557057112455367
2738,0.030351955443620682,0.030550430659204722
2739,0.029760992154479027,0.03054711926728487
2740,0.03083542361855507,0.030544998683035375
2741,0.0305747389793396,0.0305322977155447
2742,0.029649313539266586,0.030524617210030556
2743,0.0294435266405344,0.030506530944257974
2744,0.030053606256842613,0.030506572537124157
2745,0.03074543923139572,0.030509707368910313
2746,0.031123925000429153,0.030521763414144518
2747,0.029262974858283997,0.030508657954633235
2748,0.02986675314605236,0.03050142413005233
2749,0.030652502551674843,0.03050282211974263
2750,0.028543077409267426,0.030487019587308168
2751,0.030097439885139465,0.030493359472602607
2752,0.02925977110862732,0.030488377399742604
2753,0.030430927872657776,0.030486083328723906
2754,0.03034907579421997,0.03048884343355894
2755,0.030121702700853348,0.030483471341431142
2756,0.030129283666610718,0.030474637150764466
2757,0.02960812672972679,0.03045648954808712
2758,0.030826671048998833,0.030458524823188782
2759,0.029738150537014008,0.030445739440619946
2760,0.030694570392370224,0.03044369276612997
2761,0.02952687442302704,0.030423707850277423
2762,0.030117060989141464,0.030412607975304127
2763,0.029491640627384186,0.030400517340749503
2764,0.03020503930747509,0.030381270758807657
2765,0.029241230338811874,0.030363386888056995
2766,0.030665360391139984,0.030363318771123887
2767,0.030122406780719757,0.030346485897898675
2768,0.029445042833685875,0.030332983154803515
2769,0.02904440090060234,0.030325389113277198
2770,0.02906685508787632,0.030302606336772443
2771,0.029632044956088066,0.03029379203915596
2772,0.029461570084095,0.030283324420452118
2773,0.029328331351280212,0.030273111667484046
2774,0.029796022921800613,0.030264783799648285
2775,0.02995876967906952,0.03027043990790844
2776,0.029964983463287354,0.030260714031755925
2777,0.029004596173763275,0.030243774857372046
2778,0.02952687442302704,0.030238102246075867
2779,0.0297946035861969,0.03023061478510499
2780,0.029723092913627625,0.03021839875727892
2781,0.030379271134734154,0.030213057678192854
2782,0.02949780598282814,0.03020619595423341
2783,0.030005360022187233,0.030198665522038936
2784,0.0312357135117054,0.030203882977366446
2785,0.02958999015390873,0.03018493952229619
2786,0.029734192416071892,0.03017542392015457
2787,0.02927432209253311,0.030157638117671012
2788,0.030393444001674652,0.03015374928712845
2789,0.029846740886569023,0.030143246855586767
2790,0.02951444685459137,0.03013597011566162
2791,0.029838157817721367,0.030129817463457585
2792,0.029121262952685356,0.030109244603663682
2793,0.02915574423968792,0.03008633155375719
2794,0.030220359563827515,0.030081211887300015
2795,0.02925264835357666,0.030060566551983355
2796,0.029765143990516663,0.030053110159933567
2797,0.029593463987112045,0.030046726055443288
2798,0.029613640159368515,0.030035433899611233
2799,0.0295221246778965,0.030021850634366274
2800,0.030335668474435806,0.030017309971153736
2801,0.02947215735912323,0.030002385787665845
2802,0.030390724539756775,0.03000919722020626
2803,0.029168538749217987,0.030000865273177624
2804,0.02836471237242222,0.029973348770290613
2805,0.03026791289448738,0.029964942261576654
2806,0.03045693412423134,0.029965396523475647
2807,0.030451498925685883,0.029965133778750895
2808,0.029849067330360413,0.029963788166642188
2809,0.030272796750068665,0.029960457775741814
2810,0.02897670678794384,0.029945994094014168
2811,0.029110245406627655,0.02993077464401722
2812,0.029863305389881134,0.029926070682704448
2813,0.029915379360318184,0.029923241194337605
2814,0.029552849009633064,0.029913976900279523
2815,0.02887478657066822,0.029906799923628567
2816,0.030185358598828316,0.029911034274846315
2817,0.030013756826519966,0.029919955935329198
2818,0.029446784406900406,0.02991201911121607
2819,0.029489317908883095,0.029893969800323248
2820,0.02915019914507866,0.02988168815150857
2821,0.02941853180527687,0.02986885864287615
2822,0.029585739597678185,0.0298617528937757
2823,0.029235193505883217,0.0298512389883399
2824,0.029763907194137573,0.02984234385192394
2825,0.028678759932518005,0.029821304120123387
2826,0.028773866593837738,0.029808849394321442
2827,0.030017651617527008,0.029812853801995515
2828,0.03013119474053383,0.02981157083064318
2829,0.02940390259027481,0.029809210263192654
2830,0.029095355421304703,0.029798042289912702
2831,0.029664743691682816,0.029795231223106386
2832,0.028864359483122826,0.029771266635507346
2833,0.028157001361250877,0.029746032804250717
2834,0.029719257727265358,0.02974374009296298
2835,0.029705066233873367,0.029739104192703963
2836,0.02782456763088703,0.02972179900854826
2837,0.029376894235610962,0.02971815276890993
2838,0.02843470312654972,0.02969898024573922
2839,0.028666697442531586,0.029688037298619747
2840,0.02974752150475979,0.029677158277481793
2841,0.029560232535004616,0.029667013213038444
2842,0.028550487011671066,0.02965602494776249
2843,0.02931763231754303,0.029654766004532575
2844,0.030617699027061462,0.029660406932234765
2845,0.028409816324710846,0.029637050703167914
2846,0.02923731692135334,0.029618184622377156
2847,0.02935059368610382,0.029619060810655354
2848,0.029633481055498123,0.029616728089749814
2849,0.02979481779038906,0.029608151242136956
2850,0.029234958812594414,0.029615070056170225
2851,0.02873879484832287,0.02960148360580206
2852,0.029404764994978905,0.029602933544665574
2853,0.029545346274971962,0.029594077728688717
2854,0.029173798859119415,0.02958232495933771
2855,0.029397346079349518,0.029575081393122673
2856,0.029116708785295486,0.02956495564430952
2857,0.029351860284805298,0.029562392979860307
2858,0.030091844499111176,0.02955504471436143
2859,0.029541121795773506,0.029553074426949023
2860,0.029362641274929047,0.02953975513577461
2861,0.028544064611196518,0.029529927037656306
2862,0.028737550601363182,0.029516131933778524
2863,0.02826129086315632,0.029503828436136244
2864,0.028406277298927307,0.029485840816050768
2865,0.028309118002653122,0.02947651969268918
2866,0.02786247804760933,0.029448490869253875
2867,0.02873174473643303,0.029434584248811006
2868,0.02933381497859955,0.029433471970260142
2869,0.029145393520593643,0.029434481896460057
2870,0.029317598789930344,0.029436989333480598
2871,0.0290365107357502,0.02943103399127722
2872,0.028267893940210342,0.029419097229838372
2873,0.02928708866238594,0.02941868480294943
2874,0.028644368052482605,0.02940716825425625
2875,0.027815116569399834,0.02938573172315955
2876,0.028959717601537704,0.029375679064542054
2877,0.029041452333331108,0.029376047626137734
2878,0.029284153133630753,0.029373620413243772
2879,0.03004087693989277,0.02937608314678073
2880,0.029574982821941376,0.029374602045863868
2881,0.028780091553926468,0.02935861025005579
2882,0.028714515268802643,0.029350777342915534
2883,0.028875309973955154,0.029339476842433213
2884,0.029441770166158676,0.029321537408977746
2885,0.028785908594727516,0.029313496593385936
2886,0.0295150987803936,0.029311305657029153
2887,0.029333729296922684,0.029311899729073047
2888,0.02932259626686573,0.029301191251724958
2889,0.029705502092838287,0.02929977886378765
2890,0.028656724840402603,0.029291201643645765
2891,0.029318515211343765,0.029286005217581988
2892,0.028950007632374763,0.02928429266437888
2893,0.02872554585337639,0.029279990680515768
2894,0.02818572334945202,0.02925964431837201
2895,0.029086727648973465,0.02925798511132598
2896,0.029090750962495804,0.02925124118104577
2897,0.03020007163286209,0.029257307257503272
2898,0.028425751253962517,0.029245428368449213
2899,0.029087090864777565,0.029241078030318023
2900,0.028530459851026535,0.02922302594408393
2901,0.02922656573355198,0.029220570027828217
2902,0.02870611473917961,0.029203723929822446
2903,0.02810615487396717,0.029193100091069936
2904,0.029109377413988113,0.029200546741485596
2905,0.02823486179113388,0.029180216230452062
2906,0.028431035578250885,0.029159957244992256
2907,0.029748141765594482,0.029152923673391343
2908,0.028522826731204987,0.029139661267399787
2909,0.028985649347305298,0.029126789793372153
2910,0.028609231114387512,0.02912311503663659
2911,0.02853725664317608,0.029117385149002074
2912,0.029149333015084267,0.029110245425254106
2913,0.028246305882930756,0.029093554690480233
2914,0.029169362038373947,0.02908971982076764
2915,0.028695756569504738,0.029087929520756006
2916,0.02858196385204792,0.029071895573288202
2917,0.028038855642080307,0.029052146561443806
2918,0.02926412597298622,0.029050319977104663
2919,0.029024086892604828,0.02904566766694188
2920,0.027876272797584534,0.02903292840346694
2921,0.02906780131161213,0.02902942109853029
2922,0.029278263449668884,0.029026346337050198
2923,0.02891814149916172,0.029023175816982983
2924,0.028957240283489227,0.0290151091478765
2925,0.02798532322049141,0.029008174780756235
2926,0.028674622997641563,0.029007182344794272
2927,0.029263464733958244,0.028999640475958585
2928,0.028334759175777435,0.028981676120311023
2929,0.02888152375817299,0.028976452331990005
2930,0.02836950123310089,0.028969193790107966
2931,0.028989039361476898,0.028962436746805906
2932,0.028467319905757904,0.028958466351032257
2933,0.027927618473768234,0.02895617252215743
2934,0.028896991163492203,0.0289479498565197
2935,0.02889881655573845,0.02893988735973835
2936,0.02834109216928482,0.028945052605122326
2937,0.02901371754705906,0.02894142083823681
2938,0.027566419914364815,0.02893273800611496
2939,0.028060439974069595,0.02892667543143034
2940,0.02869918942451477,0.02891619211062789
2941,0.028985172510147095,0.028910441510379314
2942,0.028447989374399185,0.028909416534006596
2943,0.028182905167341232,0.02889806926250458
2944,0.027896199375391006,0.028870854265987872
2945,0.028331387788057327,0.02887006998062134
2946,0.02917252667248249,0.02886942207813263
2947,0.028567656874656677,0.028861592710018157
2948,0.02892547845840454,0.02885451268404722
2949,0.028476152569055557,0.028841326031833887
2950,0.02807166799902916,0.028829693123698236
2951,0.028535345569252968,0.028827658630907537
2952,0.02819017320871353,0.02881551271304488
2953,0.028576605021953583,0.028805825300514697
2954,0.028154810890555382,0.02879563542082906
2955,0.027887556701898575,0.028780537527054548
2956,0.028640391305088997,0.028775774352252485
2957,0.02851635217666626,0.02876741927117109
2958,0.028305750340223312,0.028749558329582214
2959,0.028213635087013245,0.028736283462494613
2960,0.028143348172307014,0.02872409053146839
2961,0.028288181871175766,0.028721531704068184
2962,0.02753327041864395,0.028709488902240992
2963,0.028674079105257988,0.02871361678466201
2964,0.028951384127140045,0.028719067852944136
2965,0.028439927846193314,0.028720375951379537
2966,0.027258077636361122,0.028714331947267056
2967,0.027408741414546967,0.028701101914048194
2968,0.02847566083073616,0.02869252037256956
2969,0.02867642045021057,0.02868783064186573
2970,0.030057039111852646,0.028695225045084954
2971,0.028543928638100624,0.028690299224108456
2972,0.02781078964471817,0.028685728181153537
2973,0.028651688247919083,0.028679374177008866
2974,0.029147956520318985,0.028684410061687232
2975,0.028940564021468163,0.028695664536207914
2976,0.028898879885673523,0.028695056159049274
2977,0.027937760576605797,0.02868401924148202
2978,0.02787771448493004,0.028669954854995013
2979,0.029164571315050125,0.028661191798746585
2980,0.027457529678940773,0.02864001726731658
2981,0.028519224375486374,0.02863740859553218
2982,0.02823243848979473,0.028632587827742098
2983,0.02858402021229267,0.028629674930125474
2984,0.028293294832110405,0.02861819017678499
2985,0.028055626899003983,0.028610887359827756
2986,0.027617337182164192,0.028591909743845463
2987,0.02833854779601097,0.028581957928836346
2988,0.028373712673783302,0.02857246909290552
2989,0.028099646791815758,0.028556410539895296
2990,0.028993338346481323,0.028559776674956083
2991,0.029058726504445076,0.028557178787887095
2992,0.027916191145777702,0.028546840623021125
2993,0.02846958488225937,0.028544281013309955
2994,0.02843739464879036,0.02854679772630334
2995,0.02906643971800804,0.028546594846993685
2996,0.028634555637836456,0.028542032893747092
2997,0.02908921241760254,0.028530924301594495
2998,0.028161808848381042,0.02852828487753868
2999,0.02808275818824768,0.02851824155077338
3000,0.02899089641869068,0.028522845916450025
3001,0.02830769494175911,0.028513657208532096
3002,0.027430329471826553,0.028500899355858565
3003,0.02803141251206398,0.028500151932239533
3004,0.028463317081332207,0.028493691328912975
3005,0.028651870787143707,0.02849786141887307
3006,0.028239257633686066,0.028495943639427423
3007,0.027670633047819138,0.02847516855224967
3008,0.027927760034799576,0.028469217885285617
3009,0.02790798246860504,0.02845844121649861
3010,0.028018811717629433,0.028452537022531033
3011,0.028455549851059914,0.02845171995460987
3012,0.02795245125889778,0.028439751137048008
3013,0.02835395559668541,0.028440827634185553
3014,0.028411075472831726,0.028433244768530132
3015,0.027875538915395737,0.02842504259198904
3016,0.028225969523191452,0.028421482648700477
3017,0.02764325961470604,0.028417526688426734
3018,0.02756035141646862,0.028400488942861558
3019,0.028478514403104782,0.028395033217966558
3020,0.027873575687408447,0.028395006246864796
3021,0.028078794479370117,0.028385116178542377
3022,0.0281435027718544,0.02837376857176423
3023,0.027878306806087494,0.028363370224833487
3024,0.02832469344139099,0.028357044756412507
3025,0.028039004653692245,0.028357581570744514
3026,0.027337245643138885,0.028344207797199487
3027,0.02742898464202881,0.028325862996280194
3028,0.027853824198246002,0.02832105364650488
3029,0.02793366089463234,0.028311575017869472
3030,0.027356218546628952,0.028301442191004753
3031,0.02843794785439968,0.02829593127593398
3032,0.028191708028316498,0.028293175157159567
3033,0.02763899601995945,0.02829028893262148
3034,0.028195541352033615,0.028283274434506893
3035,0.02755659818649292,0.028269852250814437
3036,0.027128955349326134,0.02825773088261485
3037,0.0276561938226223,0.028244155645370483
3038,0.027008239179849625,0.028238573838025333
3039,0.027923764660954475,0.02823720708489418
3040,0.028208034113049507,0.028232295531779528
3041,0.028120866045355797,0.028223652467131613
3042,0.028364378958940506,0.028222816362977028
3043,0.02738215960562229,0.028214808907359838
3044,0.027063626796007156,0.028206483181566
3045,0.0285525880753994,0.02820869518443942
3046,0.026744551956653595,0.028184415437281132
3047,0.028730250895023346,0.0281860413774848
3048,0.029131636023521423,0.028188102953135966
3049,0.02900986187160015,0.02819344004616141
3050,0.02878941223025322,0.028200617488473655
3051,0.028189128264784813,0.028197155315428973
3052,0.028018604964017868,0.028195439632982017
3053,0.027437638491392136,0.0281840499676764
3054,0.027948129922151566,0.028181983157992363
3055,0.028635550290346146,0.02818946309387684
3056,0.028409011662006378,0.028187149297446014
3057,0.027885232120752335,0.028180838096886873
3058,0.026926349848508835,0.02816704409196973
3059,0.02758651226758957,0.028160772863775493
3060,0.027399349957704544,0.028153332881629467
3061,0.027782022953033447,0.028148271292448044
3062,0.028491148725152016,0.028157850075513125
3063,0.028061281889677048,0.028151722103357316
3064,0.02829134836792946,0.02814512174576521
3065,0.028147783130407333,0.02814220029860735
3066,0.027924761176109314,0.028148867134004833
3067,0.028141625225543976,0.0281561959721148
3068,0.027629904448986053,0.0281477384082973
3069,0.028080042451620102,0.028141774628311397
3070,0.028136223554611206,0.02812256647273898
3071,0.02832609787583351,0.02812038816511631
3072,0.027788322418928146,0.02812016349285841
3073,0.028063897043466568,0.028114285580813886
3074,0.028142288327217102,0.028104228898882866
3075,0.02867412008345127,0.028101564459502695
3076,0.027738021686673164,0.028089955877512694
3077,0.02794201485812664,0.028089998420327902
3078,0.027669895440340042,0.028087920229882
3079,0.02841244451701641,0.028080398961901665
3080,0.026909228414297104,0.02807491594925523
3081,0.02774609439074993,0.028067184649407863
3082,0.028281178325414658,0.028067672047764062
3083,0.027896685525774956,0.028060798700898885
3084,0.02721349149942398,0.02805000066757202
3085,0.02800108678638935,0.028049455266445877
3086,0.02792915143072605,0.028052573408931494
3087,0.02821582928299904,0.028051346223801375
3088,0.02749759517610073,0.02804258504882455
3089,0.027595069259405136,0.02803753927350044
3090,0.027682144194841385,0.028024427331984042
3091,0.02791990339756012,0.028013039100915193
3092,0.02717437595129013,0.028005620948970317
3093,0.0284233707934618,0.028005158808082343
3094,0.02716241031885147,0.027992408964782955
3095,0.0291566364467144,0.027993310932070015
3096,0.028080735355615616,0.02798777272924781
3097,0.02745944634079933,0.027971475068479777
3098,0.027399413287639618,0.027963851112872362
3099,0.02767852321267128,0.027959808763116597
3100,0.027402766048908234,0.027943927459418774
3101,0.027326900511980057,0.027934119515120984
3102,0.02808411419391632,0.02794065736234188
3103,0.026752829551696777,0.027927871532738208
3104,0.0276271291077137,0.027919509653002023
3105,0.028321336954832077,0.027916204314678908
3106,0.028328314423561096,0.027917094882577657
3107,0.02816189080476761,0.02792200746014714
3108,0.027293778955936432,0.02791566764935851
3109,0.027577266097068787,0.027912360485643148
3110,0.02687554992735386,0.027900927867740392
3111,0.027607981115579605,0.02789245218038559
3112,0.027367234230041504,0.02788660001009703
3113,0.027512475848197937,0.027878185212612153
3114,0.02763715200126171,0.027870445977896452
3115,0.027594931423664093,0.027867639902979136
3116,0.027090810239315033,0.02785628831014037
3117,0.02769894152879715,0.02785684512928128
3118,0.02774249017238617,0.027858666516840457
3119,0.02734752744436264,0.027847356647253036
3120,0.02790779247879982,0.027847698815166952
3121,0.026628054678440094,0.02783319141715765
3122,0.027305394411087036,0.027824810333549978
3123,0.026507649570703506,0.027811103761196138
3124,0.026914967224001884,0.027797006499022246
3125,0.028064588084816933,0.027797262333333492
3126,0.027678418904542923,0.027800674065947533
3127,0.027728106826543808,0.027803665287792684
3128,0.028180744498968124,0.027806934490799903
3129,0.02671390399336815,0.02779473692178726
3130,0.026727672666311264,0.027788451462984084
3131,0.02696979232132435,0.02777376990765333
3132,0.026476072147488594,0.027756613548845052
3133,0.026898715645074844,0.027749210745096207
3134,0.028076976537704468,0.027748025096952914
3135,0.027034446597099304,0.02774280358105898
3136,0.027606412768363953,0.027747578155249357
3137,0.026392308995127678,0.02773493930697441
3138,0.026872146874666214,0.027733578383922576
3139,0.026919599622488022,0.02772353673353791
3140,0.027217140421271324,0.027713627796620132
3141,0.026910850778222084,0.027701527643948794
3142,0.02775842696428299,0.02769546812400222
3143,0.02614092268049717,0.027683055754750968
3144,0.026900865137577057,0.027681428138166667
3145,0.026936572045087814,0.02766526797786355
3146,0.027745911851525307,0.027675281576812268
3147,0.027848610654473305,0.027666465174406768
3148,0.027069855481386185,0.027645847368985413
3149,0.02744229882955551,0.027630171738564968
3150,0.027725864201784134,0.027619536258280276
3151,0.02657460793852806,0.02760339105501771
3152,0.027561282739043236,0.027598817832767963
3153,0.026971131563186646,0.02759415276348591
3154,0.02692483365535736,0.027583919800817966
3155,0.02704322338104248,0.02756799653172493
3156,0.02796316333115101,0.027563538048416377
3157,0.026045173406600952,0.027545137461274863
3158,0.027365360409021378,0.027549527566879988
3159,0.02700887620449066,0.027543751206249
3160,0.026723796501755714,0.02753699567168951
3161,0.028094980865716934,0.027540125250816345
3162,0.027346938848495483,0.02752868315204978
3163,0.02750234305858612,0.02752309376373887
3164,0.028211023658514023,0.027522290516644718
3165,0.027214031666517258,0.027512953002005815
3166,0.026869190856814384,0.027502397298812865
3167,0.027343273162841797,0.027494413778185844
3168,0.02743098884820938,0.027492424622178078
3169,0.02683332934975624,0.02747995749115944
3170,0.02711881324648857,0.027469783388078213
3171,0.026915300637483597,0.027455675415694714
3172,0.028259241953492165,0.027460384611040355
3173,0.026842884719371796,0.027448174487799407
3174,0.02763461321592331,0.02744309773668647
3175,0.027814175933599472,0.02743449829518795
3176,0.027367334812879562,0.027430791426450014
3177,0.02638283371925354,0.027415199615061284
3178,0.025974566116929054,0.027398246321827174
3179,0.02792256325483322,0.027393347509205343
3180,0.02753983810544014,0.02739965360611677
3181,0.026598364114761353,0.027388176303356885
3182,0.026380883529782295,0.027369173355400563
3183,0.027261577546596527,0.027362822275608777
3184,0.027288246899843216,0.02736356982961297
3185,0.027090586721897125,0.02735446482896805
3186,0.027086857706308365,0.02734604189172387
3187,0.028058471158146858,0.02734446831047535
3188,0.02709917351603508,0.027340484093874694
3189,0.02757934108376503,0.02734032681211829
3190,0.027267741039395332,0.027336182780563833
3191,0.026542596518993378,0.027322409711778163
3192,0.027247384190559387,0.027323139794170857
3193,0.026916267350316048,0.027308068759739398
3194,0.026621095836162567,0.02730265561491251
3195,0.027129562571644783,0.027282384876161813
3196,0.026624206453561783,0.027267819587141275
3197,0.027333218604326248,0.027266557309776545
3198,0.027068741619586945,0.02726325059309602
3199,0.02679906040430069,0.027254455965012313
3200,0.028479646891355515,0.027265224773436784
3201,0.027372131124138832,0.027265677079558372
3202,0.02687361091375351,0.027253572046756745
3203,0.026733148843050003,0.027253375239670277
3204,0.02574259042739868,0.027234529852867128
3205,0.027278488501906395,0.02722410136833787
3206,0.027264690026640892,0.027213465124368667
3207,0.026973720639944077,0.027201583422720433
3208,0.02655659429728985,0.027194211576133966
3209,0.0272314865142107,0.027190753780305384
3210,0.027132581919431686,0.027193324100226166
3211,0.02672128938138485,0.027184457182884217
3212,0.02678021229803562,0.027178586963564157
3213,0.026303458958864212,0.02716649679467082
3214,0.027209386229515076,0.027162219136953353
3215,0.02753760665655136,0.027161645889282226
3216,0.026804793626070023,0.027158785723149777
3217,0.026213984936475754,0.027143936157226562
3218,0.026961799710989,0.027136129252612592
3219,0.027116166427731514,0.02713381564244628
3220,0.026884406805038452,0.027123581785708666
3221,0.027282502502202988,0.027130126263946296
3222,0.0270377304404974,0.027127449624240397
3223,0.02686946466565132,0.027131067775189876
3224,0.027324900031089783,0.027135167103260756
3225,0.027091866359114647,0.027125439886003733
3226,0.027209486812353134,0.027120750565081835
3227,0.027347488328814507,0.027116944380104542
3228,0.02679794281721115,0.027103116363286973
3229,0.027089079841971397,0.027106868121773004
3230,0.027642499655485153,0.027116016391664742
3231,0.026727603748440742,0.02711359450593591
3232,0.026749126613140106,0.027116325050592423
3233,0.026704132556915283,0.027114379219710827
3234,0.02737763524055481,0.02710738580673933
3235,0.026949740946292877,0.027106538750231265
3236,0.027851831167936325,0.02710899293422699
3237,0.027621425688266754,0.02712128410115838
3238,0.027617376297712326,0.02712873639538884
3239,0.026911716908216476,0.027128657568246128
3240,0.02677404135465622,0.027124226577579975
3241,0.028386302292346954,0.027138981092721223
3242,0.026550205424427986,0.027126898877322673
3243,0.02743227779865265,0.027139812428504228
3244,0.027043556794524193,0.0271412393450737
3245,0.026308931410312653,0.02713496293872595
3246,0.026789721101522446,0.027125401031225918
3247,0.02662215754389763,0.027113136500120164
3248,0.02722526527941227,0.027114690598100424
3249,0.026509609073400497,0.027105363700538874
3250,0.027109317481517792,0.02709919823333621
3251,0.027455689385533333,0.02710800904780626
3252,0.02628904953598976,0.027095286715775727
3253,0.027348581701517105,0.027099061217159034
3254,0.027480129152536392,0.027104614172130823
3255,0.027154039591550827,0.027105722334235905
3256,0.028058787807822227,0.02710667857900262
3257,0.026244062930345535,0.027108667474240063
3258,0.027655400335788727,0.027111567873507738
3259,0.026559848338365555,0.02710707759484649
3260,0.026841040700674057,0.02710825003683567
3261,0.02635784074664116,0.027090878635644914
3262,0.027129579335451126,0.027088705040514468
3263,0.02725476399064064,0.027086229249835014
3264,0.026798535138368607,0.02707210436463356
3265,0.02712896093726158,0.027071253657341005
3266,0.026507513597607613,0.027067636884748936
3267,0.027637174353003502,0.027070575896650552
3268,0.025821376591920853,0.02705447977408767
3269,0.026669176295399666,0.0270528382435441
3270,0.02640414796769619,0.027045691590756177
3271,0.02771415188908577,0.0270536801032722
3272,0.026200350373983383,0.027033091187477112
3273,0.026679106056690216,0.027031453400850294
3274,0.02599184773862362,0.0270150257460773
3275,0.02651974931359291,0.027002081479877232
3276,0.026939963921904564,0.026997807770967483
3277,0.025986623018980026,0.026993845663964747
3278,0.026161368936300278,0.02699571369215846
3279,0.027745556086301804,0.026993943620473148
3280,0.026233986020088196,0.026980885099619628
3281,0.026861688122153282,0.026983518339693546
3282,0.026614774018526077,0.026985857244580982
3283,0.026654742658138275,0.0269797888956964
3284,0.026858601719141006,0.02697549244388938
3285,0.027252422645688057,0.02697711080312729
3286,0.026754267513751984,0.026973784901201725
3287,0.02717587538063526,0.02696495894342661
3288,0.027095574885606766,0.026964922957122325
3289,0.02779562398791313,0.026967085786163806
3290,0.025753725320100784,0.026951945628970863
3291,0.026788299903273582,0.026954402662813664
3292,0.02651244029402733,0.02694705322384834
3293,0.027272025123238564,0.026950610801577568
3294,0.026780135929584503,0.026952201202511787
3295,0.026671309024095535,0.026947618667036294
3296,0.026521027088165283,0.02694658687338233
3297,0.02614034339785576,0.026934658121317626
3298,0.02572302520275116,0.02692120095714927
3299,0.027054524049162865,0.02692375559359789
3300,0.026286039501428604,0.02690181951969862
3301,0.02744908258318901,0.02690258903428912
3302,0.027132375165820122,0.026905176676809788
3303,0.02720748819410801,0.026909920070320368
3304,0.02621230110526085,0.02691461717709899
3305,0.02578350529074669,0.02689966734498739
3306,0.025830335915088654,0.02688532380387187
3307,0.026677068322896957,0.0268823572807014
3308,0.02742728963494301,0.02689106423407793
3309,0.027511045336723328,0.026893859822303058
3310,0.025512561202049255,0.026877659615129234
3311,0.026372447609901428,0.0268741711974144
3312,0.026756063103675842,0.0268739297054708
3313,0.02550612762570381,0.026865956392139196
3314,0.026875833049416542,0.02686262086033821
3315,0.02644426003098488,0.026851687394082547
3316,0.026371870189905167,0.026847358159720898
3317,0.02651982381939888,0.026850416548550127
3318,0.026380062103271484,0.026844599172472953
3319,0.02613067999482155,0.026834744308143855
3320,0.026420585811138153,0.02683010609820485
3321,0.027512434870004654,0.02683240542188287
3322,0.027256695553660393,0.026834595073014497
3323,0.026280807331204414,0.026828708499670027
3324,0.026495102792978287,0.026820410527288913
3325,0.026329124346375465,0.026812783107161522
3326,0.026588402688503265,0.026806572265923024
3327,0.028021004050970078,0.02681330742314458
3328,0.026656337082386017,0.026811891365796328
3329,0.026135828346014023,0.026802358850836754
3330,0.02609969489276409,0.026786930803209544
3331,0.02651328779757023,0.026784787643700837
3332,0.02725669927895069,0.026789863370358945
3333,0.026270903646945953,0.02678553108125925
3334,0.026336759328842163,0.026775122322142124
3335,0.02629203349351883,0.026768545247614385
3336,0.025745049118995667,0.026747477427124976
3337,0.026402093470096588,0.026735284104943274
3338,0.02617437019944191,0.02672085404396057
3339,0.026822037994861603,0.026719957254827023
3340,0.02610718458890915,0.026713288687169552
3341,0.02725701406598091,0.02670199580490589
3342,0.02616070955991745,0.026698100846260786
3343,0.025908213108778,0.02668286019936204
3344,0.026332732290029526,0.02667575195431709
3345,0.026486150920391083,0.02667752414941788
3346,0.02670460380613804,0.026676672976464033
3347,0.02682502381503582,0.026678701639175417
3348,0.026838045567274094,0.026674829442054033
3349,0.02619316056370735,0.0266716649569571
3350,0.027044273912906647,0.02667101452127099
3351,0.027336906641721725,0.026669826693832874
3352,0.026425376534461975,0.026671189963817597
3353,0.02602504938840866,0.026657954640686512
3354,0.026482313871383667,0.026647976487874984
3355,0.026358652859926224,0.02664002262055874
3356,0.026772938668727875,0.026627164129167796
3357,0.026273492723703384,0.026627458427101375
3358,0.025795284658670425,0.026608857270330192
3359,0.02605127915740013,0.026603771578520535
3360,0.026287123560905457,0.02659823240712285
3361,0.025692090392112732,0.026591574903577567
3362,0.02574799954891205,0.026577759105712175
3363,0.026156701147556305,0.026566778477281332
3364,0.027181796729564667,0.026570611093193294
3365,0.026214541867375374,0.026561466902494432
3366,0.02632678672671318,0.026559659633785485
3367,0.026328425854444504,0.026546572148799897
3368,0.026714077219367027,0.02655549915507436
3369,0.026183420792222023,0.02655064160004258
3370,0.025452084839344025,0.02654112096875906
3371,0.02589390054345131,0.026522918455302715
3372,0.025891128927469254,0.026519826240837575
3373,0.025748752057552338,0.026510522700846195
3374,0.02695286087691784,0.026520132832229138
3375,0.025705985724925995,0.026511995196342467
3376,0.025898367166519165,0.026501579228788614
3377,0.026408500969409943,0.026505798008292912
3378,0.026077281683683395,0.026504957135766744
3379,0.02664385922253132,0.02649394016712904
3380,0.027182940393686295,0.02650342971086502
3381,0.025559697300195694,0.026490409802645446
3382,0.02619048021733761,0.02648616686463356
3383,0.02582409605383873,0.026477860398590566
3384,0.026072345674037933,0.026469997838139536
3385,0.02604128047823906,0.026457886416465043
3386,0.02573385089635849,0.026447682250291107
3387,0.025515766814351082,0.026431081164628268
3388,0.025751490145921707,0.026417640317231417
3389,0.02580677904188633,0.026397751867771147
3390,0.025773828849196434,0.026397952903062107
3391,0.02700779028236866,0.026400147806853055
3392,0.026290439069271088,0.026397927794605494
3393,0.025991082191467285,0.02638511836528778
3394,0.025775495916604996,0.026375071965157985
3395,0.02647778019309044,0.026373136676847934
3396,0.02621135115623474,0.02637003991752863
3397,0.026208672672510147,0.026370723210275174
3398,0.025266587734222412,0.026366158835589886
3399,0.026256058365106583,0.026358174178749322
3400,0.02645639330148697,0.026359877716749906
3401,0.02581368014216423,0.02634352369233966
3402,0.026379983872175217,0.02633599977940321
3403,0.02600567787885666,0.026323981676250698
3404,0.025621697306632996,0.026318075638264417
3405,0.026288239285349846,0.026323122978210448
3406,0.02592296525835991,0.02632404927164316
3407,0.025681287050247192,0.026314091458916663
3408,0.025946171954274178,0.026299280282109976
3409,0.02619313634932041,0.026286101192235945
3410,0.02541150152683258,0.02628509059548378
3411,0.026719357818365097,0.026288559697568416
3412,0.026123106479644775,0.026282230131328105
3413,0.0261978879570961,0.02628914773464203
3414,0.025828776881098747,0.026278677172958852
3415,0.026626313105225563,0.026280497703701257
3416,0.025628570467233658,0.026273064706474544
3417,0.025228533893823624,0.02626015180721879
3418,0.02636544406414032,0.02626000562682748
3419,0.02619030326604843,0.026260601859539746
3420,0.025970950722694397,0.02625610550865531
3421,0.026171941310167313,0.026242700573056936
3422,0.025530483573675156,0.026225438453257085
3423,0.026236452162265778,0.026224994901567697
3424,0.026145322248339653,0.026221497096121312
3425,0.0261064600199461,0.02621927045285702
3426,0.025816844776272774,0.02621155487373471
3427,0.02604275569319725,0.026191772390156985
3428,0.025967005640268326,0.026184879075735808
3429,0.025791652500629425,0.026181437317281963
3430,0.02660045400261879,0.02618644490838051
3431,0.02554701641201973,0.026176782194525003
3432,0.02586415782570839,0.02616285677999258
3433,0.026043593883514404,0.026160583682358265
3434,0.026049908250570297,0.026157715171575547
3435,0.026576660573482513,0.026160561442375184
3436,0.02605649083852768,0.026163675859570502
3437,0.026671547442674637,0.026166370399296285
3438,0.02570943906903267,0.026161721087992192
3439,0.025849465280771255,0.026151995360851287
3440,0.025754837319254875,0.026148471888154744
3441,0.02673850581049919,0.02614328680559993
3442,0.025982879102230072,0.026141508501023054
3443,0.02596045471727848,0.02614203091710806
3444,0.02589811012148857,0.026137684695422648
3445,0.02519780397415161,0.026124801225960254
3446,0.026355579495429993,0.026121310982853176
3447,0.02648821473121643,0.02611794289201498
3448,0.025606274604797363,0.026105625182390214
3449,0.02592739835381508,0.02610296756029129
3450,0.026317182928323746,0.026095696650445463
3451,0.025878407061100006,0.026081111654639243
3452,0.02624855935573578,0.026079343482851982
3453,0.025704344734549522,0.02607613643631339
3454,0.025547295808792114,0.026066786255687476
3455,0.02542434260249138,0.026057443153113126
3456,0.025280606001615524,0.026042519826442
3457,0.025890927761793137,0.0260386941768229
3458,0.027213972061872482,0.02605288105085492
3459,0.025749236345291138,0.02604986062273383
3460,0.02584576979279518,0.026045447085052728
3461,0.025339463725686073,0.02604192081838846
3462,0.02616780623793602,0.0260461188852787
3463,0.02654372528195381,0.026049989126622677
3464,0.025804253295063972,0.026036213692277668
3465,0.02629254385828972,0.026036993712186814
3466,0.02576109766960144,0.026031336821615694
3467,0.025850431993603706,0.026026556883007288
3468,0.026379980146884918,0.026023215912282467
3469,0.025452852249145508,0.0260159102268517
3470,0.02641775831580162,0.026025566961616276
3471,0.025414418429136276,0.026020772140473127
3472,0.02612273395061493,0.026023088190704584
3473,0.02597113884985447,0.026025312058627605
3474,0.026318266987800598,0.026018966119736434
3475,0.02513786032795906,0.026013284865766765
3476,0.025997407734394073,0.026014275271445512
3477,0.025598539039492607,0.02600617565214634
3478,0.025171758607029915,0.025997120421379805
3479,0.02499242313206196,0.02598060606047511
3480,0.025721434503793716,0.025965991001576184
3481,0.026553524658083916,0.025975929275155067
3482,0.02636922150850296,0.02597771668806672
3483,0.026398902758955956,0.025983464755117893
3484,0.02594286948442459,0.02598216999322176
3485,0.025946777313947678,0.025981224961578845
3486,0.026126326993107796,0.025985149722546338
3487,0.025678398087620735,0.025986776035279036
3488,0.025548458099365234,0.025984745714813472
3489,0.026144837960600853,0.025988126304000617
3490,0.026204869151115417,0.025992436707019805
3491,0.026147644966840744,0.025983835253864527
3492,0.02505856566131115,0.025971516519784927
3493,0.026092538610100746,0.02597253108397126
3494,0.02540889009833336,0.025968865025788546
3495,0.025659432634711266,0.025960681550204753
3496,0.026349326595664024,0.025962061304599045
3497,0.025872670114040375,0.02595870127901435
3498,0.025980545207858086,0.025965840853750706
3499,0.02593230828642845,0.025962603352963923
3500,0.025467868894338608,0.02595271810889244
3501,0.026160206645727158,0.02595618337392807
3502,0.025854602456092834,0.025950929559767247
3503,0.025201212614774704,0.025942884907126425
3504,0.02608107402920723,0.025947478674352167
3505,0.026678375899791718,0.02595138004049659
3506,0.025575069710612297,0.025947901085019112
3507,0.026317603886127472,0.025954264253377914
3508,0.02605002000927925,0.025955302733927967
3509,0.02636440470814705,0.02595701541751623
3510,0.025409970432519913,0.025957000106573105
3511,0.025478333234786987,0.025944589860737322
3512,0.025639807805418968,0.025939756873995065
3513,0.025368351489305496,0.02593146150931716
3514,0.025119667872786522,0.02592437041923404
3515,0.02516772970557213,0.025909784585237502
3516,0.024807661771774292,0.02590157549828291
3517,0.025427047163248062,0.025903560630977155
3518,0.025606486946344376,0.025895971059799194
3519,0.025598883628845215,0.02589005686342716
3520,0.02514633536338806,0.0258818107098341
3521,0.02571762725710869,0.025877267569303513
3522,0.026333598420023918,0.025885298717767
3523,0.025630811229348183,0.025879242308437824
3524,0.02547592669725418,0.02587254835292697
3525,0.025507982820272446,0.025866563580930233
3526,0.025418486446142197,0.025862579997628928
3527,0.025396330282092094,0.025856115743517875
3528,0.02560444548726082,0.025852490141987802
3529,0.025197217240929604,0.0258465457893908
3530,0.026099946349859238,0.025841540712863206
3531,0.02621123194694519,0.02584818286821246
3532,0.025853600353002548,0.025848077293485403
3533,0.025680897757411003,0.025844450332224368
3534,0.02597949281334877,0.025843746177852154
3535,0.025167221203446388,0.025829651784151794
3536,0.02557072602212429,0.025824794135987757
3537,0.02536590024828911,0.025811737664043904
3538,0.025656336918473244,0.02581120664253831
3539,0.025294801220297813,0.025805660001933576
3540,0.025451242923736572,0.025802624057978393
3541,0.025828106328845024,0.02579352006316185
3542,0.02580612152814865,0.025791752487421035
3543,0.02597697079181671,0.025791917648166417
3544,0.025378718972206116,0.025786723736673595
3545,0.025113070383667946,0.025785876400768758
3546,0.025454461574554443,0.025776865221560002
3547,0.025262536481022835,0.025764608439058066
3548,0.024635683745145798,0.02575490253046155
3549,0.02614222653210163,0.025757050812244414
3550,0.025275692343711853,0.025746635906398297
3551,0.026552405208349228,0.02575337588787079
3552,0.02499552071094513,0.02574084550142288
3553,0.025699540972709656,0.025740797463804484
3554,0.025623910129070282,0.025741563607007266
3555,0.026355434209108353,0.025750874523073435
3556,0.025589561089873314,0.025753964073956012
3557,0.026099033653736115,0.02575604513287544
3558,0.025204218924045563,0.025735947601497174
3559,0.025162365287542343,0.025730078890919685
3560,0.02529558353126049,0.02572457702830434
3561,0.02604677528142929,0.02573165014386177
3562,0.026160042732954025,0.025731572508811952
3563,0.026054231449961662,0.02572667757049203
3564,0.0252024345099926,0.025720659382641314
3565,0.024725686758756638,0.025704990811645984
3566,0.026525625959038734,0.02571263609454036
3567,0.02527432143688202,0.02570687498897314
3568,0.02545730024576187,0.02569764818996191
3569,0.02493131533265114,0.025692432820796966
3570,0.025573434308171272,0.025683989580720663
3571,0.026357967406511307,0.025693425070494415
3572,0.02536366507411003,0.025685834381729365
3573,0.024548038840293884,0.025671603381633757
3574,0.025606472045183182,0.025664485432207583
3575,0.025188596919178963,0.025664992798119783
3576,0.025539487600326538,0.02566041359677911
3577,0.02527611143887043,0.025657189320772888
3578,0.025405792519450188,0.02565952965989709
3579,0.02585967257618904,0.02566820215433836
3580,0.025369849056005478,0.025664686299860476
3581,0.02564173750579357,0.025655568428337574
3582,0.02599986642599106,0.025651874877512457
3583,0.025023750960826874,0.025638123359531164
3584,0.025652330368757248,0.02563521796837449
3585,0.024575289338827133,0.025621503088623286
3586,0.025334037840366364,0.02561358019709587
3587,0.02547622099518776,0.025611558426171542
3588,0.02592211589217186,0.025615295004099606
3589,0.026264715939760208,0.025616493783891203
3590,0.025656746700406075,0.025611012559384107
3591,0.025708328932523727,0.025606619399040936
3592,0.025531869381666183,0.02561135243624449
3593,0.025929195806384087,0.02560971900820732
3594,0.025527242571115494,0.025610902532935142
3595,0.025977103039622307,0.025614079236984253
3596,0.025546381250023842,0.025606049783527852
3597,0.02461273968219757,0.025593450479209422
3598,0.024753347039222717,0.02558117849752307
3599,0.025518950074911118,0.025577044915407895
3600,0.025366615504026413,0.025576032381504774
3601,0.02647113800048828,0.025579141695052387
3602,0.025493862107396126,0.025575534291565418
3603,0.02682100608944893,0.02559173222631216
3604,0.02532307058572769,0.025584152191877364
3605,0.025349773466587067,0.02557086616754532
3606,0.02498750574886799,0.025564990527927874
3607,0.024225708097219467,0.025544071570038795
3608,0.0254104845225811,0.025537676215171813
3609,0.025269364938139915,0.025526725817471743
3610,0.025203969329595566,0.025524665806442498
3611,0.025125978514552116,0.02552114225924015
3612,0.0252525694668293,0.025517269875854252
3613,0.025133777409791946,0.025514924135059118
3614,0.02501067705452442,0.025513834226876496
3615,0.025149770081043243,0.025513654630631207
3616,0.02502353861927986,0.025515813399106264
3617,0.02514674887061119,0.025513010416179895
3618,0.02568347193300724,0.025513780266046525
3619,0.02542787604033947,0.025512070190161468
3620,0.025973154231905937,0.025520338378846645
3621,0.02493935264647007,0.02551255563274026
3622,0.025579914450645447,0.025505018793046473
3623,0.02529105544090271,0.02550162123516202
3624,0.02565877139568329,0.02550344968214631
3625,0.025458935648202896,0.025502959210425617
3626,0.02627301961183548,0.02551150454208255
3627,0.024809598922729492,0.025505637228488923
3628,0.024995263665914536,0.025499545410275458
3629,0.024607256054878235,0.025493645798414944
3630,0.02576378732919693,0.025490284208208324
3631,0.025268107652664185,0.02548085296526551
3632,0.02504400908946991,0.025472757052630187
3633,0.02553611993789673,0.02547130927443504
3634,0.025150258094072342,0.025463016927242278
3635,0.02470915950834751,0.02545843631029129
3636,0.02539486438035965,0.025456677693873643
3637,0.02516358718276024,0.025454654563218354
3638,0.02491922862827778,0.0254472834803164
3639,0.02529751881957054,0.02544731065630913
3640,0.025163589045405388,0.025444434117525817
3641,0.02531544677913189,0.025439307522028685
3642,0.0245269276201725,0.025426515582948922
3643,0.02468746341764927,0.025413620509207247
3644,0.024890273809432983,0.02540873605757952
3645,0.025158561766147614,0.025409190971404313
3646,0.02501951903104782,0.025404841545969246
3647,0.025782763957977295,0.025410043820738793
3648,0.024901045486330986,0.025412697438150646
3649,0.024964364245533943,0.025400918815284966
3650,0.025026194751262665,0.025398423839360477
3651,0.024831248447299004,0.025381212271749973
3652,0.024930056184530258,0.025380557626485823
3653,0.024968668818473816,0.025373248904943465
3654,0.025874940678477287,0.025375759210437537
3655,0.02507888898253441,0.025362993758171797
3656,0.02577090822160244,0.025364807229489087
3657,0.024985305964946747,0.025353669952601195
3658,0.024799570441246033,0.0253496234677732
3659,0.02471289038658142,0.02534512871876359
3660,0.024961717426776886,0.025341790057718753
3661,0.024863382801413536,0.025329956132918597
3662,0.025097280740737915,0.025319328512996436
3663,0.024881798774003983,0.025307604186236857
3664,0.024621624499559402,0.025301796086132526
3665,0.025086535140872,0.02530540456995368
3666,0.0245753675699234,0.025285901986062526
3667,0.02567165531218052,0.02528987532481551
3668,0.024970170110464096,0.025285004023462534
3669,0.024485521018505096,0.025280546080321074
3670,0.024879619479179382,0.025273607932031154
3671,0.02512613870203495,0.02526128964498639
3672,0.024734972044825554,0.025255002714693546
3673,0.024506203830242157,0.02525458436459303
3674,0.024930506944656372,0.02524782471358776
3675,0.024789094924926758,0.025243829693645237
3676,0.024264385923743248,0.025231078676879407
3677,0.025775086134672165,0.025236068423837424
3678,0.02405741438269615,0.025222584642469882
3679,0.024731308221817017,0.025211300998926163
3680,0.024750428274273872,0.025205106791108847
3681,0.024442918598651886,0.02519311860203743
3682,0.024920331314206123,0.02518232325091958
3683,0.024379458278417587,0.025175880324095488
3684,0.025776762515306473,0.02517712464556098
3685,0.02485601045191288,0.025179931856691838
3686,0.02535868249833584,0.02518017830327153
3687,0.024452704936265945,0.025169943142682314
3688,0.025509636849164963,0.025165818352252244
3689,0.02671556919813156,0.025170326884835958
3690,0.025040168315172195,0.025164161100983618
3691,0.02589420974254608,0.025166019909083844
3692,0.024387642741203308,0.025154577642679213
3693,0.024939637631177902,0.025144682060927154
3694,0.02609645202755928,0.02515037415549159
3695,0.02460523322224617,0.02513665545731783
3696,0.024947213008999825,0.02513066377490759
3697,0.02528277412056923,0.025137364119291305
3698,0.024767901748418808,0.025137509666383267
3699,0.024178341031074524,0.0251241035759449
3700,0.02530079334974289,0.025123445354402064
3701,0.025055522099137306,0.025109289195388556
3702,0.024782244116067886,0.025102173015475272
3703,0.024918410927057266,0.025083147063851355
3704,0.02504885569214821,0.02508040491491556
3705,0.025034386664628983,0.025077251046895982
3706,0.02488982118666172,0.025076274201273917
3707,0.024778226390480995,0.025081799384206533
3708,0.024601511657238007,0.0250737096555531
3709,0.025106918066740036,0.025072085186839104
3710,0.025288768112659454,0.025072933174669743
3711,0.02421117201447487,0.02506378510966897
3712,0.025357119739055634,0.025064830612391235
3713,0.025902163237333298,0.02507251447066665
3714,0.024627722799777985,0.025068684928119183
3715,0.024990826845169067,0.02506709549576044
3716,0.025365810841321945,0.025070518217980862
3717,0.0246480330824852,0.0250655310600996
3718,0.024915874004364014,0.02505785508081317
3719,0.024703219532966614,0.02505060851573944
3720,0.024921707808971405,0.025040094051510097
3721,0.024500008672475815,0.025035700611770153
3722,0.025490760803222656,0.025034809075295924
3723,0.02493688091635704,0.02503126733005047
3724,0.024746952578425407,0.02502214914187789
3725,0.024853453040122986,0.02501609431579709
3726,0.02579433098435402,0.025011307429522275
3727,0.02440088428556919,0.025007220283150673
3728,0.024551309645175934,0.025002780742943286
3729,0.024892499670386314,0.025005633179098367
3730,0.025111103430390358,0.0249991063401103
3731,0.024014659225940704,0.024986571855843066
3732,0.024963703006505966,0.02498576879501343
3733,0.025254908949136734,0.024982956685125828
3734,0.024862632155418396,0.02498008042573929
3735,0.02489204704761505,0.024981909301131963
3736,0.024339590221643448,0.024971356559544803
3737,0.02465870790183544,0.024966307766735554
3738,0.02430102229118347,0.02496012570336461
3739,0.024593736976385117,0.024953087884932758
3740,0.02444094978272915,0.024945861492305994
3741,0.0256296806037426,0.0249490038305521
3742,0.025389812886714935,0.024957632683217525
3743,0.02515321969985962,0.024962290246039628
3744,0.024191783741116524,0.024955305345356463
3745,0.02514614909887314,0.02495518121868372
3746,0.02464457042515278,0.02495143173262477
3747,0.023402072489261627,0.024927624817937612
3748,0.024138186126947403,0.024919996224343776
3749,0.02521989308297634,0.024922551512718202
3750,0.02490990236401558,0.02492138858884573
3751,0.024639513343572617,0.024919471237808466
3752,0.024215945973992348,0.024912330135703088
3753,0.024537865072488785,0.024908022098243235
3754,0.024921879172325134,0.024898491483181715
3755,0.024384798482060432,0.024891550578176977
3756,0.024535581469535828,0.02487919731065631
3757,0.024948105216026306,0.024878825303167106
3758,0.024618063122034073,0.024877010229974985
3759,0.024761758744716644,0.024877498913556336
3760,0.02458212524652481,0.024873702991753815
3761,0.02554686740040779,0.024880537837743757
3762,0.024870015680789948,0.02487826518714428
3763,0.024759285151958466,0.024877040050923824
3764,0.02495097927749157,0.024880333598703147
3765,0.02483641915023327,0.02487783243879676
3766,0.024872401729226112,0.024880802780389785
3767,0.024574507027864456,0.024869831297546625
3768,0.025437960401177406,0.024874509200453757
3769,0.024091370403766632,0.024870567694306372
3770,0.024325335398316383,0.024865024853497744
3771,0.024540968239307404,0.02485917314887047
3772,0.024914748966693878,0.024860970918089153
3773,0.02493467926979065,0.024865255672484637
3774,0.02520216815173626,0.024867972284555437
3775,0.02549641579389572,0.024875045493245124
3776,0.02579716220498085,0.024890373256057502
3777,0.025084542110562325,0.024883467815816403
3778,0.02429017424583435,0.024885795414447784
3779,0.02514984831213951,0.024889980815351008
3780,0.024450141936540604,0.024886977951973678
3781,0.02511584199965,0.024893707185983657
3782,0.02527911588549614,0.02489729503169656
3783,0.0244807917624712,0.024898308366537093
3784,0.023778410628437996,0.024878324847668408
3785,0.025229021906852722,0.024882054962217806
3786,0.02405182644724846,0.024868986401706934
3787,0.02416910231113434,0.024866150375455618
3788,0.025398805737495422,0.024865042064338923
3789,0.025606155395507812,0.024853947926312684
3790,0.024328235536813736,0.0248468285985291
3791,0.024453211575746536,0.024832418616861106
3792,0.024268392473459244,0.024831226114183664
3793,0.024423126131296158,0.024826060999184846
3794,0.02518031932413578,0.024816899672150613
3795,0.02497604861855507,0.0248206078261137
3796,0.024272654205560684,0.02481386223807931
3797,0.02494305744767189,0.024810465071350336
3798,0.024104584008455276,0.0248038318939507
3799,0.024884652346372604,0.02481089500710368
3800,0.024693258106708527,0.02480481965467334
3801,0.024038460105657578,0.02479464903473854
3802,0.02415112778544426,0.024788337871432305
3803,0.025307271629571915,0.02479222647845745
3804,0.024461280554533005,0.0247863507270813
3805,0.02491920068860054,0.024785198867321015
3806,0.024773843586444855,0.024784039091318846
3807,0.02398493140935898,0.024776106141507624
3808,0.02476474642753601,0.024777738489210607
3809,0.024226639419794083,0.024768935702741145
3810,0.024344567209482193,0.024759493693709375
3811,0.025393996387720108,0.024771321937441824
3812,0.025036778301000595,0.024768118523061277
3813,0.024409327656030655,0.024753190167248248
3814,0.025189824402332306,0.02475881118327379
3815,0.024218499660491943,0.024751087911427022
3816,0.02537982352077961,0.024751228038221596
3817,0.024232342839241028,0.024747071135789157
3818,0.024321334436535835,0.024741125740110875
3819,0.02434859797358513,0.02473757952451706
3820,0.024164892733097076,0.024730011373758316
3821,0.024533230811357498,0.02473034359514713
3822,0.025473613291978836,0.024730172120034696
3823,0.02495301142334938,0.02473033342510462
3824,0.024552319198846817,0.024728387091308833
3825,0.023920875042676926,0.024719061311334372
3826,0.02452247589826584,0.02470634276047349
3827,0.023749127984046936,0.024699825197458267
3828,0.024841994047164917,0.024702732041478156
3829,0.024533331394195557,0.02469914035871625
3830,0.025661727413535118,0.024704646598547698
3831,0.024277357384562492,0.024707273580133915
3832,0.02467940002679825,0.024704430550336838
3833,0.02421390637755394,0.02469402052462101
3834,0.02478909306228161,0.02469328513368964
3835,0.024263527244329453,0.024686999935656786
3836,0.025410650297999382,0.024697710536420347
3837,0.02501530572772026,0.024701276514679193
3838,0.024703500792384148,0.0247053012996912
3839,0.024598293006420135,0.02470534685999155
3840,0.02428123727440834,0.024703749734908343
3841,0.024942530319094658,0.02469687823206186
3842,0.02524418756365776,0.024695421978831292
3843,0.024848077446222305,0.024692370556294918
3844,0.02389087900519371,0.02468936150893569
3845,0.024166081100702286,0.02467956082895398
3846,0.0244724303483963,0.024677839428186417
3847,0.023937448859214783,0.024683193191885947
3848,0.024402014911174774,0.02468583147972822
3849,0.024854212999343872,0.0246821746788919
3850,0.024792496114969254,0.024681000616401435
3851,0.023590708151459694,0.024670512564480305
3852,0.024348393082618713,0.02467183703556657
3853,0.02442849427461624,0.024670743327587844
3854,0.023672234266996384,0.024658246878534556
3855,0.023961899802088737,0.02465401789173484
3856,0.023689348250627518,0.024645555559545756
3857,0.025128092616796494,0.024647355433553456
3858,0.02474052459001541,0.02464858004823327
3859,0.025223523378372192,0.024653197694569827
3860,0.024637073278427124,0.02465374717488885
3861,0.02435598336160183,0.02464183833450079
3862,0.02418643981218338,0.024635002575814725
3863,0.024129904806613922,0.024628708772361278
3864,0.024532705545425415,0.024624526035040617
3865,0.024406876415014267,0.024620230607688427
3866,0.024474525824189186,0.024616251848638058
3867,0.0237724632024765,0.02460823141038418
3868,0.024418095126748085,0.024598032757639884
3869,0.024509213864803314,0.024602211192250253
3870,0.024555843323469162,0.02460451627150178
3871,0.02441568672657013,0.024603263456374407
3872,0.02440529689192772,0.024598168935626746
3873,0.02476617321372032,0.024596483875066043
3874,0.02467762865126133,0.024591238480061294
3875,0.02449885383248329,0.024581262860447168
3876,0.02372547797858715,0.024560546018183232
3877,0.024471618235111237,0.024554416779428722
3878,0.024541562423110008,0.024556930661201477
3879,0.024888906627893448,0.024554321244359016
3880,0.024369625374674797,0.02455351607874036
3881,0.024461019784212112,0.02454696785658598
3882,0.025217723101377487,0.024546353928744793
3883,0.024745697155594826,0.024549002982676028
3884,0.02453642711043358,0.024556583147495984
3885,0.024074312299489975,0.02454503605142236
3886,0.024887703359127045,0.024553394820541145
3887,0.025054240599274635,0.024562246203422546
3888,0.024752624332904816,0.02455578438937664
3889,0.024362903088331223,0.024543351866304873
3890,0.024293098598718643,0.024543000496923924
3891,0.023964611813426018,0.02453811449930072
3892,0.024996358901262283,0.02454539416357875
3893,0.024665329605340958,0.024547816198319198
3894,0.0241241455078125,0.024537254460155963
3895,0.024506941437721252,0.024532563388347625
3896,0.024099748581647873,0.0245308343321085
3897,0.024224095046520233,0.02452364470809698
3898,0.023674583062529564,0.024519344698637723
3899,0.024589475244283676,0.024516392927616835
3900,0.02415744960308075,0.02451103484258056
3901,0.023775935173034668,0.02450840959325433
3902,0.024188369512557983,0.024508782010525466
3903,0.02389366179704666,0.024494645912200214
3904,0.02408946305513382,0.024490927737206222
3905,0.024756330996751785,0.024489299040287734
3906,0.024484241381287575,0.02448640301823616
3907,0.02437427267432213,0.02449029643088579
3908,0.023849882185459137,0.024481147788465024
3909,0.02366497367620468,0.02447553113102913
3910,0.023828238248825073,0.024470367841422556
3911,0.024218516424298286,0.02445861304178834
3912,0.024575263261795044,0.024453997891396285
3913,0.024795906618237495,0.024457863681018353
3914,0.02416204661130905,0.02444758590310812
3915,0.024360291659832,0.02444900382310152
3916,0.023731185123324394,0.024432517439126968
3917,0.02471863478422165,0.024437380358576774
3918,0.02384061925113201,0.024432573206722735
3919,0.024459507316350937,0.024433682300150396
3920,0.02413955330848694,0.024433428905904293
3921,0.02454596385359764,0.024433556236326693
3922,0.024698201566934586,0.024425802119076252
3923,0.023764334619045258,0.02441391535103321
3924,0.024233132600784302,0.024410723485052587
3925,0.023709289729595184,0.024408607631921767
3926,0.02418522536754608,0.02440523512661457
3927,0.024196617305278778,0.024409710019826888
3928,0.024843648076057434,0.024409726560115814
3929,0.024519316852092743,0.024409586414694786
3930,0.02378915250301361,0.02439086066558957
3931,0.023547321557998657,0.024383560307323932
3932,0.02425389364361763,0.024379305243492126
3933,0.024369817227125168,0.02438086435198784
3934,0.02344546839594841,0.024367428105324506
3935,0.024101028218865395,0.024365803115069865
3936,0.023666512221097946,0.02434836173430085
3937,0.02494766190648079,0.024347685296088457
3938,0.024165470153093338,0.02434230498969555
3939,0.024330351501703262,0.02433962557464838
3940,0.023487191647291183,0.02433168511837721
3941,0.02416522055864334,0.024323912020772696
3942,0.024378318339586258,0.02431525332853198
3943,0.023594148457050323,0.02430271403864026
3944,0.023788874968886375,0.024301693998277186
3945,0.02451511099934578,0.024305184297263624
3946,0.024164609611034393,0.024302106089890002
3947,0.02462896890938282,0.024309021290391683
3948,0.023654960095882416,0.02430155074223876
3949,0.024626173079013824,0.02429927034303546
3950,0.02329358458518982,0.024284281227737667
3951,0.02436242625117302,0.024291998408734798
3952,0.023667963221669197,0.024285194110125304
3953,0.023472977802157402,0.024275638945400715
3954,0.024092135950922966,0.02427983796223998
3955,0.02403559908270836,0.024280574955046177
3956,0.024197280406951904,0.02428565427660942
3957,0.024317216128110886,0.024277545511722565
3958,0.02379419282078743,0.024268082194030285
3959,0.023426562547683716,0.0242501125857234
3960,0.02394026145339012,0.02424314446747303
3961,0.024648316204547882,0.02424606779590249
3962,0.024128921329975128,0.02424549261108041
3963,0.02451559156179428,0.02424934947863221
3964,0.024267086759209633,0.024246693290770054
3965,0.023995477706193924,0.02424257930368185
3966,0.023901674896478653,0.024236850794404744
3967,0.023561516776680946,0.02423474133014679
3968,0.02362367883324623,0.02422679716721177
3969,0.023848574608564377,0.024220190774649382
3970,0.02360992506146431,0.024210731592029335
3971,0.024096041917800903,0.024207535143941642
3972,0.023836839944124222,0.024201850574463606
3973,0.02371273562312126,0.024191316198557616
3974,0.023957837373018265,0.024184118285775186
3975,0.024377301335334778,0.0241829027608037
3976,0.02420089952647686,0.024187656976282598
3977,0.025055523961782455,0.024193496033549308
3978,0.023773230612277985,0.02418581271544099
3979,0.024418842047452927,0.024181112069636582
3980,0.02378499135375023,0.02417526572942734
3981,0.02367463894188404,0.024167401921004056
3982,0.024089012295007706,0.02415611481294036
3983,0.024669069796800613,0.024155348539352417
3984,0.024162426590919495,0.024151608534157275
3985,0.024250809103250504,0.02415337350219488
3986,0.02414470724761486,0.02414594354107976
3987,0.024836823344230652,0.02414376936852932
3988,0.024327034130692482,0.024139513466507195
3989,0.02382383495569229,0.024134122785180807
3990,0.022948000580072403,0.024120671804994345
3991,0.024464957416057587,0.02412567526102066
3992,0.023922277614474297,0.02411493444815278
3993,0.024201974272727966,0.02411030089482665
3994,0.02401707135140896,0.024109230153262617
3995,0.023718660697340965,0.024101347345858812
3996,0.024079833179712296,0.024101148191839457
3997,0.024697938933968544,0.02410588663071394
3998,0.02423730120062828,0.024111513812094927
3999,0.023430099710822105,0.024099920056760312
4000,0.023396650329232216,0.024092312064021827
4001,0.024824734777212143,0.0241028000600636
4002,0.02363051474094391,0.024097221512347458
4003,0.02426879107952118,0.024100972805172205
4004,0.02387557178735733,0.02409883389249444
4005,0.023804686963558197,0.024089317452162504
4006,0.0240665003657341,0.02408514004200697
4007,0.02397088333964348,0.024081106148660183
4008,0.02526971511542797,0.02409530447795987
4009,0.023638907819986343,0.02409504381939769
4010,0.024444403126835823,0.024101205468177796
4011,0.024616528302431107,0.024105185586959125
4012,0.02312389388680458,0.02409067189320922
4013,0.02404092811048031,0.024083122108131648
4014,0.024442829191684723,0.024085929933935404
4015,0.023580659180879593,0.02407813360914588
4016,0.02412308007478714,0.024082052558660506
4017,0.023500297218561172,0.0240698691830039
4018,0.0240178145468235,0.024071641135960817
4019,0.02458168938755989,0.024072862956672908
4020,0.024160031229257584,0.024073067735880613
4021,0.02450881525874138,0.024072696249932052
4022,0.02330089919269085,0.024058723226189613
4023,0.023501548916101456,0.024056095369160174
4024,0.023936716839671135,0.024053131211549044
4025,0.024615969508886337,0.024062198009341954
4026,0.024626659229397774,0.02406661234796047
4027,0.02403973788022995,0.024065043553709985
4028,0.0235755518078804,0.024052362591028213
4029,0.024070292711257935,0.024047872349619866
4030,0.024167094379663467,0.024051651768386365
4031,0.023451795801520348,0.02405069651082158
4032,0.024691123515367508,0.02405506880953908
4033,0.024544021114706993,0.0240568108484149
4034,0.025094017386436462,0.02407329633831978
4035,0.023774806410074234,0.024070034120231867
4036,0.023643579334020615,0.024069804791361095
4037,0.02370683290064335,0.02405739650130272
4038,0.024249672889709473,0.024058238528668882
4039,0.023997057229280472,0.024054905585944652
4040,0.024114355444908142,0.024061177223920822
4041,0.023944322019815445,0.024058968238532544
4042,0.02422875165939331,0.024057472571730614
4043,0.02395007386803627,0.024061031825840472
4044,0.02377333492040634,0.024060876425355673
4045,0.023666642606258392,0.0240523917414248
4046,0.023510146886110306,0.024045847114175557
4047,0.024011749774217606,0.024039674922823905
4048,0.02357824146747589,0.02403890773653984
4049,0.02367149107158184,0.02402936091646552
4050,0.024107471108436584,0.024037499781697988
4051,0.02290051430463791,0.024022880662232637
4052,0.023513346910476685,0.024021334499120712
4053,0.02311587892472744,0.024017763510346412
4054,0.023986464366316795,0.02401670679450035
4055,0.023442737758159637,0.024010778181254865
4056,0.023848064243793488,0.024007286019623278
4057,0.024361111223697662,0.024007724970579146
4058,0.02340017631649971,0.02400378480553627
4059,0.02364395000040531,0.024005958680063486
4060,0.022956235334277153,0.023996118418872357
4061,0.023742932826280594,0.023987064585089684
4062,0.023764517158269882,0.02398342054337263
4063,0.02376864105463028,0.02397595103830099
4064,0.023607928305864334,0.023969359453767537
4065,0.023546870797872543,0.023964873384684324
4066,0.023215660825371742,0.023958013243973255
4067,0.024368662387132645,0.023966084700077772
4068,0.023312881588935852,0.023962976727634668
4069,0.02343791350722313,0.023958870116621254
4070,0.023132076486945152,0.023954091630876063
4071,0.02419818937778473,0.023955113105475902
4072,0.02386709302663803,0.02395541563630104
4073,0.02302134409546852,0.023948501721024515
4074,0.02448997274041176,0.023953823074698448
4075,0.02394828200340271,0.02394953288137913
4076,0.02366427704691887,0.023944166656583547
4077,0.023635532706975937,0.023929966744035483
4078,0.02414211630821228,0.023933655600994825
4079,0.023932911455631256,0.023928796295076608
4080,0.02294980362057686,0.023920444417744876
4081,0.024007149040699005,0.023923769518733026
4082,0.02388470247387886,0.023921726420521736
4083,0.023964956402778625,0.023914685286581517
4084,0.023929497227072716,0.023912355992943047
4085,0.0236586332321167,0.02390643423423171
4086,0.023213429376482964,0.023897121455520393
4087,0.02362566813826561,0.023885009903460742
4088,0.023718617856502533,0.023878925740718843
4089,0.024034589529037476,0.023881033286452292
4090,0.02396276593208313,0.0238911809399724
4091,0.023268934339284897,0.023879220709204674
4092,0.023191319778561592,0.023871911130845545
4093,0.02421576902270317,0.0238720490783453
4094,0.02329198084771633,0.023864798173308374
4095,0.023742876946926117,0.023865040335804225
4096,0.023378323763608932,0.02385802524164319
4097,0.024537816643714905,0.023856424018740652
4098,0.02369348332285881,0.02385098583996296
4099,0.02401759847998619,0.0238568608276546
4100,0.024027399718761444,0.02386316832154989
4101,0.023071013391017914,0.02384563110768795
4102,0.024001354351639748,0.02384933950379491
4103,0.02320799045264721,0.023838731497526168
4104,0.0237639918923378,0.023837615698575974
4105,0.02399018034338951,0.023839470632374286
4106,0.023396063596010208,0.02383276626467705
4107,0.023700276389718056,0.023830060195177794
4108,0.023661300539970398,0.023813976049423216
4109,0.023924874141812325,0.02381683571264148
4110,0.024179477244615555,0.023814186453819275
4111,0.023619551211595535,0.02380421668291092
4112,0.02440674416720867,0.02381704518571496
4113,0.023272143676877022,0.02380935734137893
4114,0.023411016911268234,0.023799039218574763
4115,0.023221701383590698,0.023795449640601873
4116,0.023812897503376007,0.023792347814887763
4117,0.023835796862840652,0.023795702811330557
4118,0.024000298231840134,0.023795527648180725
4119,0.023613564670085907,0.023785846401005985
4120,0.024457067251205444,0.023788816761225462
4121,0.023164652287960052,0.02377537513151765
4122,0.0228926669806242,0.023771292809396983
4123,0.022893443703651428,0.023765211757272482
4124,0.024136625230312347,0.023767210841178894
4125,0.023837370797991753,0.023759424854069948
4126,0.02381237968802452,0.023751282058656217
4127,0.023425448685884476,0.02374513916671276
4128,0.023719547316432,0.023746579121798277
4129,0.023854244500398636,0.023744418639689683
4130,0.023302702233195305,0.023735774718225
4131,0.023714222013950348,0.023738398980349303
4132,0.024172836914658546,0.023733216114342214
4133,0.024850383400917053,0.023736279737204314
4134,0.02348114550113678,0.023720151018351315
4135,0.022564642131328583,0.02370804937556386
4136,0.02310161478817463,0.0237026297301054
4137,0.023162338882684708,0.023697184789925815
4138,0.023586366325616837,0.023690551724284886
4139,0.02316257730126381,0.02368220692500472
4140,0.024205947294831276,0.02368312284350395
4141,0.02418486401438713,0.02368552826344967
4142,0.02456105872988701,0.023688851334154607
4143,0.02347910962998867,0.02368414169177413
4144,0.023930195719003677,0.023685710299760104
4145,0.02369140088558197,0.02368595788255334
4146,0.023833584040403366,0.02368919225409627
4147,0.024050220847129822,0.02368957696482539
4148,0.023188374936580658,0.02368567829951644
4149,0.024397004395723343,0.023692933432757853
4150,0.023379066959023476,0.023685649391263722
4151,0.02324216067790985,0.023689065854996444
4152,0.02330137975513935,0.02368694618344307
4153,0.023468859493732452,0.023690475989133118
4154,0.023272568359971046,0.023683337029069662
4155,0.024475496262311935,0.023693664614111185
4156,0.02405943162739277,0.023695778287947177
4157,0.02366570010781288,0.02368882417678833
4158,0.024096593260765076,0.023695788346230984
4159,0.023532086983323097,0.02369466971606016
4160,0.023393649607896805,0.023699043858796356
4161,0.024333693087100983,0.023704951461404562
4162,0.023584745824337006,0.023703153748065232
4163,0.024065576493740082,0.02370612310245633
4164,0.023333918303251266,0.0237033830024302
4165,0.024029985070228577,0.023708214145153762
4166,0.0243150033056736,0.02371920756995678
4167,0.023764288052916527,0.02371316382661462
4168,0.024127036333084106,0.0237213053740561
4169,0.02268506959080696,0.02371377693489194
4170,0.023489942774176598,0.023717355597764254
4171,0.02329999767243862,0.02370837368071079
4172,0.023501824587583542,0.023704720996320247
4173,0.02291838824748993,0.02370369143784046
4174,0.023115988820791245,0.023689951598644256
4175,0.023201582953333855,0.023682484608143567
4176,0.023870017379522324,0.023684542011469602
4177,0.023168133571743965,0.023679868020117283
4178,0.023087970912456512,0.023669326566159724
4179,0.023798923939466476,0.023667986690998077
4180,0.023601079359650612,0.023674499448388814
4181,0.023791683837771416,0.02367234479635954
4182,0.023351971060037613,0.023667017482221126
4183,0.023944765329360962,0.02366681557148695
4184,0.023031551390886307,0.023657836113125087
4185,0.02284230664372444,0.023649672847241163
4186,0.02380475401878357,0.02365558609366417
4187,0.024233205243945122,0.023661661464720964
4188,0.02348533272743225,0.023659328613430262
4189,0.02357672154903412,0.023654749933630228
4190,0.024250781163573265,0.02365763008594513
4191,0.023897647857666016,0.02366391722112894
4192,0.02388361468911171,0.023670840170234443
4193,0.022841356694698334,0.023657096046954394
4194,0.023903552442789078,0.02366321176290512
4195,0.022406229749321938,0.02364984529092908
4196,0.024001669138669968,0.02365607874467969
4197,0.022940263152122498,0.023640103209763765
4198,0.02355184033513069,0.023638686779886484
4199,0.023633748292922974,0.023634848278015853
4200,0.023662960156798363,0.023631203882396222
4201,0.023360246792435646,0.023634096216410397
4202,0.023960964754223824,0.023633692320436238
4203,0.023156676441431046,0.02363317918032408
4204,0.023774076253175735,0.023633280023932456
4205,0.023401621729135513,0.02362739443778992
4206,0.02334866113960743,0.02362692041322589
4207,0.023078324273228645,0.023620700892060996
4208,0.02377833053469658,0.023621871192008256
4209,0.023355161771178246,0.023616174068301916
4210,0.023304134607315063,0.02360742064192891
4211,0.023609599098563194,0.023607321120798587
4212,0.023235782980918884,0.02359561150893569
4213,0.023456120863556862,0.023597451280802487
4214,0.022988684475421906,0.023593227956444026
4215,0.02354712411761284,0.023596482183784247
4216,0.023311909288167953,0.023591472301632166
4217,0.023234859108924866,0.02358546292409301
4218,0.023896969854831696,0.023584429640322924
4219,0.02315118908882141,0.02357980588451028
4220,0.023332849144935608,0.02356856370344758
4221,0.023032432422041893,0.023567241504788398
4222,0.022800395265221596,0.023566318787634374
4223,0.02336028963327408,0.0235709872469306
4224,0.023396098986268044,0.023563581984490156
4225,0.02311157062649727,0.023556323982775212
4226,0.023679697886109352,0.02355499716475606
4227,0.022535309195518494,0.0235460957698524
4228,0.02346758544445038,0.023543576151132582
4229,0.023154616355895996,0.023536579869687557
4230,0.023810192942619324,0.023541654776781797
4231,0.02311435155570507,0.023535656072199346
4232,0.023917976766824722,0.023533107470721005
4233,0.023417308926582336,0.023518776725977658
4234,0.02275434508919716,0.023511508721858265
4235,0.023242827504873276,0.02351829057559371
4236,0.023072078824043274,0.023517995215952395
4237,0.023252524435520172,0.023518897071480752
4238,0.022993003949522972,0.023512963447719814
4239,0.023326121270656586,0.02351459888741374
4240,0.02403881400823593,0.023512927554547786
4241,0.023129204288125038,0.023502370957285166
4242,0.023295080289244652,0.023489711172878742
4243,0.022683052346110344,0.023481750600039958
4244,0.02343359962105751,0.023476784639060496
4245,0.023672454059123993,0.02347659517079592
4246,0.023495808243751526,0.0234732174128294
4247,0.023807097226381302,0.023470786176621915
4248,0.02404717355966568,0.023479374162852763
4249,0.023270880803465843,0.023468112926930188
4250,0.023178350180387497,0.02346610575914383
4251,0.022821525111794472,0.023461899403482676
4252,0.02402525395154953,0.023469138145446777
4253,0.023661820217967033,0.023471067752689125
4254,0.02422727458178997,0.023480614814907312
4255,0.02291189879179001,0.023464978840202093
4256,0.023364335298538208,0.023458027876913548
4257,0.02349705621600151,0.023456341437995434
4258,0.023563694208860397,0.023451012447476386
4259,0.023555174469947815,0.023451243322342635
4260,0.023429038003087044,0.023451597206294538
4261,0.022817129269242287,0.02343643156811595
4262,0.023226045072078705,0.023432844560593368
4263,0.023268111050128937,0.023424869906157254
4264,0.023932378739118576,0.02343085451051593
4265,0.023958958685398102,0.023430144246667624
4266,0.024141691625118256,0.02342841112986207
4267,0.023749608546495438,0.02342826433479786
4268,0.02408643811941147,0.023427858352661132
4269,0.023621171712875366,0.023437219373881817
4270,0.023914285004138947,0.02344146279618144
4271,0.02485831081867218,0.023457045927643777
4272,0.023795388638973236,0.02345998156815767
4273,0.02400929108262062,0.02347089059650898
4274,0.02392330765724182,0.023478963784873484
4275,0.023473000153899193,0.023481677956879138
4276,0.024289768189191818,0.023485875464975835
4277,0.022713616490364075,0.023481330294162037
4278,0.02292921580374241,0.023479742743074895
4279,0.02315199375152588,0.02347327344119549
4280,0.02317100763320923,0.023468972723931072
4281,0.02499062940478325,0.023480962179601193
4282,0.02402389608323574,0.023487681429833172
4283,0.023251760751008987,0.023480751384049654
4284,0.022952398285269737,0.02347995985299349
4285,0.023276086896657944,0.023484297655522825
4286,0.0233334768563509,0.023479584883898497
4287,0.023579193279147148,0.023473044764250516
4288,0.02347046695649624,0.023472896106541158
4289,0.02446701005101204,0.023481798991560936
4290,0.02332179807126522,0.023472509160637856
4291,0.023226413875818253,0.02346579682081938
4292,0.02335132285952568,0.023460473902523517
4293,0.02316056378185749,0.02346366597339511
4294,0.023243390023708344,0.0234570643492043
4295,0.023818431422114372,0.023471186365932227
4296,0.02300110086798668,0.023461180683225395
4297,0.022968191653490067,0.02346145996823907
4298,0.023555738851428032,0.023461498953402042
4299,0.022940613329410553,0.023454567603766917
4300,0.02327895537018776,0.023450727555900813
4301,0.02279626578092575,0.023445087745785714
4302,0.023925384506583214,0.023444731943309306
4303,0.02349618636071682,0.023448127042502164
4304,0.023212499916553497,0.023442511279135943
4305,0.023972004652023315,0.023448215108364822
4306,0.022948140278458595,0.02344420989975333
4307,0.02232377789914608,0.023436664436012507
4308,0.02207918092608452,0.023419672939926386
4309,0.02288871631026268,0.023415008485317232
4310,0.022784020751714706,0.023409807346761225
4311,0.023523082956671715,0.023408942185342313
4312,0.02285264991223812,0.023405110854655506
4313,0.0229388028383255,0.023399937674403192
4314,0.023155558854341507,0.023401606418192385
4315,0.02302442491054535,0.023396379426121713
4316,0.023085210472345352,0.023394112437963487
4317,0.022494830191135406,0.023386712148785592
4318,0.022495169192552567,0.0233726941421628
4319,0.02338526025414467,0.02337503485381603
4320,0.022653630003333092,0.023368242662400007
4321,0.023251058533787727,0.023370428923517466
4322,0.022601783275604248,0.02336844280362129
4323,0.02334841713309288,0.023368324078619482
4324,0.023738786578178406,0.023371750954538584
4325,0.023069195449352264,0.023371327202767134
4326,0.023014504462480545,0.023364675268530845
4327,0.02258085273206234,0.023365130703896283
4328,0.02269584871828556,0.023357413336634637
4329,0.023941848427057266,0.02336528565734625
4330,0.022981759160757065,0.023357001319527625
4331,0.022939305752515793,0.023355250861495733
4332,0.02303561568260193,0.023346427250653504
4333,0.023117033764719963,0.02334342449903488
4334,0.023411238566040993,0.02334999343380332
4335,0.02272016555070877,0.023344766814261675
4336,0.022332370281219482,0.023337369728833438
4337,0.02258468046784401,0.023330691289156675
4338,0.0229168813675642,0.023329930063337088
4339,0.023299353197216988,0.02332966238260269
4340,0.02286182902753353,0.02331789253279567
4341,0.02273210510611534,0.02331392154097557
4342,0.024469200521707535,0.0233256627433002
4343,0.02375606819987297,0.023336392901837824
4344,0.02327987737953663,0.023334855679422617
4345,0.02365219034254551,0.023334653042256834
4346,0.023692425340414047,0.023336619213223456
4347,0.0229240320622921,0.023327788561582564
4348,0.023319575935602188,0.02332051258534193
4349,0.022961687296628952,0.023317420650273563
4350,0.023538727313280106,0.023321024421602488
4351,0.023235829547047615,0.02332516746595502
4352,0.022195424884557724,0.0233068691752851
4353,0.022260118275880814,0.023292852155864237
4354,0.023316439241170883,0.023283743802458047
4355,0.022063270211219788,0.023275257516652346
4356,0.02215402200818062,0.02326315438374877
4357,0.021980850026011467,0.02324799232184887
4358,0.021954350173473358,0.023231898881495
4359,0.024060456082224846,0.023236951697617768
4360,0.02337825298309326,0.023236443847417833
4361,0.022733908146619797,0.023235611636191606
4362,0.023322293534874916,0.02323657412081957
4363,0.023468168452382088,0.0232385746948421
4364,0.023740865290164948,0.023236659560352563
4365,0.022614851593971252,0.023223218489438296
4366,0.023066915571689606,0.02321247072890401
4367,0.02229427918791771,0.02319791743531823
4368,0.02301427721977234,0.02318719582632184
4369,0.022879820317029953,0.023179782312363385
4370,0.02287716418504715,0.023169411104172467
4371,0.023107649758458138,0.023151904493570328
4372,0.02302766963839531,0.02314422730356455
4373,0.022435301914811134,0.023128487411886455
4374,0.023093242198228836,0.023120186757296324
4375,0.0224433746188879,0.02310989050194621
4376,0.022695694118738174,0.023093949761241673
4377,0.022641561925411224,0.023093229215592145
4378,0.022924823686480522,0.023093185294419526
4379,0.022725973278284073,0.023088925089687108
4380,0.02286355569958687,0.023085850570350886
4381,0.022704660892486572,0.023062990885227917
4382,0.022709911689162254,0.023049851041287185
4383,0.023589003831148148,0.023053223472088574
4384,0.02283310517668724,0.02305203054100275
4385,0.02245984598994255,0.023043868131935596
4386,0.022771693766117096,0.023038250301033257
4387,0.022868121042847633,0.023031139578670264
4388,0.023091977462172508,0.023027354683727026
4389,0.022374261170625687,0.023006427194923164
4390,0.023236645385622978,0.02300557566806674
4391,0.022135410457849503,0.02299466563388705
4392,0.023252766579389572,0.022993680071085692
4393,0.02320583537220955,0.02299413278698921
4394,0.023404274135828018,0.022995741628110408
4395,0.02238624542951584,0.022981419768184422
4396,0.0226785559207201,0.02297819431871176
4397,0.023032547906041145,0.02297883788123727
4398,0.022562123835086823,0.022968901731073858
4399,0.02342194691300392,0.02297371506690979
4400,0.022707659751176834,0.02296800211071968
4401,0.023968782275915146,0.022979727275669576
4402,0.023442614823579788,0.02297489957883954
4403,0.023754924535751343,0.022977486960589887
4404,0.02221871167421341,0.022967549078166484
4405,0.023085445165634155,0.022958683483302593
4406,0.023320719599723816,0.022962409276515244
4407,0.023304056376218796,0.02297221206128597
4408,0.022930659353733063,0.022980726845562457
4409,0.02282697893679142,0.022980109471827746
4410,0.022617317736148834,0.022978442441672086
4411,0.024037202820181847,0.022983583640307188
4412,0.02296275459229946,0.022984684687107803
4413,0.023519139736890793,0.022990488056093453
4414,0.023482700809836388,0.0229937594756484
4415,0.02324078604578972,0.022995923087000845
4416,0.02284187637269497,0.022993489746004344
4417,0.022875968366861343,0.0229973011277616
4418,0.02340901643037796,0.023006439600139858
4419,0.022705547511577606,0.022999642472714184
4420,0.022722609341144562,0.0230003322660923
4421,0.02300647832453251,0.022997886463999747
4422,0.022466275840997696,0.02299653138965368
4423,0.023573722690343857,0.022998784445226194
4424,0.023302186280488968,0.0229944184422493
4425,0.023302417248487473,0.02299675066024065
4426,0.0222960002720356,0.0229895656183362
4427,0.022594403475522995,0.022989701125770808
4428,0.022886667400598526,0.022991609312593937
4429,0.022918034344911575,0.02298137117177248
4430,0.022036440670490265,0.022971917986869813
4431,0.022047612816095352,0.022963001057505608
4432,0.022039052098989487,0.022953035421669484
4433,0.02272726222872734,0.022949137706309557
4434,0.023305952548980713,0.022948084846138955
4435,0.022776436060667038,0.022948647551238537
4436,0.02256275899708271,0.02295095143839717
4437,0.022497370839118958,0.02295007834210992
4438,0.021814439445734024,0.022939053922891618
4439,0.022989273071289062,0.022935953121632338
4440,0.023220282047986984,0.022939537651836872
4441,0.022792380303144455,0.022940140403807163
4442,0.022269025444984436,0.022918138653039932
4443,0.022744379937648773,0.02290802177041769
4444,0.02225351519882679,0.022897758148610593
4445,0.02294175699353218,0.022890653815120458
4446,0.022498175501823425,0.02287871131673455
4447,0.02340487763285637,0.022883519772440197
4448,0.023448288440704346,0.022884806897491217
4449,0.021921848878264427,0.022874408513307572
4450,0.022858723998069763,0.02286760848015547
4451,0.023257732391357422,0.022867827508598566
4452,0.02259998768568039,0.022871873136609794
4453,0.02200811728835106,0.022869353126734496
4454,0.022506332024931908,0.022861252054572106
4455,0.02253715507686138,0.022865990903228522
4456,0.02222118154168129,0.022866662498563527
4457,0.022934790700674057,0.022876201905310155
4458,0.022611411288380623,0.022882772516459225
4459,0.02249457687139511,0.022867113724350928
4460,0.022890912368893623,0.022862240318208934
4461,0.022631950676441193,0.022861220743507146
4462,0.022562850266695023,0.022853626310825347
4463,0.023171622306108475,0.022850660849362613
4464,0.022388553246855736,0.02283713772892952
4465,0.022015953436493874,0.022831148747354747
4466,0.0228996854275465,0.022829476445913315
4467,0.023573536425828934,0.02284226901829243
4468,0.022481340914964676,0.02283693965524435
4469,0.022577449679374695,0.022833915948867797
4470,0.022530604153871536,0.02283045034855604
4471,0.02276531606912613,0.022827027011662723
4472,0.022943928837776184,0.02282618960365653
4473,0.022078994661569595,0.022822626531124116
4474,0.022595908492803574,0.02281765319406986
4475,0.02212258242070675,0.02281444527208805
4476,0.02253006584942341,0.022812788989394903
4477,0.023041775450110435,0.022816791124641897
4478,0.02248668670654297,0.02281240975484252
4479,0.022668741643428802,0.02281183743849397
4480,0.02230633608996868,0.022806265242397785
4481,0.022668708115816116,0.02280590571463108
4482,0.022349312901496887,0.022802299726754426
4483,0.023287884891033173,0.022799288537353277
4484,0.022485755383968353,0.022795815039426088
4485,0.0232706256210804,0.022803922835737466
4486,0.023159069940447807,0.022807796597480775
4487,0.02310507744550705,0.02281016616150737
4488,0.02316424623131752,0.022810888849198817
4489,0.022469542920589447,0.022811841666698456
4490,0.02239437960088253,0.02280341900885105
4491,0.021768659353256226,0.02279975149780512
4492,0.02274155430495739,0.022794639375060797
4493,0.022735320031642914,0.02278993422165513
4494,0.02296261116862297,0.02278551759198308
4495,0.02260081097483635,0.022787663247436286
4496,0.022279229015111923,0.022783669978380203
4497,0.021994274109601974,0.022773287240415812
4498,0.022910520434379578,0.02277677120640874
4499,0.022013463079929352,0.022762686368077992
4500,0.021878406405448914,0.022754393834620714
4501,0.022861884906888008,0.022743324860930444
4502,0.022319454699754715,0.022732093259692193
4503,0.022567128762602806,0.02272021530196071
4504,0.02251293882727623,0.022723157573491335
4505,0.02271280810236931,0.022719431202858686
4506,0.021740658208727837,0.022703630588948726
4507,0.022309713065624237,0.02269368715584278
4508,0.022546926513314247,0.02268984982743859
4509,0.022259455174207687,0.022684174589812756
4510,0.023025386035442352,0.022688255272805692
4511,0.022644156590104103,0.022674324810504912
4512,0.02195812202990055,0.022664278484880923
4513,0.022520458325743675,0.022654291670769454
4514,0.02387043833732605,0.02265816904604435
4515,0.022267093881964684,0.0226484321244061
4516,0.022175565361976624,0.022641769014298915
4517,0.022440528497099876,0.0226374146156013
4518,0.022664854303002357,0.022629972994327546
4519,0.022017434239387512,0.022623091861605646
4520,0.022671982645988464,0.022622585594654084
4521,0.02226397581398487,0.02261516056954861
4522,0.02333318069577217,0.02262382961809635
4523,0.02228773944079876,0.022610969785600902
4524,0.022490423172712326,0.022602852154523134
4525,0.02221200242638588,0.02259194800630212
4526,0.022711412981152534,0.02259610213339329
4527,0.02281269058585167,0.022598285004496576
4528,0.02336762472987175,0.022603094577789307
4529,0.022907907143235207,0.022602993305772544
4530,0.02302149496972561,0.022612843848764896
4531,0.023205270990729332,0.022624420430511237
4532,0.02248331531882286,0.02262886306270957
4533,0.022254692390561104,0.022624137364327907
4534,0.022335577756166458,0.022614433616399764
4535,0.023167749866843224,0.022618346754461525
4536,0.022635826840996742,0.022619077432900668
4537,0.022054273635149002,0.022614646460860966
4538,0.022401567548513412,0.022620517741888762
4539,0.022662799805402756,0.0226172530092299
4540,0.02250005677342415,0.02261005075648427
4541,0.022187579423189163,0.022604002747684718
4542,0.023168187588453293,0.022612994369119406
4543,0.02262817695736885,0.022611832339316608
4544,0.02303711697459221,0.02261966835707426
4545,0.022062882781028748,0.022610879614949227
4546,0.02249758318066597,0.022610873691737653
4547,0.02249179407954216,0.02260174285620451
4548,0.02269485592842102,0.022594208531081676
4549,0.021831240504980087,0.022593302447348834
4550,0.02259756065905094,0.022590690813958644
4551,0.022483188658952713,0.0225829453766346
4552,0.022058235481381416,0.02257752785459161
4553,0.022251691669225693,0.022579963598400355
4554,0.02239607460796833,0.02257886102423072
4555,0.023402074351906776,0.022587510216981174
4556,0.022434838116168976,0.02258964678272605
4557,0.022342197597026825,0.022583720851689578
4558,0.022088171914219856,0.02257848845794797
4559,0.02303336188197136,0.02258387630805373
4560,0.023418348282575607,0.02258915066719055
4561,0.021593643352389336,0.022578767593950035
4562,0.02315331995487213,0.022584672290831803
4563,0.022632934153079987,0.02257928540930152
4564,0.022809991613030434,0.022583499792963268
4565,0.022808000445365906,0.022591420263051987
4566,0.02207379788160324,0.022583161387592553
4567,0.022291377186775208,0.022570339795202017
4568,0.022340277209877968,0.02256892915815115
4569,0.022741809487342834,0.022570572756230832
4570,0.022580917924642563,0.02257107589393854
4571,0.02291465736925602,0.02257256930693984
4572,0.022717399522662163,0.0225703040137887
4573,0.022457242012023926,0.022574086487293244
4574,0.02291085198521614,0.02257723592221737
4575,0.022923581302165985,0.022585245911031962
4576,0.02238379791378975,0.022583783231675626
4577,0.022920146584510803,0.02258256694301963
4578,0.023265935480594635,0.022590359430760144
4579,0.022398419678211212,0.02258765621110797
4580,0.022688746452331543,0.0225914803147316
4581,0.021809790283441544,0.02258289113640785
4582,0.022355595603585243,0.022582953963428735
4583,0.02248504012823105,0.022574925515800714
4584,0.022228272631764412,0.022572350688278675
4585,0.023051822558045387,0.022570162657648326
4586,0.022014480084180832,0.022558716759085655
4587,0.02250695787370205,0.022552735563367607
4588,0.02246060222387314,0.022545699123293163
4589,0.022592730820178986,0.022546931002289057
4590,0.023318899795413017,0.022556176204234363
4591,0.022176742553710938,0.022560257036238908
4592,0.023135323077440262,0.02256419472396374
4593,0.02172347530722618,0.02255407627671957
4594,0.02161497250199318,0.022540599890053272
4595,0.022773105651140213,0.02254232283681631
4596,0.02214815467596054,0.0225410120934248
4597,0.022008217871189117,0.02254115153104067
4598,0.022738710045814514,0.022539433427155017
4599,0.022260790690779686,0.02254190670326352
4600,0.022374901920557022,0.022546871658414604
4601,0.021955959498882294,0.022537812404334546
4602,0.02252062037587166,0.022539824061095715
4603,0.02230367623269558,0.022537189535796642
4604,0.02232716977596283,0.02253533184528351
4605,0.02316926419734955,0.02253989640623331
4606,0.022389482706785202,0.022546384651213884
4607,0.022408977150917053,0.022547377292066812
4608,0.022686384618282318,0.022548771873116494
4609,0.021875591948628426,0.0225449332408607
4610,0.022839006036520004,0.022543069440871477
4611,0.023163773119449615,0.022548265606164932
4612,0.021709203720092773,0.022545776423066856
4613,0.021857555955648422,0.0225391473993659
4614,0.0216677263379097,0.02251712027937174
4615,0.022034142166376114,0.022514790762215853
4616,0.021574873477220535,0.022508783843368293
4617,0.02220744453370571,0.02250645300373435
4618,0.021893905475735664,0.022498743515461682
4619,0.021768104285001755,0.022496250215917824
4620,0.021797487512230873,0.02248750526458025
4621,0.023075245320796967,0.02249561795964837
4622,0.022080620750784874,0.0224830923601985
4623,0.022224340587854385,0.022482458371669053
4624,0.02228151448071003,0.02248036928474903
4625,0.022499483078718185,0.022483244091272354
4626,0.0242608655244112,0.02249873861670494
4627,0.023203203454613686,0.02250264374539256
4628,0.0221225768327713,0.022490193266421557
4629,0.02260427176952362,0.02248715691268444
4630,0.022056568413972855,0.022477507647126912
4631,0.022666487842798233,0.022472119815647604
4632,0.022125959396362305,0.022468546256422996
4633,0.02284974232316017,0.022474496755748988
4634,0.02278745174407959,0.02247901549562812
4635,0.022410932928323746,0.022471447326242924
4636,0.022766217589378357,0.02247275123372674
4637,0.022080091759562492,0.022473009414970876
4638,0.022038739174604416,0.022469381131231786
4639,0.023156292736530304,0.02247431606054306
4640,0.022115319967269897,0.022470468692481517
4641,0.02293306589126587,0.022477923557162285
4642,0.0225103460252285,0.022471345141530038
4643,0.022647641599178314,0.022471539787948133
4644,0.022250846028327942,0.02246367707848549
4645,0.023264162242412567,0.022475689873099326
4646,0.022481780499219894,0.022475531846284865
4647,0.02221093513071537,0.022472723256796598
4648,0.021742286160588264,0.02246319755911827
4649,0.022615555673837662,0.022471040710806845
4650,0.022252235561609268,0.02246758745983243
4651,0.022485272958874702,0.02246760830283165
4652,0.02255244553089142,0.02247255040332675
4653,0.02268896996974945,0.022476923186331987
4654,0.022208167240023613,0.02247504411265254
4655,0.021289117634296417,0.022453914545476437
4656,0.02201705425977707,0.022449736706912516
4657,0.022813424468040466,0.022454448975622654
4658,0.02257271111011505,0.022459294367581605
4659,0.02311650477349758,0.02246012579649687
4660,0.021908575668931007,0.02244502807036042
4661,0.021327238529920578,0.022442364022135734
4662,0.02217165194451809,0.022432547342032195
4663,0.02230309695005417,0.022429248970001935
4664,0.02194090187549591,0.022420558072626592
4665,0.02242889255285263,0.02241676699370146
4666,0.02251400798559189,0.022421169094741344
4667,0.022249415516853333,0.022420749478042127
4668,0.022969413548707962,0.022427040841430424
4669,0.02203739434480667,0.022419996690005065
4670,0.02243073284626007,0.022418494839221238
4671,0.02294054999947548,0.022418753765523432
4672,0.02191876620054245,0.022410767432302237
4673,0.02241133525967598,0.022410308364778756
4674,0.022787604480981827,0.022409075889736414
4675,0.023256611078977585,0.02241240618750453
4676,0.02171618863940239,0.022405730094760656
4677,0.022378582507371902,0.022400314453989267
4678,0.022320561110973358,0.022390860710293056
4679,0.02201823890209198,0.022387058902531863
4680,0.022291716188192368,0.02238308859989047
4681,0.023235782980918884,0.022397348526865243
4682,0.022508520632982254,0.022398877777159213
4683,0.021369852125644684,0.02238772589713335
4684,0.022484391927719116,0.022390287090092897
4685,0.02315387688577175,0.02239130763337016
4686,0.02190164104104042,0.022390179242938756
4687,0.022715536877512932,0.022392265032976866
4688,0.021770469844341278,0.02238536370918155
4689,0.02223372459411621,0.02238177364692092
4690,0.022271709516644478,0.022371301744133234
4691,0.022272760048508644,0.02237226191908121
4692,0.022429656237363815,0.022365205250680448
4693,0.02196091040968895,0.022367579601705073
4694,0.02189275249838829,0.022370357401669025
4695,0.02163691818714142,0.022358995527029038
4696,0.022281577810645103,0.022360329758375885
4697,0.022448938339948654,0.02236473696306348
4698,0.02258279174566269,0.02236317778006196
4699,0.02213144116103649,0.02236188428476453
4700,0.02167816460132599,0.02235491691157222
4701,0.022043496370315552,0.02235579228028655
4702,0.021862931549549103,0.022349215392023326
4703,0.021710257977247238,0.02234328120946884
4704,0.021793797612190247,0.022337947487831116
4705,0.022198081016540527,0.022328235656023026
4706,0.02266029268503189,0.022330943755805494
4707,0.022279983386397362,0.022329653818160294
4708,0.02178451605141163,0.02232063513249159
4709,0.022064100950956345,0.022322520222514866
4710,0.022380191832780838,0.022317932080477478
4711,0.02216566726565361,0.022307951021939516
4712,0.022159896790981293,0.022312457952648402
4713,0.021882429718971252,0.02231270669028163
4714,0.021765105426311493,0.022313680481165648
4715,0.022777751088142395,0.022321116570383312
4716,0.022878728806972504,0.02233415512368083
4717,0.022181745618581772,0.02233389813452959
4718,0.022996850311756134,0.022344927582889796
4719,0.022198081016540527,0.022349227350205184
4720,0.021946057677268982,0.022350713051855563
4721,0.022338353097438812,0.02234334412962198
4722,0.022188805043697357,0.022344425972551107
4723,0.021509109064936638,0.02233727365732193
4724,0.02269084006547928,0.02234136691316962
4725,0.021894168108701706,0.022335313763469457
4726,0.02261565625667572,0.0223188616707921
4727,0.022576812654733658,0.022312597762793304
4728,0.02223067358136177,0.02231367873027921
4729,0.021514389663934708,0.022302779909223316
4730,0.021627219393849373,0.022298486419022084
4731,0.021570511162281036,0.02228752665221691
4732,0.02249319478869438,0.022291199006140232
4733,0.022616516798734665,0.02228886675089598
4734,0.0224897600710392,0.022285889834165573
4735,0.022498872131109238,0.022286769226193427
4736,0.022391173988580704,0.02228301879018545
4737,0.022851716727018356,0.02229073503986001
4738,0.022178538143634796,0.022292133029550312
4739,0.02153082937002182,0.02227587839588523
4740,0.0226764939725399,0.02228149013593793
4741,0.021803980693221092,0.02227019928395748
4742,0.022736111655831337,0.02227245694026351
4743,0.0222402885556221,0.02226838340982795
4744,0.022597162052989006,0.02227184657007456
4745,0.022267229855060577,0.022261877246201038
4746,0.021551398560404778,0.02225257342681289
4747,0.02181898057460785,0.02224865388125181
4748,0.02218771167099476,0.02225310813635588
4749,0.021915894001722336,0.022246111519634723
4750,0.02250034175813198,0.02224859258159995
4751,0.02164585143327713,0.022240198366343975
4752,0.02201588824391365,0.0222348327934742
4753,0.0218166783452034,0.02222610987722874
4754,0.022439930588006973,0.02222842751070857
4755,0.022525306791067123,0.02224078940227628
4756,0.021792147308588028,0.022238540332764387
4757,0.02200687676668167,0.0222304748557508
4758,0.022075608372688293,0.02222550382837653
4759,0.02260105311870575,0.022220349311828612
4760,0.022287476807832718,0.02222413832321763
4761,0.02105170115828514,0.022221382949501278
4762,0.023125063627958298,0.02223091706633568
4763,0.02212441898882389,0.022229130286723374
4764,0.021976415067911148,0.022229485418647527
4765,0.02186945453286171,0.02222389103844762
4766,0.02142908424139023,0.0222130418010056
4767,0.021369444206357002,0.022204242087900637
4768,0.0222054161131382,0.02219660211354494
4769,0.022203950211405754,0.022198267672210933
4770,0.022460799664258957,0.022198568340390922
4771,0.02274438925087452,0.02219660673290491
4772,0.022905735298991203,0.0222064764238894
4773,0.021869979798793793,0.022201062869280575
4774,0.0221339650452137,0.022194526474922895
4775,0.022544700652360916,0.02218740737065673
4776,0.022033706307411194,0.022190582547336815
4777,0.022665973752737045,0.02219345645979047
4778,0.022343074902892113,0.022193681597709656
4779,0.02239776775240898,0.022197476886212826
4780,0.02209329605102539,0.022195492684841157
4781,0.02268899232149124,0.02219002477824688
4782,0.02193182334303856,0.022184257805347444
4783,0.02155221439898014,0.022186081428080796
4784,0.02231469377875328,0.02218438444659114
4785,0.022610332816839218,0.022178949005901814
4786,0.021984310820698738,0.022179775703698397
4787,0.02290661260485649,0.022181686460971833
4788,0.021477539092302322,0.022178757153451443
4789,0.022172825410962105,0.022178148161619903
4790,0.02129129134118557,0.022168343979865314
4791,0.022324824705719948,0.022168864626437426
4792,0.02202514559030533,0.02216481951996684
4793,0.02242543175816536,0.022169464733451605
4794,0.022727299481630325,0.022177810203284024
4795,0.02198822796344757,0.022181323301047086
4796,0.021487990394234657,0.022173387426882983
4797,0.02217349410057068,0.0221706329844892
4798,0.022146431729197502,0.02216626938432455
4799,0.021896623075008392,0.02216392120346427
4800,0.02162974886596203,0.02216343704611063
4801,0.02112167701125145,0.02215421885251999
4802,0.021338365972042084,0.022148973196744918
4803,0.022087587043642998,0.022152746487408878
4804,0.022068273276090622,0.02215549124404788
4805,0.0219267550855875,0.02215277798473835
4806,0.021857453510165215,0.022144749592989683
4807,0.021804016083478928,0.0221399899199605
4808,0.021799694746732712,0.02214014170691371
4809,0.02211085520684719,0.022140609249472618
4810,0.021755654364824295,0.02213436387479305
4811,0.022186778485774994,0.022134574986994268
4812,0.02186988666653633,0.022131674885749818
4813,0.02152314782142639,0.022128082066774368
4814,0.020852014422416687,0.02211895115673542
4815,0.022046994417905807,0.022111643590033054
4816,0.021979335695505142,0.02210264965891838
4817,0.02221447229385376,0.022102976925671102
4818,0.022715210914611816,0.022100160531699657
4819,0.021426359191536903,0.02209244331344962
4820,0.02211470529437065,0.022094129789620637
4821,0.021534349769353867,0.02208608975633979
4822,0.021447960287332535,0.02207868130877614
4823,0.022664537653326988,0.022090235594660043
4824,0.02192123979330063,0.022082539591938257
4825,0.021839410066604614,0.022081992011517285
4826,0.021839872002601624,0.022074234168976546
4827,0.022218454629182816,0.022070650588721038
4828,0.021771209314465523,0.022066055946052075
4829,0.021114422008395195,0.02206205626949668
4830,0.021329429000616074,0.022059078365564345
4831,0.022305484861135483,0.022066428102552892
4832,0.02266073226928711,0.022068103477358818
4833,0.02213886007666588,0.02206332691013813
4834,0.021381821483373642,0.022052247524261475
4835,0.021807942539453506,0.022045338228344917
4836,0.022293217480182648,0.022044358663260936
4837,0.022343626245856285,0.022039277758449317
4838,0.022242289036512375,0.022039915267378092
4839,0.02226051315665245,0.022047212105244397
4840,0.020940769463777542,0.022029854860156774
4841,0.022189553827047348,0.02203371059149504
4842,0.021462544798851013,0.022020974922925235
4843,0.021494222804903984,0.022013514265418054
4844,0.021740593016147614,0.02200494857504964
4845,0.021384790539741516,0.021996124181896448
4846,0.02106727659702301,0.02199128296226263
4847,0.022165143862366676,0.02199474459514022
4848,0.02143142931163311,0.021987181771546602
4849,0.021289832890033722,0.021980921160429715
4850,0.021866070106625557,0.021974578443914653
4851,0.021283742040395737,0.021970957349985838
4852,0.021664708852767944,0.02196744555607438
4853,0.021444527432322502,0.021963724046945573
4854,0.021615255624055862,0.02195547729730606
4855,0.022064324468374252,0.021950867474079132
4856,0.022050606086850166,0.021953452061861754
4857,0.021372217684984207,0.021947105471044778
4858,0.022002052515745163,0.02194636991247535
4859,0.02216877043247223,0.021942047085613012
4860,0.022124789655208588,0.02194042021408677
4861,0.02189149335026741,0.021948818136006593
4862,0.02217339351773262,0.021939301434904336
4863,0.02143792062997818,0.02193243645131588
4864,0.022388335317373276,0.021936555653810502
4865,0.022379424422979355,0.021941655352711677
4866,0.021297726780176163,0.02194034177809954
4867,0.021391358226537704,0.021940560918301343
4868,0.022288039326667786,0.02194138715043664
4869,0.02237347885966301,0.021943082436919212
4870,0.021420918405056,0.02193268362432718
4871,0.02139066904783249,0.021919146422296764
4872,0.02132386341691017,0.02190332770347595
4873,0.02135668694972992,0.021898194774985315
4874,0.021824300289154053,0.02189509812742472
4875,0.021542280912399292,0.0218850739300251
4876,0.021608125418424606,0.021880818121135234
4877,0.022554483264684677,0.021879703216254712
4878,0.0219100508838892,0.02187537297606468
4879,0.0212537981569767,0.02186393328011036
4880,0.021632226184010506,0.02185932258144021
4881,0.02204270102083683,0.021852859668433665
4882,0.021496091037988663,0.02184850234538317
4883,0.02139679342508316,0.0218469481356442
4884,0.0220639668405056,0.021844440866261722
4885,0.022045359015464783,0.021838791128247978
4886,0.02143980748951435,0.021833346094936132
4887,0.02159324660897255,0.021820212434977292
4888,0.02198810502886772,0.021825318094342946
4889,0.021923955529928207,0.02182282939553261
4890,0.021099001169204712,0.0218209064938128
4891,0.021396297961473465,0.021811621226370335
4892,0.02210412174463272,0.02181241098791361
4893,0.021151095628738403,0.021799667626619338
4894,0.022203128784894943,0.021794425919651986
4895,0.020930713042616844,0.021783850770443678
4896,0.02145111933350563,0.02178348205983639
4897,0.021565774455666542,0.021777404863387348
4898,0.021825283765792847,0.0217741933837533
4899,0.021338071674108505,0.0217686078697443
4900,0.021085210144519806,0.02176316248252988
4901,0.021929273381829262,0.021771238446235658
4902,0.021407801657915115,0.021771932803094387
4903,0.02186521887779236,0.02176970912143588
4904,0.021604854613542557,0.0217650749348104
4905,0.021250538527965546,0.02175831276923418
4906,0.021311812102794647,0.021752856355160475
4907,0.02169896475970745,0.02175180584192276
4908,0.021385882049798965,0.02174766771495342
4909,0.02294391766190529,0.021755998339504003
4910,0.021335553377866745,0.021751797329634427
4911,0.02198011800646782,0.021749730724841355
4912,0.02171558327972889,0.02174818769097328
4913,0.02131372131407261,0.021746093425899744
4914,0.021205607801675797,0.021749629359692334
4915,0.022167634218931198,0.021750835757702588
4916,0.02239021472632885,0.021754944548010826
4917,0.021398846060037613,0.021746788285672666
4918,0.021712929010391235,0.021736765466630458
4919,0.02246374636888504,0.02174713933840394
4920,0.02129105105996132,0.021738902796059847
4921,0.022047365084290504,0.021744032949209215
4922,0.02165348455309868,0.021746088191866873
4923,0.022791380062699318,0.021747356615960597
4924,0.021210040897130966,0.021740244626998903
4925,0.022166136652231216,0.02174351189285517
4926,0.02137206308543682,0.021738833803683518
4927,0.021317433565855026,0.021729823593050243
4928,0.02158859372138977,0.021727997437119485
4929,0.023317139595746994,0.021750024612993003
4930,0.021706383675336838,0.02175379415974021
4931,0.022017769515514374,0.021750917006284
4932,0.0223458893597126,0.021747768577188253
4933,0.022199705243110657,0.0217483770288527
4934,0.021917495876550674,0.021753733772784473
4935,0.021084871143102646,0.021746503058820962
4936,0.02196463942527771,0.021743217278271915
4937,0.02157443016767502,0.021735525317490102
4938,0.02159634605050087,0.021729065887629986
4939,0.020993711426854134,0.021716397870332003
4940,0.021478353068232536,0.021721773706376554
4941,0.020965982228517532,0.021709537990391256
4942,0.02179722860455513,0.021712884828448294
4943,0.021765753626823425,0.02171560013666749
4944,0.022222990170121193,0.021720424108207226
4945,0.0216645747423172,0.021723221950232983
4946,0.021602200344204903,0.0217285711877048
4947,0.021239276975393295,0.021719312518835066
4948,0.020933736115694046,0.021714335586875678
4949,0.02214217372238636,0.021722858995199202
4950,0.021637337282299995,0.021720571666955946
4951,0.021412644535303116,0.021721860691905022
4952,0.02139589935541153,0.021719172596931458
4953,0.021444212645292282,0.021719169449061156
4954,0.0222430769354105,0.021725447662174702
4955,0.02206512540578842,0.021725455671548842
4956,0.021117396652698517,0.021716123577207327
4957,0.02182880975306034,0.02172068949788809
4958,0.02270340733230114,0.021727703046053648
4959,0.02214326523244381,0.021727447994053364
4960,0.022112134844064713,0.021727321445941927
4961,0.021570488810539246,0.021724111400544643
4962,0.021556567400693893,0.021717943139374255
4963,0.022446993738412857,0.021728033870458602
4964,0.02160845696926117,0.02172023508697748
4965,0.021571509540081024,0.0217121559381485
4966,0.0220707468688488,0.021719886139035225
4967,0.021912097930908203,0.02172509353607893
4968,0.021280258893966675,0.02171501573175192
4969,0.022116851061582565,0.021712449453771113
4970,0.022539999336004257,0.021723640263080598
4971,0.02211838960647583,0.02173091746866703
4972,0.02221459150314331,0.02173982474952936
4973,0.022008949890732765,0.02174634737893939
4974,0.02187037654221058,0.021746808141469957
4975,0.02073083072900772,0.02173869363963604
4976,0.021999472752213478,0.02174260711297393
4977,0.02127145230770111,0.021729776803404093
4978,0.02144472301006317,0.021725123524665834
4979,0.02118627354502678,0.021724448278546332
4980,0.02220994606614113,0.02173022547736764
4981,0.021303411573171616,0.021722832582890986
4982,0.02207105979323387,0.021728582270443438
4983,0.021814800798892975,0.021732762344181537
4984,0.02206297032535076,0.02173275237902999
4985,0.021997081115841866,0.02173226960003376
4986,0.021563688293099403,0.02173350840806961
4987,0.022302325814962387,0.02174059920012951
4988,0.021944528445601463,0.021740163434296845
4989,0.02197403833270073,0.02174066426232457
4990,0.021549362689256668,0.02174516787752509
4991,0.021407287567853928,0.021745277773588895
4992,0.02228478714823723,0.021747084427624942
4993,0.02092738449573517,0.021744847316294908
4994,0.022561006247997284,0.02174842609092593
4995,0.021954944357275963,0.021758668404072524
4996,0.02260367013514042,0.02177019391208887
4997,0.02179815247654915,0.021772517692297697
4998,0.02125752903521061,0.021766840144991875
4999,0.021388202905654907,0.02176734145730734
5000,0.021235758438706398,0.021768846940249206
5001,0.021309129893779755,0.02176264550536871
5002,0.021690692752599716,0.021765474416315555
5003,0.02128675952553749,0.021759689822793006
5004,0.021992355585098267,0.021763564832508565
5005,0.022456292062997818,0.021775622367858887
5006,0.022424262017011642,0.021786746867001057
5007,0.02239532768726349,0.021793710496276618
5008,0.02153705805540085,0.021795222256332635
5009,0.021248579025268555,0.02177826886996627
5010,0.021806247532367706,0.021782975811511278
5011,0.021857481449842453,0.021781749445945024
5012,0.02202240377664566,0.021784817650914192
5013,0.022098802030086517,0.02179266845807433
5014,0.02114202454686165,0.02179203262552619
5015,0.02127673476934433,0.02178312363103032
5016,0.021194662898778915,0.021771168112754823
5017,0.022050268948078156,0.021777682341635227
5018,0.021275624632835388,0.02177330929785967
5019,0.021091312170028687,0.021759584955871106
5020,0.021798938512802124,0.021764663830399513
5021,0.021540243178606033,0.02175959261134267
5022,0.021364139392971992,0.0217566991597414
5023,0.021827053278684616,0.021747055891901255
5024,0.021469218656420708,0.02174964766949415
5025,0.021390795707702637,0.021741894260048866
5026,0.02131124585866928,0.02174128608778119
5027,0.02184958942234516,0.021746607646346092
5028,0.021087685599923134,0.021741598565131425
5029,0.02141657844185829,0.021722592953592537
5030,0.02185148559510708,0.021724043972790243
5031,0.022079331800341606,0.021724659595638515
5032,0.021733911707997322,0.02171853981912136
5033,0.021040895953774452,0.021706951726228
5034,0.021439727395772934,0.021702174041420223
5035,0.021025486290454865,0.021701580192893744
5036,0.021017426624894142,0.021692108064889908
5037,0.02134563773870468,0.021689820140600204
5038,0.020764287561178207,0.021681499555706977
5039,0.02071700245141983,0.021678732465952633
5040,0.02151123806834221,0.02167906131595373
5041,0.021160684525966644,0.021681008338928224
5042,0.021594611927866936,0.02167898217216134
5043,0.021281924098730087,0.02167414387688041
5044,0.020783985033631325,0.021659753825515507
5045,0.02153097279369831,0.02165841780602932
5046,0.021018149331212044,0.02165257729589939
5047,0.020635314285755157,0.02164653766900301
5048,0.02150314301252365,0.021652231737971307
5049,0.02141866646707058,0.021644996665418147
5050,0.021643033251166344,0.02164505362510681
5051,0.021688755601644516,0.021647814735770224
5052,0.021943964064121246,0.02165329538285732
5053,0.022060848772525787,0.02165946174412966
5054,0.021423649042844772,0.021651267465204002
5055,0.0217431727796793,0.02164804793894291
5056,0.02166108787059784,0.021653484851121903
5057,0.020887240767478943,0.02164406916126609
5058,0.021480057388544083,0.021631835661828518
5059,0.021609097719192505,0.021626493986696006
5060,0.02124156802892685,0.021617788318544627
5061,0.020988639444112778,0.02161196982488036
5062,0.021519280970096588,0.021611596960574388
5063,0.02150072157382965,0.021602134238928556
5064,0.022105392068624496,0.02160710358992219
5065,0.02116614207625389,0.021603049915283917
5066,0.02158636599779129,0.021598206106573342
5067,0.021294597536325455,0.021592031102627515
5068,0.02117527462542057,0.021590981259942056
5069,0.022199753671884537,0.021591810286045076
5070,0.021206973120570183,0.021578480023890734
5071,0.02098141238093376,0.021567110251635314
5072,0.020993832498788834,0.021554902661591768
5073,0.022223282605409622,0.021557045988738536
5074,0.02176724001765251,0.021556014623492957
5075,0.021817991510033607,0.021566886231303217
5076,0.021389663219451904,0.0215607881359756
5077,0.02212591841816902,0.021569332797080277
5078,0.021071696653962135,0.021565602533519267
5079,0.021658355370163918,0.02157032335177064
5080,0.021749643608927727,0.021565720327198504
5081,0.021313799545168877,0.02156582420691848
5082,0.02163417637348175,0.02156145537272096
5083,0.02123356983065605,0.021555643063038588
5084,0.021747788414359093,0.021552491243928672
5085,0.020668640732765198,0.021539206840097903
5086,0.021104224026203156,0.021534612197428943
5087,0.021554134786128998,0.02152713028714061
5088,0.02131914347410202,0.021520876437425614
5089,0.021576400846242905,0.021516900062561035
5090,0.02146415412425995,0.02151604797691107
5091,0.02109941467642784,0.021512969247996807
5092,0.02136390283703804,0.021503760404884817
5093,0.020680509507656097,0.021501291655004025
5094,0.02132037654519081,0.02148888535797596
5095,0.02144295908510685,0.021483765505254267
5096,0.02116360142827034,0.02146936481818557
5097,0.020591022446751595,0.021457293517887593
5098,0.021821975708007812,0.021462937984615564
5099,0.02182493545114994,0.021467305310070513
5100,0.02139231376349926,0.021468870863318442
5101,0.02077503316104412,0.021463529895991085
5102,0.021968480199575424,0.021466307770460845
5103,0.02190902829170227,0.02147253045812249
5104,0.02113579958677292,0.02146396489813924
5105,0.021217601373791695,0.021451577991247178
5106,0.021425459533929825,0.02144158996641636
5107,0.02105225995182991,0.021428159289062023
5108,0.02131086215376854,0.0214258973300457
5109,0.021205108612775803,0.021425462625920773
5110,0.021496720612049103,0.021422367356717587
5111,0.021232809871435165,0.021416120640933515
5112,0.02168871834874153,0.021412783786654472
5113,0.021202510222792625,0.021403820868581534
5114,0.021919718012213707,0.021411597803235052
5115,0.021289803087711334,0.021411728486418723
5116,0.02096237987279892,0.021409405656158925
5117,0.0212484709918499,0.02140138767659664
5118,0.02065582573413849,0.021395189687609673
5119,0.021331897005438805,0.021397595535963775
5120,0.020113570615649223,0.021380741856992246
5121,0.021585173904895782,0.02138119116425514
5122,0.021063663065433502,0.021378186400979757
5123,0.02100486308336258,0.021369964499026537
5124,0.021369535475969315,0.021368967667222023
5125,0.02126358449459076,0.021367695555090903
5126,0.020826315507292747,0.02136284625157714
5127,0.021787524223327637,0.021362225599586962
5128,0.02201065421104431,0.021371455285698174
5129,0.020860128104686737,0.02136589078232646
5130,0.02141396328806877,0.021361515559256077
5131,0.020609933882951736,0.02134682158008218
5132,0.021299615502357483,0.02134247861802578
5133,0.021162018179893494,0.02134368984028697
5134,0.021455667912960052,0.021343849245458842
5135,0.020687177777290344,0.021340466160327195
5136,0.020905306562781334,0.021339344959706068
5137,0.021735530346632004,0.021343243885785342
5138,0.02203839272260666,0.021355984937399625
5139,0.020690208300948143,0.02135571699589491
5140,0.02101586014032364,0.021350763216614724
5141,0.02173532359302044,0.02135650960728526
5142,0.02079606056213379,0.02134852409362793
5143,0.020883185788989067,0.02134453671053052
5144,0.02123470976948738,0.02134904395788908
5145,0.021126803010702133,0.02134500226005912
5146,0.021129783242940903,0.021346118599176407
5147,0.02146412432193756,0.021354406699538232
5148,0.022057607769966125,0.021359951347112657
5149,0.02154480293393135,0.021361212711781263
5150,0.02131010591983795,0.02135788343846798
5151,0.021220877766609192,0.021353204660117628
5152,0.02128090150654316,0.021346574034541845
5153,0.021460600197315216,0.02134057154878974
5154,0.021383177489042282,0.021340166833251715
5155,0.02114264853298664,0.021334161590784786
5156,0.020900560542941093,0.02132655631750822
5157,0.021279150620102882,0.02133047541603446
5158,0.021151959896087646,0.021327194441109896
5159,0.020528065040707588,0.021316384114325047
5160,0.021190635859966278,0.021315874792635442
5161,0.02188442461192608,0.021324832644313573
5162,0.021534878760576248,0.02132498862221837
5163,0.021384187042713165,0.021323823276907204
5164,0.020917586982250214,0.021311945226043464
5165,0.02060544118285179,0.021306338217109443
5166,0.020626142621040344,0.021296735983341933
5167,0.02093898504972458,0.021293179858475925
5168,0.02110223099589348,0.021292449422180653
5169,0.021588748320937157,0.021286339368671178
5170,0.021258287131786346,0.02128685250878334
5171,0.020420387387275696,0.02128124225884676
5172,0.021160125732421875,0.02128290519118309
5173,0.021571006625890732,0.0212763824313879
5174,0.021002162247896194,0.021268731653690337
5175,0.021334674209356308,0.021263898480683566
5176,0.0207411739975214,0.02125741358846426
5177,0.021315019577741623,0.021249304600059984
5178,0.02071738801896572,0.02124576151371002
5179,0.020970800891518593,0.02123888596892357
5180,0.020827364176511765,0.02122966317459941
5181,0.020958801731467247,0.021226113196462393
5182,0.021134614944458008,0.021221117582172155
5183,0.021105583757162094,0.021219837721437217
5184,0.021348338574171066,0.021215843223035335
5185,0.0210065096616745,0.021219221912324428
5186,0.020824115723371506,0.02121642082929611
5187,0.020817261189222336,0.021209052093327047
5188,0.020883962512016296,0.021204700283706187
5189,0.02080751582980156,0.021197011433541774
5190,0.021568045020103455,0.02119805034250021
5191,0.021060442551970482,0.021197660621255637
5192,0.02166815847158432,0.0212007031776011
5193,0.022291790693998337,0.02121681598946452
5194,0.02069423720240593,0.02121055459603667
5195,0.0219534020870924,0.02121565902605653
5196,0.02162514626979828,0.021220274474471806
5197,0.021824628114700317,0.021232610531151296
5198,0.020447032526135445,0.021218861099332572
5199,0.02155330590903759,0.021216144803911447
5200,0.02130996435880661,0.02121532130986452
5201,0.022075533866882324,0.021228326316922903
5202,0.020780209451913834,0.021216443609446287
5203,0.020700179040431976,0.021204355116933585
5204,0.021045677363872528,0.021203453894704582
5205,0.021213963627815247,0.021203417517244815
5206,0.020977087318897247,0.02119893379509449
5207,0.02207576110959053,0.021209168806672098
5208,0.02101663127541542,0.021206226497888565
5209,0.021730167791247368,0.021211477089673282
5210,0.021367769688367844,0.021210187580436468
5211,0.021380111575126648,0.021211660597473384
5212,0.020686663687229156,0.02120164005085826
5213,0.02149980515241623,0.021204613000154495
5214,0.020916935056447983,0.021194585170596837
5215,0.021053586155176163,0.021192223001271486
5216,0.02132655680179596,0.021195864770561457
5217,0.020799558609724045,0.021191375646740198
5218,0.020970312878489494,0.02119452051818371
5219,0.02039371430873871,0.021185138691216708
5220,0.020650599151849747,0.021190508976578714
5221,0.021047651767730713,0.021185133755207062
5222,0.021575676277279854,0.021190253887325525
5223,0.020774465054273605,0.021187949907034636
5224,0.021125731989741325,0.021185511872172356
5225,0.020526457577943802,0.021178140603005886
5226,0.020601509138941765,0.021175892539322377
5227,0.02168882265686989,0.0211749055236578
5228,0.02117684856057167,0.021166567467153074
5229,0.020726190879940987,0.021165228094905616
5230,0.022024983540177345,0.0211713382974267
5231,0.020908337086439133,0.021174322329461575
5232,0.0210430771112442,0.021171756945550443
5233,0.021748488768935204,0.02117762165144086
5234,0.020955223590135574,0.021172617208212615
5235,0.02092670649290085,0.02117501249536872
5236,0.020220549777150154,0.021168164927512407
5237,0.020977480337023735,0.021160584427416324
5238,0.020927289500832558,0.021149473395198584
5239,0.021461667492985725,0.02115718798711896
5240,0.02099914848804474,0.02115702087059617
5241,0.02052968367934227,0.021144964471459388
5242,0.02073701098561287,0.02114437397569418
5243,0.020469367504119873,0.021140235792845487
5244,0.020049944519996643,0.02112838814035058
5245,0.020439837127923965,0.0211215184815228
5246,0.020400382578372955,0.021114224474877118
5247,0.02088809758424759,0.02110846420750022
5248,0.021306492388248444,0.021100953053683043
5249,0.020917704328894615,0.021094682067632674
5250,0.021256189793348312,0.02109414290636778
5251,0.02057724818587303,0.021087706610560416
5252,0.02097228728234768,0.021084620468318462
5253,0.020734896883368492,0.021077363435178995
5254,0.02062670700252056,0.02106979873031378
5255,0.02080385386943817,0.021066410783678293
5256,0.021547826007008553,0.02107288343831897
5257,0.021827111020684242,0.021078363042324782
5258,0.020735066384077072,0.021074194107204677
5259,0.020753709599375725,0.021076450552791358
5260,0.02101748436689377,0.021074719037860633
5261,0.020457036793231964,0.02106044515967369
5262,0.020690228790044785,0.021051998659968377
5263,0.020677298307418823,0.021044929772615434
5264,0.020250622183084488,0.021038260124623776
5265,0.020746415480971336,0.02103966986760497
5266,0.020277438685297966,0.021036182828247547
5267,0.020734887570142746,0.02103414185345173
5268,0.02068593166768551,0.02102997886016965
5269,0.02068454772233963,0.021020936854183672
5270,0.020791515707969666,0.021016269139945507
5271,0.021442636847496033,0.02102649163454771
5272,0.020859770476818085,0.021023488081991674
5273,0.021117381751537323,0.021018951833248138
5274,0.021211780607700348,0.02102104801684618
5275,0.021479103714227676,0.021022492311894892
5276,0.021627891808748245,0.021031359490007163
5277,0.020775161683559418,0.02102596091106534
5278,0.0213773213326931,0.021032560244202615
5279,0.021062660962343216,0.02103347884491086
5280,0.020843058824539185,0.021033635791391135
5281,0.020878076553344727,0.02103282853960991
5282,0.01997784525156021,0.021021260842680932
5283,0.02120991237461567,0.021022304128855467
5284,0.021013714373111725,0.021018957886844873
5285,0.02097778208553791,0.021018670611083506
5286,0.020771527662873268,0.021018144730478524
5287,0.021871356293559074,0.021028685681521893
5288,0.020633205771446228,0.02102617811411619
5289,0.021231673657894135,0.021030419692397117
5290,0.021171338856220245,0.021026452630758287
5291,0.02071082778275013,0.021022956483066083
5292,0.021413862705230713,0.021020413525402546
5293,0.02014463022351265,0.02099894192069769
5294,0.020557016134262085,0.02099756971001625
5295,0.020939504727721214,0.02098743073642254
5296,0.02084430120885372,0.020979622285813092
5297,0.02023616060614586,0.020963737610727548
5298,0.020517952740192413,0.020964446812868118
5299,0.020558137446641922,0.020954495128244162
5300,0.02115451917052269,0.02095294067636132
5301,0.020760834217071533,0.020939793679863216
5302,0.020851843059062958,0.020940510015934707
5303,0.020655833184719086,0.02094006655737758
5304,0.020770903676748276,0.020937318820506333
5305,0.021057285368442535,0.020935752037912606
5306,0.02056213654577732,0.020931602530181406
5307,0.020253870636224747,0.02091338362544775
5308,0.020357977598905563,0.020906797088682653
5309,0.020450007170438766,0.020893995482474566
5310,0.02139860764145851,0.020894303862005473
5311,0.02077210322022438,0.02088822377845645
5312,0.020595666021108627,0.020887313801795246
5313,0.02095845527946949,0.020881900303065776
5314,0.020406687632203102,0.02087679782882333
5315,0.02036145329475403,0.020869876500219108
5316,0.021580740809440613,0.020872418340295552
5317,0.021522263064980507,0.020879645384848117
5318,0.02038087695837021,0.020873751025646925
5319,0.02056310325860977,0.020875444915145636
5320,0.021670253947377205,0.02088564146310091
5321,0.02114022895693779,0.02088656723499298
5322,0.021842999383807182,0.020889240466058254
5323,0.020554011687636375,0.02088703593239188
5324,0.021108273416757584,0.020886861346662046
5325,0.021627746522426605,0.020897874236106874
5326,0.02186410129070282,0.02091050015762448
5327,0.02062602899968624,0.02089987222105265
5328,0.020556900650262833,0.02089367274194956
5329,0.020899204537272453,0.020895402878522873
5330,0.02144099771976471,0.020889563020318747
5331,0.02168869599699974,0.020897366609424352
5332,0.021297506988048553,0.020899910908192397
5333,0.020303800702095032,0.020885464027523993
5334,0.02032429166138172,0.020879154708236456
5335,0.020982693880796432,0.020879714582115412
5336,0.020603962242603302,0.020883548706769943
5337,0.021394817158579826,0.020887722074985505
5338,0.020952247083187103,0.02088797165080905
5339,0.021426334977149963,0.02088761832565069
5340,0.020614031702280045,0.020883767157793044
5341,0.021219145506620407,0.020890661776065828
5342,0.020533733069896698,0.020888628996908666
5343,0.020589550957083702,0.020889830831438302
5344,0.02065819501876831,0.02089591333642602
5345,0.02025093510746956,0.020894024316221477
5346,0.021269209682941437,0.02090271258726716
5347,0.02030518651008606,0.020896883476525546
5348,0.020760657265782356,0.020891425125300886
5349,0.020998938009142876,0.020892237462103367
5350,0.020590048283338547,0.02088557604700327
5351,0.020847488194704056,0.02088827844709158
5352,0.02052728459239006,0.020883828420192003
5353,0.020882636308670044,0.020885305814445018
5354,0.0203799307346344,0.020882838051766158
5355,0.02094608172774315,0.020884260330349208
5356,0.020956065505743027,0.020878342725336552
5357,0.020852742716670036,0.02086859904229641
5358,0.020688071846961975,0.02086812909692526
5359,0.020629243925213814,0.02086688444018364
5360,0.020351406186819077,0.020860223658382894
5361,0.02160121127963066,0.020871665403246878
5362,0.02071334607899189,0.02087189657613635
5363,0.021041911095380783,0.02087554270401597
5364,0.021118763834238052,0.020884224120527504
5365,0.020604927092790604,0.0208828092366457
5366,0.020621605217456818,0.020886250901967288
5367,0.021164048463106155,0.02089054251089692
5368,0.020869269967079163,0.02089237589389086
5369,0.020381640642881393,0.020889346823096275
5370,0.020703287795186043,0.02088846454396844
5371,0.020753998309373856,0.020881578158587218
5372,0.020943615585565567,0.020882416609674694
5373,0.02149857208132744,0.020886228512972595
5374,0.020494315773248672,0.020879053864628076
5375,0.020927688106894493,0.020873539708554746
5376,0.021950554102659225,0.020876766331493855
5377,0.020491385832428932,0.02087392857298255
5378,0.020767390727996826,0.020867829266935586
5379,0.020396742969751358,0.02086117008700967
5380,0.020953357219696045,0.020862273070961238
5381,0.020983513444662094,0.020863327439874412
5382,0.02093283273279667,0.020872877314686775
5383,0.02089846134185791,0.020869762804359197
5384,0.020913662388920784,0.020868762284517287
5385,0.020935077220201492,0.020868335235863924
5386,0.020087972283363342,0.020861499682068824
5387,0.020645450800657272,0.020849240627139807
5388,0.020657125860452652,0.02084947982802987
5389,0.02050073817372322,0.020842170473188162
5390,0.020642410963773727,0.020836881194263697
5391,0.02076043002307415,0.02083737721666694
5392,0.02086630091071129,0.020831901598721742
5393,0.02076113224029541,0.02083806661888957
5394,0.021285658702254295,0.02084535304456949
5395,0.02085036411881447,0.020844461638480426
5396,0.019978228956460953,0.020835800915956496
5397,0.021452482789754868,0.020847964137792586
5398,0.02013338729739189,0.020844118483364583
5399,0.020514750853180885,0.020843684617429973
5400,0.02106389030814171,0.020842778328806162
5401,0.021105453372001648,0.020846224520355464
5402,0.020356064662337303,0.020841266736388208
5403,0.020087119191884995,0.020835579596459864
5404,0.02084285579621792,0.020836299117654562
5405,0.020357703790068626,0.020829303301870824
5406,0.020525366067886353,0.020828935597091914
5407,0.020871281623840332,0.02083510970696807
5408,0.020631033927202225,0.020837840270251037
5409,0.02076934650540352,0.020841033663600683
5410,0.020264968276023865,0.020829697269946337
5411,0.022005533799529076,0.020842031575739384
5412,0.020478926599025726,0.020840864181518554
5413,0.021288665011525154,0.020844166278839112
5414,0.020087111741304398,0.020840970519930124
5415,0.02030019648373127,0.020840357951819898
5416,0.020834235474467278,0.020832892898470165
5417,0.020183319225907326,0.020819503460079433
5418,0.020309222862124443,0.020818786919116972
5419,0.020865779370069504,0.02082181368023157
5420,0.021089989691972733,0.020816011037677527
5421,0.02075984701514244,0.020812207218259573
5422,0.020421024411916733,0.02079798746854067
5423,0.020798876881599426,0.020800436120480298
5424,0.020973501726984978,0.020799088403582574
5425,0.021090324968099594,0.020793714188039304
5426,0.021110329777002335,0.020786176472902297
5427,0.02071935124695301,0.020787109695374964
5428,0.020205527544021606,0.020783595964312552
5429,0.020608866587281227,0.020780692584812643
5430,0.020136795938014984,0.020767650566995144
5431,0.02059885673224926,0.02075675217434764
5432,0.020782355219125748,0.02075160065665841
5433,0.021463066339492798,0.020763193313032387
5434,0.020550917834043503,0.020765459574759008
5435,0.020430251955986023,0.020759935155510903
5436,0.020633932203054428,0.020760234855115415
5437,0.020491495728492737,0.020751201640814544
5438,0.020356640219688416,0.020745245572179556
5439,0.02077384665608406,0.020738720688968898
5440,0.020679444074630737,0.020739374812692404
5441,0.020625796169042587,0.020733441319316627
5442,0.0205378420650959,0.020733482409268617
5443,0.020810535177588463,0.020735692251473665
5444,0.020191043615341187,0.020731020737439394
5445,0.020737919956445694,0.020735890585929156
5446,0.020619254559278488,0.020729391034692526
5447,0.021372441202402115,0.020740063581615686
5448,0.021445918828248978,0.020746916197240353
5449,0.020831644535064697,0.02074524326249957
5450,0.020987022668123245,0.020749213006347418
5451,0.021707234904170036,0.02075781047344208
5452,0.021298358216881752,0.020765521209686996
5453,0.02124231681227684,0.020769118014723063
5454,0.020495902746915817,0.020770277734845875
5455,0.021330267190933228,0.020774119589477776
5456,0.021012507379055023,0.0207746840082109
5457,0.020616810768842697,0.020772324688732625
5458,0.020637238398194313,0.020771816354244948
5459,0.0206163227558136,0.020771687142550944
5460,0.02059188485145569,0.02077409192919731
5461,0.020271018147468567,0.02076078999787569
5462,0.020539112389087677,0.020759047660976648
5463,0.020647622644901276,0.020755104776471852
5464,0.020836815237998962,0.020752285290509462
5465,0.020134219899773598,0.020747578218579293
5466,0.020605288445949554,0.02074741505086422
5467,0.02053220197558403,0.020741096585988997
5468,0.020366501063108444,0.020736068896949292
5469,0.020533986389636993,0.020737592354416846
5470,0.02061493508517742,0.02073670882731676
5471,0.021391255781054497,0.020743081402033566
5472,0.020819175988435745,0.020741837006062268
5473,0.02002379670739174,0.020727089252322913
5474,0.021214548498392105,0.020734291579574345
5475,0.02049126848578453,0.020729927383363246
5476,0.020433589816093445,0.02071475774049759
5477,0.020250406116247177,0.020712347943335773
5478,0.02054453268647194,0.020710119362920523
5479,0.020365610718727112,0.02070980804041028
5480,0.020526114851236343,0.02070553561672568
5481,0.020332228392362595,0.02069902276620269
5482,0.02065817266702652,0.020696276165544987
5483,0.021270910277962685,0.020700000654906035
5484,0.020450981333851814,0.020695373844355346
5485,0.020273098722100258,0.020688754059374332
5486,0.020018339157104492,0.020688057728111744
5487,0.02030765451490879,0.02068467976525426
5488,0.02042950689792633,0.020682403575628994
5489,0.020512282848358154,0.020682519022375345
5490,0.02073485031723976,0.020683443415910007
5491,0.020142944529652596,0.02067726856097579
5492,0.02034829743206501,0.020672088526189326
5493,0.019814155995845795,0.020662618763744832
5494,0.020121783018112183,0.02065098000690341
5495,0.020252911373972893,0.020645005479454994
5496,0.020805537700653076,0.020653278566896915
5497,0.02116898074746132,0.02065044354647398
5498,0.0209882240742445,0.020658991914242506
5499,0.020951172336935997,0.020663356129080056
5500,0.020553570240736008,0.020658252928406
5501,0.02093919739127159,0.0206565903685987
5502,0.02056315541267395,0.020658661276102067
5503,0.02115064300596714,0.020669296514242888
5504,0.020599108189344406,0.020666859038174154
5505,0.020572379231452942,0.020669005792587996
5506,0.02122333273291588,0.02067598545923829
5507,0.020430725067853928,0.020671579893678425
5508,0.020653992891311646,0.020671809483319523
5509,0.02118394337594509,0.020675955452024938
5510,0.02115623652935028,0.0206848681345582
5511,0.021091140806674957,0.02067572420462966
5512,0.020251307636499405,0.020673448015004398
5513,0.02099323272705078,0.020670493692159654
5514,0.02049100771546364,0.020674532651901244
5515,0.020089223980903625,0.02067242292687297
5516,0.020205959677696228,0.020666140168905257
5517,0.021386854350566864,0.020678175520151852
5518,0.020591776818037033,0.02068100105971098
5519,0.02066875621676445,0.02067903082817793
5520,0.020594025030732155,0.020674071181565522
5521,0.019713211804628372,0.02066360482946038
5522,0.02042662352323532,0.020663660820573568
5523,0.020556066185235977,0.020661232713609933
5524,0.020753225311636925,0.020659029949456453
5525,0.020540274679660797,0.020653529446572064
5526,0.02083989791572094,0.020650825127959252
5527,0.0204654298722744,0.020648285914212465
5528,0.020532187074422836,0.020651552509516478
5529,0.02025243639945984,0.020647988207638263
5530,0.019792836159467697,0.020644548609852792
5531,0.020126044750213623,0.020639820490032434
5532,0.01988745853304863,0.020630871523171664
5533,0.021499453112483025,0.020631235390901566
5534,0.020026743412017822,0.020625993646681308
5535,0.02032165229320526,0.020624907650053502
5536,0.020790711045265198,0.02062647543847561
5537,0.020208779722452164,0.020623648278415202
5538,0.021175436675548553,0.020631836242973805
5539,0.02108030766248703,0.020634900853037833
5540,0.0210367813706398,0.020638474225997926
5541,0.021187901496887207,0.02064409527927637
5542,0.020665854215621948,0.02064537540078163
5543,0.020276740193367004,0.020640037450939418
5544,0.020160185173153877,0.020639728866517545
5545,0.020148053765296936,0.020633830204606057
5546,0.019992798566818237,0.020627565644681455
5547,0.020191023126244545,0.020615751463919876
5548,0.0207844041287899,0.020609136316925288
5549,0.020010218024253845,0.02060092205181718
5550,0.02077539451420307,0.020598805770277978
5551,0.020864158868789673,0.020590375009924174
5552,0.020311661064624786,0.020580508038401602
5553,0.02031753957271576,0.020571260266005992
5554,0.02099449932575226,0.020576246231794357
5555,0.020269686356186867,0.020565640423446895
5556,0.020685557276010513,0.02056237092241645
5557,0.02093944326043129,0.020565597247332333
5558,0.02022532746195793,0.02056147813796997
5559,0.02010267972946167,0.02055634170770645
5560,0.021008718758821487,0.020560510046780108
5561,0.02033064141869545,0.02056110627949238
5562,0.02054102160036564,0.02056112537160516
5563,0.020265839993953705,0.02055730754509568
5564,0.019815275445580482,0.020547092147171497
5565,0.019901573657989502,0.020544765684753656
5566,0.020271223038434982,0.02054142503067851
5567,0.02048112079501152,0.020540914218872785
5568,0.01997232437133789,0.02053697245195508
5569,0.02049301378428936,0.020536562725901604
5570,0.020340563729405403,0.020533819012343885
5571,0.020047135651111603,0.020520377811044453
5572,0.020859867334365845,0.020520784724503756
5573,0.01957940123975277,0.020516340769827366
5574,0.02022765576839447,0.02050647184252739
5575,0.02058310993015766,0.020507390256971122
5576,0.0205584354698658,0.020508638713508845
5577,0.020054440945386887,0.020506679061800242
5578,0.019909992814064026,0.020500333663076162
5579,0.020024046301841736,0.02049691801890731
5580,0.02112644538283348,0.02050292132422328
5581,0.020956534892320633,0.02050916438922286
5582,0.020370859652757645,0.02050629125908017
5583,0.021467972546815872,0.020508261881768703
5584,0.020844580605626106,0.020512197874486448
5585,0.019870925694704056,0.020508176144212485
5586,0.02037389948964119,0.020511731747537853
5587,0.020192697644233704,0.020510582178831102
5588,0.020003631711006165,0.0205063234269619
5589,0.020332327112555504,0.020504523869603872
5590,0.020324844866991043,0.020500423815101386
5591,0.020286446437239647,0.020501858834177256
5592,0.020130280405282974,0.020499678663909435
5593,0.02023140713572502,0.020503851175308226
5594,0.0202782042324543,0.02050541538745165
5595,0.02019386924803257,0.020504824966192246
5596,0.020544758066534996,0.020502217169851063
5597,0.019929416477680206,0.020489821527153253
5598,0.020749837160110474,0.020487437658011913
5599,0.02017717994749546,0.020479697734117508
5600,0.02062823995947838,0.020480444431304933
5601,0.020393237471580505,0.02047498483210802
5602,0.020419972017407417,0.020473552998155356
5603,0.019935281947255135,0.020461399387568236
5604,0.019921984523534775,0.020454628150910138
5605,0.021007873117923737,0.020458983089774847
5606,0.019737813621759415,0.020444127898663282
5607,0.020054735243320465,0.020440368000417947
5608,0.02041890099644661,0.020438017081469296
5609,0.02006681077182293,0.020426845755428077
5610,0.02026188373565674,0.02041790222749114
5611,0.02061072736978531,0.020413098093122244
5612,0.02030862867832184,0.02041367130354047
5613,0.019805599004030228,0.020401794966310262
5614,0.020435426384210587,0.02040123915299773
5615,0.01987067610025406,0.020399053674191238
5616,0.02043018490076065,0.02040129592642188
5617,0.020478088408708572,0.020392208267003296
5618,0.019796833395957947,0.02038425883278251
5619,0.020087653771042824,0.02037844780832529
5620,0.020099498331546783,0.020373502541333438
5621,0.019977524876594543,0.0203761456720531
5622,0.02061063051223755,0.02037798574194312
5623,0.020731450989842415,0.020379739589989187
5624,0.020651506260037422,0.02037872239947319
5625,0.020273618400096893,0.02037605583667755
5626,0.01986096426844597,0.020366266500204802
5627,0.019873198121786118,0.02036034418269992
5628,0.019496019929647446,0.020349982511252165
5629,0.021167553961277008,0.020359133686870336
5630,0.020584098994731903,0.02036704631522298
5631,0.01980016380548477,0.02036378750577569
5632,0.01971045881509781,0.020362017508596182
5633,0.020425304770469666,0.020351276025176047
5634,0.020597878843545914,0.02035698737949133
5635,0.019928928464651108,0.02035306014120579
5636,0.019920706748962402,0.02034436009824276
5637,0.019463013857603073,0.020336902439594268
5638,0.02044471725821495,0.020329595245420932
5639,0.021058350801467896,0.020329375676810743
5640,0.019449520856142044,0.020313503071665764
5641,0.020499330013990402,0.020306617356836795
5642,0.02038414031267166,0.020303800217807293
5643,0.02023812010884285,0.020303414016962052
5644,0.02057594247162342,0.020307571589946748
5645,0.020947817713022232,0.020315569229424
5646,0.020314496010541916,0.020318786203861235
5647,0.019925758242607117,0.020316133555024863
5648,0.020555313676595688,0.02031384265050292
5649,0.02026144228875637,0.020316354893147946
5650,0.020483043044805527,0.02031343137845397
5651,0.020374856889247894,0.020308538358658552
5652,0.020230893045663834,0.020307730678468944
5653,0.020527122542262077,0.020309826508164406
5654,0.01993507146835327,0.020299232229590417
5655,0.020435243844985962,0.020300887804478408
5656,0.02017335221171379,0.02029576575383544
5657,0.01995621994137764,0.020285933520644905
5658,0.019545432180166245,0.020279134567826988
5659,0.020046576857566833,0.020278573539108037
5660,0.020305324345827103,0.020271539594978093
5661,0.019981468096375465,0.020268047861754894
5662,0.01977962628006935,0.020260433908551933
5663,0.020217351615428925,0.020259949024766685
5664,0.020042231306433678,0.020262218583375215
5665,0.02025291509926319,0.02026573199778795
5666,0.020732631906867027,0.020270346086472272
5667,0.02049625664949417,0.020270497445017098
5668,0.02056990936398506,0.020276473294943573
5669,0.020698288455605507,0.02027852604165673
5670,0.0204011183232069,0.020279131587594746
5671,0.02019333466887474,0.020280593577772378
5672,0.021080492064356804,0.02028279982507229
5673,0.02081078663468361,0.020295113679021596
5674,0.019648179411888123,0.020289318915456534
5675,0.020480645820498466,0.020288294274359943
5676,0.01964982971549034,0.020279208216816186
5677,0.019842861220240593,0.020277092419564723
5678,0.02033335715532303,0.020281326062977313
5679,0.020444657653570175,0.0202855321764946
5680,0.021348293870687485,0.020287750661373137
5681,0.019383985549211502,0.020272025167942048
5682,0.02019025757908821,0.02027021914720535
5683,0.02108917012810707,0.020266431123018264
5684,0.020467884838581085,0.020262664165347815
5685,0.020299462601542473,0.020266949534416198
5686,0.020092308521270752,0.020264133624732495
5687,0.019497068598866463,0.02025717733427882
5688,0.019900884479284286,0.020256149861961604
5689,0.020793655887246132,0.02026076314970851
5690,0.019916683435440063,0.020256681535393
5691,0.020002704113721848,0.02025384411215782
5692,0.02026703767478466,0.02025521168485284
5693,0.019821375608444214,0.020251111369580032
5694,0.019843410700559616,0.020246763434261083
5695,0.020593639463186264,0.02025076113641262
5696,0.020066510885953903,0.02024597866460681
5697,0.019617047160863876,0.020242854971438646
5698,0.01974860392510891,0.02023284263908863
5699,0.02082158252596855,0.02023928666487336
5700,0.02009059116244316,0.02023391017690301
5701,0.020306479185819626,0.0202330425940454
5702,0.01936747133731842,0.020222517587244512
5703,0.019581105560064316,0.020218975823372603
5704,0.020589757710695267,0.020225653555244208
5705,0.020184922963380814,0.02021742405369878
5706,0.020135052502155304,0.02022139644250274
5707,0.0199730321764946,0.02022057941183448
5708,0.019899485632777214,0.020215385258197785
5709,0.01983996108174324,0.020213116761296987
5710,0.019945692270994186,0.020209954846650363
5711,0.019963331520557404,0.020203480888158085
5712,0.020512256771326065,0.020205517169088125
5713,0.019421055912971497,0.020201671738177537
5714,0.019499577581882477,0.02019231325015426
5715,0.020093301311135292,0.02019453950226307
5716,0.01966877467930317,0.020186925400048496
5717,0.019975310191512108,0.02018189761787653
5718,0.020066209137439728,0.02018459137529135
5719,0.020056456327438354,0.020184279400855303
5720,0.02012210711836815,0.020184505488723515
5721,0.01997895911335945,0.020184519831091166
5722,0.01982147991657257,0.020176628325134515
5723,0.019521813839673996,0.020164531953632832
5724,0.02010781690478325,0.02015909506008029
5725,0.021138228476047516,0.020167741160839796
5726,0.019859597086906433,0.0201677274890244
5727,0.02028873935341835,0.020171882901340723
5728,0.019530978053808212,0.02017223248258233
5729,0.020931066945195198,0.020169867612421514
5730,0.020430373027920723,0.0201683303527534
5731,0.02002726122736931,0.020170601326972248
5732,0.020333409309387207,0.02017683083191514
5733,0.02102898806333542,0.020182867664843798
5734,0.019856475293636322,0.0201754536293447
5735,0.020771479234099388,0.020183879137039184
5736,0.020545095205307007,0.02019012302160263
5737,0.01979181170463562,0.020193411000072957
5738,0.02077801153063774,0.020196743942797184
5739,0.019421305507421494,0.02018037348985672
5740,0.020712517201900482,0.020193003453314304
5741,0.02096746116876602,0.02019768476486206
5742,0.01926301047205925,0.020186473466455936
5743,0.020109396427869797,0.020185186229646206
5744,0.019796453416347504,0.020177391339093447
5745,0.020716018974781036,0.020175073351711034
5746,0.019657699391245842,0.020168505385518076
5747,0.019823826849460602,0.02016748607158661
5748,0.02002616599202156,0.02016219459474087
5749,0.01969093084335327,0.020156489480286838
5750,0.020190197974443436,0.020153561029583215
5751,0.020307548344135284,0.02015288794413209
5752,0.020174812525510788,0.02015232713893056
5753,0.019937658682465553,0.020146432500332594
5754,0.019817650318145752,0.020145258288830518
5755,0.01969202607870102,0.02013782611116767
5756,0.019915498793125153,0.020135247576981784
5757,0.019895469769835472,0.02013464007526636
5758,0.020153403282165527,0.020140719786286353
5759,0.020042624324560165,0.02014068026095629
5760,0.020034324377775192,0.02013797026127577
5761,0.019388506188988686,0.0201320406422019
5762,0.020139094442129135,0.0201356353238225
5763,0.01956089586019516,0.02012907076627016
5764,0.01966024562716484,0.020125250909477473
5765,0.020156562328338623,0.020124287381768226
5766,0.02021333947777748,0.02011909445747733
5767,0.020601600408554077,0.02012014789506793
5768,0.020495034754276276,0.020119399148970842
5769,0.019525017589330673,0.020107666440308095
5770,0.02029254660010338,0.02010658072307706
5771,0.019988007843494415,0.020104527454823256
5772,0.020483490079641342,0.0200985574349761
5773,0.020041707903146744,0.020090866647660733
5774,0.019459977746009827,0.02008898463100195
5775,0.020557142794132233,0.020089749600738286
5776,0.019532833248376846,0.020088579636067153
5777,0.020063962787389755,0.020090790651738643
5778,0.019858919084072113,0.020086046271026135
5779,0.02048039250075817,0.020086403619498015
5780,0.020094268023967743,0.020073863361030817
5781,0.01961975172162056,0.020076221022754907
5782,0.021014150232076645,0.020084459949284792
5783,0.020246675238013268,0.020076035000383855
5784,0.020131098106503487,0.020072667133063077
5785,0.019444774836301804,0.02006412025541067
5786,0.02014455571770668,0.02006464272737503
5787,0.02044457197189331,0.0200741177611053
5788,0.019879981875419617,0.02007390873506665
5789,0.019972393289208412,0.020065696109086276
5790,0.020659908652305603,0.02007312836125493
5791,0.01952049881219864,0.0200683063082397
5792,0.019738629460334778,0.020063022226095198
5793,0.019774001091718674,0.020062548480927943
5794,0.02034064754843712,0.02006752084940672
5795,0.020177127793431282,0.02006335573270917
5796,0.02116548642516136,0.020074345488101244
5797,0.020092744380235672,0.020079102460294963
5798,0.019459834322333336,0.020076214764267207
5799,0.019612548872828484,0.020064124427735804
5800,0.019099073484539986,0.020054209250956773
5801,0.02041490748524666,0.020055293533951045
5802,0.01952754706144333,0.020056894291192295
5803,0.019980769604444504,0.020060890931636096
5804,0.019575364887714386,0.020050747003406286
5805,0.019848905503749847,0.020047386828809976
5806,0.01939336210489273,0.02003996992483735
5807,0.020176606252789497,0.0200420056656003
5808,0.019551970064640045,0.02003853050991893
5809,0.020453494042158127,0.020044665839523076
5810,0.020405858755111694,0.02004926750436425
5811,0.01961059495806694,0.020045740138739346
5812,0.01943141222000122,0.0200349316932261
5813,0.019778205081820488,0.02003850318491459
5814,0.019643321633338928,0.020039940625429152
5815,0.019829602912068367,0.020037303641438485
5816,0.019537070766091347,0.020035986602306367
5817,0.020902153104543686,0.02004525503143668
5818,0.019716689363121986,0.020041759833693506
5819,0.02025299146771431,0.020043725185096263
5820,0.019782500341534615,0.020040329117327928
5821,0.020140839740633965,0.020041947923600673
5822,0.0193641260266304,0.020037374384701254
5823,0.020740175619721413,0.020049558002501727
5824,0.01926003396511078,0.020041080173105002
5825,0.019699683412909508,0.02002669472247362
5826,0.019898399710655212,0.02002708274871111
5827,0.019888579845428467,0.02002308115363121
5828,0.02027006447315216,0.02003047201782465
5829,0.01992003619670868,0.020020361710339784
5830,0.020960669964551926,0.020025664679706096
5831,0.02022816427052021,0.020027673710137604
5832,0.01996399648487568,0.02002397958189249
5833,0.020167190581560135,0.020015361607074737
5834,0.01959138736128807,0.020012710727751255
5835,0.01963253691792488,0.02000132130458951
5836,0.02015984244644642,0.019997468777000905
5837,0.020302359014749527,0.020002574250102042
5838,0.019323086366057396,0.01998802499845624
5839,0.01971503347158432,0.01999096227809787
5840,0.02055840566754341,0.019989421162754296
5841,0.01970035210251808,0.019976750072091817
5842,0.019562533125281334,0.01997974529862404
5843,0.01963602565228939,0.019975011590868234
5844,0.020234305411577225,0.019979390110820533
5845,0.019765719771385193,0.019969887118786573
5846,0.020088471472263336,0.019974194839596747
5847,0.019717298448085785,0.019973129555583
5848,0.019923128187656403,0.019972099177539348
5849,0.019657179713249207,0.01997176166623831
5850,0.019787009805440903,0.019967729784548284
5851,0.02021796628832817,0.01996683396399021
5852,0.01961575448513031,0.019961243383586406
5853,0.01987237110733986,0.01996059050783515
5854,0.019638024270534515,0.019958794247359038
5855,0.01988513581454754,0.019960725344717503
5856,0.020374845713377,0.01996531881392002
5857,0.019606400281190872,0.019962428119033575
5858,0.02014658972620964,0.019962359983474016
5859,0.019957389682531357,0.01996150763705373
5860,0.01951214298605919,0.019956285823136567
5861,0.019650809466838837,0.01995890885591507
5862,0.019718781113624573,0.019954705722630025
5863,0.02000916376709938,0.019959188401699066
5864,0.019674599170684814,0.019959331937134266
5865,0.020140670239925385,0.019959173016250133
5866,0.019821500405669212,0.01995525462552905
5867,0.019988633692264557,0.019949124958366156
5868,0.020361222326755524,0.019947786834090948
5869,0.02014431357383728,0.019953979793936014
5870,0.019625365734100342,0.019947307985275983
5871,0.0209590345621109,0.01995701825246215
5872,0.019873114302754402,0.01995091449469328
5873,0.020493289455771446,0.019955430310219527
5874,0.01988590881228447,0.019959689620882272
5875,0.020544815808534622,0.019959566351026296
5876,0.01947297900915146,0.019958967808634043
5877,0.019455917179584503,0.01995288735255599
5878,0.019530650228261948,0.019949604663997887
5879,0.02009369246661663,0.01994573766365647
5880,0.020870156586170197,0.0199534965492785
5881,0.019372381269931793,0.01995102284476161
5882,0.019765039905905724,0.019938531741499902
5883,0.020220156759023666,0.019938266556710004
5884,0.019577382132411003,0.01993272939696908
5885,0.019897444173693657,0.019937256090342997
5886,0.01957053691148758,0.019931515902280806
5887,0.019878190010786057,0.019925852082669736
5888,0.01986565999686718,0.01992570886388421
5889,0.0205102376639843,0.01993108730763197
5890,0.0203563179820776,0.01992805140092969
5891,0.02019042707979679,0.01993475068360567
5892,0.020904798060655594,0.01994641236960888
5893,0.01919643208384514,0.019940636679530145
5894,0.019542213529348373,0.019932652339339257
5895,0.020540665835142136,0.019936287719756366
5896,0.019629424437880516,0.019920927099883558
5897,0.019601210951805115,0.01991601176559925
5898,0.01953420415520668,0.019916755463927984
5899,0.019512370228767395,0.019915753677487373
5900,0.01929132267832756,0.01991767616942525
5901,0.01961144246160984,0.01990964151918888
5902,0.019242551177740097,0.01990679156035185
5903,0.02001124992966652,0.01990709636360407
5904,0.019831916317343712,0.019909661877900362
5905,0.019647827371954918,0.019907651096582414
5906,0.019237514585256577,0.01990609262138605
5907,0.01964551955461502,0.019900781754404306
5908,0.01918516308069229,0.01989711368456483
5909,0.021212734282016754,0.019904706086963417
5910,0.020831260830163956,0.01990896010771394
5911,0.019488468766212463,0.019907738845795393
5912,0.02054557204246521,0.019918880444020032
5913,0.020378371700644493,0.019924882110208274
5914,0.020112980157136917,0.019929578695446253
5915,0.01983162760734558,0.019929598942399027
5916,0.019489843398332596,0.019929126668721438
5917,0.020565949380397797,0.019925764631479978
5918,0.02041318640112877,0.019932729601860048
5919,0.01975051499903202,0.019927704837173224
5920,0.019658712670207024,0.019926466960459948
5921,0.020370516926050186,0.01992876373231411
5922,0.020223427563905716,0.019937356747686864
5923,0.01970820501446724,0.019927037041634323
5924,0.020117729902267456,0.019935614001005887
5925,0.01965934969484806,0.019935210663825274
5926,0.01983484998345375,0.01993457516655326
5927,0.01963576301932335,0.019932046998292208
5928,0.019939251244068146,0.01992873886600137
5929,0.01960400864481926,0.019925578590482475
5930,0.01939886063337326,0.019909960497170687
5931,0.020282793790102005,0.019910506792366504
5932,0.019153183326125145,0.019902398660779
5933,0.01979576051235199,0.01989868436008692
5934,0.01937921904027462,0.019896562676876783
5935,0.01975177973508835,0.019897755105048417
5936,0.01982986554503441,0.0198944553360343
5937,0.020232155919075012,0.019893753305077554
5938,0.019185272976756096,0.01989237517118454
5939,0.020291686058044434,0.019898141697049142
5940,0.020014071837067604,0.019892698358744382
5941,0.0194232314825058,0.01988992715254426
5942,0.019910423085093498,0.019893406052142383
5943,0.01903996616601944,0.019887445457279683
5944,0.019495565444231033,0.01988005805760622
5945,0.019518114626407623,0.019877582006156445
5946,0.019504036754369736,0.01987173765897751
5947,0.01936906948685646,0.019868255369365217
5948,0.019559498876333237,0.019864619076251984
5949,0.020066741853952408,0.019868714697659016
5950,0.020115520805120468,0.01987199980765581
5951,0.019703976809978485,0.019866859912872313
5952,0.02016289532184601,0.019872331321239473
5953,0.019931772723793983,0.019872925337404014
5954,0.019467554986476898,0.019871220644563436
5955,0.020057901740074158,0.019872948303818704
5956,0.019660793244838715,0.01986580777913332
5957,0.02047872170805931,0.019874530993402004
5958,0.01950472965836525,0.01986811239272356
5959,0.0193282850086689,0.019861821345984937
5960,0.018974103033542633,0.01985644094645977
5961,0.01944933459162712,0.019854426197707654
5962,0.020281363278627396,0.01986005201935768
5963,0.019999798387289047,0.01985995836555958
5964,0.019293151795864105,0.01985614389181137
5965,0.019767217338085175,0.019852409362792967
5966,0.019722994416952133,0.019851424302905797
5967,0.019393200054764748,0.0198454699665308
5968,0.019503803923726082,0.019836895782500506
5969,0.020262226462364197,0.019838074911385773
5970,0.01908249221742153,0.019832646176218986
5971,0.019644908607006073,0.019819504916667938
5972,0.01919969916343689,0.019812770765274764
5973,0.019908959046006203,0.019806927461177112
5974,0.019366057589650154,0.019801728948950766
5975,0.01888667419552803,0.0197851475328207
5976,0.01963602751493454,0.019786778017878533
5977,0.020195914432406425,0.019794177990406753
5978,0.019304770976305008,0.019791919197887184
5979,0.019936908036470413,0.01979035135358572
5980,0.02018338069319725,0.019783483594655992
5981,0.019448615610599518,0.019784245938062668
5982,0.018845748156309128,0.019775053020566702
5983,0.020037461072206497,0.01977322606369853
5984,0.01943434216082096,0.01977179566398263
5985,0.01961769349873066,0.019768998157233
5986,0.019385110586881638,0.01976714389398694
5987,0.019436515867710114,0.01976272715255618
5988,0.019701356068253517,0.019761084113270044
5989,0.020471271127462387,0.019760694447904827
5990,0.019598638638854027,0.019753117654472588
5991,0.019740592688322067,0.019748619310557842
5992,0.01983422227203846,0.01973791355267167
5993,0.020393040031194687,0.019749879632145168
5994,0.020128842443227768,0.01975574592128396
5995,0.019513554871082306,0.019745474811643363
5996,0.019645320251584053,0.019745633769780398
5997,0.019503381103277206,0.019744655471295117
5998,0.018775463104248047,0.019737068060785533
5999,0.020161842927336693,0.019743562787771226
6000,0.019245021045207977,0.01974309977144003
6001,0.019776664674282074,0.01974475199356675
6002,0.019768185913562775,0.01975000834092498
6003,0.01948477514088154,0.01974474359303713
6004,0.019487526267766953,0.01974129969254136
6005,0.019107945263385773,0.01973590087145567
6006,0.01952069252729416,0.019738732650876046
6007,0.019856367260217667,0.019740841127932073
6008,0.01914381980895996,0.019740427695214748
6009,0.019061489030718803,0.01971891524270177
6010,0.020008178427815437,0.019710684418678282
6011,0.019435860216617584,0.019710158333182334
6012,0.0198679156601429,0.01970338176935911
6013,0.019328458234667778,0.019692882634699344
6014,0.019488077610731125,0.019686633609235286
6015,0.019802276045084,0.01968634009361267
6016,0.019676007330417633,0.019688201732933522
6017,0.019889220595359802,0.01968143444508314
6018,0.01969073712825775,0.01967420995235443
6019,0.019763994961977005,0.01967434475198388
6020,0.019980037584900856,0.01967755800113082
6021,0.01910652406513691,0.019664918072521687
6022,0.019363991916179657,0.019656323716044425
6023,0.019920457154512405,0.01965844623744488
6024,0.020460568368434906,0.019661874622106553
6025,0.019794387742877007,0.01966322500258684
6026,0.019413407891988754,0.01965901058167219
6027,0.020079944282770157,0.019663452394306658
6028,0.019511425867676735,0.019659174140542746
6029,0.0195278562605381,0.019658412616699934
6030,0.019087182357907295,0.019655295833945274
6031,0.019226308912038803,0.019644730985164643
6032,0.019000791013240814,0.0196432070620358
6033,0.01936287060379982,0.019638878162950277
6034,0.019957011565566063,0.01964465608820319
6035,0.01927720382809639,0.019639910329133273
6036,0.01992224156856537,0.01964083408936858
6037,0.019432323053479195,0.019632835760712623
6038,0.01956702582538128,0.019636653289198877
6039,0.019321206957101822,0.01962694849818945
6040,0.01990911364555359,0.01962589891627431
6041,0.0191274993121624,0.019622941594570877
6042,0.01963995024561882,0.01962023686617613
6043,0.019907118752598763,0.01962890839204192
6044,0.019341465085744858,0.01962736738845706
6045,0.02021658420562744,0.019634352084249258
6046,0.020053979009389877,0.01963985150679946
6047,0.019407520070672035,0.019640236012637615
6048,0.020169643685221672,0.0196463374607265
6049,0.019338950514793396,0.01963905954733491
6050,0.020059460774064064,0.019638498947024345
6051,0.01972884126007557,0.019638747591525316
6052,0.01954050175845623,0.01963252365589142
6053,0.019785035401582718,0.019631056282669306
6054,0.01951865293085575,0.019631567262113094
6055,0.02003367617726326,0.019631325006484984
6056,0.019747057929635048,0.01963218765333295
6057,0.01955629512667656,0.01962296338751912
6058,0.01963428407907486,0.019624258931726216
6059,0.01982838287949562,0.019629259910434484
6060,0.0196835920214653,0.019636354800313713
6061,0.019640464335680008,0.01963826609775424
6062,0.01952790841460228,0.01963073154911399
6063,0.01898934692144394,0.019620627034455537
6064,0.019271520897746086,0.01962041072547436
6065,0.019521363079547882,0.019617952182888986
6066,0.019337818026542664,0.01961410041898489
6067,0.01939775049686432,0.019614145923405886
6068,0.019113468006253242,0.01961024256423116
6069,0.02037711814045906,0.019611391481012107
6070,0.01984413154423237,0.019619007874280215
6071,0.019183259457349777,0.01961439138278365
6072,0.01998015306890011,0.019622195921838285
6073,0.019553396850824356,0.019618640299886466
6074,0.019738249480724335,0.019622362218797207
6075,0.0203343965113163,0.01963683944195509
6076,0.01968780905008316,0.019637357257306576
6077,0.018939819186925888,0.01962479630485177
6078,0.018916256725788116,0.019620911162346603
6079,0.019345879554748535,0.019615000877529383
6080,0.01909589022397995,0.01960412597283721
6081,0.01962016150355339,0.01960584143176675
6082,0.01946984976530075,0.019612082447856664
6083,0.019508183002471924,0.01960678966715932
6084,0.01988166943192482,0.019611262939870356
6085,0.019408879801630974,0.01960917480289936
6086,0.019322870299220085,0.019608552400022745
6087,0.019626621156930923,0.019610453452914952
6088,0.020078424364328384,0.019614224135875703
6089,0.01959756761789322,0.01960548710078001
6090,0.019172612577676773,0.019601226840168236
6091,0.019495178014039993,0.019598772693425418
6092,0.019199732691049576,0.019592427797615528
6093,0.018963564187288284,0.019578133039176465
6094,0.019672941416502,0.019573574028909205
6095,0.019922195002436638,0.01957766043022275
6096,0.019126925617456436,0.019572476483881475
6097,0.019115064293146133,0.01956859331578016
6098,0.0196603462100029,0.019577442146837713
6099,0.019409924745559692,0.019569922965019942
6100,0.019386984407901764,0.01957134259864688
6101,0.02013407275080681,0.019574916679412125
6102,0.019463887438178062,0.01957187369465828
6103,0.019435277208685875,0.019571378715336322
6104,0.019215308129787445,0.01956865653395653
6105,0.019411150366067886,0.01957168858498335
6106,0.0200086310505867,0.019576567970216275
6107,0.019774749875068665,0.019575751796364785
6108,0.020253460854291916,0.019586848206818105
6109,0.020108509808778763,0.019597318414598705
6110,0.020797599107027054,0.01960521262139082
6111,0.01980394870042801,0.019608893506228922
6112,0.01984863169491291,0.019608700666576624
6113,0.019376525655388832,0.019609181340783835
6114,0.019022483378648758,0.01960452539846301
6115,0.019605927169322968,0.0196025619097054
6116,0.019809357821941376,0.01960389541462064
6117,0.019513996317982674,0.019600143171846867
6118,0.018702253699302673,0.019590258337557315
6119,0.018895886838436127,0.019581577256321907
6120,0.01888534054160118,0.019570630285888912
6121,0.019887760281562805,0.019578442648053168
6122,0.019133638590574265,0.019576139114797116
6123,0.019413799047470093,0.019571072533726693
6124,0.019771909341216087,0.019564185943454503
6125,0.019780687987804413,0.01956404894590378
6126,0.020312592387199402,0.019573040790855884
6127,0.019495733082294464,0.01956719867885113
6128,0.019192460924386978,0.01956400902941823
6129,0.019740115851163864,0.019566131625324487
6130,0.019280096516013145,0.019568060766905548
6131,0.01881358027458191,0.019563933480530978
6132,0.0198222603648901,0.01957214817404747
6133,0.01974641904234886,0.01957598365843296
6134,0.019339585676789284,0.019569809399545193
6135,0.019558407366275787,0.019572621434926985
6136,0.018938999623060226,0.019562789015471937
6137,0.01944301277399063,0.01956289591267705
6138,0.0188802108168602,0.01955602776259184
6139,0.018757961690425873,0.01955039530992508
6140,0.019640237092971802,0.01954770654439926
6141,0.019630761817097664,0.019552739169448614
6142,0.019409548491239548,0.01955043515190482
6143,0.01958857849240303,0.019547249749302865
6144,0.019414253532886505,0.01954797763377428
6145,0.01910465396940708,0.019536858331412076
6146,0.020113036036491394,0.01953744890168309
6147,0.019061993807554245,0.019533993639051915
6148,0.019526537507772446,0.019527562577277422
6149,0.019336476922035217,0.01952753784134984
6150,0.01921878382563591,0.019519131071865557
6151,0.01915021985769272,0.01951334485784173
6152,0.01922043226659298,0.0195101441629231
6153,0.019405080005526543,0.019506344608962535
6154,0.019436750560998917,0.01950552558526397
6155,0.019284814596176147,0.019498036969453097
6156,0.019672099500894547,0.019497287385165693
6157,0.01977754570543766,0.0194994998909533
6158,0.01931973174214363,0.01949635436758399
6159,0.01951872557401657,0.0194932577945292
6160,0.019092999398708344,0.01948735186830163
6161,0.019477393478155136,0.019485721159726382
6162,0.01923893764615059,0.019482831452041865
6163,0.019661489874124527,0.01948955288156867
6164,0.018882857635617256,0.019485666248947382
6165,0.01988936774432659,0.019489346295595168
6166,0.019781772047281265,0.019493785835802555
6167,0.01921907439827919,0.019491999074816704
6168,0.018780911341309547,0.019488673508167267
6169,0.019574126228690147,0.01948064358904958
6170,0.01913847029209137,0.01947358697652817
6171,0.019673313945531845,0.019478487521409987
6172,0.018951192498207092,0.019468197915703058
6173,0.019149240106344223,0.019464156348258255
6174,0.02020842209458351,0.01946885807439685
6175,0.019281893968582153,0.019458333048969507
6176,0.019199099391698837,0.019453445952385663
6177,0.018296226859092712,0.019447010029107332
6178,0.019234534353017807,0.01945019280537963
6179,0.019064605236053467,0.01944738006219268
6180,0.019738856703042984,0.01945380972698331
6181,0.01896033249795437,0.01944721143692732
6182,0.019091323018074036,0.01944342616945505
6183,0.01931515336036682,0.019441495873034
6184,0.018464993685483932,0.019427329115569592
6185,0.019563797861337662,0.019428878296166657
6186,0.01918618194758892,0.019427511412650346
6187,0.01920880749821663,0.019423333276063205
6188,0.018993154168128967,0.01941248057410121
6189,0.01934853568673134,0.01940999025478959
6190,0.018940605223178864,0.01940767018124461
6191,0.019960615783929825,0.01941232455894351
6192,0.019275657832622528,0.01941308381035924
6193,0.018918652087450027,0.019412634689360858
6194,0.01981160044670105,0.01941402127966285
6195,0.0194966159760952,0.019409765489399433
6196,0.0189528726041317,0.019408024959266187
6197,0.0197279192507267,0.019414153508841993
6198,0.019319970160722733,0.01941074974834919
6199,0.018685098737478256,0.019403501488268374
6200,0.019331160932779312,0.01940294325351715
6201,0.019356373697519302,0.019395166262984275
6202,0.019697967916727066,0.019397507067769767
6203,0.019930711016058922,0.019402461405843497
6204,0.019095895811915398,0.019401267282664777
6205,0.019144874066114426,0.01939860451966524
6206,0.019474685192108154,0.019393265061080456
6207,0.018839946016669273,0.019383917022496464
6208,0.02007642760872841,0.019382146690040826
6209,0.018961239606142044,0.01937067398801446
6210,0.019184011965990067,0.01935453811660409
6211,0.019885729998350143,0.01935535592958331
6212,0.018848059698939323,0.019345350209623576
6213,0.019309725612401962,0.019344682209193706
6214,0.018974680453538895,0.019344204179942606
6215,0.019075166434049606,0.019338896572589873
6216,0.019882339984178543,0.019339626394212245
6217,0.019169941544532776,0.019336185846477748
6218,0.019341478124260902,0.019342578090727328
6219,0.01929572969675064,0.019346576519310474
6220,0.019100196659564972,0.019348725080490112
6221,0.018765568733215332,0.01933750316500664
6222,0.019421426579356194,0.019340381044894456
6223,0.01909482851624489,0.019337191339582206
6224,0.01887577213346958,0.01932822996750474
6225,0.01876315474510193,0.019318054635077714
6226,0.017861519008874893,0.01929354390129447
6227,0.019135888665914536,0.01928994545713067
6228,0.019088495522737503,0.019288905803114174
6229,0.019120942801237106,0.019282714072614907
6230,0.01936749927699566,0.019283588100224732
6231,0.01917434297502041,0.019287195727229117
6232,0.019314080476760864,0.019282113928347826
6233,0.0189171452075243,0.019273821189999582
6234,0.019098203629255295,0.019271407369524242
6235,0.01885877549648285,0.01926441105082631
6236,0.01898198574781418,0.019264840912073852
6237,0.018919438123703003,0.019259605165570973
6238,0.019602444022893906,0.01926682749763131
6239,0.019631987437605858,0.019275567755103112
6240,0.019869394600391388,0.019277859330177307
6241,0.019366947934031487,0.019275221191346645
6242,0.01888030394911766,0.019269928745925428
6243,0.019768554717302322,0.01927172850817442
6244,0.01893903687596321,0.019266976341605187
6245,0.01969926804304123,0.01927292248234153
6246,0.020055843517184258,0.019272350557148456
6247,0.019439056515693665,0.01927612118422985
6248,0.01974448934197426,0.01927830070257187
6249,0.018973369151353836,0.019274669624865057
6250,0.019550302997231483,0.01927798481658101
6251,0.019347846508026123,0.019279961083084343
6252,0.0190799031406641,0.019278555791825056
6253,0.019126461818814278,0.019275769609957933
6254,0.019168809056282043,0.019273090194910764
6255,0.019623305648565292,0.019276475105434655
6256,0.019070737063884735,0.01927046148106456
6257,0.018758943304419518,0.019260275457054377
6258,0.019023384898900986,0.01925731198862195
6259,0.018744919449090958,0.019249573927372695
6260,0.01906951516866684,0.01924933908507228
6261,0.01979645900428295,0.019252529740333556
6262,0.01918385550379753,0.019251978918910027
6263,0.01853448711335659,0.019240708891302347
6264,0.019376792013645172,0.019245648235082628
6265,0.019168224185705185,0.01923843679949641
6266,0.019740909337997437,0.019238028172403575
6267,0.019465237855911255,0.019240489806979896
6268,0.01947152428328991,0.019247395936399698
6269,0.018869468942284584,0.019240349363535643
6270,0.019300047308206558,0.019241965133696793
6271,0.019952725619077682,0.01924475925043225
6272,0.018588893115520477,0.019241136256605385
6273,0.019192829728126526,0.01924157215282321
6274,0.01894429698586464,0.01922893090173602
6275,0.018864242359995842,0.019224754385650158
6276,0.019326545298099518,0.019226028844714166
6277,0.01884932816028595,0.019231559857726097
6278,0.01888473518192768,0.019228061866015195
6279,0.018744278699159622,0.019224858600646256
6280,0.02004282735288143,0.019227898307144643
6281,0.018174149096012115,0.01922003647312522
6282,0.017875278368592262,0.0192078760266304
6283,0.018926095217466354,0.019203985445201396
6284,0.019104763865470886,0.019210383147001266
6285,0.02027188241481781,0.019217463992536068
6286,0.018846692517399788,0.019214069098234178
6287,0.019322596490383148,0.01921520698815584
6288,0.019073624163866043,0.019216011688113214
6289,0.01906571537256241,0.019213183484971523
6290,0.018902665004134178,0.019212804082781077
6291,0.018609728664159775,0.019199295211583377
6292,0.01914118230342865,0.019197950456291437
6293,0.018697235733270645,0.019195736292749642
6294,0.01947077177464962,0.01919232800602913
6295,0.019200637936592102,0.019189368225634097
6296,0.018868546932935715,0.01918852496892214
6297,0.019396688789129257,0.019185212664306162
6298,0.018698684871196747,0.019178999811410902
6299,0.018602989614009857,0.01917817872017622
6300,0.01900641620159149,0.01917493127286434
6301,0.018529029563069344,0.019166657831519843
6302,0.019064873456954956,0.01916032688692212
6303,0.01822024956345558,0.019143222272396086
6304,0.01885843276977539,0.019140847641974688
6305,0.019621647894382477,0.01914561538025737
6306,0.01958753541111946,0.01914674388244748
6307,0.01893949881196022,0.01914773941040039
6308,0.019834037870168686,0.019145315513014793
6309,0.02002822607755661,0.01915598537772894
6310,0.01876359060406685,0.019151781164109708
6311,0.018809951841831207,0.019141023382544517
6312,0.019751474261283875,0.019150057528167962
6313,0.019511636346578598,0.01915207663550973
6314,0.019099514931440353,0.019153324980288745
6315,0.019091524183750153,0.019153488557785748
6316,0.019602961838245392,0.01915069477632642
6317,0.019395621493458748,0.019152951575815678
6318,0.019729387015104294,0.019156830664724112
6319,0.01847689598798752,0.01914864232763648
6320,0.019679710268974304,0.019154437463730575
6321,0.01936880499124527,0.019160469826310873
6322,0.018714983016252518,0.019153405390679838
6323,0.01871369034051895,0.019149594008922577
6324,0.019105929881334305,0.019151895586401225
6325,0.01850266195833683,0.019149290658533574
6326,0.019258573651313782,0.01916326120495796
6327,0.01945084147155285,0.019166410733014345
6328,0.018886111676692963,0.019164386894553898
6329,0.018856368958950043,0.019161741156131028
6330,0.018834255635738373,0.019156408719718455
6331,0.019132152199745178,0.019155986811965703
6332,0.019355768337845802,0.019156403690576553
6333,0.0188252255320549,0.01915548449382186
6334,0.019672028720378876,0.019161222744733097
6335,0.01927937939763069,0.019165428783744574
6336,0.01913413777947426,0.019166950304061174
6337,0.018881188705563545,0.01916656780987978
6338,0.01896863803267479,0.019160229749977588
6339,0.018471810966730118,0.01914862798526883
6340,0.019160248339176178,0.01914153652265668
6341,0.019214000552892685,0.01914000704884529
6342,0.018970511853694916,0.019140909127891063
6343,0.020300962030887604,0.019146233201026916
6344,0.019327398389577866,0.019150116816163062
6345,0.018848776817321777,0.01914161190390587
6346,0.019005946815013885,0.019131112936884166
6347,0.018394839018583298,0.01912067076191306
6348,0.019698679447174072,0.01912021266296506
6349,0.0186493918299675,0.019116972889751196
6350,0.018610714003443718,0.019107576999813317
6351,0.019417662173509598,0.019108275156468152
6352,0.019155588001012802,0.01910903200507164
6353,0.01980625092983246,0.01911582989618182
6354,0.019144687801599503,0.019115588683634995
6355,0.01883653923869133,0.019107721019536256
6356,0.01986309140920639,0.019115644562989472
6357,0.018565300852060318,0.01911370813846588
6358,0.018765022978186607,0.019111124519258737
6359,0.018880482763051987,0.01911248015239835
6360,0.019059989601373672,0.019112384896725416
6361,0.019011184573173523,0.01910453215241432
6362,0.01950463093817234,0.01910773990675807
6363,0.019886288791894913,0.019121257923543453
6364,0.0189976803958416,0.019117466807365417
6365,0.01942962035536766,0.01912008076906204
6366,0.019207388162612915,0.0191147455573082
6367,0.018982967361807823,0.019109922852367164
6368,0.0192776620388031,0.019107984229922294
6369,0.019487718120217323,0.01911416672170162
6370,0.018472598865628242,0.019105892237275837
6371,0.018445447087287903,0.019090819451957942
6372,0.01897694729268551,0.01909469999372959
6373,0.01862076297402382,0.019088979326188565
6374,0.019048873335123062,0.019090025089681148
6375,0.019097689539194107,0.01909235956147313
6376,0.018906693905591965,0.019088161047548055
6377,0.019793640822172165,0.019097604174166918
6378,0.018933434039354324,0.019098091162741183
6379,0.018076065927743912,0.019091409035027027
6380,0.019279859960079193,0.019083779361099003
6381,0.018764037638902664,0.01908967824652791
6382,0.018724601715803146,0.01909817148000002
6383,0.018832886591553688,0.019097239393740893
6384,0.019046565517783165,0.019096657410264017
6385,0.018734697252511978,0.019081285558640956
6386,0.019543923437595367,0.019088257867842913
6387,0.019685041159391403,0.019091882314532994
6388,0.01827145926654339,0.019083860665559768
6389,0.01919523999094963,0.019085155911743642
6390,0.018602777272462845,0.01908215703442693
6391,0.01852736622095108,0.01908133340999484
6392,0.020103327929973602,0.01909095486626029
6393,0.019113654270768166,0.019095119051635266
6394,0.01942664012312889,0.01909467773512006
6395,0.01873382367193699,0.019090009592473506
6396,0.018936846405267715,0.019090692587196825
6397,0.019305545836687088,0.019089781157672406
6398,0.018879937008023262,0.01909159367904067
6399,0.01908651366829872,0.01909642891958356
6400,0.01902855560183525,0.019096650313585997
6401,0.018309004604816437,0.019094450064003468
6402,0.019266515970230103,0.01909646648913622
6403,0.019158070906996727,0.01910584470257163
6404,0.019026512280106544,0.019107525497674943
6405,0.01921093836426735,0.01910341840237379
6406,0.019030697643756866,0.019097850024700165
6407,0.01912946254014969,0.01909974966198206
6408,0.018318280577659607,0.019084592089056968
6409,0.018770035356283188,0.019072010181844234
6410,0.01865137740969658,0.019070888049900533
6411,0.018321501091122627,0.019066003542393448
6412,0.019385144114494324,0.01906234024092555
6413,0.01855308935046196,0.019052754770964384
6414,0.019548527896404266,0.019057244900614022
6415,0.01855091005563736,0.019051838759332897
6416,0.018268244341015816,0.0190384915843606
6417,0.01960732229053974,0.01904060859233141
6418,0.019376805052161217,0.01903708277270198
6419,0.019076595082879066,0.019043079763650893
6420,0.018952511250972748,0.01903580777347088
6421,0.018166672438383102,0.019023786447942257
6422,0.019064871594309807,0.01902728533372283
6423,0.019027043133974075,0.01903041886165738
6424,0.018875595182180405,0.019028115514665843
6425,0.01824074424803257,0.0190254963375628
6426,0.018582157790660858,0.01901873217895627
6427,0.018438545987010002,0.01900860922411084
6428,0.01896914839744568,0.01900943959131837
6429,0.01887749508023262,0.019009650852531194
6430,0.019044652581214905,0.01901175482198596
6431,0.018910352140665054,0.019009536821395157
6432,0.018207300454378128,0.018998052142560482
6433,0.01910792849957943,0.019000879172235727
6434,0.018702656030654907,0.01899118544533849
6435,0.01873163878917694,0.01898570803925395
6436,0.018863501027226448,0.018983001671731472
6437,0.018783610314130783,0.018982025887817146
6438,0.019544335082173347,0.01898778285831213
6439,0.018555842339992523,0.018988623172044753
6440,0.018676459789276123,0.018983785286545752
6441,0.0190541110932827,0.018982186391949655
6442,0.01859079860150814,0.018978389259427787
6443,0.019209763035178185,0.018967477269470692
6444,0.018748784437775612,0.01896169112995267
6445,0.01911017671227455,0.018964305128902195
6446,0.017905332148075104,0.01895329898223281
6447,0.01897672563791275,0.018959117848426105
6448,0.018595296889543533,0.0189480840228498
6449,0.018816586583852768,0.01894975597038865
6450,0.019073467701673508,0.01895438350737095
6451,0.018602296710014343,0.018946229852735995
6452,0.01850009337067604,0.018939674906432627
6453,0.01881558448076248,0.018929768241941928
6454,0.019005009904503822,0.018928371462970973
6455,0.019368749111890793,0.018933693561702967
6456,0.018615610897541046,0.018921218756586314
6457,0.01902111992239952,0.018925776947289707
6458,0.019033662974834442,0.018928463347256185
6459,0.01882096566259861,0.01892786817625165
6460,0.018328972160816193,0.018920558001846076
6461,0.018563557416200638,0.018916081730276348
6462,0.019210729748010635,0.01891314271837473
6463,0.017799491062760353,0.018892274741083383
6464,0.01863337680697441,0.01888863170519471
6465,0.019159238785505295,0.018885927889496088
6466,0.018698185682296753,0.018880835864692927
6467,0.018479444086551666,0.018875800631940366
6468,0.018984071910381317,0.018872864730656146
6469,0.018710773438215256,0.018865095283836127
6470,0.019027911126613617,0.01887064840644598
6471,0.01859131082892418,0.018872107043862343
6472,0.01866091787815094,0.018868946749716998
6473,0.018610108643770218,0.01886884020641446
6474,0.01858680509030819,0.018864219523966313
6475,0.018987499177455902,0.01886311762034893
6476,0.019348250702023506,0.018867533188313246
6477,0.018933992832899094,0.018858936708420516
6478,0.020252330228686333,0.018872125670313836
6479,0.019341763108968735,0.018884782642126084
6480,0.018636472523212433,0.018878348767757416
6481,0.019688215106725693,0.018887590542435648
6482,0.01890738680958748,0.018889418393373488
6483,0.01823609694838524,0.018883450496941803
6484,0.01907721906900406,0.018883757032454013
6485,0.018469832837581635,0.018881108388304712
6486,0.018631262704730034,0.018871981780976058
6487,0.01948169805109501,0.018869948349893095
6488,0.01875458098948002,0.018874779567122458
6489,0.019074004143476486,0.01887356720864773
6490,0.01793123409152031,0.018866851776838302
6491,0.018596762791275978,0.018867545742541552
6492,0.018764004111289978,0.018854152504354717
6493,0.018708523362874985,0.018850101195275783
6494,0.018962174654006958,0.018845456540584563
6495,0.019858572632074356,0.01885670403018594
6496,0.01893400400876999,0.018856675606220962
6497,0.01894247904419899,0.01885304493829608
6498,0.01913575641810894,0.018855603132396936
6499,0.018894650042057037,0.018853684496134518
6500,0.01840640790760517,0.01884746301919222
6501,0.018721671774983406,0.01885158969089389
6502,0.018364690244197845,0.018842571433633565
6503,0.01886521466076374,0.018839642871171236
6504,0.01897561177611351,0.018839133866131307
6505,0.01868467591702938,0.018833871241658928
6506,0.018379487097263336,0.018827359136193992
6507,0.019049033522605896,0.018826554846018553
6508,0.01884431764483452,0.018831815216690303
6509,0.018773972988128662,0.018831854593008755
6510,0.018866870552301407,0.018834009524434803
6511,0.019205644726753235,0.01884285096079111
6512,0.01884979009628296,0.018837497420608997
6513,0.018873009830713272,0.01884069662541151
6514,0.018546635285019875,0.018830677699297665
6515,0.0182071290910244,0.018827239889651536
6516,0.0186532661318779,0.018831090107560157
6517,0.018669916316866875,0.018821716047823428
6518,0.01812627911567688,0.018809210788458586
6519,0.01881890743970871,0.01880663391202688
6520,0.018526634201407433,0.018802375141531227
6521,0.019416578114032745,0.018814874198287725
6522,0.01856064796447754,0.018809831961989404
6523,0.019458964467048645,0.01881415117532015
6524,0.019110608845949173,0.018816501311957837
6525,0.019022420048713684,0.018824318069964648
6526,0.01837911456823349,0.018822287637740374
6527,0.01843796670436859,0.018822281844913958
6528,0.018501535058021545,0.01881760571151972
6529,0.018656503409147263,0.018815395794808863
6530,0.019261207431554794,0.018817561343312264
6531,0.018386825919151306,0.018812326081097126
6532,0.018529266119003296,0.018815545737743376
6533,0.018825199455022812,0.018812718447297812
6534,0.018604423850774765,0.01881173612549901
6535,0.01929210126399994,0.01881734075024724
6536,0.018579531461000443,0.01881450105458498
6537,0.018877489492297173,0.018815439846366643
6538,0.019406575709581375,0.018814062252640724
6539,0.018367934972047806,0.018812183178961276
6540,0.018316499888896942,0.018808583579957485
6541,0.01919306442141533,0.01880997311323881
6542,0.019388645887374878,0.01881795158609748
6543,0.01762276329100132,0.01880208158865571
6544,0.01856439933180809,0.018800237737596034
6545,0.01884554512798786,0.01879759142175317
6546,0.019349876791238785,0.018812036868184806
6547,0.018178198486566544,0.018804051596671343
6548,0.018724437803030014,0.01880534300580621
6549,0.01892080344259739,0.018806385174393654
6550,0.018357276916503906,0.01879922326654196
6551,0.01815338060259819,0.018794734105467795
6552,0.01811794750392437,0.01879091264680028
6553,0.01799609884619713,0.018782717790454626
6554,0.018932560458779335,0.01878199329599738
6555,0.019529737532138824,0.01878360318019986
6556,0.018506955355405807,0.01878251662477851
6557,0.018441906198859215,0.018776724487543105
6558,0.01897493563592434,0.018776137214154005
6559,0.018589727580547333,0.018773824833333494
6560,0.01864861696958542,0.018777021281421183
6561,0.018900515511631966,0.0187803908623755
6562,0.018372006714344025,0.018772003632038833
6563,0.018626883625984192,0.01878027755767107
6564,0.01892528310418129,0.01878319662064314
6565,0.018900934606790543,0.018780613578855992
6566,0.019023295491933823,0.018783864676952363
6567,0.018839571624994278,0.01878746595233679
6568,0.018169943243265152,0.018779324665665627
6569,0.019430026412010193,0.018786517195403574
6570,0.018568094819784164,0.01878191903233528
6571,0.018926091492176056,0.0187852668389678
6572,0.018126171082258224,0.018779919371008872
6573,0.0188011322170496,0.018781829606741667
6574,0.01805092766880989,0.018776470832526683
6575,0.018606698140501976,0.018772662822157143
6576,0.01855841651558876,0.0187647644802928
6577,0.01877809688448906,0.018763205520808696
6578,0.018708691000938416,0.018747769128531218
6579,0.018465636298060417,0.018739007860422135
6580,0.01859332248568535,0.018738576360046864
6581,0.01816832274198532,0.01872337743639946
6582,0.019083835184574127,0.018725141920149325
6583,0.018811948597431183,0.018730900436639785
6584,0.01868114247918129,0.018726939670741558
6585,0.018289947882294655,0.018725140821188688
6586,0.018523510545492172,0.01872406329959631
6587,0.017863130196928978,0.01870787762105465
6588,0.0191352516412735,0.018711684327572583
6589,0.017960648983716965,0.01870055077597499
6590,0.01790405809879303,0.018700279016047715
6591,0.018898140639066696,0.018703292794525622
6592,0.018248602747917175,0.018698138780891896
6593,0.018815264105796814,0.018699206188321115
6594,0.018506886437535286,0.018694653306156397
6595,0.018189720809459686,0.01867796478793025
6596,0.01891707070171833,0.018677795454859734
6597,0.018053311854600906,0.018668903782963753
6598,0.018567252904176712,0.01866321874782443
6599,0.018019698560237885,0.01865446923300624
6600,0.01806287094950676,0.018651033863425256
6601,0.018371429294347763,0.0186475314386189
6602,0.018792763352394104,0.01865181216970086
6603,0.018358144909143448,0.018646741472184657
6604,0.018440578132867813,0.0186413911357522
6605,0.018254373222589493,0.018637088108807803
6606,0.018997881561517715,0.018643272053450347
6607,0.018608497455716133,0.018638866692781447
6608,0.018490007147192955,0.018635323587805033
6609,0.018652833998203278,0.01863411219790578
6610,0.0186871699988842,0.018632315192371608
6611,0.018230868503451347,0.018622567430138588
6612,0.018612047657370567,0.018620190005749465
6613,0.018938973546028137,0.01862084964290261
6614,0.018704935908317566,0.01862243264913559
6615,0.018825475126504898,0.018628616109490393
6616,0.018828801810741425,0.01863037146627903
6617,0.017912568524479866,0.018622797988355158
6618,0.018887877464294434,0.018630413971841335
6619,0.018633713945746422,0.018628562036901712
6620,0.018126389011740685,0.018624559585005043
6621,0.018092023208737373,0.018611314035952092
6622,0.01875052973628044,0.01861321285367012
6623,0.01858874037861824,0.018604510612785816
6624,0.018737826496362686,0.018600782789289953
6625,0.018386028707027435,0.018594418875873087
6626,0.019149096682667732,0.01860211869701743
6627,0.018554817885160446,0.01860328720882535
6628,0.018143557012081146,0.018599707428365947
6629,0.019111666828393936,0.01860425906255841
6630,0.01876400224864483,0.018599287010729312
6631,0.018425218760967255,0.018599670939147474
6632,0.017720114439725876,0.018591579422354697
6633,0.018321622163057327,0.018586543649435044
6634,0.018104327842593193,0.018581542689353227
6635,0.018499985337257385,0.018573621530085804
6636,0.01834091916680336,0.01857123540714383
6637,0.017903484404087067,0.01856149535626173
6638,0.01871209405362606,0.01855455053970218
6639,0.018411897122859955,0.0185549901612103
6640,0.018916863948106766,0.018560993801802397
6641,0.01821654476225376,0.01855122860521078
6642,0.018258385360240936,0.018539925999939443
6643,0.01840851455926895,0.018547783512622117
6644,0.01843724027276039,0.01854651192203164
6645,0.018228936940431595,0.01854034584015608
6646,0.01852811872959137,0.018532128259539603
6647,0.017812121659517288,0.018528467491269112
6648,0.018925786018371582,0.01853048097342253
6649,0.018633266910910606,0.01852760560810566
6650,0.018525317311286926,0.01852928601205349
6651,0.018286127597093582,0.018530613481998442
6652,0.019068926572799683,0.018540123272687198
6653,0.018804414197802544,0.01854820642620325
6654,0.018376514315605164,0.01854264596477151
6655,0.01778852380812168,0.018525233827531337
6656,0.017791766673326492,0.018518081940710543
6657,0.018335016444325447,0.018517013043165206
6658,0.018032699823379517,0.01850759068503976
6659,0.018659960478544235,0.01850829301401973
6660,0.019064486026763916,0.018512451704591513
6661,0.018474889919161797,0.01850819544866681
6662,0.018351171165704727,0.01850798709318042
6663,0.018551334738731384,0.01850723160430789
6664,0.018546121194958687,0.018503439985215663
6665,0.019136182963848114,0.01850579246878624
6666,0.018094263970851898,0.01849650215357542
6667,0.018324248492717743,0.018491348922252654
6668,0.018492108210921288,0.018494570571929218
6669,0.01816900074481964,0.018481960315257312
6670,0.01833142340183258,0.018479593601077794
6671,0.018248625099658966,0.018472818937152625
6672,0.019256247207522392,0.018484119698405264
6673,0.01786413975059986,0.018474749773740768
6674,0.018541421741247177,0.01847965471446514
6675,0.018292363733053207,0.018476511370390653
6676,0.018364381045103073,0.018474571015685795
6677,0.01825856603682041,0.01846937570720911
6678,0.018765324726700783,0.018469942044466735
6679,0.018159346655011177,0.01846687914803624
6680,0.0187480840831995,0.01846842676401138
6681,0.019196772947907448,0.018478711266070605
6682,0.018495457246899605,0.01847282748669386
6683,0.018456455320119858,0.018469272553920744
6684,0.018721286207437515,0.01846967399120331
6685,0.01901319995522499,0.018476906511932612
6686,0.01878701150417328,0.018479541521519424
6687,0.01838809996843338,0.018484791219234468
6688,0.01825391873717308,0.01847597789019346
6689,0.019334902986884117,0.018489720430225134
6690,0.018926851451396942,0.018499948363751174
6691,0.018722571432590485,0.01849819267168641
6692,0.01905522495508194,0.01850625889375806
6693,0.018743198364973068,0.01850553823634982
6694,0.0188278965651989,0.018508748337626457
6695,0.018185295164585114,0.01850870408117771
6696,0.019177710637450218,0.01851131048053503
6697,0.018114466220140457,0.018511922024190428
6698,0.018847912549972534,0.018514728620648385
6699,0.01832018420100212,0.018517733477056028
6700,0.018269551917910576,0.018519800286740065
6701,0.0179554782807827,0.018515640776604413
6702,0.017507269978523254,0.018502785842865705
6703,0.017861275002360344,0.018497817143797876
6704,0.018289972096681595,0.018496311083436013
6705,0.018218224868178368,0.0184959495998919
6706,0.01761813834309578,0.018482152167707683
6707,0.017927519977092743,0.018475342392921448
6708,0.017694003880023956,0.018467382360249758
6709,0.018608827143907547,0.0184669422917068
6710,0.017609987407922745,0.018456170465797186
6711,0.019043223932385445,0.018464294020086525
6712,0.018828708678483963,0.018466460630297662
6713,0.01790337637066841,0.018456104658544064
6714,0.01889493688941002,0.01845800466835499
6715,0.018399111926555634,0.018453741036355494
6716,0.018501102924346924,0.018450464047491552
6717,0.019180120900273323,0.018463139571249485
6718,0.01801973022520542,0.018454458098858595
6719,0.018680961802601814,0.01845493057742715
6720,0.01852118968963623,0.018458878584206105
6721,0.018142346292734146,0.018459381815046073
6722,0.01861642673611641,0.01845804078504443
6723,0.017794165760278702,0.018450095038861036
6724,0.018392961472272873,0.018446646388620137
6725,0.01816723868250847,0.01844445848837495
6726,0.018908455967903137,0.018442052081227303
6727,0.01939365267753601,0.018450440429151057
6728,0.01790579780936241,0.01844806283712387
6729,0.01892363838851452,0.018446182552725076
6730,0.01885240525007248,0.018447066582739355
6731,0.018205765634775162,0.01844487205147743
6732,0.018692515790462494,0.0184545960649848
6733,0.018905222415924072,0.018460432067513466
6734,0.018277470022439957,0.018462163489311935
6735,0.01860128715634346,0.018463176507502795
6736,0.018635336309671402,0.018466120678931476
6737,0.018312305212020874,0.018470208887010814
6738,0.01771075278520584,0.01846019547432661
6739,0.018501220270991325,0.018461088705807923
6740,0.018089797347784042,0.018452818039804697
6741,0.017888858914375305,0.018449541181325912
6742,0.017774179577827454,0.018444699123501777
6743,0.018181413412094116,0.018442428112030028
6744,0.01770808920264244,0.01843513660132885
6745,0.01792719215154648,0.018432119153439997
6746,0.018916694447398186,0.018436004910618066
6747,0.018025418743491173,0.018438137881457806
6748,0.018423449248075485,0.018433114513754845
6749,0.01810496672987938,0.018427831511944534
6750,0.017997417598962784,0.01842255251482129
6751,0.017857147380709648,0.01841826271265745
6752,0.01794501766562462,0.018407023623585702
6753,0.01822572946548462,0.01840123677626252
6754,0.017559397965669632,0.018393065612763167
6755,0.018167324364185333,0.018396853618323803
6756,0.019288381561636925,0.01841181976720691
6757,0.018388574942946434,0.018412355352193117
6758,0.018033334985375404,0.018412361703813076
6759,0.019220734015107155,0.018417969439178707
6760,0.017968541011214256,0.01840700998902321
6761,0.018274039030075073,0.01840500148013234
6762,0.01896638050675392,0.018411153573542834
6763,0.017808038741350174,0.01840372061356902
6764,0.018212206661701202,0.018400381468236447
6765,0.01831245794892311,0.018392144218087197
6766,0.01878877729177475,0.018399089351296426
6767,0.018285933881998062,0.018398706205189228
6768,0.01847800239920616,0.018398565147072075
6769,0.018439162522554398,0.018401266764849423
6770,0.018083907663822174,0.01839879160746932
6771,0.017673170194029808,0.01839303705841303
6772,0.01844426617026329,0.018384917248040436
6773,0.018595684319734573,0.018392232693731785
6774,0.018394023180007935,0.018390758708119393
6775,0.018195999786257744,0.01838979506865144
6776,0.01789141446352005,0.018385065402835608
6777,0.017669809982180595,0.01837917784228921
6778,0.018710795789957047,0.018378632552921773
6779,0.01807479001581669,0.018377786986529827
6780,0.017913978546857834,0.01836944593116641
6781,0.018714334815740585,0.01836462154984474
6782,0.017949441447854042,0.018359161391854287
6783,0.01867685467004776,0.018361365385353566
6784,0.019072778522968292,0.01836488030850887
6785,0.017985891550779343,0.018354607224464418
6786,0.017852265387773514,0.01834525976330042
6787,0.018141206353902817,0.018342790827155113
6788,0.018156658858060837,0.01834181822836399
6789,0.017975931987166405,0.018328228518366813
6790,0.01882964000105858,0.01832725640386343
6791,0.01842174306511879,0.018324248120188714
6792,0.018894478678703308,0.018322640657424928
6793,0.018949855118989944,0.018324707224965094
6794,0.017888952046632767,0.018315317779779433
6795,0.017930883914232254,0.018312773667275906
6796,0.018037967383861542,0.01830137623474002
6797,0.01793047972023487,0.01829953636974096
6798,0.018008897081017494,0.018291146215051412
6799,0.018075361847877502,0.018288697991520168
6800,0.018480686470866203,0.018290809337049723
6801,0.018324600532650948,0.018294500559568404
6802,0.018380610272288322,0.018303233962506056
6803,0.018126998096704483,0.018305891193449497
6804,0.018137961626052856,0.01830437108874321
6805,0.01844988763332367,0.018306687716394664
6806,0.017973031848669052,0.018310236651450394
6807,0.018325932323932648,0.018314220774918795
6808,0.018023565411567688,0.018317516390234233
6809,0.017315378412604332,0.0183045819029212
6810,0.018494579941034317,0.018313427828252314
6811,0.01802460476756096,0.01830324163660407
6812,0.01872071623802185,0.01830216171219945
6813,0.01817578822374344,0.0183048858307302
6814,0.018353287130594254,0.01829946933314204
6815,0.018122481182217598,0.018296703025698663
6816,0.01783030480146408,0.018289995044469834
6817,0.017906781286001205,0.018277261648327114
6818,0.018352679908275604,0.018280591145157815
6819,0.018626267090439796,0.018280044198036194
6820,0.01841321960091591,0.01827896449714899
6821,0.018207330256700516,0.018279614336788656
6822,0.01838502660393715,0.018277300335466862
6823,0.01904653199017048,0.01828982399776578
6824,0.01781979762017727,0.018284092359244823
6825,0.018356163054704666,0.018285981602966784
6826,0.018203001469373703,0.01827892705798149
6827,0.018557243049144745,0.01827056296169758
6828,0.01834486424922943,0.018274953626096248
6829,0.018023718148469925,0.0182659544236958
6830,0.018825221806764603,0.018265682589262724
6831,0.01799606718122959,0.018263585604727267
6832,0.018355432897806168,0.018260214775800705
6833,0.017590872943401337,0.01824707128107548
6834,0.018132250756025314,0.01824561908841133
6835,0.017990678548812866,0.018239513002336026
6836,0.018245283514261246,0.018235612474381924
6837,0.018216364085674286,0.01823465306311846
6838,0.018277037888765335,0.01824031591415405
6839,0.017692875117063522,0.018232232462614774
6840,0.017351478338241577,0.01822484927251935
6841,0.018062934279441833,0.018226590026170015
6842,0.018986042588949203,0.018238708656281234
6843,0.0179377980530262,0.018236272502690554
6844,0.018058277666568756,0.018239774387329818
6845,0.017661578953266144,0.018237118255347014
6846,0.01762259751558304,0.01822417728602886
6847,0.01793408766388893,0.01822326397523284
6848,0.01765841245651245,0.01821561360731721
6849,0.018401142209768295,0.018218575362116098
6850,0.018150299787521362,0.018220104184001683
6851,0.017878670245409012,0.018220319412648678
6852,0.017778554931282997,0.018218654785305263
6853,0.017596621066331863,0.018212363701313735
6854,0.017977045848965645,0.018216540180146693
6855,0.017565835267305374,0.018210525289177895
6856,0.018237028270959854,0.018200011756271124
6857,0.017644956707954407,0.018192575573921205
6858,0.018001936376094818,0.0181922615878284
6859,0.01865525357425213,0.018186606783419847
6860,0.018889307975769043,0.018195814453065395
6861,0.018219903111457825,0.018195273093879222
6862,0.01816158927977085,0.018187225181609392
6863,0.017915580421686172,0.01818830059841275
6864,0.018364112824201584,0.018189819660037757
6865,0.018042083829641342,0.018187115918844938
6866,0.01779388263821602,0.018177166972309353
6867,0.018167980015277863,0.018175987433642148
6868,0.01778840273618698,0.018169091437011956
6869,0.018551070243120193,0.018170210514217616
6870,0.017810266464948654,0.01816747410222888
6871,0.01812027394771576,0.01817194513976574
6872,0.017976922914385796,0.018167271707206965
6873,0.01834649220108986,0.01816477978602052
6874,0.01886410266160965,0.018169480580836533
6875,0.017405623570084572,0.018161576818674804
6876,0.017950955778360367,0.018162172231823207
6877,0.017909664660692215,0.01816457077860832
6878,0.01848907396197319,0.018162353560328484
6879,0.01811453327536583,0.018162750992923974
6880,0.01855148747563362,0.01816912608221173
6881,0.018242591992020607,0.018164408653974534
6882,0.018344221636652946,0.01816835645586252
6883,0.018340958282351494,0.01816499749198556
6884,0.018167026340961456,0.018155939970165492
6885,0.018055107444524765,0.018156632129102946
6886,0.017971675843000412,0.018157826233655215
6887,0.01779627986252308,0.018154376968741417
6888,0.018420083448290825,0.018157011214643717
6889,0.0179866012185812,0.018157117906957863
6890,0.018902387470006943,0.018157845381647348
6891,0.018357116729021072,0.018157199118286373
6892,0.01790439710021019,0.01814729830250144
6893,0.018093764781951904,0.01813873739913106
6894,0.01812388375401497,0.01814108671620488
6895,0.01863476261496544,0.018148125503212213
6896,0.01808531954884529,0.01814859902486205
6897,0.01820102520287037,0.018151304479688407
6898,0.017741892486810684,0.018148634433746338
6899,0.018144648522138596,0.01814932730048895
6900,0.017978670075535774,0.018144307136535646
6901,0.018038278445601463,0.018141443915665148
6902,0.018716715276241302,0.01814480496570468
6903,0.017660047858953476,0.01814013546332717
6904,0.017913006246089935,0.01813788590952754
6905,0.01744372397661209,0.018127824272960426
6906,0.018137862905859947,0.018129472583532334
6907,0.017675895243883133,0.018122972212731837
6908,0.01803101785480976,0.01812304673716426
6909,0.018384579569101334,0.018133738748729228
6910,0.017948143184185028,0.018128274381160735
6911,0.018050197511911392,0.01812853030860424
6912,0.018216382712125778,0.01812348697334528
6913,0.017745833843946457,0.01811918742954731
6914,0.018479565158486366,0.018120450209826233
6915,0.017743878066539764,0.018116664178669452
6916,0.01758003607392311,0.018114161491394044
6917,0.017738427966833115,0.018112477958202363
6918,0.017976608127355576,0.01810871724039316
6919,0.018479738384485245,0.018107251953333615
6920,0.017810922116041183,0.01810122897848487
6921,0.018433015793561935,0.018103485833853482
6922,0.01779692992568016,0.018097604867070915
6923,0.01762409880757332,0.01808338053524494
6924,0.018746012821793556,0.018092642687261105
6925,0.01849781721830368,0.018094059228897095
6926,0.017565680667757988,0.018087686020880938
6927,0.018399542197585106,0.01808610901236534
6928,0.018029365688562393,0.01808295402675867
6929,0.018055953085422516,0.018083276376128197
6930,0.018066227436065674,0.018075686432421207
6931,0.01824408769607544,0.018078166637569667
6932,0.01818215101957321,0.018076433818787336
6933,0.017783932387828827,0.01807836441323161
6934,0.017958125099539757,0.018076623156666756
6935,0.01792874187231064,0.018076003789901735
6936,0.018045954406261444,0.018074010498821735
6937,0.017832452431321144,0.018070171382278205
6938,0.018444538116455078,0.018071846384555102
6939,0.018207531422376633,0.01807699294760823
6940,0.017514150589704514,0.01807861967012286
6941,0.01803281530737877,0.01807831848040223
6942,0.018527934327721596,0.018073737397789957
6943,0.01783120259642601,0.018072671443223953
6944,0.017641503363847733,0.018068503700196744
6945,0.017987623810768127,0.018071764148771763
6946,0.018277354538440704,0.018078311719000338
6947,0.017630726099014282,0.01807527810335159
6948,0.017622318118810654,0.018074917159974575
6949,0.01811263896524906,0.01807203212752938
6950,0.018282940611243248,0.018073358535766602
6951,0.017641279846429825,0.01807098463177681
6952,0.017706530168652534,0.018070264384150506
6953,0.017872780561447144,0.018073025979101657
6954,0.018293144181370735,0.01807618696242571
6955,0.017694640904664993,0.018077475018799305
6956,0.01754775270819664,0.018070582263171674
6957,0.017673557624220848,0.018070868272334336
6958,0.01769612729549408,0.01806781018152833
6959,0.01838066428899765,0.018065064288675783
6960,0.018183588981628418,0.01805800709873438
6961,0.017862625420093536,0.018054434321820734
6962,0.018088355660438538,0.01805370198562741
6963,0.017830967903137207,0.018052855860441922
6964,0.017971113324165344,0.01804892586544156
6965,0.01824694685637951,0.018050974495708944
6966,0.017586933448910713,0.01804890500381589
6967,0.017644980922341347,0.018043675012886524
6968,0.017276132479310036,0.018038552310317753
6969,0.01768380030989647,0.018029879610985518
6970,0.018125561997294426,0.018033032566308976
6971,0.018260300159454346,0.018034432828426362
6972,0.017867915332317352,0.018033342752605677
6973,0.01800062507390976,0.018029884081333877
6974,0.018197357654571533,0.018023216631263494
6975,0.017472539097070694,0.018023885786533356
6976,0.01789240539073944,0.018023300282657147
6977,0.017759326845407486,0.018021796904504297
6978,0.018009571358561516,0.018017001878470183
6979,0.017709042876958847,0.018012946974486112
6980,0.018451033160090446,0.018011942431330683
6981,0.017705801874399185,0.018006574530154466
6982,0.017933471128344536,0.018002467025071384
6983,0.01797126978635788,0.017998770140111447
6984,0.017796499654650688,0.01799506487324834
6985,0.018147148191928864,0.01799598528072238
6986,0.01733914390206337,0.01798965996131301
6987,0.017403066158294678,0.017985727824270725
6988,0.01742706075310707,0.017975797597318887
6989,0.0176690723747015,0.017972622308880092
6990,0.017768792808055878,0.01796128636226058
6991,0.017888221889734268,0.017956597413867712
6992,0.01792537420988083,0.017956807184964417
6993,0.01705065555870533,0.017946376092731954
6994,0.01808483526110649,0.017945985607802868
6995,0.01784169301390648,0.01793805491179228
6996,0.01763368770480156,0.017933538593351842
6997,0.017521683126688004,0.017926745172590016
6998,0.0181244108825922,0.017930570356547833
6999,0.0172421932220459,0.017921545803546907
7000,0.017699703574180603,0.017918756138533352
7001,0.017769068479537964,0.01791606403887272
7002,0.017721880227327347,0.01790611568838358
7003,0.017429351806640625,0.01790380872786045
7004,0.0184410959482193,0.017909089624881743
7005,0.01763240620493889,0.017910976447165012
7006,0.017701908946037292,0.017906616907566786
7007,0.017697744071483612,0.017906835395842792
7008,0.017925124615430832,0.017905776463449
7009,0.017548363655805588,0.017897414304316045
7010,0.018608491867780685,0.017904017791152
7011,0.017884261906147003,0.017902358435094357
7012,0.017885085195302963,0.017899045459926127
7013,0.018712759017944336,0.017908714711666107
7014,0.017640629783272743,0.01790032535791397
7015,0.017904598265886307,0.017901932559907435
7016,0.017470229417085648,0.01790083449333906
7017,0.017807450145483017,0.01790152471512556
7018,0.018384277820587158,0.017905601412057878
7019,0.018393157050013542,0.01790473559871316
7020,0.01795700564980507,0.017906196434050798
7021,0.017446698620915413,0.017896333262324333
7022,0.01804884523153305,0.017898852415382863
7023,0.01749623753130436,0.01789757380262017
7024,0.01728244498372078,0.017882938124239446
7025,0.018191009759902954,0.01787987004965544
7026,0.017686747014522552,0.017881080713123082
7027,0.017441291362047195,0.017871498204767702
7028,0.0181448794901371,0.01787265334278345
7029,0.017579369246959686,0.017867887504398824
7030,0.01759902387857437,0.01786321546882391
7031,0.018256282433867455,0.01786333741620183
7032,0.018370360136032104,0.017865219507366418
7033,0.017347903922200203,0.01786085922271013
7034,0.01782284304499626,0.017859506402164698
7035,0.018047785386443138,0.017860696837306022
7036,0.01720663532614708,0.017852303646504877
7037,0.017320603132247925,0.017847185153514147
7038,0.01819504052400589,0.017844690177589655
7039,0.017679382115602493,0.017839408684521912
7040,0.017753582447767258,0.017841803003102542
7041,0.017485301941633224,0.017836327869445084
7042,0.01733611524105072,0.017824409678578377
7043,0.017577912658452988,0.017821876779198647
7044,0.017736848443746567,0.017822830229997633
7045,0.017339389771223068,0.017816347889602183
7046,0.017717696726322174,0.017810751311481
7047,0.018050573766231537,0.01781494978815317
7048,0.01800752431154251,0.01781880185008049
7049,0.01830122619867325,0.01782068772241473
7050,0.018234841525554657,0.017820206731557847
7051,0.017665192484855652,0.017820445857942104
7052,0.018941126763820648,0.017832791823893787
7053,0.017352832481265068,0.017827592343091964
7054,0.017585480585694313,0.0178205157071352
7055,0.017544493079185486,0.017819014228880405
7056,0.018094856292009354,0.017824485264718533
7057,0.01887182518839836,0.01783646794036031
7058,0.0186849907040596,0.017846356574445964
7059,0.017723459750413895,0.017839784529060126
7060,0.017607808113098145,0.01783402672037482
7061,0.017623621970415115,0.01783163668587804
7062,0.017330028116703033,0.017824053410440684
7063,0.01813054084777832,0.017827049139887096
7064,0.017228059470653534,0.017819618601351978
7065,0.017701610922813416,0.017814165242016317
7066,0.01826133392751217,0.01782090924680233
7067,0.017912808805704117,0.017823587525635957
7068,0.01746881753206253,0.017825514376163483
7069,0.01724114455282688,0.017821087818592787
7070,0.018495146185159683,0.017824783660471438
7071,0.017811685800552368,0.01782029751688242
7072,0.017675425857305527,0.017818372622132303
7073,0.0175474863499403,0.017813841234892606
7074,0.017325395718216896,0.017805121615529062
7075,0.01802564412355423,0.017810652665793895
7076,0.017707806080579758,0.017808806672692298
7077,0.017642926424741745,0.01780764266848564
7078,0.01899861730635166,0.017817533127963543
7079,0.018116991966962814,0.017821612618863582
7080,0.01737476885318756,0.017810849975794553
7081,0.017507437616586685,0.01780886633321643
7082,0.018093295395374298,0.017810464575886725
7083,0.01747111976146698,0.017805463075637816
7084,0.017646044492721558,0.017803958524018525
7085,0.01737135276198387,0.017796200569719076
7086,0.01784510165452957,0.017801260147243737
7087,0.0183070320636034,0.017810299806296826
7088,0.01761597767472267,0.017812188975512983
7089,0.0174265019595623,0.01780976327136159
7090,0.018188854679465294,0.017813963890075682
7091,0.01804252713918686,0.01781550694257021
7092,0.01803259178996086,0.01781657911837101
7093,0.01789926178753376,0.017825065180659294
7094,0.017579294741153717,0.017820009775459767
7095,0.017691321671009064,0.01781850606203079
7096,0.01785491779446602,0.017820718362927437
7097,0.017582571133971214,0.01782132724300027
7098,0.017994031310081482,0.017820023447275162
7099,0.017388533800840378,0.017821486853063107
7100,0.01787848398089409,0.017823274657130243
7101,0.01753470115363598,0.017820930983871223
7102,0.01845305599272251,0.017828242741525172
7103,0.01755065843462944,0.01782945580780506
7104,0.01756477728486061,0.017820692621171474
7105,0.01747615821659565,0.017819130141288043
7106,0.018050547689199448,0.017822616528719665
7107,0.018470803275704384,0.017830347120761873
7108,0.017148656770586967,0.017822582442313432
7109,0.01794661208987236,0.0178265649266541
7110,0.01769586279988289,0.01781743863597512
7111,0.017726825550198555,0.01781586427241564
7112,0.017478663474321365,0.01781180005520582
7113,0.01781112514436245,0.017802783716470004
7114,0.01787153072655201,0.017805092725902794
7115,0.017938608303666115,0.017805432826280596
7116,0.017222685739398003,0.01780295738950372
7117,0.017471197992563248,0.01779959486797452
7118,0.01782572641968727,0.01779400935396552
7119,0.017534691840410233,0.017785424701869487
7120,0.017215024679899216,0.017778004892170428
7121,0.016961416229605675,0.01777315206825733
7122,0.017615998163819313,0.017768823597580193
7123,0.017807673662900925,0.01777193795889616
7124,0.017716120928525925,0.017776274718344212
7125,0.01773676462471485,0.01777173226699233
7126,0.01833169348537922,0.0177781817317009
7127,0.017702342942357063,0.017780792247503997
7128,0.017757441848516464,0.01777691787108779
7129,0.017740406095981598,0.01777852823957801
7130,0.01726924069225788,0.017775230407714844
7131,0.01771196722984314,0.0177697872556746
7132,0.017731837928295135,0.01776340203359723
7133,0.01803581230342388,0.017770281117409466
7134,0.01814783737063408,0.017773531060665846
7135,0.017897475510835648,0.01777202796190977
7136,0.017620140686631203,0.01777616301551461
7137,0.01785648614168167,0.01778152184560895
7138,0.018002072349190712,0.017779592163860797
7139,0.017605019733309746,0.017778848540037872
7140,0.017889900133013725,0.017780211716890336
7141,0.017724692821502686,0.01778260562568903
7142,0.017552271485328674,0.01778476718813181
7143,0.017590142786502838,0.017784889489412307
7144,0.018179986625909805,0.01778932087123394
7145,0.01792624406516552,0.017795189414173365
7146,0.017900435253977776,0.017797016799449922
7147,0.018196143209934235,0.017798472493886948
7148,0.01780862733721733,0.017796483524143696
7149,0.018186934292316437,0.017795340605080128
7150,0.017436333000659943,0.01778735551983118
7151,0.017526976764202118,0.017785973362624646
7152,0.018109433352947235,0.01777765642851591
7153,0.017442483454942703,0.017778552938252687
7154,0.018122049048542976,0.017783918622881173
7155,0.01724490523338318,0.017780922744423153
7156,0.01801941730082035,0.01778016835451126
7157,0.017205702140927315,0.01776350712403655
7158,0.01753557100892067,0.01775201292708516
7159,0.017268218100070953,0.017747460510581733
7160,0.01767437905073166,0.01774812621995807
7161,0.017566218972206116,0.017747552189975976
7162,0.017361033707857132,0.01774786224588752
7163,0.017697367817163467,0.01774353051558137
7164,0.017695875838398933,0.017748208679258824
7165,0.017797479405999184,0.01774916736409068
7166,0.017199061810970306,0.017738544642925264
7167,0.01725918985903263,0.01773200845345855
7168,0.01744101196527481,0.01773173039779067
7169,0.017673000693321228,0.017736048959195613
7170,0.017480719834566116,0.017725904695689677
7171,0.017515571787953377,0.017722943555563687
7172,0.017398925498127937,0.017720178551971912
7173,0.01757165789604187,0.017720420267432927
7174,0.017851514741778374,0.017725681457668542
7175,0.017597299069166183,0.01772139800712466
7176,0.017192810773849487,0.01771624805405736
7177,0.01852264441549778,0.01772504523396492
7178,0.018064934760332108,0.017715708408504723
7179,0.017460618168115616,0.017709144670516253
7180,0.01761619932949543,0.017711558975279332
7181,0.017845960333943367,0.017714944202452898
7182,0.016990281641483307,0.01770391406491399
7183,0.017469290643930435,0.017703895773738623
7184,0.01733069121837616,0.01770074224099517
7185,0.017912594601511955,0.01770615465939045
7186,0.017833005636930466,0.01770603369921446
7187,0.01743917539715767,0.01769735513255
7188,0.01782434806227684,0.01769943883642554
7189,0.018195636570453644,0.017707130182534458
7190,0.017503749579191208,0.017700279131531715
7191,0.01750454306602478,0.017694899290800096
7192,0.01720217615365982,0.017686595134437086
7193,0.01730046048760414,0.017680607121437788
7194,0.018506769090890884,0.01768988186493516
7195,0.0172879658639431,0.0176858483068645
7196,0.01742500439286232,0.017681549172848463
7197,0.017407746985554695,0.017679800931364297
7198,0.01751169189810753,0.01767497753724456
7199,0.017291046679019928,0.017674002666026353
7200,0.01739467680454254,0.017669164594262838
7201,0.017086893320083618,0.017664686515927314
7202,0.017862476408481598,0.017658780720084907
7203,0.017090389505028725,0.0176541780307889
7204,0.017665905877947807,0.01765518931671977
7205,0.017966317012906075,0.017660090904682874
7206,0.017597630620002747,0.017655561733990906
7207,0.017884844914078712,0.01764970215037465
7208,0.017545394599437714,0.01765366952866316
7209,0.017236024141311646,0.017646563649177553
7210,0.017704900354146957,0.017646654024720192
7211,0.01766437478363514,0.01764602951705456
7212,0.016644570976495743,0.017637688592076303
7213,0.01708883047103882,0.017630465645343065
7214,0.017399366945028305,0.017625744007527828
7215,0.017505379393696785,0.017621411718428136
7216,0.016966577619314194,0.017618850637227297
7217,0.01714569702744484,0.017615595627576114
7218,0.01752549782395363,0.017612593341618778
7219,0.017855357378721237,0.017615799997001885
7220,0.017444312572479248,0.017618092875927686
7221,0.0173814594745636,0.017622293308377265
7222,0.017363030463457108,0.017619763631373644
7223,0.017524361610412598,0.017616930510848762
7224,0.017798613756895065,0.01761775543913245
7225,0.017507312819361687,0.01761546092107892
7226,0.017742466181516647,0.017609568648040294
7227,0.017320234328508377,0.017605747561901808
7228,0.017103152349591255,0.017599204666912557
7229,0.01684429496526718,0.01759024355560541
7230,0.0167914479970932,0.017585465628653766
7231,0.017452199012041092,0.017582867946475744
7232,0.017132390290498734,0.01757687347009778
7233,0.01795225590467453,0.017576037906110287
7234,0.017800644040107727,0.017572565972805022
7235,0.017090924084186554,0.017564500458538534
7236,0.017581477761268616,0.017564113829284907
7237,0.017731912434101105,0.0175628680922091
7238,0.017478276044130325,0.017557630129158498
7239,0.01809541881084442,0.017562534119933845
7240,0.017488431185483932,0.017558519430458545
7241,0.017566286027431488,0.017556935362517834
7242,0.017613084986805916,0.017557543497532607
7243,0.017381496727466583,0.017555457036942244
7244,0.017823172733187675,0.01755188889801502
7245,0.01693062111735344,0.017541932668536903
7246,0.017731547355651855,0.01754024378955364
7247,0.01785684935748577,0.017536850851029157
7248,0.018039746209979057,0.017539162039756775
7249,0.01715271547436714,0.017528819851577282
7250,0.01718098111450672,0.01752626633271575
7251,0.017183121293783188,0.01752282777801156
7252,0.01687510684132576,0.017510484512895344
7253,0.01837119087576866,0.017519771587103605
7254,0.01747054234147072,0.017513256520032883
7255,0.017030030488967896,0.01751110777258873
7256,0.017649486660957336,0.0175074084661901
7257,0.016998611390590668,0.01750533755868673
7258,0.018377065658569336,0.01751375250518322
7259,0.018850544467568398,0.017529575768858194
7260,0.01770089380443096,0.017529840916395187
7261,0.016927670687437057,0.017523455433547497
7262,0.017409879714250565,0.01752394389361143
7263,0.01801011711359024,0.0175270713865757
7264,0.01761862263083458,0.017526298854500057
7265,0.01785094663500786,0.01752683352679014
7266,0.01702890731394291,0.017525131981819868
7267,0.017409715801477432,0.017526637241244317
7268,0.017201267182826996,0.017524239793419837
7269,0.017381440848112106,0.017521324194967748
7270,0.018166307359933853,0.017528180070221423
7271,0.01781977340579033,0.017531222086399793
7272,0.017509300261735916,0.017532325834035873
7273,0.017524033784866333,0.017531849592924118
7274,0.017664145678281784,0.017529975902289153
7275,0.018074389547109604,0.017534746807068586
7276,0.017117612063884735,0.017533994819968937
7277,0.017603576183319092,0.017524804137647152
7278,0.0176188163459301,0.017520342953503132
7279,0.017489951103925705,0.017520636282861234
7280,0.017739396542310715,0.017521868254989387
7281,0.017240729182958603,0.017515815943479538
7282,0.017042089253664017,0.017516334019601346
7283,0.017312126234173775,0.017514762375503777
7284,0.01730332523584366,0.017514488715678452
7285,0.01662173494696617,0.017501580119132994
7286,0.017610639333724976,0.017499356456100942
7287,0.018230117857456207,0.017507265880703927
7288,0.016872698441147804,0.017497749384492636
7289,0.016958631575107574,0.017485379334539176
7290,0.01781291514635086,0.01748847099021077
7291,0.017794502899050713,0.01749137058854103
7292,0.01765330135822296,0.01749588184058666
7293,0.017684463411569595,0.017499721869826318
7294,0.017030073329806328,0.01748495491221547
7295,0.016907989978790283,0.017481155153363945
7296,0.0178902018815279,0.0174858071282506
7297,0.017898792400956154,0.017490717582404613
7298,0.01749391481280327,0.017490539811551572
7299,0.016992319375276566,0.017487552538514136
7300,0.01698514074087143,0.017483457177877425
7301,0.01783101260662079,0.0174908983707428
7302,0.017001241445541382,0.017482286021113395
7303,0.01766868308186531,0.01748806895688176
7304,0.017651651054620743,0.01748792640864849
7305,0.01737862639129162,0.017482049502432345
7306,0.017353221774101257,0.01747960541397333
7307,0.01732117310166359,0.01747396869584918
7308,0.01774437353014946,0.017475958485156297
7309,0.017272882163524628,0.017476327065378428
7310,0.01711389608681202,0.01747041702270508
7311,0.017414968460798264,0.01746792295947671
7312,0.017811855301260948,0.01747959580272436
7313,0.017329711467027664,0.01748200461268425
7314,0.01731111854314804,0.017481122128665448
7315,0.017145633697509766,0.017477524671703576
7316,0.0173044390976429,0.017480903286486865
7317,0.01747114397585392,0.017484157755970956
7318,0.01752007007598877,0.017484103478491306
7319,0.017389781773090363,0.017479447722434996
7320,0.01682334393262863,0.017473238036036492
7321,0.017179125919938087,0.017471214700490238
7322,0.017531847581267357,0.01747290287166834
7323,0.01848861202597618,0.017482545375823975
7324,0.016811180859804153,0.017472671046853065
7325,0.01726866140961647,0.017470284532755613
7326,0.017060790210962296,0.01746346777305007
7327,0.017547931522130966,0.017465744744986297
7328,0.017066748812794685,0.01746538070961833
7329,0.01741742715239525,0.01747111203148961
7330,0.01694083958864212,0.0174726059474051
7331,0.01706695929169655,0.017468753550201655
7332,0.017312968149781227,0.017470559328794478
7333,0.01702108234167099,0.017461247593164444
7334,0.01768450066447258,0.017460086159408094
7335,0.017789676785469055,0.017467073686420916
7336,0.018429815769195557,0.017475557066500187
7337,0.0179390050470829,0.017477627992630005
7338,0.017916588112711906,0.01748201111331582
7339,0.017096351832151413,0.017472020443528892
7340,0.017279088497161865,0.01746992701664567
7341,0.01738123781979084,0.017468076534569263
7342,0.01800360530614853,0.01747198173776269
7343,0.01741202548146248,0.01747228702530265
7344,0.017163321375846863,0.01746568851172924
7345,0.01758767105638981,0.017472259011119606
7346,0.017180122435092926,0.017466744761914014
7347,0.017028704285621643,0.017458463311195372
7348,0.0173313207924366,0.017451379057019947
7349,0.017295533791184425,0.01745280724018812
7350,0.018008388578891754,0.017461081314831973
7351,0.01668654754757881,0.017456115577369927
7352,0.01749824732542038,0.017462346982210875
7353,0.017094742506742477,0.017449582498520612
7354,0.017763540148735046,0.017452512476593254
7355,0.016564790159463882,0.017447860073298217
7356,0.017909999936819077,0.017450465206056833
7357,0.018252961337566376,0.01746300870552659
7358,0.01776674948632717,0.01745690554380417
7359,0.017691362649202347,0.01744531372562051
7360,0.017568040639162064,0.01744398519396782
7361,0.01787922903895378,0.017453500777482988
7362,0.017924506217241287,0.017458647042512893
7363,0.0171448215842247,0.01744999408721924
7364,0.016976673156023026,0.017443574592471124
7365,0.017416030168533325,0.017439225427806376
7366,0.017071601003408432,0.017439652364701033
7367,0.018143044784665108,0.01744698565453291
7368,0.01678801327943802,0.01744285311549902
7369,0.017193499952554703,0.017440973706543447
7370,0.0175736453384161,0.01743504708632827
7371,0.01690613105893135,0.01742591066285968
7372,0.0169680155813694,0.017420497816056014
7373,0.01771220564842224,0.01742237953469157
7374,0.017757795751094818,0.017423316035419703
7375,0.01701425388455391,0.017412714678794145
7376,0.017188597470521927,0.017413424532860516
7377,0.01707051321864128,0.01740809390321374
7378,0.017212707549333572,0.017404032815247775
7379,0.017077727243304253,0.01739991057664156
7380,0.0178179033100605,0.017400695644319057
7381,0.01731501705944538,0.017401438523083925
7382,0.01710866391658783,0.017402104269713163
7383,0.017602700740098953,0.017405010014772414
7384,0.01769409142434597,0.017408917676657438
7385,0.017725538462400436,0.01741995571181178
7386,0.016858858987689018,0.01741243790835142
7387,0.016936784610152245,0.017399504575878383
7388,0.017687875777482986,0.017407656349241733
7389,0.01743275299668312,0.01741239756345749
7390,0.016936827450990677,0.01740363668650389
7391,0.017577197402715683,0.017401463631540538
7392,0.017446374520659447,0.017399394363164903
7393,0.01705414429306984,0.017393091171979905
7394,0.017532650381326675,0.017398116942495108
7395,0.017872631549835205,0.017407763358205555
7396,0.017345551401376724,0.017402316853404046
7397,0.017055654898285866,0.017393885478377343
7398,0.01759364642202854,0.017394882794469595
7399,0.01689201034605503,0.01739387970417738
7400,0.017331048846244812,0.017397338785231115
7401,0.0170707069337368,0.017389735728502272
7402,0.016716262325644493,0.017386885937303306
7403,0.017213229089975357,0.017382331397384404
7404,0.017516668885946274,0.01738098157569766
7405,0.017676815390586853,0.017383963465690613
7406,0.016647987067699432,0.017376911118626593
7407,0.01686212606728077,0.017372320648282768
7408,0.017482992261648178,0.017369706835597753
7409,0.017407383769750595,0.017371051851660012
7410,0.0170675627887249,0.01737058851867914
7411,0.01741342805325985,0.017370573114603757
7412,0.017285741865634918,0.0173653119802475
7413,0.016931436955928802,0.01736132923513651
7414,0.01720597967505455,0.017360277846455573
7415,0.017508186399936676,0.017363903373479844
7416,0.016851797699928284,0.017359376959502695
7417,0.017397301271557808,0.017358638532459735
7418,0.01676960662007332,0.01735113389790058
7419,0.017598066478967667,0.017353216744959356
7420,0.017340637743473053,0.0173583896830678
7421,0.016977205872535706,0.017356370482593773
7422,0.017370931804180145,0.0173547613248229
7423,0.01699751242995262,0.017339850328862667
7424,0.0166131891310215,0.017337870411574842
7425,0.01765369065105915,0.017341720703989268
7426,0.017444558441638947,0.017345558386296034
7427,0.01781252771615982,0.01734820434823632
7428,0.017309783026576042,0.017350634690374137
7429,0.01732524484395981,0.01734971286728978
7430,0.017350666224956512,0.017353811133652926
7431,0.016721762716770172,0.017350359167903662
7432,0.01717781089246273,0.017349007595330476
7433,0.017682991921901703,0.017355626691132785
7434,0.016879204660654068,0.0173475737310946
7435,0.017669884487986565,0.017346375808119773
7436,0.017573045566678047,0.017337808106094598
7437,0.0170799121260643,0.017329217176884414
7438,0.017178639769554138,0.017321837693452836
7439,0.017158634960651398,0.017322460524737834
7440,0.017213355749845505,0.01732180319726467
7441,0.01672929897904396,0.017315283808857204
7442,0.018016597256064415,0.017315413728356363
7443,0.01763455756008625,0.0173176390491426
7444,0.01708802580833435,0.017316886093467473
7445,0.01708785444498062,0.017311887927353383
7446,0.016711797565221786,0.01730720467865467
7447,0.01657230034470558,0.017302640639245512
7448,0.01787097193300724,0.017308037150651216
7449,0.017312031239271164,0.017308202125132083
7450,0.016706557944417,0.017295183818787335
7451,0.01701243594288826,0.017298442702740432
7452,0.01773465797305107,0.017300806809216737
7453,0.017086567357182503,0.017300725057721136
7454,0.01667124778032303,0.017289802134037018
7455,0.017311684787273407,0.01729727108031511
7456,0.016940956935286522,0.017287580650299787
7457,0.017001565545797348,0.017275066692382098
7458,0.01742900162935257,0.01727168921381235
7459,0.016961684450507164,0.0172643924318254
7460,0.017354274168610573,0.017262254767119886
7461,0.016872810199856758,0.017252190578728913
7462,0.01597552001476288,0.01723270071670413
7463,0.01740477979183197,0.017235300298780204
7464,0.017000466585159302,0.017235538233071567
7465,0.01717187836766243,0.017233096715062856
7466,0.016514118760824203,0.017227521892637015
7467,0.01761673018336296,0.017222258746623993
7468,0.016208836808800697,0.01721646698191762
7469,0.017115779221057892,0.017215689774602652
7470,0.01709746941924095,0.0172109280154109
7471,0.017310213297605515,0.01721496883779764
7472,0.01778237521648407,0.01722311243414879
7473,0.016933927312493324,0.0172153296507895
7474,0.016839638352394104,0.017206148076802492
7475,0.017070766538381577,0.01720671320334077
7476,0.016916580498218536,0.017203993033617734
7477,0.01672491803765297,0.01720053708180785
7478,0.017240937799215317,0.01720081938430667
7479,0.01662878319621086,0.017196329943835735
7480,0.01723656803369522,0.017190516591072083
7481,0.017489749938249588,0.017192263919860125
7482,0.017208747565746307,0.01719326475635171
7483,0.016963567584753036,0.01718687342479825
7484,0.01728941686451435,0.017182826679199934
7485,0.01711367815732956,0.017176708076149225
7486,0.016787834465503693,0.01717599783092737
7487,0.01630488410592079,0.01716967882588506
7488,0.01700771600008011,0.01716287722811103
7489,0.017107149586081505,0.017159621194005013
7490,0.016758345067501068,0.017157836370170116
7491,0.016517898067831993,0.01714724337682128
7492,0.01708086207509041,0.017143588252365588
7493,0.01678740233182907,0.017140920832753183
7494,0.017638450488448143,0.017141978833824397
7495,0.017054667696356773,0.017133799195289613
7496,0.017451569437980652,0.01713485937565565
7497,0.017055759206414223,0.017134860418736936
7498,0.01726812869310379,0.017131605241447686
7499,0.016689462587237358,0.01712957976385951
7500,0.017541851848363876,0.0171316877938807
7501,0.017442192882299423,0.017135402653366327
7502,0.017014887183904648,0.01713838890194893
7503,0.017344657331705093,0.017139703184366226
7504,0.017401620745658875,0.017138552702963352
7505,0.01708652265369892,0.017132649775594474
7506,0.016972659155726433,0.017135896496474744
7507,0.017061132937669754,0.01713788656517863
7508,0.017073269933462143,0.01713378934189677
7509,0.016899606212973595,0.017128711566329002
7510,0.01725798286497593,0.017130615767091514
7511,0.01675424538552761,0.01712402394041419
7512,0.017290480434894562,0.017124071326106785
7513,0.017329420894384384,0.01712805116549134
7514,0.01706239953637123,0.017126615364104508
7515,0.016803104430437088,0.017119564544409514
7516,0.016515690833330154,0.01711620347574353
7517,0.01706196367740631,0.017112850099802016
7518,0.01734936609864235,0.017118647694587708
7519,0.017679709941148758,0.01711946412920952
7520,0.017275672405958176,0.017118814475834368
7521,0.017265409231185913,0.017121696509420872
7522,0.016735369339585304,0.017115340884774923
7523,0.01680944487452507,0.017113460209220648
7524,0.016584202647209167,0.017113170344382523
7525,0.017256837338209152,0.017109201811254023
7526,0.017598597332835197,0.017110742200165986
7527,0.018398871645331383,0.017116605639457702
7528,0.01694497838616371,0.01711295759305358
7529,0.016868583858013153,0.017108390983194114
7530,0.01735582947731018,0.01710844261571765
7531,0.0171674732118845,0.017112899720668793
7532,0.01671256497502327,0.0171082472614944
7533,0.01663253828883171,0.0170977427251637
7534,0.017017599195241928,0.017099126670509578
7535,0.016828089952468872,0.0170907087251544
7536,0.016985755413770676,0.017084835823625327
7537,0.017750881612300873,0.017091545518487693
7538,0.017183292657136917,0.01709159204736352
7539,0.016916505992412567,0.01708917075768113
7540,0.01724645495414734,0.01708950174972415
7541,0.01737639680504799,0.01709597272798419
7542,0.018624773249030113,0.017102054487913847
7543,0.017848797142505646,0.01710419688373804
7544,0.016767408698797226,0.01710099071264267
7545,0.017380312085151672,0.01710391528904438
7546,0.01832672581076622,0.017120064571499824
7547,0.016925420612096786,0.017123595774173737
7548,0.016790669411420822,0.017112792748957873
7549,0.017203297466039658,0.01711170541122556
7550,0.016449030488729477,0.017109130136668683
7551,0.017691629007458687,0.017115922067314385
7552,0.017169900238513947,0.017110274489969015
7553,0.017216350883245468,0.017111572325229644
7554,0.017228733748197556,0.01711714718490839
7555,0.016790524125099182,0.01711193557828665
7556,0.016960926353931427,0.017112135272473097
7557,0.01756224036216736,0.017117742020636796
7558,0.017018135637044907,0.01711363336071372
7559,0.01699163019657135,0.017113932818174363
7560,0.016815820708870888,0.017108548283576965
7561,0.01695948652923107,0.017109415046870708
7562,0.016269665211439133,0.01711235649883747
7563,0.017255069687962532,0.017110859397798776
7564,0.0171537883579731,0.017112392615526915
7565,0.01682804897427559,0.017108954321593046
7566,0.01682339236140251,0.01711204705759883
7567,0.0163692906498909,0.01709957266226411
7568,0.01747068762779236,0.017112191170454025
7569,0.018157556653022766,0.017122608944773673
7570,0.017224054783582687,0.01712387479841709
7571,0.017048077657818794,0.017121253442019223
7572,0.016770534217357635,0.01711113503202796
7573,0.016530539840459824,0.017107101157307625
7574,0.016573334112763405,0.017104438114911316
7575,0.01676429808139801,0.01710137343034148
7576,0.01687559299170971,0.017100963555276395
7577,0.016669608652591705,0.017100410461425783
7578,0.017201285809278488,0.017100013941526413
7579,0.016640299931168556,0.01710012910887599
7580,0.017006026580929756,0.017097823694348334
7581,0.01631985418498516,0.01708612473681569
7582,0.018144812434911728,0.017095485385507345
7583,0.017892438918352127,0.017104774098843336
7584,0.016875989735126495,0.017100639827549457
7585,0.01783951371908188,0.01710789818316698
7586,0.017040830105543137,0.017110428139567375
7587,0.018157940357923508,0.017128958702087402
7588,0.01714267209172249,0.017130308263003827
7589,0.017374901100993156,0.01713298577815294
7590,0.01653428003191948,0.017130745127797126
7591,0.01692478358745575,0.017134813982993366
7592,0.017066150903701782,0.01713466687127948
7593,0.017391227185726166,0.01714070511981845
7594,0.017191443592309952,0.017136235050857068
7595,0.016491932794451714,0.017130607701838017
7596,0.016688086092472076,0.01712297286838293
7597,0.017282206565141678,0.017125237341970204
7598,0.017332663759589195,0.01712588269263506
7599,0.017373211681842804,0.017132720183581113
7600,0.017205681651830673,0.017129358481615783
7601,0.016941994428634644,0.017124356497079135
7602,0.017701737582683563,0.017131225001066924
7603,0.017376035451889038,0.017131538782268762
7604,0.017758481204509735,0.017135107386857272
7605,0.017366860061883926,0.01713791076093912
7606,0.016843440011143684,0.017136618569493292
7607,0.016814498230814934,0.017134152222424745
7608,0.01673584058880806,0.017130777928978203
7609,0.017675476148724556,0.017138536628335713
7610,0.01711277663707733,0.01713708456605673
7611,0.018280992284417152,0.017152352035045625
7612,0.017592936754226685,0.017155376598238944
7613,0.017449460923671722,0.01715657699853182
7614,0.01784522272646427,0.01716440523043275
7615,0.01682472415268421,0.01716462142765522
7616,0.017381105571985245,0.01717327557504177
7617,0.016511987894773483,0.017167775817215444
7618,0.016464948654174805,0.017158931642770766
7619,0.017174892127513885,0.01715388346463442
7620,0.017036858946084976,0.017151495330035686
7621,0.017057079821825027,0.01714941203594208
7622,0.0165479127317667,0.017147537469863892
7623,0.01707451418042183,0.01715018816292286
7624,0.01780729927122593,0.017162419129163026
7625,0.01682277023792267,0.017158078458160163
7626,0.017285237088799477,0.017154944855719806
7627,0.016758952289819717,0.01713854566216469
7628,0.01672854833304882,0.017136381361633538
7629,0.017858173698186874,0.017146277260035276
7630,0.016619456931948662,0.017138913534581662
7631,0.01707126572728157,0.017137951459735633
7632,0.016638031229376793,0.017137206122279168
7633,0.01697222888469696,0.01714060302823782
7634,0.016632430255413055,0.01713675133883953
7635,0.017070036381483078,0.017139170803129673
7636,0.017664959654211998,0.017145962845534088
7637,0.01699179969727993,0.017138372026383877
7638,0.016549676656723022,0.01713203586637974
7639,0.01708192750811577,0.01713369008153677
7640,0.017104603350162506,0.01713227156549692
7641,0.01638266257941723,0.017122334223240613
7642,0.01715094968676567,0.01710759598761797
7643,0.0167773999273777,0.01709688201546669
7644,0.016770534217357635,0.017096913270652294
7645,0.01724066399037838,0.01709551678970456
7646,0.01688682846724987,0.0170811178162694
7647,0.017450135201215744,0.017086364962160587
7648,0.016372203826904297,0.017082180306315423
7649,0.0174357108771801,0.017084504440426827
7650,0.016870787367224693,0.017088722009211778
7651,0.016375308856368065,0.017075558807700873
7652,0.01655544713139534,0.017069414276629686
7653,0.016178524121642113,0.017059036009013654
7654,0.017265677452087402,0.017059405446052552
7655,0.016970032826066017,0.017061200533062218
7656,0.01684863492846489,0.017060077618807554
7657,0.017056837677955627,0.017055023591965437
7658,0.01681426167488098,0.017052984852343796
7659,0.017160583287477493,0.01705467438325286
7660,0.016824394464492798,0.017054760120809077
7661,0.017109539359807968,0.01705626064911485
7662,0.01679738238453865,0.01706153782084584
7663,0.0172236580401659,0.017061223704367877
7664,0.017408911138772964,0.017063774932175875
7665,0.016974929720163345,0.017065243739634754
7666,0.016659041866660118,0.017063600234687327
7667,0.01678045094013214,0.01706771183758974
7668,0.01621696911752224,0.01705517465248704
7669,0.017019979655742645,0.017043798882514238
7670,0.016771681606769562,0.017039275150746106
7671,0.016620468348264694,0.017034999057650567
7672,0.016778791323304176,0.017035081628710032
7673,0.017417386174201965,0.01704395009204745
7674,0.016927771270275116,0.01704749446362257
7675,0.016390588134527206,0.017043757364153863
7676,0.01658884808421135,0.017040889915078877
7677,0.01656481623649597,0.01703984199091792
7678,0.017565986141562462,0.01704348899424076
7679,0.0174575075507164,0.01705166107043624
7680,0.016801506280899048,0.017049615867435933
7681,0.016537263989448547,0.017051789965480565
7682,0.0173756442964077,0.017044098284095525
7683,0.017001468688249588,0.0170351885817945
7684,0.017387686297297478,0.01704030554741621
7685,0.017112182453274727,0.01703303223475814
7686,0.016276437789201736,0.017025388311594725
7687,0.01753811165690422,0.017019190024584532
7688,0.017131511121988297,0.01701907841488719
7689,0.016822122037410736,0.017013550624251365
7690,0.017101706936955452,0.017019224893301724
7691,0.016967233270406723,0.017019649390131234
7692,0.017142048105597496,0.017020408362150193
7693,0.01734912395477295,0.01701998732984066
7694,0.016808025538921356,0.017016153149306774
7695,0.016945119947195053,0.017020685020834207
7696,0.01640421524643898,0.017017846312373876
7697,0.01719544641673565,0.017016978710889818
7698,0.01662096381187439,0.01700986171141267
7699,0.017051365226507187,0.017006643246859313
7700,0.017077652737498283,0.01700536295771599
7701,0.016707241535186768,0.01700301542878151
7702,0.017197497189044952,0.016997973024845122
7703,0.016583308577537537,0.016990045756101607
7704,0.017596324905753136,0.01698842419311404
7705,0.017376897856593132,0.016988524571061134
7706,0.017249424010515213,0.016992584411054848
7707,0.01696285977959633,0.016994068026542665
7708,0.01693035289645195,0.016996013149619103
7709,0.016812145709991455,0.01698737984523177
7710,0.016461307182908058,0.01698086515069008
7711,0.0169094055891037,0.016967149283736944
7712,0.01678350381553173,0.016959054954349996
7713,0.01610712707042694,0.016945631615817545
7714,0.017101069912314415,0.01693819008767605
7715,0.01709611341357231,0.01694090398028493
7716,0.016941115260124207,0.01693650407716632
7717,0.017108626663684845,0.016942470464855433
7718,0.01686539687216282,0.016946474947035314
7719,0.0168389230966568,0.016943115256726742
7720,0.016532454639673233,0.016938071213662625
7721,0.01634320057928562,0.016930932421237232
7722,0.017151717096567154,0.016936970464885234
7723,0.017701618373394012,0.016943241506814956
7724,0.01724695786833763,0.016937638092786075
7725,0.016127122566103935,0.016930681616067887
7726,0.01693798042833805,0.016927209049463272
7727,0.016561854630708694,0.016925238072872162
7728,0.017095372080802917,0.0169289063103497
7729,0.017509104683995247,0.016925415620207787
7730,0.016778040677309036,0.016927001457661392
7731,0.016463754698634148,0.016920926347374916
7732,0.016838978976011276,0.01692293582484126
7733,0.016726214438676834,0.01692047568038106
7734,0.016793236136436462,0.016922083739191292
7735,0.01641993038356304,0.016915582679212095
7736,0.01659322902560234,0.016904865372925997
7737,0.016784414649009705,0.016902791522443294
7738,0.016614165157079697,0.016903436407446862
7739,0.016376417130231857,0.016896381303668023
7740,0.01649639755487442,0.01689029924571514
7741,0.016630569472908974,0.01689277831465006
7742,0.01702483743429184,0.01689151719212532
7743,0.017909854650497437,0.01690284173935652
7744,0.016953326761722565,0.016904669664800167
7745,0.016245156526565552,0.01689471459016204
7746,0.016817137598991394,0.016894017681479453
7747,0.017581403255462646,0.016895330362021923
7748,0.016732506453990936,0.016898933388292788
7749,0.016869882121682167,0.01689327510073781
7750,0.01680990681052208,0.016892666295170784
7751,0.01693692058324814,0.016898282412439583
7752,0.0170290470123291,0.016903018411248923
7753,0.018081897869706154,0.016922052148729563
7754,0.016430912539362907,0.01691370449960232
7755,0.01630174182355404,0.016907021589577197
7756,0.01774558424949646,0.016915991082787515
7757,0.017334621399641037,0.01691876892000437
7758,0.016187891364097595,0.016912505216896533
7759,0.016673333942890167,0.01690763272345066
7760,0.0165250226855278,0.016904639005661012
7761,0.01710326224565506,0.01690457623451948
7762,0.017146240919828415,0.01690806481987238
7763,0.01752159371972084,0.01691104417666793
7764,0.01698700152337551,0.016906825080513953
7765,0.017839835956692696,0.016915474142879246
7766,0.015913790091872215,0.01690802162513137
7767,0.017187032848596573,0.016912087444216014
7768,0.016738595440983772,0.016917303707450627
7769,0.017157327383756638,0.01691867718473077
7770,0.01778625138103962,0.01692882288247347
7771,0.01707524061203003,0.01693337060511112
7772,0.016611509025096893,0.016931697782129048
7773,0.016704238951206207,0.01692456630989909
7774,0.01651303470134735,0.016920418944209814
7775,0.016713490709662437,0.016923647969961167
7776,0.01717548258602619,0.016929514314979313
7777,0.01653936877846718,0.016929259840399027
7778,0.016595158725976944,0.016919551566243172
7779,0.01674356870353222,0.01691241217777133
7780,0.01722540333867073,0.016916651148349046
7781,0.01647079363465309,0.016915986444801093
7782,0.016717467457056046,0.016909404676407575
7783,0.017400216311216354,0.016913392152637242
7784,0.016670385375618935,0.016906219143420456
7785,0.017438556998968124,0.016909482888877392
7786,0.016856517642736435,0.016915283687412738
7787,0.016640309244394302,0.01690630566328764
7788,0.016667306423187256,0.01690166361629963
7789,0.016753504052758217,0.016900977436453104
7790,0.016940496861934662,0.016899365335702896
7791,0.016955364495515823,0.01689924664795399
7792,0.016558628529310226,0.016893412452191114
7793,0.01675613597035408,0.016887482572346926
7794,0.016026077792048454,0.016879663094878195
7795,0.016978349536657333,0.01687999539077282
7796,0.016872920095920563,0.016884682439267634
7797,0.016137566417455673,0.016874103639274836
7798,0.0167987197637558,0.01687588119879365
7799,0.017450805753469467,0.016879875604063274
7800,0.016831049695611,0.0168774095736444
7801,0.017019350081682205,0.016880530659109355
7802,0.0161278173327446,0.01686983386054635
7803,0.016820205375552177,0.016872202828526497
7804,0.01681559905409813,0.016864395570009946
7805,0.016464713960886,0.016855273731052875
7806,0.016981279477477074,0.016852592285722494
7807,0.01702648401260376,0.01685322852805257
7808,0.016226990148425102,0.0168461949005723
7809,0.017047271132469177,0.016848546154797077
7810,0.01680484227836132,0.01685198150575161
7811,0.01629118248820305,0.016845799274742602
7812,0.01725480519235134,0.0168505122885108
7813,0.016382228583097458,0.016853263303637504
7814,0.01803487166762352,0.016862601321190596
7815,0.016954176127910614,0.01686118194833398
7816,0.017722366377711296,0.01686899445950985
7817,0.01634979620575905,0.01686140615493059
7818,0.01683717966079712,0.016861123982816934
7819,0.01740904338657856,0.016866825185716153
7820,0.016881443560123444,0.016870315074920653
7821,0.017034588381648064,0.01687722895294428
7822,0.017361870035529137,0.0168793304823339
7823,0.01689516007900238,0.016871265899389983
7824,0.01846616342663765,0.016883457954972984
7825,0.0176667720079422,0.016898854449391366
7826,0.01665467396378517,0.016896021384745837
7827,0.017322726547718048,0.01690363010391593
7828,0.016442151740193367,0.016897097900509833
7829,0.016826119273900986,0.01689026804640889
7830,0.016533970832824707,0.016887827347964048
7831,0.01636699214577675,0.016886859722435473
7832,0.01711442694067955,0.016889614202082157
7833,0.01762191206216812,0.01689857117831707
7834,0.01660674437880516,0.016896706260740756
7835,0.017088115215301514,0.016903388109058143
7836,0.016324536874890327,0.01690070118755102
7837,0.017109256237745285,0.016903949603438377
7838,0.016922540962696075,0.01690703336149454
7839,0.01641414314508438,0.016907410621643068
7840,0.016666490584611893,0.016909111551940442
7841,0.01651369221508503,0.016907942779362202
7842,0.017005719244480133,0.016907751597464084
7843,0.016857463866472244,0.01689722768962383
7844,0.016297467052936554,0.016890669092535972
7845,0.015864383429288864,0.016886861361563206
7846,0.01883184164762497,0.01690700840204954
7847,0.016569431871175766,0.01689688868820667
7848,0.015988320112228394,0.01688944682478905
7849,0.017596978694200516,0.01689671779051423
7850,0.01668902486562729,0.016895508971065284
7851,0.016652118414640427,0.016892660949379204
7852,0.01615452766418457,0.01688391575589776
7853,0.016171729192137718,0.016864814069122075
7854,0.016772162169218063,0.016868226565420627
7855,0.016752738505601883,0.016872736532241105
7856,0.016536984592676163,0.016860650535672903
7857,0.016980035230517387,0.016857104673981667
7858,0.017138434574007988,0.01686661010608077
7859,0.016649559140205383,0.016866372358053924
7860,0.016459908336400986,0.016865721214562656
7861,0.01664355769753456,0.01686112416908145
7862,0.016988571733236313,0.01685954747721553
7863,0.016936996951699257,0.016853701509535312
7864,0.016604097560048103,0.01684987246990204
7865,0.016238976269960403,0.016833863873034715
7866,0.016146685928106308,0.016836192831397055
7867,0.016204336658120155,0.016826365869492294
7868,0.016868669539690018,0.016827666610479356
7869,0.016957640647888184,0.01682566974312067
7870,0.01628543809056282,0.016810661610215903
7871,0.0169229693710804,0.016809138897806407
7872,0.016713421791791916,0.016810158025473355
7873,0.01647643744945526,0.016807880010455845
7874,0.016024675220251083,0.016802996415644884
7875,0.016330666840076447,0.016799168176949025
7876,0.016754984855651855,0.016794963199645283
7877,0.0164361372590065,0.016793930884450674
7878,0.01686934567987919,0.016796672753989696
7879,0.01650671660900116,0.016794304233044385
7880,0.016191378235816956,0.01678396398201585
7881,0.01661974936723709,0.016785453539341688
7882,0.016280043870210648,0.016781079303473233
7883,0.017148064449429512,0.016778557784855364
7884,0.016842275857925415,0.01678027668967843
7885,0.017311450093984604,0.016779005620628597
7886,0.017284434288740158,0.016783284787088633
7887,0.016579559072852135,0.01678267728537321
7888,0.015983793884515762,0.016775842159986495
7889,0.016610383987426758,0.016774410959333182
7890,0.016530416905879974,0.016770310159772636
7891,0.017011886462569237,0.01677087537944317
7892,0.016508672386407852,0.016770375818014147
7893,0.016022274270653725,0.016763037201017142
7894,0.016171369701623917,0.016764490120112895
7895,0.016383880749344826,0.01675854543223977
7896,0.01674596406519413,0.016757275871932507
7897,0.016456272453069687,0.016760462932288646
7898,0.017121586948633194,0.01676369160413742
7899,0.016275301575660706,0.016751936562359335
7900,0.016637351363897324,0.016749999579042198
7901,0.016771534457802773,0.0167475214228034
7902,0.01683840900659561,0.016754627339541913
7903,0.01639622449874878,0.016750387530773878
7904,0.017557568848133087,0.016757807228714228
7905,0.016361750662326813,0.016756777595728637
7906,0.016309885308146477,0.01675006365403533
7907,0.016548171639442444,0.016745280530303715
7908,0.01672225072979927,0.016750233136117457
7909,0.016947492957115173,0.016749235354363918
7910,0.015791382640600204,0.016739100757986305
7911,0.01683952286839485,0.016744584161788225
7912,0.016269531100988388,0.016734731420874595
7913,0.017212999984622,0.01674303913488984
7914,0.016880512237548828,0.016731495540589093
7915,0.01665317639708519,0.016728485543280838
7916,0.016499580815434456,0.01671625768765807
7917,0.017489789053797722,0.01672765761613846
7918,0.015968086197972298,0.01671896668151021
7919,0.016597099602222443,0.01671084724366665
7920,0.01694672927260399,0.016711500100791456
7921,0.016681378707289696,0.01670796800404787
7922,0.016543079167604446,0.016699780095368624
7923,0.017493393272161484,0.016705762427300215
7924,0.01654268428683281,0.016686527635902167
7925,0.01698250323534012,0.016679684948176145
7926,0.016692601144313812,0.01668006421998143
7927,0.017097067087888718,0.016677807625383137
7928,0.016690053045749664,0.0166802866384387
7929,0.016831237822771072,0.016680337823927402
7930,0.016339339315891266,0.016678391508758068
7931,0.016817934811115265,0.016682900935411454
7932,0.016254030168056488,0.016674296967685222
7933,0.01649647206068039,0.016663042567670344
7934,0.017271462827920914,0.0166696897521615
7935,0.016421785578131676,0.016663026455789806
7936,0.017070556059479713,0.016670486647635697
7937,0.01694592460989952,0.01666885333135724
7938,0.01634758897125721,0.016663103811442852
7939,0.016652096062898636,0.016665483340620995
7940,0.01679537072777748,0.01666677214205265
7941,0.01621922478079796,0.01666382746770978
7942,0.01650289073586464,0.016658799182623626
7943,0.016863800585269928,0.016658862549811602
7944,0.016408909112215042,0.016659976970404385
7945,0.01732538267970085,0.016674586962908508
7946,0.01700667105615139,0.01665633525699377
7947,0.01671287976205349,0.016657769735902547
7948,0.016537459567189217,0.016663261130452155
7949,0.0171227864921093,0.016658519208431245
7950,0.01657857745885849,0.016657414734363555
7951,0.016351118683815002,0.016654404737055303
7952,0.016791805624961853,0.016660777516663075
7953,0.01693468540906906,0.016668407078832388
7954,0.017245842143893242,0.01667314387857914
7955,0.01655689626932144,0.016671185456216334
7956,0.0162733793258667,0.01666854940354824
7957,0.017346855252981186,0.01667221760377288
7958,0.01668340340256691,0.01666766729205847
7959,0.016284842044115067,0.016664020121097564
7960,0.01740284264087677,0.01667344946414232
7961,0.01684780791401863,0.016675491966307163
7962,0.01674140803515911,0.016673020329326393
7963,0.01676415465772152,0.016671291906386613
7964,0.015971148386597633,0.01666496241465211
7965,0.01661115512251854,0.01666868420317769
7966,0.016846569254994392,0.01667568303644657
7967,0.01606927439570427,0.016674332413822414
7968,0.016577977687120438,0.016671425495296717
7969,0.017353959381580353,0.01667538868263364
7970,0.016756173223257065,0.01668009603396058
7971,0.016631977632641792,0.016677186116576193
7972,0.01660067029297352,0.01667605860158801
7973,0.01650383695960045,0.016676332596689464
7974,0.01621757447719574,0.01667826158925891
7975,0.016429781913757324,0.01667925273999572
7976,0.016323011368513107,0.01667493300512433
7977,0.01635916903614998,0.016674163322895764
7978,0.016743365675210953,0.016672903522849083
7979,0.016257021576166153,0.016670406572520734
7980,0.017056869342923164,0.016679061483591794
7981,0.0166768841445446,0.01667963283136487
7982,0.016343755647540092,0.016680269949138165
7983,0.01641552336513996,0.016672944538295268
7984,0.015692003071308136,0.016661441810429098
7985,0.016858838498592377,0.016656915694475173
7986,0.016505517065525055,0.016649126522243023
7987,0.016199849545955658,0.016645329426974057
7988,0.017089948058128357,0.016656390968710185
7989,0.016223469749093056,0.016652521826326847
7990,0.016524942591786385,0.01665246708318591
7991,0.01674038916826248,0.016649752110242843
7992,0.016512401401996613,0.01664978940039873
7993,0.017050866037607193,0.016660075318068266
7994,0.016766518354415894,0.016666026804596185
7995,0.017538992688059807,0.016677577923983337
7996,0.01655583828687668,0.01667567666620016
7997,0.016428422182798386,0.01667539816349745
7998,0.017104195430874825,0.016675224248319864
7999,0.016648942604660988,0.016678960658609868
8000,0.016173701733350754,0.0166743241623044
8001,0.016884850338101387,0.01667545732110739
8002,0.01692376844584942,0.016676310915499926
8003,0.01701594702899456,0.016682508140802382
8004,0.017028337344527245,0.016677215825766326
8005,0.016814036294817924,0.016681738682091236
8006,0.017485011368989944,0.01669348994269967
8007,0.01619049906730652,0.01668991321697831
8008,0.01679982990026474,0.016690689008682966
8009,0.01608271896839142,0.01668204126879573
8010,0.01669917069375515,0.016691119149327277
8011,0.017263799905776978,0.0166953619197011
8012,0.01651819795370102,0.016697848588228224
8013,0.016369961202144623,0.016689418200403452
8014,0.0161387100815773,0.016682000178843737
8015,0.01675872504711151,0.016683055665344
8016,0.01604551076889038,0.016678514964878557
8017,0.016171645373106003,0.016665333528071643
8018,0.01782974600791931,0.01668395012617111
8019,0.01721848174929619,0.016690163947641848
8020,0.01709059253334999,0.01669160258024931
8021,0.01674545742571354,0.016692243367433548
8022,0.018203217536211014,0.016708844751119615
8023,0.016565687954425812,0.016699567697942258
8024,0.016817869618535042,0.016702319551259278
8025,0.0169051643460989,0.016701546162366868
8026,0.016672300174832344,0.016701343152672053
8027,0.01716991513967514,0.016702071633189916
8028,0.016952302306890488,0.016704694125801323
8029,0.01693001016974449,0.01670568184927106
8030,0.01608441397547722,0.016703132595866917
8031,0.016299428418278694,0.016697947531938553
8032,0.01601952686905861,0.016695602498948574
8033,0.0164176058024168,0.016694813836365938
8034,0.016155708581209183,0.01668365629389882
8035,0.016561713069677353,0.016685055568814278
8036,0.016027875244617462,0.016674628760665656
8037,0.016376588493585587,0.016668935399502517
8038,0.016733389347791672,0.016672793403267862
8039,0.016853289678692818,0.0166748053394258
8040,0.016253329813480377,0.016669384930282832
8041,0.01603197678923607,0.01666751245036721
8042,0.016131214797496796,0.016663795690983533
8043,0.015938352793455124,0.016654541213065387
8044,0.016048278659582138,0.016650934908539056
8045,0.016740594059228897,0.01664508702233434
8046,0.01653693988919258,0.016640389710664748
8047,0.01633787900209427,0.016636639703065156
8048,0.01644193008542061,0.016635684408247472
8049,0.01645650714635849,0.016629021614789963
8050,0.016294360160827637,0.016626179441809653
8051,0.016411740332841873,0.016626785658299923
8052,0.015668585896492004,0.016615553461015224
8053,0.016804151237010956,0.016614248119294642
8054,0.016736412420868874,0.0166091538220644
8055,0.01587775908410549,0.01660236245021224
8056,0.016680285334587097,0.016606431510299443
8057,0.016286009922623634,0.01659582305699587
8058,0.01695578172802925,0.016598546840250493
8059,0.016486285254359245,0.016600561272352935
8060,0.016360577195882797,0.016590138617902993
8061,0.017284639179706573,0.016594506930559874
8062,0.016649629920721054,0.016593589149415493
8063,0.017052583396434784,0.016596473436802626
8064,0.016662798821926117,0.01660338994115591
8065,0.01596301980316639,0.016596908587962388
8066,0.016533736139535904,0.016593780256807803
8067,0.01618976518511772,0.01659498516470194
8068,0.016733935102820396,0.016596544738858937
8069,0.016317283734679222,0.016586177982389927
8070,0.016462383791804314,0.0165832400880754
8071,0.016172412782907486,0.016578644439578058
8072,0.016719933599233627,0.016579837072640657
8073,0.01665617898106575,0.016581360492855312
8074,0.016450531780719757,0.01658369006589055
8075,0.01619173400104046,0.016581309586763383
8076,0.017023634165525436,0.016588315814733506
8077,0.01618872582912445,0.01658661138266325
8078,0.016820870339870453,0.016587386429309844
8079,0.01643536239862442,0.016589169837534428
8080,0.015988318249583244,0.01657848432660103
8081,0.015900176018476486,0.016570717245340347
8082,0.01628231070935726,0.016570102795958518
8083,0.016263335943222046,0.01656858092173934
8084,0.017094561830163002,0.01658260650932789
8085,0.01600988209247589,0.016574116945266722
8086,0.017196625471115112,0.016581028029322625
8087,0.0165258776396513,0.01658428831025958
8088,0.01614472270011902,0.016574836056679487
8089,0.016436954960227013,0.016576970908790827
8090,0.01612377166748047,0.01657295919954777
8091,0.016804054379463196,0.016573595851659774
8092,0.01607314869761467,0.016569203324615957
8093,0.016596224159002304,0.016564656905829908
8094,0.016070397570729256,0.01655769569799304
8095,0.016665402799844742,0.01654895979911089
8096,0.01607821322977543,0.016544183548539877
8097,0.016433071345090866,0.0165442300401628
8098,0.016235698014497757,0.01653554506599903
8099,0.01621595211327076,0.01653121516108513
8100,0.016243360936641693,0.016531911753118037
8101,0.01666909083724022,0.016529754158109426
8102,0.01584836281836033,0.016519000101834536
8103,0.016034718602895737,0.01650918781757355
8104,0.016519270837306976,0.016504097152501344
8105,0.01624571718275547,0.01649841396138072
8106,0.01712764799594879,0.01649484032765031
8107,0.01577533408999443,0.01649068867787719
8108,0.016694823279976845,0.01648963861167431
8109,0.017116215080022812,0.01649997357279062
8110,0.016335032880306244,0.016496332194656134
8111,0.015873178839683533,0.0164824259839952
8112,0.016567979007959366,0.016482923794537783
8113,0.01589173451066017,0.016478141527622937
8114,0.016314947977662086,0.016479903906583784
8115,0.016299623996019363,0.016475312896072864
8116,0.016465861350297928,0.01647951640188694
8117,0.01622232235968113,0.016480023171752692
8118,0.016707509756088257,0.01646880080923438
8119,0.016276422888040543,0.016459380220621826
8120,0.01607644185423851,0.016449238713830708
8121,0.01708177849650383,0.016452601924538613
8122,0.0166015662252903,0.016436585411429405
8123,0.016755379736423492,0.016438482329249382
8124,0.01611882820725441,0.016431491915136577
8125,0.015772107988595963,0.016420161351561546
8126,0.015967007726430893,0.016413108427077532
8127,0.016110630705952644,0.016402515582740307
8128,0.016814077273011208,0.016401133332401514
8129,0.01589922606945038,0.016390825491398572
8130,0.016877958551049232,0.016398760937154293
8131,0.017048683017492294,0.016406253483146428
8132,0.016498936340212822,0.01641104757785797
8133,0.016715968027710915,0.016414031200110913
8134,0.01682460308074951,0.016420720145106316
8135,0.016120119020342827,0.016416304204612972
8136,0.016372788697481155,0.016419753339141606
8137,0.016024252399802208,0.016416229978203772
8138,0.016214316710829735,0.016411039251834153
8139,0.016587620601058006,0.016408382561057807
8140,0.016637904569506645,0.01641222830861807
8141,0.01596565544605255,0.016411565095186233
8142,0.016217203810811043,0.016412424985319377
8143,0.016550742089748383,0.01641854887828231
8144,0.016845492646098137,0.01642652101814747
8145,0.01647297292947769,0.016423844806849955
8146,0.016058316454291344,0.016419058572500943
8147,0.016284985467791557,0.016418529637157918
8148,0.01546182669699192,0.01640872860327363
8149,0.016778429970145226,0.016411947831511498
8150,0.016179613769054413,0.016410800367593764
8151,0.016873430460691452,0.01641541726887226
8152,0.01606055721640587,0.0164193369820714
8153,0.016062259674072266,0.016411918066442013
8154,0.016258997842669487,0.01640714392066002
8155,0.016367241740226746,0.016412038747221233
8156,0.016116328537464142,0.016406399179250002
8157,0.01606864482164383,0.016404225528240203
8158,0.016791537404060364,0.016402583085000515
8159,0.016057472676038742,0.01639829495921731
8160,0.015963252633810043,0.01639432171359658
8161,0.016752589493989944,0.016389001216739415
8162,0.015795577317476273,0.016380460690706967
8163,0.015528464689850807,0.01636521950364113
8164,0.016305848956108093,0.01636165000498295
8165,0.01602957397699356,0.01636231554672122
8166,0.015550058335065842,0.01635247876867652
8167,0.016578540205955505,0.016356366518884898
8168,0.016500212252140045,0.016354029290378092
8169,0.015919027850031853,0.01635004673153162
8170,0.016111621633172035,0.016346539109945296
8171,0.01657283306121826,0.016350543312728404
8172,0.015968311578035355,0.01634302709251642
8173,0.01593535579741001,0.016335818860679866
8174,0.01622401550412178,0.016333553697913884
8175,0.016046077013015747,0.01633209712803364
8176,0.01659880019724369,0.01632784878835082
8177,0.01545823272317648,0.016320543857291342
8178,0.015335317701101303,0.01630568833090365
8179,0.01629909686744213,0.016304325675591827
8180,0.016934270039200783,0.016313785193488
8181,0.016215797513723373,0.01631694140844047
8182,0.01655835285782814,0.01631970182992518
8183,0.016141576692461967,0.01631848423741758
8184,0.016177423298358917,0.016309312852099536
8185,0.01643483340740204,0.0163135623652488
8186,0.016048002988100052,0.016302076140418648
8187,0.016070524230599403,0.01629752260632813
8188,0.015903465449810028,0.01629511003382504
8189,0.01588807813823223,0.01628962126560509
8190,0.01610342226922512,0.016289417771622537
8191,0.01613827608525753,0.016282759988680482
8192,0.015970520675182343,0.016281733708456158
8193,0.01669161766767502,0.016282687643542886
8194,0.016739442944526672,0.01628937809728086
8195,0.01631319336593151,0.016285856002941728
8196,0.015920311212539673,0.01628427698276937
8197,0.01646484062075615,0.016284594675526023
8198,0.01622428186237812,0.016284480514004825
8199,0.016214117407798767,0.016284462166950106
8200,0.016176670789718628,0.016283795265480877
8201,0.016577139496803284,0.016282875752076507
8202,0.016528118401765823,0.016289673307910563
8203,0.01613766886293888,0.016290702810510992
8204,0.01584293693304062,0.01628393947146833
8205,0.015924593433737755,0.01628072823397815
8206,0.016888746991753578,0.0162783392239362
8207,0.016230661422014236,0.0162828924972564
8208,0.015769056975841522,0.016273634834215046
8209,0.016241934150457382,0.01626489202491939
8210,0.01615586131811142,0.01626310030929744
8211,0.01631711982190609,0.016267539719119668
8212,0.016279488801956177,0.016264654817059635
8213,0.01629621349275112,0.016268699606880547
8214,0.01670452579855919,0.016272595385089517
8215,0.016496624797582626,0.01627456539310515
8216,0.016802538186311722,0.016277932161465287
8217,0.016034500673413277,0.01627605394460261
8218,0.01706775836646557,0.01627965643070638
8219,0.016733281314373016,0.016284225014969705
8220,0.016797233372926712,0.01629143293015659
8221,0.01704295352101326,0.016291044680401684
8222,0.015811651945114136,0.016283145537599922
8223,0.015653450042009354,0.01627212624065578
8224,0.016060901805758476,0.01627154697664082
8225,0.01602686569094658,0.016274094553664326
8226,0.016189653426408768,0.016276321010664105
8227,0.01653815433382988,0.016280596246942877
8228,0.016451194882392883,0.016276967423036696
8229,0.01672271266579628,0.016285202289000152
8230,0.01699191704392433,0.016286341873928904
8231,0.016068555414676666,0.01627654059790075
8232,0.015802614390850067,0.016269577378407122
8233,0.01615108922123909,0.016263928590342404
8234,0.016350701451301575,0.016259189574047924
8235,0.01596972718834877,0.016257685655727983
8236,0.016568128019571304,0.016259639048948882
8237,0.016171790659427643,0.01626111443154514
8238,0.015902407467365265,0.016257995339110494
8239,0.01616646721959114,0.016253783805295824
8240,0.0161640252918005,0.016249045012518764
8241,0.015965085476636887,0.016249039312824606
8242,0.016143884509801865,0.016248306119814517
8243,0.016620095819234848,0.01624899965710938
8244,0.016395948827266693,0.016244504218921065
8245,0.01627851277589798,0.016242559617385268
8246,0.01576000452041626,0.016239576498046516
8247,0.01623375713825226,0.016239064214751124
8248,0.016418028622865677,0.016248626234009862
8249,0.016125880181789398,0.016242100736126305
8250,0.015946267172694206,0.0162397672701627
8251,0.016377218067646027,0.016234805146232247
8252,0.016093960031867027,0.016235139174386858
8253,0.016143623739480972,0.016235952815040946
8254,0.016148289665579796,0.01623484573327005
8255,0.016115590929985046,0.01623232922516763
8256,0.015814388170838356,0.016229309821501375
8257,0.016456853598356247,0.0162331919092685
8258,0.01632384955883026,0.016228515030816196
8259,0.015539329499006271,0.01622333359904587
8260,0.015971340239048004,0.01622341447509825
8261,0.016316963359713554,0.016219058213755487
8262,0.015871383249759674,0.016219816273078322
8263,0.016854992136359215,0.016233081547543406
8264,0.01588684320449829,0.01622889149002731
8265,0.015711214393377304,0.016225707894191147
8266,0.01510685496032238,0.01622127586044371
8267,0.016259659081697464,0.016218087049201132
8268,0.01719355210661888,0.01622502044774592
8269,0.016147077083587646,0.016227300940081478
8270,0.01617937535047531,0.01622797847725451
8271,0.016609590500593185,0.01622834605164826
8272,0.01564091630280018,0.01622507209889591
8273,0.015502509661018848,0.016220743637531995
8274,0.016493670642375946,0.01622344018891454
8275,0.01620357111096382,0.016225015129894018
8276,0.016289230436086655,0.016221919432282447
8277,0.016657162457704544,0.016233908729627728
8278,0.01564702019095421,0.016237025754526256
8279,0.01625192165374756,0.01623655400238931
8280,0.016591526567935944,0.016233126567676663
8281,0.016026834025979042,0.01623123693279922
8282,0.01623440533876419,0.01622799745760858
8283,0.015704208984971046,0.016223623780533672
8284,0.015948444604873657,0.01622133399359882
8285,0.015861989930272102,0.01621560555882752
8286,0.016361292451620102,0.01621873845346272
8287,0.015619147568941116,0.01621422468684614
8288,0.016720116138458252,0.01622239119373262
8289,0.01653105765581131,0.01622882098890841
8290,0.015725152567029,0.01622503829188645
8291,0.016233794391155243,0.016225993474945424
8292,0.015852095559239388,0.016224809223785996
8293,0.016240794211626053,0.016220300989225507
8294,0.01589159294962883,0.01621182248927653
8295,0.016041619703173637,0.01620910675264895
8296,0.016106579452753067,0.016210969435051084
8297,0.01596791297197342,0.016206000158563258
8298,0.016581907868385315,0.016209576418623327
8299,0.016018927097320557,0.016207624515518545
8300,0.016161436215043068,0.01620747216977179
8301,0.016752757132053375,0.01620922834612429
8302,0.015983330085873604,0.01620378046296537
8303,0.01604047603905201,0.016202808534726502
8304,0.015469706617295742,0.016199076231569052
8305,0.016171526163816452,0.016201545558869837
8306,0.01623687334358692,0.016195026822388173
8307,0.01563219726085663,0.016189042180776596
8308,0.015911288559436798,0.016190464496612548
8309,0.016072602942585945,0.016188771184533834
8310,0.016385583207011223,0.016191068403422833
8311,0.016052985563874245,0.016188427060842513
8312,0.01627742499113083,0.01618840642273426
8313,0.015683097764849663,0.016182275265455247
8314,0.01618410088121891,0.01617707101628184
8315,0.016039269044995308,0.01617249745875597
8316,0.015577578917145729,0.01616024786606431
8317,0.015198517590761185,0.016151888035237788
8318,0.016194306313991547,0.01614315351471305
8319,0.01659741811454296,0.01614179488271475
8320,0.016816984862089157,0.016141992397606372
8321,0.016012366861104965,0.01613168653100729
8322,0.01537855714559555,0.016127355583012103
8323,0.01620912179350853,0.016132912300527096
8324,0.016351033002138138,0.016135813612490894
8325,0.016596248373389244,0.01614150743931532
8326,0.01616824045777321,0.016141293309628962
8327,0.015227830037474632,0.01612819006666541
8328,0.015967268496751785,0.016123350802809
8329,0.017247483134269714,0.016128598507493735
8330,0.01632850617170334,0.016121964398771525
8331,0.01575324684381485,0.016118811313062906
8332,0.015793591737747192,0.016118721086531878
8333,0.015839964151382446,0.016115609835833312
8334,0.015142583288252354,0.01610352865420282
8335,0.016009822487831116,0.016103929607197642
8336,0.016348477452993393,0.016101733101531863
8337,0.015852801501750946,0.016098543209955095
8338,0.015882207080721855,0.016098341206088662
8339,0.015388896688818932,0.01609056550078094
8340,0.01594260334968567,0.01608835128135979
8341,0.01590534672141075,0.01608775389380753
8342,0.01630750671029091,0.01608939011581242
8343,0.016805846244096756,0.01609124762006104
8344,0.016397695988416672,0.016091265091672538
8345,0.01576506532728672,0.016086130617186428
8346,0.016621794551610947,0.016094748517498373
8347,0.01621885411441326,0.016094599487259983
8348,0.015928983688354492,0.016089709037914873
8349,0.016366563737392426,0.016092115873470904
8350,0.015211209654808044,0.01608476529829204
8351,0.01610063761472702,0.01608199949376285
8352,0.016267266124486923,0.016083732554689048
8353,0.01563313975930214,0.016078627714887262
8354,0.016634304076433182,0.016083487858995795
8355,0.01723550632596016,0.016094687012955546
8356,0.015588909387588501,0.01609243222512305
8357,0.016410335898399353,0.01609196704812348
8358,0.01557281892746687,0.016084456741809847
8359,0.015726706013083458,0.016086330506950616
8360,0.016476213932037354,0.01609137924388051
8361,0.016059627756476402,0.01608880588784814
8362,0.016608744859695435,0.016096179503947497
8363,0.017010018229484558,0.01609772976487875
8364,0.01573113724589348,0.0160961727052927
8365,0.015621231868863106,0.01609527288004756
8366,0.01594145968556404,0.016103618927299976
8367,0.016531970351934433,0.016106342040002344
8368,0.0158102847635746,0.016092509366571903
8369,0.015801992267370224,0.016089058518409728
8370,0.01636248081922531,0.01609088957309723
8371,0.01537114754319191,0.016078505143523217
8372,0.01614648848772049,0.01608356086537242
8373,0.016069965437054634,0.016089235423132776
8374,0.016740933060646057,0.016091708047315478
8375,0.016340013593435287,0.01609307247214019
8376,0.0159218180924654,0.01608939834870398
8377,0.016104266047477722,0.016083869384601712
8378,0.015502115711569786,0.01608242033980787
8379,0.0159841887652874,0.016079743010923266
8380,0.016316790133714676,0.016076995646581053
8381,0.016097813844680786,0.01607770544476807
8382,0.01605219393968582,0.016075883330777287
8383,0.016327958554029465,0.01608212082646787
8384,0.015978503972291946,0.016082421420142056
8385,0.016315925866365433,0.016086960779502987
8386,0.0156400129199028,0.016079747984185815
8387,0.016144156455993652,0.016084998073056342
8388,0.015461032278835773,0.016072407234460115
8389,0.015538498759269714,0.0160624816454947
8390,0.015597826801240444,0.016061208387836815
8391,0.015530355274677277,0.016054173996672035
8392,0.016040943562984467,0.016056062476709484
8393,0.0160009004175663,0.016053663538768886
8394,0.01694033481180668,0.016064150957390666
8395,0.014895260334014893,0.016052687363699077
8396,0.01579097844660282,0.016049531353637576
8397,0.01638038083910942,0.016053656032308936
8398,0.016047950834035873,0.01604831646196544
8399,0.015744514763355255,0.016045572338625788
8400,0.015907583758234978,0.01604303381405771
8401,0.015768293291330338,0.016033189175650477
8402,0.016674354672431946,0.01604009942151606
8403,0.016169868409633636,0.016041393345221876
8404,0.016360178589820862,0.01605029806494713
8405,0.016105279326438904,0.016049635596573353
8406,0.01664947345852852,0.01605376159772277
8407,0.01608859933912754,0.016058325618505478
8408,0.015483402647078037,0.01605404675938189
8409,0.015633823350071907,0.01604965896345675
8410,0.015490580350160599,0.016040708934888244
8411,0.016466110944747925,0.01604484018869698
8412,0.01534524466842413,0.016035518385469915
8413,0.01607765257358551,0.016039463933557273
8414,0.01569984294474125,0.016034621354192494
8415,0.01576019823551178,0.01603183064609766
8416,0.015395820140838623,0.01603001305833459
8417,0.016521908342838287,0.01604324696585536
8418,0.016017576679587364,0.01604147966951132
8419,0.016041405498981476,0.016035919543355703
8420,0.016136398538947105,0.016029113680124284
8421,0.016580000519752502,0.016034790016710758
8422,0.01608770340681076,0.01604188147932291
8423,0.01574864238500595,0.016037276685237883
8424,0.01599469594657421,0.016033713314682244
8425,0.015830237418413162,0.016026053205132486
8426,0.015065940096974373,0.016015030201524495
8427,0.015566784888505936,0.016018419750034808
8428,0.015956060960888863,0.01601830767467618
8429,0.015999671071767807,0.016005829554051162
8430,0.01624840311706066,0.016005028523504734
8431,0.016137711703777313,0.01600887317210436
8432,0.016211699694395065,0.016013054251670836
8433,0.016133306547999382,0.016015987675637007
8434,0.015563295222818851,0.01602019479498267
8435,0.01597881130874157,0.016019884683191776
8436,0.01593317836523056,0.01601573169231415
8437,0.015861133113503456,0.016015815008431675
8438,0.01623458042740822,0.016019338741898537
8439,0.016440892592072487,0.01602985870093107
8440,0.01626676879823208,0.016033100355416538
8441,0.01573200523853302,0.01603136694058776
8442,0.01560121774673462,0.016024304050952197
8443,0.016461333259940147,0.01602085892111063
8444,0.01611059531569481,0.01601798791438341
8445,0.015766015276312828,0.016017997413873674
8446,0.015997836366295815,0.01601175783202052
8447,0.016011754050850868,0.016009686831384897
8448,0.016645604744553566,0.016016853041946888
8449,0.016433408483862877,0.01601752148941159
8450,0.01584838517010212,0.016023893244564533
8451,0.015728387981653214,0.016020170748233795
8452,0.016314268112182617,0.01602064076811075
8453,0.01580061763525009,0.016022315546870232
8454,0.015635861083865166,0.016012331116944552
8455,0.016045983880758286,0.01600043589249253
8456,0.015772191807627678,0.016002268716692924
8457,0.01573142781853676,0.0159954796358943
8458,0.016214458271861076,0.01600189602933824
8459,0.015471572056412697,0.015999344689771534
8460,0.01680116541683674,0.016002594204619528
8461,0.015694692730903625,0.0159989448543638
8462,0.01574404537677765,0.01599029785953462
8463,0.015912016853690147,0.015979317845776678
8464,0.015657860785722733,0.01597858508117497
8465,0.01588970050215721,0.01598126976750791
8466,0.015930796042084694,0.015981163131073117
8467,0.015754058957099915,0.01597338401712477
8468,0.016062913462519646,0.015975910304114223
8469,0.016245180740952492,0.015980342188850045
8470,0.016874108463525772,0.015985458465293048
8471,0.015350609086453915,0.01598525308072567
8472,0.015701856464147568,0.015980806760489942
8473,0.015623839572072029,0.015976345501840114
8474,0.015474772080779076,0.015963683892041444
8475,0.015801355242729187,0.015958297308534385
8476,0.0159139521420002,0.015958218649029732
8477,0.01633172109723091,0.015960493199527262
8478,0.015608878806233406,0.0159615608304739
8479,0.015145990997552872,0.015953178852796554
8480,0.01590019464492798,0.015949012897908687
8481,0.01583678275346756,0.015946402586996554
8482,0.01599268801510334,0.01594580752775073
8483,0.016252275556325912,0.015945050697773695
8484,0.015486402437090874,0.015940129682421686
8485,0.0153577271848917,0.015930547695606947
8486,0.015680503100156784,0.015930952597409488
8487,0.015491780824959278,0.015924428841099143
8488,0.015665169805288315,0.015926470216363668
8489,0.015924576669931412,0.015930330995470286
8490,0.015669088810682297,0.015931043615564702
8491,0.015500618144869804,0.01593074624426663
8492,0.015991654247045517,0.01593025335110724
8493,0.016426492482423782,0.015934509271755815
8494,0.015855157747864723,0.015923657501116396
8495,0.01579788699746132,0.01593268376775086
8496,0.015652116388082504,0.015931295147165656
8497,0.016123611479997635,0.01592872745357454
8498,0.015589741058647633,0.015924145355820655
8499,0.015521127730607986,0.015921911485493184
8500,0.015741446986794472,0.015920250117778777
8501,0.016034409403800964,0.015922911278903485
8502,0.01594843715429306,0.015915652103722096
8503,0.015162654221057892,0.01590557996183634
8504,0.015755467116832733,0.015899532847106455
8505,0.01567237451672554,0.015895203799009324
8506,0.015802880749106407,0.0158867378719151
8507,0.015730535611510277,0.015883157234638928
8508,0.016088781878352165,0.01588921102695167
8509,0.016014929860830307,0.015893022092059256
8510,0.015589346177875996,0.015894009750336408
8511,0.015426809899508953,0.01588361673988402
8512,0.015976324677467346,0.015889927539974452
8513,0.01593693345785141,0.01588852034881711
8514,0.01629902422428131,0.01589451216161251
8515,0.01631188578903675,0.01590002903714776
8516,0.015766609460115433,0.01590373693034053
8517,0.016421612352132797,0.015902733970433472
8518,0.015355926007032394,0.015896117463707924
8519,0.015548210591077805,0.015891185514628887
8520,0.015616685152053833,0.015885988380759955
8521,0.01583012007176876,0.015878489576280116
8522,0.01570095494389534,0.015874622091650963
8523,0.015861263498663902,0.015875748302787544
8524,0.015741918236017227,0.015873220525681974
8525,0.016149181872606277,0.015876409970223902
8526,0.016511980444192886,0.01589087037369609
8527,0.01571551337838173,0.015892357658594848
8528,0.01591036655008793,0.015891900714486838
8529,0.01664756052196026,0.015898379608988763
8530,0.01563221402466297,0.015892217718064785
8531,0.015904393047094345,0.015889884531497957
8532,0.015973856672644615,0.015887506101280452
8533,0.016242370009422302,0.01588859673589468
8534,0.01598503440618515,0.015892814127728343
8535,0.016350362449884415,0.015896529639139772
8536,0.015396593138575554,0.015891163786873223
8537,0.015860505402088165,0.015891157509759068
8538,0.015457775443792343,0.01588338945992291
8539,0.015342083759605885,0.015872401371598243
8540,0.016078609973192215,0.015870519783347845
8541,0.01571214571595192,0.015870321188122035
8542,0.016032151877880096,0.015874630529433487
8543,0.015855956822633743,0.015868576765060424
8544,0.015320171602070332,0.01586067252792418
8545,0.015419242903590202,0.015857204804196955
8546,0.01556368451565504,0.015852863285690546
8547,0.01641755737364292,0.015856921318918468
8548,0.016458913683891296,0.015855054408311843
8549,0.015930887311697006,0.015850029196590187
8550,0.01601198874413967,0.015851665232330562
8551,0.015458770096302032,0.01584896905347705
8552,0.015413392335176468,0.015839960295706987
8553,0.015374098904430866,0.015835695108398794
8554,0.015003027394413948,0.01582936677150428
8555,0.015574019402265549,0.015824647126719354
8556,0.015864593908190727,0.015825571147724985
8557,0.016188260167837143,0.015830139471217988
8558,0.016102226451039314,0.015829017153009772
8559,0.01591930165886879,0.015833494449034334
8560,0.015723656862974167,0.015822719363495708
8561,0.015764843672513962,0.01582342087291181
8562,0.01603100262582302,0.015826290445402263
8563,0.016639962792396545,0.01583356990478933
8564,0.015483134426176548,0.015831822641193868
8565,0.016647908836603165,0.015839404724538327
8566,0.015808433294296265,0.015838181097060443
8567,0.016188960522413254,0.015842530112713575
8568,0.01567670702934265,0.015838668048381806
8569,0.01661442220211029,0.015842360462993383
8570,0.015963159501552582,0.015833250973373653
8571,0.016309577971696854,0.01584284066222608
8572,0.01624298095703125,0.015848251907154918
8573,0.015520749613642693,0.015847221007570623
8574,0.015023337677121162,0.015842706663534045
8575,0.015693478286266327,0.015841627893969416
8576,0.01620248518884182,0.015844513224437834
8577,0.016329489648342133,0.015844490909948945
8578,0.015340317040681839,0.01584180529229343
8579,0.015457731671631336,0.015844922699034213
8580,0.015901979058980942,0.015844940543174743
8581,0.0159579049795866,0.015846151765435933
8582,0.015707330778241158,0.01584329819306731
8583,0.01559348776936531,0.015836710315197705
8584,0.015484210103750229,0.0158366883918643
8585,0.01548208948224783,0.015837932014837863
8586,0.015133485198020935,0.015832461835816502
8587,0.01565902680158615,0.01583413429558277
8588,0.015244894661009312,0.01582993154413998
8589,0.01569458842277527,0.01582763166166842
8590,0.015380819328129292,0.01582474896684289
8591,0.01549946516752243,0.015824737437069417
8592,0.015305699780583382,0.015817877892404793
8593,0.015552351251244545,0.015809136480093
8594,0.015973582863807678,0.015810320731252433
8595,0.014951305463910103,0.01580185491591692
8596,0.016207963228225708,0.01580741338431835
8597,0.016025133430957794,0.015806428603827954
8598,0.015652809292078018,0.01580705928616226
8599,0.015843423083424568,0.015810282239690422
8600,0.015354473143815994,0.01580641250126064
8601,0.01555634569376707,0.0158016318641603
8602,0.015827476978302002,0.015800422262400388
8603,0.015537677332758904,0.0158041724935174
8604,0.015582917258143425,0.015802446994930507
8605,0.015386574901640415,0.015799588998779656
8606,0.01545784343034029,0.015796138625591993
8607,0.016231708228588104,0.01580115035176277
8608,0.015845809131860733,0.01579872062429786
8609,0.015757787972688675,0.01579614920541644
8610,0.014845642261207104,0.015788712166249753
8611,0.01553557813167572,0.015789799848571418
8612,0.01542280986905098,0.015784264700487258
8613,0.015544655732810497,0.015780341923236848
8614,0.015339350327849388,0.015770745184272527
8615,0.01567157730460167,0.015764342099428178
8616,0.015856236219406128,0.015765238367021085
8617,0.015785863623023033,0.015758880879729986
8618,0.016178850084543228,0.015767110120505093
8619,0.0159512497484684,0.015771140512079
8620,0.015848759561777115,0.015773461256176232
8621,0.01585954800248146,0.01577375553548336
8622,0.015433257445693016,0.015771078560501337
8623,0.016209818422794342,0.01577456410974264
8624,0.01598295569419861,0.015776974484324455
8625,0.015552403405308723,0.01577100669965148
8626,0.015570704825222492,0.015761593943461775
8627,0.015675384551286697,0.015761192655190825
8628,0.01571018248796463,0.01575919081456959
8629,0.015847861766815186,0.01575119382701814
8630,0.015416385605931282,0.015749035542830823
8631,0.015702320262789726,0.01574701481498778
8632,0.015898559242486954,0.015746261840686202
8633,0.015283503569662571,0.015736673176288605
8634,0.016171878203749657,0.01573854161426425
8635,0.015911392867565155,0.015734151918441058
8636,0.014970201998949051,0.015729888007044793
8637,0.016479717567563057,0.01573608012869954
8638,0.01504054106771946,0.01573190778493881
8639,0.015172135084867477,0.01573020829819143
8640,0.015828628093004227,0.01572770847938955
8641,0.014782257378101349,0.015718409596011042
8642,0.015107321552932262,0.015709161292761564
8643,0.015898946672677994,0.015709591191262008
8644,0.015194111503660679,0.01570833059027791
8645,0.015333394519984722,0.015707472106441855
8646,0.015926096588373184,0.015711096227169038
8647,0.016229040920734406,0.015709211062639953
8648,0.015604891814291477,0.015700670843943953
8649,0.01600993610918522,0.015701461331918836
8650,0.015821456909179688,0.015699556013569236
8651,0.01567581482231617,0.015701726460829377
8652,0.016178762540221214,0.015709380162879826
8653,0.016048241406679153,0.015716121587902306
8654,0.015610797330737114,0.01572219928726554
8655,0.01574866659939289,0.015723945759236812
8656,0.016703158617019653,0.0157323314063251
8657,0.015365728177130222,0.015724106086418034
8658,0.01557722594588995,0.01571885608136654
8659,0.015046598389744759,0.0157101290486753
8660,0.01576419547200203,0.015710534434765576
8661,0.01547124981880188,0.015707598496228457
8662,0.016170479357242584,0.01570899326354265
8663,0.015693362802267075,0.015699527263641357
8664,0.016092080622911453,0.015705616725608707
8665,0.015593880787491798,0.015695076445117594
8666,0.015534793958067894,0.015692340051755307
8667,0.015752015635371208,0.01568797060288489
8668,0.015665631741285324,0.015687859850004315
8669,0.01721973717212677,0.01569391299970448
8670,0.0161491297185421,0.015695772701874375
8671,0.016682632267475128,0.015699503244832158
8672,0.015698567032814026,0.015694059105589984
8673,0.015645045787096024,0.01569530206732452
8674,0.015850676223635674,0.015703575452789664
8675,0.01587233692407608,0.015705364039167762
8676,0.01592554897069931,0.015702594676986335
8677,0.016170315444469452,0.01570100293494761
8678,0.016802575439214706,0.01571562551893294
8679,0.016979262232780457,0.01573084082454443
8680,0.015524866990745068,0.015727069703862073
8681,0.015610877424478531,0.01572359942831099
8682,0.016270238906145096,0.01572922850959003
8683,0.015981068834662437,0.015733104320243
8684,0.015629325062036514,0.015734555469825863
8685,0.016058161854743958,0.015740316193550825
8686,0.015616893768310547,0.01574515027925372
8687,0.015797393396496773,0.015746533945202826
8688,0.015958603471517563,0.01575367103330791
8689,0.015861649066209793,0.015755341639742255
8690,0.01581360399723053,0.01575966948643327
8691,0.01582004502415657,0.01576287528499961
8692,0.015497487038373947,0.015764793157577516
8693,0.01574079878628254,0.015766677632927894
8694,0.015513611026108265,0.0157620779145509
8695,0.01529674045741558,0.015765532264485956
8696,0.016674362123012543,0.015770196253433823
8697,0.01606779918074608,0.015770622910931707
8698,0.016890134662389755,0.015782996164634824
8699,0.014926723204553127,0.01577382916584611
8700,0.01683986186981201,0.01578868305310607
8701,0.016055572777986526,0.015793675323948264
8702,0.015320335514843464,0.015788603909313678
8703,0.015749672427773476,0.015790723860263825
8704,0.015746938064694405,0.015792364068329335
8705,0.015034468844532967,0.01578884300775826
8706,0.015905315056443214,0.01579331772401929
8707,0.015406387858092785,0.015785064520314335
8708,0.017065463587641716,0.015797261064872146
8709,0.015346510335803032,0.01579314828850329
8710,0.016296273097395897,0.015807654596865176
8711,0.015421316027641296,0.015806511975824833
8712,0.015329388901591301,0.015805577766150235
8713,0.015411539934575558,0.015804246608167885
8714,0.015767216682434082,0.015808525271713735
8715,0.014961648732423782,0.015801425985991956
8716,0.016168661415576935,0.015804550237953664
8717,0.015620487742125988,0.015802896479144693
8718,0.015386911109089851,0.01579497708939016
8719,0.015768075361847878,0.015793145345523955
8720,0.015570065937936306,0.015790358409285544
8721,0.015496492385864258,0.015786727853119374
8722,0.015682119876146317,0.015789216477423908
8723,0.016292572021484375,0.015790044013410807
8724,0.015669355168938637,0.015786908008158206
8725,0.01553268264979124,0.01578671080060303
8726,0.015549026429653168,0.015786494016647338
8727,0.01567065715789795,0.015786446742713452
8728,0.016117537394165993,0.015790520291775464
8729,0.015666451305150986,0.015788706187158823
8730,0.01599486730992794,0.015794491004198788
8731,0.01574135385453701,0.015794881340116262
8732,0.01540393102914095,0.015789935057982804
8733,0.01554984599351883,0.015792598482221365
8734,0.01572374813258648,0.01578811718150973
8735,0.015732303261756897,0.01578632628545165
8736,0.015792611986398697,0.015794550385326147
8737,0.01498294249176979,0.015779582634568214
8738,0.015939563512802124,0.01578857285901904
8739,0.016262907534837723,0.015799480583518745
8740,0.015804072842001915,0.01579923503100872
8741,0.015590893104672432,0.015807321388274433
8742,0.016273926943540573,0.015818987442180514
8743,0.015648076310753822,0.015816478738561273
8744,0.016201524063944817,0.015826552864164112
8745,0.015567952767014503,0.01582889844663441
8746,0.01505083218216896,0.01582014580257237
8747,0.015499856323003769,0.015812853956595062
8748,0.01518202293664217,0.01580862526781857
8749,0.015389751642942429,0.01580242342315614
8750,0.015399576164782047,0.015798204615712165
8751,0.015598374418914318,0.01579743021167815
8752,0.01645538955926895,0.015800196481868624
8753,0.015818852931261063,0.015797902597114444
8754,0.015519099310040474,0.015796985616907476
8755,0.01501419022679329,0.01578964085318148
8756,0.015707137063145638,0.01577968063764274
8757,0.016390357166528702,0.015789926927536727
8758,0.015029555186629295,0.01578445021994412
8759,0.014911482110619545,0.015783099057152868
8760,0.015868384391069412,0.01578414094634354
8761,0.016245311126112938,0.015791881559416653
8762,0.01567249372601509,0.015786901703104376
8763,0.015083154663443565,0.015780799621716142
8764,0.015601292252540588,0.015775891738012433
8765,0.01544454786926508,0.015774398408830166
8766,0.015172234736382961,0.015770772816613318
8767,0.01513376459479332,0.015764590306207537
8768,0.015546596609055996,0.015763399954885245
8769,0.015183019451797009,0.015743032777681947
8770,0.015264692716300488,0.01573418840765953
8771,0.01572531834244728,0.01572461526840925
8772,0.01492371130734682,0.01571686671115458
8773,0.015251086093485355,0.015712927114218473
8774,0.01600326970219612,0.01571445304900408
8775,0.01564890146255493,0.015712218694388866
8776,0.015095854178071022,0.015703921746462582
8777,0.015456483699381351,0.015696783429011704
8778,0.01620187796652317,0.015690776454284787
8779,0.015504898503422737,0.01567603281699121
8780,0.015410307794809341,0.015674887225031853
8781,0.01558441761881113,0.01567462262697518
8782,0.014653022401034832,0.015658450461924076
8783,0.015353117138147354,0.015652170944958924
8784,0.0157332606613636,0.015653210300952194
8785,0.015877636149525642,0.015651405043900012
8786,0.015965886414051056,0.01565489497035742
8787,0.015209327451884747,0.0156490143109113
8788,0.015658825635910034,0.01564601653255522
8789,0.015304027125239372,0.01564044031314552
8790,0.015597893856465816,0.01563828321173787
8791,0.015641983598470688,0.015636502597481013
8792,0.015474879182875156,0.015636276518926025
8793,0.014994099736213684,0.015628809528425335
8794,0.015558341518044472,0.015629256833344696
8795,0.016234872862696648,0.015638638157397508
8796,0.015343891456723213,0.015625333450734614
8797,0.015850482508540154,0.015623160284012555
8798,0.015258275903761387,0.015606841696426272
8799,0.01514560729265213,0.015609030537307262
8800,0.015543865971267223,0.015596070578321814
8801,0.016049813479185104,0.0155960129853338
8802,0.016314826905727386,0.015605957899242639
8803,0.014911314472556114,0.015597574319690466
8804,0.015052097849547863,0.015590625917539
8805,0.014958152547478676,0.015589862754568458
8806,0.015308324247598648,0.015583892846480011
8807,0.016254745423793793,0.015592376422137021
8808,0.015035036019980907,0.015572072146460414
8809,0.015108061023056507,0.015569687653332949
8810,0.015476412139832973,0.01556148904375732
8811,0.01535242423415184,0.015560800125822425
8812,0.015088384039700031,0.015558390077203513
8813,0.015857741236686707,0.015562852090224623
8814,0.015204993076622486,0.015557229854166507
8815,0.015160097740590572,0.015559214344248175
8816,0.015174666419625282,0.015549274394288659
8817,0.015654802322387695,0.015549617540091275
8818,0.015631038695573807,0.015552058815956116
8819,0.015613455325365067,0.015550512615591287
8820,0.01562836952507496,0.015551095651462675
8821,0.01501026377081871,0.01554623336531222
8822,0.015354882925748825,0.015542960995808243
8823,0.014893574640154839,0.015528971021994948
8824,0.015398086979985237,0.015526258340105414
8825,0.015619287267327309,0.015527124386280775
8826,0.0151870958507061,0.015523505080491305
8827,0.014895295724272728,0.015515751466155052
8828,0.015143820084631443,0.015506014293059707
8829,0.015237011946737766,0.015501719899475574
8830,0.01581743359565735,0.015499945562332869
8831,0.015374898910522461,0.015496281012892722
8832,0.015300825238227844,0.015495249954983591
8833,0.015863826498389244,0.015498389760032295
8834,0.01576058752834797,0.01549875815398991
8835,0.015389489941298962,0.015495330020785332
8836,0.0154647845774889,0.015492051746696234
8837,0.015111709013581276,0.015493339411914348
8838,0.015749376267194748,0.015491437539458275
8839,0.016285985708236694,0.015491668321192264
8840,0.01594756543636322,0.015493103247135877
8841,0.015612115152180195,0.015493315467610956
8842,0.015385344624519348,0.015484429644420743
8843,0.015085590071976185,0.015478804782032967
8844,0.015256932936608791,0.015469358870759606
8845,0.014924226328730583,0.015462921606376768
8846,0.01526959054172039,0.015465109189972282
8847,0.015119392424821854,0.015461304550990462
8848,0.016049399971961975,0.01546997832134366
8849,0.016507770866155624,0.015481158513575793
8850,0.015187712386250496,0.015479039875790477
8851,0.015157172456383705,0.015474627856165171
8852,0.0149815259501338,0.01545988922007382
8853,0.015408593229949474,0.015455786623060703
8854,0.015175246633589268,0.015452348096296191
8855,0.015683624893426895,0.015459042442962527
8856,0.015407796017825603,0.015456049032509326
8857,0.014763979241251945,0.015439785253256559
8858,0.01580137386918068,0.015447503440082073
8859,0.01583850383758545,0.015456773657351732
8860,0.015864156186580658,0.015456731375306844
8861,0.015857329592108727,0.015452851559966802
8862,0.015707967802882195,0.015453206300735474
8863,0.015877045691013336,0.015461145211011171
8864,0.015588770620524883,0.015461019994691015
8865,0.015214422717690468,0.015458718743175268
8866,0.015687385573983192,0.01546387025155127
8867,0.014978179708123207,0.01546231440268457
8868,0.015909958630800247,0.015465948022902012
8869,0.016979120671749115,0.015483909035101533
8870,0.01568136364221573,0.015488075744360685
8871,0.015225992538034916,0.015483082486316562
8872,0.014924238435924053,0.015483087757602335
8873,0.016140799969434738,0.015491984896361827
8874,0.015379869379103184,0.015485750893130899
8875,0.015135075896978378,0.015480612637475133
8876,0.01596848852932453,0.015489338980987668
8877,0.015716783702373505,0.015491941981017589
8878,0.016098959371447563,0.015490912795066834
8879,0.015562806278467178,0.015491491872817278
8880,0.015191439539194107,0.015489303190261126
8881,0.015621105208992958,0.015489670066162944
8882,0.015350068919360638,0.015496640531346202
8883,0.015418251976370811,0.015497291879728436
8884,0.01587391272187233,0.015498698400333523
8885,0.015256662853062153,0.015492488667368888
8886,0.01619233377277851,0.015494753140956163
8887,0.015425375662744045,0.015496913623064757
8888,0.015468548983335495,0.015495010856539012
8889,0.015506820753216743,0.015497038792818784
8890,0.015859628096222878,0.015499656135216356
8891,0.015359191223978996,0.015496828211471438
8892,0.015017078258097172,0.015492250202223659
8893,0.015071513131260872,0.015493024336174131
8894,0.015063661150634289,0.015488077532500028
8895,0.015071548521518707,0.015476444289088249
8896,0.015560450032353401,0.015478609874844552
8897,0.015611675567924976,0.0154762218054384
8898,0.01493791677057743,0.01547301821410656
8899,0.015292944386601448,0.015474491585046053
8900,0.015325997024774551,0.015472312895581127
8901,0.015595503151416779,0.015467769792303443
8902,0.015637705102562904,0.015460998574271799
8903,0.015421628952026367,0.0154661017190665
8904,0.014813237823545933,0.01546371311880648
8905,0.015065716579556465,0.01546478875912726
8906,0.01564454659819603,0.015468150982633233
8907,0.01512422040104866,0.015456845732405782
8908,0.015224140137434006,0.015458736773580313
8909,0.015005508437752724,0.015457711247727275
8910,0.015235623344779015,0.015455303359776735
8911,0.015947356820106506,0.015461252685636282
8912,0.015313887968659401,0.015463507724925876
8913,0.015553498640656471,0.015460465298965574
8914,0.015002244152128696,0.015458437809720636
8915,0.014776003547012806,0.015454596867784857
8916,0.015700869262218475,0.01545985889621079
8917,0.014776008203625679,0.015451070955023169
8918,0.014742780476808548,0.015442188372835517
8919,0.015014231204986572,0.015436196131631733
8920,0.014850988984107971,0.015428422326222062
8921,0.015909772366285324,0.015437417412176729
8922,0.015163693577051163,0.015435505518689751
8923,0.015147902071475983,0.015438048793002963
8924,0.014985766261816025,0.015433925585821271
8925,0.015192260965704918,0.015429655322805047
8926,0.015456153079867363,0.01543234589509666
8927,0.014946723356842995,0.015432860171422362
8928,0.01609860360622406,0.015442408006638288
8929,0.015608750283718109,0.015446125390008092
8930,0.015408115461468697,0.015442032208666205
8931,0.015850454568862915,0.01544678776524961
8932,0.015944313257932663,0.015453222645446659
8933,0.016095653176307678,0.015455540912225842
8934,0.015588105656206608,0.015453816093504429
8935,0.015407111495733261,0.015453992309048772
8936,0.01563134416937828,0.015455657904967666
8937,0.01576569862663746,0.015462197801098228
8938,0.015334444120526314,0.015458048479631543
8939,0.015170162543654442,0.01544689024798572
8940,0.014192228205502033,0.015429336875677109
8941,0.01567845046520233,0.01543000022880733
8942,0.015663914382457733,0.015432785926386715
8943,0.015647677704691887,0.015438406802713871
8944,0.015997573733329773,0.015445813210681081
8945,0.015683352947235107,0.015453404476866127
8946,0.015470386482775211,0.015455412436276674
8947,0.014735333621501923,0.015451571848243474
8948,0.01536138541996479,0.015444691702723503
8949,0.01578397862613201,0.015437453780323266
8950,0.015259774401783943,0.0154381744004786
8951,0.015626156702637672,0.015442864242941142
8952,0.014954929240047932,0.015442598275840283
8953,0.014867777936160564,0.015437190122902393
8954,0.015170477330684662,0.015437142429873348
8955,0.01587558723986149,0.015439062053337694
8956,0.01487768068909645,0.015433760900050402
8957,0.016064520925283432,0.015446766316890716
8958,0.015247968956828117,0.015441232267767191
8959,0.015987783670425415,0.01544272506609559
8960,0.015604522079229355,0.015440128725022078
8961,0.015897098928689957,0.01544052641838789
8962,0.014960907399654388,0.015433055814355612
8963,0.015703871846199036,0.01543132407590747
8964,0.015848446637392044,0.015433920836076141
8965,0.015529343858361244,0.015437070047482848
8966,0.014906845986843109,0.015429264651611447
8967,0.01534586027264595,0.015432941457256676
8968,0.015371277928352356,0.015427554650232196
8969,0.015163043513894081,0.015409393878653645
8970,0.015298277139663696,0.015405563013628125
8971,0.016152825206518173,0.015414831340312957
8972,0.015222987160086632,0.015417818827554584
8973,0.014880049042403698,0.015405211318284272
8974,0.015401024371385574,0.015405422868207097
8975,0.015285274013876915,0.015406924849376082
8976,0.01591496169567108,0.015406389581039548
8977,0.014911375008523464,0.015398335494101047
8978,0.01540759950876236,0.015391421895474195
8979,0.015863675624132156,0.015394430588930846
8980,0.01533142477273941,0.015395830441266299
8981,0.015282525680959225,0.01539244464598596
8982,0.015066349878907204,0.015389607455581426
8983,0.0150414127856493,0.015385839063674212
8984,0.015278146602213383,0.015379881402477622
8985,0.015096267685294151,0.015378277450799942
8986,0.015436544083058834,0.015370719553902745
8987,0.015154938213527203,0.015368015179410577
8988,0.014895758591592312,0.015362287275493144
8989,0.015664901584386826,0.015363868083804846
8990,0.015954745933413506,0.015364819262176753
8991,0.01568550057709217,0.015368082355707883
8992,0.015023166313767433,0.015368143236264587
8993,0.014844119548797607,0.015365869300439953
8994,0.015188733115792274,0.015367120020091534
8995,0.01541395764797926,0.01537054411135614
8996,0.0148088987916708,0.015363028598949313
8997,0.014887253753840923,0.015355784380808472
8998,0.015177549794316292,0.015358180711045862
8999,0.015612299554049969,0.015361374262720346
9000,0.015933480113744736,0.015367449093610049
9001,0.016223492100834846,0.01537372898310423
9002,0.015447060577571392,0.015371822537854313
9003,0.015366784296929836,0.01537127409130335
9004,0.015603369101881981,0.015379175404086709
9005,0.015493148937821388,0.015383449727669357
9006,0.01606852561235428,0.015387689517810941
9007,0.015887882560491562,0.01539532613940537
9008,0.015139665454626083,0.01539448139257729
9009,0.015530731528997421,0.015399733623489738
9010,0.01532259676605463,0.015400603357702493
9011,0.014978020451962948,0.015390909994021058
9012,0.015324298292398453,0.01539101409725845
9013,0.014974795281887054,0.015385227063670754
9014,0.015343831852078438,0.015388642940670251
9015,0.01505883689969778,0.015391471274197101
9016,0.014935556799173355,0.015383818149566651
9017,0.014910941943526268,0.015385167486965657
9018,0.01535708736628294,0.0153913105558604
9019,0.01502269133925438,0.015391395157203079
9020,0.015211904421448708,0.015395004311576485
9021,0.015296496450901031,0.015388871552422642
9022,0.015169191174209118,0.015388926528394221
9023,0.015542139299213886,0.015392868900671602
9024,0.01584945246577263,0.015401505762711168
9025,0.015399673953652382,0.015403579892590643
9026,0.015330106019973755,0.015402319421991707
9027,0.015221569687128067,0.015405067885294556
9028,0.015010985545814037,0.015394191704690457
9029,0.014471087604761124,0.015382815077900886
9030,0.015664998441934586,0.015385383907705545
9031,0.015162907540798187,0.015378508437424897
9032,0.015159016475081444,0.015370655469596387
9033,0.015499630011618137,0.015364695237949491
9034,0.014882504940032959,0.015357639230787755
9035,0.015618930570781231,0.015359757421538233
9036,0.01550140231847763,0.015358458003029228
9037,0.015156676061451435,0.015352367777377368
9038,0.01486488152295351,0.01534767215140164
9039,0.014751951210200787,0.015343490038067103
9040,0.01503473985940218,0.015351915154606105
9041,0.014991536736488342,0.015345046017318963
9042,0.01571248099207878,0.015345531683415174
9043,0.01464595552533865,0.015335514461621642
9044,0.015087204053997993,0.015326410764828324
9045,0.015016433782875538,0.015319741573184728
9046,0.015995679423213005,0.015324994502589107
9047,0.014551874250173569,0.015323159908875823
9048,0.015400391072034836,0.015323549965396524
9049,0.0153293302282691,0.015319003481417895
9050,0.01501968502998352,0.01531660258769989
9051,0.015058938413858414,0.015310930404812097
9052,0.015037355944514275,0.015311754671856762
9053,0.014704471454024315,0.015310121607035399
9054,0.014897963963449001,0.015307396473363042
9055,0.01494117546826601,0.015298052355647088
9056,0.015400420874357224,0.015303279757499694
9057,0.015253165736794472,0.015295166205614805
9058,0.015453455038368702,0.015297221066430212
9059,0.015235035680234432,0.015289693586528302
9060,0.015105132944881916,0.015284699695184827
9061,0.015320050530135632,0.015278929211199284
9062,0.014696481637656689,0.015276284953579307
9063,0.014753317460417747,0.015266779409721494
9064,0.015172501094639301,0.015260019954293966
9065,0.01511105801910162,0.01525583709590137
9066,0.01586608774960041,0.015265429513528944
9067,0.015089111402630806,0.015262862024828792
9068,0.01519579067826271,0.015261107152327895
9069,0.01458048727363348,0.01525528158992529
9070,0.01536538079380989,0.015255952626466751
9071,0.015238498337566853,0.015246809357777238
9072,0.015179353766143322,0.015246373023837806
9073,0.01620759442448616,0.015259648477658629
9074,0.01545227412134409,0.015260160975158215
9075,0.015380427241325378,0.015261112507432699
9076,0.01475437730550766,0.015249506663531065
9077,0.015054311603307724,0.015250936029478907
9078,0.01608547568321228,0.015257714791223407
9079,0.014859812334179878,0.015247676158323883
9080,0.015643449500203133,0.01525079640559852
9081,0.01580110564827919,0.015255982205271721
9082,0.014768694527447224,0.01525300565175712
9083,0.01460313145071268,0.015248622838407755
9084,0.015539868734776974,0.015251240059733391
9085,0.01490200124680996,0.01524929739534855
9086,0.015114206820726395,0.015246074022725225
9087,0.01606135070323944,0.015255138147622346
9088,0.015070715919137001,0.015256887720897793
9089,0.015068018808960915,0.015250918893143535
9090,0.014427734538912773,0.015235648779198528
9091,0.014660969376564026,0.015225403467193246
9092,0.01596422865986824,0.015234814090654254
9093,0.015092549845576286,0.015237298393622041
9094,0.014777544885873795,0.015233186511322857
9095,0.015247554518282413,0.015231522480025888
9096,0.01533069834113121,0.015236740475520491
9097,0.015041427686810493,0.015238282214850187
9098,0.0151019636541605,0.01523752635344863
9099,0.01473664678633213,0.01522876982577145
9100,0.015078559517860413,0.015220220619812607
9101,0.01500545535236597,0.01520804025232792
9102,0.016026463359594345,0.015213834280148148
9103,0.014969569630920887,0.015209862133488058
9104,0.015389831736683846,0.015207726759836077
9105,0.015396075323224068,0.015206756023690104
9106,0.014897252433001995,0.015195043291896582
9107,0.01530667208135128,0.01518923118710518
9108,0.014963177032768726,0.015187466302886605
9109,0.015251630917191505,0.015184675296768545
9110,0.015130441635847092,0.01518275374546647
9111,0.01595989614725113,0.015192572502419352
9112,0.016534604132175446,0.015204675560817123
9113,0.015399465337395668,0.015208922261372208
9114,0.015550349839031696,0.015210987441241742
9115,0.01570257730782032,0.015217424845322966
9116,0.015997806563973427,0.015228047342970967
9117,0.0150737464427948,0.015229675387963652
9118,0.014969417825341225,0.015225798692554235
9119,0.014921266585588455,0.015224784445017576
9120,0.015528133139014244,0.015227946732193232
9121,0.01528144907206297,0.015227796258404851
9122,0.01470096968114376,0.015223114043474198
9123,0.015134036540985107,0.01521903301589191
9124,0.015394637361168861,0.015214484864845872
9125,0.014811866916716099,0.015208606794476508
9126,0.01489767525345087,0.01520428248681128
9127,0.014545640908181667,0.015197523199021816
9128,0.014736087992787361,0.01519477422349155
9129,0.014788944274187088,0.01519795279018581
9130,0.01566929742693901,0.015197995780035854
9131,0.014787263236939907,0.01519423933699727
9132,0.015160024166107178,0.015194249413907528
9133,0.014673987403512001,0.015185992987826467
9134,0.015298690646886826,0.015190154844895006
9135,0.01550975814461708,0.015189063120633364
9136,0.015021299943327904,0.015184262096881866
9137,0.014445539563894272,0.015177150731906295
9138,0.015031112357974052,0.0151788130402565
9139,0.014592589810490608,0.015177219426259398
9140,0.015450449660420418,0.01518137652426958
9141,0.014958411455154419,0.015181045271456242
9142,0.015711436048150063,0.015181034822016954
9143,0.014507717452943325,0.015179652441293
9144,0.015454694628715515,0.015183327347040176
9145,0.01443459652364254,0.015177508974447846
9146,0.015356204472482204,0.015171114224940538
9147,0.014972437173128128,0.015175319854170083
9148,0.015397187322378159,0.015175287816673518
9149,0.014931991696357727,0.015171314431354404
9150,0.015026269480586052,0.015171380275860428
9151,0.014819786883890629,0.015168988760560751
9152,0.015117938630282879,0.015169794587418437
9153,0.015506801195442677,0.01517781788483262
9154,0.015585783869028091,0.015184696083888411
9155,0.015215106308460236,0.015187435392290354
9156,0.01470911968499422,0.015180522380396723
9157,0.015332750976085663,0.015181318232789636
9158,0.01519015058875084,0.015178685188293456
9159,0.014878804795444012,0.015175122879445552
9160,0.015058299526572227,0.015174654545262456
9161,0.014903701841831207,0.015170491058379412
9162,0.014844768680632114,0.015171973928809167
9163,0.014648206532001495,0.015170922819525003
9164,0.01464554201811552,0.015165653228759766
9165,0.014465764164924622,0.015159200290217995
9166,0.014829638414084911,0.01514883579686284
9167,0.014568610116839409,0.015143630784004927
9168,0.015059228986501694,0.015142265167087316
9169,0.015263166278600693,0.01514909195713699
9170,0.01470876019448042,0.015142525751143695
9171,0.015370444394648075,0.015143845211714507
9172,0.014639828354120255,0.015138449957594275
9173,0.014986187219619751,0.01512623588554561
9174,0.015666767954826355,0.015128380823880435
9175,0.01551218144595623,0.015129698365926742
9176,0.01485278271138668,0.015130682419985532
9177,0.014892946928739548,0.015129068773239851
9178,0.015195340849459171,0.01512016742490232
9179,0.014782119542360306,0.015119390496984124
9180,0.015203767456114292,0.015114993676543237
9181,0.014991506934165955,0.015106897689402104
9182,0.015210345387458801,0.01511131419800222
9183,0.015211193822324276,0.015117394821718335
9184,0.014633843675255775,0.015108334571123124
9185,0.0156632661819458,0.015115947220474482
9186,0.014983044937252998,0.015114635601639748
9187,0.014685538597404957,0.015100877480581403
9188,0.015461461618542671,0.01510478493757546
9189,0.014843613840639591,0.015102540887892247
9190,0.014927251264452934,0.015107536055147648
9191,0.015137763693928719,0.015112303998321294
9192,0.014725898392498493,0.015099920695647598
9193,0.014687156304717064,0.015095866760239005
9194,0.014545176178216934,0.015093543073162437
9195,0.014863140881061554,0.015089698936790227
9196,0.015532776713371277,0.015091719720512629
9197,0.01547493040561676,0.01509605474770069
9198,0.015399836003780365,0.01509903347119689
9199,0.014435864053666592,0.015096025643870234
9200,0.015235614031553268,0.015097596189007164
9201,0.014633134938776493,0.015093872984871269
9202,0.015944011509418488,0.01509304846636951
9203,0.014915547333657742,0.015092508243396878
9204,0.015452053397893906,0.015093130460008979
9205,0.014788659289479256,0.01508705629967153
9206,0.014691970311105251,0.015085003478452564
9207,0.015061544254422188,0.015082552200183272
9208,0.015398816205561161,0.015086908591911197
9209,0.014416361227631569,0.015078555895015597
9210,0.014784623868763447,0.01507509771734476
9211,0.015499419532716274,0.015070492951199412
9212,0.014934809878468513,0.015054495008662343
9213,0.015920106321573257,0.015059701418504119
9214,0.015033223666250706,0.015054530156776309
9215,0.015677858144044876,0.015054282965138555
9216,0.014515786431729794,0.015039462763816118
9217,0.014577817171812057,0.01503450347110629
9218,0.015016290359199047,0.01503497219644487
9219,0.01575474999845028,0.015043307030573487
9220,0.015367744490504265,0.015041703144088387
9221,0.01507941447198391,0.015039682798087596
9222,0.014794489368796349,0.015040617994964122
9223,0.015337745659053326,0.015042655086144805
9224,0.014335285872220993,0.015032061571255327
9225,0.015681076794862747,0.015040753670036792
9226,0.014556515961885452,0.015037342077121138
9227,0.015333080664277077,0.015045216474682092
9228,0.015050262212753296,0.015048358216881752
9229,0.014706317335367203,0.015047531947493554
9230,0.014992069453001022,0.015040759667754174
9231,0.01556085329502821,0.015048495568335056
9232,0.015302285552024841,0.015049918182194233
9233,0.015227535739541054,0.015055453665554523
9234,0.015028469264507294,0.015052751451730729
9235,0.01482845377177,0.015045938408002257
9236,0.01578076183795929,0.015053533026948571
9237,0.015314174816012383,0.015062219379469752
9238,0.01446470245718956,0.015056555280461908
9239,0.014973727986216545,0.015060366662219167
9240,0.014773091301321983,0.015053593078628183
9241,0.015674641355872154,0.015060755377635359
9242,0.015378683805465698,0.015057427855208517
9243,0.014767264015972614,0.01506002332083881
9244,0.014942994341254234,0.015054906317964196
9245,0.015368742868304253,0.015064247781410814
9246,0.014848601073026657,0.015059171747416257
9247,0.015111282467842102,0.015060560200363398
9248,0.015577282756567001,0.015062361154705287
9249,0.014736713841557503,0.015060408376157283
9250,0.014960373751819134,0.015059749418869615
9251,0.01509118266403675,0.015062463376671076
9252,0.014932986348867416,0.015060613853856921
9253,0.01576918363571167,0.015063237678259612
9254,0.015184056013822556,0.015059220399707555
9255,0.014678328298032284,0.015053852619603276
9256,0.016224659979343414,0.015069008022546768
9257,0.014694346114993095,0.015062623973935842
9258,0.01522768009454012,0.015062999268993736
9259,0.015583012253046036,0.015070041343569755
9260,0.01488039456307888,0.015068262293934822
9261,0.014950240030884743,0.015068727675825358
9262,0.015065968036651611,0.015070939669385552
9263,0.015035631135106087,0.015074813915416598
9264,0.015448447316884995,0.015082842968404293
9265,0.014271538704633713,0.015080900713801384
9266,0.014638267457485199,0.015078987004235387
9267,0.014631913974881172,0.015079620042815805
9268,0.015212630853056908,0.015081154061481356
9269,0.01523165125399828,0.015080838911235333
9270,0.01504039578139782,0.015084155267104507
9271,0.01564618945121765,0.015086912717670202
9272,0.01497059315443039,0.015090220365673304
9273,0.01486281305551529,0.015088986624032259
9274,0.014697182923555374,0.015079290773719549
9275,0.014532603323459625,0.015069494992494582
9276,0.015076608397066593,0.015071733249351382
9277,0.01458923239260912,0.015068696103990078
9278,0.01450565829873085,0.015061799278482795
9279,0.014644177630543709,0.015060419859364628
9280,0.015172287821769714,0.015060105063021183
9281,0.014874877408146858,0.015058938767760993
9282,0.0155705027282238,0.015062540341168641
9283,0.015292845666408539,0.015063356859609484
9284,0.0155940605327487,0.015072959028184413
9285,0.01664653606712818,0.015082791727036238
9286,0.014662081375718117,0.01507958209142089
9287,0.014800189062952995,0.015080728596076369
9288,0.01630738377571106,0.015089187817648054
9289,0.01536683551967144,0.015094420034438371
9290,0.01514986902475357,0.015096646212041378
9291,0.015521662309765816,0.015100485198199749
9292,0.014768965542316437,0.015100915869697928
9293,0.015428051352500916,0.015108324820175767
9294,0.015157540328800678,0.015114448461681605
9295,0.015475250780582428,0.015120569560676813
9296,0.015098459087312222,0.015116226384416223
9297,0.015158861875534058,0.015113065699115396
9298,0.015371352434158325,0.015112780863419176
9299,0.014756301417946815,0.015115985237061978
9300,0.014501153491437435,0.015108640631660819
9301,0.014802428893744946,0.015110333571210504
9302,0.014438038691878319,0.015095273843035101
9303,0.014729947783052921,0.015093417847529053
9304,0.01510375365614891,0.015089934850111604
9305,0.014924328774213791,0.01509129154495895
9306,0.01531907357275486,0.015097562577575446
9307,0.014891223050653934,0.015095859365537763
9308,0.014705050736665726,0.015088921710848809
9309,0.014684133231639862,0.015091599430888891
9310,0.014294595457613468,0.015086699146777391
9311,0.015353284776210785,0.015085237799212337
9312,0.014660113491117954,0.015082490835338832
9313,0.01528436690568924,0.01507613344117999
9314,0.015053640119731426,0.015076337605714798
9315,0.014584183692932129,0.01506540086120367
9316,0.014696137979626656,0.015067204376682639
9317,0.014468378387391567,0.015066109988838434
9318,0.015464057214558125,0.015070587657392024
9319,0.014945069327950478,0.015062490850687027
9320,0.015509743243455887,0.015063910838216543
9321,0.015145014971494675,0.015064566843211651
9322,0.014217112213373184,0.015058793071657419
9323,0.015883244574069977,0.015064248060807585
9324,0.015508568845689297,0.01507598089054227
9325,0.01535734161734581,0.0150727435387671
9326,0.014875076711177826,0.015075929146260023
9327,0.015384143218398094,0.015076439771801233
9328,0.014774981886148453,0.015073686968535185
9329,0.015000205487012863,0.015076625850051642
9330,0.014724255539476871,0.0150739477109164
9331,0.014627166092395782,0.015064610838890076
9332,0.014710749499499798,0.015058695478364826
9333,0.015013203024864197,0.015056552151218056
9334,0.0159505195915699,0.015065772654488684
9335,0.01574031077325344,0.015074891224503516
9336,0.014257355593144894,0.015059657162055373
9337,0.014704553410410881,0.015053560947999358
9338,0.015038545243442059,0.015059299375861883
9339,0.01529921218752861,0.015062554217875003
9340,0.014927757903933525,0.01506410088390112
9341,0.014826463535428047,0.015055619105696678
9342,0.015069322660565376,0.015052525494247675
9343,0.015029567293822765,0.015055148527026177
9344,0.0151220029219985,0.01505693861283362
9345,0.014786753803491592,0.015051118722185492
9346,0.014753717929124832,0.015050169890746474
9347,0.014500853605568409,0.015044065602123737
9348,0.015414816327393055,0.015042440937831998
9349,0.01459745317697525,0.015041048331186175
9350,0.015034415759146214,0.015041788751259446
9351,0.015598669648170471,0.015046863621100783
9352,0.015069663524627686,0.015048230392858386
9353,0.014848344027996063,0.01503902199678123
9354,0.015060107223689556,0.0150377825088799
9355,0.014782160520553589,0.015038820831105113
9356,0.01566186174750328,0.015033192848786712
9357,0.015323027037084103,0.015039479658007622
9358,0.01544918306171894,0.01504169468767941
9359,0.014952940866351128,0.01503539397381246
9360,0.01463203877210617,0.015032910415902734
9361,0.014917025342583656,0.015032578269019723
9362,0.015765292569994926,0.015039571514353155
9363,0.014806008897721767,0.015037275291979313
9364,0.015345731750130653,0.01503624813631177
9365,0.01678173616528511,0.015061350110918283
9366,0.015705879777669907,0.01507202623412013
9367,0.015097830444574356,0.015076685398817062
9368,0.015291937626898289,0.015077478466555477
9369,0.013801028952002525,0.015063172243535518
9370,0.014803389087319374,0.015060802176594733
9371,0.015303137712180614,0.015057371659204365
9372,0.014680104330182076,0.01505446677096188
9373,0.01569334790110588,0.015062772119417787
9374,0.015963319689035416,0.015075433487072586
9375,0.015697933733463287,0.015087086791172623
9376,0.015343397855758667,0.015089754685759545
9377,0.014830853790044785,0.0150921708997339
9378,0.014825324527919292,0.015095367562025785
9379,0.014787551015615463,0.015096801295876504
9380,0.015058119781315327,0.015095659615471959
9381,0.014915048144757748,0.015096061322838068
9382,0.015185943804681301,0.015092215733602643
9383,0.015304001979529858,0.015092327296733855
9384,0.01557642687112093,0.015092150960117578
9385,0.014888739213347435,0.015074572991579771
9386,0.014667393639683723,0.015074626114219426
9387,0.014514193870127201,0.015071766162291169
9388,0.015241051092743874,0.015061102835461497
9389,0.014902682974934578,0.015056461310014129
9390,0.01523157861083746,0.015057278405874968
9391,0.015209854580461979,0.01505416032858193
9392,0.014504345133900642,0.015051514124497772
9393,0.015038404613733292,0.015047617657110095
9394,0.014954723417758942,0.015045589487999677
9395,0.015245446935296059,0.015043291449546813
9396,0.01447333674877882,0.01503704022616148
9397,0.014927181415259838,0.015034723421558737
9398,0.016087546944618225,0.015041885366663336
9399,0.01461450383067131,0.015040467390790582
9400,0.01502280030399561,0.015045683858916163
9401,0.014887736178934574,0.01504653693176806
9402,0.014569059945642948,0.015047847144305706
9403,0.015142916701734066,0.015051976833492518
9404,0.014941750094294548,0.015050356797873974
9405,0.014587504789233208,0.015046988558024168
9406,0.015319181606173515,0.015046989638358354
9407,0.0142167117446661,0.015040244525298476
9408,0.014966871589422226,0.01504286273382604
9409,0.014822138473391533,0.015044242786243557
9410,0.015137198381125927,0.015052668815478683
9411,0.014687584713101387,0.015046011814847588
9412,0.015453595668077469,0.015053946636617183
9413,0.014302508905529976,0.015044128056615591
9414,0.01475179847329855,0.015041109640151262
9415,0.014906829223036766,0.01504433609545231
9416,0.015149710699915886,0.015048871822655201
9417,0.014356102794408798,0.015047749066725373
9418,0.014549702405929565,0.015038605518639088
9419,0.014140709303319454,0.015030561918392778
9420,0.015183720737695694,0.015027301693335176
9421,0.014946050941944122,0.01502531205303967
9422,0.015515359118580818,0.015038294522091745
9423,0.01497204601764679,0.015029182536527514
9424,0.015101345255970955,0.015025110300630331
9425,0.015106788836419582,0.01502260477282107
9426,0.01431368663907051,0.015016990872099996
9427,0.014782913029193878,0.015010978570207953
9428,0.014514926820993423,0.015008378019556403
9429,0.014878060668706894,0.015007156571373343
9430,0.014237377792596817,0.015002287793904542
9431,0.015017697587609291,0.015006193108856678
9432,0.01470914576202631,0.015006177071481943
9433,0.015063358470797539,0.015006678625941277
9434,0.014545571990311146,0.01499262914992869
9435,0.015314195305109024,0.014988367995247245
9436,0.015443011187016964,0.015000224551185966
9437,0.015101108700037003,0.015004190104082226
9438,0.014777995645999908,0.015001584608107806
9439,0.014430184848606586,0.014992894334718586
9440,0.014146728441119194,0.014985084040090442
9441,0.015438337810337543,0.014991202782839537
9442,0.01446484960615635,0.014985158052295446
9443,0.0147694768384099,0.014982557147741318
9444,0.015224823728203773,0.01498358535580337
9445,0.014645418152213097,0.014982171999290585
9446,0.015377882868051529,0.014988413648679852
9447,0.014712652191519737,0.014990531634539365
9448,0.015188843943178654,0.014988271910697222
9449,0.014780452474951744,0.014990101903676986
9450,0.015330187976360321,0.014993059625849127
9451,0.014215718023478985,0.014979230109602212
9452,0.01440963614732027,0.014972629835829138
9453,0.014435573481023312,0.01496850213035941
9454,0.014897576533257961,0.014966876823455095
9455,0.014776156283915043,0.01496681678108871
9456,0.014540934935212135,0.014955607512965798
9457,0.014646587893366814,0.014948843121528626
9458,0.015232477337121964,0.014946676064282656
9459,0.014553902670741081,0.014942685682326555
9460,0.01464320532977581,0.014942797347903252
9461,0.01520104706287384,0.014945637565106154
9462,0.014454599469900131,0.014932530634105205
9463,0.015040770173072815,0.014934878246858716
9464,0.015231981873512268,0.014933740748092532
9465,0.014757446013391018,0.014913497846573592
9466,0.014343330636620522,0.014899872355163097
9467,0.014635493978857994,0.014895248990505934
9468,0.014447060413658619,0.014886800218373537
9469,0.014977797865867615,0.014898567907512188
9470,0.014174563810229301,0.014892279654741287
9471,0.014291143044829369,0.014882159708067775
9472,0.014887708239257336,0.014884235747158527
9473,0.014684157446026802,0.014874143842607736
9474,0.01574604958295822,0.014871971141546965
9475,0.01547511201351881,0.01486974292434752
9476,0.014700846746563911,0.014863317413255573
9477,0.014720939099788666,0.01486221826635301
9478,0.014952928759157658,0.014863494308665395
9479,0.015437733381986618,0.014869996132329106
9480,0.014826266095042229,0.014867677595466375
9481,0.014553844928741455,0.014864065563306212
9482,0.014237647876143456,0.014854582604020833
9483,0.01534174382686615,0.014854960022494196
9484,0.015462092123925686,0.014853816675022245
9485,0.015022875741124153,0.014855158040300012
9486,0.014504175633192062,0.014853525860235094
9487,0.014599032700061798,0.014854374248534441
9488,0.014680142514407635,0.014848765162751078
9489,0.01493413932621479,0.01484907972626388
9490,0.014885397627949715,0.014845617916435003
9491,0.015036819502711296,0.014843887565657497
9492,0.014835855923593044,0.014847202673554421
9493,0.014416130259633064,0.014840979930013418
9494,0.014781337231397629,0.014839246068149806
9495,0.014111372642219067,0.014827905325219035
9496,0.014676370657980442,0.014829935664311051
9497,0.014918188564479351,0.014829845735803246
9498,0.014449932612478733,0.014813469592481851
9499,0.015172261744737625,0.014819047171622515
9500,0.014445153996348381,0.014813270708546043
9501,0.014145296066999435,0.014805846307426691
9502,0.01467365212738514,0.014806892229244114
9503,0.015619507990777493,0.014811658142134547
9504,0.014208853244781494,0.014804329173639417
9505,0.014878151938319206,0.014807235645130278
9506,0.015233244746923447,0.014806376276537777
9507,0.014201458543539047,0.014806223744526505
9508,0.014050066471099854,0.014797055693343282
9509,0.015299635007977486,0.014801830658689142
9510,0.015175038948655128,0.014802209064364434
9511,0.014586922712624073,0.01480120244435966
9512,0.015019496902823448,0.01479686145670712
9513,0.015234172344207764,0.014806178091093898
9514,0.014181756414473057,0.014800477670505643
9515,0.014942383393645287,0.014800833212211728
9516,0.01486169546842575,0.014797953059896826
9517,0.014873326756060123,0.01480312529951334
9518,0.015205162577331066,0.014809679901227356
9519,0.014842534437775612,0.014816698152571917
9520,0.015275543555617332,0.014817616380751132
9521,0.014840574003756046,0.014816561611369253
9522,0.014490487053990364,0.014806312890723348
9523,0.01427370123565197,0.0147993294429034
9524,0.01518595777451992,0.014800175568088889
9525,0.014513112604618073,0.014794238805770875
9526,0.014355439692735672,0.014794656336307525
9527,0.014854388311505318,0.01479537108913064
9528,0.015231190249323845,0.014802533723413945
9529,0.014621562324464321,0.014799968739971518
9530,0.014558646827936172,0.014803181430324911
9531,0.014797118492424488,0.014800975639373064
9532,0.015374662354588509,0.014807630805298686
9533,0.015271778218448162,0.014809715002775193
9534,0.015882287174463272,0.014823082154616713
9535,0.014530850574374199,0.014815248707309365
9536,0.015288049355149269,0.014813699088990688
9537,0.015010891482234001,0.014812796916812658
9538,0.014560848474502563,0.014810625445097685
9539,0.014345111325383186,0.01480977470986545
9540,0.014918502420186996,0.014817492449656128
9541,0.014347797259688377,0.014806587044149637
9542,0.014373114332556725,0.01480566969141364
9543,0.014255012385547161,0.014800525046885013
9544,0.014951657503843307,0.014797793384641409
9545,0.014199020341038704,0.014793329406529665
9546,0.014564363285899162,0.014785194210708142
9547,0.014783228747546673,0.014785899976268412
9548,0.015454152598977089,0.014788553062826395
9549,0.014268451370298862,0.014783433051779865
9550,0.014440525323152542,0.014774536425247788
9551,0.014998173341155052,0.01478236097842455
9552,0.01455802284181118,0.014783844845369458
9553,0.015274202451109886,0.014792231135070324
9554,0.01420040987432003,0.014785259468480945
9555,0.014351535588502884,0.014781013261526824
9556,0.014559907838702202,0.014781202990561723
9557,0.014563781209290028,0.014780374923720956
9558,0.014626498334109783,0.014774315133690834
9559,0.015294533222913742,0.01478172143921256
9560,0.01483448687940836,0.014783634254708886
9561,0.014458483085036278,0.01477620861493051
9562,0.01448802649974823,0.014776542885228991
9563,0.014924009330570698,0.01477537527680397
9564,0.014874981716275215,0.0147718052752316
9565,0.014907279051840305,0.014773303605616094
9566,0.014465048909187317,0.014774520788341761
9567,0.0147153465077281,0.014775319313630462
9568,0.014559876173734665,0.014776447471231222
9569,0.014770949259400368,0.01477437898516655
9570,0.014551995322108269,0.014778153300285339
9571,0.014665530994534492,0.01478189717978239
9572,0.015416411682963371,0.014787184214219451
9573,0.015208691358566284,0.014792429553344845
9574,0.01474109385162592,0.014782379996031523
9575,0.014700919389724731,0.014774638069793582
9576,0.01419692300260067,0.01476959883235395
9577,0.01474778912961483,0.01476986733265221
9578,0.015803273767232895,0.014778370782732964
9579,0.014213144779205322,0.014766124896705151
9580,0.014186985790729523,0.014759732093662024
9581,0.014214586466550827,0.014756339509040118
9582,0.014238746836781502,0.014756350498646497
9583,0.01446477510035038,0.01474758081138134
9584,0.014408214017748833,0.014737042030319572
9585,0.01522922795265913,0.014739105552434921
9586,0.014663973823189735,0.014740703534334898
9587,0.014350861310958862,0.014738221820443868
9588,0.015016663819551468,0.014741587033495308
9589,0.01499910932034254,0.014742236733436585
9590,0.014664712361991405,0.014740029880777002
9591,0.015096046030521393,0.014740622146055102
9592,0.01455078087747097,0.01473777139559388
9593,0.01492813415825367,0.014742891434580088
9594,0.0144959120079875,0.014740037182345987
9595,0.015089976601302624,0.014749823221936822
9596,0.014466846361756325,0.01474772797897458
9597,0.014612149447202682,0.014744667587801814
9598,0.014677581377327442,0.014746944075450302
9599,0.014930354431271553,0.01474452500231564
9600,0.015100041404366493,0.014751073876395822
9601,0.01477530226111412,0.014757373938336968
9602,0.014035484753549099,0.014750992264598608
9603,0.014518880285322666,0.01473998598754406
9604,0.015023786574602127,0.014748135320842267
9605,0.014604330062866211,0.014745397102087736
9606,0.013937851414084435,0.014732443168759346
9607,0.01446237787604332,0.014735052362084389
9608,0.014162713661789894,0.014736178833991288
9609,0.01377817988395691,0.014720964282751083
9610,0.014500739984214306,0.014714221293106676
9611,0.014763926155865192,0.014715991327539086
9612,0.014989703893661499,0.014715693397447467
9613,0.01463991031050682,0.014709750777110458
9614,0.014535296708345413,0.014713286180049181
9615,0.015630293637514114,0.014720165282487868
9616,0.015680059790611267,0.014728348925709725
9617,0.01598476618528366,0.01473946332000196
9618,0.015096306800842285,0.014738374762237072
9619,0.014697548933327198,0.014736924907192589
9620,0.014890373684465885,0.014733073208481074
9621,0.014536552131175995,0.014730032989755273
9622,0.014598144218325615,0.014731109561398625
9623,0.014628376811742783,0.014734656317159534
9624,0.015631863847374916,0.014739115377888084
9625,0.01485246792435646,0.014742508931085467
9626,0.01566118746995926,0.014755566408857702
9627,0.015078524127602577,0.014757807767018676
9628,0.014583120122551918,0.014751327065750957
9629,0.014881318435072899,0.014753924626857042
9630,0.014718795195221901,0.0147555261105299
9631,0.014692626893520355,0.014754481194540859
9632,0.015200347639620304,0.014752738047391176
9633,0.0141639094799757,0.014741659360006452
9634,0.014223860576748848,0.014725075094029308
9635,0.01421255525201559,0.014721892140805722
9636,0.014504600316286087,0.014714057650417089
9637,0.014883666299283504,0.014712785398587584
9638,0.01479355152696371,0.014715112429112196
9639,0.0148843452334404,0.014720504768192769
9640,0.014342976734042168,0.01471474951133132
9641,0.015566585585474968,0.014726937394589185
9642,0.014775113202631474,0.014730957383289934
9643,0.014031978324055672,0.014728727042675019
9644,0.014904300682246685,0.014728253474459052
9645,0.01434938795864582,0.014729757150635124
9646,0.015088273212313652,0.014734996249899268
9647,0.01480044238269329,0.014735168386250734
9648,0.014427458867430687,0.01472490144893527
9649,0.01383235678076744,0.014720540503039956
9650,0.0149839511141181,0.014725974760949612
9651,0.014921922236680984,0.01472521224990487
9652,0.01434401236474514,0.01472307214513421
9653,0.01468578539788723,0.014717187974601984
9654,0.014772563241422176,0.014722909508273006
9655,0.014424432069063187,0.014723638473078608
9656,0.014541558921337128,0.014723454983904958
9657,0.014715048484504223,0.0147249676566571
9658,0.014420154504477978,0.014722904218360781
9659,0.014671696349978447,0.014716675849631428
9660,0.014479068107903004,0.014713121661916375
9661,0.01413765735924244,0.014709913404658437
9662,0.014631330966949463,0.01471134644933045
9663,0.015048595145344734,0.014712592307478189
9664,0.01442168653011322,0.01470805935561657
9665,0.013906225562095642,0.014698048820719123
9666,0.015130705200135708,0.014704705383628607
9667,0.015261612832546234,0.014710168046876788
9668,0.0138346366584301,0.014702915651723743
9669,0.014634668827056885,0.014701552847400308
9670,0.014049714431166649,0.014696530038490892
9671,0.015051152557134628,0.014700386254116894
9672,0.014952480792999268,0.014695746945217253
9673,0.014766624197363853,0.014691326273605228
9674,0.014292940497398376,0.014686844740062953
9675,0.013842476531863213,0.014678260311484337
9676,0.015140104107558727,0.014687692122533917
9677,0.01500995084643364,0.014690313739702105
9678,0.013783710077404976,0.014670118102803826
9679,0.01434224471449852,0.014671409102156759
9680,0.014724655076861382,0.014676785795018077
9681,0.013983394019305706,0.014674473870545626
9682,0.014686686918139458,0.014678953271359206
9683,0.0155950291082263,0.014690255811437965
9684,0.014525596052408218,0.014691429631784558
9685,0.01379675604403019,0.01467710491269827
9686,0.014330166392028332,0.014673766838386655
9687,0.014268781989812851,0.014672946045175194
9688,0.01459539495408535,0.014668733356520533
9689,0.013859298080205917,0.014657335244119168
9690,0.015356924384832382,0.014664257364347576
9691,0.014544464647769928,0.014658741550520063
9692,0.01430289912968874,0.01465626273304224
9693,0.014871181920170784,0.014655693210661411
9694,0.014398917555809021,0.014654723266139626
9695,0.01506652683019638,0.014654488768428564
9696,0.014199193567037582,0.014651812240481376
9697,0.014771390706300735,0.014653404653072357
9698,0.014585222117602825,0.014652481060475111
9699,0.014345217496156693,0.014646629691123963
9700,0.014683238230645657,0.014642461659386754
9701,0.014411859214305878,0.014638827228918672
9702,0.014986038208007812,0.014648332763463258
9703,0.015191861428320408,0.014655062574893235
9704,0.014524629339575768,0.014650071002542973
9705,0.014504649676382542,0.014649074198678136
9706,0.014486481435596943,0.01465456049889326
9707,0.014332495629787445,0.014653261676430702
9708,0.014772327616810799,0.014659357815980911
9709,0.014356466010212898,0.014665140677243471
9710,0.014432603493332863,0.014664459312334656
9711,0.014337420463562012,0.014660194255411626
9712,0.014606313779950142,0.014656360354274511
9713,0.014583546668291092,0.014655796717852354
9714,0.014975889585912228,0.014660202646628023
9715,0.014997552148997784,0.01465387523174286
9716,0.014999423176050186,0.014647068865597248
9717,0.01492137461900711,0.014636434949934482
9718,0.014572696760296822,0.014631198849529028
9719,0.01490909792482853,0.014633314339444042
9720,0.014405813068151474,0.014628468733280896
9721,0.015690624713897705,0.014640009459108115
9722,0.015616204589605331,0.014650190062820912
9723,0.014672595076262951,0.014650632245466113
9724,0.014906223863363266,0.014643375845625996
9725,0.014211670495569706,0.014636967871338129
9726,0.014308575540781021,0.014623441752046346
9727,0.014750499278306961,0.014620161503553391
9728,0.014367523603141308,0.014618005538359284
9729,0.01426742598414421,0.014611866613849998
9730,0.014599921181797981,0.014610677873715758
9731,0.014490802772343159,0.014608659632503986
9732,0.015058628283441067,0.014607242438942195
9733,0.01459646224975586,0.014611567966639996
9734,0.014157930389046669,0.014610908664762974
9735,0.01432100310921669,0.014611993143334985
9736,0.015384119004011154,0.014620788330212235
9737,0.01416792068630457,0.014613630874082446
9738,0.015103606507182121,0.01461673142388463
9739,0.014999127015471458,0.014617879241704941
9740,0.01417355053126812,0.0146161849796772
9741,0.014106455259025097,0.014601583676412701
9742,0.01483592763543129,0.0146021918207407
9743,0.015140836127102375,0.014613280398771166
9744,0.014685596339404583,0.014611093355342745
9745,0.013937218114733696,0.014606971656903625
9746,0.014057597145438194,0.01459666489623487
9747,0.014411050826311111,0.014592770980671048
9748,0.014813398942351341,0.014596630381420254
9749,0.01439922396093607,0.014602299053221942
9750,0.01384730450809002,0.01459093258716166
9751,0.014162104576826096,0.014583334410563111
9752,0.015018761157989502,0.014590081898495555
9753,0.01461535133421421,0.014589377557858824
9754,0.014628229662775993,0.014587934222072363
9755,0.015145343728363514,0.014595143338665366
9756,0.0152199175208807,0.014601926924660802
9757,0.015290554612874985,0.01460768198594451
9758,0.014770849607884884,0.014611188936978579
9759,0.014813708141446114,0.014612609054893255
9760,0.014489471912384033,0.014612713092938066
9761,0.014300046488642693,0.014614336984232068
9762,0.014460792765021324,0.014612631602212788
9763,0.015258362516760826,0.014614729275926948
9764,0.014857347123324871,0.014619085881859064
9765,0.015419215895235538,0.014634215785190464
9766,0.014978689141571522,0.01463269562460482
9767,0.015162957832217216,0.014631709074601531
9768,0.01421322487294674,0.014635494956746698
9769,0.01425381749868393,0.014631686443462967
9770,0.01436091773211956,0.014634798476472498
9771,0.014557626098394394,0.014629863211885094
9772,0.0144694484770298,0.0146250328887254
9773,0.014515802264213562,0.014622524669393898
9774,0.015191281214356422,0.014631508076563477
9775,0.01441246084868908,0.014637207919731736
9776,0.014426881447434425,0.014630075693130493
9777,0.01435015443712473,0.014623477729037404
9778,0.014326069504022598,0.01462890132330358
9779,0.014722758904099464,0.01463270646519959
9780,0.014054141007363796,0.014626001324504614
9781,0.014554211869835854,0.014631709503009915
9782,0.014807494357228279,0.014632917577400803
9783,0.015374869108200073,0.014630715977400541
9784,0.014310966245830059,0.01462856967933476
9785,0.014249008148908615,0.014633092200383543
9786,0.013751087710261345,0.014627301413565875
9787,0.014502082020044327,0.014629634413868189
9788,0.014932094141840935,0.014633001405745744
9789,0.014308832585811615,0.014637496750801803
9790,0.014030041173100471,0.014624227918684483
9791,0.014719884842634201,0.014625982120633126
9792,0.014432978816330433,0.014627282917499542
9793,0.014346477575600147,0.014622035874053836
9794,0.014689331874251366,0.014624940017238259
9795,0.015109224244952202,0.014625366991385818
9796,0.014600689522922039,0.014629381950944662
9797,0.014055214822292328,0.014622220192104579
9798,0.014739944599568844,0.014623767416924238
9799,0.014276791363954544,0.014623083155602217
9800,0.014016367495059967,0.01461641444824636
9801,0.014555803500115871,0.01461785389110446
9802,0.014094245620071888,0.014608935965225101
9803,0.013950907625257969,0.014596526427194476
9804,0.01501945685595274,0.014601474702358246
9805,0.014269635081291199,0.014599124556407333
9806,0.014427459798753262,0.014598534340038896
9807,0.01423587091267109,0.014597568092867733
9808,0.015186725184321404,0.014601712068542837
9809,0.013850909657776356,0.014596656505018473
9810,0.014201384969055653,0.014594344319775701
9811,0.01421215757727623,0.014593091690912843
9812,0.014203791506588459,0.014589066468179226
9813,0.015150408260524273,0.014594735084101558
9814,0.014374522492289543,0.01458872141316533
9815,0.01486111804842949,0.014587357072159648
9816,0.014092180877923965,0.014578284649178385
9817,0.014365051873028278,0.014572721421718598
9818,0.014643424190580845,0.014573428696021438
9819,0.0137872863560915,0.014562210580334068
9820,0.014135703444480896,0.014559509484097361
9821,0.014364106580615044,0.014546244302764536
9822,0.013749715872108936,0.01452757941558957
9823,0.013809222728013992,0.014518945692107082
9824,0.013871395960450172,0.01450859741307795
9825,0.014195496216416359,0.014508435670286417
9826,0.015099197626113892,0.014516341891139746
9827,0.014015892520546913,0.014508995823562146
9828,0.015035136602818966,0.014515671953558922
9829,0.014285286888480186,0.014515850562602281
9830,0.014006543904542923,0.01450991678982973
9831,0.013585294596850872,0.014500861708074807
9832,0.014529822394251823,0.014495573649182915
9833,0.014250285923480988,0.014492111885920167
9834,0.014895270578563213,0.014499485287815332
9835,0.014764237217605114,0.014503917628899217
9836,0.0143191609531641,0.014493268048390746
9837,0.014704140834510326,0.014498630249872803
9838,0.014549857005476952,0.014493092754855752
9839,0.013974295929074287,0.01448284444399178
9840,0.014195961877703667,0.014483068557456135
9841,0.014727500267326832,0.014489279007539152
9842,0.014846893027424812,0.014489388661459088
9843,0.014365550130605698,0.01448163580149412
9844,0.013911621645092964,0.014473896054551006
9845,0.01462677214294672,0.014480791594833136
9846,0.014454010874032974,0.014484755732119083
9847,0.014212142676115036,0.014482766650617122
9848,0.014600330963730812,0.014480635970830918
9849,0.013823635876178741,0.014474880089983344
9850,0.013801833614706993,0.014474425381049514
9851,0.014450558461248875,0.014477309919893742
9852,0.01415054127573967,0.014468627721071244
9853,0.014260848052799702,0.014465082688257098
9854,0.014302979223430157,0.01446183018386364
9855,0.014508525840938091,0.014455462004989386
9856,0.014302907511591911,0.014446291904896498
9857,0.014518311247229576,0.014438569471240044
9858,0.014507117681205273,0.014435932151973247
9859,0.014363856986165047,0.014431433640420438
9860,0.01468552928417921,0.014433394214138388
9861,0.014552577398717403,0.014435919523239136
9862,0.014161227270960808,0.01443292386829853
9863,0.014407968148589134,0.014424419924616814
9864,0.014256997033953667,0.014418416423723102
9865,0.014846949838101864,0.014412693763151765
9866,0.014623207971453667,0.014409138951450587
9867,0.014249106869101524,0.01440000044181943
9868,0.01496412605047226,0.014407509453594685
9869,0.014538757503032684,0.014410358853638172
9870,0.014619802124798298,0.01441294769756496
9871,0.014315064996480942,0.014410522086545825
9872,0.014561504125595093,0.014411442643031479
9873,0.014533637091517448,0.014411620991304518
9874,0.014623764902353287,0.014405945828184486
9875,0.014499426819384098,0.014406815487891435
9876,0.01401479635387659,0.014402694636955857
9877,0.014373887330293655,0.014402931965887546
9878,0.014386842958629131,0.014403539700433612
9879,0.01419626921415329,0.01439827480353415
9880,0.014776798896491528,0.014405501382425428
9881,0.014065045863389969,0.014400609722360968
9882,0.014073681086301804,0.014393271589651703
9883,0.015052055940032005,0.014390043457970023
9884,0.014659395441412926,0.014393527749925852
9885,0.014324893243610859,0.014394286600872875
9886,0.014358513057231903,0.01440036085434258
9887,0.01499275490641594,0.014405267583206295
9888,0.014439472928643227,0.01440034137107432
9889,0.014371960423886776,0.014400972649455071
9890,0.014257139526307583,0.014403243632987141
9891,0.014826470986008644,0.014404309494420887
9892,0.014943810179829597,0.014409417808055878
9893,0.014424886554479599,0.014410201897844673
9894,0.014562031254172325,0.014408928891643882
9895,0.01518324762582779,0.014409669125452638
9896,0.013904042541980743,0.014402702655643225
9897,0.01436685025691986,0.0144058190099895
9898,0.014232893474400043,0.014400748498737813
9899,0.01509677805006504,0.014408948365598917
9900,0.015564669854938984,0.014424431389197707
9901,0.013833785429596901,0.014417211208492518
9902,0.014496074989438057,0.014421229502186179
9903,0.01419331319630146,0.014423653557896614
9904,0.014348644763231277,0.014416945436969399
9905,0.01457531750202179,0.014420002261176705
9906,0.013805960305035114,0.014413787266239524
9907,0.014853740110993385,0.014419965958222748
9908,0.014419810846447945,0.014412296814844011
9909,0.014324590563774109,0.01441703362390399
9910,0.014389574527740479,0.014418915519490838
9911,0.014157548546791077,0.014418369429185986
9912,0.014207465574145317,0.014418406169861555
9913,0.0144659373909235,0.014411561461165547
9914,0.01375526748597622,0.014405368911102414
9915,0.014102661982178688,0.014397784350439907
9916,0.013942189514636993,0.014396284436807037
9917,0.014813696965575218,0.014400770887732506
9918,0.014358576387166977,0.014397922409698368
9919,0.014164453372359276,0.014401694079861044
9920,0.014226024970412254,0.014402597295120358
9921,0.014137111604213715,0.014400327345356345
9922,0.01416296511888504,0.014404459837824107
9923,0.014002397656440735,0.014406391587108373
9924,0.014426004141569138,0.014411937668919564
9925,0.013776919804513454,0.014407751904800535
9926,0.014186196960508823,0.014398621898144483
9927,0.014415541663765907,0.014402618389576674
9928,0.014384746551513672,0.014396114489063621
9929,0.013954060152173042,0.01439280222170055
9930,0.014704765751957893,0.0143997844401747
9931,0.014890317805111408,0.014412834672257305
9932,0.014000806957483292,0.01440754451788962
9933,0.014655387960374355,0.014411595538258553
9934,0.014031657949090004,0.01440295941196382
9935,0.013731352984905243,0.014392630569636822
9936,0.014542972669005394,0.014394868686795235
9937,0.015471713617444038,0.014402544414624572
9938,0.014737052842974663,0.01440441637299955
9939,0.014824450016021729,0.014412917913869023
9940,0.014387866482138634,0.014414836959913373
9941,0.01440558023750782,0.014411617759615183
9942,0.014154871925711632,0.014404697548598052
9943,0.013994795270264149,0.014400989999994635
9944,0.014616889879107475,0.01440804268233478
9945,0.013789382763206959,0.014399668788537384
9946,0.014661943539977074,0.014401748115196823
9947,0.01424265094101429,0.014402053197845816
9948,0.014172380790114403,0.014397773696109652
9949,0.014653930440545082,0.014406076641753316
9950,0.014706586487591267,0.01441512417048216
9951,0.014652809128165245,0.014417146677151322
9952,0.013856928795576096,0.014414210552349687
9953,0.01420408021658659,0.014413642873987555
9954,0.014584879390895367,0.014416461875662208
9955,0.014813678339123726,0.014419513400644063
9956,0.014270800165832043,0.014419192327186465
9957,0.015023122541606426,0.014424240440130234
9958,0.01429116539657116,0.014422080917283893
9959,0.015010256320238113,0.014428544910624624
9960,0.014729434624314308,0.014428983964025975
9961,0.014277493581175804,0.014426233125850558
9962,0.014030746184289455,0.014424928314983845
9963,0.014148091897368431,0.014422329552471637
9964,0.013815120793879032,0.014417910790070891
9965,0.014169801957905293,0.014411139311268925
9966,0.01472426950931549,0.014412149926647544
9967,0.01433970220386982,0.014413055879995227
9968,0.014329938217997551,0.014406714001670479
9969,0.014124076813459396,0.014402567194774746
9970,0.014106471091508865,0.014397433884441853
9971,0.014427818357944489,0.014398561418056488
9972,0.014094468206167221,0.01439389105886221
9973,0.014293475076556206,0.014391489438712596
9974,0.014370729215443134,0.014388959081843495
9975,0.014375535771250725,0.014387720171362162
9976,0.014236364513635635,0.014389935852959753
9977,0.014778179116547108,0.014393978770822286
9978,0.014434995129704475,0.01439446029253304
9979,0.013764280825853348,0.01439014040865004
9980,0.013845926150679588,0.01438083168119192
9981,0.01441914588212967,0.014384372681379319
9982,0.013935677707195282,0.014382992647588253
9983,0.014294901862740517,0.014375421106815339
9984,0.014421493746340275,0.014373042089864611
9985,0.014243983663618565,0.014372232994064689
9986,0.014385232701897621,0.014372500190511346
9987,0.014283104799687862,0.014365403689444065
9988,0.013942715711891651,0.014360436117276549
9989,0.014499852433800697,0.014361715037375688
9990,0.014438902959227562,0.014363532671704888
9991,0.013821713626384735,0.014353485098108649
9992,0.013836968690156937,0.014342416683211923
9993,0.01366562582552433,0.01433482407592237
9994,0.014591533690690994,0.014335119100287556
9995,0.01419657189399004,0.01432525234296918
9996,0.014431953430175781,0.01433053145185113
9997,0.014545883983373642,0.014332321789115667
9998,0.013819511979818344,0.01432818797416985
9999,0.01517593115568161,0.014328979505226016
