step,loss,moving_avg
0,0.4282448887825012,0.4282448887825012
1,0.42454206943511963,0.4263934791088104
2,0.42283403873443604,0.425206998984019
3,0.4202742874622345,0.42397382110357285
4,0.41847938299179077,0.4228749334812164
5,0.41605228185653687,0.42173782487710315
6,0.4143269658088684,0.4206791307244982
7,0.4114827513694763,0.41952958330512047
8,0.4100452661514282,0.41847577028804356
9,0.40690767765045166,0.41731896102428434
10,0.40551796555519104,0.41624614325436676
11,0.4044032096862793,0.4152592321236928
12,0.40199586749076843,0.4142389733057756
13,0.39953917264938354,0.4131889875446047
14,0.3987395763397217,0.4122256934642792
15,0.39722901582717896,0.4112884011119604
16,0.3952866196632385,0.4103471198502709
17,0.39369654655456543,0.4094220880005095
18,0.3920608162879944,0.4085083368577455
19,0.39073747396469116,0.4076197937130928
20,0.3893398344516754,0.4067493194625491
21,0.3890548348426819,0.4059450247071006
22,0.3863556981086731,0.40509331485499506
23,0.38515543937683105,0.4042625700434049
24,0.3837835192680359,0.40344340801239015
25,0.38326627016067505,0.4026673642488626
26,0.3810291886329651,0.4018659503371627
27,0.3803664743900299,0.4010981119104794
28,0.37882721424102783,0.40033014992187765
29,0.37751880288124084,0.3995697716871897
30,0.3759406507015228,0.3988075419779747
31,0.37536007165908813,0.39807480853050947
32,0.37365439534187317,0.3973347960096417
33,0.3724554777145386,0.3966030513539034
34,0.37014830112457275,0.3958472013473511
35,0.3695935606956482,0.39511793355147046
36,0.36795419454574585,0.3943837784432076
37,0.3670933246612549,0.3936656086068404
38,0.3658748269081116,0.39295302446071917
39,0.3643701374530792,0.39223845228552817
40,0.3629056513309479,0.3915230181159043
41,0.3617003560066223,0.39081295473234995
42,0.36126279830932617,0.3901257417922796
43,0.35993725061416626,0.38943963972004975
44,0.3584790825843811,0.3887516273392571
45,0.35785973072052,0.3880800643692846
46,0.35742801427841187,0.38742789309075537
47,0.35552528500556946,0.386763255422314
48,0.3543989360332489,0.3861027591082515
49,0.3527839779853821,0.38543638348579407
50,0.351613849401474,0.38477319654296427
51,0.35141152143478394,0.38413162586780697
52,0.3494408130645752,0.38347708223001015
53,0.35020291805267334,0.3828608940045039
54,0.34779441356658936,0.38222332163290546
55,0.34685248136520386,0.3815916994852679
56,0.345786988735199,0.38096354666509125
57,0.3449662923812866,0.38034290434985324
58,0.34412437677383423,0.37972903100110716
59,0.3424590229988098,0.3791078642010689
60,0.3422818183898926,0.3785041585320332
61,0.34218958020210266,0.3779184395267117
62,0.3408008813858032,0.3773292719371735
63,0.3389323353767395,0.37672931980341673
64,0.3398319184780121,0.3761616674753336
65,0.33722564578056335,0.37557172775268555
66,0.3374147415161133,0.37500222049542326
67,0.33586227893829346,0.37442663311958313
68,0.3349641263484955,0.3738547127315964
69,0.3339504301548004,0.37328465155192786
70,0.3342663049697876,0.3727350973747146
71,0.33283722400665283,0.3721809602446026
72,0.3322616219520569,0.3716341199940198
73,0.3309262990951538,0.3710840143061973
74,0.33059728145599365,0.37054419120152793
75,0.3294106423854828,0.3700029602960536
76,0.3297424614429474,0.3694800966745847
77,0.3277454376220703,0.36894503694314223
78,0.3275623917579651,0.36842120599143113
79,0.32627785205841064,0.36789441406726836
80,0.32623517513275146,0.3673801024754842
81,0.325575053691864,0.36687028480739126
82,0.32391688227653503,0.36635277393352556
83,0.3234042525291443,0.3658414820120448
84,0.32241517305374146,0.3653305842595942
85,0.32209739089012146,0.36482787270878636
86,0.3215412199497223,0.36433032497592355
87,0.32083213329315186,0.3638360273431648
88,0.32045650482177734,0.36334861697775594
89,0.3177594244480133,0.3628420703940921
90,0.3183233141899109,0.3623528532929473
91,0.31732040643692017,0.361863370174947
92,0.3165246844291687,0.3613758574249924
93,0.31651732325553894,0.3608986389763812
94,0.31491518020629883,0.36041460256827507
95,0.3143432140350342,0.3599346922710538
96,0.31408703327178955,0.35946203599271087
97,0.31356167793273926,0.3589936649920989
98,0.31306543946266174,0.3585297435221046
99,0.31208816170692444,0.3580653277039528
100,0.31149351596832275,0.356897813975811
101,0.31065890192985535,0.35575898230075836
102,0.30921298265457153,0.3546227717399597
103,0.3092309832572937,0.3535123386979103
104,0.30783915519714355,0.3524059364199638
105,0.30735868215560913,0.35131900042295455
106,0.3069709837436676,0.35024544060230256
107,0.3060501217842102,0.3491911143064499
108,0.305867463350296,0.3481493362784386
109,0.3038925528526306,0.34711918503046035
110,0.30351874232292175,0.34609919279813767
111,0.3027997612953186,0.34508315831422803
112,0.3024214804172516,0.3440874144434929
113,0.3018484115600586,0.34311050683259964
114,0.3011382222175598,0.342134493291378
115,0.30007821321487427,0.34116298526525496
116,0.2997642755508423,0.34020776182413104
117,0.2983391582965851,0.3392541879415512
118,0.29807794094085693,0.33831435918807984
119,0.2967473864555359,0.3373744583129883
120,0.29583418369293213,0.33643940180540083
121,0.2953706383705139,0.33550255984067917
122,0.2933658957481384,0.33457266181707385
123,0.2937620282173157,0.33365872770547866
124,0.29275453090667725,0.3327484378218651
125,0.29098835587501526,0.3318256586790085
126,0.29092341661453247,0.33092460095882414
127,0.2891516089439392,0.33001245230436327
128,0.28836432099342346,0.3291078233718872
129,0.2873506546020508,0.3282061418890953
130,0.28625231981277466,0.3273092585802078
131,0.28584975004196167,0.32641415536403656
132,0.28484851121902466,0.32552609652280806
133,0.2846097946166992,0.3246476396918297
134,0.28325825929641724,0.3237787392735481
135,0.2829088866710663,0.3229118925333023
136,0.28290992975234985,0.32206144988536833
137,0.281810462474823,0.321208621263504
138,0.28213661909103394,0.3203712391853333
139,0.2814520597457886,0.31954205840826033
140,0.28183263540267944,0.31873132824897765
141,0.2813977599143982,0.3179283022880554
142,0.28132322430610657,0.3171289065480232
143,0.2812456488609314,0.3163419905304909
144,0.2812421917915344,0.3155696216225624
145,0.2811851501464844,0.31480287581682204
146,0.281202495098114,0.3140406206250191
147,0.28112414479255676,0.31329660922288893
148,0.28123733401298523,0.3125649932026863
149,0.28110969066619873,0.3118482503294945
150,0.28133708238601685,0.3111454826593399
151,0.2807847261428833,0.3104392147064209
152,0.28071969747543335,0.30975200355052945
153,0.28100883960723877,0.3090600627660751
154,0.2810354232788086,0.3083924728631973
155,0.28067517280578613,0.30773069977760314
156,0.280699759721756,0.3070798274874687
157,0.28084516525268555,0.30643861621618274
158,0.28070977330207825,0.30580447018146517
159,0.28065741062164307,0.30518645405769346
160,0.2805705666542053,0.3045693415403366
161,0.2805697023868561,0.30395314276218416
162,0.28094130754470825,0.3033545470237732
163,0.28037551045417786,0.30276897877454756
164,0.28020188212394714,0.3021726784110069
165,0.2803850769996643,0.30160427272319795
166,0.2803117036819458,0.3010332423448563
167,0.28045380115509033,0.30047915756702426
168,0.2803024649620056,0.29993254095315935
169,0.280383825302124,0.29939687490463257
170,0.28045180439949036,0.2988587298989296
171,0.2798961102962494,0.29832931876182556
172,0.28029772639274597,0.29780967980623246
173,0.2796629071235657,0.29729704588651656
174,0.27993571758270264,0.2967904302477837
175,0.27970728278160095,0.29629339665174487
176,0.2796178162097931,0.2957921501994133
177,0.27987486124038696,0.2953134444355965
178,0.27976512908935547,0.29483547180891034
179,0.27990037202835083,0.29437169700860977
180,0.2797848880290985,0.29390719413757327
181,0.27948468923568726,0.29344629049301146
182,0.2794113755226135,0.29300123542547224
183,0.2793505787849426,0.29256069868803025
184,0.2795209288597107,0.29213175624608995
185,0.27935487031936646,0.2917043310403824
186,0.2790752947330475,0.2912796717882156
187,0.2790273427963257,0.2908616238832474
188,0.27911442518234253,0.29044820308685304
189,0.2791358530521393,0.2900619673728943
190,0.27932772040367126,0.2896720114350319
191,0.27919715642929077,0.2892907789349556
192,0.27901095151901245,0.28891564160585403
193,0.2788381278514862,0.28853884965181353
194,0.27918535470962524,0.28818155139684676
195,0.2788376808166504,0.28782649606466293
196,0.278913676738739,0.2874747624993324
197,0.2786729335784912,0.28712587505578996
198,0.2784872353076935,0.2867800930142403
199,0.27856653928756714,0.2864448767900467
200,0.2786295413970947,0.2861162370443344
201,0.27880144119262695,0.28579766243696214
202,0.2784922122955322,0.28549045473337176
203,0.2785697877407074,0.28518384277820585
204,0.27829623222351074,0.28488841354846955
205,0.2782962918281555,0.284597789645195
206,0.27850261330604553,0.28431310594081877
207,0.2781221866607666,0.28403382658958437
208,0.27812090516090393,0.2837563610076904
209,0.27810344099998474,0.283498469889164
210,0.27809619903564453,0.2832442444562912
211,0.27786216139793396,0.28299486845731736
212,0.2780216336250305,0.28275086998939514
213,0.27795010805130005,0.28251188695430757
214,0.27799302339553833,0.28228043496608735
215,0.27791810035705566,0.2820588338375092
216,0.27766358852386475,0.28183782696723936
217,0.27772068977355957,0.2816316422820091
218,0.2778901755809784,0.28142976462841035
219,0.2777949571609497,0.28124024033546446
220,0.27773669362068176,0.28105926543474197
221,0.27760469913482666,0.2808816060423851
222,0.2774044871330261,0.280721991956234
223,0.27779585123062134,0.28056233018636706
224,0.27736896276474,0.28040847450494766
225,0.2773512005805969,0.2802721029520035
226,0.2773503065109253,0.2801363718509674
227,0.2776104807853699,0.2800209605693817
228,0.27710673213005066,0.27990838468074797
229,0.2770504951477051,0.2798053830862045
230,0.27766478061676025,0.27971950769424436
231,0.27724316716194153,0.2796334418654442
232,0.27695465087890625,0.279554503262043
233,0.27762913703918457,0.27948469668626785
234,0.27713000774383545,0.279423414170742
235,0.2775347828865051,0.2793696731328964
236,0.2766736149787903,0.27930730998516085
237,0.27692800760269165,0.2792584854364395
238,0.27709513902664185,0.2792080706357956
239,0.276971697807312,0.2791632670164108
240,0.2768518924713135,0.27911345958709716
241,0.27669185400009155,0.2790664005279541
242,0.27647915482521057,0.27901795983314515
243,0.27661776542663574,0.2789716809988022
244,0.27652591466903687,0.2789245182275772
245,0.27662521600723267,0.2788789188861847
246,0.2766333222389221,0.2788332271575928
247,0.2766123414039612,0.27878810912370683
248,0.27648091316223145,0.2787405449151993
249,0.2766094207763672,0.27869554221630094
250,0.27665236592292786,0.27864869505167006
251,0.27686378359794617,0.2786094856262207
252,0.27659493684768677,0.27856823801994324
253,0.2767334282398224,0.2785254839062691
254,0.27615609765052795,0.27847669064998626
255,0.27662035822868347,0.2784361425042152
256,0.27662092447280884,0.2783953541517258
257,0.2765328884124756,0.27835223138332366
258,0.27614474296569824,0.27830658107995987
259,0.2764427661895752,0.2782644346356392
260,0.27626124024391174,0.27822134137153626
261,0.27647191286087036,0.2781803634762764
262,0.27596622705459595,0.2781306126713753
263,0.2763243317604065,0.2780901008844376
264,0.2762066721916199,0.2780501487851143
265,0.27613365650177,0.27800763458013533
266,0.2762089967727661,0.2779666075110436
267,0.2760547399520874,0.27792261689901354
268,0.27588146924972534,0.2778784069418907
269,0.27571600675582886,0.27783172875642775
270,0.27605393528938293,0.2777877500653267
271,0.2759716510772705,0.2777485054731369
272,0.275851309299469,0.2777040413022041
273,0.27590352296829224,0.2776664474606514
274,0.27602648735046387,0.27762735515832904
275,0.27580323815345764,0.2775883147120476
276,0.27589941024780273,0.27755113065242765
277,0.2759912312030792,0.2775122943520546
278,0.2760356068611145,0.2774749991297722
279,0.2755740284919739,0.27743173569440843
280,0.2759056091308594,0.27739294290542604
281,0.2755568027496338,0.2773536640405655
282,0.2758943438529968,0.2773184937238693
283,0.2756485044956207,0.2772814729809761
284,0.2755652368068695,0.2772419160604477
285,0.27548539638519287,0.277203221321106
286,0.27556368708610535,0.27716810524463653
287,0.2756616771221161,0.27713444858789443
288,0.27535146474838257,0.2770968189835548
289,0.2755505442619324,0.27706096589565277
290,0.2754197120666504,0.27702188581228254
291,0.2755155563354492,0.27698506981134413
292,0.2752413749694824,0.27694737404584885
293,0.27568191289901733,0.27691581189632414
294,0.2754042148590088,0.27687800049781797
295,0.2754092216491699,0.2768437159061432
296,0.27516618371009827,0.27680624097585677
297,0.27546757459640503,0.27677418738603593
298,0.27524110674858093,0.2767417261004448
299,0.27551162242889404,0.27671117693185804
300,0.2748076915740967,0.2766729584336281
301,0.27524787187576294,0.27663742274045944
302,0.27557408809661865,0.2766082414984703
303,0.2754146158695221,0.27657668977975847
304,0.27520474791526794,0.27654577493667604
305,0.27490612864494324,0.2765118733048439
306,0.27472811937332153,0.27647412836551666
307,0.27486684918403625,0.27644157499074934
308,0.27506786584854126,0.2764110445976257
309,0.27496984601020813,0.276379708647728
310,0.2746014893054962,0.2763447615504265
311,0.27497804164886475,0.2763159203529358
312,0.2749940752983093,0.2762856447696686
313,0.2751452326774597,0.2762575960159302
314,0.2750374674797058,0.27622804045677185
315,0.2751670479774475,0.2762005299329758
316,0.2749585211277008,0.27617347925901414
317,0.27470022439956665,0.2761432746052742
318,0.2749275267124176,0.2761136481165886
319,0.2750273048877716,0.27608597159385684
320,0.2748451232910156,0.2760570558905602
321,0.27480730414390564,0.27602908194065096
322,0.2748756408691406,0.27600379347801207
323,0.2750172019004822,0.2759760069847107
324,0.2745206654071808,0.2759475240111351
325,0.274536669254303,0.27591937869787214
326,0.27482789754867554,0.2758941546082497
327,0.2746475338935852,0.2758645251393318
328,0.27483201026916504,0.27584177792072295
329,0.27478569746017456,0.27581912994384766
330,0.27469074726104736,0.27578938961029054
331,0.27489733695983887,0.2757659313082695
332,0.27445659041404724,0.2757409507036209
333,0.27457618713378906,0.27571042120456696
334,0.2744637131690979,0.2756837582588196
335,0.2747679352760315,0.27565608978271483
336,0.2745387554168701,0.27563474118709563
337,0.2747806906700134,0.27561326801776886
338,0.27480584383010864,0.27559037506580353
339,0.2743915319442749,0.27556457340717316
340,0.2746139168739319,0.27554219365119936
341,0.27440211176872253,0.27551929622888566
342,0.27428925037384033,0.27549739718437194
343,0.274763286113739,0.275478852391243
344,0.2742716073989868,0.2754563093185425
345,0.2743655741214752,0.2754337128996849
346,0.27449271082878113,0.2754123067855835
347,0.2744373381137848,0.27539055675268176
348,0.27397632598876953,0.27536551088094713
349,0.2743459641933441,0.2753428763151169
350,0.2740539312362671,0.27531689196825027
351,0.27444368600845337,0.27529269099235537
352,0.27440738677978516,0.2752708154916763
353,0.27404993772506714,0.27524398058652877
354,0.2742566168308258,0.27522498577833177
355,0.27415919303894043,0.27520037412643433
356,0.2741187512874603,0.27517535239458085
357,0.2743300795555115,0.2751533243060112
358,0.2741320729255676,0.2751331976056099
359,0.27382683753967285,0.2751070383191109
360,0.2743155360221863,0.2750875812768936
361,0.2742060422897339,0.27506492257118226
362,0.2739627957344055,0.27504488825798035
363,0.27394771575927734,0.27502112209796903
364,0.2738601565361023,0.27499765694141387
365,0.2740122079849243,0.2749764424562454
366,0.2743101119995117,0.27495745360851287
367,0.27374792098999023,0.2749343854188919
368,0.2740589380264282,0.2749161601066589
369,0.2739213705062866,0.2748982137441635
370,0.2741035521030426,0.2748787099123001
371,0.27395957708358765,0.2748585891723633
372,0.2737284302711487,0.27483736038208006
373,0.27391040325164795,0.27481742918491364
374,0.2741720676422119,0.2747988849878311
375,0.2738003730773926,0.27477885633707044
376,0.27392005920410156,0.2747590628266334
377,0.2737971544265747,0.2747371220588684
378,0.27413100004196167,0.2747180759906769
379,0.2736944854259491,0.27469928056001663
380,0.2737637758255005,0.27467786222696305
381,0.2738496661186218,0.2746607908606529
382,0.27412205934524536,0.2746430680155754
383,0.2737695276737213,0.2746242782473564
384,0.2735023498535156,0.2746036493778229
385,0.2737424969673157,0.2745862203836441
386,0.27395325899124146,0.27457011610269544
387,0.27368706464767456,0.27455036997795107
388,0.27354633808135986,0.2745323187112808
389,0.2737463116645813,0.2745142763853073
390,0.2737056016921997,0.27449713528156283
391,0.2736026644706726,0.27447800636291503
392,0.27358800172805786,0.2744614726305008
393,0.2733834385871887,0.2744384878873825
394,0.27388709783554077,0.2744233167171478
395,0.2735369801521301,0.27440459430217745
396,0.27380508184432983,0.27439098328351974
397,0.273595929145813,0.27437226682901383
398,0.2737882435321808,0.27435773819684983
399,0.27373600006103516,0.2743399819731712
400,0.27352696657180786,0.2743271747231483
401,0.2736811935901642,0.27431150794029235
402,0.273598313331604,0.27429175019264224
403,0.27354100346565247,0.2742730140686035
404,0.2736358940601349,0.27425732553005217
405,0.2731117606163025,0.27423938184976576
406,0.2737780213356018,0.2742298808693886
407,0.2734798192977905,0.27421601057052614
408,0.2736045718193054,0.2742013776302338
409,0.27345991134643555,0.27418627828359604
410,0.2734066843986511,0.2741743302345276
411,0.2734984755516052,0.274159534573555
412,0.27344077825546265,0.2741440016031265
413,0.2734108567237854,0.2741266578435898
414,0.27360135316848755,0.2741122967004776
415,0.2735762298107147,0.2740963885188103
416,0.27333563566207886,0.27408015966415405
417,0.2733744978904724,0.2740669023990631
418,0.2731980085372925,0.27404960721731186
419,0.27333807945251465,0.2740327149629593
420,0.2731720209121704,0.2740159839391708
421,0.273652583360672,0.2740044367313385
422,0.2734699249267578,0.2739903795719147
423,0.2733703851699829,0.2739739114046097
424,0.27335125207901,0.27396221727132797
425,0.27331939339637756,0.27395004451274874
426,0.2735160291194916,0.27393692582845686
427,0.27341875433921814,0.2739246380329132
428,0.27348592877388,0.2739111772179604
429,0.2729068398475647,0.27389238864183424
430,0.27311378717422485,0.27387661904096605
431,0.2732478380203247,0.2738601240515709
432,0.27318549156188965,0.2738474130630493
433,0.27307912707328796,0.2738324424624443
434,0.27328938245773315,0.27382069915533064
435,0.27325236797332764,0.2738055434823036
436,0.2733832597732544,0.27379398852586745
437,0.27323105931282043,0.27377849221229555
438,0.27302122116088867,0.27376064598560335
439,0.2731925845146179,0.27374865651130675
440,0.2729768455028534,0.27373228579759595
441,0.27317118644714355,0.2737199765443802
442,0.2729998230934143,0.2737070822715759
443,0.2731943726539612,0.27369139313697816
444,0.27296075224876404,0.27367828458547594
445,0.2731313109397888,0.27366594195365906
446,0.2729266881942749,0.273650281727314
447,0.27336442470550537,0.2736395525932312
448,0.2728823721408844,0.27362861305475233
449,0.2733125686645508,0.2736182790994644
450,0.27297520637512207,0.273607491850853
451,0.27311259508132935,0.2735941809415817
452,0.2732045352458954,0.27358215242624284
453,0.2729107141494751,0.27357076019048693
454,0.27323752641677856,0.2735605692863464
455,0.2732163071632385,0.27355114042758943
456,0.27302488684654236,0.2735402017831802
457,0.2732537090778351,0.27352943807840346
458,0.2728949785232544,0.27351706713438034
459,0.2728891372680664,0.27350769013166426
460,0.2729276418685913,0.27349381119012833
461,0.27279624342918396,0.2734797132015228
462,0.27302512526512146,0.27347033649683
463,0.2729182243347168,0.27346004158258436
464,0.2728424668312073,0.27344986468553545
465,0.27288204431533813,0.27343856304883957
466,0.27295687794685364,0.273425030708313
467,0.27330833673477173,0.2734206348657608
468,0.2728818356990814,0.27340886384248736
469,0.27277475595474243,0.2733973976969719
470,0.2726920247077942,0.2733832824230194
471,0.2729524075984955,0.2733732107281685
472,0.2728807330131531,0.2733647337555885
473,0.2728257179260254,0.2733538869023323
474,0.272527813911438,0.27333744436502455
475,0.2730877101421356,0.273330317735672
476,0.2728739380836487,0.27331985652446744
477,0.2727283239364624,0.27330916821956636
478,0.27290064096450806,0.2732968646287918
479,0.27267855405807495,0.27328670531511307
480,0.27281177043914795,0.27327718526124956
481,0.2728116810321808,0.2732668054103851
482,0.27268460392951965,0.27325243085622786
483,0.27260878682136536,0.27324082344770434
484,0.27287954092025757,0.27323459535837175
485,0.27276748418807983,0.2732248452305794
486,0.27266305685043335,0.2732119432091713
487,0.2725883722305298,0.27320095628499985
488,0.2728482186794281,0.27319397509098053
489,0.272844523191452,0.27318495720624925
490,0.2728225588798523,0.27317612677812575
491,0.27261054515838623,0.2731662055850029
492,0.2725939154624939,0.2731562647223473
493,0.2725914716720581,0.27314834505319596
494,0.27287888526916504,0.2731382629275322
495,0.272615522146225,0.27312904834747315
496,0.27256518602371216,0.27311664938926694
497,0.2727239727973938,0.2731079298257828
498,0.27270686626434326,0.2730971160531044
499,0.2724165618419647,0.2730839216709137
500,0.2725589871406555,0.2730742418766022
501,0.2727513313293457,0.273064943253994
502,0.2722991406917572,0.27305195152759554
503,0.27260881662368774,0.27304262965917586
504,0.27269530296325684,0.2730332237482071
505,0.2727054953575134,0.2730291610956192
506,0.272472083568573,0.27301610171794893
507,0.27246707677841187,0.27300597429275514
508,0.2724941670894623,0.2729948702454567
509,0.27255240082740784,0.27298579514026644
510,0.2727743983268738,0.27297947227954866
511,0.2727375030517578,0.2729718625545502
512,0.27271366119384766,0.27296459138393403
513,0.2725370526313782,0.2729558533430099
514,0.27263879776000977,0.2729462277889252
515,0.272286057472229,0.2729333260655403
516,0.2725261449813843,0.27292523115873335
517,0.27248698472976685,0.27291635602712633
518,0.27229589223861694,0.27290733486413954
519,0.27262139320373535,0.2729001680016518
520,0.27228811383247375,0.27289132893085477
521,0.27259278297424316,0.2728807309269905
522,0.27255454659461975,0.2728715771436691
523,0.2722495198249817,0.2728603684902191
524,0.2725186049938202,0.2728520420193672
525,0.27235326170921326,0.27284238070249556
526,0.2726705074310303,0.272833925485611
527,0.2725001275539398,0.2728247392177582
528,0.27250924706459045,0.27281497240066527
529,0.2723672389984131,0.2728095763921738
530,0.2724694609642029,0.27280313313007354
531,0.27236679196357727,0.2727943226695061
532,0.2723371982574463,0.27278583973646164
533,0.2723372280597687,0.27277842074632647
534,0.27216312289237976,0.27276715815067293
535,0.2723467946052551,0.27275810241699217
536,0.2722146511077881,0.2727464163303375
537,0.2722557783126831,0.27273666352033615
538,0.27236032485961914,0.27273005455732346
539,0.2723912298679352,0.2727220410108566
540,0.2721637189388275,0.27271390974521637
541,0.2725253403186798,0.27270745128393176
542,0.27230286598205566,0.27270048171281813
543,0.2723985016345978,0.27269252300262453
544,0.27227213978767395,0.2726856368780136
545,0.27273130416870117,0.2726816368103027
546,0.272253155708313,0.2726749014854431
547,0.27210795879364014,0.27266233682632446
548,0.27253472805023193,0.2726588603854179
549,0.27225759625434875,0.2726483106613159
550,0.27209264039993286,0.27263948500156404
551,0.272216260433197,0.2726305216550827
552,0.27228477597236633,0.2726213240623474
553,0.27222439646720886,0.27261446088552477
554,0.27214789390563965,0.27260356456041335
555,0.272413969039917,0.27259554117918017
556,0.27238234877586365,0.27258911579847334
557,0.27220770716667175,0.27257865577936174
558,0.2720832824707031,0.2725705388188362
559,0.2718427777290344,0.2725600752234459
560,0.27201607823371887,0.2725509595870972
561,0.2719349265098572,0.2725423464179039
562,0.27202966809272766,0.27253239184617994
563,0.27229851484298706,0.27252619475126266
564,0.2723866105079651,0.27252163618803027
565,0.27211397886276245,0.2725139555335045
566,0.27219587564468384,0.2725063455104828
567,0.2721078097820282,0.27249434024095537
568,0.2719559371471405,0.27248508125543597
569,0.27193063497543335,0.27247664004564287
570,0.2719511389732361,0.27246923118829725
571,0.2720978260040283,0.2724606853723526
572,0.2721983790397644,0.2724538618326187
573,0.272161602973938,0.27244722068309785
574,0.2718663513660431,0.27244060605764386
575,0.2722691297531128,0.27243242025375364
576,0.2721390128135681,0.27242507100105284
577,0.2721434235572815,0.27241922199726104
578,0.27245813608169556,0.2724147969484329
579,0.2720887064933777,0.27240889847278593
580,0.2721916437149048,0.2724026972055435
581,0.27201274037361145,0.2723947077989578
582,0.2719583213329315,0.27238744497299194
583,0.2721174955368042,0.27238253206014634
584,0.2717892527580261,0.27237162917852403
585,0.27182626724243164,0.27236221700906754
586,0.2717471122741699,0.2723530575633049
587,0.27200374007225037,0.2723472112417221
588,0.27166515588760376,0.27233538061380386
589,0.2720298171043396,0.27232723355293276
590,0.2721431851387024,0.27232043981552123
591,0.2717318534851074,0.27231165289878845
592,0.27194851636886597,0.27230519890785215
593,0.2721053659915924,0.2723003378510475
594,0.27173691987991333,0.272288918197155
595,0.27194744348526,0.27228223741054536
596,0.27200448513031006,0.2722766304016113
597,0.2721345126628876,0.2722707358002663
598,0.2718003988265991,0.27226167112588884
599,0.27190470695495605,0.27225655257701875
600,0.2722007930278778,0.27225297063589093
601,0.27184557914733887,0.27224391311407087
602,0.2719379663467407,0.2722403013706207
603,0.2716239392757416,0.2722304525971413
604,0.27182677388191223,0.2722217673063278
605,0.2718179225921631,0.27221289157867434
606,0.2719029188156128,0.2722071999311447
607,0.27180659770965576,0.27220059514045714
608,0.27177444100379944,0.2721933978796005
609,0.27177807688713074,0.2721856546401977
610,0.27165257930755615,0.27217443645000455
611,0.2720402181148529,0.27216746360063554
612,0.2716919779777527,0.2721572467684746
613,0.27139967679977417,0.2721458730101585
614,0.27176785469055176,0.27213716357946394
615,0.2717544436454773,0.27213184744119645
616,0.2720074951648712,0.2721266609430313
617,0.27186068892478943,0.27212039798498155
618,0.27186399698257446,0.27211607903242113
619,0.2717840075492859,0.2721077051758766
620,0.27201634645462036,0.2721049875020981
621,0.27161696553230286,0.27209522932767866
622,0.2717832326889038,0.27208751618862154
623,0.2717660069465637,0.27208268105983735
624,0.27178114652633667,0.2720753064751625
625,0.27196022868156433,0.272071376144886
626,0.2717084288597107,0.2720617553591728
627,0.2717556953430176,0.2720543110370636
628,0.2718782424926758,0.27204800099134446
629,0.27171266078948975,0.2720414552092552
630,0.27150875329971313,0.27203184813261033
631,0.2718964219093323,0.2720271444320679
632,0.2718246877193451,0.27202201932668685
633,0.27179235219955444,0.2720165705680847
634,0.2718609571456909,0.27201354891061785
635,0.2715330421924591,0.27200541138648987
636,0.27170097827911377,0.27200027465820314
637,0.2717251777648926,0.2719949686527252
638,0.2716101408004761,0.2719874668121338
639,0.27156078815460205,0.2719791623950005
640,0.27178481221199036,0.2719753733277321
641,0.2716643512248993,0.27196676343679427
642,0.2716962695121765,0.2719606974720955
643,0.271531343460083,0.27195202589035034
644,0.2715342342853546,0.27194464683532715
645,0.271480917930603,0.27193214297294616
646,0.27176299691200256,0.2719272413849831
647,0.27153414487838745,0.27192150324583053
648,0.27182552218437195,0.2719144111871719
649,0.2716871500015259,0.27190870672464373
650,0.271451860666275,0.2719022989273071
651,0.27146264910697937,0.27189476281404495
652,0.27137550711631775,0.2718856701254845
653,0.2714986801147461,0.27187841296195986
654,0.27157139778137207,0.27187264800071714
655,0.2718859016895294,0.2718673673272133
656,0.27155739068984985,0.27185911774635313
657,0.27159422636032104,0.27185298293828963
658,0.27132105827331543,0.27184536069631576
659,0.2714497447013855,0.27184143036603925
660,0.2715931534767151,0.27183720111846926
661,0.2714439034461975,0.2718322908878326
662,0.27156388759613037,0.27182763308286667
663,0.2715187668800354,0.27181983560323714
664,0.27135175466537476,0.2718094870448112
665,0.2715402841567993,0.2718037500977516
666,0.2714187204837799,0.27179597854614257
667,0.2713722586631775,0.27178862303495405
668,0.27163299918174744,0.27178539365530013
669,0.2715102434158325,0.2717811897397041
670,0.2715681493282318,0.2717773598432541
671,0.27160030603408813,0.2717723846435547
672,0.2713299095630646,0.2717636999487877
673,0.27163127064704895,0.2717583966255188
674,0.27126485109329224,0.2717523816227913
675,0.2713850140571594,0.27174354046583177
676,0.27120333909988403,0.2717341837286949
677,0.2714490592479706,0.2717272400856018
678,0.27149897813796997,0.27171764850616453
679,0.2714362144470215,0.271711123585701
680,0.2716866731643677,0.27170607388019563
681,0.27143603563308716,0.2717003068327904
682,0.2714163064956665,0.2716948866844177
683,0.27148234844207764,0.2716885352134705
684,0.2715250849723816,0.271685893535614
685,0.2713146209716797,0.2716807770729065
686,0.27140963077545166,0.2716774022579193
687,0.2713640034198761,0.27167100489139556
688,0.27137356996536255,0.27166808903217315
689,0.2714378237724304,0.27166216909885404
690,0.27158495783805847,0.27165658682584765
691,0.2712724506855011,0.27165199279785157
692,0.27150970697402954,0.2716476047039032
693,0.27139008045196533,0.27164045184850694
694,0.271382212638855,0.27163690477609637
695,0.2713366150856018,0.27163079649209976
696,0.27150899171829224,0.2716258415579796
697,0.2714086174964905,0.2716185826063156
698,0.27132266759872437,0.2716138052940369
699,0.2713332772254944,0.27160809099674227
700,0.27137207984924316,0.2715998038649559
701,0.27137625217437744,0.2715951105952263
702,0.27147042751312256,0.2715904352068901
703,0.2712130546569824,0.2715863263607025
704,0.2712298333644867,0.27158035695552823
705,0.27108460664749146,0.27157302379608156
706,0.2712125778198242,0.27156612038612366
707,0.2711559534072876,0.27155961394309996
708,0.27145278453826904,0.27155639737844467
709,0.2712671756744385,0.27155128836631776
710,0.271232008934021,0.2715470826625824
711,0.2713458240032196,0.27154013872146604
712,0.2710680663585663,0.2715338996052742
713,0.2710231840610504,0.27153013467788695
714,0.27087482810020447,0.27152120441198346
715,0.27113646268844604,0.27151502460241317
716,0.2711659073829651,0.2715066087245941
717,0.27107882499694824,0.2714987900853157
718,0.27115997672080994,0.2714917498826981
719,0.27145081758499146,0.2714884179830551
720,0.2713533043861389,0.2714817875623703
721,0.27106648683547974,0.2714762827754021
722,0.27107566595077515,0.2714692071080208
723,0.27116477489471436,0.2714631947875023
724,0.27127644419670105,0.27145814776420596
725,0.2713907063007355,0.2714524525403976
726,0.2711758613586426,0.27144712686538697
727,0.2711148262023926,0.2714407181739807
728,0.27114754915237427,0.2714334112405777
729,0.2711678147315979,0.27142796277999875
730,0.271004855632782,0.27142292380332944
731,0.27101483941078186,0.271414107978344
732,0.27093568444252014,0.2714052179455757
733,0.2710176110267639,0.27139747053384783
734,0.2712298035621643,0.2713911589980125
735,0.27108699083328247,0.27138669848442076
736,0.2709887623786926,0.27137957632541654
737,0.27126556634902954,0.27137498021125794
738,0.27108046412467957,0.27136968344449997
739,0.2713114619255066,0.271367190182209
740,0.27126747369766235,0.27136201679706573
741,0.27109867334365845,0.2713563600182533
742,0.27112674713134766,0.27135066479444503
743,0.2712525427341461,0.2713478767871857
744,0.2711794674396515,0.27134432911872863
745,0.27119505405426025,0.2713414704799652
746,0.2710866928100586,0.2713347074389458
747,0.27108490467071533,0.27133021503686905
748,0.27111566066741943,0.27132311642169954
749,0.2711981534957886,0.27131822645664216
750,0.27093032002449036,0.2713130110502243
751,0.27110207080841064,0.2713094052672386
752,0.27122050523757935,0.27130785524845125
753,0.2708444595336914,0.2713013130426407
754,0.2709175646305084,0.27129477471113206
755,0.2710380554199219,0.271286296248436
756,0.27102506160736084,0.2712809729576111
757,0.27082645893096924,0.27127329528331756
758,0.2713017165660858,0.27127310186624526
759,0.2708507478237152,0.27126711189746855
760,0.27093279361724854,0.2712605082988739
761,0.2710344195365906,0.27125641345977786
762,0.2707998752593994,0.2712487733364105
763,0.27084553241729736,0.2712420409917831
764,0.27098578214645386,0.27123838126659394
765,0.27078670263290405,0.271230845451355
766,0.2709425687789917,0.2712260839343071
767,0.2710459232330322,0.27122282058000563
768,0.27076882123947144,0.2712141788005829
769,0.2708470821380615,0.27120754718780515
770,0.2708894610404968,0.27120076030492785
771,0.2708083391189575,0.27119284063577653
772,0.27074134349823,0.2711869549751282
773,0.27112647891044617,0.27118190705776213
774,0.27095216512680054,0.2711787801980972
775,0.27100589871406555,0.2711749890446663
776,0.2708118259906769,0.2711710739135742
777,0.2709401547908783,0.2711659848690033
778,0.27107900381088257,0.2711617851257324
779,0.27086472511291504,0.27115607023239136
780,0.27098381519317627,0.27114904165267945
781,0.27082979679107666,0.27114297926425934
782,0.270956426858902,0.2711383804678917
783,0.27086400985717773,0.27113219708204267
784,0.27090418338775635,0.2711259880661964
785,0.2709583044052124,0.2711224249005318
786,0.27087098360061646,0.27111703842878343
787,0.2708398997783661,0.2711117973923683
788,0.2706955075263977,0.27110501676797866
789,0.27097129821777344,0.2711003515124321
790,0.27083146572113037,0.27109281659126283
791,0.27091184258461,0.2710892105102539
792,0.27085548639297485,0.2710826683044434
793,0.27096351981163025,0.27107840269804
794,0.27075421810150146,0.27107212275266646
795,0.2705603837966919,0.2710643604397774
796,0.27068132162094116,0.27105608373880385
797,0.27097398042678833,0.27105173736810684
798,0.2705933451652527,0.2710444441437721
799,0.27077773213386536,0.27103888869285586
800,0.2710251808166504,0.2710354197025299
801,0.2708683907985687,0.27103034108877183
802,0.27054381370544434,0.27102107495069505
803,0.270807147026062,0.2710170158743858
804,0.27058231830596924,0.27101054072380065
805,0.27082201838493347,0.2710079148411751
806,0.2705564498901367,0.2710013535618782
807,0.2708509564399719,0.27099830359220506
808,0.27073776721954346,0.2709911534190178
809,0.27097976207733154,0.2709882792830467
810,0.2706623375415802,0.27098258256912233
811,0.2708485722541809,0.2709776100516319
812,0.27050530910491943,0.2709719824790955
813,0.2708834409713745,0.2709705850481987
814,0.27061226963996887,0.27096795946359636
815,0.27068978548049927,0.27096349269151687
816,0.2708028554916382,0.2709598621726036
817,0.27055618166923523,0.2709546357393265
818,0.27067941427230835,0.2709498301148415
819,0.2704959511756897,0.27094028145074844
820,0.27045583724975586,0.2709313067793846
821,0.27058079838752747,0.2709264498949051
822,0.27076444029808044,0.27092333763837817
823,0.27044761180877686,0.2709161660075188
824,0.2707820534706116,0.27091122210025786
825,0.2706773281097412,0.27090408831834795
826,0.2704946994781494,0.270897276699543
827,0.2703971266746521,0.2708900997042656
828,0.27067652344703674,0.27088538944721224
829,0.2704363465309143,0.27087807476520537
830,0.27051976323127747,0.27087322384119034
831,0.2705109715461731,0.27086818516254424
832,0.27055495977401733,0.2708643779158592
833,0.2705686688423157,0.27085988849401477
834,0.2704089879989624,0.2708516803383827
835,0.2704741358757019,0.2708455517888069
836,0.2707277834415436,0.2708429419994354
837,0.2704427242279053,0.2708347135782242
838,0.2705163359642029,0.2708290722966194
839,0.2707054615020752,0.2708230122923851
840,0.27052587270736694,0.27081559628248214
841,0.27061569690704346,0.270810766518116
842,0.2706488370895386,0.2708059874176979
843,0.2705966830253601,0.27079942882061003
844,0.27067849040031433,0.2707944190502167
845,0.2706279754638672,0.27078874826431276
846,0.2705646753311157,0.27078352808952333
847,0.270638644695282,0.270779065489769
848,0.27042776346206665,0.27077218651771545
849,0.27063387632369995,0.27076654374599457
850,0.2703237533569336,0.270760478079319
851,0.27031630277633667,0.2707526203989983
852,0.27056583762168884,0.2707460737228394
853,0.2705864906311035,0.2707434940338135
854,0.2704859972000122,0.2707391783595085
855,0.2703559994697571,0.2707323578000069
856,0.27034229040145874,0.27072553008794786
857,0.2704489231109619,0.2707217547297478
858,0.27050530910491943,0.2707137906551361
859,0.2702292203903198,0.27070757538080215
860,0.27044427394866943,0.27070269018411636
861,0.2706390619277954,0.2706987366080284
862,0.270302951335907,0.27069376736879347
863,0.27033066749572754,0.2706886187195778
864,0.2703276574611664,0.2706820374727249
865,0.27057239413261414,0.270679894387722
866,0.27022507786750793,0.27067271947860716
867,0.2704927623271942,0.2706671878695488
868,0.2703595459461212,0.2706630951166153
869,0.2703028917312622,0.2706576532125473
870,0.27027571201324463,0.2706515157222748
871,0.27029937505722046,0.2706464260816574
872,0.27052387595176697,0.2706442514061928
873,0.2704317569732666,0.27063730418682097
874,0.27018648386001587,0.2706296473741531
875,0.27059903740882874,0.27062557876110077
876,0.2702432870864868,0.2706198933720589
877,0.27032920718193054,0.2706137838959694
878,0.2705828547477722,0.2706088224053383
879,0.2704885005950928,0.27060506016016006
880,0.27056294679641724,0.27060085147619245
881,0.27014338970184326,0.27059398740530016
882,0.2702285647392273,0.2705867087841034
883,0.27008742094039917,0.2705789428949356
884,0.2705579996109009,0.27057548105716706
885,0.27052873373031616,0.2705711853504181
886,0.27033531665802,0.2705658286809921
887,0.27024954557418823,0.27055992513895033
888,0.27033814787864685,0.2705563515424728
889,0.27024713158607483,0.2705491098761559
890,0.27001845836639404,0.2705409798026085
891,0.27015310525894165,0.2705333924293518
892,0.27028244733810425,0.2705276620388031
893,0.2700246572494507,0.2705182734131813
894,0.2700718641281128,0.27051144987344744
895,0.2701423168182373,0.27050726920366286
896,0.2703174352645874,0.27050363034009933
897,0.2703172266483307,0.2704970628023148
898,0.2702730894088745,0.27049386024475097
899,0.27014851570129395,0.2704875680804253
900,0.27009934186935425,0.2704783096909523
901,0.270194411277771,0.27047156989574433
902,0.27019235491752625,0.27046805530786516
903,0.2701277434825897,0.2704612612724304
904,0.270205020904541,0.27045748829841615
905,0.2704870402812958,0.27045413851737976
906,0.2702638506889343,0.27045121252536775
907,0.2700777053833008,0.270443480014801
908,0.2702649235725403,0.27043875157833097
909,0.2698521912097931,0.2704274758696556
910,0.2702173590660095,0.2704230260848999
911,0.2701954245567322,0.27041649460792544
912,0.27010247111320496,0.2704124662280083
913,0.2701602280139923,0.2704052340984344
914,0.2704464793205261,0.27040357619524
915,0.27033013105392456,0.2703999796509743
916,0.2703183889389038,0.2703951349854469
917,0.270198792219162,0.2703915610909462
918,0.27009308338165283,0.27038569778203964
919,0.2700527310371399,0.2703812655806541
920,0.2702581286430359,0.2703792884945869
921,0.26983335614204407,0.2703718140721321
922,0.26997503638267517,0.27036392003297804
923,0.27002862095832825,0.27035973012447356
924,0.27015817165374756,0.2703534913063049
925,0.26989102363586426,0.27034562826156616
926,0.27006083726882935,0.27034128963947296
927,0.26995277404785156,0.27033684611320496
928,0.27021098136901855,0.27033219069242476
929,0.2699461281299591,0.2703272885084152
930,0.27002519369125366,0.270322342813015
931,0.27005264163017273,0.270317759513855
932,0.26987311244010925,0.2703109410405159
933,0.2698759436607361,0.2703040137887001
934,0.2695530652999878,0.27029545456171034
935,0.26993584632873535,0.2702900716662407
936,0.2701380252838135,0.2702841740846634
937,0.269896924495697,0.27027871608734133
938,0.26971709728240967,0.27027072370052335
939,0.2701244354248047,0.2702649134397507
940,0.270225465297699,0.270261909365654
941,0.2699244022369385,0.27025499641895295
942,0.2699132561683655,0.2702476406097412
943,0.2701117992401123,0.27024279177188876
944,0.2700837254524231,0.27023684412240984
945,0.2702038288116455,0.2702326026558876
946,0.2700343132019043,0.27022729903459547
947,0.27002888917922974,0.27022120147943496
948,0.2701472043991089,0.27021839588880536
949,0.27003970742225647,0.27021245419979095
950,0.26998987793922424,0.2702091154456139
951,0.27002307772636414,0.27020618319511414
952,0.2701546549797058,0.2702020713686943
953,0.27006828784942627,0.27019688934087754
954,0.270087331533432,0.27019290268421176
955,0.26980823278427124,0.2701874250173569
956,0.26980793476104736,0.27018208146095274
957,0.2698281407356262,0.2701758736371994
958,0.2698511481285095,0.2701693320274353
959,0.26989060640335083,0.2701659458875656
960,0.2699606120586395,0.2701611092686653
961,0.2700079083442688,0.27015479773283
962,0.26978155970573425,0.2701495838165283
963,0.2698686718940735,0.2701449638605118
964,0.2700100541114807,0.2701417878270149
965,0.26996564865112305,0.2701357203722
966,0.2696111500263214,0.27012958109378815
967,0.2700221538543701,0.2701248750090599
968,0.26972195506095886,0.2701184991002083
969,0.26994696259498596,0.27011493980884554
970,0.26982951164245605,0.27011047780513764
971,0.2699398994445801,0.2701068830490112
972,0.26972121000289917,0.2700988563895226
973,0.2700769305229187,0.2700953081250191
974,0.269941508769989,0.2700928583741188
975,0.26991987228393555,0.2700860667228699
976,0.2700026035308838,0.27008365988731386
977,0.26982447504997253,0.27007861256599425
978,0.2697376012802124,0.2700701600313187
979,0.2698083817958832,0.27006335884332655
980,0.2696104049682617,0.270053833425045
981,0.2698456943035126,0.2700508564710617
982,0.26986390352249146,0.27004720985889435
983,0.269831120967865,0.270044646859169
984,0.2696366608142853,0.27003543347120285
985,0.26987582445144653,0.27002890437841415
986,0.26976698637008667,0.27002322107553484
987,0.2698911428451538,0.2700196370482445
988,0.26983892917633057,0.2700146448612213
989,0.2697506248950958,0.2700096797943115
990,0.2696688771247864,0.27000618398189546
991,0.2698569595813751,0.27000322252511977
992,0.26956743001937866,0.2699960723519325
993,0.26980045437812805,0.2699938303232193
994,0.26963791251182556,0.2699894908070564
995,0.26962894201278687,0.2699843570590019
996,0.26978355646133423,0.2699790182709694
997,0.26968345046043396,0.2699726805090904
998,0.2696576714515686,0.26996652632951734
999,0.26963019371032715,0.2699613431096077
1000,0.26961785554885864,0.26995652824640276
1001,0.26965150237083435,0.2699510991573334
1002,0.26959341764450073,0.2699451097846031
1003,0.2696819305419922,0.26994065165519715
1004,0.2695232629776001,0.26993383407592775
1005,0.26950782537460327,0.2699240419268608
1006,0.26982563734054565,0.2699196597933769
1007,0.26955315470695496,0.26991441428661345
1008,0.269706130027771,0.26990882635116575
1009,0.2696005403995514,0.26990630984306335
1010,0.2695448696613312,0.26989958494901656
1011,0.26965218782424927,0.26989415258169175
1012,0.2693978548049927,0.26988710641860963
1013,0.2696266174316406,0.2698817703127861
1014,0.2693834900856018,0.26987114042043686
1015,0.26957809925079346,0.26986362010240555
1016,0.26956987380981445,0.26985613495111466
1017,0.26945534348487854,0.2698487004637718
1018,0.2696913182735443,0.26984468281269075
1019,0.2694369852542877,0.2698385253548622
1020,0.26971662044525146,0.26983311027288437
1021,0.2695207893848419,0.2698299846053123
1022,0.26978039741516113,0.2698280382156372
1023,0.26933518052101135,0.26982110381126406
1024,0.2695658802986145,0.2698151808977127
1025,0.2694873809814453,0.2698111444711685
1026,0.26961350440979004,0.2698066711425781
1027,0.2694213390350342,0.26980135679244993
1028,0.26929086446762085,0.26979215562343595
1029,0.2695143222808838,0.26978783756494523
1030,0.269467294216156,0.2697822585701942
1031,0.2695342004299164,0.2697770741581917
1032,0.26940613985061646,0.2697724044322968
1033,0.26945239305496216,0.269768168926239
1034,0.2695249617099762,0.2697678878903389
1035,0.26936662197113037,0.26976219564676285
1036,0.26933228969573975,0.26975413829088213
1037,0.26948076486587524,0.2697499766945839
1038,0.2693571448326111,0.2697463771700859
1039,0.26955318450927734,0.2697406646609306
1040,0.2693146765232086,0.2697315567731857
1041,0.26938554644584656,0.2697261682152748
1042,0.2693326473236084,0.26972036212682726
1043,0.2692547142505646,0.2697117912769318
1044,0.26944077014923096,0.26970536172389986
1045,0.2693464159965515,0.2696967875957489
1046,0.2693605422973633,0.2696900498867035
1047,0.26934754848480225,0.2696832364797592
1048,0.26927903294563293,0.26967455476522445
1049,0.2697233557701111,0.269671391248703
1050,0.2695044279098511,0.2696665367484093
1051,0.2694584131240845,0.2696608901023865
1052,0.2693674862384796,0.2696530184149742
1053,0.26931488513946533,0.2696454843878746
1054,0.26917076110839844,0.26963631868362425
1055,0.2694456875324249,0.2696326932311058
1056,0.26920804381370544,0.2696266943216324
1057,0.26926058530807495,0.2696210187673569
1058,0.2694315016269684,0.26961682230234146
1059,0.26924562454223633,0.2696103724837303
1060,0.26943424344062805,0.2696051087975502
1061,0.2692500650882721,0.26959753036499023
1062,0.26912257075309753,0.2695909404754639
1063,0.2693467140197754,0.2695857208967209
1064,0.2691006660461426,0.2695766270160675
1065,0.26893913745880127,0.2695663619041443
1066,0.26931440830230713,0.26956339448690414
1067,0.269362211227417,0.2695567950606346
1068,0.26915544271469116,0.26955112993717195
1069,0.26936888694763184,0.2695453491806984
1070,0.2691051661968231,0.26953810572624204
1071,0.2692616283893585,0.2695313230156898
1072,0.2692068815231323,0.26952617973089216
1073,0.26945555210113525,0.2695199659466743
1074,0.2693580090999603,0.26951413094997406
1075,0.2693230211734772,0.2695081624388695
1076,0.2695322632789612,0.26950345903635026
1077,0.2692783772945404,0.26949799805879593
1078,0.26926642656326294,0.26949328631162645
1079,0.269325315952301,0.26948845565319063
1080,0.2692301273345947,0.26948465287685397
1081,0.26914212107658386,0.2694776171445847
1082,0.2689848244190216,0.26946882635354996
1083,0.2692808508872986,0.2694633236527443
1084,0.2692565321922302,0.26945952236652376
1085,0.2693054676055908,0.2694538187980652
1086,0.26941823959350586,0.2694503313302994
1087,0.26934611797332764,0.2694448810815811
1088,0.26900631189346313,0.26943655490875246
1089,0.2693166732788086,0.26943221539258955
1090,0.26908236742019653,0.2694263502955437
1091,0.2691501975059509,0.26941928267478943
1092,0.26896166801452637,0.2694132250547409
1093,0.26919978857040405,0.26940721839666365
1094,0.2688421308994293,0.2693992605805397
1095,0.26895540952682495,0.2693925252556801
1096,0.26914384961128235,0.26938612818717955
1097,0.2691124677658081,0.2693804183602333
1098,0.26928746700286865,0.26937671631574633
1099,0.26907408237457275,0.26937115520238875
1100,0.2689339220523834,0.269364315867424
1101,0.26915764808654785,0.26935937732458115
1102,0.2691611647605896,0.269355054795742
1103,0.2689892649650574,0.26934812813997266
1104,0.2687690854072571,0.2693405863642693
1105,0.26896581053733826,0.2693351662158966
1106,0.26900994777679443,0.2693270093202591
1107,0.26911604404449463,0.2693226382136345
1108,0.268967866897583,0.2693152555823326
1109,0.26880693435668945,0.269307319521904
1110,0.26896488666534424,0.2693015196919441
1111,0.2688750624656677,0.2692937484383583
1112,0.269015371799469,0.26928992360830306
1113,0.2690415680408478,0.2692840731143951
1114,0.26908719539642334,0.26928111016750333
1115,0.26899635791778564,0.2692752927541733
1116,0.2692444920539856,0.269272038936615
1117,0.26890790462493896,0.2692665645480156
1118,0.26905542612075806,0.2692602056264877
1119,0.26871615648269653,0.26925299733877184
1120,0.26902419328689575,0.2692460730671883
1121,0.2690090239048004,0.26924095541238785
1122,0.2689407169818878,0.2692325586080551
1123,0.26898136734962463,0.26922902047634123
1124,0.2688954770565033,0.26922231644392014
1125,0.2691373825073242,0.26921881645917894
1126,0.26888927817344666,0.2692115741968155
1127,0.26887497305870056,0.2692061105370522
1128,0.26901400089263916,0.26920334190130235
1129,0.2689608633518219,0.2691978073120117
1130,0.268959105014801,0.26919272541999817
1131,0.2688518762588501,0.26918590217828753
1132,0.26896917819976807,0.269181532561779
1133,0.2689973711967468,0.26917698234319687
1134,0.2688145637512207,0.26916987836360934
1135,0.2689819931983948,0.26916603207588197
1136,0.26883864402770996,0.26916109561920165
1137,0.26888129115104675,0.26915510088205336
1138,0.26892992854118347,0.2691508287191391
1139,0.26892906427383423,0.26914458751678466
1140,0.2688122093677521,0.2691395628452301
1141,0.2687947154045105,0.26913365453481675
1142,0.2688554525375366,0.269128882586956
1143,0.26903557777404785,0.26912669122219085
1144,0.26894915103912354,0.2691217750310898
1145,0.26885390281677246,0.26911684989929197
1146,0.2689732313156128,0.2691129767894745
1147,0.26884353160858154,0.2691079366207123
1148,0.26886051893234253,0.26910375148057936
1149,0.268734872341156,0.2690938666462898
1150,0.26888078451156616,0.26908763021230697
1151,0.2687472105026245,0.26908051818609235
1152,0.26853805780410767,0.2690722239017487
1153,0.2687888443470001,0.26906696349382403
1154,0.26881542801856995,0.26906341016292573
1155,0.26861417293548584,0.26905509501695635
1156,0.26891422271728516,0.26905215680599215
1157,0.26876866817474365,0.2690472376346588
1158,0.2687152922153473,0.2690400755405426
1159,0.2688051760196686,0.26903567105531695
1160,0.26875537633895874,0.2690288823843002
1161,0.26890015602111816,0.2690253832936287
1162,0.2687870264053345,0.26902202785015106
1163,0.2689719796180725,0.269018280506134
1164,0.2689284086227417,0.26901655793190005
1165,0.2687576413154602,0.2690147429704666
1166,0.2686505913734436,0.269008104801178
1167,0.2684973478317261,0.2689994561672211
1168,0.26880383491516113,0.2689959400892258
1169,0.2686777114868164,0.26898902833461763
1170,0.26887398958206177,0.26898671656847
1171,0.26853781938552856,0.2689794784784317
1172,0.26863208413124084,0.2689737305045128
1173,0.2686585783958435,0.26896576076745987
1174,0.26865649223327637,0.268958745598793
1175,0.268677294254303,0.2689522883296013
1176,0.26875656843185425,0.2689445313811302
1177,0.26866069436073303,0.26893835455179216
1178,0.2687329649925232,0.26893301993608476
1179,0.2688578963279724,0.2689283457398415
1180,0.268738716840744,0.26892343163490295
1181,0.26875823736190796,0.2689195927977562
1182,0.2684513032436371,0.26891425758600235
1183,0.26859092712402344,0.2689073583483696
1184,0.26891928911209106,0.2689039859175682
1185,0.2687405049800873,0.26889833629131316
1186,0.26858264207839966,0.2688899803161621
1187,0.26867154240608215,0.2688832345604897
1188,0.26866599917411804,0.2688798314332962
1189,0.2685050368309021,0.26887171506881713
1190,0.26876145601272583,0.26886850595474243
1191,0.26864075660705566,0.2688634115457535
1192,0.2685643434524536,0.26885943830013276
1193,0.26868462562561035,0.26885428667068484
1194,0.2685455083847046,0.26885132044553756
1195,0.26853856444358826,0.2688471519947052
1196,0.2686105966567993,0.2688418194651604
1197,0.26856112480163574,0.26883630603551867
1198,0.2685854434967041,0.268829285800457
1199,0.26871785521507263,0.268825723528862
1200,0.26850056648254395,0.2688213899731636
1201,0.2684156596660614,0.26881397008895874
1202,0.2686108350753784,0.2688084667921066
1203,0.26861509680747986,0.26880472511053083
1204,0.26839518547058105,0.2688009861111641
1205,0.2683521509170532,0.26879484951496124
1206,0.26846715807914734,0.26878942161798475
1207,0.26849377155303955,0.26878319889307023
1208,0.26843681931495667,0.268777888417244
1209,0.26853233575820923,0.26877514243125916
1210,0.2685423493385315,0.26877091705799105
1211,0.2683151960372925,0.26876531839370726
1212,0.2685213088989258,0.26876037776470185
1213,0.2684914171695709,0.2687548762559891
1214,0.268584281206131,0.26874984711408617
1215,0.2684270441532135,0.2687441539764404
1216,0.268449068069458,0.2687361997365951
1217,0.2685442268848419,0.2687325629591942
1218,0.26841986179351807,0.2687262073159218
1219,0.26856616139411926,0.268724707365036
1220,0.26825129985809326,0.268716978430748
1221,0.2682614326477051,0.26870950251817705
1222,0.268572598695755,0.26870582133531573
1223,0.2684991955757141,0.2687009996175766
1224,0.26835280656814575,0.268695572912693
1225,0.2685015797615051,0.26868921488523484
1226,0.2683291435241699,0.26868361353874204
1227,0.26843905448913574,0.2686792543530464
1228,0.26831352710723877,0.2686722496151924
1229,0.26820147037506104,0.2686646556854248
1230,0.2686568796634674,0.26866163343191146
1231,0.26846757531166077,0.2686577904224396
1232,0.2686324119567871,0.2686544227600098
1233,0.2682720422744751,0.26864716947078704
1234,0.26842132210731506,0.268643237054348
1235,0.2683678865432739,0.2686370959877968
1236,0.2683211863040924,0.2686319214105606
1237,0.26834917068481445,0.2686266002058983
1238,0.26850366592407227,0.2686223375797272
1239,0.26836568117141724,0.268616703748703
1240,0.26831600069999695,0.26861174166202545
1241,0.2682393789291382,0.26860618829727173
1242,0.2681736350059509,0.2685993701219559
1243,0.26799529790878296,0.26858896732330323
1244,0.26855406165122986,0.2685850164294243
1245,0.2683475613594055,0.2685799530148506
1246,0.268466055393219,0.2685748812556267
1247,0.2680743336677551,0.2685671892762184
1248,0.26832476258277893,0.2685618317127228
1249,0.2679405212402344,0.26855388820171355
1250,0.2679980993270874,0.2685450613498688
1251,0.2680515944957733,0.26853810518980026
1252,0.2680922746658325,0.2685336473584175
1253,0.267985463142395,0.26852561354637144
1254,0.26837268471717834,0.26852118611335757
1255,0.26810479164123535,0.26851609230041507
1256,0.26823583245277405,0.26850930839776993
1257,0.2680133879184723,0.2685017555952072
1258,0.2682093381881714,0.2684966960549355
1259,0.26820075511932373,0.268490651845932
1260,0.2680354118347168,0.2684834522008896
1261,0.2682257890701294,0.2684767085313797
1262,0.2681085765361786,0.26846992403268816
1263,0.26813793182373047,0.2684615835547447
1264,0.26810652017593384,0.26845336467027664
1265,0.267940878868103,0.26844519704580305
1266,0.26823264360427856,0.2684410175681114
1267,0.2682651877403259,0.26843869596719744
1268,0.268312931060791,0.2684337869286537
1269,0.2680007517337799,0.26842701733112334
1270,0.26822739839553833,0.26842055141925814
1271,0.2682199478149414,0.26841737270355226
1272,0.26809173822402954,0.26841196924448013
1273,0.26787543296813965,0.2684041377902031
1274,0.2680806517601013,0.26839837938547134
1275,0.26788249611854553,0.2683904314041138
1276,0.2678951621055603,0.2683818173408508
1277,0.2679222822189331,0.26837443321943283
1278,0.26783788204193115,0.2683654823899269
1279,0.2680734097957611,0.2683576375246048
1280,0.268007755279541,0.26835032790899277
1281,0.26798510551452637,0.26834259659051896
1282,0.2680931091308594,0.2683390146493912
1283,0.26792991161346436,0.2683324044942856
1284,0.26817235350608826,0.26832493513822553
1285,0.2678162455558777,0.26831569254398346
1286,0.26795876026153564,0.26830945372581483
1287,0.26794734597206116,0.2683022117614746
1288,0.2679908275604248,0.26829546004533766
1289,0.2677662968635559,0.26828807264566423
1290,0.2679595947265625,0.2682800540328026
1291,0.2678859829902649,0.2682725062966347
1292,0.26815956830978394,0.268268458545208
1293,0.26793497800827026,0.2682609620690346
1294,0.2677035629749298,0.2682525426149368
1295,0.2678004205226898,0.26824516117572783
1296,0.2676219940185547,0.2682352751493454
1297,0.2679271697998047,0.2682289355993271
1298,0.26787498593330383,0.26822183102369307
1299,0.26773157715797424,0.2682119682431221
1300,0.26785725355148315,0.2682055351138115
1301,0.26784834265708923,0.26819986194372175
1302,0.267711341381073,0.26819086700677874
1303,0.26803043484687805,0.2681850203871727
1304,0.26793789863586426,0.2681804475188255
1305,0.2679175138473511,0.2681761011481285
1306,0.26771438121795654,0.2681685733795166
1307,0.2677568197250366,0.2681612038612366
1308,0.26753461360931396,0.26815218180418016
1309,0.2677896022796631,0.2681447544693947
1310,0.2674304246902466,0.26813363522291184
1311,0.2676791548728943,0.26812727481126786
1312,0.2678472697734833,0.26812053442001343
1313,0.2676723301410675,0.2681123435497284
1314,0.26781201362609863,0.26810462087392806
1315,0.2677176296710968,0.2680975267291069
1316,0.26774364709854126,0.2680904725193977
1317,0.2679681181907654,0.268084711432457
1318,0.2677972614765167,0.268078485429287
1319,0.2680181860923767,0.2680730056762695
1320,0.2673048675060272,0.26806354135274885
1321,0.26771247386932373,0.26805805176496506
1322,0.2678920030593872,0.2680512458086014
1323,0.26756978034973145,0.26804195165634154
1324,0.2673739790916443,0.26803216338157654
1325,0.26774901151657104,0.2680246376991272
1326,0.2677149176597595,0.2680184954404831
1327,0.26792752742767334,0.2680133801698685
1328,0.2673335075378418,0.2680035799741745
1329,0.26778340339660645,0.26799939930438993
1330,0.2676505744457245,0.26798933625221255
1331,0.2676484286785126,0.26798114478588103
1332,0.2676107883453369,0.26797092854976656
1333,0.2676541209220886,0.2679647493362427
1334,0.26753324270248413,0.2679558685421944
1335,0.26787233352661133,0.2679509130120277
1336,0.26745402812957764,0.2679422414302826
1337,0.2676122784614563,0.26793487250804904
1338,0.26740801334381104,0.2679239159822464
1339,0.26742008328437805,0.267914460003376
1340,0.2676214873790741,0.2679075148701668
1341,0.26710274815559387,0.2678961485624313
1342,0.2674591839313507,0.2678890040516853
1343,0.26758575439453125,0.2678849086165428
1344,0.26762253046035767,0.2678755933046341
1345,0.2675275206565857,0.2678673928976059
1346,0.2674657106399536,0.26785738945007326
1347,0.26777756214141846,0.2678544217348099
1348,0.2675878405570984,0.2678470525145531
1349,0.26755332946777344,0.26784318059682843
1350,0.2673816680908203,0.26783701628446577
1351,0.26766008138656616,0.2678331011533737
1352,0.2676248550415039,0.26782842695713044
1353,0.267412394285202,0.2678226962685585
1354,0.26720499992370605,0.2678110194206238
1355,0.2672463059425354,0.2678024345636368
1356,0.26731476187705994,0.2677932238578796
1357,0.26762497425079346,0.26778933972120283
1358,0.267162561416626,0.2677788719534874
1359,0.26763129234313965,0.26777317732572553
1360,0.2671927213668823,0.2677647504210472
1361,0.2672586143016815,0.26775507867336273
1362,0.2670668959617615,0.2677446618676186
1363,0.2674633264541626,0.26773791581392287
1364,0.26731377840042114,0.26772998839616774
1365,0.2675207257270813,0.26772578686475756
1366,0.26707449555397034,0.26771420538425444
1367,0.2672730088233948,0.26770428359508514
1368,0.26744163036346436,0.2676955705881119
1369,0.26718801259994507,0.2676874431967735
1370,0.26706060767173767,0.2676757752895355
1371,0.2674674391746521,0.2676682502031326
1372,0.2674267590045929,0.2676616004109383
1373,0.26719987392425537,0.2676548448204994
1374,0.26729652285575867,0.267647003531456
1375,0.2672576308250427,0.26764075487852096
1376,0.2672596871852875,0.2676344001293182
1377,0.267345130443573,0.2676286286115646
1378,0.2670128047466278,0.2676203778386116
1379,0.2673506438732147,0.26761315017938614
1380,0.26736879348754883,0.2676067605614662
1381,0.26715970039367676,0.26759850651025774
1382,0.267177551984787,0.267589350938797
1383,0.2670512795448303,0.26758056461811064
1384,0.2672376334667206,0.267571217417717
1385,0.26706260442733765,0.2675636810064316
1386,0.2672247886657715,0.26755634129047395
1387,0.26751530170440674,0.2675520208477974
1388,0.2673480808734894,0.26754559338092804
1389,0.26678037643432617,0.26753573417663573
1390,0.26684457063674927,0.26752458393573764
1391,0.2670981287956238,0.2675167053937912
1392,0.2670805752277374,0.26750591546297076
1393,0.26705995202064514,0.26749716520309447
1394,0.26761627197265625,0.26749629229307176
1395,0.2672824263572693,0.26749111235141754
1396,0.26690417528152466,0.26748393416404725
1397,0.26742610335350037,0.2674789234995842
1398,0.2672182321548462,0.26747235596179963
1399,0.26666057109832764,0.26746164590120314
1400,0.2670446038246155,0.26745351940393447
1401,0.26661747694015503,0.26744121074676513
1402,0.2670978903770447,0.26743507623672486
1403,0.26698124408721924,0.26742458432912825
1404,0.26667553186416626,0.26741196066141126
1405,0.26690873503685,0.2674018728733063
1406,0.2667613625526428,0.26739234268665313
1407,0.26698800921440125,0.2673846545815468
1408,0.26680484414100647,0.2673773568868637
1409,0.26672327518463135,0.26736669361591336
1410,0.26702213287353516,0.26736261069774625
1411,0.26694488525390625,0.2673552680015564
1412,0.2665789723396301,0.26734258502721786
1413,0.2667059898376465,0.26733292162418365
1414,0.26691681146621704,0.26732396960258487
1415,0.26669958233833313,0.2673137891292572
1416,0.2666759490966797,0.2673031121492386
1417,0.26699936389923096,0.2672934246063232
1418,0.2667595148086548,0.2672830471396446
1419,0.2667389512062073,0.2672702547907829
1420,0.26724785566329956,0.2672696846723557
1421,0.2669210433959961,0.2672617703676224
1422,0.2668484151363373,0.2672513344883919
1423,0.2668643593788147,0.2672442802786827
1424,0.2668464779853821,0.26723900526762007
1425,0.2668129801750183,0.26722964495420454
1426,0.2667795419692993,0.26722029119729995
1427,0.26653969287872314,0.26720641285181046
1428,0.26656374335289,0.2671987152099609
1429,0.267070472240448,0.26719158589839936
1430,0.266518235206604,0.2671802625060081
1431,0.26677829027175903,0.2671715611219406
1432,0.26647061109542847,0.26716015934944154
1433,0.2670627236366272,0.26715424537658694
1434,0.26680856943130493,0.26714699864387514
1435,0.26660841703414917,0.2671343594789505
1436,0.2668648362159729,0.26712846755981445
1437,0.2665916681289673,0.26711826145648954
1438,0.2665790915489197,0.26710997223854066
1439,0.26628780364990234,0.2670986494421959
1440,0.2662283182144165,0.2670847177505493
1441,0.26694029569625854,0.26708309322595597
1442,0.2667032778263092,0.26707553416490554
1443,0.26673880219459534,0.2670670646429062
1444,0.26648589968681335,0.26705569833517073
1445,0.26656439900398254,0.2670460671186447
1446,0.2666541337966919,0.2670379513502121
1447,0.26650601625442505,0.26702523589134214
1448,0.26632195711135864,0.26701257705688475
1449,0.26661962270736694,0.2670032399892807
1450,0.2661988139152527,0.26699141144752503
1451,0.266140878200531,0.2669762194156647
1452,0.26674574613571167,0.26696742832660675
1453,0.2669466435909271,0.266962770819664
1454,0.2662959694862366,0.2669536805152893
1455,0.26628831028938293,0.2669441005587578
1456,0.26627933979034424,0.26693374633789063
1457,0.2665940821170807,0.2669234374165535
1458,0.2663760781288147,0.2669155725836754
1459,0.2662171423435211,0.2669014310836792
1460,0.2664937376976013,0.2668944412469864
1461,0.26685261726379395,0.2668903812766075
1462,0.26665937900543213,0.2668863061070442
1463,0.26629242300987244,0.2668745970726013
1464,0.2662784457206726,0.2668642437458038
1465,0.26682621240615845,0.2668572986125946
1466,0.26629796624183655,0.26684953331947325
1467,0.26679062843322754,0.2668447095155716
1468,0.2667672634124756,0.26683796584606173
1469,0.26658886671066284,0.2668319743871689
1470,0.2663540542125702,0.2668249088525772
1471,0.26664838194847107,0.2668167182803154
1472,0.2664795517921448,0.2668072462081909
1473,0.266349196434021,0.2667987394332886
1474,0.2665806710720062,0.2667915809154511
1475,0.2665049135684967,0.2667840537428856
1476,0.26616621017456055,0.26677311897277833
1477,0.2662706673145294,0.26676237434148786
1478,0.26665154099464417,0.26675876170396806
1479,0.266668438911438,0.2667519396543503
1480,0.26598799228668213,0.2667381316423416
1481,0.2662776708602905,0.2667293113470077
1482,0.26649776101112366,0.2667225134372711
1483,0.26654189825057983,0.2667174196243286
1484,0.26620054244995117,0.2667070487141609
1485,0.2661263942718506,0.26669768661260607
1486,0.266422301530838,0.2666896617412567
1487,0.2660853862762451,0.2666753625869751
1488,0.26656362414360046,0.2666675180196762
1489,0.2661680579185486,0.26666139483451845
1490,0.26646602153778076,0.2666576093435287
1491,0.26641884446144104,0.2666508165001869
1492,0.2659178376197815,0.26663918912410733
1493,0.2662714719772339,0.26663130432367327
1494,0.26626119017601013,0.26661775350570677
1495,0.26580366492271423,0.26660296589136123
1496,0.2668919563293457,0.26660284370183945
1497,0.26603883504867554,0.2665889710187912
1498,0.2658967077732086,0.26657575577497483
1499,0.26638877391815186,0.26657303780317304
1500,0.26606589555740356,0.26656325072050097
1501,0.2655838131904602,0.266552914083004
1502,0.26553893089294434,0.266537324488163
1503,0.26611512899398804,0.2665286633372307
1504,0.2661469578742981,0.266523377597332
1505,0.26595592498779297,0.2665138494968414
1506,0.2659282982349396,0.2665055188536644
1507,0.2661207318305969,0.2664968460798264
1508,0.2662215828895569,0.26649101346731185
1509,0.2661237418651581,0.2664850181341171
1510,0.26574307680130005,0.2664722275733948
1511,0.2659279704093933,0.26646205842494963
1512,0.26631686091423035,0.26645943731069566
1513,0.2659631669521332,0.2664520090818405
1514,0.2664105296134949,0.2664469462633133
1515,0.26629674434661865,0.26644291788339614
1516,0.265861839056015,0.2664347767829895
1517,0.2659176290035248,0.26642395943403246
1518,0.26635223627090454,0.26641988664865496
1519,0.26590046286582947,0.26641150176525114
1520,0.26590776443481445,0.26639810085296634
1521,0.2660118341445923,0.2663890087604523
1522,0.26597458124160767,0.26638027042150497
1523,0.2659077048301697,0.2663707038760185
1524,0.26596778631210327,0.26636191695928574
1525,0.2660599946975708,0.26635438710451126
1526,0.26578134298324585,0.26634440511465074
1527,0.2660503089427948,0.26633951127529143
1528,0.2661053240299225,0.26633492708206175
1529,0.2657439112663269,0.26632166147232056
1530,0.2660503089427948,0.2663169822096825
1531,0.26593104004859924,0.26630850970745085
1532,0.2658485472202301,0.2663022890686989
1533,0.2659541964530945,0.26629120379686355
1534,0.2658274471759796,0.2662813925743103
1535,0.26649442315101624,0.266280252635479
1536,0.2660268545150757,0.26627187281847
1537,0.26572278141975403,0.2662631839513779
1538,0.26617980003356934,0.26625919103622436
1539,0.2655307650566101,0.26625162065029145
1540,0.2654695510864258,0.26624403297901156
1541,0.26592695713043213,0.26623389959335325
1542,0.2659752368927002,0.2662266191840172
1543,0.26504531502723694,0.2662096843123436
1544,0.26527854800224304,0.2661976107954979
1545,0.26563042402267456,0.2661882710456848
1546,0.2654978036880493,0.2661767077445984
1547,0.2652539610862732,0.26616418719291685
1548,0.2658957242965698,0.26615992486476897
1549,0.2659333348274231,0.26615306198596955
1550,0.2658045291900635,0.26614911913871764
1551,0.2652074992656708,0.26613978534936905
1552,0.26588505506515503,0.26613117843866346
1553,0.26589423418045044,0.2661206543445587
1554,0.2650558352470398,0.26610825300216673
1555,0.26581522822380066,0.2661035221815109
1556,0.2664794921875,0.26610552370548246
1557,0.2656683921813965,0.26609626680612564
1558,0.26554614305496216,0.2660879674553871
1559,0.2656885087490082,0.266082681119442
1560,0.2656775116920471,0.26607451885938643
1561,0.2655530571937561,0.26606152325868604
1562,0.2653267979621887,0.26604819744825364
1563,0.26597607135772705,0.2660450339317322
1564,0.26567089557647705,0.26603895843029024
1565,0.26559978723526,0.2660266941785812
1566,0.2657626271247864,0.26602134078741074
1567,0.2654018700122833,0.2660074532032013
1568,0.2660175561904907,0.26599995613098143
1569,0.26520836353302,0.26598615109920504
1570,0.2660216987133026,0.2659828275442123
1571,0.2657167911529541,0.26597351163625715
1572,0.2656642198562622,0.2659653583168983
1573,0.26539331674575806,0.2659557995200157
1574,0.2656540870666504,0.2659465336799622
1575,0.26524049043655396,0.2659338894486427
1576,0.26522642374038696,0.265924491584301
1577,0.2651801109313965,0.26591358602046966
1578,0.26533496379852295,0.26590042024850846
1579,0.2650437355041504,0.2658841732144356
1580,0.2653554379940033,0.2658778476715088
1581,0.26565682888031006,0.265871639251709
1582,0.2653404474258423,0.26586006611585616
1583,0.2651899456977844,0.2658465465903282
1584,0.265623539686203,0.26584077656269073
1585,0.26552289724349976,0.2658347415924072
1586,0.26580607891082764,0.26582857936620713
1587,0.2658095359802246,0.2658258208632469
1588,0.26496249437332153,0.2658098095655441
1589,0.26558420062065125,0.26580397099256514
1590,0.26521337032318115,0.26579144448041914
1591,0.2659238576889038,0.26578649461269377
1592,0.26575812697410583,0.265784897506237
1593,0.2652454972267151,0.26577463775873184
1594,0.26548272371292114,0.265766853094101
1595,0.2656567096710205,0.265765383541584
1596,0.2654625177383423,0.26575108915567397
1597,0.265674352645874,0.265747444331646
1598,0.26556533575057983,0.26574413061141966
1599,0.26537343859672546,0.2657339772582054
1600,0.26496344804763794,0.26572295278310776
1601,0.26476895809173584,0.2657148042321205
1602,0.26525604724884033,0.2657119753956795
1603,0.26535964012145996,0.2657044205069542
1604,0.2657279372215271,0.2657002303004265
1605,0.26556456089019775,0.26569631665945054
1606,0.26524636149406433,0.2656894972920418
1607,0.2652890980243683,0.26568118095397947
1608,0.2652597427368164,0.2656715625524521
1609,0.26562875509262085,0.2656666126847267
1610,0.26520609855651855,0.2656612429022789
1611,0.2651246190071106,0.2656532093882561
1612,0.26547837257385254,0.2656448245048523
1613,0.2651948630809784,0.26563714146614076
1614,0.26535895466804504,0.26562662571668627
1615,0.2652163505554199,0.26561582177877424
1616,0.26511916518211365,0.26560839504003525
1617,0.2652829587459564,0.26560204833745954
1618,0.2647770643234253,0.2655862966179848
1619,0.2655934691429138,0.2655832266807556
1620,0.2650071978569031,0.2655742210149765
1621,0.2651708424091339,0.2655658110976219
1622,0.26540669798851013,0.26556013226509095
1623,0.2651676535606384,0.26555273175239563
1624,0.26477980613708496,0.2655408519506455
1625,0.265245258808136,0.2655327045917511
1626,0.2649120092391968,0.26552401125431063
1627,0.26535043120384216,0.26551701247692105
1628,0.2645833194255829,0.2655017924308777
1629,0.2650436758995056,0.2654947900772095
1630,0.265134334564209,0.2654856303334236
1631,0.26519250869750977,0.26547824501991274
1632,0.26525694131851196,0.26547232896089556
1633,0.2652096152305603,0.26546488314867017
1634,0.26501864194869995,0.2654567950963974
1635,0.2648906707763672,0.2654407575726509
1636,0.2649995982646942,0.2654304850101471
1637,0.265015184879303,0.2654234090447426
1638,0.26511889696121216,0.265412800014019
1639,0.26476553082466125,0.26540514767169954
1640,0.2652375400066376,0.26540282756090167
1641,0.2647539973258972,0.2653910979628563
1642,0.2651948928833008,0.2653832945227623
1643,0.2652168273925781,0.2653850096464157
1644,0.26448845863342285,0.2653771087527275
1645,0.26486682891845703,0.2653694728016853
1646,0.26497095823287964,0.26536420434713365
1647,0.26446783542633057,0.2653563430905342
1648,0.26479315757751465,0.26534531742334366
1649,0.26492929458618164,0.26533527702093124
1650,0.26499825716018677,0.2653272143006325
1651,0.26457422971725464,0.26532088160514833
1652,0.2651304006576538,0.2653133350610733
1653,0.26462522149086,0.2653006449341774
1654,0.2642940282821655,0.26529302686452866
1655,0.26489150524139404,0.2652837896347046
1656,0.264657199382782,0.2652655667066574
1657,0.26465195417404175,0.26525540232658384
1658,0.2647785544395447,0.2652477264404297
1659,0.2652144432067871,0.2652429857850075
1660,0.26495853066444397,0.26523579597473146
1661,0.26463058590888977,0.26522657126188276
1662,0.2644467353820801,0.2652177706360817
1663,0.26541024446487427,0.26521211236715314
1664,0.2650994658470154,0.2652063980698586
1665,0.2651351988315582,0.26520175218582154
1666,0.26459547877311707,0.2651900807023048
1667,0.2645711600780487,0.26518177360296247
1668,0.26468348503112793,0.2651684328913689
1669,0.2644631266593933,0.2651609805226326
1670,0.2646793723106384,0.26514755725860595
1671,0.2647993564605713,0.2651383829116821
1672,0.26512038707733154,0.2651329445838928
1673,0.2651084065437317,0.26513009548187255
1674,0.2651125490665436,0.2651246801018715
1675,0.2644816040992737,0.2651170912384987
1676,0.2644076645374298,0.2651089036464691
1677,0.26471608877182007,0.26510426342487337
1678,0.26470574736595154,0.2650979712605476
1679,0.26489102840423584,0.2650964441895485
1680,0.26503387093544006,0.2650932285189629
1681,0.26423823833465576,0.26507904261350634
1682,0.2642846703529358,0.26506848484277723
1683,0.2643624246120453,0.26506020963191984
1684,0.26469558477401733,0.265050930082798
1685,0.2649400532245636,0.26504510164260864
1686,0.2650049030780792,0.26503708988428115
1687,0.26456043124198914,0.26502459883689883
1688,0.2647682726383209,0.2650226566195488
1689,0.26478543877601624,0.26501466900110243
1690,0.26440805196762085,0.26500661581754686
1691,0.2650870978832245,0.26499824821949003
1692,0.26453253626823425,0.26498599231243136
1693,0.26430433988571167,0.2649765807390213
1694,0.2648692727088928,0.264970446228981
1695,0.2644246220588684,0.2649581253528595
1696,0.2645571231842041,0.2649490714073181
1697,0.26478102803230286,0.2649401381611824
1698,0.2646970748901367,0.26493145555257797
1699,0.2647666931152344,0.26492538809776306
1700,0.2647625803947449,0.2649233794212341
1701,0.2647944688796997,0.26492363452911377
1702,0.2650919556617737,0.2649219936132431
1703,0.2644972801208496,0.264913370013237
1704,0.26442205905914307,0.2649003112316132
1705,0.264555960893631,0.2648902252316475
1706,0.26473939418792725,0.2648851555585861
1707,0.26434046030044556,0.2648756691813469
1708,0.26471465826034546,0.2648702183365822
1709,0.26428383588790894,0.26485676914453504
1710,0.2643367052078247,0.26484807521104814
1711,0.2644844353199005,0.264841673374176
1712,0.26463258266448975,0.2648332154750824
1713,0.2645416557788849,0.26482668340206145
1714,0.26421985030174255,0.26481529235839846
1715,0.2643941640853882,0.2648070704936981
1716,0.26422327756881714,0.26479811161756517
1717,0.2641425132751465,0.26478670716285707
1718,0.2645501494407654,0.26478443801403045
1719,0.26460766792297363,0.2647745800018311
1720,0.26485753059387207,0.26477308332920074
1721,0.26431018114089966,0.2647644767165184
1722,0.2644760310649872,0.26475517004728316
1723,0.2644965350627899,0.2647484588623047
1724,0.264536052942276,0.2647460213303566
1725,0.2639940083026886,0.2647335088253021
1726,0.2640957832336426,0.2647253465652466
1727,0.264851450920105,0.26472035676240924
1728,0.26424911618232727,0.26471701472997666
1729,0.26444706320762634,0.2647110486030579
1730,0.2641262412071228,0.264700967669487
1731,0.2644779682159424,0.2646938222646713
1732,0.2640625238418579,0.2646818780899048
1733,0.26453128457069397,0.26467509478330614
1734,0.2644020915031433,0.26466892927885055
1735,0.2640916109085083,0.264660938680172
1736,0.2642720937728882,0.2646536636352539
1737,0.26406025886535645,0.2646441143751144
1738,0.26420390605926514,0.26463496446609497
1739,0.2640480101108551,0.2646277892589569
1740,0.26447588205337524,0.2646201726794243
1741,0.26415377855300903,0.2646141704916954
1742,0.2641342282295227,0.2646035638451576
1743,0.2642419636249542,0.2645938152074814
1744,0.2646886706352234,0.26459581732749937
1745,0.2644440531730652,0.26459158957004547
1746,0.2644691467285156,0.2645865714550018
1747,0.2640049159526825,0.2645819422602653
1748,0.26391690969467163,0.2645731797814369
1749,0.26402533054351807,0.26456414014101026
1750,0.26432904601097107,0.26455744802951814
1751,0.2644045948982239,0.26455575168132783
1752,0.2640990614891052,0.26454543828964233
1753,0.2641056478023529,0.26454024255275727
1754,0.2644668519496918,0.26454197078943253
1755,0.2646055221557617,0.2645391109585762
1756,0.2644003629684448,0.2645365425944328
1757,0.2642458379268646,0.26453248143196106
1758,0.26416510343551636,0.2645263469219208
1759,0.2641536295413971,0.26451573878526685
1760,0.26496168971061707,0.2645157703757286
1761,0.2643817067146301,0.264513281583786
1762,0.26434585452079773,0.2645122727751732
1763,0.2644580006599426,0.2645027503371239
1764,0.2643702030181885,0.2644954577088356
1765,0.26407355070114136,0.2644848412275314
1766,0.2640921175479889,0.26447980761528017
1767,0.26402518153190613,0.2644743478298187
1768,0.2643728256225586,0.264471241235733
1769,0.26409634947776794,0.2644675734639168
1770,0.26428142189979553,0.26446359395980834
1771,0.2641586661338806,0.2644571870565414
1772,0.26413434743881226,0.26444732666015625
1773,0.2644425630569458,0.2644406682252884
1774,0.2641596496105194,0.26443113923072814
1775,0.2642018795013428,0.26442834198474885
1776,0.26394718885421753,0.26442373722791673
1777,0.2641228437423706,0.2644178047776222
1778,0.26422423124313354,0.26441298961639403
1779,0.26402217149734497,0.26440430104732515
1780,0.2642606198787689,0.2643965685367584
1781,0.26397576928138733,0.2643939438462257
1782,0.26392662525177,0.2643903633952141
1783,0.2638458013534546,0.26438519716262815
1784,0.2640325129032135,0.26437856644392016
1785,0.2638479471206665,0.26436764538288116
1786,0.2640441060066223,0.26435803741216657
1787,0.2640848755836487,0.2643532818555832
1788,0.263862282037735,0.26434422194957735
1789,0.2639687657356262,0.2643360552191734
1790,0.2641094923019409,0.2643330696225166
1791,0.26408565044403076,0.2643230551481247
1792,0.26405060291290283,0.26431823581457137
1793,0.2638854384422302,0.2643140468001366
1794,0.26441681385040283,0.2643095222115517
1795,0.2640536427497864,0.26430581241846085
1796,0.2639867663383484,0.26430010885000227
1797,0.2641202211380005,0.2642935007810593
1798,0.2639290988445282,0.26428582102060316
1799,0.2640392780303955,0.26427854686975477
1800,0.2637878656387329,0.2642687997221947
1801,0.26411470770835876,0.2642620021104813
1802,0.2638099789619446,0.264249182343483
1803,0.2639971971511841,0.2642441815137863
1804,0.2637139856815338,0.2642371007800102
1805,0.26373979449272156,0.26422893911600115
1806,0.26372432708740234,0.26421878844499586
1807,0.2639792263507843,0.26421517610549927
1808,0.26391005516052246,0.26420713007450103
1809,0.26354220509529114,0.26419971376657486
1810,0.2641126215457916,0.26419747292995455
1811,0.2642095386981964,0.2641947239637375
1812,0.2633828818798065,0.26418222695589066
1813,0.26378387212753296,0.26417464911937716
1814,0.26365363597869873,0.2641689869761467
1815,0.2637149691581726,0.26416219502687455
1816,0.2636817693710327,0.2641567799448967
1817,0.2637811601161957,0.2641531664133072
1818,0.26410889625549316,0.2641487538814545
1819,0.264210045337677,0.2641447776556015
1820,0.2640998363494873,0.26413720071315766
1821,0.26385194063186646,0.26413261830806734
1822,0.2638854384422302,0.26412671238183977
1823,0.2636183202266693,0.26411793023347857
1824,0.2638162076473236,0.264110731780529
1825,0.2637784481048584,0.2641085761785507
1826,0.2638181746006012,0.2641058000922203
1827,0.2635968327522278,0.26409325391054156
1828,0.26376450061798096,0.26408840775489806
1829,0.2638239562511444,0.26408217668533324
1830,0.2640002965927124,0.26408091723918914
1831,0.26360711455345154,0.26407220870256426
1832,0.26367324590682983,0.26406831592321395
1833,0.2637591063976288,0.2640605941414833
1834,0.2636743187904358,0.26405331641435625
1835,0.26357388496398926,0.26404813915491104
1836,0.2635025978088379,0.26404044419527056
1837,0.26358622312545776,0.26403570383787156
1838,0.2637304663658142,0.26403096944093707
1839,0.2637420892715454,0.26402791023254396
1840,0.2635452151298523,0.2640186035633087
1841,0.2636871933937073,0.2640139377117157
1842,0.2638966739177704,0.26401156216859817
1843,0.263653963804245,0.2640056821703911
1844,0.26325523853302,0.26399134784936906
1845,0.2634899616241455,0.26398180693387985
1846,0.2637729048728943,0.26397484451532366
1847,0.26370370388031006,0.2639718323945999
1848,0.26332783699035645,0.26396594166755677
1849,0.2631819248199463,0.26395750761032105
1850,0.2634839713573456,0.2639490568637848
1851,0.26355254650115967,0.26394053637981413
1852,0.26341861486434937,0.2639337319135666
1853,0.26358699798583984,0.26392854541540145
1854,0.2633836269378662,0.26391771316528323
1855,0.26353365182876587,0.26390699446201327
1856,0.26335465908050537,0.26389653742313385
1857,0.26354551315307617,0.26388953417539596
1858,0.26388847827911377,0.2638867679238319
1859,0.2633569836616516,0.2638788014650345
1860,0.2634056806564331,0.26386324137449263
1861,0.2636317312717438,0.26385574162006376
1862,0.26326149702072144,0.263844898045063
1863,0.2634819447994232,0.2638351374864578
1864,0.26343774795532227,0.2638258129358292
1865,0.26351362466812134,0.26382021367549896
1866,0.26349562406539917,0.26381424874067305
1867,0.26356369256973267,0.26380963385105133
1868,0.2632395923137665,0.2637983015179634
1869,0.2633919417858124,0.26379125744104387
1870,0.26343774795532227,0.26378282070159914
1871,0.263639897108078,0.2637776330113411
1872,0.26328274607658386,0.2637691169977188
1873,0.2632846236228943,0.2637575376033783
1874,0.26328548789024353,0.2637487959861755
1875,0.263328492641449,0.2637400621175766
1876,0.26325178146362305,0.26373310804367067
1877,0.2633880376815796,0.26372575998306275
1878,0.2631942629814148,0.26371546030044557
1879,0.2632138729095459,0.26370737731456756
1880,0.2630434036254883,0.26369520515203476
1881,0.2633233964443207,0.2636886814236641
1882,0.2632179856300354,0.26368159502744676
1883,0.2631279230117798,0.26367441624403
1884,0.26322776079177856,0.26366636872291566
1885,0.2634196877479553,0.2636620861291885
1886,0.26327455043792725,0.2636543905735016
1887,0.263284832239151,0.2636463901400566
1888,0.26344332098960876,0.2636422005295753
1889,0.2631727457046509,0.2636342403292656
1890,0.2633111774921417,0.2636262571811676
1891,0.263268381357193,0.2636180844902992
1892,0.2631813883781433,0.2636093923449516
1893,0.2630802392959595,0.2636013403534889
1894,0.26296645402908325,0.2635868367552757
1895,0.2629204988479614,0.26357550531625745
1896,0.26306435465812683,0.26356628119945524
1897,0.26321887969970703,0.2635572677850723
1898,0.26280176639556885,0.26354599446058274
1899,0.2630610167980194,0.263536211848259
1900,0.2630956172943115,0.26352928936481473
1901,0.26308512687683105,0.2635189935564995
1902,0.26315033435821533,0.2635123971104622
1903,0.2630601227283478,0.26350302636623385
1904,0.26322224736213684,0.2634981089830399
1905,0.26302462816238403,0.2634909573197365
1906,0.26312047243118286,0.26348491877317426
1907,0.26336705684661865,0.26347879707813265
1908,0.2630864977836609,0.263470561504364
1909,0.26321056485176086,0.2634672451019287
1910,0.2631080150604248,0.26345719903707504
1911,0.2628043293952942,0.263443146944046
1912,0.2634431719779968,0.26344374984502794
1913,0.26334452629089355,0.26343935638666155
1914,0.26320624351501465,0.2634348824620247
1915,0.2632008492946625,0.2634297412633896
1916,0.26308509707450867,0.26342377454042437
1917,0.2629714608192444,0.2634156775474548
1918,0.2630879878997803,0.26340546846389773
1919,0.2629442512989044,0.26339281052351
1920,0.2630367875099182,0.26338218003511427
1921,0.2628649175167084,0.2633723098039627
1922,0.2628825902938843,0.26336228132247924
1923,0.26322683691978455,0.2633583664894104
1924,0.2629123330116272,0.2633493277430534
1925,0.26303786039352417,0.2633419218659401
1926,0.26300227642059326,0.26333376288414
1927,0.2629138231277466,0.2633269327878952
1928,0.2629644274711609,0.263318932056427
1929,0.26304513216018677,0.2633111438155174
1930,0.2632228136062622,0.26330336898565293
1931,0.2628815174102783,0.2632961130142212
1932,0.262784868478775,0.26328722923994063
1933,0.2629116177558899,0.26327875435352327
1934,0.2628604769706726,0.26327061593532564
1935,0.26283031702041626,0.2632631802558899
1936,0.26290884613990784,0.2632572427392006
1937,0.26309335231781006,0.2632523140311241
1938,0.2628956735134125,0.2632439661026001
1939,0.2628515362739563,0.2632350605726242
1940,0.26299846172332764,0.263229593038559
1941,0.26301929354667664,0.26322291404008863
1942,0.262874573469162,0.2632126930356026
1943,0.26285725831985474,0.26320472598075867
1944,0.2629964351654053,0.2632021379470825
1945,0.2630264461040497,0.2631975027918816
1946,0.26305848360061646,0.2631903585791588
1947,0.26288992166519165,0.2631822207570076
1948,0.2628834843635559,0.2631777772307396
1949,0.2632218599319458,0.2631781765818596
1950,0.2629542946815491,0.2631728798151016
1951,0.2630263566970825,0.26316761791706084
1952,0.2630018889904022,0.26316345065832136
1953,0.2626791000366211,0.2631543716788292
1954,0.26281237602233887,0.2631486591696739
1955,0.2631154954433441,0.2631444776058197
1956,0.2626563310623169,0.2631374943256378
1957,0.2629488408565521,0.26313152760267255
1958,0.263136625289917,0.2631240090727806
1959,0.26285648345947266,0.26311900407075883
1960,0.2628071904182434,0.2631130191683769
1961,0.2628474235534668,0.26310517609119416
1962,0.2630143463611603,0.26310270458459856
1963,0.2627441883087158,0.26309532701969146
1964,0.2628059387207031,0.26308900892734527
1965,0.26302725076675415,0.2630841451883316
1966,0.2627551853656769,0.26307674080133436
1967,0.2627140283584595,0.26306824415922164
1968,0.26319822669029236,0.26306783050298693
1969,0.26287081837654114,0.2630626192688942
1970,0.26265794038772583,0.2630548211932182
1971,0.26287922263145447,0.26304721444845197
1972,0.2625214755535126,0.2630396017432213
1973,0.2627949118614197,0.2630347046256065
1974,0.26277098059654236,0.26302955955266955
1975,0.2628030478954315,0.26302430510520936
1976,0.26288408041000366,0.26302062809467314
1977,0.2625253200531006,0.2630120009183884
1978,0.26263996958732605,0.2630064579844475
1979,0.26265275478363037,0.2630008468031883
1980,0.2625616788864136,0.2629960295557976
1981,0.26274269819259644,0.2629902225732803
1982,0.2628098130226135,0.2629861408472061
1983,0.26286759972572327,0.26298353761434556
1984,0.2628227174282074,0.26297948718070985
1985,0.26273149251937866,0.2629726052284241
1986,0.26271963119506836,0.26296705603599546
1987,0.2629033923149109,0.2629632416367531
1988,0.2628346085548401,0.2629571545124054
1989,0.2624911963939667,0.26295033901929854
1990,0.2624526619911194,0.2629417538642883
1991,0.26272082328796387,0.26293627828359606
1992,0.262619286775589,0.2629306572675705
1993,0.26293784379959106,0.2629292333126068
1994,0.2626429498195648,0.2629259982705116
1995,0.26281094551086426,0.26292490273714064
1996,0.2625235617160797,0.2629194948077202
1997,0.2626917064189911,0.262914223074913
1998,0.2629680037498474,0.2629158854484558
1999,0.26265886425971985,0.2629118639230728
2000,0.2627721428871155,0.2629086291790009
2001,0.26265594363212585,0.26290433734655383
2002,0.2626948356628418,0.26289978235960004
2003,0.2625439167022705,0.2628946202993393
2004,0.2628408968448639,0.26289080679416654
2005,0.2623516917228699,0.26288407742977143
2006,0.2623867392539978,0.26287674009799955
2007,0.26251134276390076,0.2628681829571724
2008,0.26264864206314087,0.2628638043999672
2009,0.2628212869167328,0.2628599116206169
2010,0.2624424695968628,0.2628532561659813
2011,0.26261043548583984,0.26285131722688676
2012,0.26240554451942444,0.26284094095230104
2013,0.2625751197338104,0.2628332468867302
2014,0.2624952495098114,0.26282613694667817
2015,0.26274800300598145,0.2628216084837913
2016,0.2626257538795471,0.26281701505184174
2017,0.26261329650878906,0.2628134334087372
2018,0.262704461812973,0.2628095981478691
2019,0.26232337951660156,0.2628033894300461
2020,0.2626708149909973,0.2627997297048569
2021,0.262671560049057,0.26279779613018034
2022,0.26272594928741455,0.2627962297201157
2023,0.2624405324459076,0.2627883666753769
2024,0.26276254653930664,0.26278686881065366
2025,0.26268962025642395,0.26278338640928267
2026,0.26248931884765625,0.2627782568335533
2027,0.2624053359031677,0.2627731719613075
2028,0.2626895308494568,0.26277042299509046
2029,0.2625850737094879,0.2627658224105835
2030,0.26265954971313477,0.2627601897716522
2031,0.2625741958618164,0.2627571165561676
2032,0.2623259127140045,0.2627525269985199
2033,0.2624192535877228,0.2627476033568382
2034,0.26250767707824707,0.262744075357914
2035,0.2624809145927429,0.26274058133363726
2036,0.26217830181121826,0.26273327589035034
2037,0.26226669549942017,0.26272500932216647
2038,0.2620711028575897,0.2627167636156082
2039,0.2625523805618286,0.26271377205848695
2040,0.26229405403137207,0.26270672798156736
2041,0.26250356435775757,0.2627015706896782
2042,0.26275861263275146,0.2627004110813141
2043,0.26241642236709595,0.2626960027217865
2044,0.2624374330043793,0.26269041270017623
2045,0.26223015785217285,0.2626824498176575
2046,0.2625039517879486,0.2626769044995308
2047,0.2623586356639862,0.26267159163951875
2048,0.262509286403656,0.26266784965991974
2049,0.2625502943992615,0.2626611340045929
2050,0.2625807523727417,0.26265739858150483
2051,0.2622430920600891,0.2626495659351349
2052,0.2622109055519104,0.26264165610074997
2053,0.26234763860702515,0.262638341486454
2054,0.26235485076904297,0.26263376623392104
2055,0.26237571239471436,0.26262636840343473
2056,0.2624896168708801,0.2626247012615204
2057,0.26246875524520874,0.26261990040540695
2058,0.2622496783733368,0.26261103093624116
2059,0.26272380352020264,0.2626097041368485
2060,0.26249563694000244,0.26260658860206604
2061,0.2623629570007324,0.2626017439365387
2062,0.2620861828327179,0.26259246230125427
2063,0.26245689392089844,0.2625895893573761
2064,0.26245108246803284,0.2625860407948494
2065,0.26246654987335205,0.2625804337859154
2066,0.26261889934539795,0.2625790709257126
2067,0.2623596787452698,0.2625755274295807
2068,0.26230883598327637,0.26256663352251053
2069,0.26247134804725647,0.2625626388192177
2070,0.261896550655365,0.2625550249218941
2071,0.2622239589691162,0.2625484722852707
2072,0.26236140727996826,0.26254687160253526
2073,0.2620193362236023,0.2625391158461571
2074,0.26231926679611206,0.26253459870815277
2075,0.26243916153907776,0.26253095984458924
2076,0.26224929094314575,0.26252461194992066
2077,0.2620754837989807,0.2625201135873795
2078,0.26227977871894836,0.26251651167869566
2079,0.2620502710342407,0.26251048684120176
2080,0.2623226046562195,0.26250809609889986
2081,0.26230472326278687,0.26250371634960173
2082,0.26237237453460693,0.2624993419647217
2083,0.262224406003952,0.26249291002750397
2084,0.26242661476135254,0.2624889490008354
2085,0.2623252868652344,0.26248488694429395
2086,0.26254910230636597,0.26248318165540696
2087,0.26217037439346313,0.26247585147619246
2088,0.26230645179748535,0.26247056990861894
2089,0.26263201236724854,0.26247197806835176
2090,0.26245206594467163,0.26247197210788725
2091,0.26216447353363037,0.2624664086103439
2092,0.2621726393699646,0.2624619421362877
2093,0.2621139883995056,0.2624537035822868
2094,0.26207470893859863,0.26244802117347715
2095,0.26213425397872925,0.26244125425815584
2096,0.2621566653251648,0.26243758529424666
2097,0.26239389181137085,0.26243460714817046
2098,0.2620857357978821,0.26242578446865084
2099,0.2622564733028412,0.262421760559082
2100,0.2621445655822754,0.2624154847860336
2101,0.2623039782047272,0.26241196513175963
2102,0.2622094750404358,0.2624071115255356
2103,0.26191526651382446,0.26240082502365114
2104,0.2622695863246918,0.2623951119184494
2105,0.2625015377998352,0.2623966103792191
2106,0.26222172379493713,0.26239496022462844
2107,0.2622455656528473,0.2623923024535179
2108,0.2623085379600525,0.26238890141248705
2109,0.2622160315513611,0.26238284885883334
2110,0.2619357705116272,0.26237778186798094
2111,0.2617073059082031,0.2623687505722046
2112,0.26231855154037476,0.2623678806424141
2113,0.26204782724380493,0.262362607717514
2114,0.262031614780426,0.2623579713702202
2115,0.26208817958831787,0.26235137313604356
2116,0.26235431432724,0.2623486587405205
2117,0.26213958859443665,0.26234392166137693
2118,0.2621265947818756,0.262338142991066
2119,0.26232343912124634,0.26233814358711244
2120,0.2621551752090454,0.26233298718929293
2121,0.2620067596435547,0.2623263391852379
2122,0.26213234663009644,0.26232040315866473
2123,0.26236218214035034,0.2623196196556091
2124,0.2618839740753174,0.2623108339309692
2125,0.2621842622756958,0.262305780351162
2126,0.2621850073337555,0.26230273723602293
2127,0.262259840965271,0.26230128228664396
2128,0.26212894916534424,0.26229567646980284
2129,0.26181191205978394,0.2622879448533058
2130,0.2621522545814514,0.26228287190198896
2131,0.2619788348674774,0.2622769182920456
2132,0.26192569732666016,0.26227291613817216
2133,0.2618796229362488,0.2622675198316574
2134,0.26204395294189453,0.2622628825902939
2135,0.2617188096046448,0.2622552615404129
2136,0.26163697242736816,0.2622498482465744
2137,0.26217687129974365,0.26224895000457765
2138,0.2625141739845276,0.26225338071584703
2139,0.2619286775588989,0.2622471436858177
2140,0.2623574137687683,0.2622477772831917
2141,0.26217418909072876,0.2622444835305214
2142,0.26201295852661133,0.26223702698946
2143,0.26180174946784973,0.26223088026046754
2144,0.2618623375892639,0.26222512930631636
2145,0.2622082233428955,0.2622249099612236
2146,0.2617587447166443,0.26221745789051054
2147,0.26215648651123047,0.262215436398983
2148,0.2620711922645569,0.262211055457592
2149,0.26175180077552795,0.26220307052135466
2150,0.26218318939208984,0.26219909489154813
2151,0.26161056756973267,0.2621927696466446
2152,0.2615751028060913,0.2621864116191864
2153,0.26206541061401367,0.2621835893392563
2154,0.2619519829750061,0.2621795606613159
2155,0.2621532380580902,0.26217733591794967
2156,0.2618536651134491,0.26217097640037534
2157,0.26227110624313354,0.26216899991035464
2158,0.2621316909790039,0.26216782003641126
2159,0.2618453800678253,0.2621590358018875
2160,0.2617708444595337,0.2621517878770828
2161,0.26165008544921875,0.2621446591615677
2162,0.2618696391582489,0.262142493724823
2163,0.26170778274536133,0.2621350026130676
2164,0.26225948333740234,0.2621330866217613
2165,0.2619093060493469,0.26212751418352126
2166,0.26200759410858154,0.2621214011311531
2167,0.2617451548576355,0.26211525589227674
2168,0.2617796063423157,0.26210996359586713
2169,0.26182475686073303,0.26210349768400193
2170,0.26182714104652405,0.2621028035879135
2171,0.26174455881118774,0.2620980095863342
2172,0.2620978355407715,0.26209537386894227
2173,0.2616347074508667,0.2620915275812149
2174,0.2618466019630432,0.2620868009328842
2175,0.26177260279655457,0.262080135345459
2176,0.2619677782058716,0.2620773202180862
2177,0.2618330717086792,0.2620748960971832
2178,0.2619575262069702,0.26207167357206346
2179,0.26196807622909546,0.262070851624012
2180,0.26181870698928833,0.2620658126473427
2181,0.2616026699542999,0.2620587921142578
2182,0.26179707050323486,0.2620530390739441
2183,0.2616221308708191,0.26204701632261274
2184,0.2611995339393616,0.2620347455143929
2185,0.2615596354007721,0.26202708899974825
2186,0.2617934048175812,0.2620195320248604
2187,0.2619108557701111,0.26201693683862687
2188,0.26169437170028687,0.26201081603765486
2189,0.26185619831085205,0.2620030578970909
2190,0.26175352931022644,0.26199607253074647
2191,0.2617343068122864,0.26199177086353304
2192,0.26176321506500244,0.2619876766204834
2193,0.2618648409843445,0.2619851851463318
2194,0.2619136869907379,0.2619835749268532
2195,0.26159271597862244,0.2619781595468521
2196,0.26178187131881714,0.26197441160678864
2197,0.2616417109966278,0.2619668897986412
2198,0.2617340087890625,0.261963372528553
2199,0.26171910762786865,0.26195799887180327
2200,0.2615399658679962,0.2619519528746605
2201,0.26163023710250854,0.2619452154636383
2202,0.2618016302585602,0.26194113701581956
2203,0.26206642389297485,0.261942648589611
2204,0.26203376054763794,0.2619402903318405
2205,0.26161712408065796,0.26193144619464875
2206,0.2618033289909363,0.2619272622466087
2207,0.2619174122810364,0.26192398071289064
2208,0.2615186870098114,0.2619160822033882
2209,0.26183822751045227,0.2619123041629791
2210,0.26153135299682617,0.2619082599878311
2211,0.2616744637489319,0.2619079315662384
2212,0.2618274688720703,0.26190302073955535
2213,0.26170068979263306,0.2618995493650436
2214,0.26149219274520874,0.26189415514469144
2215,0.26160556077957153,0.261889328956604
2216,0.26131749153137207,0.2618789607286453
2217,0.26186665892601013,0.26187623143196104
2218,0.26166611909866333,0.2618716266751289
2219,0.2619209289550781,0.2618676015734673
2220,0.2614327669143677,0.2618603774905205
2221,0.2615203559398651,0.26185551345348357
2222,0.2615586221218109,0.2618497762084007
2223,0.26143497228622437,0.2618405041098595
2224,0.2612244486808777,0.26183390885591507
2225,0.261724591255188,0.26182931214571
2226,0.26129239797592163,0.26182038605213165
2227,0.26149600744247437,0.26181274771690366
2228,0.26166224479675293,0.26180808067321776
2229,0.26176437735557556,0.2618076053261757
2230,0.2615013122558594,0.2618010959029198
2231,0.2616654634475708,0.2617979621887207
2232,0.2615872323513031,0.2617945775389671
2233,0.26121556758880615,0.2617879369854927
2234,0.26137906312942505,0.261781288087368
2235,0.2615121603012085,0.26177922159433364
2236,0.2614641785621643,0.2617774936556816
2237,0.2612435221672058,0.2617681601643562
2238,0.26142263412475586,0.2617572447657585
2239,0.2618442177772522,0.26175640016794205
2240,0.2616855502128601,0.261749681532383
2241,0.2612382173538208,0.2617403218150139
2242,0.26125845313072205,0.261732776761055
2243,0.2614784836769104,0.2617295441031456
2244,0.26185014843940735,0.261729422211647
2245,0.26123887300491333,0.2617197287082672
2246,0.2613682448863983,0.26171582370996477
2247,0.26131486892700195,0.26170740753412247
2248,0.2612704336643219,0.26169939994812014
2249,0.26175594329833984,0.2616994413733482
2250,0.26136326789855957,0.26169124215841294
2251,0.2615910768508911,0.2616910472512245
2252,0.26141756772994995,0.2616894719004631
2253,0.26121723651885986,0.2616809901595116
2254,0.26150843501091003,0.2616765546798706
2255,0.26172035932540894,0.2616722258925438
2256,0.2612767517566681,0.261666456758976
2257,0.261488676071167,0.2616586324572563
2258,0.2615405321121216,0.2616527208685875
2259,0.2614331841468811,0.261648598909378
2260,0.26129764318466187,0.26164386689662933
2261,0.2613371014595032,0.2616407370567322
2262,0.2612262964248657,0.2616343036293983
2263,0.2612399458885193,0.26162962526082995
2264,0.26167792081832886,0.2616238096356392
2265,0.2616099715232849,0.2616208162903786
2266,0.2617560029029846,0.2616183003783226
2267,0.2612646818161011,0.26161349564790726
2268,0.2614535689353943,0.26161023527383803
2269,0.26115524768829346,0.2616035401821136
2270,0.2612287998199463,0.26159755676984786
2271,0.26149982213974,0.2615951094031334
2272,0.2615848183631897,0.26158997923135757
2273,0.261204332113266,0.26158567547798156
2274,0.2614107131958008,0.26158131659030914
2275,0.26133692264556885,0.2615769597887993
2276,0.2612851858139038,0.2615701338648796
2277,0.2615499198436737,0.26156730234622955
2278,0.26120251417160034,0.26155975222587585
2279,0.26145899295806885,0.2615546613931656
2280,0.26135125756263733,0.2615499868988991
2281,0.2612612247467041,0.2615465724468231
2282,0.26158642768859863,0.26154446601867676
2283,0.261674165725708,0.2615449863672257
2284,0.26110681891441345,0.26154405921697615
2285,0.26140424609184265,0.2615425053238869
2286,0.2611868381500244,0.2615364396572113
2287,0.2609676122665405,0.2615270072221756
2288,0.26134854555130005,0.26152354896068575
2289,0.26162809133529663,0.26152126789093016
2290,0.2615585923194885,0.2615193185210228
2291,0.2612086236476898,0.26151406168937685
2292,0.26143765449523926,0.2615108060836792
2293,0.26125359535217285,0.2615046936273575
2294,0.2609541714191437,0.26149509847164154
2295,0.2613343596458435,0.26149251490831377
2296,0.26134219765663147,0.2614881181716919
2297,0.2615015506744385,0.26148671656847
2298,0.2610502541065216,0.2614798790216446
2299,0.26122406125068665,0.2614749285578728
2300,0.26118203997612,0.261471349298954
2301,0.2611548900604248,0.26146659582853315
2302,0.26091015338897705,0.26145768105983735
2303,0.2615402340888977,0.26145241916179657
2304,0.2614617943763733,0.2614466995000839
2305,0.2616535425186157,0.2614470636844635
2306,0.26111486554145813,0.26144017904996875
2307,0.2613210082054138,0.2614342150092125
2308,0.2612055242061615,0.261431083381176
2309,0.2609599828720093,0.2614223009347916
2310,0.2608436942100525,0.26141542434692383
2311,0.26113736629486084,0.2614100533723831
2312,0.2613862156867981,0.2614056408405304
2313,0.2614518404006958,0.26140315234661105
2314,0.2610517740249634,0.26139874815940856
2315,0.261501282453537,0.2613977053761482
2316,0.2611296772956848,0.26139582723379134
2317,0.26129862666130066,0.26139014691114426
2318,0.26106444001197815,0.2613841301202774
2319,0.2609909772872925,0.26137483060359956
2320,0.2613900899887085,0.26137440383434296
2321,0.26136869192123413,0.26137288719415663
2322,0.26084405183792114,0.26136574149131775
2323,0.26114457845687866,0.2613628375530243
2324,0.2610836625099182,0.2613614296913147
2325,0.2612597346305847,0.26135678112506866
2326,0.2611963450908661,0.2613558205962181
2327,0.2611129581928253,0.2613519901037216
2328,0.2614372968673706,0.2613497406244278
2329,0.26137062907218933,0.26134580314159395
2330,0.2610970139503479,0.2613417601585388
2331,0.261245459318161,0.26133756011724474
2332,0.2607984244823456,0.26132967203855517
2333,0.26108843088150024,0.2613284006714821
2334,0.26124638319015503,0.26132707387208937
2335,0.26134470105171204,0.2613253992795944
2336,0.26083904504776,0.2613191479444504
2337,0.2609952688217163,0.26131666541099546
2338,0.26129335165023804,0.2613153725862503
2339,0.26114988327026367,0.2613084292411804
2340,0.2612226605415344,0.26130380034446715
2341,0.26128947734832764,0.26130431294441225
2342,0.260650634765625,0.26129823476076125
2343,0.26121315360069275,0.2612955814599991
2344,0.2608482241630554,0.2612855622172356
2345,0.26077699661254883,0.26128094345331193
2346,0.26127907633781433,0.2612800517678261
2347,0.26126760244369507,0.261279579102993
2348,0.26098203659057617,0.26127669513225554
2349,0.26137009263038635,0.26127283662557604
2350,0.26090753078460693,0.2612682792544365
2351,0.26125580072402954,0.2612649264931679
2352,0.2609134316444397,0.2612598851323128
2353,0.2612672448158264,0.26126038521528244
2354,0.2610989511013031,0.26125629037618636
2355,0.260959267616272,0.261248679459095
2356,0.26099908351898193,0.26124590277671816
2357,0.26115477085113525,0.2612425637245178
2358,0.26106637716293335,0.26123782217502595
2359,0.2611292600631714,0.26123478293418884
2360,0.26108813285827637,0.261232687830925
2361,0.26121145486831665,0.26123143136501314
2362,0.260633647441864,0.2612255048751831
2363,0.26138123869895935,0.2612269178032875
2364,0.26108384132385254,0.26122097700834274
2365,0.2611556053161621,0.26121643334627154
2366,0.26149916648864746,0.2612138649821281
2367,0.2610582411289215,0.26121180057525634
2368,0.2615516781806946,0.26121278166770934
2369,0.26102548837661743,0.2612114840745926
2370,0.26107871532440186,0.2612099832296371
2371,0.26091766357421875,0.2612041616439819
2372,0.2611677348613739,0.2611999908089638
2373,0.2613888084888458,0.2612018355727196
2374,0.2612096667289734,0.2611998251080513
2375,0.2613699436187744,0.26120015531778334
2376,0.2614954710006714,0.26120225816965104
2377,0.26101070642471313,0.26119686603546144
2378,0.2610066831111908,0.2611949077248573
2379,0.26122769713401794,0.2611925947666168
2380,0.2612679600715637,0.2611917617917061
2381,0.2609395682811737,0.26118854522705076
2382,0.2611807584762573,0.2611844885349274
2383,0.26074549555778503,0.26117520183324816
2384,0.26111048460006714,0.26117523849010466
2385,0.26109737157821655,0.26117216974496843
2386,0.2611056864261627,0.2611713582277298
2387,0.26098790764808655,0.2611715611815453
2388,0.26071983575820923,0.26116527408361434
2389,0.260775089263916,0.26115674406290057
2390,0.2610935568809509,0.26115209370851517
2391,0.26110517978668213,0.2611510592699051
2392,0.2611766755580902,0.2611484494805336
2393,0.2612760365009308,0.2611486738920212
2394,0.2612755000591278,0.261151887178421
2395,0.261383056640625,0.26115237414836884
2396,0.26116418838500977,0.2611505940556526
2397,0.26100724935531616,0.2611456510424614
2398,0.2613797187805176,0.26114894568920133
2399,0.26078471541404724,0.26114455223083494
2400,0.26122868061065674,0.2611450186371803
2401,0.26073044538497925,0.26114077419042586
2402,0.2611196041107178,0.2611428686976433
2403,0.26084908843040466,0.26113595724105837
2404,0.2610200047492981,0.2611315393447876
2405,0.2608928382396698,0.26112393230199815
2406,0.2607720196247101,0.26112050384283064
2407,0.26087290048599243,0.26111602276563645
2408,0.26109325885772705,0.2611149001121521
2409,0.26081332564353943,0.2611134335398674
2410,0.26047876477241516,0.26110978424549103
2411,0.2606728971004486,0.2611051395535469
2412,0.2612026333808899,0.26110330373048785
2413,0.2613219618797302,0.2611020049452782
2414,0.2608489394187927,0.26109997659921647
2415,0.26113635301589966,0.2610963273048401
2416,0.2608104646205902,0.26109313517808913
2417,0.2605043351650238,0.2610851922631264
2418,0.2607349157333374,0.26108189702033996
2419,0.26106011867523193,0.2610825884342194
2420,0.2611129879951477,0.26107981741428377
2421,0.2608546018600464,0.2610746765136719
2422,0.2609236240386963,0.2610754722356796
2423,0.26039284467697144,0.26106795489788054
2424,0.2609875202178955,0.2610669934749603
2425,0.2607254683971405,0.2610616508126259
2426,0.2612612843513489,0.2610623002052307
2427,0.2607399821281433,0.2610585704445839
2428,0.2610548734664917,0.2610547462105751
2429,0.2612335681915283,0.2610533756017685
2430,0.2612551152706146,0.26105495661497113
2431,0.26109349727630615,0.26105343699455263
2432,0.26139482855796814,0.26105940103530884
2433,0.2609410285949707,0.26105792701244357
2434,0.2609337568283081,0.2610548007488251
2435,0.26086223125457764,0.2610499760508537
2436,0.2611340284347534,0.2610529258847237
2437,0.2608221173286438,0.26105119436979296
2438,0.26124563813209534,0.2610507172346115
2439,0.26097989082336426,0.2610490173101425
2440,0.26091906428337097,0.2610459813475609
2441,0.26097214221954346,0.26104280799627305
2442,0.260844886302948,0.2610447505116463
2443,0.2611442804336548,0.2610440617799759
2444,0.26083528995513916,0.26104393243789675
2445,0.26100993156433105,0.2610462617874145
2446,0.2609257996082306,0.2610427290201187
2447,0.26138266921043396,0.2610438796877861
2448,0.2607860565185547,0.2610419198870659
2449,0.26127099990844727,0.2610409289598465
2450,0.2610960602760315,0.2610428142547607
2451,0.26071345806121826,0.26103739082813265
2452,0.26108530163764954,0.26103910952806475
2453,0.2607470452785492,0.26103390753269196
2454,0.26090216636657715,0.2610319396853447
2455,0.2611522972583771,0.26103386998176575
2456,0.2608187198638916,0.26103206634521486
2457,0.2605459690093994,0.26102597832679747
2458,0.2609453797340393,0.26102476835250854
2459,0.26109662652015686,0.2610244420170784
2460,0.26077499985694885,0.26102131068706513
2461,0.260503888130188,0.26101423501968385
2462,0.26085206866264343,0.2610164192318916
2463,0.260744571685791,0.26101005256175996
2464,0.2607199251651764,0.26100641340017317
2465,0.26086267828941345,0.2610034841299057
2466,0.26052549481391907,0.2609937474131584
2467,0.26113003492355347,0.2609944653511047
2468,0.26081347465515137,0.2609870833158493
2469,0.260941743850708,0.2609862458705902
2470,0.2610084116458893,0.2609855428338051
2471,0.260894238948822,0.2609853085875511
2472,0.26096007227897644,0.2609832319617271
2473,0.2608606815338135,0.26097795069217683
2474,0.26121246814727783,0.26097797870635986
2475,0.260895311832428,0.2609732323884964
2476,0.26106300950050354,0.26096890777349474
2477,0.2605224847793579,0.2609640255570412
2478,0.26095688343048096,0.26096352756023405
2479,0.2605062425136566,0.26095631301403044
2480,0.2606544494628906,0.2609501779079437
2481,0.2608528137207031,0.26094931036233904
2482,0.2605361342430115,0.26094286412000656
2483,0.2606360912322998,0.26094177007675173
2484,0.26087772846221924,0.2609394425153732
2485,0.2608930468559265,0.26093739926815035
2486,0.2610436677932739,0.26093677908182145
2487,0.261078417301178,0.26093768417835234
2488,0.2609913945198059,0.26094039976596833
2489,0.2608122229576111,0.26094077110290526
2490,0.2604171633720398,0.2609340071678162
2491,0.2612215280532837,0.26093517065048216
2492,0.26097428798675537,0.2609331467747688
2493,0.2607385814189911,0.2609277722239494
2494,0.2606295943260193,0.2609213131666184
2495,0.26064956188201904,0.2609139782190323
2496,0.26076462864875793,0.26090998262166976
2497,0.2609346807003021,0.2609092569351196
2498,0.26100316643714905,0.26090549141168595
2499,0.26052767038345337,0.26090292096138
2500,0.2609720826148987,0.26090035498142244
2501,0.2608429789543152,0.2609014803171158
2502,0.260597288608551,0.26089625716209414
2503,0.26063162088394165,0.2608940824866295
2504,0.2606063485145569,0.26088994592428205
2505,0.26099735498428345,0.2608909910917282
2506,0.26058220863342285,0.26088909298181534
2507,0.26085227727890015,0.2608888867497444
2508,0.2606751620769501,0.2608847057819366
2509,0.26064470410346985,0.2608830195665359
2510,0.2611570358276367,0.2608898022770882
2511,0.2607647180557251,0.2608907204866409
2512,0.26048627495765686,0.2608835569024086
2513,0.2609621286392212,0.2608799585700035
2514,0.260969340801239,0.260881162583828
2515,0.26029789447784424,0.26087277799844744
2516,0.26098281145095825,0.2608745014667511
2517,0.26046472787857056,0.26087410539388656
2518,0.2606128454208374,0.2608728846907616
2519,0.26052623987197876,0.26086754590272904
2520,0.2605535387992859,0.2608619514107704
2521,0.26087895035743713,0.2608621948957443
2522,0.2604599595069885,0.2608575582504272
2523,0.2605016827583313,0.26085864663124086
2524,0.26028192043304443,0.26085159063339236
2525,0.26043063402175903,0.2608486422896385
2526,0.2606968283653259,0.2608429977297783
2527,0.26083385944366455,0.2608439365029335
2528,0.26038414239883423,0.26083722919225694
2529,0.2608555257320404,0.26083344876766207
2530,0.26049894094467163,0.2608258870244026
2531,0.26093432307243347,0.2608242952823639
2532,0.2609442174434662,0.2608197891712189
2533,0.2608642280101776,0.2608190211653709
2534,0.26067280769348145,0.2608164116740227
2535,0.26063835620880127,0.2608141729235649
2536,0.26057130098342896,0.26080854564905165
2537,0.26065295934677124,0.26080685406923293
2538,0.2608184516429901,0.2608025822043419
2539,0.26074838638305664,0.2608002671599388
2540,0.26066499948501587,0.26079772651195526
2541,0.2606211304664612,0.26079421639442446
2542,0.2603762149810791,0.2607895296812057
2543,0.2605075240135193,0.2607831621170044
2544,0.26065680384635925,0.2607813772559166
2545,0.26049870252609253,0.2607762649655342
2546,0.2607274055480957,0.2607742810249329
2547,0.26093190908432007,0.26076977342367175
2548,0.260505348443985,0.260766966342926
2549,0.2602977156639099,0.26075723350048063
2550,0.2605380415916443,0.26075165331363676
2551,0.2599838376045227,0.26074435710906985
2552,0.2604118883609772,0.2607376229763031
2553,0.2606803774833679,0.2607369562983513
2554,0.26030778884887695,0.26073101252317427
2555,0.2607439160346985,0.2607269287109375
2556,0.26017504930496216,0.2607204920053482
2557,0.26039156317710876,0.2607189479470253
2558,0.26080581545829773,0.2607175523042679
2559,0.2606302797794342,0.26071288883686067
2560,0.260392427444458,0.26070906311273573
2561,0.26051434874534607,0.2607091677188873
2562,0.260555624961853,0.26070620328187943
2563,0.26070845127105713,0.26070584207773206
2564,0.2602580189704895,0.26070122301578524
2565,0.26042282581329346,0.260696824491024
2566,0.2605595290660858,0.26069716483354566
2567,0.26051443815231323,0.2606910088658333
2568,0.2606268525123596,0.26068914264440535
2569,0.260233610868454,0.2606820613145828
2570,0.2608942985534668,0.2606809201836586
2571,0.26059994101524353,0.26067797720432284
2572,0.26038455963134766,0.2606722220778465
2573,0.2605939507484436,0.2606695547699928
2574,0.26033276319503784,0.2606607577204704
2575,0.26064735651016235,0.2606582781672478
2576,0.2602385878562927,0.26065003395080566
2577,0.2606588304042816,0.2606513974070549
2578,0.2603943645954132,0.2606457722187042
2579,0.26060596108436584,0.26064676940441134
2580,0.2603287994861603,0.260643512904644
2581,0.2601504325866699,0.26063648909330367
2582,0.26021966338157654,0.26063332438468934
2583,0.2606174647808075,0.2606331381201744
2584,0.2604467272758484,0.2606288281083107
2585,0.2604708969593048,0.2606246066093445
2586,0.2607874870300293,0.260622044801712
2587,0.26035624742507935,0.26061482310295103
2588,0.2606004476547241,0.2606109136343002
2589,0.2605604827404022,0.26060839623212817
2590,0.2600288987159729,0.26060451358556747
2591,0.26048940420150757,0.2605971923470497
2592,0.26070642471313477,0.2605945137143135
2593,0.26051127910614014,0.260592240691185
2594,0.26064223051071167,0.2605923670530319
2595,0.2603587210178375,0.2605894586443901
2596,0.2601604461669922,0.2605834168195724
2597,0.2603692412376404,0.26057776242494585
2598,0.2602875828742981,0.2605706065893173
2599,0.26057207584381104,0.2605710506439209
2600,0.2604389190673828,0.2605657190084457
2601,0.26041895151138306,0.2605614787340164
2602,0.2603081166744232,0.26055858701467516
2603,0.26041656732559204,0.26055643647909166
2604,0.26044827699661255,0.2605548557639122
2605,0.2603718638420105,0.2605486008524895
2606,0.2605137825012207,0.26054791659116744
2607,0.26005128026008606,0.2605399066209793
2608,0.26064708828926086,0.2605396258831024
2609,0.2606534957885742,0.26053971379995344
2610,0.2604188919067383,0.26053233236074447
2611,0.26074081659317017,0.26053209334611893
2612,0.260311484336853,0.2605303454399109
2613,0.26094794273376465,0.2605302035808563
2614,0.26057735085487366,0.2605262836813927
2615,0.26074546575546265,0.26053075939416886
2616,0.2604459524154663,0.2605253908038139
2617,0.2605324387550354,0.2605260679125786
2618,0.26069438457489014,0.2605268833041191
2619,0.260739266872406,0.2605290135741234
2620,0.2602028548717499,0.26052550673484803
2621,0.2603369653224945,0.26052008688449857
2622,0.2604069709777832,0.26051955699920654
2623,0.2605013847351074,0.2605195540189743
2624,0.2604517638683319,0.2605212524533272
2625,0.2604556679725647,0.26052150279283526
2626,0.26045504212379456,0.2605190849304199
2627,0.26048335433006287,0.2605155798792839
2628,0.26031696796417236,0.2605149081349373
2629,0.26050955057144165,0.2605114483833313
2630,0.2604480981826782,0.26051093995571134
2631,0.26008301973342896,0.26050242692232134
2632,0.26045140624046326,0.2604974988102913
2633,0.2606521248817444,0.26049537777900694
2634,0.2608034312725067,0.2604966840147972
2635,0.26058894395828247,0.260496189892292
2636,0.2605135142803192,0.26049561202526095
2637,0.2601715922355652,0.26049079835414884
2638,0.2602284550666809,0.2604848983883858
2639,0.2601607143878937,0.2604790216684341
2640,0.26020383834838867,0.2604744100570679
2641,0.2605213522911072,0.26047341227531434
2642,0.26015347242355347,0.2604711848497391
2643,0.2602759897708893,0.2604688695073128
2644,0.2599872946739197,0.2604621744155884
2645,0.26059210300445557,0.260463108420372
2646,0.2604771554470062,0.2604606059193611
2647,0.2604352533817291,0.2604556393623352
2648,0.26024171710014343,0.2604530030488968
2649,0.26023244857788086,0.2604523503780365
2650,0.260189026594162,0.2604488602280617
2651,0.26028406620025635,0.26045186251401903
2652,0.25996488332748413,0.2604473924636841
2653,0.2602338194847107,0.2604429268836975
2654,0.26053017377853394,0.26044515073299407
2655,0.2600545883178711,0.26043825745582583
2656,0.26007187366485596,0.26043722569942473
2657,0.2600998282432556,0.2604343083500862
2658,0.26035845279693604,0.2604298347234726
2659,0.2601183354854584,0.26042471528053285
2660,0.2598792612552643,0.2604195836186409
2661,0.2600368559360504,0.26041480869054795
2662,0.2604717016220093,0.2604139694571495
2663,0.25980398058891296,0.26040492475032806
2664,0.26058322191238403,0.26040817677974704
2665,0.26046663522720337,0.2604086148738861
2666,0.2600809335708618,0.2604038289189339
2667,0.26039350032806396,0.2604026195406914
2668,0.25993096828460693,0.26039566069841386
2669,0.2600041627883911,0.2603933662176132
2670,0.2599731385707855,0.2603841546177864
2671,0.26050710678100586,0.260383226275444
2672,0.2600260078907013,0.26037964075803754
2673,0.2600608766078949,0.2603743100166321
2674,0.2603079676628113,0.2603740620613098
2675,0.26025354862213135,0.2603701239824295
2676,0.2603774666786194,0.2603715127706528
2677,0.2599170207977295,0.26036409467458727
2678,0.2603210210800171,0.26036336123943327
2679,0.2601795494556427,0.26035909712314603
2680,0.26024699211120605,0.2603582790493965
2681,0.26046204566955566,0.2603613951802254
2682,0.26010817289352417,0.26036028027534486
2683,0.26024800539016724,0.26035658568143843
2684,0.26007285714149475,0.2603528469800949
2685,0.2606017589569092,0.26035415560007097
2686,0.26009413599967957,0.26034722208976746
2687,0.2600667476654053,0.2603443270921707
2688,0.2603047490119934,0.26034137010574343
2689,0.26025834679603577,0.26033834874629974
2690,0.2603718340396881,0.2603417780995369
2691,0.2601804733276367,0.2603386887907982
2692,0.2602396309375763,0.2603340208530426
2693,0.26000428199768066,0.260328950881958
2694,0.2602931261062622,0.2603254598379135
2695,0.2598487138748169,0.2603203597664833
2696,0.26010897755622864,0.26031984508037564
2697,0.2600267827510834,0.2603164204955101
2698,0.2602609694004059,0.26031615436077116
2699,0.2603415548801422,0.2603138491511345
2700,0.2595553696155548,0.26030501365661624
2701,0.2598101496696472,0.26029892563819884
2702,0.2601240277290344,0.26029708474874497
2703,0.2600320279598236,0.2602932393550873
2704,0.26013389229774475,0.2602900955080986
2705,0.2603904604911804,0.2602902814745903
2706,0.2599906325340271,0.26028504997491836
2707,0.2601053714752197,0.2602855908870697
2708,0.26025643944740295,0.2602816843986511
2709,0.2600833773612976,0.26027598321437834
2710,0.2600032091140747,0.26027182638645174
2711,0.26064974069595337,0.26027091562747956
2712,0.26018497347831726,0.26026965051889417
2713,0.2601419985294342,0.2602615910768509
2714,0.26007089018821716,0.2602565264701843
2715,0.260236918926239,0.26025144100189207
2716,0.2599678337574005,0.2602466598153114
2717,0.26011574268341064,0.26024249285459516
2718,0.2600921392440796,0.26023647040128706
2719,0.25987493991851807,0.2602278271317482
2720,0.2599821090698242,0.2602256196737289
2721,0.2600041925907135,0.2602222919464111
2722,0.2599775195121765,0.26021799743175505
2723,0.26043209433555603,0.26021730452775954
2724,0.260392427444458,0.2602167111635208
2725,0.2599307894706726,0.2602114623785019
2726,0.25998589396476746,0.26020677089691163
2727,0.25997793674468994,0.2602017167210579
2728,0.260000079870224,0.2601985478401184
2729,0.2605620324611664,0.26019907265901565
2730,0.2601349353790283,0.26019594103097915
2731,0.2598201036453247,0.2601933118700981
2732,0.26009702682495117,0.260189768075943
2733,0.25986817479133606,0.2601819285750389
2734,0.2601419687271118,0.260175313949585
2735,0.26020917296409607,0.2601715162396431
2736,0.2599087953567505,0.2601654690504074
2737,0.25997018814086914,0.2601634550094605
2738,0.26016294956207275,0.2601627999544144
2739,0.25978755950927734,0.2601590684056282
2740,0.2599509358406067,0.2601565393805504
2741,0.26018786430358887,0.2601532045006752
2742,0.26019740104675293,0.2601536437869072
2743,0.2598915696144104,0.2601497995853424
2744,0.2599891424179077,0.2601498180627823
2745,0.26001203060150146,0.26014401733875275
2746,0.26035505533218384,0.2601427963376045
2747,0.2598118782043457,0.2601365625858307
2748,0.260059654712677,0.260134741961956
2749,0.26012057065963745,0.2601336231827736
2750,0.25993722677230835,0.26013110518455507
2751,0.2598048448562622,0.2601263129711151
2752,0.2598264217376709,0.260124928355217
2753,0.26016807556152344,0.2601242709159851
2754,0.2597096562385559,0.2601160657405853
2755,0.2595765292644501,0.2601112851500511
2756,0.26027944684028625,0.2601133608818054
2757,0.26011228561401367,0.260113485455513
2758,0.2599162757396698,0.26010906368494036
2759,0.2600405812263489,0.26010828614234927
2760,0.2601431608200073,0.26011092513799666
2761,0.2598128914833069,0.2601086854934692
2762,0.2600117325782776,0.2601040858030319
2763,0.26006704568862915,0.2601067164540291
2764,0.2595270872116089,0.26009615510702133
2765,0.25963112711906433,0.26008780002593995
2766,0.2598962187767029,0.26008595287799835
2767,0.25981515645980835,0.2600801694393158
2768,0.2602560222148895,0.2600834199786186
2769,0.2599926292896271,0.260083304643631
2770,0.260052889585495,0.2600841021537781
2771,0.2595122754573822,0.26007415384054183
2772,0.260276198387146,0.2600766557455063
2773,0.2599644660949707,0.260075691640377
2774,0.25980478525161743,0.2600706598162651
2775,0.2600269913673401,0.2600683942437172
2776,0.25986117124557495,0.26006323128938674
2777,0.2600625157356262,0.2600646862387657
2778,0.2599988579750061,0.2600614646077156
2779,0.26006925106048584,0.26006036162376406
2780,0.2599085569381714,0.2600569772720337
2781,0.2598033547401428,0.2600503903627396
2782,0.26004403829574585,0.26004974901676176
2783,0.2600490152835846,0.26004775911569594
2784,0.2599133253097534,0.26004616379737855
2785,0.2598962187767029,0.2600391083955765
2786,0.2599276006221771,0.26003744304180143
2787,0.2601524889469147,0.26003830045461657
2788,0.25997936725616455,0.26003504663705823
2789,0.2602335512638092,0.260034798681736
2790,0.2597307562828064,0.26002838790416716
2791,0.26034843921661377,0.26003006756305697
2792,0.2597179412841797,0.260024850666523
2793,0.2596336603164673,0.26002114444971086
2794,0.2596319317817688,0.2600145325064659
2795,0.2599695324897766,0.2600157406926155
2796,0.2600504457950592,0.2600151553750038
2797,0.25988104939460754,0.26001369804143903
2798,0.26025527715682983,0.26001364111900327
2799,0.25978749990463257,0.2600081005692482
2800,0.259867787361145,0.26001122474670413
2801,0.2598276436328888,0.2600113996863365
2802,0.2595478594303131,0.2600056380033493
2803,0.2598775327205658,0.26000409305095673
2804,0.2596379220485687,0.259999133348465
2805,0.26000064611434937,0.25999523520469664
2806,0.2595996856689453,0.25999132573604583
2807,0.25961095094680786,0.2599863815307617
2808,0.259674072265625,0.2599805578589439
2809,0.25985416769981384,0.2599782657623291
2810,0.26023679971694946,0.25998060166835785
2811,0.2594851553440094,0.2599689558148384
2812,0.259785920381546,0.2599649652838707
2813,0.2596578001976013,0.25996012330055235
2814,0.2600204348564148,0.25995961874723433
2815,0.2597685158252716,0.25995493471622466
2816,0.2597794234752655,0.25995305061340335
2817,0.2596157491207123,0.2599480506777763
2818,0.2595444321632385,0.25994257360696793
2819,0.25960418581962585,0.259939866065979
2820,0.2598057687282562,0.25993810266256334
2821,0.25965553522109985,0.2599346160888672
2822,0.25992417335510254,0.25993408262729645
2823,0.2602052092552185,0.25993181377649305
2824,0.2593809962272644,0.25992169946432114
2825,0.25985583662986755,0.2599209499359131
2826,0.25998228788375854,0.259920913875103
2827,0.25971168279647827,0.25991825133562085
2828,0.25966453552246094,0.2599148958921432
2829,0.2597971260547638,0.2599072468280792
2830,0.2600708603858948,0.25990660607814786
2831,0.259502649307251,0.25990343153476714
2832,0.2590978145599365,0.259893439412117
2833,0.26000332832336426,0.2598947909474373
2834,0.25992268323898315,0.259892598092556
2835,0.25990867614746094,0.25988959312438964
2836,0.259806752204895,0.2598885726928711
2837,0.26013606786727905,0.2598902314901352
2838,0.25956353545188904,0.2598842373490334
2839,0.2597684860229492,0.2598840466141701
2840,0.25979936122894287,0.25988253086805346
2841,0.25951170921325684,0.2598757693171501
2842,0.259298712015152,0.2598667824268341
2843,0.2598170340061188,0.2598660370707512
2844,0.2597275376319885,0.259863421022892
2845,0.2597179710865021,0.259860480427742
2846,0.2597430348396301,0.2598543602228165
2847,0.2602195143699646,0.25985843658447266
2848,0.2594504952430725,0.2598523449897766
2849,0.25941699743270874,0.2598453092575073
2850,0.2597057819366455,0.2598429948091507
2851,0.2594684362411499,0.2598396307229996
2852,0.2597510814666748,0.2598388773202896
2853,0.2593684792518616,0.259830881357193
2854,0.259868323802948,0.25983246803283694
2855,0.25962939858436584,0.25983299672603605
2856,0.2594749927520752,0.25982495218515395
2857,0.25936800241470337,0.25981750935316084
2858,0.259740948677063,0.25981575608253477
2859,0.25944656133651733,0.2598098158836365
2860,0.25981515645980835,0.2598065358400345
2861,0.2595517635345459,0.25980392456054685
2862,0.25940781831741333,0.25979788541793825
2863,0.25873059034347534,0.25978452086448667
2864,0.25952911376953125,0.25978454113006594
2865,0.2597091495990753,0.25978532135486604
2866,0.25922244787216187,0.2597785836458206
2867,0.25933387875556946,0.25977377086877823
2868,0.2597789466381073,0.2597690001130104
2869,0.25914448499679565,0.2597605186700821
2870,0.25962650775909424,0.2597562548518181
2871,0.25963813066482544,0.2597575134038925
2872,0.2595968544483185,0.2597507199645042
2873,0.25988852977752686,0.2597499606013298
2874,0.2595024108886719,0.25974693685770034
2875,0.2595888376235962,0.2597425553202629
2876,0.2598210275173187,0.25974215388298033
2877,0.2591894865036011,0.2597334235906601
2878,0.259233295917511,0.2597257679700851
2879,0.2595953345298767,0.25972102880477904
2880,0.2596476376056671,0.25971841961145403
2881,0.2596854269504547,0.25971724033355714
2882,0.26013773679733276,0.259718177318573
2883,0.25917863845825195,0.25970947355031965
2884,0.25907930731773376,0.25970113337039946
2885,0.25926893949508667,0.2596948605775833
2886,0.25998032093048096,0.25969538778066636
2887,0.2596053183078766,0.259689916074276
2888,0.25992143154144287,0.25968933671712874
2889,0.25935959815979004,0.25968059718608855
2890,0.25965559482574463,0.25967984557151796
2891,0.2591773271560669,0.25966813445091247
2892,0.25946810841560364,0.2596656361222267
2893,0.25976797938346863,0.25966697931289673
2894,0.2596580386161804,0.25966724038124084
2895,0.25944066047668457,0.25966195166110995
2896,0.2597913444042206,0.2596593606472015
2897,0.2593008875846863,0.2596535590291023
2898,0.2593865990638733,0.2596448722481728
2899,0.2594951093196869,0.2596419483423233
2900,0.259670615196228,0.2596399766206741
2901,0.2595994472503662,0.2596376946568489
2902,0.25970837473869324,0.2596392998099327
2903,0.2596339285373688,0.25963686376810075
2904,0.2590270936489105,0.25963075548410414
2905,0.25993067026138306,0.2596300557255745
2906,0.2599930167198181,0.2596339890360832
2907,0.25952398777008057,0.25963311940431594
2908,0.25932058691978455,0.25962958455085755
2909,0.2593812942504883,0.2596248558163643
2910,0.25922706723213196,0.2596147584915161
2911,0.25942015647888184,0.2596141085028648
2912,0.2595747709274292,0.25961199700832366
2913,0.2594296336174011,0.25960971534252164
2914,0.25933998823165894,0.25960291087627413
2915,0.2596971094608307,0.2596021968126297
2916,0.25960013270378113,0.25960040390491484
2917,0.2592203915119171,0.2595964503288269
2918,0.25981488823890686,0.25959915488958357
2919,0.2592145800590515,0.25959525883197787
2920,0.25945907831192017,0.2595917919278145
2921,0.26014837622642517,0.25959672033786774
2922,0.2596728801727295,0.259594207406044
2923,0.25938859581947327,0.25958604127168655
2924,0.25941652059555054,0.2595863965153694
2925,0.25931498408317566,0.2595809879899025
2926,0.2587898373603821,0.25956906348466874
2927,0.2598245143890381,0.2595701918005943
2928,0.2595547139644623,0.25956909358501434
2929,0.2597123384475708,0.25956824570894244
2930,0.25949910283088684,0.2595625281333923
2931,0.25932076573371887,0.259560709297657
2932,0.2594337463378906,0.25956406861543657
2933,0.25901758670806885,0.2595542111992836
2934,0.2590990960597992,0.25954597532749174
2935,0.2592129707336426,0.25953901827335357
2936,0.25929200649261475,0.25953387081623075
2937,0.2591749429702759,0.2595242595672607
2938,0.25918418169021606,0.259520466029644
2939,0.25948017835617065,0.2595175829529762
2940,0.2592618465423584,0.2595122078061104
2941,0.2592780292034149,0.25950987100601197
2942,0.2591399550437927,0.2595082834362984
2943,0.25905752182006836,0.25950068831443784
2944,0.25965213775634766,0.25949993431568147
2945,0.2593303918838501,0.2594960585236549
2946,0.25966787338256836,0.25949530690908434
2947,0.25938117504119873,0.25948692351579666
2948,0.2591816484928131,0.25948423504829404
2949,0.2593608796596527,0.2594836738705635
2950,0.25928521156311035,0.25947946816682815
2951,0.2590242624282837,0.2594750264286995
2952,0.2589644193649292,0.25946715980768204
2953,0.2594168782234192,0.2594676437973976
2954,0.2595438063144684,0.2594643986225128
2955,0.2599327564239502,0.2594674322009087
2956,0.2593466639518738,0.25946614891290665
2957,0.25915902853012085,0.25946405917406085
2958,0.259022980928421,0.2594568794965744
2959,0.258960485458374,0.25945201873779294
2960,0.2593171298503876,0.25944703847169875
2961,0.2599483132362366,0.2594510039687157
2962,0.25913625955581665,0.2594482883810997
2963,0.25876957178115845,0.2594486781954765
2964,0.259182333946228,0.2594452103972435
2965,0.25916269421577454,0.2594397458434105
2966,0.25898462533950806,0.25943736761808395
2967,0.2594265043735504,0.25943829387426376
2968,0.25938916206359863,0.2594343960285187
2969,0.25893068313598633,0.2594322580099106
2970,0.2591131329536438,0.2594271242618561
2971,0.2587960958480835,0.25941870391368865
2972,0.2596992254257202,0.25941972762346266
2973,0.2597348093986511,0.2594181904196739
2974,0.2598373293876648,0.25942153960466385
2975,0.2600610852241516,0.2594262620806694
2976,0.25921306014060974,0.2594201824069023
2977,0.2589658498764038,0.25941794604063034
2978,0.2593490779399872,0.2594191038608551
2979,0.25939562916755676,0.2594171068072319
2980,0.2594521641731262,0.2594151520729065
2981,0.2591261863708496,0.25940955966711043
2982,0.2592896521091461,0.25940107882022856
2983,0.2589777708053589,0.2593990701436997
2984,0.2592093348503113,0.2594003704190254
2985,0.25879356265068054,0.25939561665058136
2986,0.25971633195877075,0.25939297676086426
2987,0.2589107155799866,0.25938603073358535
2988,0.25903937220573425,0.2593772101402283
2989,0.25905531644821167,0.25937416732311247
2990,0.2596744894981384,0.2593743562698364
2991,0.25890839099884033,0.2593716669082642
2992,0.25954967737197876,0.2593724825978279
2993,0.2590026259422302,0.2593648290634155
2994,0.2591729760169983,0.2593599784374237
2995,0.2582622170448303,0.25934819400310516
2996,0.2588657736778259,0.2593389382958412
2997,0.2585332989692688,0.25933126240968707
2998,0.25929203629493713,0.2593303167819977
2999,0.2592274844646454,0.25932764053344726
3000,0.25920039415359497,0.25932293832302095
3001,0.25909268856048584,0.2593178707361221
3002,0.25918447971343994,0.2593126317858696
3003,0.2589503228664398,0.2593057957291603
3004,0.2590322494506836,0.25930584728717804
3005,0.2594618797302246,0.25930115938186643
3006,0.25882935523986816,0.25928952276706696
3007,0.25940877199172974,0.25928837060928345
3008,0.2591472864151001,0.2592866376042366
3009,0.25938019156455994,0.25928662657737733
3010,0.2590864300727844,0.2592852202057838
3011,0.25947287678718567,0.2592857474088669
3012,0.25876089930534363,0.25927760869264604
3013,0.25886183977127075,0.2592719307541847
3014,0.25931835174560547,0.25927171438932417
3015,0.2592512369155884,0.25926725566387177
3016,0.25922533869743347,0.2592635077238083
3017,0.25858160853385925,0.2592571198940277
3018,0.25921958684921265,0.2592511668801308
3019,0.2591169476509094,0.25925019055604936
3020,0.259236216545105,0.2592479619383812
3021,0.25871753692626953,0.25923365354537964
3022,0.2591133117675781,0.25922805786132813
3023,0.25859180092811584,0.2592200899124146
3024,0.25910425186157227,0.25921696722507476
3025,0.25898683071136475,0.25921368569135667
3026,0.258786141872406,0.2592136487364769
3027,0.25819259881973267,0.25919732958078384
3028,0.2583833932876587,0.2591856163740158
3029,0.2588827908039093,0.25917732089757917
3030,0.2594786286354065,0.2591771161556244
3031,0.25860297679901123,0.2591699382662773
3032,0.2588502764701843,0.2591641035676002
3033,0.258650004863739,0.25916042774915693
3034,0.25903695821762085,0.25915980637073516
3035,0.25932642817497253,0.25916094094514847
3036,0.2588707506656647,0.259156728386879
3037,0.2590600848197937,0.2591555798053741
3038,0.2586010992527008,0.259149748980999
3039,0.2594146430492401,0.2591490936279297
3040,0.2591286301612854,0.25914776146411894
3041,0.25917237997055054,0.2591467049717903
3042,0.2589896321296692,0.2591452017426491
3043,0.258919894695282,0.2591438254714012
3044,0.25898241996765137,0.25913712829351426
3045,0.25836634635925293,0.2591274878382683
3046,0.25878676772117615,0.25911867678165434
3047,0.2594716548919678,0.2591195815801621
3048,0.2596319317817688,0.2591240844130516
3049,0.2591133713722229,0.2591216093301773
3050,0.25907257199287415,0.25911948293447495
3051,0.2589449882507324,0.25911869019269945
3052,0.2594338655471802,0.25912338465452195
3053,0.2594420909881592,0.2591236367821693
3054,0.2585779130458832,0.2591139778494835
3055,0.25937262177467346,0.25910837650299073
3056,0.25880351662635803,0.2591029450297356
3057,0.2585211992263794,0.2590965667366982
3058,0.2585444450378418,0.2590917813777924
3059,0.2587956488132477,0.2590901330113411
3060,0.25904381275177,0.2590873998403549
3061,0.2587863802909851,0.2590757805109024
3062,0.25897619128227234,0.25907417982816694
3063,0.2588600814342499,0.2590750849246979
3064,0.25843992829322815,0.2590676608681679
3065,0.2591007947921753,0.25906704187393187
3066,0.2584717571735382,0.2590619131922722
3067,0.25870081782341003,0.25905465632677077
3068,0.2587393820285797,0.2590481585264206
3069,0.25883156061172485,0.259047167301178
3070,0.2582584023475647,0.2590386199951172
3071,0.2587830424308777,0.25903848946094515
3072,0.25899821519851685,0.2590314793586731
3073,0.2585497796535492,0.25901962906122206
3074,0.25872039794921875,0.2590084597468376
3075,0.2589725852012634,0.2589975747466087
3076,0.25875213742256165,0.25899296551942824
3077,0.25872141122817993,0.258990521132946
3078,0.2584373950958252,0.2589814043045044
3079,0.25949960947036743,0.2589824441075325
3080,0.25874072313308716,0.2589753296971321
3081,0.2587929964065552,0.25897199779748914
3082,0.2579306960105896,0.2589584082365036
3083,0.25836628675460815,0.25895229339599607
3084,0.25915104150772095,0.2589517104625702
3085,0.2584221363067627,0.258947996199131
3086,0.25801265239715576,0.25893095940351485
3087,0.25845569372177124,0.2589264091849327
3088,0.25801801681518555,0.25891619563102725
3089,0.25850099325180054,0.25891065239906313
3090,0.2585974335670471,0.2588998818397522
3091,0.2583978772163391,0.2588947767019272
3092,0.2586505115032196,0.2588857850432396
3093,0.25877445936203003,0.2588835033774376
3094,0.25842103362083435,0.25887598395347594
3095,0.2589516043663025,0.25888287782669067
3096,0.2582651972770691,0.2588768720626831
3097,0.2581494450569153,0.25887303352355956
3098,0.2588375210762024,0.2588684883713722
3099,0.2578941583633423,0.25885515511035917
3100,0.2589115798473358,0.2588522669672966
3101,0.25847113132476807,0.25884605139493944
3102,0.2584553360939026,0.25883875995874406
3103,0.25867998600006104,0.25883605659008024
3104,0.25861045718193054,0.25883183866739273
3105,0.25776010751724243,0.2588148209452629
3106,0.25849801301956177,0.25881150752305987
3107,0.25840291380882263,0.25880144894123075
3108,0.2579140365123749,0.25878911644220354
3109,0.2589741051197052,0.258785055577755
3110,0.2589815855026245,0.25878400713205335
3111,0.25844913721084595,0.25877376973628996
3112,0.2583969831466675,0.2587701305747032
3113,0.2587965130805969,0.2587694773077965
3114,0.25862371921539307,0.25876253098249435
3115,0.25806039571762085,0.2587506225705147
3116,0.2582013010978699,0.25874038219451906
3117,0.2580018639564514,0.25873458474874494
3118,0.25861337780952454,0.25872852265834806
3119,0.25875672698020935,0.2587249204516411
3120,0.2581513524055481,0.2587140718102455
3121,0.25840604305267334,0.2587109568715096
3122,0.2585037350654602,0.25870486110448837
3123,0.258561372756958,0.2587045568227768
3124,0.2581920027732849,0.2586954343318939
3125,0.2588793635368347,0.25869435966014864
3126,0.2587292194366455,0.258693790435791
3127,0.2582859992980957,0.2586947244405746
3128,0.2589746117591858,0.2587006366252899
3129,0.2588731050491333,0.25870053976774215
3130,0.25900745391845703,0.25869582802057267
3131,0.2586907744407654,0.2586967059969902
3132,0.2589512765407562,0.2586977159976959
3133,0.2586819529533386,0.25869803547859194
3134,0.2588856816291809,0.25869652271270754
3135,0.2587924003601074,0.25869118243455885
3136,0.25838497281074524,0.25868632465600966
3137,0.25880083441734314,0.25868373215198515
3138,0.2578447759151459,0.2586761689186096
3139,0.2587476968765259,0.2586694994568825
3140,0.25895261764526367,0.25866773933172227
3141,0.2578916847705841,0.2586549323797226
3142,0.25863587856292725,0.2586513948440552
3143,0.2582439184188843,0.2586446350812912
3144,0.25865814089775085,0.2586413922905922
3145,0.25805431604385376,0.2586382719874382
3146,0.25874513387680054,0.25863785564899444
3147,0.2585046589374542,0.2586281856894493
3148,0.25822120904922485,0.25861407846212386
3149,0.2582956552505493,0.25860590130090716
3150,0.25855129957199097,0.2586006885766983
3151,0.2576647996902466,0.25858788669109345
3152,0.2585133910179138,0.2585786819458008
3153,0.25892359018325806,0.2585734969377518
3154,0.2584477663040161,0.2585721954703331
3155,0.2592169940471649,0.258570639193058
3156,0.2587445080280304,0.25857004910707476
3157,0.2581837773323059,0.258566674888134
3158,0.25819939374923706,0.258563224375248
3159,0.2586800754070282,0.25856206864118575
3160,0.2588229179382324,0.2585598596930504
3161,0.2578517198562622,0.25855051308870314
3162,0.25871574878692627,0.2585479086637497
3163,0.2585660219192505,0.2585449680685997
3164,0.25760021805763245,0.2585365709662437
3165,0.2582319676876068,0.25852788269519805
3166,0.2585216164588928,0.2585283812880516
3167,0.2589217722415924,0.25853059083223345
3168,0.257867693901062,0.25852187395095827
3169,0.2580922842025757,0.25851448118686676
3170,0.25806760787963867,0.2585125732421875
3171,0.2584330439567566,0.25850907325744626
3172,0.25835755467414856,0.2585026666522026
3173,0.2580302953720093,0.2584974718093872
3174,0.2582913041114807,0.2584931808710098
3175,0.2585334777832031,0.2584887897968292
3176,0.25870609283447266,0.25848832935094834
3177,0.2583591639995575,0.2584847068786621
3178,0.25831618905067444,0.2584834948182106
3179,0.25831419229507446,0.25847164064645767
3180,0.2578275501728058,0.25846250891685485
3181,0.2579779028892517,0.2584543579816818
3182,0.2588367462158203,0.2584634184837341
3183,0.25811976194381714,0.25846095323562623
3184,0.2576839327812195,0.2584462821483612
3185,0.25766780972480774,0.25843873888254165
3186,0.2582700848579407,0.2584413132071495
3187,0.25852030515670776,0.2584419593214989
3188,0.258045494556427,0.25844223409891126
3189,0.25811341404914856,0.2584383583068848
3190,0.25777536630630493,0.25843013763427736
3191,0.2591173052787781,0.25843733191490176
3192,0.25804948806762695,0.25843132168054583
3193,0.25773191452026367,0.25842089623212816
3194,0.25828325748443604,0.25841951847076416
3195,0.25787073373794556,0.2584087097644806
3196,0.2585392892360687,0.25841145068407056
3197,0.258291631937027,0.2584128725528717
3198,0.25763052701950073,0.2584008026123047
3199,0.258367121219635,0.2584055322408676
3200,0.25788962841033936,0.25839531272649763
3201,0.258278489112854,0.2583933863043785
3202,0.2580419182777405,0.2583892521262169
3203,0.2581498622894287,0.2583839508891106
3204,0.25810158252716064,0.2583788621425629
3205,0.2581147253513336,0.25838240832090376
3206,0.2580544948577881,0.25837797313928607
3207,0.25841063261032104,0.25837805032730105
3208,0.25840288400650024,0.2583829388022423
3209,0.2582487463951111,0.2583756852149963
3210,0.25867760181427,0.2583726453781128
3211,0.25834715366363525,0.2583716255426407
3212,0.2580699026584625,0.25836835473775865
3213,0.2581294775009155,0.25836168438196183
3214,0.2584671676158905,0.25836011886596677
3215,0.25849640369415283,0.2583644789457321
3216,0.2590261697769165,0.25837272763252256
3217,0.2584074139595032,0.2583767831325531
3218,0.25765952467918396,0.2583672446012497
3219,0.25810444355010986,0.2583607217669487
3220,0.25830864906311035,0.25836229473352434
3221,0.2586787939071655,0.25836502224206925
3222,0.2580915689468384,0.258360900580883
3223,0.2583323121070862,0.2583586099743843
3224,0.2577893137931824,0.25835458308458326
3225,0.2584008574485779,0.2583497980237007
3226,0.25785544514656067,0.25834106028079984
3227,0.2576320171356201,0.2583345204591751
3228,0.25791019201278687,0.2583238762617111
3229,0.2574898898601532,0.25831004410982134
3230,0.2577884793281555,0.2582978543639183
3231,0.2588326334953308,0.258299272954464
3232,0.25876784324645996,0.258297438621521
3233,0.2588375210762024,0.2582989943027496
3234,0.2581113874912262,0.2582912513613701
3235,0.25773584842681885,0.2582806858420372
3236,0.25813400745391846,0.25827817618846893
3237,0.25949224829673767,0.2582850903272629
3238,0.259529173374176,0.25830193430185316
3239,0.2591730058193207,0.25830618739128114
3240,0.2581477463245392,0.2582981386780739
3241,0.2578367292881012,0.25829758912324907
3242,0.25798195600509644,0.25829104989767077
3243,0.2579040229320526,0.2582876509428024
3244,0.25825387239456177,0.2582836082577705
3245,0.2580498456954956,0.25828356355428694
3246,0.25863125920295715,0.25828242480754854
3247,0.25848710536956787,0.25828224927186966
3248,0.2578624486923218,0.2582786616683006
3249,0.2580786943435669,0.2582764920592308
3250,0.2581132650375366,0.25827211171388625
3251,0.2581709623336792,0.2582771733403206
3252,0.2585031986236572,0.258277071416378
3253,0.25793591141700745,0.2582671946287155
3254,0.2582838833332062,0.2582655557990074
3255,0.2573186755180359,0.25824657261371614
3256,0.2575203478336334,0.2582343310117722
3257,0.25816160440444946,0.2582341092824936
3258,0.25907355546951294,0.25824285089969634
3259,0.25763165950775146,0.2582323667407036
3260,0.2574145793914795,0.25821828335523606
3261,0.25823792815208435,0.2582221454381943
3262,0.2573677897453308,0.2582086658477783
3263,0.25771722197532654,0.2582001778483391
3264,0.25795072317123413,0.2582036828994751
3265,0.2572268545627594,0.25819363176822663
3266,0.25768253207206726,0.25818524092435835
3267,0.25756940245628357,0.2581717172265053
3268,0.25765112042427063,0.25816955149173737
3269,0.25776538252830505,0.2581662824749947
3270,0.25825387239456177,0.2581681451201439
3271,0.2574126720428467,0.2581579414010048
3272,0.2578311562538147,0.2581526774168015
3273,0.2578428089618683,0.25815080255270006
3274,0.25803685188293457,0.2581482580304146
3275,0.2580847144126892,0.25814377039670944
3276,0.2576240599155426,0.25813295006752013
3277,0.25819167494773865,0.25813127517700196
3278,0.2593939006328583,0.2581420522928238
3279,0.25856173038482666,0.2581445276737213
3280,0.25781577825546265,0.2581444099545479
3281,0.25861072540283203,0.2581507381796837
3282,0.258929580450058,0.25815166652202604
3283,0.25782811641693115,0.2581487500667572
3284,0.2578672766685486,0.25815058350563047
3285,0.2580404281616211,0.25815430968999864
3286,0.2573532462120056,0.25814514130353927
3287,0.2578635513782501,0.2581385737657547
3288,0.2582276463508606,0.25814039528369903
3289,0.25810354948043823,0.2581402966380119
3290,0.2578698694705963,0.25814124166965485
3291,0.25768715143203735,0.2581269401311874
3292,0.2578365206718445,0.2581248104572296
3293,0.2572581171989441,0.2581200724840164
3294,0.25735390186309814,0.25811077892780304
3295,0.25808975100517273,0.2581129691004753
3296,0.25806206464767456,0.25810819685459135
3297,0.25772586464881897,0.2581025391817093
3298,0.2583036422729492,0.2581092703342438
3299,0.25740379095077515,0.2580996370315552
3300,0.25809288024902344,0.258101669549942
3301,0.25699907541275024,0.25808887541294095
3302,0.2574877142906189,0.25808333337306977
3303,0.25787848234176636,0.25808061957359313
3304,0.2577481269836426,0.25807708501815796
3305,0.25717082619667053,0.2580676460266113
3306,0.25758278369903564,0.2580629289150238
3307,0.25844070315361023,0.2580632296204567
3308,0.2578071355819702,0.2580572721362114
3309,0.2576196789741516,0.2580509814620018
3310,0.25786513090133667,0.2580428567528725
3311,0.2578853368759155,0.25803823858499525
3312,0.2576007843017578,0.2580335474014282
3313,0.25757795572280884,0.25802803218364717
3314,0.257219523191452,0.25801555573940277
3315,0.25743913650512695,0.2580049830675125
3316,0.2575722336769104,0.2579904437065125
3317,0.2578694522380829,0.2579850640892982
3318,0.2580798864364624,0.25798926770687103
3319,0.25711533427238464,0.25797937661409376
3320,0.25795039534568787,0.25797579407691956
3321,0.2575669288635254,0.25796467542648316
3322,0.25805771350860596,0.25796433687210085
3323,0.2578582763671875,0.25795959651470185
3324,0.258347749710083,0.2579651808738708
3325,0.25718212127685547,0.2579529935121536
3326,0.25813961029052734,0.2579558351635933
3327,0.25719237327575684,0.25795143872499465
3328,0.2581021189689636,0.25795335799455643
3329,0.25750818848609924,0.2579535409808159
3330,0.2574782967567444,0.2579504391551018
3331,0.2576163113117218,0.2579382759332657
3332,0.25784510374069214,0.25792904853820803
3333,0.2577640414237976,0.25791831374168395
3334,0.25746485590934753,0.2579118484258652
3335,0.2575836777687073,0.25791032671928404
3336,0.25734055042266846,0.25790239214897154
3337,0.25747978687286377,0.2578822675347328
3338,0.25791120529174805,0.2578660878539085
3339,0.25784832239151,0.2578528410196304
3340,0.25843268632888794,0.25785569041967393
3341,0.2581838071346283,0.2578591611981392
3342,0.25728145241737366,0.257852156162262
3343,0.25694721937179565,0.2578425881266594
3344,0.2580324113368988,0.25784037351608274
3345,0.25750720500946045,0.2578349471092224
3346,0.25828951597213745,0.2578315296769142
3347,0.25791865587234497,0.25782584518194196
3348,0.25735825300216675,0.2578208032250404
3349,0.2570284605026245,0.25781030088663104
3350,0.25725317001342773,0.2578016999363899
3351,0.25804442167282104,0.25780043452978135
3352,0.25798511505126953,0.2577952536940575
3353,0.25669610500335693,0.257782855629921
3354,0.25755056738853455,0.25777552247047425
3355,0.25820595026016235,0.25778439521789553
3356,0.25765877962112427,0.2577857795357704
3357,0.2578989863395691,0.2577831533551216
3358,0.2578725814819336,0.25777114361524583
3359,0.2576524019241333,0.2577713510394096
3360,0.25762492418289185,0.25777345448732375
3361,0.2573785185813904,0.25776486039161683
3362,0.2579704523086548,0.25777088701725004
3363,0.25730234384536743,0.2577667382359505
3364,0.25795409083366394,0.25776677191257474
3365,0.2572129964828491,0.2577666333317757
3366,0.25673210620880127,0.257757129073143
3367,0.25676900148391724,0.25774912506341935
3368,0.25785231590270996,0.25775113701820374
3369,0.25739890336990356,0.2577474722266197
3370,0.25806933641433716,0.25774562686681746
3371,0.25766274333000183,0.257748127579689
3372,0.2572387158870697,0.2577422031760216
3373,0.25816553831100464,0.2577454304695129
3374,0.25695085525512695,0.25773457050323484
3375,0.25699007511138916,0.25772362411022187
3376,0.2570694088935852,0.2577180776000023
3377,0.25719040632247925,0.2577080649137497
3378,0.2579229474067688,0.2576933553814888
3379,0.2574314475059509,0.25768205255270005
3380,0.2577434182167053,0.2576813289523125
3381,0.2572084069252014,0.25766730576753616
3382,0.2574921250343323,0.2576529312133789
3383,0.2569124698638916,0.2576437747478485
3384,0.2573937773704529,0.25763903975486757
3385,0.25783973932266235,0.257637032866478
3386,0.2574573755264282,0.2576380741596222
3387,0.2573797106742859,0.25763323575258257
3388,0.2572173476219177,0.25762313276529314
3389,0.2577516436576843,0.2576196137070656
3390,0.25702714920043945,0.257611186504364
3391,0.25799065828323364,0.257614221572876
3392,0.25674304366111755,0.2576032868027687
3393,0.25726768374443054,0.25760338246822356
3394,0.25722604990005493,0.2576021039485931
3395,0.2577490210533142,0.25759869664907453
3396,0.2575966715812683,0.25759404271841047
3397,0.25739020109176636,0.25759068608283997
3398,0.25719326734542847,0.25757958233356476
3399,0.25681206583976746,0.25757366508245466
3400,0.2576272785663605,0.2575690090656281
3401,0.2578161358833313,0.2575771796703339
3402,0.2577176094055176,0.25757947862148284
3403,0.2572556734085083,0.25757325053215024
3404,0.25703608989715576,0.2575661301612854
3405,0.2574487328529358,0.25756890922784803
3406,0.25761735439300537,0.2575692549347878
3407,0.25729119777679443,0.2575577598810196
3408,0.2573399245738983,0.2575530877709389
3409,0.2571299076080322,0.2575481900572777
3410,0.25751736760139465,0.25754471242427823
3411,0.2570764422416687,0.25753662347793577
3412,0.25780755281448364,0.25753869116306305
3413,0.2574292719364166,0.2575372043251991
3414,0.25753548741340637,0.2575403639674187
3415,0.2574887275695801,0.2575408598780632
3416,0.256470263004303,0.2575298401713371
3417,0.25738197565078735,0.25752496540546416
3418,0.25756287574768066,0.2575197952985764
3419,0.2577173411846161,0.2575258153676987
3420,0.25748154520988464,0.25752112686634065
3421,0.25781798362731934,0.2575236374139786
3422,0.256746768951416,0.2575105279684067
3423,0.25718432664871216,0.2575037884712219
3424,0.2570433020591736,0.25749074399471283
3425,0.25718700885772705,0.25749079287052157
3426,0.2564816474914551,0.25747421324253084
3427,0.2567905783653259,0.2574701952934265
3428,0.25697076320648193,0.25745888173580167
3429,0.2576138377189636,0.25745993822813035
3430,0.2565819025039673,0.2574509742856026
3431,0.25767970085144043,0.25745160818099977
3432,0.25644364953041077,0.25743759363889696
3433,0.2565809190273285,0.25742576241493226
3434,0.2575398087501526,0.2574265119433403
3435,0.25801587104797363,0.25743083387613297
3436,0.2565981149673462,0.2574234095215797
3437,0.2574588656425476,0.25742320030927657
3438,0.25755810737609863,0.25741966933012006
3439,0.2575390636920929,0.2574165767431259
3440,0.25721365213394165,0.25740438640117647
3441,0.25720909237861633,0.25739463925361633
3442,0.2566803991794586,0.2573886287212372
3443,0.2567148804664612,0.2573863053321838
3444,0.2571219801902771,0.2573772010207176
3445,0.2570914626121521,0.2573730435967445
3446,0.2573747932910919,0.25736389636993406
3447,0.2565840780735016,0.25735055059194567
3448,0.2573511004447937,0.25735047906637193
3449,0.2563491761684418,0.2573436862230301
3450,0.2571972906589508,0.25734312742948534
3451,0.2570682764053345,0.25733336597681045
3452,0.25651317834854126,0.25731864660978315
3453,0.2572130262851715,0.25732381582260133
3454,0.2571195363998413,0.2573195055127144
3455,0.2584845721721649,0.2573222917318344
3456,0.2567119598388672,0.25731282353401186
3457,0.2573758065700531,0.2573075917363167
3458,0.2575162649154663,0.257304028570652
3459,0.257032573223114,0.25729783028364184
3460,0.25791114568710327,0.2573006924986839
3461,0.2567902207374573,0.2572948095202446
3462,0.25685766339302063,0.2572836816310883
3463,0.2569480240345001,0.2572801384329796
3464,0.25664252042770386,0.25726702272892
3465,0.25745704770088196,0.25726946324110034
3466,0.2572552561759949,0.25727469474077225
3467,0.2570556700229645,0.2572775614261627
3468,0.2572527527809143,0.25727156579494476
3469,0.2567591667175293,0.257265168428421
3470,0.2574404180049896,0.25725887924432755
3471,0.25704658031463623,0.2572527176141739
3472,0.257093608379364,0.25725126653909686
3473,0.2569447457790375,0.25723905861377716
3474,0.25654441118240356,0.2572349941730499
3475,0.2567692995071411,0.2572327864170074
3476,0.25658121705055237,0.25722790449857713
3477,0.25750935077667236,0.25723109394311905
3478,0.25728732347488403,0.2572247377038002
3479,0.25688421726226807,0.25721926540136336
3480,0.2566034197807312,0.25720786541700363
3481,0.25685781240463257,0.2572043594717979
3482,0.25692498683929443,0.2571986880898476
3483,0.25743234157562256,0.2572038868069649
3484,0.2569543719291687,0.25719949275255205
3485,0.25626641511917114,0.25718375951051714
3486,0.2571820616722107,0.25718100637197494
3487,0.2568507790565491,0.25717571705579756
3488,0.2567673921585083,0.2571712175011635
3489,0.2569860816001892,0.25716356188058853
3490,0.2573819160461426,0.25716710954904554
3491,0.25646451115608215,0.257151848077774
3492,0.25706109404563904,0.25715502858161926
3493,0.25669318437576294,0.2571492835879326
3494,0.2565515637397766,0.2571425387263298
3495,0.25717902183532715,0.25713683873414994
3496,0.25695961713790894,0.25713046818971635
3497,0.2565191686153412,0.25712175786495206
3498,0.25639286637306213,0.25711375385522844
3499,0.2571375072002411,0.25711700826883316
3500,0.2571389675140381,0.25711212515830995
3501,0.25699204206466675,0.2571038842201233
3502,0.256462037563324,0.25709132850170135
3503,0.2567710280418396,0.2570864820480347
3504,0.2568807899951935,0.25708492904901503
3505,0.257223904132843,0.2570826807618141
3506,0.25752419233322144,0.2570817491412163
3507,0.257366418838501,0.25708250135183336
3508,0.25640934705734253,0.2570731955766678
3509,0.25709667801856995,0.25707286328077317
3510,0.2572128176689148,0.2570698177814484
3511,0.25685736536979675,0.25706762701272967
3512,0.2573280930519104,0.2570628324151039
3513,0.2571921944618225,0.25706046164035795
3514,0.2572227716445923,0.2570573344826698
3515,0.2561511993408203,0.25704395920038225
3516,0.2572134733200073,0.25705139130353927
3517,0.25721901655197144,0.2570497617125511
3518,0.2572053074836731,0.25704618602991103
3519,0.2569006085395813,0.2570380187034607
3520,0.2571781873703003,0.25703498512506484
3521,0.2564970552921295,0.25702177584171293
3522,0.2570596933364868,0.25702490508556364
3523,0.25712114572525024,0.25702427327632904
3524,0.2574268877506256,0.2570281091332436
3525,0.2568608820438385,0.25702484786510466
3526,0.2562906742095947,0.25702293813228605
3527,0.2565574049949646,0.2570206063985825
3528,0.25706905126571655,0.2570215892791748
3529,0.25641632080078125,0.25700961410999296
3530,0.2564566135406494,0.2570083612203598
3531,0.2571653425693512,0.2570032176375389
3532,0.2565898895263672,0.2570046800374985
3533,0.25667083263397217,0.2570055791735649
3534,0.2567141354084015,0.2569973224401474
3535,0.2563754916191101,0.25698091864585876
3536,0.2566075325012207,0.2569810128211975
3537,0.25738534331321716,0.2569802775979042
3538,0.2574479579925537,0.25697917610406873
3539,0.25759583711624146,0.25697974383831024
3540,0.257418692111969,0.25698179423809053
3541,0.2568528950214386,0.2569782322645187
3542,0.2571553587913513,0.25698298186063767
3543,0.258334755897522,0.25699918061494825
3544,0.25691425800323486,0.25699710339307785
3545,0.25737500190734863,0.25699993878602984
3546,0.25635311007499695,0.2569897219538689
3547,0.2569265067577362,0.25699314624071123
3548,0.25669801235198975,0.2569866153597832
3549,0.25627049803733826,0.25698582857847213
3550,0.2567158341407776,0.25698101401329043
3551,0.2572021782398224,0.2569823530316353
3552,0.25603294372558594,0.25697755068540573
3553,0.25714531540870667,0.25697687357664106
3554,0.25652629137039185,0.2569709411263466
3555,0.25719964504241943,0.25695809185504914
3556,0.25703227519989014,0.2569612950086594
3557,0.25700169801712036,0.25695755392313
3558,0.25666964054107666,0.2569490876793861
3559,0.2579015791416168,0.25695777773857115
3560,0.25625211000442505,0.2569411873817444
3561,0.255838006734848,0.2569316652417183
3562,0.2564023435115814,0.2569271120429039
3563,0.2575770318508148,0.256933402121067
3564,0.2571115493774414,0.2569380924105644
3565,0.25670313835144043,0.25693055331707
3566,0.256906121969223,0.2569270619750023
3567,0.2570215165615082,0.2569267204403877
3568,0.25691914558410645,0.25692338436841966
3569,0.25658392906188965,0.25692163199186324
3570,0.2567787170410156,0.2569150149822235
3571,0.25604110956192017,0.25690496027469634
3572,0.25680461525917053,0.25690207034349444
3573,0.2569745182991028,0.25690236806869504
3574,0.25641074776649475,0.25690103143453596
3575,0.2564312815666199,0.25689765125513075
3576,0.2563936412334442,0.2568957754969597
3577,0.2566620111465454,0.2568873021006584
3578,0.25588351488113403,0.25687326401472094
3579,0.25695422291755676,0.25687396407127383
3580,0.2568899095058441,0.25687682896852493
3581,0.25597453117370605,0.2568679961562157
3582,0.2572537362575531,0.25687128365039824
3583,0.2571929395198822,0.25686888962984084
3584,0.2564619779586792,0.256863965690136
3585,0.2563484311103821,0.25686478585004807
3586,0.25712859630584717,0.25686425119638445
3587,0.2576882243156433,0.2568726256489754
3588,0.257623553276062,0.2568811872601509
3589,0.25712519884109497,0.25688257843255996
3590,0.2566002607345581,0.25687476187944414
3591,0.25636690855026245,0.25687378585338594
3592,0.2572023570537567,0.2568751984834671
3593,0.2565716505050659,0.2568739831447601
3594,0.2573021352291107,0.25688148885965345
3595,0.2568543255329132,0.25687824189662933
3596,0.2568426728248596,0.25687707245349883
3597,0.25675368309020996,0.2568794175982475
3598,0.2562148869037628,0.25687763780355455
3599,0.2577703297138214,0.25688396602869035
3600,0.25666895508766174,0.25687926590442656
3601,0.25607728958129883,0.2568701183795929
3602,0.2566787302494049,0.25687228530645373
3603,0.25644850730895996,0.2568690600991249
3604,0.2565995454788208,0.25686624765396115
3605,0.25669679045677185,0.25686097651720047
3606,0.25679266452789307,0.2568536612391472
3607,0.2575330138206482,0.25685532718896864
3608,0.2570428252220154,0.2568616619706154
3609,0.2561179995536804,0.25685187518596647
3610,0.25636327266693115,0.2568433797359467
3611,0.2567752003669739,0.25684255808591844
3612,0.25687140226364136,0.25683799117803574
3613,0.2565300762653351,0.25683136999607087
3614,0.2562749981880188,0.25682189226150515
3615,0.2564745843410492,0.25682512611150743
3616,0.25671565532684326,0.25682014793157576
3617,0.2567596137523651,0.2568155539035797
3618,0.25606000423431396,0.2568041008710861
3619,0.25634142756462097,0.2567985090613365
3620,0.2568667531013489,0.256795394718647
3621,0.2564690113067627,0.2567951142787933
3622,0.25616106390953064,0.25678612798452377
3623,0.2566588819026947,0.25678150534629823
3624,0.25625312328338623,0.25676976770162585
3625,0.25678277015686035,0.25676898658275604
3626,0.256925106048584,0.25677533090114596
3627,0.256638765335083,0.2567761445045471
3628,0.25600284337997437,0.2567654824256897
3629,0.2561856508255005,0.2567631757259369
3630,0.25650906562805176,0.2567637002468109
3631,0.2569778561592102,0.25676182538270953
3632,0.2571088671684265,0.2567670151591301
3633,0.2571775019168854,0.2567720818519592
3634,0.25623953342437744,0.25676733583211897
3635,0.2563440799713135,0.25676702171564103
3636,0.2568001449108124,0.2567689478397369
3637,0.2567843496799469,0.2567629379034042
3638,0.2569501996040344,0.25675796031951903
3639,0.2570374608039856,0.2567523765563965
3640,0.255973219871521,0.256737921833992
3641,0.2562628388404846,0.2567320212721825
3642,0.2564030885696411,0.2567244985699654
3643,0.2566436529159546,0.25670758754014966
3644,0.2567809224128723,0.2567062541842461
3645,0.2565758526325226,0.2566982626914978
3646,0.2564697265625,0.2566994288563728
3647,0.25591176748275757,0.256689281463623
3648,0.2570528984069824,0.25669283032417295
3649,0.25688058137893677,0.25669893115758896
3650,0.2568190097808838,0.25669996291399
3651,0.25688397884368896,0.2566967809200287
3652,0.2565808594226837,0.25670226007699964
3653,0.2570044696331024,0.2567008516192436
3654,0.25683099031448364,0.25670389860868453
3655,0.25677311420440674,0.25669963330030443
3656,0.25628429651260376,0.25669215351343155
3657,0.256277859210968,0.25668491512537
3658,0.2566847801208496,0.25668506652116774
3659,0.25628340244293213,0.2566688847541809
3660,0.25643113255500793,0.25667067497968676
3661,0.25651875138282776,0.25667748242616656
3662,0.2563423812389374,0.2566768828034401
3663,0.25671297311782837,0.25666824221611023
3664,0.2567906975746155,0.25666503369808197
3665,0.25688105821609497,0.2566668128967285
3666,0.2564719617366791,0.25666247129440306
3667,0.25660496950149536,0.25665830582380295
3668,0.2563975751399994,0.2566530901193619
3669,0.25669997930526733,0.25665425062179564
3670,0.25697433948516846,0.2566562068462372
3671,0.2559661269187927,0.2566554570198059
3672,0.25713831186294556,0.2566587939858437
3673,0.2565811276435852,0.2566548600792885
3674,0.2559979557991028,0.25665073215961454
3675,0.25596940517425537,0.25664611339569093
3676,0.25660014152526855,0.25664817839860915
3677,0.25626927614212036,0.2566442510485649
3678,0.25622498989105225,0.2566476657986641
3679,0.2564529478549957,0.25664265304803846
3680,0.2560657858848572,0.2566344118118286
3681,0.2565714418888092,0.25664038091897967
3682,0.25614404678344727,0.25662928402423857
3683,0.25576186180114746,0.25661497324705124
3684,0.25616520643234253,0.25661200553178787
3685,0.25647151470184326,0.2566132363677025
3686,0.2568056285381317,0.2566100066900253
3687,0.2563839852809906,0.2565969642996788
3688,0.25596463680267334,0.2565803751349449
3689,0.2560739815235138,0.2565698629617691
3690,0.2561976909637451,0.25656583726406096
3691,0.25637221336364746,0.25656589031219484
3692,0.2560741603374481,0.25655460834503174
3693,0.25587403774261475,0.25654763221740723
3694,0.2561001777648926,0.25653561264276503
3695,0.2564886808395386,0.2565319561958313
3696,0.25641119480133057,0.25652764141559603
3697,0.2559111714363098,0.256519216299057
3698,0.25726985931396484,0.256529766023159
3699,0.2563554048538208,0.25651561677455903
3700,0.2567068338394165,0.25651599556207655
3701,0.25542759895324707,0.25650949865579603
3702,0.2566337585449219,0.2565090489387512
3703,0.2555847764015198,0.2565004116296768
3704,0.257043719291687,0.2565048533678055
3705,0.25700923800468445,0.2565079778432846
3706,0.2570224404335022,0.2565102756023407
3707,0.25682616233825684,0.2565032070875168
3708,0.2565315365791321,0.25649809420108793
3709,0.25617116689682007,0.2564986258745193
3710,0.25627097487449646,0.256497702896595
3711,0.255787193775177,0.25648782283067706
3712,0.25636619329452515,0.25648277074098585
3713,0.25594615936279297,0.25647693157196044
3714,0.2564311921596527,0.2564784935116768
3715,0.25634270906448364,0.25647717475891113
3716,0.25668105483055115,0.2564768287539482
3717,0.2563941180706024,0.2564731737971306
3718,0.25670433044433594,0.2564796170592308
3719,0.2558983564376831,0.2564751863479614
3720,0.2558751404285431,0.2564652702212334
3721,0.2565174400806427,0.2564657545089722
3722,0.2566627860069275,0.25647077172994615
3723,0.25638347864151,0.2564680176973343
3724,0.25631558895111084,0.2564686423540115
3725,0.25669509172439575,0.25646776556968687
3726,0.2559778094291687,0.25645829260349273
3727,0.25665295124053955,0.2564584344625473
3728,0.25596755743026733,0.2564580816030502
3729,0.2572469711303711,0.25646869480609896
3730,0.2562025785446167,0.25646562993526456
3731,0.2566215693950653,0.25646206706762315
3732,0.25723379850387573,0.25646331638097764
3733,0.256592333316803,0.2564574646949768
3734,0.25605499744415283,0.2564556193351746
3735,0.25599879026412964,0.2564521664381027
3736,0.2560897469520569,0.25644506245851517
3737,0.25565028190612793,0.256433721780777
3738,0.256345272064209,0.25642767250537873
3739,0.2557882070541382,0.25641517996788027
3740,0.25640228390693665,0.2564194706082344
3741,0.25594866275787354,0.2564163288474083
3742,0.25594162940979004,0.2564117142558098
3743,0.25639474391937256,0.25640922516584397
3744,0.2568928003311157,0.2564103439450264
3745,0.25648772716522217,0.2564094626903534
3746,0.25620418787002563,0.25640680730342863
3747,0.25623956322669983,0.25641008526086806
3748,0.25531068444252014,0.25639266312122344
3749,0.25630155205726624,0.25638687282800676
3750,0.25658419728279114,0.2563845247030258
3751,0.25673842430114746,0.2563830691576004
3752,0.2567106783390045,0.2563843673467636
3753,0.25651901960372925,0.25637951284646987
3754,0.25643807649612427,0.2563755837082863
3755,0.25712060928344727,0.2563790586590767
3756,0.256916880607605,0.2563853845000267
3757,0.2562190890312195,0.25638479679822923
3758,0.25600385665893555,0.2563779875636101
3759,0.256568968296051,0.2563808432221413
3760,0.25719207525253296,0.2563884526491165
3761,0.2556799054145813,0.25638006418943404
3762,0.2559480667114258,0.2563761210441589
3763,0.25678393244743347,0.256376830637455
3764,0.2567785680294037,0.25637670934200285
3765,0.2562262713909149,0.2563701614737511
3766,0.256733238697052,0.2563727742433548
3767,0.2561268210411072,0.25636799275875094
3768,0.25672605633735657,0.2563712775707245
3769,0.25683924555778503,0.25637267023324967
3770,0.25744152069091797,0.25637734204530715
3771,0.25731372833251953,0.2563908180594444
3772,0.25617435574531555,0.25638117849826814
3773,0.25704485177993774,0.25638581573963165
3774,0.2564314007759094,0.2563901501893997
3775,0.25620296597480774,0.25639248579740526
3776,0.2559926211833954,0.25638641059398654
3777,0.25651267170906067,0.25638884454965594
3778,0.2568802535533905,0.2563953971862793
3779,0.2561785578727722,0.25639265328645705
3780,0.255638062953949,0.256388376057148
3781,0.25571003556251526,0.256379761993885
3782,0.2561589777469635,0.2563799113035202
3783,0.2561492919921875,0.2563837856054306
3784,0.2568289041519165,0.25639042258262634
3785,0.2565464377403259,0.2563911718130112
3786,0.2558608651161194,0.25638172417879107
3787,0.2560667395591736,0.25637855172157287
3788,0.2556481659412384,0.25637538701295853
3789,0.25599053502082825,0.2563745525479317
3790,0.2563210725784302,0.25637578636407854
3791,0.25672560930252075,0.2563793203234673
3792,0.2563914656639099,0.25638249337673186
3793,0.2569810152053833,0.2563935631513596
3794,0.256441593170166,0.2563969773054123
3795,0.25629666447639465,0.25639505714178085
3796,0.25594043731689453,0.2563903495669365
3797,0.25633496046066284,0.25639458745718
3798,0.25621259212493896,0.25638401478528977
3799,0.2561911642551422,0.256382372379303
3800,0.2572512626647949,0.2563878166675568
3801,0.25633594393730164,0.2563969001173973
3802,0.2561011016368866,0.25639157354831693
3803,0.25632965564727783,0.25639902234077455
3804,0.25578075647354126,0.25638639271259306
3805,0.2558020353317261,0.2563743206858635
3806,0.2563895583152771,0.25636799186468123
3807,0.2560669779777527,0.2563604000210762
3808,0.2562464475631714,0.2563575491309166
3809,0.25599905848503113,0.2563558280467987
3810,0.25643911957740784,0.2563575094938278
3811,0.2564769387245178,0.25636440694332124
3812,0.25619107484817505,0.25636265575885775
3813,0.25615501403808594,0.2563647443056107
3814,0.25550317764282227,0.25635546416044236
3815,0.25577905774116516,0.25634982764720915
3816,0.2564871907234192,0.25634788900613786
3817,0.2563384473323822,0.25634733229875567
3818,0.2562125325202942,0.2563424143195152
3819,0.25637924671173096,0.2563472232222557
3820,0.255660742521286,0.2563450792431831
3821,0.2557474970817566,0.25633737981319427
3822,0.25630563497543335,0.25633380830287933
3823,0.25589632987976074,0.25632893681526187
3824,0.25633153319358826,0.25632909625768663
3825,0.25609177350997925,0.2563230630755424
3826,0.2566596269607544,0.2563298812508583
3827,0.2562851905822754,0.25632620364427566
3828,0.2557060122489929,0.2563235881924629
3829,0.256026029586792,0.25631137877702714
3830,0.25706809759140015,0.256320033967495
3831,0.25555717945098877,0.2563093900680542
3832,0.25600260496139526,0.2562970781326294
3833,0.25538551807403564,0.2562850099802017
3834,0.25646984577178955,0.2562891584634781
3835,0.2561665177345276,0.25629083573818207
3836,0.2572038769721985,0.2563019770383835
3837,0.2563932240009308,0.25630940645933153
3838,0.25601333379745483,0.25630608707666397
3839,0.2567695379257202,0.25631590038537977
3840,0.2558547258377075,0.2563104248046875
3841,0.2557469606399536,0.2563084077835083
3842,0.2552538812160492,0.2563015303015709
3843,0.2559264302253723,0.2562968471646309
3844,0.2564048767089844,0.2562919679284096
3845,0.2559247612953186,0.25628633826971053
3846,0.25612789392471313,0.2562855753302574
3847,0.25640571117401123,0.25628723680973053
3848,0.25583818554878235,0.25629251182079316
3849,0.2562190294265747,0.25629168659448626
3850,0.2555011212825775,0.2562808558344841
3851,0.2560325264930725,0.25627379685640334
3852,0.2565457224845886,0.2562721472978592
3853,0.25662463903427124,0.2562732034921646
3854,0.2556666135787964,0.25626548886299133
3855,0.2557753324508667,0.2562520360946655
3856,0.2564826011657715,0.2562476933002472
3857,0.25631800293922424,0.25624868243932725
3858,0.255840539932251,0.2562470492720604
3859,0.2557517886161804,0.2562388774752617
3860,0.25551000237464905,0.25622205674648285
3861,0.25627565383911133,0.25622801423072816
3862,0.2556809186935425,0.2562253427505493
3863,0.25659018754959106,0.2562234053015709
3864,0.25551727414131165,0.25621079236268995
3865,0.2555159628391266,0.2562036892771721
3866,0.2565769851207733,0.2562021267414093
3867,0.2557802200317383,0.2561986607313156
3868,0.2557465434074402,0.2561888656020164
3869,0.2563280165195465,0.25618375331163407
3870,0.2557693421840668,0.25616703152656556
3871,0.2560223340988159,0.2561541175842285
3872,0.25650644302368164,0.25615743845701217
3873,0.2562846541404724,0.2561498364806175
3874,0.25670287013053894,0.2561525511741638
3875,0.2565450668334961,0.2561559721827507
3876,0.2563108205795288,0.25615915417671203
3877,0.2549744248390198,0.2561437717080116
3878,0.25621044635772705,0.256137073636055
3879,0.25649815797805786,0.25614026963710784
3880,0.25629374384880066,0.25614682644605635
3881,0.2559424340724945,0.25614915043115616
3882,0.2559411823749542,0.25614697247743606
3883,0.2565453350543976,0.2561509329080582
3884,0.2565608620643616,0.2561482524871826
3885,0.2557041049003601,0.256139829158783
3886,0.2558530569076538,0.2561397510766983
3887,0.25593286752700806,0.25613841235637663
3888,0.25547856092453003,0.25613671630620954
3889,0.2557032108306885,0.25613384306430814
3890,0.2560636103153229,0.2561312684416771
3891,0.2562136650085449,0.2561261489987373
3892,0.25571930408477783,0.256119427382946
3893,0.2555865943431854,0.256105483174324
3894,0.2565593421459198,0.25610666066408155
3895,0.25635895133018494,0.25610728353261947
3896,0.25552964210510254,0.25610317558050155
3897,0.25596895813941956,0.2560995155572891
3898,0.25597795844078064,0.25609716922044756
3899,0.2561323046684265,0.2560965806245804
3900,0.25651705265045166,0.25608923852443694
3901,0.2555278539657593,0.2560811576247215
3902,0.2554614543914795,0.25607476115226746
3903,0.25575292110443115,0.256068993806839
3904,0.25565260648727417,0.25606771230697634
3905,0.25637638568878174,0.25607345581054686
3906,0.2553749084472656,0.25606330931186677
3907,0.2556311786174774,0.256058951318264
3908,0.25581860542297363,0.256054672896862
3909,0.2551846206188202,0.2560465285181999
3910,0.25592416524887085,0.2560413789749145
3911,0.2558266222476959,0.25603487581014633
3912,0.2560129463672638,0.25603309452533723
3913,0.25535154342651367,0.2560250598192215
3914,0.2559831142425537,0.2560298591852188
3915,0.2560464143753052,0.25603253275156024
3916,0.2557050585746765,0.25602471143007277
3917,0.25606226921081543,0.2560219496488571
3918,0.25561946630477905,0.25601601898670195
3919,0.2559683322906494,0.25601190984249117
3920,0.25599974393844604,0.25601529985666277
3921,0.2562485337257385,0.25602031022310257
3922,0.25587886571884155,0.25601604253053667
3923,0.25579696893692017,0.25601504892110827
3924,0.25609612464904785,0.25601269483566286
3925,0.25559359788894653,0.2560077130794525
3926,0.25646281242370605,0.256005744934082
3927,0.2557644248008728,0.256000537276268
3928,0.25600045919418335,0.2560034817457199
3929,0.256328284740448,0.25600650429725647
3930,0.2555409371852875,0.25599123269319535
3931,0.25625914335250854,0.2559982523322105
3932,0.2559302747249603,0.2559975290298462
3933,0.25565120577812195,0.25600018590688706
3934,0.2560664117336273,0.25599615156650546
3935,0.25601324439048767,0.255994618833065
3936,0.25560957193374634,0.2559786757826805
3937,0.2557300329208374,0.25597204387187955
3938,0.2562475800514221,0.25597438633441927
3939,0.25538891553878784,0.25596058011054995
3940,0.2558075487613678,0.25596010833978655
3941,0.2559089660644531,0.25596172839403153
3942,0.2562899589538574,0.2559720891714096
3943,0.25521785020828247,0.25596500337123873
3944,0.25644412636756897,0.2559653958678246
3945,0.2555398643016815,0.2559615468978882
3946,0.25577035546302795,0.2559579715132713
3947,0.2563135325908661,0.2559570497274399
3948,0.2556159198284149,0.2559548270702362
3949,0.25597286224365234,0.255952365398407
3950,0.25632572174072266,0.2559606114029884
3951,0.2568058967590332,0.25596834510564803
3952,0.2569686472415924,0.2559725743532181
3953,0.2565859258174896,0.25597218722105025
3954,0.25584280490875244,0.25597394913434984
3955,0.2562161684036255,0.25597835749387743
3956,0.25533339381217957,0.25596686542034147
3957,0.25597822666168213,0.25596346765756606
3958,0.255793035030365,0.2559629926085472
3959,0.25585246086120605,0.25596399933099745
3960,0.2566150426864624,0.2559750497341156
3961,0.25615257024765015,0.255973818898201
3962,0.25596463680267334,0.2559766560792923
3963,0.2550358474254608,0.255961112678051
3964,0.2560117840766907,0.2559660577774048
3965,0.2555069923400879,0.2559659680724144
3966,0.25586676597595215,0.25595886588096617
3967,0.2553853392601013,0.2559549170732498
3968,0.2558140456676483,0.2559555920958519
3969,0.2557222843170166,0.2559495347738266
3970,0.2559225261211395,0.25595106661319733
3971,0.25530534982681274,0.2559438967704773
3972,0.2551305890083313,0.2559301382303238
3973,0.2542569637298584,0.2559098613262176
3974,0.2547694444656372,0.2558905270695686
3975,0.25341710448265076,0.2558592474460602
3976,0.25417017936706543,0.25583784103393553
3977,0.25376391410827637,0.2558257359266281
3978,0.253442645072937,0.2557980579137802
3979,0.2537011206150055,0.2557700875401497
3980,0.2529427707195282,0.25573657780885695
3981,0.2528376579284668,0.2557055300474167
3982,0.2526571750640869,0.25567268997430803
3983,0.25383543968200684,0.2556455910205841
3984,0.25236326456069946,0.25560361504554746
3985,0.2525973320007324,0.2555725473165512
3986,0.2529844045639038,0.2555438607931137
3987,0.2525838613510132,0.25551037073135374
3988,0.25273793935775757,0.25548296451568603
3989,0.25399237871170044,0.25546585619449613
3990,0.25227829813957214,0.25542800307273866
3991,0.2520371079444885,0.2553862375020981
3992,0.2521902620792389,0.2553509470820427
3993,0.25152260065078735,0.2553103071451187
3994,0.2521542012691498,0.25526625573635103
3995,0.25240558385849,0.25522672206163405
3996,0.2515753209590912,0.25518717885017395
3997,0.25265824794769287,0.25515407174825666
3998,0.25129827857017517,0.25510727494955066
3999,0.25162819027900696,0.25506223380565646
4000,0.2510627210140228,0.25500769048929217
4001,0.2511158883571625,0.2549635708332062
4002,0.25181931257247925,0.25492714941501615
4003,0.2515968680381775,0.25488558888435364
4004,0.2512528598308563,0.25484159141778945
4005,0.25120651721954346,0.2547898927330971
4006,0.2511886954307556,0.254748030602932
4007,0.2507784366607666,0.2546995031833649
4008,0.2510092854499817,0.25465140998363495
4009,0.2505061626434326,0.25460462540388107
4010,0.2504214346408844,0.2545495980978012
4011,0.25046804547309875,0.25449601233005525
4012,0.2500493824481964,0.25443637669086455
4013,0.24980714917182922,0.25438093274831775
4014,0.25006210803985596,0.2543217226862907
4015,0.24937471747398376,0.25425500571727755
4016,0.25002872943878174,0.2541982424259186
4017,0.2494339942932129,0.25413195967674257
4018,0.24996230006217957,0.25407538801431656
4019,0.2497154325246811,0.2540128590166569
4020,0.24970057606697083,0.2539498673379421
4021,0.24969351291656494,0.2538843171298504
4022,0.24935948848724365,0.2538191233575344
4023,0.24979710578918457,0.25375912472605705
4024,0.24934571981430054,0.25369162067770956
4025,0.24944356083869934,0.2536301203072071
4026,0.24883447587490082,0.25355383694171907
4027,0.24902063608169556,0.2534863990545273
4028,0.24938802421092987,0.25342027470469475
4029,0.24945548176765442,0.2533515466749668
4030,0.2488395720720291,0.25328453302383425
4031,0.24825550615787506,0.2532044966518879
4032,0.24847543239593506,0.25312994822859763
4033,0.2493317425251007,0.25306675359606745
4034,0.24897682666778564,0.252995857745409
4035,0.24902698397636414,0.2529259951412678
4036,0.2488889843225479,0.2528587892651558
4037,0.24835975468158722,0.25278508648276327
4038,0.24809607863426208,0.2527035714685917
4039,0.2485702931880951,0.2526353852450848
4040,0.2485814094543457,0.2525631238520145
4041,0.24857929348945618,0.25248982712626455
4042,0.24822795391082764,0.25240920707583425
4043,0.2481045126914978,0.2523380737006664
4044,0.24805550277233124,0.25225418746471406
4045,0.24752414226531982,0.2521740302443504
4046,0.24754491448402405,0.2520917758345604
4047,0.24821895360946655,0.2520108300447464
4048,0.24740692973136902,0.2519287401437759
4049,0.24793057143688202,0.2518483172357082
4050,0.24681469798088074,0.2517532069981098
4051,0.24726331233978271,0.2516577811539173
4052,0.24738404154777527,0.25156193509697916
4053,0.24792145192623138,0.25147529035806654
4054,0.24648690223693848,0.25138173133134845
4055,0.2482905238866806,0.25130247488617896
4056,0.24695748090744019,0.25121871575713156
4057,0.24726860225200653,0.2511316195130348
4058,0.24663801491260529,0.25104006931185724
4059,0.2479308694601059,0.25096085339784624
4060,0.24686989188194275,0.25086340188980105
4061,0.24695149064064026,0.2507713910937309
4062,0.2466908097267151,0.25067865282297136
4063,0.2477027028799057,0.2506053213775158
4064,0.2470490038394928,0.2505156935751438
4065,0.24743720889091492,0.2504349957406521
4066,0.246663898229599,0.25034296706318854
4067,0.24621550738811493,0.2502512687444687
4068,0.24696674942970276,0.2501627957820892
4069,0.24726787209510803,0.25007825165987013
4070,0.24759161472320557,0.2499949425458908
4071,0.24679777026176453,0.24990986675024032
4072,0.24691729247570038,0.24982773378491402
4073,0.24673107266426086,0.24975247487425803
4074,0.24756841361522675,0.24968046456575393
4075,0.2455972135066986,0.24960226565599442
4076,0.2462933510541916,0.24952349737286567
4077,0.24600252509117126,0.2494458834826946
4078,0.2467861771583557,0.2493793188035488
4079,0.24690872430801392,0.2493113948404789
4080,0.24717141687870026,0.24925368130207062
4081,0.24636469781398773,0.24918895170092584
4082,0.24629877507686615,0.24912536770105362
4083,0.24622923135757446,0.2490493056178093
4084,0.24712447822093964,0.24899691775441168
4085,0.24681395292282104,0.2489390839636326
4086,0.2461143434047699,0.24887038335204126
4087,0.24612239003181458,0.24880576863884926
4088,0.24553799629211426,0.24873376920819282
4089,0.2467426210641861,0.2486612716317177
4090,0.24640417098999023,0.24860253036022187
4091,0.2458057999610901,0.2485402172803879
4092,0.24594853818416595,0.24847780004143716
4093,0.24627962708473206,0.2484253703057766
4094,0.2461368441581726,0.24836519673466684
4095,0.24578121304512024,0.24829895302653313
4096,0.24535177648067474,0.24823671758174895
4097,0.24569186568260193,0.24816705375909806
4098,0.24565258622169495,0.24811059683561326
4099,0.24531567096710205,0.2480474716424942
4100,0.24528014659881592,0.24798964589834213
4101,0.24499818682670593,0.24792846888303757
4102,0.24540191888809204,0.2478642949461937
4103,0.24598701298236847,0.24780819639563562
4104,0.24527907371520996,0.24774845853447913
4105,0.24603483080863953,0.2476967416703701
4106,0.24534285068511963,0.24763828322291373
4107,0.24468302726745605,0.24757732912898064
4108,0.24573636054992676,0.2475245998799801
4109,0.24556201696395874,0.24747515842318535
4110,0.2450108528137207,0.2474210526049137
4111,0.2445887327194214,0.24736225947737694
4112,0.24486494064331055,0.24731041505932808
4113,0.24497273564338684,0.24726207092404365
4114,0.24505050480365753,0.24721195489168168
4115,0.2448713183403015,0.24716692090034484
4116,0.24426038563251495,0.2471092374622822
4117,0.24370498955249786,0.24705194741487502
4118,0.2442116141319275,0.24699444055557251
4119,0.24409189820289612,0.24693820521235466
4120,0.2432701289653778,0.24687390074133872
4121,0.2433396428823471,0.24681036204099654
4122,0.2432563602924347,0.24674933075904845
4123,0.24360203742980957,0.2466873800754547
4124,0.24315404891967773,0.24662546336650848
4125,0.24287977814674377,0.24655982553958894
4126,0.2422875463962555,0.24649435624480248
4127,0.2425554394721985,0.2464297042787075
4128,0.24205678701400757,0.24635639190673828
4129,0.24230608344078064,0.24628489792346955
4130,0.24277374148368835,0.24622423961758613
4131,0.24212849140167236,0.2461629694700241
4132,0.2419903576374054,0.2460981187224388
4133,0.24170354008674622,0.24602183669805527
4134,0.24156758189201355,0.24594774425029756
4135,0.2422497570514679,0.24587997198104858
4136,0.24167045950889587,0.24580778673291206
4137,0.24145519733428955,0.24573874115943908
4138,0.24126574397087097,0.24567043781280518
4139,0.24181540310382843,0.2456028889119625
4140,0.24112698435783386,0.24552834466099738
4141,0.24194049835205078,0.24546195670962334
4142,0.2400437593460083,0.24538011476397514
4143,0.24056999385356903,0.24530476957559585
4144,0.240773543715477,0.24523194998502731
4145,0.24054476618766785,0.2451621562242508
4146,0.24024616181850433,0.2450891686975956
4147,0.24053071439266205,0.24501228630542754
4148,0.2402978390455246,0.2449411953985691
4149,0.2401064932346344,0.24486295461654664
4150,0.2405228316783905,0.24480003595352173
4151,0.24067175388336182,0.24473412036895753
4152,0.24015478789806366,0.2446618278324604
4153,0.23980584740638733,0.24458067178726195
4154,0.23961037397384644,0.24451190650463103
4155,0.23950456082820892,0.2444240468740463
4156,0.23893500864505768,0.2443438221514225
4157,0.23849806189537048,0.24425611674785613
4158,0.2390614002943039,0.24418035060167312
4159,0.23864397406578064,0.24408748164772986
4160,0.2392382174730301,0.24401116490364075
4161,0.23855793476104736,0.24392722934484481
4162,0.2380857914686203,0.24384117916226386
4163,0.2377031147480011,0.24374118328094482
4164,0.2377198040485382,0.24364789128303527
4165,0.2375679910182953,0.24354919910430908
4166,0.23686616122722626,0.24345122173428535
4167,0.23732246458530426,0.24336229130625725
4168,0.2368384152650833,0.24326100796461106
4169,0.2365327775478363,0.24315365701913833
4170,0.23576512932777405,0.24303539216518402
4171,0.23528045415878296,0.2429202190041542
4172,0.2352510392665863,0.24280355647206306
4173,0.2349042296409607,0.24268528804183007
4174,0.23523730039596558,0.24256197690963746
4175,0.23368605971336365,0.2424428653717041
4176,0.2342662811279297,0.2423225946724415
4177,0.23196861147880554,0.24218225553631784
4178,0.23187167942523956,0.24203311055898666
4179,0.22975079715251923,0.2418615312874317
4180,0.22792287170886993,0.24166904583573343
4181,0.22519254684448242,0.24145732432603836
4182,0.2244778722524643,0.24123911529779435
4183,0.2224733680486679,0.24100155666470527
4184,0.21727904677391052,0.24070310235023498
4185,0.21181783080101013,0.24035314112901687
4186,0.20565764605998993,0.23994857415556908
4187,0.20038571953773499,0.23949120745062827
4188,0.1940845102071762,0.2389766725897789
4189,0.18655693531036377,0.23837481573224067
4190,0.18210753798484802,0.23773184940218925
4191,0.17369167506694794,0.23701070815324785
4192,0.16848184168338776,0.23623604118824004
4193,0.1603257805109024,0.23537650272250177
4194,0.1519252210855484,0.2344343864917755
4195,0.14490395784378052,0.2334256139397621
4196,0.13481414318084717,0.23232023760676385
4197,0.1282295137643814,0.23114561408758164
4198,0.11933467537164688,0.22988243497908115
4199,0.1112101748585701,0.22854138001799584
4200,0.10631786286830902,0.22715175718069078
4201,0.10152330994606018,0.2257170084118843
4202,0.09681789577007294,0.22423116818070413
4203,0.09523211419582367,0.22272361919283867
4204,0.09391097724437714,0.22120993822813034
4205,0.09203355014324188,0.21966992542147637
4206,0.08921460062265396,0.21810864292085172
4207,0.08784172683954239,0.21654022991657257
4208,0.08768986165523529,0.21495976492762567
4209,0.08731506019830704,0.21337729535996913
4210,0.0870971828699112,0.21179815866053103
4211,0.08723832666873932,0.21022465460002424
4212,0.08614236116409302,0.20863742880523206
4213,0.08590571582317352,0.20704675860702992
4214,0.08491255342960358,0.2054453790932894
4215,0.08464068174362183,0.20384307272732258
4216,0.08339197933673859,0.20223438866436483
4217,0.08329489827156067,0.20063028775155545
4218,0.0828755646944046,0.1990169272571802
4219,0.08325828611850739,0.19740859113633633
4220,0.08342500030994415,0.195810139849782
4221,0.08319921046495438,0.19420873552560805
4222,0.08291515707969666,0.1926053234934807
4223,0.0829354003071785,0.19099865712225436
4224,0.08228649199008942,0.1893899815529585
4225,0.0824090838432312,0.18778527460992336
4226,0.08196156471967697,0.18618201479315757
4227,0.08180651068687439,0.18457452550530434
4228,0.08203264325857162,0.18297428406775
4229,0.08199122548103333,0.1813711354881525
4230,0.08182269334793091,0.17976162500679493
4231,0.08175205439329147,0.17815786063671113
4232,0.08164988458156586,0.17655445590615274
4233,0.08149868249893188,0.1749524073302746
4234,0.08138042688369751,0.1733505357801914
4235,0.08150936663150787,0.17174313187599183
4236,0.08151479065418243,0.1701415751874447
4237,0.08130785822868347,0.16854010179638862
4238,0.08121762424707413,0.16693962059915066
4239,0.08137024939060211,0.1653351690620184
4240,0.08121795952320099,0.16373607881367205
4241,0.08119145780801773,0.16212858840823174
4242,0.08108498156070709,0.16053900063037874
4243,0.08091414719820023,0.15894244216382503
4244,0.0809190422296524,0.1573438971489668
4245,0.0806654766201973,0.15574510425329208
4246,0.08069562911987305,0.15414959892630578
4247,0.08084197342395782,0.15255271151661873
4248,0.08015675097703934,0.15095130063593387
4249,0.08041246980428696,0.14935436040163041
4250,0.08031028509140015,0.1477522349357605
4251,0.08058194816112518,0.14615133687853812
4252,0.07980469614267349,0.14454783596098422
4253,0.08031927049160004,0.14295297019183636
4254,0.0796879231929779,0.14135374568402767
4255,0.07991431653499603,0.13975784324109555
4256,0.07962549477815628,0.13816474810242652
4257,0.07986783981323242,0.13657844588160514
4258,0.08002541959285736,0.13498808607459067
4259,0.0793338343501091,0.13339498467743396
4260,0.0795912817120552,0.13179851531982423
4261,0.07954654097557068,0.13020840138196946
4262,0.07897789776325226,0.12861732244491578
4263,0.07954029738903046,0.12703569427132608
4264,0.0792686939239502,0.1254511831700802
4265,0.07920843362808228,0.12386758759617805
4266,0.07913784682750702,0.12229030445218086
4267,0.07890744507312775,0.12070615425705909
4268,0.07928139716386795,0.11913058407604694
4269,0.07930519431829453,0.11755830824375152
4270,0.07937449216842651,0.11599440187215805
4271,0.07855905592441559,0.11442718788981437
4272,0.07880380749702454,0.11286271557211876
4273,0.07950342446565628,0.11130870752036572
4274,0.07893386483192444,0.1097456731647253
4275,0.07873721420764923,0.10819618470966816
4276,0.07875882089138031,0.10664111010730266
4277,0.0786885917186737,0.10510830990970135
4278,0.07839357107877731,0.10357352882623673
4279,0.07875526696443558,0.10206357352435588
4280,0.07870656251907349,0.10057141043245793
4281,0.0785149484872818,0.09910463444888591
4282,0.0785805732011795,0.09764566145837307
4283,0.07841241359710693,0.09620505191385746
4284,0.07826744019985199,0.09481493584811687
4285,0.07838371396064758,0.09348059467971324
4286,0.0779215395450592,0.09220323361456394
4287,0.07815159857273102,0.0909808924049139
4288,0.0787157192826271,0.08982720449566842
4289,0.07776349037885666,0.08873927004635335
4290,0.07807832956314087,0.08769897796213627
4291,0.07827001810073853,0.08674476139247417
4292,0.078069306910038,0.08584063604474068
4293,0.0781988576054573,0.08501936681568623
4294,0.0780826061964035,0.08428094066679477
4295,0.07809710502624512,0.08361287213861943
4296,0.07765713334083557,0.08304130204021931
4297,0.07799103856086731,0.08253891728818416
4298,0.07829979062080383,0.08212856844067573
4299,0.07795508205890656,0.0817960175126791
4300,0.07787343859672546,0.08151157326996326
4301,0.07761267572641373,0.0812724669277668
4302,0.07810845971107483,0.08108537256717682
4303,0.0773150622844696,0.08090620204806327
4304,0.07742816209793091,0.08074137389659881
4305,0.07733000814914703,0.08059433847665787
4306,0.07789149880409241,0.08048110745847226
4307,0.077231764793396,0.08037500783801078
4308,0.07728323340415955,0.08027094155550003
4309,0.07736162096261978,0.08017140716314315
4310,0.07809320092201233,0.08008136734366417
4311,0.0771070122718811,0.07998005419969559
4312,0.07784271240234375,0.0798970577120781
4313,0.07748962938785553,0.07981289684772491
4314,0.07753465324640274,0.07973911784589291
4315,0.07689487934112549,0.07966165982186794
4316,0.07757501304149628,0.07960349015891552
4317,0.07747365534305573,0.07954527772963046
4318,0.07736019790172577,0.07949012406170368
4319,0.07681237161159515,0.07942566491663455
4320,0.07708127796649933,0.07936222769320012
4321,0.07678267359733582,0.07929806232452392
4322,0.07705353200435638,0.07923944607377052
4323,0.07665471732616425,0.07917663924396039
4324,0.07747338712215424,0.07912850819528103
4325,0.07735271751880646,0.07907794453203679
4326,0.07735741138458252,0.07903190299868584
4327,0.07702557742595673,0.07898409366607666
4328,0.07679857313632965,0.07893175296485425
4329,0.07693550735712051,0.07888119578361512
4330,0.07710538804531097,0.07883402273058891
4331,0.0769391804933548,0.07878589399158954
4332,0.07651861011981964,0.07873458124697208
4333,0.07648541033267975,0.07868444852530956
4334,0.0765942931175232,0.07863658718764782
4335,0.0768289789557457,0.0785897833108902
4336,0.07645103335380554,0.07853914573788642
4337,0.07576341181993484,0.07848370127379894
4338,0.07658927887678146,0.07843741782009601
4339,0.07655774056911469,0.07838929273188114
4340,0.07640054076910019,0.07834111854434013
4341,0.07579350471496582,0.07828713901340961
4342,0.07628132402896881,0.07823910243809223
4343,0.07581944018602371,0.07818815536797047
4344,0.07619467377662659,0.07814091168344021
4345,0.07638669013977051,0.07809812381863594
4346,0.0761558935046196,0.0780527264624834
4347,0.07600653916597366,0.07800437211990356
4348,0.07580968737602234,0.0779609014838934
4349,0.0760166123509407,0.07791694290935994
4350,0.07633510231971741,0.07787719108164311
4351,0.07591338455677032,0.07783050544559955
4352,0.0760277807712555,0.07779273629188538
4353,0.07550150156021118,0.07774455860257148
4354,0.07574174553155899,0.0777050968259573
4355,0.07571648061275482,0.07766311846673489
4356,0.07587578147649765,0.0776256213337183
4357,0.07600049674510956,0.07758694790303707
4358,0.07544178515672684,0.07754111155867577
4359,0.0760091170668602,0.07750786438584328
4360,0.07570277154445648,0.0774689792841673
4361,0.07597151398658752,0.07743322901427746
4362,0.07487991452217102,0.07739224918186664
4363,0.07630354166030884,0.07735988162457944
4364,0.07557510584592819,0.0773229457437992
4365,0.07567018270492554,0.07728756323456765
4366,0.07568953186273575,0.07725308008491993
4367,0.07583389431238174,0.07722234457731247
4368,0.07566353678703308,0.07718616597354412
4369,0.07598593086004257,0.0771529733389616
4370,0.07560679316520691,0.0771152963489294
4371,0.07551845908164978,0.07708489038050174
4372,0.0754426121711731,0.07705127842724323
4373,0.07538978010416031,0.07701014198362827
4374,0.07541009783744812,0.0769749043136835
4375,0.07511059939861298,0.07693863816559315
4376,0.07536175101995468,0.07690466746687889
4377,0.07574126124382019,0.07687519416213036
4378,0.07549332082271576,0.07684619165956974
4379,0.07522612065076828,0.07681090019643307
4380,0.07521627843379974,0.07677599735558033
4381,0.07542452216148376,0.07674509309232234
4382,0.07577284425497055,0.07671701580286026
4383,0.07530474662780762,0.07668593913316726
4384,0.07519875466823578,0.07665525227785111
4385,0.07529348134994507,0.07662434995174408
4386,0.07563195377588272,0.07660145409405232
4387,0.07536979019641876,0.07657363601028919
4388,0.0752781480550766,0.07653926029801368
4389,0.07561098039150238,0.07651773519814015
4390,0.07540968060493469,0.07649104870855808
4391,0.07586459070444107,0.0764669944345951
4392,0.0752754881978035,0.07643905624747277
4393,0.07517427206039429,0.07640881039202213
4394,0.07496500760316849,0.07637763440608979
4395,0.07537811994552612,0.07635044455528259
4396,0.07509337365627289,0.07632480695843696
4397,0.07468771934509277,0.07629177376627921
4398,0.07456361502408981,0.07625441201031208
4399,0.07490812242031097,0.07622394241392612
4400,0.07488710433244705,0.07619407907128334
4401,0.07461126148700714,0.07616406492888927
4402,0.07461192458868027,0.07612909957766532
4403,0.07471498847007751,0.0761030988395214
4404,0.07430607080459595,0.07607187792658805
4405,0.07429458945989609,0.07604152373969555
4406,0.07450177520513535,0.07600762650370597
4407,0.0743725374341011,0.07597903423011303
4408,0.07412180304527283,0.07594741992652417
4409,0.07384633272886276,0.07591226704418659
4410,0.07372184097766876,0.07586855344474315
4411,0.07391533255577087,0.07583663664758206
4412,0.07401873916387558,0.07579839691519737
4413,0.0734621211886406,0.07575812183320522
4414,0.07299590855836868,0.07571273438632488
4415,0.07347245514392853,0.07567851014435291
4416,0.07384072244167328,0.07564116723835468
4417,0.07310135662555695,0.0755974442511797
4418,0.07349616289138794,0.07555880390107632
4419,0.07322271168231964,0.07552290730178356
4420,0.07354721426963806,0.07548756666481495
4421,0.07262111455202103,0.0754459510743618
4422,0.07329972088336945,0.07540841296315193
4423,0.07272271066904068,0.0753690928965807
4424,0.07290861755609512,0.0753234452009201
4425,0.07267336547374725,0.07527665168046951
4426,0.07279261946678162,0.0752310037612915
4427,0.07266344130039215,0.07518738240003586
4428,0.07238048315048218,0.07514320150017738
4429,0.07239127159118652,0.07509775914251804
4430,0.0725378692150116,0.07505208395421505
4431,0.07260654866695404,0.07500875763595104
4432,0.07253388315439224,0.07496891036629677
4433,0.07236327230930328,0.074927688986063
4434,0.07246757298707962,0.07488642178475857
4435,0.07230132818222046,0.07484114527702332
4436,0.07245287299156189,0.07480116367340088
4437,0.07231704890727997,0.07476670004427433
4438,0.0724439024925232,0.07472524628043174
4439,0.07200273126363754,0.07467969618737698
4440,0.07281418889760971,0.07464383266866208
4441,0.07318191230297089,0.07461771674454212
4442,0.07305721938610077,0.07458547569811344
4443,0.07253023982048035,0.07455258369445801
4444,0.07247461378574371,0.07451538309454918
4445,0.07244008779525757,0.07447591707110406
4446,0.07202103734016418,0.0744345685094595
4447,0.0729784369468689,0.07440428748726845
4448,0.07230517268180847,0.07436924234032631
4449,0.07269333302974701,0.07433600954711438
4450,0.07216848433017731,0.07429434336721898
4451,0.07240810245275497,0.07425929054617882
4452,0.07206564396619797,0.07421966917812824
4453,0.07248332351446152,0.07418948739767074
4454,0.07252408564090729,0.07415731079876423
4455,0.07207043468952179,0.0741208503395319
4456,0.07226616144180298,0.07408475413918496
4457,0.07248681038618088,0.07404961727559567
4458,0.07217980176210403,0.07401699744164944
4459,0.0719870924949646,0.07397677719593049
4460,0.07199147343635559,0.07393966421484947
4461,0.07224884629249573,0.07390243753790855
4462,0.0722130537033081,0.07387576892971992
4463,0.07253880053758621,0.0738381215184927
4464,0.07225088775157928,0.07380487933754921
4465,0.07207424938678741,0.07376892000436783
4466,0.07228308916091919,0.07373485557734966
4467,0.07198953628540039,0.07369641199707985
4468,0.07181225717067719,0.0736578992009163
4469,0.07232999056577682,0.07362133979797364
4470,0.07227282226085663,0.07358800008893013
4471,0.07212746143341064,0.07355409011244773
4472,0.07168273627758026,0.0735164913535118
4473,0.07216208428144455,0.07348421439528466
4474,0.07177881896495819,0.07344790160655976
4475,0.07207360863685608,0.07341753169894219
4476,0.07181641459465027,0.07338207833468914
4477,0.07187417149543762,0.07334340743720531
4478,0.07184949517250061,0.07330696918070316
4479,0.07216182351112366,0.07327632620930671
4480,0.07219108939170837,0.0732460743188858
4481,0.07234196364879608,0.07321524873375893
4482,0.0717565268278122,0.07317508555948735
4483,0.07235339283943176,0.07314557202160359
4484,0.0718386173248291,0.07311197064816952
4485,0.07207025587558746,0.07307973839342594
4486,0.07167920470237732,0.07304021090269089
4487,0.07174742966890335,0.07300398729741574
4488,0.0718667060136795,0.07296987287700177
4489,0.07177680730819702,0.07293153114616871
4490,0.07206553220748901,0.07289808966219426
4491,0.07184577733278275,0.07285790152847767
4492,0.07175317406654358,0.07282267838716507
4493,0.07102151215076447,0.07278115078806877
4494,0.07161372900009155,0.072747638002038
4495,0.07165059447288513,0.07271036274731159
4496,0.07174884527921677,0.07267691746354103
4497,0.07156932353973389,0.07264573350548745
4498,0.07148009538650513,0.0726148983091116
4499,0.07208724319934845,0.07258668951690198
4500,0.07189272344112396,0.07255674570798874
4501,0.07199458032846451,0.07253057889640331
4502,0.0721166580915451,0.07250562623143196
4503,0.07171991467475891,0.07247567549347878
4504,0.07169169932603836,0.0724495317786932
4505,0.07147984951734543,0.07242138437926769
4506,0.07161203771829605,0.0723924870043993
4507,0.0716833546757698,0.07236559517681598
4508,0.0719083696603775,0.07234346084296703
4509,0.07196405529975891,0.07232463806867599
4510,0.07145258784294128,0.07230194553732872
4511,0.07131719589233398,0.07227596417069435
4512,0.07190841436386108,0.0722548609226942
4513,0.07167845964431763,0.07223702430725097
4514,0.07179651409387589,0.07222503036260605
4515,0.07151242345571518,0.07220543004572391
4516,0.07147413492202759,0.07218176417052746
4517,0.07164762914180756,0.07216722689568997
4518,0.07190168648958206,0.0721512821316719
4519,0.07138268649578094,0.07213288187980652
4520,0.07212158292531967,0.07211862556636334
4521,0.0714486688375473,0.0721069011092186
4522,0.07151958346366882,0.07208909973502159
4523,0.07157066464424133,0.0720775792747736
4524,0.07146085798740387,0.07206310167908668
4525,0.07149505615234375,0.07205131858587265
4526,0.07177600264549255,0.07204115241765977
4527,0.07152260094881058,0.07202974401414394
4528,0.0716247633099556,0.07202218681573867
4529,0.07130289822816849,0.0720113030821085
4530,0.07148434221744537,0.07200076781213284
4531,0.0713968500494957,0.07198867082595825
4532,0.07161392271518707,0.0719794712215662
4533,0.07124552130699158,0.07196829371154308
4534,0.07147294282913208,0.07195834740996361
4535,0.071348175406456,0.07194881588220596
4536,0.07119804620742798,0.07193626761436463
4537,0.07180304080247879,0.07193112753331661
4538,0.07145601511001587,0.07192124865949154
4539,0.07132761180400848,0.07191449746489526
4540,0.0711171105504036,0.07189752668142319
4541,0.07122203707695007,0.07187792792916298
4542,0.07161904871463776,0.07186354622244835
4543,0.07138192653656006,0.07185206308960915
4544,0.07147475332021713,0.07184206448495388
4545,0.07152687758207321,0.07183293238282204
4546,0.07113373279571533,0.07182405933737755
4547,0.07110237330198288,0.0718052987009287
4548,0.07102033495903015,0.07179245032370091
4549,0.07127350568771362,0.07177825205028057
4550,0.07153674960136414,0.07177193470299244
4551,0.07135982066392899,0.07176145188510417
4552,0.07127907872200012,0.0717535862326622
4553,0.0709085464477539,0.07173783846199512
4554,0.07119844853878021,0.07172458209097385
4555,0.0711122453212738,0.07171500019729138
4556,0.07102389633655548,0.0717025775462389
4557,0.07106450945138931,0.07168835453689099
4558,0.07112020254135132,0.07167775854468346
4559,0.0710286945104599,0.07166817456483841
4560,0.0710611343383789,0.07165887117385865
4561,0.0714484453201294,0.07165086716413498
4562,0.07102245837450027,0.0716389612108469
4563,0.0713401511311531,0.07162697471678257
4564,0.07143790274858475,0.07161884486675263
4565,0.07144416868686676,0.07161254405975342
4566,0.07095663249492645,0.07159927949309348
4567,0.07140679657459259,0.07159345209598542
4568,0.07139080762863159,0.07158923760056496
4569,0.07117047905921936,0.07157764248549939
4570,0.07088419795036316,0.07156375624239444
4571,0.0715782642364502,0.07155826427042485
4572,0.07094481587409973,0.07155088506639004
4573,0.07149866223335266,0.07154425084590912
4574,0.07107236236333847,0.07153718627989292
4575,0.07148772478103638,0.07153132744133472
4576,0.0711754560470581,0.07152491785585881
4577,0.0712011307477951,0.07151818744838238
4578,0.07111316919326782,0.07151082418859005
4579,0.07084669172763824,0.0714976728707552
4580,0.07126765698194504,0.07148843854665757
4581,0.07095219939947128,0.07147454090416432
4582,0.07089010626077652,0.07146587669849395
4583,0.07094591856002808,0.07145180195569992
4584,0.07100391387939453,0.07144345492124557
4585,0.07135668396949768,0.07143631920218468
4586,0.07096001505851746,0.07142912730574608
4587,0.07103988528251648,0.0714220518618822
4588,0.07086361944675446,0.07141202099621297
4589,0.07051517069339752,0.07139940463006496
4590,0.07101931422948837,0.07138894245028496
4591,0.07083969563245773,0.07137888163328171
4592,0.07079881429672241,0.0713693380355835
4593,0.0713723748922348,0.0713728466629982
4594,0.07105127722024918,0.07136722214519978
4595,0.07110005617141724,0.0713617167621851
4596,0.07072257995605469,0.07135145410895348
4597,0.07083223760128021,0.07134408324956894
4598,0.0710945874452591,0.07134022817015648
4599,0.07083184272050858,0.07132767416536807
4600,0.07056696712970734,0.07131441660225392
4601,0.0710877925157547,0.07130534872412682
4602,0.07074844092130661,0.07129166655242443
4603,0.07052361965179443,0.07127970360219478
4604,0.07087454944849014,0.0712715321034193
4605,0.07103846967220306,0.07126711830496787
4606,0.0704335868358612,0.07125533379614353
4607,0.07088428735733032,0.07124734312295913
4608,0.07088985294103622,0.07123715795576573
4609,0.07132594287395477,0.07123077683150768
4610,0.07113537192344666,0.07122760467231273
4611,0.07085682451725006,0.07122300095856189
4612,0.07076580822467804,0.07121157489717006
4613,0.07082054018974304,0.07120299570262432
4614,0.07073087990283966,0.07119233936071395
4615,0.0706905722618103,0.07118412084877491
4616,0.0705474317073822,0.07117485381662846
4617,0.07071182131767273,0.07116549573838711
4618,0.07086986303329468,0.07115517750382423
4619,0.07136233896017075,0.07115497402846813
4620,0.07050405442714691,0.0711387987434864
4621,0.07084646821022034,0.07113277673721313
4622,0.07060025632381439,0.07112358346581459
4623,0.07107845693826675,0.07111866138875485
4624,0.07056063413619995,0.07110965915024281
4625,0.07048281282186508,0.07109953671693801
4626,0.07060514390468597,0.07108782812952995
4627,0.07091059535741806,0.07108170807361602
4628,0.07056349515914917,0.07107109539210796
4629,0.07101024687290192,0.0710681688785553
4630,0.07106169313192368,0.07106394238770009
4631,0.07072966545820236,0.07105727054178715
4632,0.07104100286960602,0.07105154134333133
4633,0.07076727598905563,0.07104675889015198
4634,0.07088463008403778,0.07104087576270103
4635,0.07069802284240723,0.07103437423706055
4636,0.07054945826530457,0.07102788835763932
4637,0.07091249525547028,0.07101898290216922
4638,0.07052169740200043,0.07100963972508907
4639,0.07068748772144318,0.07100323848426342
4640,0.07114118337631226,0.07100347921252251
4641,0.07072234898805618,0.07099848233163357
4642,0.07073469460010529,0.07098963879048824
4643,0.07048296928405762,0.07098064921796322
4644,0.07033015787601471,0.0709692032635212
4645,0.07065737992525101,0.07096050828695297
4646,0.07036620378494263,0.07095283299684524
4647,0.0708807185292244,0.07095061644911765
4648,0.070705845952034,0.0709474715590477
4649,0.070707306265831,0.07094180956482887
4650,0.07049937546253204,0.07093143582344055
4651,0.07058122754096985,0.07092364989221096
4652,0.07042437791824341,0.0709151028841734
4653,0.07053612172603607,0.07091137863695622
4654,0.07005782425403595,0.07089997239410878
4655,0.07064680010080338,0.07089531794190407
4656,0.07058477401733398,0.07089092671871185
4657,0.07069191336631775,0.07088720075786113
4658,0.07106280326843262,0.07088662676513195
4659,0.07020372152328491,0.0708783770352602
4660,0.07027510553598404,0.07087051674723625
4661,0.07030883431434631,0.07085912063717842
4662,0.07050968706607819,0.0708539929240942
4663,0.07017318904399872,0.07084232330322265
4664,0.07039602100849152,0.07083190448582172
4665,0.07056727260351181,0.07082313552498817
4666,0.07076333463191986,0.07082120254635811
4667,0.07026322185993195,0.0708097667992115
4668,0.07032377272844315,0.07079909645020961
4669,0.07013162970542908,0.07078870795667172
4670,0.07010413706302643,0.07078090734779835
4671,0.07074642926454544,0.0707725889980793
4672,0.07050999999046326,0.07076824083924294
4673,0.07010442018508911,0.0707542984187603
4674,0.07086709141731262,0.07075224570930004
4675,0.0704607218503952,0.07074197567999363
4676,0.07075418531894684,0.07073776297271252
4677,0.07047136127948761,0.07073046527802944
4678,0.07030610740184784,0.07072239466011525
4679,0.07034440338611603,0.07071737177670002
4680,0.0705905556678772,0.07071060076355934
4681,0.07077847421169281,0.07070886351168156
4682,0.07058937847614288,0.07070585623383523
4683,0.07040497660636902,0.07070044681429863
4684,0.07051809132099152,0.0706955885887146
4685,0.07002753019332886,0.07068229705095291
4686,0.07041003555059433,0.07067679725587368
4687,0.07040229439735413,0.07067042134702206
4688,0.07019011676311493,0.07066368632018566
4689,0.07020017504692078,0.0706605363637209
4690,0.07048936188220978,0.0706552368402481
4691,0.07026999443769455,0.07064953982830048
4692,0.07057486474514008,0.07064730033278466
4693,0.07015057653188705,0.07063508234918117
4694,0.07068346440792084,0.07063140422105789
4695,0.07005630433559418,0.07062096670269966
4696,0.07009612023830414,0.07061470210552216
4697,0.07031553983688354,0.0706095351278782
4698,0.07060852646827698,0.07060467451810837
4699,0.07024389505386353,0.07059879504144191
4700,0.07014818489551544,0.07059460721909999
4701,0.07040756940841675,0.07058780498802662
4702,0.07050179690122604,0.07058533854782581
4703,0.07001270353794098,0.07058022938668727
4704,0.06963448226451874,0.07056782871484757
4705,0.07052718847990036,0.07056271590292454
4706,0.07029078900814056,0.07056128792464733
4707,0.07041013240814209,0.07055654637515545
4708,0.07064132392406464,0.07055406108498573
4709,0.07002207636833191,0.0705410224199295
4710,0.07018400728702545,0.07053150877356529
4711,0.07004505395889282,0.07052339106798172
4712,0.07072588056325912,0.07052299179136753
4713,0.07036586105823517,0.07051844500005246
4714,0.07010112702846527,0.07051214747130871
4715,0.07009296119213104,0.07050617136061192
4716,0.07016408443450928,0.07050233788788318
4717,0.0701957419514656,0.07049717709422111
4718,0.07012543082237244,0.07048973277211189
4719,0.07028531283140182,0.07047896251082421
4720,0.07026372849941254,0.07047655925154686
4721,0.07026024162769318,0.07047069698572159
4722,0.0703188106417656,0.0704678825289011
4723,0.06991060078144073,0.07045620396733283
4724,0.0705193430185318,0.07045579105615615
4725,0.07062025368213654,0.07045716546475887
4726,0.07020536065101624,0.07045316763222217
4727,0.07075288891792297,0.07045159056782722
4728,0.06984321773052216,0.07044438779354095
4729,0.07022039592266083,0.07043648928403855
4730,0.07017624378204346,0.07042763479053975
4731,0.07017143070697784,0.0704220524430275
4732,0.07025191187858582,0.07041416153311729
4733,0.0699789971113205,0.07040627874433994
4734,0.07008044421672821,0.07039823688566685
4735,0.07035708427429199,0.0703948274999857
4736,0.07034993171691895,0.07039283223450184
4737,0.07011675089597702,0.07038487479090691
4738,0.07008522003889084,0.07038051001727581
4739,0.07005897909402847,0.07037422493100166
4740,0.0701984167098999,0.07036479726433754
4741,0.07031065225601196,0.0703606802970171
4742,0.0707586258649826,0.07036091960966587
4743,0.07053344696760178,0.07036142438650131
4744,0.07008696347475052,0.07035899244248867
4745,0.0702437162399292,0.07035485580563546
4746,0.06959933042526245,0.07034718707203864
4747,0.06969445943832397,0.07033532448112964
4748,0.07009188085794449,0.07032918483018875
4749,0.06999276578426361,0.07032203942537307
4750,0.069800965487957,0.07031505532562733
4751,0.07005494832992554,0.07030979253351688
4752,0.07002411037683487,0.0703057898581028
4753,0.07009832561016083,0.07030141189694404
4754,0.07043187320232391,0.07030515238642693
4755,0.06981849670410156,0.0702968693524599
4756,0.07037603110074997,0.07029478192329407
4757,0.06960666179656982,0.07028392940759659
4758,0.06964172422885895,0.07026971861720085
4759,0.06958945095539093,0.07026357591152191
4760,0.07021784782409668,0.07026300333440304
4761,0.06977632641792297,0.0702576782554388
4762,0.07000693678855896,0.07025265075266361
4763,0.07010403275489807,0.0702519591897726
4764,0.0697263777256012,0.0702452627569437
4765,0.06981562077999115,0.0702377462387085
4766,0.06974402815103531,0.07022755317389966
4767,0.07038448750972748,0.07022876583039761
4768,0.07015693187713623,0.07022709742188454
4769,0.06967871636152267,0.07022256828844547
4770,0.07040683180093765,0.07022559523582458
4771,0.07058514654636383,0.07022398240864276
4772,0.07005369663238525,0.07021941937506199
4773,0.0701100081205368,0.07021947525441646
4774,0.06965700536966324,0.07020737439393997
4775,0.07047782093286514,0.07020754538476467
4776,0.0698893740773201,0.0701988972723484
4777,0.0699906200170517,0.07019408985972404
4778,0.07014499604701996,0.07019247874617576
4779,0.07002057880163193,0.07018924050033093
4780,0.0701524168252945,0.0701848591119051
4781,0.07010836899280548,0.07017815805971622
4782,0.06965962052345276,0.07016886048018932
4783,0.07023582607507706,0.0701671689748764
4784,0.07015927135944366,0.07016358077526093
4785,0.06986197829246521,0.07016192525625228
4786,0.06990399211645126,0.07015686482191086
4787,0.0697140097618103,0.07014998197555541
4788,0.07032203674316406,0.07015130117535591
4789,0.0694006085395813,0.07014330551028251
4790,0.06990836560726166,0.07013749554753304
4791,0.0695028007030487,0.07012982361018658
4792,0.06960980594158173,0.070120173022151
4793,0.06992755830287933,0.07011794283986092
4794,0.06981140375137329,0.07010922223329544
4795,0.07003659009933472,0.07010902509093285
4796,0.07005830854177475,0.07010864697396756
4797,0.06996974349021912,0.0701051890105009
4798,0.06980951875448227,0.07009719893336296
4799,0.06976018846035004,0.07009236186742783
4800,0.07031048834323883,0.07009398490190506
4801,0.0701327994465828,0.07009123720228672
4802,0.06990285217761993,0.07008524775505066
4803,0.06991967558860779,0.07008431747555732
4804,0.06979786604642868,0.07008595131337643
4805,0.07040137052536011,0.07008469313383102
4806,0.06986875832080841,0.0700804728269577
4807,0.06997884064912796,0.07007615990936757
4808,0.06973724812269211,0.07006711915135383
4809,0.0697217583656311,0.07006411597132683
4810,0.06977477669715881,0.07006002366542816
4811,0.06991415470838547,0.07005871467292309
4812,0.07004547119140625,0.07005191057920455
4813,0.0696999654173851,0.07004525162279605
4814,0.06991451978683472,0.07004338555037976
4815,0.06946681439876556,0.0700371240824461
4816,0.0702618807554245,0.07003810204565525
4817,0.06971612572669983,0.07003330588340759
4818,0.07001779973506927,0.07003222957253456
4819,0.0698375403881073,0.07002775184810162
4820,0.06964144110679626,0.07002152897417545
4821,0.06971489638090134,0.07001607552170754
4822,0.06962934136390686,0.07000918082892894
4823,0.06958626210689545,0.07000593744218349
4824,0.06939928233623505,0.06999473683536053
4825,0.0696025937795639,0.0699845602363348
4826,0.06975699961185455,0.06998007662594319
4827,0.06985798478126526,0.0699711275845766
4828,0.06970879435539246,0.06996978335082531
4829,0.06982341408729553,0.06996581353247165
4830,0.0697399228811264,0.06996145032346249
4831,0.06978411972522736,0.06995757721364498
4832,0.06968921422958374,0.06995195023715496
4833,0.06976141035556793,0.06994977436959743
4834,0.0696972906589508,0.06994594283401966
4835,0.06993761658668518,0.06994174815714359
4836,0.0695876032114029,0.06993412487208843
4837,0.0703887790441513,0.06993684515357018
4838,0.06997036933898926,0.06993569664657116
4839,0.06956333667039871,0.06993074022233486
4840,0.07008638232946396,0.0699296198785305
4841,0.06983797997236252,0.069924893155694
4842,0.06967203319072723,0.06991402722895146
4843,0.06942710280418396,0.06990296378731728
4844,0.06984096765518188,0.0699005038291216
4845,0.06943096220493317,0.06989237628877162
4846,0.06962929666042328,0.06989267595112324
4847,0.06982193887233734,0.06989395074546337
4848,0.06979678571224213,0.06989099979400634
4849,0.06973503530025482,0.06988842248916625
4850,0.0692584216594696,0.06988299705088138
4851,0.07001930475234985,0.06988264061510563
4852,0.07007913291454315,0.06988319084048271
4853,0.0699552670121193,0.0698817602545023
4854,0.06981439888477325,0.06987558551132679
4855,0.06942108273506165,0.06987161137163639
4856,0.06992408633232117,0.0698670919239521
4857,0.0692816823720932,0.06986384212970734
4858,0.06963373720645905,0.06986376225948333
4859,0.06984491646289825,0.06986631691455841
4860,0.06970497965812683,0.06986118823289872
4861,0.0693870484828949,0.06985729545354843
4862,0.06946650892496109,0.06985189117491246
4863,0.06998500972986221,0.0698507009446621
4864,0.06961110234260559,0.06984954819083214
4865,0.06971856206655502,0.06984857760369778
4866,0.06997771561145782,0.069850914478302
4867,0.06928116083145142,0.06983988121151924
4868,0.06940162181854248,0.0698323281109333
4869,0.06960203498601913,0.06983156129717827
4870,0.06978946179151535,0.06982538759708405
4871,0.06944029033184052,0.06981393903493881
4872,0.0692334771156311,0.06980573683977127
4873,0.06966090947389603,0.06980124585330487
4874,0.06902439147233963,0.06979491971433163
4875,0.06944072246551514,0.06978454872965813
4876,0.06954360008239746,0.0697810909897089
4877,0.06964650750160217,0.06977764986455441
4878,0.06984201073646545,0.06977462001144887
4879,0.06973449885845184,0.06977175921201706
4880,0.06995145976543427,0.06976974964141845
4881,0.06955167651176453,0.06976418271660804
4882,0.06940560042858124,0.06976164251565933
4883,0.06939336657524109,0.06975321792066097
4884,0.06950290501117706,0.06974665425717831
4885,0.06964020431041718,0.06974443651735783
4886,0.06948915123939514,0.06974028810858726
4887,0.06914316117763519,0.06973457962274551
4888,0.06921789795160294,0.06972353823482991
4889,0.07020826637744904,0.06973161481320858
4890,0.06944219022989273,0.0697269530594349
4891,0.06930550932884216,0.06972498014569282
4892,0.06977303326129913,0.06972661241889
4893,0.06956548243761063,0.06972299166023731
4894,0.06984955817461014,0.06972337320446968
4895,0.06932668387889862,0.06971627414226532
4896,0.06972263753414154,0.06971291743218899
4897,0.06982207298278809,0.06971144072711467
4898,0.06938937306404114,0.06970723927021026
4899,0.0696309506893158,0.06970594689249993
4900,0.06935819238424301,0.06969642393290996
4901,0.06961982697248459,0.06969129420816898
4902,0.06928260624408722,0.06968509174883365
4903,0.06884726136922836,0.06967436760663986
4904,0.06879663467407227,0.0696643552929163
4905,0.06959518790245056,0.0696562934666872
4906,0.06931518763303757,0.0696507577598095
4907,0.06957263499498367,0.06964669570326805
4908,0.06927143037319183,0.06964203752577305
4909,0.06907539069652557,0.06963557384908199
4910,0.06909117102622986,0.0696287377923727
4911,0.06902773678302765,0.06961987361311912
4912,0.06957794725894928,0.06961519837379455
4913,0.06947971880435944,0.0696129959076643
4914,0.06911537051200867,0.06960500441491604
4915,0.06930133700370789,0.06960334964096546
4916,0.06963267922401428,0.06959705762565135
4917,0.0694354921579361,0.06959425128996372
4918,0.069573774933815,0.06958981104195118
4919,0.0689769983291626,0.06958120562136173
4920,0.06910137087106705,0.06957580491900445
4921,0.06887157261371613,0.06956737168133259
4922,0.06964389979839325,0.06956751726567745
4923,0.06924327462911606,0.06956408739089966
4924,0.06915120780467987,0.06956160664558411
4925,0.0687398687005043,0.0695529793947935
4926,0.06945328414440155,0.06954994224011898
4927,0.06934379041194916,0.06954480029642582
4928,0.06881291419267654,0.06953584149479866
4929,0.06919023394584656,0.06952950969338417
4930,0.06919342279434204,0.06952404469251633
4931,0.06933915615081787,0.06951959505677223
4932,0.06910240650177002,0.0695137269794941
4933,0.06890055537223816,0.0695051184296608
4934,0.06949487328529358,0.06950309425592423
4935,0.06927332282066345,0.06949645131826401
4936,0.06939131021499634,0.06949448838829994
4937,0.06950429081916809,0.0694856435060501
4938,0.06912781298160553,0.06947721794247627
4939,0.06943131238222122,0.0694758976995945
4940,0.06926730275154114,0.06946770690381526
4941,0.06951138377189636,0.0694644409418106
4942,0.06957303732633591,0.0694634509831667
4943,0.06939242035150528,0.0694631041586399
4944,0.06946974992752075,0.06945939198136329
4945,0.06957635283470154,0.06946084588766098
4946,0.0693330466747284,0.06945788338780404
4947,0.06920284032821655,0.06945169240236282
4948,0.06895000487565994,0.069443224593997
4949,0.06914006173610687,0.06943727485835552
4950,0.06881681829690933,0.06943285882472992
4951,0.06914673000574112,0.06942413307726383
4952,0.06929038465023041,0.0694162455946207
4953,0.06945475935935974,0.06941124051809311
4954,0.06926655769348145,0.06940576210618019
4955,0.06978336721658707,0.06940938495099544
4956,0.06884674727916718,0.06939861156046391
4957,0.06956449151039124,0.06940143965184689
4958,0.06894805282354355,0.06939458280801773
4959,0.06926834583282471,0.069388817101717
4960,0.0691232979297638,0.06938300028443337
4961,0.06881837546825409,0.06937731355428696
4962,0.0692615881562233,0.06937526434659957
4963,0.06904985010623932,0.06936591275036336
4964,0.06961961090564728,0.06936599783599377
4965,0.06939142197370529,0.06936272643506528
4966,0.06924423575401306,0.06935539163649082
4967,0.06917370110750198,0.06935431703925132
4968,0.0690840631723404,0.06935114145278931
4969,0.06920623034238815,0.069347183406353
4970,0.06950412690639496,0.06934433005750179
4971,0.06936515122652054,0.0693435786664486
4972,0.06915813684463501,0.06934282526373864
4973,0.06886868178844452,0.06933490298688412
4974,0.06945658475160599,0.06933922491967678
4975,0.068764328956604,0.06933246098458767
4976,0.06901869177818298,0.06932721190154552
4977,0.06897946447134018,0.0693205414712429
4978,0.0685620903968811,0.06930774226784706
4979,0.0685386210680008,0.06929578348994254
4980,0.06915014982223511,0.06928777039051055
4981,0.06851305812597275,0.06927738420665264
4982,0.06872275471687317,0.06927055574953556
4983,0.0692199170589447,0.0692688212543726
4984,0.06931321322917938,0.06926692433655263
4985,0.06950104981660843,0.06926553279161453
4986,0.06871278584003448,0.06925776913762093
4987,0.06879925727844238,0.069254330098629
4988,0.06941507756710052,0.06925630189478398
4989,0.06888655573129654,0.06924308478832245
4990,0.06901340186595917,0.06923879690468311
4991,0.06874538958072662,0.06923319570720196
4992,0.06909472495317459,0.06922641262412071
4993,0.06900648772716522,0.06922082267701626
4994,0.06933675706386566,0.06921569466590881
4995,0.06908071786165237,0.06921323500573635
4996,0.06927010416984558,0.06920870967209339
4997,0.06909199804067612,0.06920140892267228
4998,0.06890949606895447,0.06919661015272141
4999,0.06872929632663727,0.06918759360909461
5000,0.06944657862186432,0.06918847747147083
5001,0.06897816807031631,0.06918206088244915
5002,0.06867548823356628,0.06917598970234394
5003,0.06866370886564255,0.06917415417730809
5004,0.06857557594776154,0.06917194359004497
5005,0.06860167533159256,0.0691620084643364
5006,0.06913333386182785,0.0691601899266243
5007,0.06901797652244568,0.06915464334189891
5008,0.0690927505493164,0.06915285654366016
5009,0.0683969110250473,0.06914607174694538
5010,0.06859162449836731,0.06914107628166676
5011,0.06864151358604431,0.06913721404969692
5012,0.06905996799468994,0.06913203425705433
5013,0.0687357634305954,0.0691245947033167
5014,0.06865082681179047,0.06911994926631451
5015,0.06920494139194489,0.06911898531019688
5016,0.06866856664419174,0.06910934418439865
5017,0.0688592940568924,0.06910358220338822
5018,0.06885968893766403,0.0690964413434267
5019,0.06879661977291107,0.06909463755786419
5020,0.06908462941646576,0.06909447014331818
5021,0.06890952587127686,0.06909484967589379
5022,0.06892164796590805,0.06908762715756893
5023,0.06850149482488632,0.06908020935952663
5024,0.06916831433773041,0.06908038042485715
5025,0.06879554688930511,0.06908093720674514
5026,0.06880214810371399,0.06907442584633827
5027,0.06845611333847046,0.06906554907560349
5028,0.06869897246360779,0.0690644096583128
5029,0.06902498751878738,0.0690627571940422
5030,0.06871093064546585,0.06905793227255344
5031,0.06884047389030457,0.0690529454499483
5032,0.06894581764936447,0.06905137956142425
5033,0.06853137910366058,0.06904768779873847
5034,0.06863057613372803,0.06903904482722283
5035,0.06877073645591736,0.06903401896357536
5036,0.0681382268667221,0.06902148813009262
5037,0.06892803311347961,0.06901572555303574
5038,0.06853694468736649,0.06900981687009335
5039,0.06868673861026764,0.06900237113237381
5040,0.06847633421421051,0.0689944614470005
5041,0.06846750527620316,0.06898402266204356
5042,0.06875593215227127,0.06897585161030292
5043,0.06898621469736099,0.06897178955376149
5044,0.06831498444080353,0.06896024189889431
5045,0.06839651614427567,0.06894844353199005
5046,0.0695216953754425,0.0689503300189972
5047,0.068579763174057,0.06894409924745559
5048,0.06897290050983429,0.06894432820379734
5049,0.06837476789951324,0.0689366752654314
5050,0.06891535967588425,0.06893766067922115
5051,0.06865750253200531,0.0689327684044838
5052,0.06851793080568314,0.06892504386603832
5053,0.06824569404125214,0.06891295321285724
5054,0.06850950419902802,0.06890538267791271
5055,0.06892795860767365,0.06889682859182358
5056,0.06899876892566681,0.06889834880828857
5057,0.0687427669763565,0.06889013156294822
5058,0.06871023774147034,0.0688877534121275
5059,0.06887105852365494,0.0688837805390358
5060,0.06892652809619904,0.06888181284070015
5061,0.06848843395709991,0.06887851342558861
5062,0.06883613765239716,0.06887425892055035
5063,0.06879475712776184,0.06887170799076557
5064,0.06978558003902435,0.06887336768209934
5065,0.06841741502285004,0.0688636276125908
5066,0.06800341606140137,0.06885121941566467
5067,0.06887350976467133,0.06884821750223637
5068,0.06840899586677551,0.06884146682918071
5069,0.06879275292158127,0.06883733205497265
5070,0.06888443231582642,0.06883113510906697
5071,0.06850545108318329,0.06882253810763359
5072,0.06844649463891983,0.06881542168557644
5073,0.06869528442621231,0.06881368771195412
5074,0.06843726336956024,0.06880349449813367
5075,0.06839433312416077,0.06879979453980922
5076,0.06808935105800629,0.06879050113260746
5077,0.06847541034221649,0.06878546059131622
5078,0.06837032735347748,0.06878354296088218
5079,0.06861289590597153,0.0687842857092619
5080,0.06866760551929474,0.0687794602662325
5081,0.06859725713729858,0.06878030225634575
5082,0.06836093962192535,0.06877668410539627
5083,0.06872802972793579,0.06877176523208618
5084,0.06870687007904053,0.06876570180058479
5085,0.06842896342277527,0.06875498093664646
5086,0.06844573467969894,0.06875231042504311
5087,0.06839028000831604,0.06874822065234185
5088,0.0680813416838646,0.06873488329350948
5089,0.06818605959415436,0.06872787833213806
5090,0.06851296871900558,0.06872287400066852
5091,0.06817163527011871,0.06871713645756244
5092,0.06806755065917969,0.06870686471462249
5093,0.06839919090270996,0.06870079174637794
5094,0.0679674819111824,0.0686870989948511
5095,0.06831075996160507,0.06867939941585063
5096,0.06826535612344742,0.06866935193538666
5097,0.06845447421073914,0.06866297669708729
5098,0.06856194138526917,0.06865950115025043
5099,0.06849375367164612,0.06865714572370052
5100,0.06845608353614807,0.06864724077284336
5101,0.06875598430633545,0.06864501893520356
5102,0.06822945177555084,0.0686405585706234
5103,0.06834013760089874,0.06863732285797595
5104,0.06863903999328613,0.06863795749843121
5105,0.06864745914936066,0.06863841533660889
5106,0.06797228753566742,0.06862680487334728
5107,0.06837181001901627,0.06862034320831299
5108,0.06828046590089798,0.0686122203618288
5109,0.06779539585113525,0.06860620521008969
5110,0.06817212700843811,0.06860201023519039
5111,0.06828208267688751,0.06859841592609882
5112,0.06811880320310593,0.06858900427818299
5113,0.06791733205318451,0.06858081996440887
5114,0.06826288998126984,0.06857694059610367
5115,0.06830711662769318,0.06856796234846115
5116,0.06812429428100586,0.06856251962482929
5117,0.06840689480304718,0.06855799563229084
5118,0.06812768429517746,0.06855067558586597
5119,0.06830800324678421,0.0685457894206047
5120,0.06803011894226074,0.06853524431586265
5121,0.06843838095664978,0.06853053286671638
5122,0.0679333433508873,0.06852064982056617
5123,0.0685296580195427,0.06852093145251274
5124,0.06881986558437347,0.06851744696497918
5125,0.0682612881064415,0.06851210437715054
5126,0.0682242140173912,0.06850632503628731
5127,0.06811757385730743,0.06850293964147568
5128,0.06830613315105438,0.06849901124835014
5129,0.06816400587558746,0.06849040143191815
5130,0.06826058030128479,0.06848589792847633
5131,0.0685984194278717,0.068483477383852
5132,0.0681380182504654,0.06847539938986301
5133,0.06839316338300705,0.06847401723265648
5134,0.0683673620223999,0.0684713850915432
5135,0.06835269927978516,0.06846720471978188
5136,0.06836965680122375,0.06846951901912689
5137,0.06793240457773209,0.06845956273376942
5138,0.0677337720990181,0.06845153100788594
5139,0.06805460155010223,0.06844520963728427
5140,0.06749856472015381,0.06843543194234371
5141,0.06773294508457184,0.0684280863404274
5142,0.06797230243682861,0.06842025004327297
5143,0.06773509085178375,0.0684077388048172
5144,0.06839904189109802,0.06840857937932014
5145,0.06771264970302582,0.06840174071490765
5146,0.06849636137485504,0.06839148737490178
5147,0.0676850974559784,0.06838254071772099
5148,0.06798729300498962,0.06837268464267254
5149,0.06810230761766434,0.06836996003985404
5150,0.0679682120680809,0.06836048856377602
5151,0.06819265335798264,0.0683558400720358
5152,0.0676034539937973,0.06834669530391693
5153,0.06740748137235641,0.06833831317722798
5154,0.0676618218421936,0.06832983635365963
5155,0.06786923855543137,0.06831924915313721
5156,0.0678931176662445,0.06830819264054298
5157,0.0676448866724968,0.06829721383750438
5158,0.06767870485782623,0.06828689850866794
5159,0.06756766140460968,0.0682738645374775
5160,0.0676020011305809,0.06826061926782132
5161,0.06848961114883423,0.06826063103973866
5162,0.0672917515039444,0.06824518717825413
5163,0.06771943718194962,0.068234433978796
5164,0.0673895925283432,0.06821047410368919
5165,0.06770666688680649,0.06820336662232876
5166,0.06818234175443649,0.06820515587925911
5167,0.06751911342144012,0.0681916119158268
5168,0.06720727682113647,0.06817959472537041
5169,0.06739117205142975,0.0681655789166689
5170,0.06799690425395966,0.06815670363605023
5171,0.06747809797525406,0.06814643010497093
5172,0.06762854754924774,0.06813825063407421
5173,0.06798083335161209,0.0681311061233282
5174,0.0669960081577301,0.0681166935712099
5175,0.06753981858491898,0.06810814842581749
5176,0.06747297942638397,0.06810198470950127
5177,0.06719635426998138,0.06808919414877891
5178,0.06726822257041931,0.06807817310094834
5179,0.0676775574684143,0.06806881971657276
5180,0.0673508495092392,0.0680556521564722
5181,0.06783498823642731,0.0680480294674635
5182,0.06786364316940308,0.06804305650293827
5183,0.06692294776439667,0.06802500568330289
5184,0.06728393584489822,0.06801077634096146
5185,0.06721392273902893,0.067998625934124
5186,0.06764888763427734,0.06799065746366978
5187,0.06709462404251099,0.06797770090401173
5188,0.06721499562263489,0.06796903744339942
5189,0.06734936684370041,0.06796067051589488
5190,0.06755055487155914,0.06795104637742043
5191,0.06705144047737122,0.06793984442949295
5192,0.06749371439218521,0.067934106066823
5193,0.0665120854973793,0.06791523501276969
5194,0.06719009578227997,0.06790746115148068
5195,0.06720482558012009,0.06789640180766582
5196,0.06765291094779968,0.06789027735590934
5197,0.06746745109558105,0.06788040712475776
5198,0.06733343005180359,0.06786812201142312
5199,0.06699199974536896,0.06785310447216034
5200,0.0679367333650589,0.06784791097044945
5201,0.06742885708808899,0.06783463969826699
5202,0.06713894009590149,0.0678237345814705
5203,0.06676088273525238,0.06780794203281403
5204,0.06736584007740021,0.06779521003365517
5205,0.06698629260063171,0.06777859836816788
5206,0.0671079009771347,0.06776995450258255
5207,0.06705133616924286,0.06775674976408481
5208,0.06630685180425644,0.0677370136231184
5209,0.06693477183580399,0.0677284073829651
5210,0.06704109907150269,0.06771709710359573
5211,0.06685230135917664,0.06770279929041863
5212,0.06720699369907379,0.0676936811953783
5213,0.06704188883304596,0.06768492676317692
5214,0.06623347103595734,0.06766463257372379
5215,0.06695444881916046,0.06765110589563847
5216,0.06739579141139984,0.0676438208669424
5217,0.06684616953134537,0.06762821361422539
5218,0.0670301616191864,0.06761723838746547
5219,0.0667429193854332,0.06760158754885197
5220,0.06681190431118011,0.06758940540254116
5221,0.06673653423786163,0.06757238693535328
5222,0.06661321222782135,0.06755918562412262
5223,0.06659771502017975,0.067539866194129
5224,0.0671212300658226,0.06752287983894348
5225,0.06653635203838348,0.0675056304782629
5226,0.06665024161338806,0.06748989075422288
5227,0.06686663627624512,0.06747738137841225
5228,0.06651996076107025,0.06745951965451241
5229,0.06693798303604126,0.06744725942611694
5230,0.06684519350528717,0.06743310555815697
5231,0.06625699996948242,0.06740969136357307
5232,0.06690682470798492,0.06739737942814827
5233,0.06661784648895264,0.06737962625920772
5234,0.06676129251718521,0.06736356556415558
5235,0.06637677550315857,0.06734380632638931
5236,0.06708449870347977,0.06733095474541187
5237,0.06637202948331833,0.06731535099446774
5238,0.06665200740098953,0.06730453334748746
5239,0.06648178398609161,0.06728880517184735
5240,0.06655049324035645,0.06727932445704937
5241,0.06640397012233734,0.06726603470742702
5242,0.06597542762756348,0.06724606595933437
5243,0.06676921993494034,0.06723640725016594
5244,0.06637894362211227,0.06721620626747608
5245,0.06608888506889343,0.06719996862113475
5246,0.06672055274248123,0.06718221053481102
5247,0.0663248673081398,0.06716860823333264
5248,0.06627602130174637,0.0671514955163002
5249,0.06623344868421555,0.06713280692696572
5250,0.06606855988502502,0.06711381040513516
5251,0.06587735563516617,0.06709065742790699
5252,0.06628413498401642,0.06707746423780918
5253,0.06577526032924652,0.06706114202737808
5254,0.06630843132734299,0.06704760812222958
5255,0.0658298134803772,0.06702721387147903
5256,0.06638698279857635,0.06701215252280235
5257,0.0659286230802536,0.06699498988687992
5258,0.06606912612915039,0.06697889409959316
5259,0.06581810116767883,0.06696139849722385
5260,0.06628010421991348,0.06694817952811719
5261,0.06577301025390625,0.0669210135191679
5262,0.06614183634519577,0.06690951436758041
5263,0.0660305842757225,0.06689262583851814
5264,0.06573234498500824,0.06687605336308479
5265,0.06534633040428162,0.06685244999825954
5266,0.06622454524040222,0.0668328720331192
5267,0.06637872755527496,0.06682146817445755
5268,0.0657644271850586,0.06680703967809677
5269,0.06562080979347229,0.06678933605551719
5270,0.06600514054298401,0.06676941841840744
5271,0.06620670109987259,0.06675670444965362
5272,0.0662054568529129,0.06674247354269028
5273,0.06598784029483795,0.06672254361212254
5274,0.06541651487350464,0.06670674867928028
5275,0.06605847179889679,0.06669193521142006
5276,0.0660426914691925,0.06667763233184815
5277,0.06574374437332153,0.06666310623288155
5278,0.06564075499773026,0.06664683155715466
5279,0.06562884151935577,0.06662634439766407
5280,0.06618869304656982,0.06661472283303738
5281,0.06526670604944229,0.06658904001116753
5282,0.06558486819267273,0.06656625226140023
5283,0.0657447874546051,0.0665544706583023
5284,0.06545010209083557,0.06653613232076168
5285,0.06556908786296844,0.06651968397200107
5286,0.06566958874464035,0.0664998909831047
5287,0.06569268554449081,0.06648587159812451
5288,0.0654434785246849,0.066468156427145
5289,0.06530207395553589,0.06644768349826335
5290,0.06583483517169952,0.06643052630126477
5291,0.06523590534925461,0.06641237094998359
5292,0.0657944455742836,0.06639537826180458
5293,0.06488509476184845,0.06637910835444927
5294,0.06553106009960175,0.0663625179976225
5295,0.06580433994531631,0.06634851314127445
5296,0.06532489508390427,0.0663252329826355
5297,0.06593461334705353,0.06630990460515022
5298,0.06530072540044785,0.06628957755863667
5299,0.06555420160293579,0.06627519957721234
5300,0.06512156873941422,0.06624704793095589
5301,0.06527015566825867,0.06622546091675759
5302,0.06504105031490326,0.0662044820189476
5303,0.06545940041542053,0.06619146719574928
5304,0.06519371271133423,0.06616974592208863
5305,0.06594154238700867,0.0661592984199524
5306,0.06578879058361053,0.06614610731601715
5307,0.06550188362598419,0.06613061279058456
5308,0.06550838053226471,0.06612262807786465
5309,0.06497278809547424,0.06610300824046135
5310,0.06479659676551819,0.06608056321740151
5311,0.06533874571323395,0.06606542766094207
5312,0.06488746404647827,0.06604223236441613
5313,0.06558573246002197,0.06602767080068589
5314,0.06498540192842484,0.06601519010961056
5315,0.06542894244194031,0.06599993504583836
5316,0.06533877551555634,0.06597936488687992
5317,0.06475194543600082,0.06595842264592648
5318,0.0652829259634018,0.06594095028936862
5319,0.06502457708120346,0.06592376686632634
5320,0.06475134193897247,0.06590316124260426
5321,0.06527592241764069,0.06588855512440205
5322,0.06493870913982391,0.06587181009352207
5323,0.06483247131109238,0.0658541576564312
5324,0.06465283036231995,0.06582947365939618
5325,0.06509636342525482,0.06581507377326488
5326,0.0651741772890091,0.06580031313002109
5327,0.06582672894001007,0.06578991405665874
5328,0.06539236009120941,0.06577863804996013
5329,0.06517161428928375,0.06576097436249256
5330,0.06508363783359528,0.06574335880577564
5331,0.06518985331058502,0.06573268733918666
5332,0.06593521684408188,0.06572297126054764
5333,0.0653797909617424,0.06571059070527553
5334,0.06505656242370605,0.06569354340434075
5335,0.06521424651145935,0.06568191811442375
5336,0.06521190702915192,0.06566319219768048
5337,0.06494477391242981,0.06564891964197159
5338,0.06547072529792786,0.06563710682094097
5339,0.06538940221071243,0.06562618300318718
5340,0.06493881344795227,0.06561006620526313
5341,0.06478944420814514,0.06559392094612121
5342,0.06510330736637115,0.06558519974350929
5343,0.06494726985692978,0.06556698024272918
5344,0.06491537392139435,0.06555234454572201
5345,0.0650518387556076,0.06554197408258915
5346,0.06478984653949738,0.06552266702055931
5347,0.06486107409000397,0.06550802908837795
5348,0.0649183988571167,0.06549445286393166
5349,0.06484950333833694,0.06548061341047287
5350,0.06488631665706635,0.06546879097819329
5351,0.06487834453582764,0.06545880086719989
5352,0.06551627814769745,0.0654511222988367
5353,0.06475130468606949,0.06544088274240493
5354,0.06492312997579575,0.06542702972888946
5355,0.06485030800104141,0.0654172346740961
5356,0.06474371254444122,0.06540080197155476
5357,0.06477546691894531,0.06538927040994168
5358,0.06483817845582962,0.06537696093320847
5359,0.06459816545248032,0.06536476157605647
5360,0.06501258164644241,0.06535208635032178
5361,0.06470078229904175,0.06534136407077312
5362,0.06442508846521378,0.0653241965919733
5363,0.06485708802938461,0.06531246162950993
5364,0.06500670313835144,0.06530520521104335
5365,0.06391653418540955,0.06529090724885464
5366,0.06496847420930862,0.0652783465385437
5367,0.06462807953357697,0.06526084005832672
5368,0.0645141676068306,0.06524833746254444
5369,0.06419003009796143,0.06523402966558933
5370,0.0643942654132843,0.06521792091429233
5371,0.06431552767753601,0.06519900918006898
5372,0.06415766477584839,0.06517853125929833
5373,0.06485620141029358,0.06516721487045288
5374,0.06467227637767792,0.06515977248549461
5375,0.06483132392168045,0.06514750100672245
5376,0.06430807709693909,0.06513015486299992
5377,0.06480899453163147,0.06512080736458302
5378,0.06430836766958237,0.06510748349130153
5379,0.06433669477701187,0.0650945620238781
5380,0.06398829817771912,0.0650725580751896
5381,0.06398194283246994,0.06505971044301986
5382,0.06455414742231369,0.06504940323531627
5383,0.06444555521011353,0.06503641091287136
5384,0.06530127674341202,0.06503492265939713
5385,0.064429871737957,0.065023530498147
5386,0.06429523229598999,0.06500978693366051
5387,0.06408914178609848,0.06499375149607658
5388,0.06368348747491837,0.06497615158557891
5389,0.06453835964202881,0.06496851444244385
5390,0.06471870839595795,0.06495735317468643
5391,0.06432008743286133,0.0649481949955225
5392,0.06455044448375702,0.06493575498461723
5393,0.06467556953430176,0.06493365973234176
5394,0.06473408639431,0.06492568999528885
5395,0.06446433067321777,0.06491228990256787
5396,0.06470413506031036,0.06490608230233193
5397,0.06461646407842636,0.06489290080964566
5398,0.06416171789169312,0.06488151073455811
5399,0.06445270031690598,0.06487049572169781
5400,0.06447961926460266,0.06486407622694969
5401,0.06458951532840729,0.06485726982355118
5402,0.06392551958560944,0.06484611451625824
5403,0.06466696411371231,0.06483819015324116
5404,0.0642603263258934,0.06482885628938675
5405,0.06412782520055771,0.06481071911752224
5406,0.06475742161273956,0.06480040542781353
5407,0.06438881903886795,0.06478927478194237
5408,0.06416434794664383,0.06477583445608616
5409,0.06428003311157227,0.06476890690624713
5410,0.06397803127765656,0.06476072125136852
5411,0.0644015520811081,0.06475134931504727
5412,0.06376271694898605,0.06474010184407235
5413,0.06430129706859589,0.06472725749015808
5414,0.06370661407709122,0.06471446961164475
5415,0.06437970697879791,0.06470397725701332
5416,0.06471102684736252,0.06469769977033138
5417,0.06378594040870667,0.06468803972005845
5418,0.0638004019856453,0.06467321448028088
5419,0.06395815312862396,0.06466255024075508
5420,0.06341232359409332,0.0646491600573063
5421,0.06394999474287033,0.06463590078055859
5422,0.06353842467069626,0.06462189793586731
5423,0.06379808485507965,0.06461155407130718
5424,0.06433919072151184,0.0646084176748991
5425,0.06427924335002899,0.06460024647414685
5426,0.06411983072757721,0.06458970300853252
5427,0.06423906236886978,0.06457382634282112
5428,0.06366533041000366,0.06455655604600906
5429,0.06454735994338989,0.06455031350255012
5430,0.06396913528442383,0.06453916847705841
5431,0.06385084986686707,0.06452577844262124
5432,0.06375469267368317,0.06450397320091725
5433,0.06381963193416595,0.06448837161064148
5434,0.0632866844534874,0.0644706728309393
5435,0.06434915214776993,0.06446202188730239
5436,0.06368355453014374,0.06444673836231232
5437,0.06364988535642624,0.06443378947675228
5438,0.06406038999557495,0.06441968612372875
5439,0.06352239847183228,0.06440101608633995
5440,0.06365017592906952,0.06438812971115113
5441,0.0636727586388588,0.06437696285545826
5442,0.06333814561367035,0.06435931123793125
5443,0.0638720914721489,0.06434855945408344
5444,0.06405388563871384,0.06433994457125664
5445,0.06375089287757874,0.06432693511247635
5446,0.06322240084409714,0.06431126065552234
5447,0.06368504464626312,0.06429950036108494
5448,0.06366802752017975,0.06428699664771557
5449,0.06394857913255692,0.06427798740565777
5450,0.06306689977645874,0.06425979323685169
5451,0.06375175714492798,0.06424852736294269
5452,0.06380781531333923,0.06423144273459912
5453,0.06311601400375366,0.06421508982777596
5454,0.0637197345495224,0.06420305587351322
5455,0.0637999102473259,0.06419255189597607
5456,0.06387421488761902,0.06418385691940784
5457,0.06399790197610855,0.06417608126997948
5458,0.06371951103210449,0.06416489459574222
5459,0.06349077820777893,0.06415382072329522
5460,0.0634341835975647,0.06413803674280644
5461,0.06371183693408966,0.06412814728915692
5462,0.06361772119998932,0.06412007361650467
5463,0.06380167603492737,0.0641095194965601
5464,0.06323167681694031,0.06409176923334599
5465,0.06390786916017532,0.06409168258309364
5466,0.06366284191608429,0.0640786262601614
5467,0.06345677375793457,0.06406691320240497
5468,0.06355122476816177,0.06405728377401829
5469,0.06367132812738419,0.06405209675431252
5470,0.06329267472028732,0.06404108084738254
5471,0.06323700398206711,0.06403029561042786
5472,0.06396647542715073,0.06402838371694088
5473,0.06360839307308197,0.06401590563356876
5474,0.06287550181150436,0.06399793788790703
5475,0.06402835994958878,0.06398990824818611
5476,0.06293652951717377,0.06397619277238846
5477,0.06272715330123901,0.06395537436008453
5478,0.06318221241235733,0.06394411280751228
5479,0.06356873363256454,0.06393643319606782
5480,0.06291839480400085,0.06392573416233063
5481,0.06312358379364014,0.06391715057194233
5482,0.06314337253570557,0.06390304282307625
5483,0.06320367753505707,0.06389062404632569
5484,0.06331366300582886,0.06387074790894985
5485,0.06310532242059708,0.06385750241577626
5486,0.06281846016645432,0.0638427346944809
5487,0.06301037222146988,0.06383194699883461
5488,0.06361135840415955,0.06383122570812702
5489,0.06337615847587585,0.0638196036964655
5490,0.06310407817363739,0.06380345739424229
5491,0.06276553124189377,0.06378791183233261
5492,0.06275732070207596,0.0637699805945158
5493,0.06281615793704987,0.06375138647854328
5494,0.06290494650602341,0.06373309507966042
5495,0.06268183887004852,0.06371527016162873
5496,0.06374695152044296,0.06370569832623005
5497,0.06295111030340195,0.06368904478847981
5498,0.06329178065061569,0.06368034541606903
5499,0.06333087384700775,0.06366912715137005
5500,0.0632721483707428,0.06365705244243144
5501,0.06303760409355164,0.06364153333008289
5502,0.06223830208182335,0.06362466115504503
5503,0.06303566694259644,0.06360834818333387
5504,0.06302671134471893,0.06359601203352212
5505,0.06265371292829514,0.0635812709107995
5506,0.06306474655866623,0.06356434416025877
5507,0.06291671097278595,0.06354962307959795
5508,0.06310345232486725,0.06353901412338019
5509,0.06249096617102623,0.06352112345397472
5510,0.06271675229072571,0.06350851066410541
5511,0.06299106776714325,0.06349440582096577
5512,0.0623881071805954,0.06348065972328186
5513,0.06251849234104156,0.06346283167600632
5514,0.06264118105173111,0.06345217734575272
5515,0.0627945065498352,0.0634363253414631
5516,0.06306818872690201,0.06341989696025849
5517,0.0625585988163948,0.06340762354433536
5518,0.0627695694565773,0.06339731521904468
5519,0.06275340169668198,0.06338526770472526
5520,0.06295447051525116,0.06338068917393684
5521,0.06265030801296234,0.06336769230663776
5522,0.06286977231502533,0.06336100578308106
5523,0.06237669661641121,0.06334679190069437
5524,0.06236167252063751,0.06332701671868562
5525,0.0625336542725563,0.0633095608279109
5526,0.06262451410293579,0.06329460766166449
5527,0.06276170909404755,0.06327983412891626
5528,0.06277249753475189,0.06327090580016374
5529,0.06281841546297073,0.06325361635535956
5530,0.06276015937328339,0.06324152659624815
5531,0.06194424256682396,0.06322246052324772
5532,0.0624176561832428,0.06320909015834332
5533,0.06224658340215683,0.06319335967302322
5534,0.06241033226251602,0.0631845961511135
5535,0.06237826496362686,0.06316488727927208
5536,0.06267987191677094,0.06315485045313834
5537,0.06297916173934937,0.06314814321696759
5538,0.06236918270587921,0.06313123114407063
5539,0.062803715467453,0.06312404431402684
5540,0.06246054917573929,0.06311214804649352
5541,0.061846278607845306,0.0630938832461834
5542,0.062245920300483704,0.06308296099305152
5543,0.062306977808475494,0.06306730985641479
5544,0.06227466091513634,0.06304951760917903
5545,0.06245829164981842,0.06303659159690142
5546,0.06185336783528328,0.06302290126681327
5547,0.06230591982603073,0.06300911001861095
5548,0.0622127428650856,0.06299455717206001
5549,0.06231987103819847,0.06297827009111642
5550,0.06218096613883972,0.06296941075474023
5551,0.061952143907547,0.06295141462236643
5552,0.06144794076681137,0.06292781587690115
5553,0.06221207603812218,0.06291877649724484
5554,0.06156833469867706,0.06289726249873638
5555,0.06181620433926582,0.06287742543965578
5556,0.06173000484704971,0.06285598333925009
5557,0.062450721859931946,0.06284051153808833
5558,0.06237824261188507,0.06282709885388613
5559,0.0625811368227005,0.06281800244003534
5560,0.06254949420690536,0.06280915554612874
5561,0.061725497245788574,0.06278929214924574
5562,0.06158069521188736,0.06276892188936473
5563,0.06164832413196564,0.0627473883703351
5564,0.06133267283439636,0.06272839833050967
5565,0.061510179191827774,0.06270442143082619
5566,0.06175960972905159,0.06268538910895587
5567,0.061487019062042236,0.06266569156199693
5568,0.06131758168339729,0.0626433551311493
5569,0.06155453622341156,0.06262218721210956
5570,0.061908967792987823,0.06260835014283657
5571,0.061580102890729904,0.0625917811319232
5572,0.062052033841609955,0.06257263671606779
5573,0.06164408102631569,0.06255299359560013
5574,0.06188665330410004,0.06254310511052609
5575,0.06084597110748291,0.06251128122210503
5576,0.06176315248012543,0.06249954745173454
5577,0.06204038858413696,0.06249267980456352
5578,0.06204669922590256,0.06248132467269898
5579,0.06183977052569389,0.06246403504163027
5580,0.06165773421525955,0.062451428435742855
5581,0.061730530112981796,0.062437497898936274
5582,0.06114540994167328,0.06241751827299595
5583,0.06167203187942505,0.06240220181643963
5584,0.061624445021152496,0.06238530963659286
5585,0.06091959774494171,0.06236345238983631
5586,0.061271585524082184,0.06234798364341259
5587,0.06105787307024002,0.062328458651900294
5588,0.05969090014696121,0.06228925406932831
5589,0.06015348806977272,0.062257027365267274
5590,0.06035389378666878,0.06222952552139759
5591,0.059827666729688644,0.062200146876275536
5592,0.06015820801258087,0.06217415574938059
5593,0.059788092970848083,0.06214387509971857
5594,0.05963485687971115,0.062111174203455445
5595,0.05983565375208855,0.062082712352275846
5596,0.05964795872569084,0.06204172242432833
5597,0.05958986654877663,0.06200810998678207
5598,0.05979244410991669,0.061973116621375085
5599,0.05951061099767685,0.06193491399288178
5600,0.059681236743927,0.061899004876613616
5601,0.05989575386047363,0.061867586374282836
5602,0.06008780747652054,0.06184608142822981
5603,0.060256004333496094,0.06181828480213881
5604,0.059498533606529236,0.06178300302475691
5605,0.05938147008419037,0.06175028059631586
5606,0.05922938138246536,0.06171192694455385
5607,0.05915987491607666,0.06167435858398676
5608,0.059779874980449677,0.061641122810542584
5609,0.059138067066669464,0.06160759381949901
5610,0.06003748998045921,0.06158080119639635
5611,0.05910629779100418,0.06154195349663496
5612,0.059257492423057556,0.06151064734905958
5613,0.05913091450929642,0.061476771570742134
5614,0.05959012731909752,0.06144626103341579
5615,0.05900667607784271,0.06140838272869587
5616,0.059353768825531006,0.06137123852968216
5617,0.059007447212934494,0.061335727013647555
5618,0.05895017459988594,0.061297533065080644
5619,0.05911920219659805,0.0612611910700798
5620,0.05939057096838951,0.06122555207461119
5621,0.05914787948131561,0.06119052778929472
5622,0.059766288846731186,0.06115949295461178
5623,0.05921769142150879,0.061127902902662755
5624,0.059318654239177704,0.06109747271984815
5625,0.05947412550449371,0.06106687743216753
5626,0.058924704790115356,0.06102987933903933
5627,0.05971233546733856,0.06099938560277224
5628,0.05932740867137909,0.06096493471413851
5629,0.05922818183898926,0.06092903237789869
5630,0.058868855237960815,0.060890119336545465
5631,0.05864032730460167,0.060857080183923246
5632,0.059012144804000854,0.06082302507013083
5633,0.059421829879283905,0.060794777534902096
5634,0.058971893042325974,0.060760393142700195
5635,0.05897355079650879,0.06072634600102902
5636,0.059031687676906586,0.06068986415863037
5637,0.05899937450885773,0.06065006628632545
5638,0.059452906250953674,0.0606209035217762
5639,0.05888626351952553,0.06058172900229693
5640,0.05894269794225693,0.0605465504899621
5641,0.05898737162351608,0.06051796142011881
5642,0.059129584580659866,0.06048679806292057
5643,0.05938012897968292,0.06045752957463264
5644,0.05959928780794144,0.06043077584356069
5645,0.05852353572845459,0.06039142828434706
5646,0.058969758450984955,0.06036259219050408
5647,0.058843888342380524,0.060327971875667574
5648,0.05876675248146057,0.060293511971831325
5649,0.05930771678686142,0.06026339042931795
5650,0.05887965112924576,0.06023037727922201
5651,0.0589606910943985,0.060200462751090526
5652,0.05887554585933685,0.06017473880201578
5653,0.058688290417194366,0.0601395009458065
5654,0.058660201728343964,0.060110419616103174
5655,0.05890963226556778,0.060081353895366195
5656,0.05817640572786331,0.06004581790417433
5657,0.059511080384254456,0.060016421489417555
5658,0.05821119248867035,0.05997475098818541
5659,0.058437421917915344,0.05993331383913755
5660,0.05871763080358505,0.05989499520510435
5661,0.058647751808166504,0.05986421775072813
5662,0.058726899325847626,0.059835679791867734
5663,0.05838349461555481,0.05980303149670362
5664,0.059152524918317795,0.05978123001754284
5665,0.058329276740550995,0.05974942099303007
5666,0.059145405888557434,0.05972327895462513
5667,0.05830877274274826,0.05969149649143219
5668,0.0592210553586483,0.0596705312281847
5669,0.058153048157691956,0.05963651634752751
5670,0.05834641307592392,0.05960089080035687
5671,0.05820223689079285,0.059567112140357495
5672,0.058342788368463516,0.05953001968562603
5673,0.05863567441701889,0.05949993561953306
5674,0.05838010460138321,0.05946487013250589
5675,0.05834865942597389,0.0594398970156908
5676,0.05846690759062767,0.05940693456679583
5677,0.05852561444044113,0.05937178682535887
5678,0.05852789431810379,0.05933659877628088
5679,0.058425869792699814,0.05930245976895094
5680,0.058801762759685516,0.0592739000543952
5681,0.05898096412420273,0.05924640439450741
5682,0.05844029039144516,0.05921935319900513
5683,0.05852208286523819,0.05918785370886326
5684,0.05842093005776405,0.05915581855922938
5685,0.05864807963371277,0.059133103378117086
5686,0.059011928737163544,0.0591105068102479
5687,0.05810056999325752,0.059080933779478075
5688,0.057880185544490814,0.05906282663345337
5689,0.05869375169277191,0.05904822926968336
5690,0.057961441576480865,0.05902430474758148
5691,0.058711156249046326,0.05901313964277506
5692,0.05763784050941467,0.0589879359677434
5693,0.05757971107959747,0.05896585214883089
5694,0.05828370898962021,0.05895234066992998
5695,0.05805976688861847,0.05893458180129528
5696,0.05846700817346573,0.05892277229577303
5697,0.05846172571182251,0.05891149088740349
5698,0.05821003019809723,0.058895666748285294
5699,0.05826783925294876,0.05888323903083801
5700,0.05759052187204361,0.05886233188211918
5701,0.05864095315337181,0.05884978387504816
5702,0.05795907974243164,0.058828496597707274
5703,0.058546051383018494,0.058811397068202494
5704,0.05832701548933983,0.0587996818870306
5705,0.05834798887372017,0.0587893470749259
5706,0.05790810286998749,0.05877613428980112
5707,0.05842052400112152,0.05876874078065157
5708,0.058059751987457275,0.05875153955072165
5709,0.058168210089206696,0.058741840980947015
5710,0.05805133283138275,0.058721979409456254
5711,0.05771981179714203,0.05870811454951763
5712,0.05830559879541397,0.05869859561324119
5713,0.05774982273578644,0.058684784695506094
5714,0.058327946811914444,0.05867216289043427
5715,0.05795540660619736,0.05866165019571781
5716,0.0585516020655632,0.05865362852811813
5717,0.0574355311691761,0.05863790936768055
5718,0.058487385511398315,0.058633281476795675
5719,0.0581490620970726,0.058623580075800416
5720,0.05840444937348366,0.05861371885985136
5721,0.05795847624540329,0.05860182482749224
5722,0.058399748057127,0.05858815941959619
5723,0.058048129081726074,0.058576463796198366
5724,0.05821441113948822,0.05856542136520147
5725,0.05799970403313637,0.0585506771504879
5726,0.05782054364681244,0.05853963553905487
5727,0.05809023231267929,0.05852341450750828
5728,0.05763673037290573,0.058506507724523545
5729,0.05807621777057648,0.05849498808383942
5730,0.05751890689134598,0.05848148860037327
5731,0.05863441154360771,0.05848142944276333
5732,0.0583430752158165,0.058474738746881486
5733,0.057626284658908844,0.05845678329467773
5734,0.05780399963259697,0.058445104360580445
5735,0.05761848762631416,0.058431553728878496
5736,0.05741414427757263,0.05841537829488516
5737,0.05789933353662491,0.05840437788516283
5738,0.057234786450862885,0.05838219668716192
5739,0.05819118395447731,0.05837524589151144
5740,0.05767438933253288,0.0583625628054142
5741,0.05740439146757126,0.058346733003854755
5742,0.05817931890487671,0.05833723034709692
5743,0.05741312727332115,0.058317560330033304
5744,0.05829506367444992,0.05830451808869839
5745,0.057459756731987,0.05829388029873371
5746,0.058279432356357574,0.05828697703778744
5747,0.05838135629892349,0.05828235171735287
5748,0.05778415501117706,0.05827252574265003
5749,0.05780002474784851,0.0582574488222599
5750,0.05777239799499512,0.0582463762909174
5751,0.05817364901304245,0.05823850587010384
5752,0.057175375521183014,0.058221504166722296
5753,0.05823512375354767,0.05821697250008583
5754,0.05773889645934105,0.0582077594473958
5755,0.05741970241069794,0.0581928601488471
5756,0.05780443921685219,0.058189140483736995
5757,0.05760699138045311,0.05817009959369898
5758,0.05771142244338989,0.058165101893246175
5759,0.058195654302835464,0.058162684217095376
5760,0.05785774439573288,0.05815408535301685
5761,0.05753238499164581,0.05814293168485165
5762,0.057861484587192535,0.0581342775374651
5763,0.057415563613176346,0.05812459822744131
5764,0.05767766386270523,0.05810984961688519
5765,0.05672505497932434,0.05809380739927292
5766,0.0579657182097435,0.05808201052248478
5767,0.057535625994205475,0.05807427905499935
5768,0.057075053453445435,0.05805281903594732
5769,0.057356901466846466,0.05804485756903887
5770,0.05743269622325897,0.05803572040051222
5771,0.05768440663814545,0.05803054209798574
5772,0.0577705055475235,0.058024819269776345
5773,0.05698307231068611,0.05800829324871302
5774,0.05743218958377838,0.057998814098536966
5775,0.056848980486392975,0.05798381730914116
5776,0.057359106838703156,0.05797273930162192
5777,0.057256024330854416,0.057960043400526046
5778,0.057429295033216476,0.057949057407677175
5779,0.05735500156879425,0.05793834872543812
5780,0.05774383246898651,0.057927769422531125
5781,0.05742684379220009,0.057912228219211104
5782,0.05710763484239578,0.05789890166372061
5783,0.05820825695991516,0.05789576340466738
5784,0.057761676609516144,0.0578891708701849
5785,0.05731398984789848,0.05787582997232676
5786,0.05723605677485466,0.05785807125270367
5787,0.057419970631599426,0.057851265259087084
5788,0.05685649439692497,0.05784102834761143
5789,0.0571458525955677,0.05782554935663939
5790,0.05784882977604866,0.05782442323863506
5791,0.05702751874923706,0.05780758686363697
5792,0.0571766123175621,0.057802974581718444
5793,0.057356104254722595,0.057800738513469695
5794,0.057303305715322495,0.05779093448072672
5795,0.05706227198243141,0.05778095953166485
5796,0.05768737941980362,0.05777316324412823
5797,0.05654541403055191,0.05775400012731552
5798,0.05731185898184776,0.057745018415153025
5799,0.057494111359119415,0.057737281136214735
5800,0.056671448051929474,0.05772809039801359
5801,0.05782484635710716,0.05771992933005095
5802,0.056856147944927216,0.0577089000120759
5803,0.0570664256811142,0.05769410375505686
5804,0.056668318808078766,0.057677516788244246
5805,0.05717022716999054,0.05766573917120695
5806,0.05706573277711868,0.05765731547027826
5807,0.05711975693702698,0.05764430779963732
5808,0.05749799311161041,0.05763869021087885
5809,0.05780930072069168,0.0576351011171937
5810,0.05704466253519058,0.05762503441423178
5811,0.05752066150307655,0.057623042911291125
5812,0.05735412612557411,0.05761352818459273
5813,0.05785128474235535,0.057614542804658414
5814,0.05744929611682892,0.05760575629770756
5815,0.05727328732609749,0.05759893510490656
5816,0.05741118639707565,0.05758753094822169
5817,0.05660031735897064,0.057579178810119626
5818,0.05775275081396103,0.057571832463145255
5819,0.05761054903268814,0.05756644733250141
5820,0.056797705590724945,0.05755037989467383
5821,0.05757509544491768,0.05754654608666897
5822,0.057408127933740616,0.057536629885435106
5823,0.05654289945960045,0.05752157758921385
5824,0.05689080059528351,0.0575083414837718
5825,0.05693353712558746,0.05749767981469631
5826,0.056874580681324005,0.057488220185041426
5827,0.05707785487174988,0.05747809641063213
5828,0.05693431198596954,0.05747107222676277
5829,0.057020727545022964,0.057460517324507236
5830,0.05697169154882431,0.05745504517108202
5831,0.05679731070995331,0.05743667416274548
5832,0.05692838877439499,0.05742252729833126
5833,0.056765295565128326,0.057413917407393454
5834,0.05647584795951843,0.05740063589066267
5835,0.05777514725923538,0.057402202486991884
5836,0.056799571961164474,0.0573960567638278
5837,0.0570828914642334,0.05738789234310389
5838,0.05617120489478111,0.057377256527543066
5839,0.056819625198841095,0.057363540939986704
5840,0.0569942370057106,0.05735673941671848
5841,0.057053957134485245,0.057353235073387625
5842,0.057487595826387405,0.05734631784260273
5843,0.05684996396303177,0.057340686209499836
5844,0.05711972713470459,0.057328932844102384
5845,0.05695235729217529,0.057323858849704264
5846,0.05726267024874687,0.05731369122862816
5847,0.057800743728876114,0.05730788510292768
5848,0.05695671588182449,0.05729961071163416
5849,0.056709978729486465,0.05728871025145054
5850,0.05727969482541084,0.0572837832197547
5851,0.05642170459032059,0.05726626377552748
5852,0.05728398263454437,0.05726734984666109
5853,0.056958746165037155,0.057254586070775985
5854,0.05663000047206879,0.05724349711090326
5855,0.05690532922744751,0.05723835337907076
5856,0.05700884386897087,0.057230397425591946
5857,0.05696546658873558,0.05722398217767477
5858,0.05669549107551575,0.05721382286399603
5859,0.056596286594867706,0.05719782918691635
5860,0.05694909393787384,0.05718874268233776
5861,0.05660411715507507,0.05717946000397205
5862,0.05660586804151535,0.05716690383851528
5863,0.05628334358334541,0.05715558163821697
5864,0.05645672604441643,0.05714337226003408
5865,0.05645877495408058,0.05714070945978165
5866,0.056705012917518616,0.0571281024068594
5867,0.05664166063070297,0.05711916275322437
5868,0.05619379132986069,0.05711035013198853
5869,0.0566127747297287,0.05710290886461735
5870,0.05648455768823624,0.05709342747926712
5871,0.05718142166733742,0.05708839762955904
5872,0.05729539692401886,0.05708364654332399
5873,0.05718197301030159,0.057085635550320146
5874,0.056349966675043106,0.05707481332123279
5875,0.05659708380699158,0.05707229435443878
5876,0.05629267543554306,0.05706163004040718
5877,0.056748345494270325,0.05705655325204134
5878,0.05675370991230011,0.05704979740083218
5879,0.056716300547122955,0.057043410390615466
5880,0.05675928294658661,0.057033564895391464
5881,0.056632596999406815,0.057025622427463535
5882,0.056520089507102966,0.0570197469741106
5883,0.056603915989398956,0.05700370356440544
5884,0.05635557323694229,0.0569896425306797
5885,0.05653297156095505,0.05698183234781027
5886,0.05721387639641762,0.056981610544025896
5887,0.05651047080755234,0.056972515545785425
5888,0.05683834105730057,0.056972334012389186
5889,0.05636186897754669,0.056964494176208975
5890,0.05670929700136185,0.05695309884846211
5891,0.05646844208240509,0.05694750808179379
5892,0.056652918457984924,0.05694227114319801
5893,0.05615196004509926,0.05693022970110178
5894,0.05610400065779686,0.056918236650526526
5895,0.05713792145252228,0.056918993145227435
5896,0.056557267904281616,0.05690769203007221
5897,0.056790053844451904,0.056910138428211215
5898,0.055925287306308746,0.05689627271145582
5899,0.056463513523340225,0.05688596673309803
5900,0.05633322894573212,0.056882584542036055
5901,0.05642049014568329,0.05686854097992182
5902,0.05589992552995682,0.056858978755772116
5903,0.05613796412944794,0.05684969414025545
5904,0.05641265958547592,0.05684713754802942
5905,0.05653275549411774,0.056840762831270694
5906,0.05662989243865013,0.05683640442788601
5907,0.05642376095056534,0.05682944446802139
5908,0.05696537718176842,0.05682411830872297
5909,0.05657072365283966,0.05681173253804445
5910,0.056800976395606995,0.056809295676648615
5911,0.05602245032787323,0.05679431356489659
5912,0.056236475706100464,0.056783137060701844
5913,0.05585377290844917,0.056763161942362785
5914,0.056631747633218765,0.056754986457526684
5915,0.05628901720046997,0.056745143756270405
5916,0.05628962442278862,0.056733928136527535
5917,0.05581226944923401,0.056726047657430174
5918,0.0559687465429306,0.05670820761471987
5919,0.055571049451828,0.05668781261891127
5920,0.05661575123667717,0.05668599307537079
5921,0.05622590333223343,0.056672501154243944
5922,0.05564633011817932,0.056654883176088335
5923,0.056785862892866135,0.05665731281042099
5924,0.056453779339790344,0.05665294259786606
5925,0.05661867558956146,0.056649793982505796
5926,0.056195907294750214,0.05664300724864006
5927,0.05651766061782837,0.05663740530610085
5928,0.05661970004439354,0.05663425918668508
5929,0.056381769478321075,0.056627869606018066
5930,0.05647542327642441,0.05662290692329407
5931,0.056551240384578705,0.056620446220040324
5932,0.05621130019426346,0.05661327533423901
5933,0.055828746408224106,0.05660390984266996
5934,0.05597309023141861,0.056598882265388964
5935,0.056818097829818726,0.0565893117710948
5936,0.056354619562625885,0.056584862247109416
5937,0.05612564459443092,0.05657528977841139
5938,0.0562911219894886,0.05657648894935846
5939,0.05580783635377884,0.05656637106090784
5940,0.05648557096719742,0.05656128440052271
5941,0.05573708936572075,0.056548115722835066
5942,0.055714137852191925,0.05653038114309311
5943,0.056470442563295364,0.05652658592909574
5944,0.05641160532832146,0.05651950471103191
5945,0.056269414722919464,0.056512675285339355
5946,0.05633046478033066,0.056503353230655196
5947,0.05619041994214058,0.05648724999278784
5948,0.05573371797800064,0.0564750200137496
5949,0.05653175711631775,0.05647323779761791
5950,0.05625235661864281,0.05646296441555023
5951,0.05601949617266655,0.05645894233137369
5952,0.05581342428922653,0.05644423674792051
5953,0.05610179901123047,0.05643566727638245
5954,0.0562182255089283,0.05643154952675104
5955,0.055546049028635025,0.056417956724762915
5956,0.05602972209453583,0.05640816550701857
5957,0.056283123791217804,0.05640134207904339
5958,0.05617713928222656,0.05639615856111049
5959,0.05616481974720955,0.056391843892633915
5960,0.05551627650856972,0.056377515718340876
5961,0.056138649582862854,0.05637286104261875
5962,0.0563257597386837,0.056370059959590435
5963,0.055880963802337646,0.056366036161780354
5964,0.05628228187561035,0.056364291720092295
5965,0.055588118731975555,0.056355585157871244
5966,0.056295014917850494,0.05635148517787456
5967,0.05574091151356697,0.0563424776867032
5968,0.05592939630150795,0.05633983373641968
5969,0.055653393268585205,0.056330239921808245
5970,0.05596393719315529,0.05632503371685743
5971,0.05579514056444168,0.056311170905828475
5972,0.05581323802471161,0.0562963493168354
5973,0.0561581626534462,0.05628611121326685
5974,0.055976323783397675,0.05628237478435039
5975,0.05620279908180237,0.0562784319370985
5976,0.05649303272366524,0.05628043550997972
5977,0.05554892495274544,0.05626844130456447
5978,0.05552804842591286,0.0562561846897006
5979,0.05559530109167099,0.05624497469514608
5980,0.05609281361103058,0.056238310001790526
5981,0.05601412430405617,0.056232125274837015
5982,0.05629568174481392,0.05622988119721413
5983,0.055929847061634064,0.056223140507936475
5984,0.055984340608119965,0.056219428181648254
5985,0.055231962352991104,0.05620641808956862
5986,0.05559156835079193,0.056190195009112355
5987,0.05541107803583145,0.05617920108139515
5988,0.05564729869365692,0.05616729065775871
5989,0.0561910942196846,0.05616558291018009
5990,0.05567286163568497,0.05615521855652332
5991,0.05593584477901459,0.056149892583489416
5992,0.05619460344314575,0.05614530943334103
5993,0.05559154599905014,0.05613970529288054
5994,0.05625850707292557,0.056141250357031824
5995,0.05534961819648743,0.05612336732447147
5996,0.05610036849975586,0.05611879833042622
5997,0.0556187704205513,0.05610708549618721
5998,0.05595681816339493,0.056107400804758074
5999,0.05584455281496048,0.05610121119767428
6000,0.056214429438114166,0.0561000232025981
6001,0.05547779053449631,0.05609059620648622
6002,0.05596044287085533,0.05609120137989521
6003,0.05591198801994324,0.05608894161880016
6004,0.05559038370847702,0.056080718860030174
6005,0.05516127496957779,0.05606700405478478
6006,0.055550217628479004,0.056056207306683065
6007,0.05552970618009567,0.056047266758978365
6008,0.056892089545726776,0.056046533882617953
6009,0.05600003898143768,0.056040827035903934
6010,0.05606037378311157,0.056033421009778976
6011,0.055324360728263855,0.05602644011378288
6012,0.05578215792775154,0.05602189693599939
6013,0.055755749344825745,0.05602091670036316
6014,0.05541684851050377,0.05600876770913601
6015,0.05592427775263786,0.05600512031465769
6016,0.055640943348407745,0.05599863350391388
6017,0.055311255156993866,0.05599362336099148
6018,0.055666983127593994,0.05599060572683811
6019,0.05614176392555237,0.05599631287157535
6020,0.055929191410541534,0.055989447273314
6021,0.05551692098379135,0.05598235744982958
6022,0.0561676062643528,0.05598757021129131
6023,0.055179230868816376,0.055971503891050815
6024,0.05561286211013794,0.05596309471875429
6025,0.05512619763612747,0.05594816993921995
6026,0.055852919816970825,0.05594474006444216
6027,0.05593308433890343,0.05593889430165291
6028,0.055180471390485764,0.05592450201511383
6029,0.05521088093519211,0.05591279312968254
6030,0.05569074675440788,0.055904946364462374
6031,0.05632051080465317,0.05590263906866312
6032,0.055356673896312714,0.05589409280568361
6033,0.055438585579395294,0.05589019119739533
6034,0.055471718311309814,0.055885177478194235
6035,0.054751280695199966,0.05586450930684805
6036,0.05528431013226509,0.05585380621254444
6037,0.05564503371715546,0.05584900010377169
6038,0.05616587772965431,0.05584774766117334
6039,0.05559153109788895,0.05584558460861445
6040,0.05533434823155403,0.05583407238125801
6041,0.05503547191619873,0.05582705620676279
6042,0.05529157817363739,0.055822830609977246
6043,0.05569359287619591,0.05581506211310625
6044,0.05565293878316879,0.05580747544765472
6045,0.05575912818312645,0.055802372582256794
6046,0.054970718920230865,0.05578877512365579
6047,0.05533275753259659,0.055780198499560354
6048,0.055359531193971634,0.05577645663172007
6049,0.05504915863275528,0.05576163064688444
6050,0.05513015389442444,0.055750408619642255
6051,0.05528872087597847,0.055743100866675374
6052,0.05500810593366623,0.05573504768311977
6053,0.055490992963314056,0.05572893962264061
6054,0.05550214648246765,0.055721778832376
6055,0.05505798012018204,0.05571689814329148
6056,0.05503668263554573,0.05570696774870157
6057,0.055455852299928665,0.05569869503378868
6058,0.055239323526620865,0.055689316876232624
6059,0.05608341470360756,0.055688502825796606
6060,0.05488200485706329,0.05568216010928154
6061,0.055609703063964844,0.05567687064409256
6062,0.05539848282933235,0.055667597874999045
6063,0.05525951087474823,0.05566138334572315
6064,0.05467745661735535,0.055645335093140603
6065,0.054771557450294495,0.055637169480323795
6066,0.05523362010717392,0.05562655553221703
6067,0.05533662810921669,0.055622512698173525
6068,0.05561596155166626,0.055619378350675104
6069,0.055352553725242615,0.05561636995524168
6070,0.05513896048069,0.055608120188117026
6071,0.054332323372364044,0.055593492016196254
6072,0.05536932498216629,0.0555890528857708
6073,0.05525477975606918,0.05558001905679703
6074,0.05491558462381363,0.055569411665201185
6075,0.055613040924072266,0.05556351408362389
6076,0.05531345680356026,0.055551718324422836
6077,0.05507425218820572,0.05554697159677744
6078,0.054712630808353424,0.05553881742060184
6079,0.05534493923187256,0.05553631380200386
6080,0.055468715727329254,0.05553007282316685
6081,0.05524633824825287,0.055522394962608815
6082,0.05490199476480484,0.05550845809280872
6083,0.05586142838001251,0.05550777390599251
6084,0.05540604889392853,0.05550199098885059
6085,0.05463781580328941,0.055496049523353574
6086,0.05512337386608124,0.05549136757850647
6087,0.05515143647789955,0.05548877116292715
6088,0.055117592215538025,0.05548347409814596
6089,0.05471748113632202,0.05546873796731234
6090,0.055399395525455475,0.05546600330621004
6091,0.054894961416721344,0.055455594472587105
6092,0.05497392266988754,0.05544338766485453
6093,0.05541883781552315,0.055441660583019255
6094,0.05545882508158684,0.05543366376310587
6095,0.05464351922273636,0.05542660277336836
6096,0.05472974479198456,0.05541289653629065
6097,0.05529820919036865,0.05540969092398882
6098,0.05564580112695694,0.05540658075362444
6099,0.05462326109409332,0.05539436783641577
6100,0.05531686171889305,0.055385392159223557
6101,0.05510776862502098,0.055381691940128805
6102,0.05544210970401764,0.055376508608460426
6103,0.0551772266626358,0.055369160994887354
6104,0.055057987570762634,0.05536383703351021
6105,0.054943785071372986,0.05536166213452816
6106,0.054651543498039246,0.05535267539322376
6107,0.05491263419389725,0.05534650467336178
6108,0.05457213893532753,0.05532330516725779
6109,0.05485972762107849,0.055311902053654195
6110,0.05522523820400238,0.0553035506978631
6111,0.05450250208377838,0.055295332111418245
6112,0.0547136589884758,0.05528464712202549
6113,0.05529196560382843,0.05528000928461552
6114,0.05540848523378372,0.05527992565184832
6115,0.05484014004468918,0.05526908427476883
6116,0.05508795380592346,0.055263554379343986
6117,0.05482795462012291,0.05525872137397528
6118,0.05571616068482399,0.05525921314954758
6119,0.055396515876054764,0.0552517606690526
6120,0.055261388421058655,0.05524508263915777
6121,0.054887931793928146,0.05523879274725914
6122,0.05523095652461052,0.05522942624986172
6123,0.0544494166970253,0.05522212810814381
6124,0.05524013936519623,0.055218400880694386
6125,0.0548880398273468,0.055216019302606584
6126,0.0547010563313961,0.05520450066775084
6127,0.054997239261865616,0.05519514221698046
6128,0.05519397556781769,0.055195277258753776
6129,0.05478686839342117,0.05519103713333607
6130,0.055406082421541214,0.0551881904900074
6131,0.05492035299539566,0.05517418891191483
6132,0.05520283430814743,0.05517265051603317
6133,0.05506512150168419,0.05516891587525606
6134,0.05470675230026245,0.05516126621514559
6135,0.05479065328836441,0.05516165994107723
6136,0.054737240076065063,0.055156189240515234
6137,0.055384837090969086,0.05515358727425337
6138,0.054678160697221756,0.05513871010392904
6139,0.05469241738319397,0.05512971896678209
6140,0.054648883640766144,0.05512286432087422
6141,0.05472029000520706,0.0551197125017643
6142,0.05452730506658554,0.05511206977069378
6143,0.05542062222957611,0.05510934006422758
6144,0.05434656888246536,0.05509627636522055
6145,0.05447201430797577,0.05508340522646904
6146,0.05416921526193619,0.055075390189886095
6147,0.054876916110515594,0.05507083177566528
6148,0.05587176978588104,0.055075954161584374
6149,0.05474083125591278,0.055072870887815956
6150,0.05499448627233505,0.055071514211595056
6151,0.05512973666191101,0.05506992436945438
6152,0.0547483004629612,0.05506732631474733
6153,0.05491556227207184,0.05506157200783491
6154,0.054530464112758636,0.05505185518413782
6155,0.05445615574717522,0.05504583694040775
6156,0.054933831095695496,0.05504480842500925
6157,0.054502297192811966,0.055035272873938085
6158,0.05484100431203842,0.05503128968179226
6159,0.05508004128932953,0.05502125594764948
6160,0.05438659340143204,0.05501630183309317
6161,0.0548999086022377,0.0550092038884759
6162,0.054356347769498825,0.05499878253787756
6163,0.05484388768672943,0.05499462630599737
6164,0.05458252876996994,0.054993677027523516
6165,0.05487522482872009,0.054994713701307776
6166,0.05494111776351929,0.054991788677871224
6167,0.05457629635930061,0.05498418536037206
6168,0.05486905574798584,0.05497671630233526
6169,0.05446339771151543,0.05496782474219799
6170,0.05497158318758011,0.054966150969266894
6171,0.055099036544561386,0.054973818100988864
6172,0.05418187379837036,0.05496194358915091
6173,0.054821208119392395,0.054957607872784135
6174,0.05447100102901459,0.054953162036836145
6175,0.054902516305446625,0.05494605679064989
6176,0.054388999938964844,0.05493681222200394
6177,0.05504826456308365,0.05493655234575272
6178,0.054864365607500076,0.05493806969374418
6179,0.05470067262649536,0.05493162702769041
6180,0.05446935072541237,0.05492163337767124
6181,0.05468239635229111,0.05491599395871163
6182,0.05431811138987541,0.05491015512496233
6183,0.05427944287657738,0.05489433526992798
6184,0.05468917265534401,0.054887166507542134
6185,0.05437729135155678,0.05488456126302481
6186,0.05447664111852646,0.05487809393554926
6187,0.0544789619743824,0.05487136919051409
6188,0.054783567786216736,0.05486802894622087
6189,0.05411878973245621,0.054862042032182215
6190,0.054458700120449066,0.05485263507813215
6191,0.054910652339458466,0.054852791987359525
6192,0.05377114191651344,0.05484076417982578
6193,0.054583415389060974,0.054832409955561164
6194,0.05414094030857086,0.054819231107831004
6195,0.05426172912120819,0.05481541320681572
6196,0.053986333310604095,0.05480797909200191
6197,0.054342228919267654,0.054798419289290905
6198,0.05490463227033615,0.054791007600724695
6199,0.054572563618421555,0.05479050062596798
6200,0.05424227938055992,0.05477975480258465
6201,0.05474473536014557,0.05477612446993589
6202,0.05464043840765953,0.054768107756972315
6203,0.05410836637020111,0.054757419154047964
6204,0.05408051609992981,0.05474764443933964
6205,0.05429216846823692,0.05474112827330828
6206,0.054551709443330765,0.05474012993276119
6207,0.05468431115150452,0.054737846702337264
6208,0.05420757830142975,0.05473420109599829
6209,0.05423013120889664,0.05472790513187647
6210,0.05414070934057236,0.05471705984324217
6211,0.05445891246199608,0.05471662394702435
6212,0.05429685488343239,0.054712455905973914
6213,0.05386730283498764,0.0546982092782855
6214,0.05486636608839035,0.05469278808683157
6215,0.05417617782950401,0.054686148464679715
6216,0.05421984940767288,0.054677467420697214
6217,0.054261721670627594,0.05467180509120226
6218,0.053853943943977356,0.05465318292379379
6219,0.054174747318029404,0.05464096523821354
6220,0.054421309381723404,0.054632564447820185
6221,0.054662156850099564,0.0546303066983819
6222,0.054651740938425064,0.05462451454252005
6223,0.05395907536149025,0.0546196111291647
6224,0.05450674518942833,0.054612277187407014
6225,0.053877830505371094,0.05460217509418726
6226,0.053789813071489334,0.05459306266158819
6227,0.054462045431137085,0.054587710723280905
6228,0.054728914052248,0.05458306010812521
6229,0.05467623472213745,0.054581953771412374
6230,0.05431922525167465,0.05457108519971371
6231,0.05421648547053337,0.05456404652446509
6232,0.0543082095682621,0.05455510027706623
6233,0.054728660732507706,0.05455173566937446
6234,0.05442733317613602,0.0545489414781332
6235,0.053503092378377914,0.05453606586903334
6236,0.054084405303001404,0.0545295375213027
6237,0.053885795176029205,0.0545145471021533
6238,0.05375116318464279,0.05450527712702751
6239,0.05410543084144592,0.05449940726161003
6240,0.05398385226726532,0.054492756947875025
6241,0.0543704628944397,0.05448925867676735
6242,0.05496083199977875,0.05449359394609928
6243,0.05440092831850052,0.054483397006988524
6244,0.05400624871253967,0.05447999380528927
6245,0.05399548262357712,0.054475228488445285
6246,0.0542740523815155,0.05447627685964108
6247,0.054146986454725266,0.05446897756308317
6248,0.053837668150663376,0.054448636546730995
6249,0.05417342111468315,0.054442962445318696
6250,0.05385656654834747,0.05443158324807882
6251,0.05395130068063736,0.054419798888266084
6252,0.053854864090681076,0.05441086452454329
6253,0.05432385578751564,0.054404947459697726
6254,0.054031819105148315,0.05439996100962162
6255,0.05408263951539993,0.054396225847303865
6256,0.05385656654834747,0.054385453201830386
6257,0.05417879670858383,0.0543822181969881
6258,0.0545862540602684,0.0543796706944704
6259,0.05365297198295593,0.05436540000140667
6260,0.05543076992034912,0.054375841766595844
6261,0.054178446531295776,0.054368627145886424
6262,0.05470053851604462,0.05437206905335188
6263,0.054349370300769806,0.05436712387949228
6264,0.05464097112417221,0.05436770830303431
6265,0.054718658328056335,0.054366142638027665
6266,0.054554469883441925,0.0543622761592269
6267,0.05457088723778725,0.05436222206801176
6268,0.05393471568822861,0.05435287866741419
6269,0.053753141313791275,0.054345776103436945
6270,0.05470176786184311,0.05434307795017958
6271,0.05426651984453201,0.054334752783179285
6272,0.054812751710414886,0.05434106156229973
6273,0.05367854982614517,0.054329634979367256
6274,0.05391949787735939,0.054324119947850705
6275,0.05447947233915329,0.05431988950818777
6276,0.0542835108935833,0.05431883461773396
6277,0.05419272929430008,0.05431027926504612
6278,0.05389303341507912,0.05430056594312191
6279,0.05379581078886986,0.05429151732474566
6280,0.05433407425880432,0.054290164560079575
6281,0.054144687950611115,0.054284787476062774
6282,0.05467358976602554,0.054288342259824277
6283,0.054227568209171295,0.054287823513150216
6284,0.05352243781089783,0.054276156164705755
6285,0.05382261797785759,0.05427060943096876
6286,0.05408402532339096,0.0542666832730174
6287,0.05462746322154999,0.05426816828548908
6288,0.054984256625175476,0.05427017517387867
6289,0.053796637803316116,0.054266953654587266
6290,0.05372379720211029,0.054259604625403884
6291,0.05406153202056885,0.05425111342221498
6292,0.054957784712314606,0.054262979850173
6293,0.05493664741516113,0.054266512170433996
6294,0.053978223353624344,0.054264885000884534
6295,0.05377061665058136,0.054259973876178265
6296,0.05391225591301918,0.05425923310220242
6297,0.055273719131946564,0.0542685480043292
6298,0.054510295391082764,0.05426460463553667
6299,0.05350884795188904,0.054253967478871346
6300,0.053775254637002945,0.054249297231435775
6301,0.0539102740585804,0.05424095261842012
6302,0.05407017841935158,0.054235250018537046
6303,0.05409214645624161,0.05423508781939745
6304,0.053956739604473114,0.05423385005444288
6305,0.054472874850034714,0.05423565711826086
6306,0.05355587229132652,0.05422569874674082
6307,0.0545269139111042,0.054224124774336815
6308,0.05287538096308708,0.05421080280095339
6309,0.05343400686979294,0.05420284155756235
6310,0.05457060784101486,0.05420714054256678
6311,0.053227607160806656,0.054194827489554884
6312,0.05404997617006302,0.05419235870242119
6313,0.0542774423956871,0.054196460098028185
6314,0.054455094039440155,0.05419234737753868
6315,0.05414898693561554,0.0541920754685998
6316,0.0537385419011116,0.054187262393534184
6317,0.05429326742887497,0.05418757785111666
6318,0.053425196558237076,0.054183290377259254
6319,0.05377291887998581,0.054179272092878816
6320,0.05376199632883072,0.05417267896234989
6321,0.05436639487743378,0.05416972134262323
6322,0.05388830602169037,0.054162086993455885
6323,0.05379407852888107,0.05416043702512979
6324,0.05405714362859726,0.05415594100952149
6325,0.05436111241579056,0.05416077382862568
6326,0.05444474518299103,0.054167323149740695
6327,0.053579092025756836,0.05415849361568689
6328,0.05307290703058243,0.054141933545470235
6329,0.05475596338510513,0.05414273083209992
6330,0.054726991802453995,0.05414680849760771
6331,0.054437026381492615,0.0541490139067173
6332,0.05453488230705261,0.05415128063410521
6333,0.0535062775015831,0.05413905680179596
6334,0.05434534698724747,0.054138236939907075
6335,0.053968485444784164,0.054142890870571135
6336,0.05269668996334076,0.05412901371717453
6337,0.053306497633457184,0.05412322074174881
6338,0.054200977087020874,0.05412771888077259
6339,0.05437350273132324,0.054130399599671364
6340,0.053322870284318924,0.0541237897798419
6341,0.05415775626897812,0.05412166271358729
6342,0.05420918017625809,0.05411414619535208
6343,0.05419149249792099,0.054112051837146284
6344,0.05411534011363983,0.054113142751157285
6345,0.053917981684207916,0.05411236774176359
6346,0.05375830829143524,0.05410721030086279
6347,0.05386359244585037,0.05410437636077404
6348,0.0535980686545372,0.05410198036581278
6349,0.05386297032237053,0.05409887585788965
6350,0.05380912125110626,0.05409840140491724
6351,0.0538494773209095,0.054097383171319964
6352,0.05330648273229599,0.05409189935773611
6353,0.05372365564107895,0.05408589735627174
6354,0.05311767756938934,0.054076755940914156
6355,0.054362546652555466,0.05407955501228571
6356,0.053564947098493576,0.05407663881778717
6357,0.05395379662513733,0.05407438881695271
6358,0.05356092005968094,0.05406413547694683
6359,0.0533280149102211,0.054060885906219484
6360,0.053640030324459076,0.05404297851026058
6361,0.05474679917097092,0.054048662036657334
6362,0.053126703947782516,0.05403292369097471
6363,0.05432279407978058,0.05403265792876482
6364,0.05381758511066437,0.05402442406862974
6365,0.054410628974437714,0.05402134377509356
6366,0.053968075662851334,0.05401547983288765
6367,0.05346035212278366,0.054004374481737616
6368,0.053669389337301254,0.05400172121822834
6369,0.053664304316043854,0.054000832848250864
6370,0.053655873984098434,0.05399037390947342
6371,0.053255844861269,0.05398026715964079
6372,0.05392296612262726,0.053971369303762916
6373,0.05321217328310013,0.053966705538332466
6374,0.05367279797792435,0.053964238539338114
6375,0.05388018488883972,0.053958245664834974
6376,0.05428725481033325,0.053958283104002476
6377,0.05392245948314667,0.05395558040589094
6378,0.05331984534859657,0.053949848525226114
6379,0.05427844077348709,0.05395467482507229
6380,0.05384431034326553,0.0539497771859169
6381,0.053143762052059174,0.05393976792693138
6382,0.053687695413827896,0.05392990898340941
6383,0.05349205061793327,0.053922553807497026
6384,0.053472790867090225,0.05392205733805895
6385,0.053897157311439514,0.05392280273139477
6386,0.05325818434357643,0.05391454432159662
6387,0.053764112293720245,0.053905910812318325
6388,0.053114041686058044,0.05388720866292715
6389,0.05309170484542847,0.053880159333348276
6390,0.053425297141075134,0.05387717433273792
6391,0.05340801179409027,0.05387063913047314
6392,0.053488630801439285,0.05385594759136438
6393,0.053547441959381104,0.053842055536806585
6394,0.05322309583425522,0.05383450426161289
6395,0.053670406341552734,0.0538335021585226
6396,0.053256236016750336,0.05382694195955992
6397,0.0538431853055954,0.05381263662129641
6398,0.053559668362140656,0.053803130351006985
6399,0.05383304879069328,0.053806372359395026
6400,0.05303718149662018,0.0537989916279912
6401,0.053273819386959076,0.05379262708127499
6402,0.05391576886177063,0.05379108298569918
6403,0.05325135588645935,0.053782675080001355
6404,0.05272487550973892,0.053770356439054014
6405,0.05335158109664917,0.053759143501520154
6406,0.0537298247218132,0.053760883025825025
6407,0.053191810846328735,0.05374753199517727
6408,0.053096920251846313,0.05374974738806486
6409,0.05348042771220207,0.053750211596488955
6410,0.053484175354242325,0.053739347271621225
6411,0.05366756021976471,0.05374374680221081
6412,0.053597673773765564,0.05373922377824783
6413,0.05351641774177551,0.053731613531708716
6414,0.05341527983546257,0.05372121538966894
6415,0.05325666069984436,0.05371229212731123
6416,0.05349753051996231,0.053709882013499737
6417,0.05349182337522507,0.05370186757296324
6418,0.05309866741299629,0.05369860228151083
6419,0.05420486629009247,0.05370292175561189
6420,0.0530233308672905,0.05369553510099649
6421,0.05321600288152695,0.05368403118103743
6422,0.05323226377367973,0.05367747075855732
6423,0.05325695872306824,0.05367209956049919
6424,0.053171467036008835,0.05366324279457331
6425,0.05282004922628403,0.05364783216267824
6426,0.05348234251141548,0.053638208135962484
6427,0.05391620844602585,0.05364157930016518
6428,0.05307234078645706,0.05364157363772392
6429,0.05321212485432625,0.053626135252416135
6430,0.05394075810909271,0.05361827291548252
6431,0.05365429073572159,0.05361044555902481
6432,0.05338452383875847,0.05359894197434187
6433,0.05367336422204971,0.05360061284154653
6434,0.053203657269477844,0.05358919594436884
6435,0.05419804900884628,0.05359149158000946
6436,0.05273997783660889,0.05359192445874214
6437,0.05370508134365082,0.053595910295844075
6438,0.05301199108362198,0.05358402043581009
6439,0.05366634577512741,0.05357694886624813
6440,0.0538954958319664,0.053582675121724606
6441,0.05355561897158623,0.05357665374875069
6442,0.05370546877384186,0.053571616634726524
6443,0.053733162581920624,0.05356703333556652
6444,0.053525906056165695,0.05356113899499178
6445,0.05303261801600456,0.05355228535830975
6446,0.05326761305332184,0.05354737840592861
6447,0.053599923849105835,0.05354474171996117
6448,0.05338497459888458,0.05354261077940464
6449,0.05250692740082741,0.053529050350189206
6450,0.05270303785800934,0.05351798951625824
6451,0.05322835594415665,0.05351177830249071
6452,0.053321972489356995,0.05351193320006132
6453,0.05325879156589508,0.05350728455930948
6454,0.053446583449840546,0.053510573618113996
6455,0.053477659821510315,0.053501724749803546
6456,0.05353008210659027,0.05350137609988451
6457,0.053899556398391724,0.05350083369761705
6458,0.05340976268053055,0.05349932212382555
6459,0.052919380366802216,0.05349523577839136
6460,0.05330314859747887,0.053491866961121556
6461,0.052639082074165344,0.0534707897901535
6462,0.053243473172187805,0.05347195748239755
6463,0.05290408805012703,0.05345777042210102
6464,0.05289416387677193,0.053448536209762094
6465,0.05297405645251274,0.053434170484542846
6466,0.052952639758586884,0.053424016125500205
6467,0.05317580699920654,0.05342117067426443
6468,0.053850769996643066,0.053422984480857846
6469,0.05311551317572594,0.05341749656945467
6470,0.05313161760568619,0.05341225400567055
6471,0.052598707377910614,0.05340568263083696
6472,0.05322747677564621,0.05339872773736715
6473,0.05335923284292221,0.05340019833296537
6474,0.05327165871858597,0.05339618694037199
6475,0.053631991147994995,0.053393705002963546
6476,0.05337148159742355,0.05338454727083444
6477,0.052844464778900146,0.05337376732379198
6478,0.053131312131881714,0.053371881991624834
6479,0.05300304666161537,0.05335912805050611
6480,0.05265164375305176,0.05334720138460398
6481,0.05318151041865349,0.05334757886826992
6482,0.05301143229007721,0.053340816237032414
6483,0.05304631218314171,0.0533363588526845
6484,0.054123662412166595,0.05334286756813526
6485,0.05308929830789566,0.053334788978099824
6486,0.05307251587510109,0.05333293229341507
6487,0.05346459150314331,0.0533299370855093
6488,0.05301564931869507,0.05332895316183567
6489,0.052665237337350845,0.053324688486754895
6490,0.05334516614675522,0.0533238871768117
6491,0.05280882120132446,0.053317895270884035
6492,0.052803970873355865,0.0533110486716032
6493,0.05347871035337448,0.05331036135554314
6494,0.052350375801324844,0.053301634155213835
6495,0.05265096202492714,0.05329143971204758
6496,0.053342003375291824,0.05329229738563299
6497,0.052835337817668915,0.05328221891075373
6498,0.053270988166332245,0.053279332108795645
6499,0.053329844027757645,0.053274300061166284
6500,0.05262172967195511,0.05327014554291964
6501,0.05318243056535721,0.05326923165470362
6502,0.053374018520116806,0.05326381415128708
6503,0.052891917526721954,0.05326021976768971
6504,0.05267852544784546,0.053259756267070774
6505,0.05272424966096878,0.05325348295271397
6506,0.05245997756719589,0.05324078448116779
6507,0.0535917803645134,0.05324478417634964
6508,0.05277085676789284,0.053241523541510107
6509,0.052669551223516464,0.05323341477662325
6510,0.052262868732213974,0.05322120171040297
6511,0.05331512540578842,0.053217677362263203
6512,0.05288905277848244,0.053210591152310374
6513,0.05269622057676315,0.053202389180660246
6514,0.052849069237709045,0.05319672707468271
6515,0.053389158099889755,0.053198052048683164
6516,0.05302496254444122,0.05319332636892796
6517,0.05269570276141167,0.05318536516278982
6518,0.05292065441608429,0.0531835850328207
6519,0.0527297705411911,0.05316883407533169
6520,0.052188776433467865,0.05316048853099346
6521,0.05249815806746483,0.05315331008285284
6522,0.05269956588745117,0.053147983103990555
6523,0.05294666811823845,0.05314488019794226
6524,0.052414681762456894,0.05313731234520674
6525,0.05270468443632126,0.05313615869730711
6526,0.05244619771838188,0.05312579724937677
6527,0.05293887481093407,0.053116023913025855
6528,0.052768558263778687,0.053112986087799074
6529,0.05242856964468956,0.05310515053570271
6530,0.052958838641643524,0.053095331341028215
6531,0.053146541118621826,0.053090253844857216
6532,0.05245419964194298,0.05308095060288906
6533,0.05341038852930069,0.05307832084596157
6534,0.05326169729232788,0.05307890124619007
6535,0.05250346660614014,0.05306195542216301
6536,0.05254872143268585,0.05306004285812378
6537,0.052688680589199066,0.05304987885057926
6538,0.053181156516075134,0.05305157050490379
6539,0.05264401435852051,0.05304134719073773
6540,0.05315570533275604,0.05303394928574562
6541,0.052685629576444626,0.053025249391794205
6542,0.05260670185089111,0.053014261722564696
6543,0.05284203216433525,0.053005350418388844
6544,0.05291522294282913,0.052999243587255475
6545,0.052950747311115265,0.052998424880206584
6546,0.052368417382240295,0.05298943292349577
6547,0.05333434417843819,0.05298677712678909
6548,0.053333379328250885,0.052986261174082755
6549,0.052928198128938675,0.05299047388136387
6550,0.05283031612634659,0.05299174666404724
6551,0.052151381969451904,0.05298097692430019
6552,0.05193866789340973,0.05296714387834072
6553,0.052853405475616455,0.05296309001743794
6554,0.051724325865507126,0.0529458674415946
6555,0.052743084728717804,0.05293852169066668
6556,0.052993640303611755,0.052933157272636894
6557,0.05189412832260132,0.052913102991878985
6558,0.05292942374944687,0.05290829960256815
6559,0.052189890295267105,0.0529010047018528
6560,0.05231515318155289,0.05289112474769354
6561,0.05232299864292145,0.0528879639133811
6562,0.05269613862037659,0.05288249056786299
6563,0.05204065889120102,0.05287385627627373
6564,0.05248931050300598,0.052869807742536065
6565,0.05314468592405319,0.052871514037251474
6566,0.05265383422374725,0.05286852598190308
6567,0.05332136154174805,0.05286998152732849
6568,0.05260985717177391,0.0528575723990798
6569,0.052524130791425705,0.0528516585752368
6570,0.05233296751976013,0.05284367207437754
6571,0.05383850634098053,0.052856070064008234
6572,0.05192217603325844,0.05284301705658436
6573,0.053539980202913284,0.05284482453018427
6574,0.0536174476146698,0.052848282419145104
6575,0.05284510552883148,0.05284041356295347
6576,0.05287185311317444,0.05283541727811098
6577,0.052717313170433044,0.05283414576202631
6578,0.053410448133945465,0.05283693712204695
6579,0.05253227427601814,0.052832229398190975
6580,0.05238216370344162,0.05282953459769488
6581,0.052551716566085815,0.052823236659169194
6582,0.053087152540683746,0.052823993861675266
6583,0.052284613251686096,0.05281637687236071
6584,0.05252773314714432,0.05280041757971048
6585,0.052732646465301514,0.05279685106128454
6586,0.05255619436502457,0.05279168784618378
6587,0.052324917167425156,0.052780291102826594
6588,0.052926190197467804,0.05277939651161432
6589,0.05264776945114136,0.05277922183275223
6590,0.05234397202730179,0.05276920989155769
6591,0.05297665297985077,0.052770888209342955
6592,0.05217799171805382,0.052764628417789936
6593,0.05270720645785332,0.05275691337883472
6594,0.052614208310842514,0.0527595517039299
6595,0.052616626024246216,0.05275920834392309
6596,0.053070515394210815,0.052756493464112285
6597,0.05273853987455368,0.052755525484681126
6598,0.052376117557287216,0.05274657677859068
6599,0.052509866654872894,0.05273837700486183
6600,0.05268903076648712,0.05273905001580715
6601,0.05313592404127121,0.05273858495056629
6602,0.05220216512680054,0.05272686641663313
6603,0.05339300259947777,0.052731877267360686
6604,0.05256800726056099,0.05273077208548784
6605,0.052547238767147064,0.05272900197654962
6606,0.05289613828063011,0.05273336358368397
6607,0.05201738700270653,0.0527176196500659
6608,0.05278703570365906,0.05271778143942356
6609,0.05318695306777954,0.05272295545786619
6610,0.053037308156490326,0.05273069985210896
6611,0.05225813388824463,0.052720129936933514
6612,0.052095286548137665,0.05271219227463007
6613,0.05206862464547157,0.05270591631531715
6614,0.05298706889152527,0.05270729631185531
6615,0.051975321024656296,0.052693157941102985
6616,0.0513693168759346,0.05267660148441791
6617,0.052502091974020004,0.052674665376544
6618,0.051805928349494934,0.052663518115878105
6619,0.05204368382692337,0.05265665724873543
6620,0.052344247698783875,0.05265821196138859
6621,0.052577607333660126,0.05265900645405054
6622,0.052260637283325195,0.05265461716800928
6623,0.05209658294916153,0.05264611631631851
6624,0.05205124244093895,0.052642481923103335
6625,0.0520906075835228,0.05263634115457535
6626,0.05241936445236206,0.05263607282191515
6627,0.052924007177352905,0.05263592414557934
6628,0.05207093805074692,0.05262894794344902
6629,0.0525122731924057,0.05262978497892618
6630,0.052296653389930725,0.05262316312640905
6631,0.05191241577267647,0.052610821872949604
6632,0.05227382481098175,0.052609018124639986
6633,0.052491694688797,0.05259983118623495
6634,0.05238137021660805,0.052591027915477755
6635,0.05233967304229736,0.05258938997983933
6636,0.05242418497800827,0.05258814461529255
6637,0.05232701450586319,0.05258452795445919
6638,0.05128854513168335,0.052565601840615275
6639,0.05179113149642944,0.05255707301199436
6640,0.0518292561173439,0.05254380851984024
6641,0.05237080156803131,0.05254066023975611
6642,0.052252721041440964,0.05253712043166161
6643,0.05134236067533493,0.052522123716771604
6644,0.05212780833244324,0.05251424957066774
6645,0.05239364504814148,0.05250867854803801
6646,0.05275532975792885,0.05251254767179489
6647,0.051895856857299805,0.052498162798583506
6648,0.05198938027024269,0.052484722808003426
6649,0.05249442160129547,0.05248038504272699
6650,0.0521477609872818,0.05247355949133634
6651,0.05238981172442436,0.05247594378888607
6652,0.052249908447265625,0.05247905619442463
6653,0.0528152696788311,0.052478674836456775
6654,0.05234864354133606,0.052484918013215066
6655,0.052871111780405045,0.05248619828373194
6656,0.052082739770412445,0.052477089278399947
6657,0.05208032205700874,0.052478951215744016
6658,0.05276881158351898,0.05247734509408474
6659,0.053408101201057434,0.05248952720314264
6660,0.05219139903783798,0.052488289661705496
6661,0.05244617909193039,0.052489521466195586
6662,0.05240941047668457,0.05248665418475866
6663,0.05213182419538498,0.0524875658378005
6664,0.05199766159057617,0.052482649348676205
6665,0.05304177850484848,0.05248162027448416
6666,0.05228643864393234,0.052477946318686006
6667,0.05226119980216026,0.05246734470129013
6668,0.05259232968091965,0.05246716942638159
6669,0.052592482417821884,0.05246785294264555
6670,0.052337221801280975,0.052467895485460755
6671,0.0527045875787735,0.052456556297838686
6672,0.051913656294345856,0.05245647110044956
6673,0.05187282711267471,0.052439799569547176
6674,0.051481276750564575,0.05241843786090612
6675,0.052197784185409546,0.05241196464747191
6676,0.05160515755414963,0.052399297691881654
6677,0.05184502154588699,0.052390574775636196
6678,0.0524694100022316,0.05238116439431906
6679,0.05221470072865486,0.05237798865884542
6680,0.05168572813272476,0.05237102430313825
6681,0.05210036411881447,0.05236651077866554
6682,0.05206882581114769,0.05235632751137018
6683,0.05158594250679016,0.05234934080392122
6684,0.05183929204940796,0.05234245639294386
6685,0.05230988562107086,0.052338228784501555
6686,0.052407845854759216,0.0523367452993989
6687,0.05234379693865776,0.05233693409711122
6688,0.05220774933695793,0.05232974968850613
6689,0.05193936824798584,0.05232266567647457
6690,0.05194923281669617,0.052318718284368515
6691,0.05130220204591751,0.05230197377502918
6692,0.05232033133506775,0.05230339717119932
6693,0.052488379180431366,0.0523012088984251
6694,0.052205003798007965,0.05229711685329676
6695,0.051878202706575394,0.05228973262012005
6696,0.052013203501701355,0.05227915950119495
6697,0.05247862637042999,0.05227656036615372
6698,0.05264517292380333,0.05227925091981888
6699,0.052403293550014496,0.052278185188770296
6700,0.05153941363096237,0.05226668901741505
6701,0.05212928354740143,0.05225662261247635
6702,0.051596447825431824,0.05225056543946266
6703,0.0521206334233284,0.052237841747701165
6704,0.052164226770401,0.05223380394279957
6705,0.05215819180011749,0.052229913473129275
6706,0.05225227400660515,0.05222347483038902
6707,0.05179917439818382,0.052221292704343794
6708,0.05166007950901985,0.0522100231423974
6709,0.05187736451625824,0.05219692725688219
6710,0.05218580365180969,0.052188412211835386
6711,0.05240408331155777,0.052189871706068515
6712,0.0518130399286747,0.052187049239873884
6713,0.05153190344572067,0.052181682027876375
6714,0.05162927508354187,0.052168104089796545
6715,0.05110952630639076,0.05215944614261389
6716,0.0528423935174942,0.052174176909029486
6717,0.0517917238175869,0.05216707322746515
6718,0.05136433243751526,0.052162657268345354
6719,0.05274882912635803,0.052169708721339705
6720,0.051350682973861694,0.05215977307409048
6721,0.051696013659238815,0.05215095713734627
6722,0.05197877064347267,0.05214813847094774
6723,0.05172603577375412,0.05214443299919367
6724,0.05198945477604866,0.05214381512254476
6725,0.05131061375141144,0.05213601518422365
6726,0.051135607063770294,0.05212317761033773
6727,0.05194694548845291,0.052113406993448734
6728,0.05116450786590576,0.052104342691600324
6729,0.05279058590531349,0.0521071258187294
6730,0.05115325748920441,0.05209569185972214
6731,0.051817797124385834,0.05209474567323923
6732,0.051872655749320984,0.05209073398262262
6733,0.05168846622109413,0.05208270169794559
6734,0.05206025764346123,0.05207949057221413
6735,0.05198736488819122,0.052075967490673065
6736,0.051278743892908096,0.052064513079822065
6737,0.05093958601355553,0.05205063879489899
6738,0.05209953710436821,0.05205874871462583
6739,0.05160921812057495,0.052056929580867294
6740,0.052158989012241364,0.052060226909816265
6741,0.051858119666576385,0.05205510009080171
6742,0.051629457622766495,0.052048867456614974
6743,0.05117930471897125,0.05204723689705133
6744,0.05202093720436096,0.052046168185770514
6745,0.05134701728820801,0.052035701908171174
6746,0.051856473088264465,0.05202671334147453
6747,0.05168035253882408,0.05202455829828977
6748,0.05199436843395233,0.05202460817992687
6749,0.051871348172426224,0.05201837744563818
6750,0.052210744470357895,0.05201900728046894
6751,0.05303757265210152,0.05202548488974571
6752,0.05232233554124832,0.05202620916068554
6753,0.05134625732898712,0.0520115190371871
6754,0.05178176611661911,0.05200585026293993
6755,0.05240146443247795,0.05200115378946066
6756,0.05163982883095741,0.05199672468006611
6757,0.05112362653017044,0.05198715772479773
6758,0.05109322816133499,0.05197040189057588
6759,0.05195474252104759,0.051955868303775785
6760,0.05218546465039253,0.05195580895990133
6761,0.05166062340140343,0.051947953402996065
6762,0.05222098529338837,0.0519460691511631
6763,0.051894884556531906,0.05194369975477457
6764,0.052289094775915146,0.05194661408662796
6765,0.05176351219415665,0.051933831423521044
6766,0.051712311804294586,0.051928090155124666
6767,0.05202118307352066,0.05192568998783827
6768,0.051931194961071014,0.051919078640639785
6769,0.05234862491488457,0.051916640065610406
6770,0.05146024003624916,0.05190787024796009
6771,0.05180445313453674,0.05189886890351772
6772,0.05189736932516098,0.051898706033825875
6773,0.05108759552240372,0.051890853717923166
6774,0.051285021007061005,0.05188889116048813
6775,0.05165752023458481,0.05188348852097988
6776,0.051591597497463226,0.05188335292041302
6777,0.05144345015287399,0.051879337206482884
6778,0.05161302164196968,0.051870773322880266
6779,0.05200643092393875,0.051868690624833104
6780,0.05153633654117584,0.051867196708917616
6781,0.052030980587005615,0.05186650287359953
6782,0.051866546273231506,0.051864480078220365
6783,0.05199664086103439,0.05186858706176281
6784,0.05168823152780533,0.051867076456546785
6785,0.051802605390548706,0.05186200365424156
6786,0.05105811357498169,0.051848506331443785
6787,0.05175426974892616,0.05184261105954647
6788,0.051611997187137604,0.05183665353804827
6789,0.05148374289274216,0.05183209728449583
6790,0.051192931830883026,0.0518245342746377
6791,0.051355667412281036,0.051825068928301334
6792,0.051358163356781006,0.05181544724851847
6793,0.05211510881781578,0.051811714544892314
6794,0.05122962221503258,0.051801960729062554
6795,0.051796890795230865,0.05180114760994911
6796,0.05160069465637207,0.05179702252149582
6797,0.051327481865882874,0.051785511076450345
6798,0.05179827660322189,0.051777042113244534
6799,0.05164843425154686,0.051769493520259856
6800,0.05103152617812157,0.05176441464573145
6801,0.05118842050433159,0.05175500601530075
6802,0.05169525370001793,0.05175599407404661
6803,0.051415495574474335,0.05174894269555807
6804,0.05178896337747574,0.05174519006162882
6805,0.05152638256549835,0.051738871969282625
6806,0.0521528497338295,0.05173787772655487
6807,0.05159442499279976,0.05173583023250103
6808,0.051739659160375595,0.05173662602901459
6809,0.05179520323872566,0.05173580441623926
6810,0.05179554969072342,0.0517319018766284
6811,0.05157240107655525,0.051723585054278376
6812,0.051311083137989044,0.05171856548637152
6813,0.05126970633864403,0.051715943515300754
6814,0.05145244300365448,0.051714175194501874
6815,0.05140206590294838,0.051717100590467455
6816,0.05148278921842575,0.05170350454747677
6817,0.050744540989398956,0.05169303271919489
6818,0.051451414823532104,0.05169390354305506
6819,0.05164475739002228,0.0516828628256917
6820,0.052299730479717255,0.051692353300750254
6821,0.051438815891742706,0.05168978132307529
6822,0.051697611808776855,0.05168696973472833
6823,0.05182421952486038,0.0516879515722394
6824,0.051207877695560455,0.05168013580143452
6825,0.0514528825879097,0.0516815584897995
6826,0.05182155966758728,0.05168841801583767
6827,0.05068519711494446,0.051675800532102585
6828,0.05134984105825424,0.05167765386402607
6829,0.05182453244924545,0.05166799332946539
6830,0.05222881957888603,0.0516787489503622
6831,0.05245961248874664,0.051685167104005815
6832,0.051767442375421524,0.05168411497026682
6833,0.05130985379219055,0.051680328845977785
6834,0.05158337205648422,0.05167555999010801
6835,0.05137715861201286,0.05166945792734623
6836,0.05127756670117378,0.051669446155428886
6837,0.05153202265501022,0.051675370521843435
6838,0.05119561031460762,0.051666331253945826
6839,0.05090925842523575,0.051659331656992435
6840,0.05137921869754791,0.0516515339538455
6841,0.05158735811710358,0.05164882633835077
6842,0.051196739077568054,0.05164449915289879
6843,0.05089575797319412,0.051641663685441014
6844,0.05089826136827469,0.05163043692708016
6845,0.05187404155731201,0.05163570716977119
6846,0.0519409254193306,0.05163655169308186
6847,0.05138839781284332,0.05163363214582205
6848,0.051339469850063324,0.051627083159983156
6849,0.051123496145009995,0.051619604639708994
6850,0.050734952092170715,0.051604846715927126
6851,0.0507240816950798,0.05158171180635691
6852,0.05169123783707619,0.051575400829315186
6853,0.051234349608421326,0.05157428175210953
6854,0.051271092146635056,0.051569175012409686
6855,0.05175833776593208,0.05156274374574423
6856,0.05113073065876961,0.05155765276402235
6857,0.051606714725494385,0.05156248364597559
6858,0.05097787082195282,0.05156133007258177
6859,0.051426421850919724,0.05155604686588049
6860,0.052388910204172134,0.051558081321418286
6861,0.051831286400556564,0.051559787951409815
6862,0.05108746886253357,0.05154845278710127
6863,0.05182737112045288,0.051547777652740476
6864,0.05075854808092117,0.05153247218579054
6865,0.05138689652085304,0.0515287060290575
6866,0.051623549312353134,0.05152781840413809
6867,0.051338065415620804,0.05152098722755909
6868,0.05089394748210907,0.05151061475276947
6869,0.05142812430858612,0.051501409746706486
6870,0.05083369463682175,0.05149514429271221
6871,0.05202507972717285,0.05149735055863857
6872,0.051517657935619354,0.051493553444743156
6873,0.05149265006184578,0.05149760399013758
6874,0.05084402859210968,0.05149319406598806
6875,0.05156174674630165,0.05149223633110523
6876,0.05142595246434212,0.05149057988077402
6877,0.05091560631990433,0.05148530144244432
6878,0.051407717168331146,0.05148324839770794
6879,0.051846250891685486,0.051481646597385404
6880,0.05137228965759277,0.051480006128549576
6881,0.051043543964624405,0.05147013176232576
6882,0.05175476521253586,0.05146901395171881
6883,0.05146925151348114,0.05146374005824327
6884,0.05131034553050995,0.05145996119827032
6885,0.051237765699625015,0.051454312801361084
6886,0.05060429126024246,0.05144977457821369
6887,0.05078684538602829,0.05144010033458471
6888,0.05159064754843712,0.05143988683819771
6889,0.050963323563337326,0.05143468264490366
6890,0.05158540979027748,0.0514386074244976
6891,0.05111841857433319,0.051436234936118125
6892,0.05119289830327034,0.05143458228558302
6893,0.05109497904777527,0.051424380987882615
6894,0.05089864134788513,0.05142107117921114
6895,0.05139005184173584,0.05141700278967619
6896,0.051057133823633194,0.0514115671813488
6897,0.05087271332740784,0.05140701949596405
6898,0.051077358424663544,0.051399810314178465
6899,0.051528822630643845,0.051398614197969435
6900,0.05118599534034729,0.05140015888959169
6901,0.05093659833073616,0.05139764066785574
6902,0.05099233612418175,0.05139061149209738
6903,0.05062849074602127,0.05138274144381285
6904,0.05074305087327957,0.05137228231877088
6905,0.0512097030878067,0.051369115523993966
6906,0.05125712603330612,0.051360158286988734
6907,0.05217945575714111,0.05136600859463215
6908,0.05053553730249405,0.051353967376053335
6909,0.051234543323516846,0.05134836077690125
6910,0.051132410764694214,0.05134172938764095
6911,0.05103839561343193,0.05133638933300972
6912,0.050707608461380005,0.05133035458624363
6913,0.0512293241918087,0.05132995076477528
6914,0.05049082636833191,0.05132033459842205
6915,0.0504203736782074,0.051310517676174644
6916,0.051459360867738724,0.05131028339266777
6917,0.050301287323236465,0.05130585085600615
6918,0.050896305590867996,0.0513002997636795
6919,0.050542302429676056,0.051289275214076044
6920,0.050952691584825516,0.05127580482512713
6921,0.05086853355169296,0.05127010200172663
6922,0.051010821014642715,0.05126323409378528
6923,0.05153946205973625,0.051260386519134046
6924,0.05097062140703201,0.05125801395624876
6925,0.0508091002702713,0.05125157613307238
6926,0.05010860413312912,0.05123444657772779
6927,0.051556698977947235,0.05124316159635782
6928,0.05040141940116882,0.05123367737978697
6929,0.05180954933166504,0.051233527548611164
6930,0.05019581690430641,0.051213197521865365
6931,0.051359500735998154,0.05120219640433788
6932,0.0509183332324028,0.0511937053129077
6933,0.051056452095508575,0.05119117129594088
6934,0.05082608014345169,0.05118359837681055
6935,0.0507633239030838,0.05117746002972126
6936,0.05145621672272682,0.051179246529936794
6937,0.05158059298992157,0.0511797322332859
6938,0.05108969658613205,0.051178673096001145
6939,0.05113193020224571,0.05118089981377125
6940,0.050973035395145416,0.05117683798074722
6941,0.051021479070186615,0.051171179190278054
6942,0.0514865517616272,0.05117407731711864
6943,0.050883226096630096,0.05117395199835301
6944,0.05127124860882759,0.05117768187075853
6945,0.05103789269924164,0.05116932038217783
6946,0.05081717669963837,0.05115808289498091
6947,0.05061303824186325,0.05115032929927111
6948,0.05057793855667114,0.051142713986337185
6949,0.05092870071530342,0.05114076603204012
6950,0.051171399652957916,0.05114513050764799
6951,0.05080249905586243,0.051145914681255816
6952,0.05048970878124237,0.05113389939069748
6953,0.05102190002799034,0.05113177489489317
6954,0.05047813057899475,0.05112384527921677
6955,0.05113167315721512,0.051117578633129594
6956,0.05082712322473526,0.05111454255878925
6957,0.05136272311210632,0.05111210264265537
6958,0.050541896373033524,0.05110774289816618
6959,0.051166974008083344,0.05110514841973782
6960,0.050466325134038925,0.051085922569036483
6961,0.05131065845489502,0.051080716289579865
6962,0.051414139568805695,0.05108398299664259
6963,0.05155612528324127,0.051081270538270475
6964,0.051683612167835236,0.05109052117913961
6965,0.0511588379740715,0.0510882405936718
6966,0.05057789757847786,0.051077784076333045
6967,0.05116135999560356,0.05107601702213287
6968,0.050155844539403915,0.05106863599270582
6969,0.05072685331106186,0.05106162328273058
6970,0.050462715327739716,0.051057913489639756
6971,0.0508543998003006,0.051046206690371035
6972,0.050552960485219955,0.05103655971586704
6973,0.05172260105609894,0.05103885922580957
6974,0.05101281777024269,0.0510405471175909
6975,0.05065837502479553,0.051031513400375844
6976,0.051736980676651,0.051034623682498934
6977,0.051917798817157745,0.05104464560747147
6978,0.050909217447042465,0.05103966061025858
6979,0.050694216042757034,0.05102814026176929
6980,0.05136679857969284,0.05102808535099029
6981,0.051142312586307526,0.05102907303720713
6982,0.05139721930027008,0.05102549757808447
6983,0.05139217898249626,0.05102472685277462
6984,0.05060245096683502,0.05101764790713787
6985,0.05103128403425217,0.051015583090484144
6986,0.051064543426036835,0.05102018561214208
6987,0.05127169191837311,0.05102503407746553
6988,0.052077166736125946,0.05102989926934242
6989,0.05162189155817032,0.05103648494929075
6990,0.05151544511318207,0.0510357853025198
6991,0.05112903192639351,0.0510358914360404
6992,0.05035141110420227,0.05102747656404972
6993,0.05151921138167381,0.05103171888738871
6994,0.051713727414608,0.05103986974805594
6995,0.05071799457073212,0.0510331491753459
6996,0.051225174218416214,0.05103482957929373
6997,0.051128365099430084,0.05103738609701395
6998,0.050979919731616974,0.05103641171008348
6999,0.05083023011684418,0.05102942578494549
7000,0.0508493036031723,0.05102605886757374
7001,0.05178491771221161,0.051034542061388494
7002,0.05219552293419838,0.05104657392948866
7003,0.05075441300868988,0.05104783315211534
7004,0.05035979673266411,0.05104400061070919
7005,0.05135134980082512,0.051045417077839376
7006,0.05030965059995651,0.051035942323505876
7007,0.05148541182279587,0.05102900188416243
7008,0.051192402839660645,0.05103557053953409
7009,0.051468029618263245,0.051037905402481556
7010,0.051490239799022675,0.05104148369282484
7011,0.0516045056283474,0.051047144792973995
7012,0.050770509988069534,0.05104777380824089
7013,0.05157683789730072,0.05105124894529581
7014,0.05124460160732269,0.05105878669768572
7015,0.05075966566801071,0.051062179617583754
7016,0.05118568241596222,0.05105944283306599
7017,0.05020609870553017,0.051058490946888926
7018,0.05075060576200485,0.05105703394860029
7019,0.051352083683013916,0.05106513176113367
7020,0.05150638148188591,0.051070668660104276
7021,0.05112295225262642,0.05107321284711361
7022,0.05142197757959366,0.051077324412763116
7023,0.050553400069475174,0.05106746379286051
7024,0.05045890063047409,0.051062346585094925
7025,0.05061203986406326,0.05106037598103285
7026,0.050146423280239105,0.05106075417250395
7027,0.05037541687488556,0.05104894135147333
7028,0.05044637620449066,0.05104939091950655
7029,0.050676483660936356,0.051038060262799265
7030,0.05109493434429169,0.05104705143719911
7031,0.050445858389139175,0.05103791501373053
7032,0.05109853297472,0.0510397170111537
7033,0.050554342567920685,0.051034695915877816
7034,0.05087399110198021,0.051035175025463106
7035,0.050639357417821884,0.05103393536061049
7036,0.050888143479824066,0.05102825462818146
7037,0.05067938566207886,0.05101924255490303
7038,0.0509471595287323,0.05101781718432903
7039,0.050294291228055954,0.051009440794587135
7040,0.0509432777762413,0.05100914321839809
7041,0.05028287321329117,0.05100175715982914
7042,0.0507156141102314,0.050994047783315184
7043,0.05009462684392929,0.05098616179078817
7044,0.051132336258888245,0.05098477266728878
7045,0.050984978675842285,0.05098424352705479
7046,0.0508861169219017,0.05098493292927742
7047,0.05048181116580963,0.05098362065851689
7048,0.050778672099113464,0.05098562799394131
7049,0.0511324368417263,0.05098766535520553
7050,0.05027760565280914,0.050978727415204046
7051,0.05011432617902756,0.0509718456864357
7052,0.0501958467066288,0.050968907065689566
7053,0.05064286291599274,0.05096511669456959
7054,0.05023401603102684,0.05096267554908991
7055,0.05106759071350098,0.050962034724652765
7056,0.0503978356719017,0.05095774184912443
7057,0.05004243180155754,0.05094453893601894
7058,0.05000767856836319,0.05093919675797224
7059,0.050905853509902954,0.05093658555299044
7060,0.051442768424749374,0.05094634998589754
7061,0.05059777572751045,0.0509392211586237
7062,0.05094887316226959,0.05093456849455833
7063,0.050372667610645294,0.05092273391783238
7064,0.04979266598820686,0.05090382445603609
7065,0.05064067989587784,0.050898642875254155
7066,0.05097489058971405,0.050902612805366516
7067,0.050614431500434875,0.05089714352041483
7068,0.05046393722295761,0.05090022444725037
7069,0.050371356308460236,0.05089666947722435
7070,0.050746530294418335,0.05089950762689113
7071,0.050660841166973114,0.050897572040557865
7072,0.05058719962835312,0.05089791443198919
7073,0.050298698246479034,0.05088367540389299
7074,0.050237465649843216,0.050875921882688996
7075,0.0504625029861927,0.05087396316230297
7076,0.05107074975967407,0.0508673008531332
7077,0.05077415704727173,0.05085586443543434
7078,0.05063328891992569,0.050853105150163176
7079,0.050724320113658905,0.05085340619087219
7080,0.050717443227767944,0.05084691263735294
7081,0.050833068788051605,0.050843820199370386
7082,0.050354596227407455,0.050833393968641755
7083,0.05043903738260269,0.050823862552642825
7084,0.05086471140384674,0.05082648515701294
7085,0.0508708655834198,0.050824880972504614
7086,0.050552621483802795,0.050819761753082275
7087,0.050138071179389954,0.05080842554569245
7088,0.05088375508785248,0.05079649142920971
7089,0.051201559603214264,0.05079228810966015
7090,0.0505264550447464,0.050782398208975794
7091,0.04983677715063095,0.050769475661218165
7092,0.05008593946695328,0.05076682094484568
7093,0.05056142434477806,0.05075724307447672
7094,0.05047641322016716,0.05074486993253231
7095,0.0505157969892025,0.05074284795671701
7096,0.050551410764455795,0.05073611032217741
7097,0.04998160898685455,0.05072464276105165
7098,0.050968579947948456,0.05072452936321497
7099,0.05086018145084381,0.05072482887655497
7100,0.050825685262680054,0.05072459269315004
7101,0.05082956328988075,0.050715039148926735
7102,0.050664570182561874,0.05069972962141037
7103,0.04995805025100708,0.05069176599383354
7104,0.05028887093067169,0.05069105673581362
7105,0.05013730376958847,0.05067891627550125
7106,0.05040407180786133,0.0506798604875803
7107,0.05077926814556122,0.05067279905080795
7108,0.05012654885649681,0.05066214051097631
7109,0.05060218274593353,0.05065348204225302
7110,0.05020808055996895,0.05064066044986248
7111,0.05021068453788757,0.05062672223895788
7112,0.05050881579518318,0.050624105297029015
7113,0.050659507513046265,0.05061493199318647
7114,0.05032350867986679,0.05060572106391192
7115,0.05013624578714371,0.050599486865103245
7116,0.050172314047813416,0.050589353181421756
7117,0.05052505433559418,0.050592542737722394
7118,0.05061841011047363,0.050591220781207084
7119,0.05000905692577362,0.05057779051363468
7120,0.04997395724058151,0.050562466271221636
7121,0.05070985481142998,0.05055833529680967
7122,0.05027179792523384,0.05054683350026608
7123,0.050532035529613495,0.050546619854867456
7124,0.05027107894420624,0.05054474163800478
7125,0.05051049962639809,0.050543726235628125
7126,0.05057777464389801,0.050548039749264716
7127,0.050614792853593826,0.0505504335090518
7128,0.0509367473423481,0.050555337220430374
7129,0.05014258623123169,0.05054999824613333
7130,0.050172023475170135,0.05054076913744211
7131,0.050192322582006454,0.050538233779370785
7132,0.05045782029628754,0.05053182665258646
7133,0.04970002546906471,0.0505232834815979
7134,0.05092862248420715,0.050523829795420166
7135,0.050002943724393845,0.05051746565848589
7136,0.05016177147626877,0.050510201938450336
7137,0.050349991768598557,0.050506907999515537
7138,0.05016256123781204,0.05049906201660633
7139,0.05084628239274025,0.050504581928253175
7140,0.05020545423030853,0.05049720369279385
7141,0.05037423223257065,0.05049811728298664
7142,0.0498298779129982,0.05048925992101431
7143,0.050612688064575195,0.05049444053322077
7144,0.04994026571512222,0.05048251982778311
7145,0.04988069459795952,0.05047147698700428
7146,0.050155866891145706,0.05046417448669672
7147,0.05070645362138748,0.0504664209112525
7148,0.04998297989368439,0.050458463989198205
7149,0.050445184111595154,0.0504515914618969
7150,0.05056341364979744,0.05045444954186678
7151,0.050198446959257126,0.05045529074966908
7152,0.04997412860393524,0.05045307356864214
7153,0.04978097230195999,0.05044445466250181
7154,0.05014931038022041,0.05044360760599375
7155,0.04992330074310303,0.05043216470628977
7156,0.049843475222587585,0.050426621101796625
7157,0.05041322112083435,0.05043032899498939
7158,0.05023661255836487,0.05043261833488941
7159,0.050439078360795975,0.05042795058339834
7160,0.05032409727573395,0.05041676387190819
7161,0.05019160732626915,0.05041270218789577
7162,0.049509838223457336,0.05039831183850765
7163,0.05020561441779137,0.050396641306579115
7164,0.04996481165289879,0.05039836276322603
7165,0.05085691809654236,0.050400525145232675
7166,0.050544727593660355,0.05039622351527214
7167,0.050360411405563354,0.05039368331432342
7168,0.05045931413769722,0.05039363708347082
7169,0.04947419464588165,0.05038466546684504
7170,0.050348810851573944,0.05038068827241659
7171,0.050142448395490646,0.05037550434470177
7172,0.049969546496868134,0.05036932781338692
7173,0.050455741584300995,0.05037089824676513
7174,0.05018829554319382,0.050370406545698646
7175,0.0500190407037735,0.05036597192287445
7176,0.05000275373458862,0.050355291962623595
7177,0.04986298456788063,0.050346180237829684
7178,0.049766529351472855,0.05033751264214516
7179,0.05026474967598915,0.05033291693776846
7180,0.05011237785220146,0.0503268662840128
7181,0.05030699446797371,0.05032160554081202
7182,0.05035359784960747,0.05032159555703401
7183,0.049974799156188965,0.05031695317476988
7184,0.05023442953824997,0.05031065035611391
7185,0.0501057505607605,0.050302999205887315
7186,0.049895524978637695,0.05029642824083567
7187,0.05021785944700241,0.05029722612351179
7188,0.04931231588125229,0.05028151173144579
7189,0.05010884255170822,0.050270584560930726
7190,0.0505986213684082,0.050271306224167346
7191,0.04998484253883362,0.050272786878049376
7192,0.05005498602986336,0.05027247734367848
7193,0.049974679946899414,0.05026660989969969
7194,0.049845606088638306,0.050260301828384396
7195,0.04995527118444443,0.05025469657033682
7196,0.050468556582927704,0.05025386802852154
7197,0.050237901508808136,0.05025643095374108
7198,0.05007898434996605,0.05024753499776125
7199,0.05056212842464447,0.05024455446749926
7200,0.05078025162220001,0.050244100131094455
7201,0.050773900002241135,0.05024354349821806
7202,0.0506313294172287,0.050243211090564725
7203,0.05060625448822975,0.05024969313293695
7204,0.04989466071128845,0.05024575103074312
7205,0.05027230083942413,0.05024710100144148
7206,0.05002403259277344,0.0502433006092906
7207,0.050331637263298035,0.05023882430046797
7208,0.050199687480926514,0.05023955568671226
7209,0.0497208908200264,0.05023074276745319
7210,0.049207448959350586,0.05022073645144701
7211,0.05014831945300102,0.05022011280059815
7212,0.04973918944597244,0.050212416537106036
7213,0.049988389015197754,0.05020570535212755
7214,0.049485623836517334,0.05019732650369406
7215,0.04983259364962578,0.050194289982318875
7216,0.050059255212545395,0.0501931593939662
7217,0.04958103224635124,0.050183719173073765
7218,0.050037067383527756,0.05017790574580431
7219,0.05017813295125961,0.05017959650605917
7220,0.05091940611600876,0.05018905099481344
7221,0.050383560359478,0.050185788050293924
7222,0.049827367067337036,0.05018134374171496
7223,0.05048539489507675,0.050180877335369585
7224,0.04998590052127838,0.05017802555114031
7225,0.049991510808467865,0.050172835662961004
7226,0.04946114122867584,0.050161669328808785
7227,0.04950214922428131,0.05015054289251566
7228,0.05009104311466217,0.0501420858502388
7229,0.05035003274679184,0.0501441603153944
7230,0.05010917782783508,0.05014353185892105
7231,0.05021592602133751,0.05014376789331436
7232,0.05054951831698418,0.05014468487352133
7233,0.05044431984424591,0.05015212781727314
7234,0.05064880847930908,0.05014932967722416
7235,0.050602905452251434,0.05015532929450273
7236,0.05015557259321213,0.05015526730567217
7237,0.05030585825443268,0.05015482597053051
7238,0.050030358135700226,0.05015350393950939
7239,0.049931589514017105,0.05014435701072216
7240,0.04928384721279144,0.05013514094054699
7241,0.049742117524147034,0.05012881979346275
7242,0.05063121020793915,0.05013683311641216
7243,0.05023569613695145,0.050133063197135924
7244,0.04992540180683136,0.050132914558053014
7245,0.050268322229385376,0.05013679083436728
7246,0.04970471188426018,0.05013227928429842
7247,0.05022699013352394,0.05012748464941978
7248,0.04962412267923355,0.05012389607727528
7249,0.04945880174636841,0.05011403225362301
7250,0.04994780570268631,0.0501078761741519
7251,0.050228774547576904,0.050108179450035095
7252,0.05015048384666443,0.05010994300246239
7253,0.050096940249204636,0.050113102681934835
7254,0.04995208978652954,0.050111130475997925
7255,0.04972269386053085,0.050109124407172204
7256,0.049992918968200684,0.050110618844628335
7257,0.04990050569176674,0.05010549169033766
7258,0.049730315804481506,0.05010042872279882
7259,0.05010993406176567,0.050097137279808523
7260,0.049810633063316345,0.050092002637684346
7261,0.04992995411157608,0.05008938610553741
7262,0.0492740198969841,0.05008702792227268
7263,0.04983823746442795,0.05008335415273905
7264,0.049980875104665756,0.05008351478725672
7265,0.04967499524354935,0.050071695558726786
7266,0.04990116134285927,0.050065259896218774
7267,0.050265535712242126,0.05006431113928556
7268,0.04985661804676056,0.0500582841783762
7269,0.04997726157307625,0.050063314847648144
7270,0.05011662095785141,0.05006099294871092
7271,0.05044308304786682,0.05006399929523468
7272,0.04967893660068512,0.05006109319627285
7273,0.04976546764373779,0.050054190456867216
7274,0.05026032030582428,0.05005491070449352
7275,0.050614677369594574,0.05006086707115173
7276,0.04977056384086609,0.05005854517221451
7277,0.05004990100860596,0.05006041433662176
7278,0.050319258123636246,0.05006594162434339
7279,0.05040397867560387,0.05006733391433954
7280,0.04952806979417801,0.050061490833759305
7281,0.04982321709394455,0.05005665306001902
7282,0.05030546337366104,0.05005617171525955
7283,0.05037179961800575,0.05006014171987772
7284,0.05032120645046234,0.050061009488999844
7285,0.04904293268918991,0.05005038131028414
7286,0.050029508769512177,0.05005172114819288
7287,0.04986165091395378,0.0500481590628624
7288,0.05045846849679947,0.05005962058901787
7289,0.05043310299515724,0.05006286319345236
7290,0.05068739503622055,0.050063750930130484
7291,0.04981907457113266,0.05006209325045347
7292,0.04969862475991249,0.050058529637753965
7293,0.04965782165527344,0.0500553610548377
7294,0.0497281476855278,0.050054186470806596
7295,0.04978708177804947,0.05005250457674265
7296,0.04985282942652702,0.050046347305178644
7297,0.04934121295809746,0.05003738041967153
7298,0.04992778226733208,0.0500358683988452
7299,0.04984549432992935,0.05002870205789804
7300,0.049609046429395676,0.05001699000597
7301,0.04994560033082962,0.05000870700925589
7302,0.050115328282117844,0.050003546997904776
7303,0.04997863247990608,0.04999727077782154
7304,0.04963282495737076,0.049994652420282365
7305,0.049535393714904785,0.04998728334903717
7306,0.04919826239347458,0.04997902564704418
7307,0.049976736307144165,0.04997547663748264
7308,0.04979879781603813,0.04997146774083376
7309,0.04992559924721718,0.04997351482510567
7310,0.049895863980054855,0.04998039897531271
7311,0.050239548087120056,0.0499813112616539
7312,0.05076718330383301,0.049991591200232506
7313,0.049630582332611084,0.04998801313340664
7314,0.050240613520145416,0.04999556303024292
7315,0.050397127866744995,0.05000120837241411
7316,0.05051847919821739,0.050005800612270834
7317,0.04991966485977173,0.05000918693840504
7318,0.04952893406152725,0.050004105605185034
7319,0.049997951835393906,0.05000230379402638
7320,0.04985382407903671,0.049991647973656655
7321,0.049847137182950974,0.04998628374189138
7322,0.04923265054821968,0.04998033657670021
7323,0.05057565122842789,0.049981239140033724
7324,0.04915650561451912,0.04997294519096613
7325,0.04946555197238922,0.049967685602605345
7326,0.05046474188566208,0.049977721609175206
7327,0.049854643642902374,0.04998124655336142
7328,0.05018526688218117,0.04998218879103661
7329,0.04937772452831268,0.04997246570885181
7330,0.04994291067123413,0.04997080303728581
7331,0.04986204579472542,0.04996726423501968
7332,0.049638159573078156,0.04995815064758062
7333,0.050020232796669006,0.04995390977710486
7334,0.04983023181557655,0.049945724010467527
7335,0.05029844492673874,0.0499426794052124
7336,0.04986228793859482,0.04993974655866623
7337,0.04919665306806564,0.04992865450680256
7338,0.05066344141960144,0.04993498533964157
7339,0.04889577627182007,0.0499246272072196
7340,0.049349114298820496,0.04992527987807989
7341,0.04992241412401199,0.04992708284407854
7342,0.049564436078071594,0.04991641510277987
7343,0.049767278134822845,0.04991173092275858
7344,0.05026037618517876,0.04991508066654205
7345,0.04941561818122864,0.04990655362606049
7346,0.04945944622159004,0.04990410096943378
7347,0.049325160682201385,0.04989508267492056
7348,0.04955786094069481,0.04989442005753517
7349,0.04877430200576782,0.04988757506012917
7350,0.04924890398979187,0.04988058604300022
7351,0.04965613782405853,0.049874859675765035
7352,0.05004119127988815,0.049873766750097276
7353,0.049139171838760376,0.04986418906599283
7354,0.05005505308508873,0.04986521869897843
7355,0.050140105187892914,0.04986939281225204
7356,0.049527183175086975,0.04986473545432091
7357,0.04969516396522522,0.04986268203705549
7358,0.049376681447029114,0.04985914569348097
7359,0.04923925921320915,0.049850438944995405
7360,0.050053346902132034,0.04985286608338356
7361,0.04954967275261879,0.049849063269793985
7362,0.04920024797320366,0.04984832555055618
7363,0.04944215714931488,0.04984436474740505
7364,0.04933205246925354,0.04983787652105093
7365,0.0500001423060894,0.04984112799167633
7366,0.049516476690769196,0.049837281145155427
7367,0.04968646913766861,0.04983149047940969
7368,0.05028223991394043,0.049835746698081496
7369,0.04943525046110153,0.049830326586961744
7370,0.049142271280288696,0.04982058309018612
7371,0.05011759698390961,0.04981732822954655
7372,0.049461834132671356,0.04981515720486641
7373,0.04964011162519455,0.049813903644680975
7374,0.049871865659952164,0.049810019098222254
7375,0.049450818449258804,0.0497983805090189
7376,0.04866626486182213,0.04978733751922846
7377,0.04981990158557892,0.04978503752499819
7378,0.04940389096736908,0.04977588385343552
7379,0.049446627497673035,0.04976631034165621
7380,0.0505838468670845,0.04977686811238527
7381,0.04828318953514099,0.04976146783679724
7382,0.04957260936498642,0.04975413929671049
7383,0.05001652613282204,0.049750586561858656
7384,0.049670979380607605,0.049744084291160104
7385,0.049822330474853516,0.049751878269016746
7386,0.049359504133462906,0.04974517822265625
7387,0.04943042993545532,0.04974086601287127
7388,0.04933462291955948,0.049729627557098866
7389,0.04876868799328804,0.04971298340708017
7390,0.049355342984199524,0.04969966288655996
7391,0.04903215542435646,0.049691793695092204
7392,0.05016513913869858,0.04969645883888006
7393,0.0496160089969635,0.04969604071229696
7394,0.04943157732486725,0.04969307500869036
7395,0.049821365624666214,0.04969341784715652
7396,0.05019018054008484,0.0496967913582921
7397,0.05026817321777344,0.049706060960888865
7398,0.05016380921006203,0.049708421230316165
7399,0.04923509061336517,0.04970231719315052
7400,0.049102284014225006,0.04969724956899881
7401,0.04925723746418953,0.04969036594033241
7402,0.04961134493350983,0.04968532610684633
7403,0.049752235412597656,0.049683062136173246
7404,0.048787422478199005,0.04967460811138153
7405,0.04951506853103638,0.049674404859542845
7406,0.049088142812252045,0.04967330366373062
7407,0.049532823264598846,0.04966886453330517
7408,0.04937434196472168,0.049664619974792004
7409,0.04970300942659378,0.04966239407658577
7410,0.04982226341962814,0.0496616580709815
7411,0.04990598186850548,0.049658322408795356
7412,0.049296412616968155,0.04964361470192671
7413,0.049697812646627426,0.04964428700506687
7414,0.04934467375278473,0.04963532760739327
7415,0.049894195050001144,0.049630298279225826
7416,0.04971355199813843,0.04962224900722503
7417,0.05014391988515854,0.0496244915574789
7418,0.05013757199048996,0.04963057793676853
7419,0.049878135323524475,0.049629379771649836
7420,0.04943625628948212,0.04962520409375429
7421,0.04966771975159645,0.049623409919440746
7422,0.04957693815231323,0.04962685279548168
7423,0.04980894923210144,0.049619185775518417
7424,0.049348969012498856,0.049621110409498216
7425,0.04906679689884186,0.04961712285876274
7426,0.04971916228532791,0.0496096670627594
7427,0.04948754608631134,0.04960599608719349
7428,0.05033225566148758,0.04960746597498655
7429,0.04984506592154503,0.049612139388918876
7430,0.049371033906936646,0.049606420621275904
7431,0.0498054176568985,0.049605854339897636
7432,0.049973051995038986,0.04960920326411724
7433,0.04929308593273163,0.049601931795477866
7434,0.04929506033658981,0.049596580080688
7435,0.04855036363005638,0.04957909926772117
7436,0.04990815371274948,0.049579557925462724
7437,0.050185345113277435,0.04958944484591484
7438,0.050116799771785736,0.04958397842943668
7439,0.04932782053947449,0.049588298872113225
7440,0.04971545189619064,0.04959196224808693
7441,0.04950546473264694,0.04958779275417328
7442,0.05017802119255066,0.04959392860531807
7443,0.04939820617437363,0.049590237885713574
7444,0.04965844377875328,0.049584218561649324
7445,0.049622759222984314,0.04958628997206688
7446,0.04944201186299324,0.04958611562848091
7447,0.0496034100651741,0.04958889812231064
7448,0.04938410967588425,0.049587160609662534
7449,0.04975728690624237,0.04959699045866728
7450,0.04905562102794647,0.049595057629048825
7451,0.04936850816011429,0.049592181332409384
7452,0.049266256392002106,0.04958443198353052
7453,0.04916517436504364,0.049584692008793355
7454,0.04964764416217804,0.049580617919564245
7455,0.04925442859530449,0.049571761153638365
7456,0.04934871941804886,0.04956997651606798
7457,0.04868772625923157,0.049559902139008044
7458,0.04931473731994629,0.04955928269773722
7459,0.049278005957603455,0.04955967016518116
7460,0.050284504890441895,0.04956198174506426
7461,0.049128565937280655,0.049557770676910876
7462,0.048787981271743774,0.04955364800989628
7463,0.04911140352487564,0.04955034047365189
7464,0.049159880727529526,0.04954861875623465
7465,0.049869660288095474,0.04954731393605471
7466,0.049899376928806305,0.04955114293843508
7467,0.050065480172634125,0.049554933048784736
7468,0.04995660483837128,0.04955167669802904
7469,0.04898965358734131,0.049547220729291436
7470,0.049286652356386185,0.04954866454005241
7471,0.049057487398386,0.04953806344419718
7472,0.049436163157224655,0.04953780673444271
7473,0.049945879727602005,0.04954086441546678
7474,0.048783499747514725,0.049529980756342414
7475,0.049404360353946686,0.04952951617538929
7476,0.04916824400424957,0.049534535966813564
7477,0.04905933886766434,0.04952693033963442
7478,0.04885826259851456,0.049521474055945876
7479,0.048993803560733795,0.04951694581657648
7480,0.04984987527132034,0.04950960610061884
7481,0.049048520624637604,0.0495172594115138
7482,0.048903558403253555,0.04951056890189648
7483,0.04955264553427696,0.049505930095911026
7484,0.05004972591996193,0.04950971756130457
7485,0.048855021595954895,0.04950004447251558
7486,0.04888784885406494,0.0494953279197216
7487,0.049579378217458725,0.04949681740254164
7488,0.049035582691431046,0.04949382700026035
7489,0.04967862367630005,0.04950292635709047
7490,0.04952684044837952,0.049504641331732276
7491,0.049554839730262756,0.04950986817479133
7492,0.04898270219564438,0.0494980438053608
7493,0.049423255026340485,0.04949611626565456
7494,0.0488116592168808,0.0494899170845747
7495,0.04941802844405174,0.049485883712768554
7496,0.04927560314536095,0.04947673793882132
7497,0.04889217019081116,0.04946297790855169
7498,0.049475595355033875,0.04945609577000141
7499,0.04960573464632034,0.049459802210330965
7500,0.05010708421468735,0.04946985021233559
7501,0.04925214871764183,0.04946979932487011
7502,0.04977040737867355,0.049471389949321744
7503,0.05037122964859009,0.049477579891681674
7504,0.050039663910865784,0.04949010230600834
7505,0.04870032146573067,0.04948195483535528
7506,0.049107037484645844,0.04948214378207922
7507,0.049992237240076065,0.049486737921833994
7508,0.049163416028022766,0.049484628662467
7509,0.04913025721907616,0.04947890114039183
7510,0.048414066433906555,0.04946481917053461
7511,0.050398651510477066,0.04946974586695432
7512,0.04929926246404648,0.04946977436542511
7513,0.04951060935854912,0.049467902332544327
7514,0.050362423062324524,0.049478079825639724
7515,0.04972405731678009,0.04947637844830752
7516,0.048953041434288025,0.04946877334266901
7517,0.048898786306381226,0.049456322006881236
7518,0.04880967736244202,0.04944304306060076
7519,0.048950981348752975,0.04943377152085304
7520,0.04927955940365791,0.0494322045519948
7521,0.04868572950363159,0.04942238464951515
7522,0.04935930669307709,0.04942020833492279
7523,0.04945812374353409,0.04941670008003712
7524,0.04904983192682266,0.049413708709180354
7525,0.04921242594718933,0.04941516499966383
7526,0.04925793781876564,0.049410552754998206
7527,0.048574451357126236,0.049401421807706354
7528,0.04879242926836014,0.04938602354377508
7529,0.04937548190355301,0.049381327703595164
7530,0.04898682236671448,0.04937748558819294
7531,0.04897342622280121,0.04936916567385197
7532,0.049464136362075806,0.04936407651752234
7533,0.04923853278160095,0.049363530986011026
7534,0.04872521013021469,0.049357832483947275
7535,0.04886322095990181,0.04936096105724573
7536,0.04983872175216675,0.04936026673763991
7537,0.04875413328409195,0.04934595461934805
7538,0.04955288767814636,0.049340315498411655
7539,0.04961339384317398,0.04934317123144865
7540,0.048569850623607635,0.04933171521872282
7541,0.04919686168432236,0.049328629188239576
7542,0.04915501922369003,0.04931839916855097
7543,0.04888957738876343,0.04931331288069487
7544,0.04920205473899841,0.049308748990297316
7545,0.04848100244998932,0.04929733142256737
7546,0.049246616661548615,0.049295377470552924
7547,0.04885769262909889,0.04928792029619217
7548,0.049678824841976166,0.04929086744785309
7549,0.04919581860303879,0.049285252764821055
7550,0.0503685399889946,0.049298381954431536
7551,0.049542807042598724,0.049300124943256377
7552,0.04939849674701691,0.049301447346806526
7553,0.04992523044347763,0.049309047907590865
7554,0.04863869398832321,0.04929895840585232
7555,0.04908626154065132,0.04929727673530579
7556,0.0495515838265419,0.049299305379390715
7557,0.049398742616176605,0.04930641554296017
7558,0.04910219460725784,0.04930429011583328
7559,0.048942774534225464,0.049300937801599505
7560,0.04922933131456375,0.04929038606584072
7561,0.0489707887172699,0.049288808293640615
7562,0.050025224685668945,0.049301180727779864
7563,0.049110379070043564,0.04930117048323154
7564,0.048617422580718994,0.04929574590176344
7565,0.04866442456841469,0.04928369354456663
7566,0.048850029706954956,0.04927320007234812
7567,0.049184780567884445,0.04926439307630062
7568,0.048797134310007095,0.04925279837101698
7569,0.048347536474466324,0.04924637719988823
7570,0.04896383732557297,0.0492431490495801
7571,0.04954057186841965,0.04924797989428043
7572,0.04906093329191208,0.049244227595627306
7573,0.04871975630521774,0.049231966361403465
7574,0.049316152930259705,0.049237292893230915
7575,0.04966428875923157,0.049239892177283764
7576,0.04933987185359001,0.049241608455777165
7577,0.04873453080654144,0.04923836037516594
7578,0.0491422601044178,0.04924120035022497
7579,0.048570290207862854,0.049236965216696266
7580,0.04915432631969452,0.04923000972718
7581,0.048599909991025925,0.04922552362084389
7582,0.049041569232940674,0.04922690372914076
7583,0.04877505451440811,0.04921912781894207
7584,0.048671819269657135,0.049205348752439024
7585,0.04882144182920456,0.04920501295477152
7586,0.04944310337305069,0.049210565499961376
7587,0.04989646002650261,0.049213736318051815
7588,0.049418579787015915,0.04921756628900766
7589,0.04872617870569229,0.04920804183930159
7590,0.048847876489162445,0.04920125219970942
7591,0.048561833798885345,0.04919132214039564
7592,0.04952507093548775,0.049196745827794076
7593,0.04894958436489105,0.04919200912117958
7594,0.048429228365421295,0.04918818481266499
7595,0.04886157810688019,0.04918262030929327
7596,0.049315713346004486,0.0491830214112997
7597,0.04871656373143196,0.049181265346705916
7598,0.048991601914167404,0.04917642541229725
7599,0.048911213874816895,0.049169480204582214
7600,0.04869063198566437,0.049155315682291985
7601,0.04918798804283142,0.04915467407554388
7602,0.04888130724430084,0.04914578307420015
7603,0.04955479875206947,0.049137618765234946
7604,0.049193061888217926,0.04912915274500847
7605,0.048845067620277405,0.04913060020655394
7606,0.049030911177396774,0.04912983894348145
7607,0.04942038655281067,0.04912412043660879
7608,0.04952647164463997,0.049127750992774964
7609,0.0486443005502224,0.049122891426086425
7610,0.048140548169612885,0.049120156243443486
7611,0.04923727735877037,0.04910854250192642
7612,0.049552612006664276,0.0491110759973526
7613,0.04882224649190903,0.0491041923686862
7614,0.04912848770618439,0.049091853015124795
7615,0.04898764193058014,0.0490844888612628
7616,0.04924856126308441,0.04908744405955076
7617,0.04936681687831879,0.049092124365270134
7618,0.04867711290717125,0.04909079872071743
7619,0.04881872609257698,0.04908947616815567
7620,0.04902873933315277,0.04908696796745062
7621,0.04903256148099899,0.049090436287224294
7622,0.04929007589817047,0.04908974397927523
7623,0.049212221056222916,0.04908728495240212
7624,0.04873710498213768,0.049084157682955265
7625,0.04897366836667061,0.04908177010715008
7626,0.04934438318014145,0.04908263456076384
7627,0.04906509071588516,0.04908754095435142
7628,0.04857195168733597,0.04908533617854118
7629,0.048536598682403564,0.04907694734632969
7630,0.04923823103308678,0.04907946143299341
7631,0.04898698627948761,0.049079597033560275
7632,0.048470593988895416,0.04906966160982847
7633,0.04878021776676178,0.049065078459680084
7634,0.0490029901266098,0.04906785625964403
7635,0.04899346083402634,0.04906915865838528
7636,0.04943953454494476,0.04906516678631306
7637,0.04882658272981644,0.0490658912807703
7638,0.04835379868745804,0.049053900390863416
7639,0.04901553690433502,0.04904792182147503
7640,0.04963906854391098,0.04905861400067806
7641,0.04871654510498047,0.049053810834884644
7642,0.04900818318128586,0.0490523424744606
7643,0.04971609264612198,0.04906060762703419
7644,0.04932187497615814,0.04906180582940579
7645,0.048808902502059937,0.04906508482992649
7646,0.04827020689845085,0.049055320732295515
7647,0.04904094710946083,0.049057153277099134
7648,0.048311661928892136,0.04904348164796829
7649,0.048520758748054504,0.04903673104941845
7650,0.04872412607073784,0.04902028691023588
7651,0.04908216372132301,0.04901568047702312
7652,0.049033768475055695,0.049012033194303514
7653,0.04843960702419281,0.04899717696011066
7654,0.04929209500551224,0.049003710970282555
7655,0.048476941883563995,0.04899761777371168
7656,0.049131568521261215,0.048993417620658876
7657,0.048233404755592346,0.048981764242053034
7658,0.04874790459871292,0.04897822134196758
7659,0.04843864589929581,0.048973180055618286
7660,0.04871397465467453,0.04896802648901939
7661,0.04923021048307419,0.04897062070667744
7662,0.04910124093294144,0.04896138086915016
7663,0.048845864832401276,0.04895873572677374
7664,0.049721091985702515,0.04896977242082357
7665,0.04866394028067589,0.04896976757794619
7666,0.049037329852581024,0.048971640579402446
7667,0.04862065985798836,0.04896599937230348
7668,0.04992164298892021,0.048977244459092614
7669,0.049774542450904846,0.048991514518857
7670,0.0488632395863533,0.048990508541464806
7671,0.049530260264873505,0.048990405425429345
7672,0.04886647313833237,0.04898846082389355
7673,0.04894314333796501,0.04899069469422102
7674,0.049015168100595474,0.048987684845924376
7675,0.04849773645401001,0.04897601932287216
7676,0.049198418855667114,0.04897460479289293
7677,0.04872283339500427,0.048974487818777564
7678,0.04845527559518814,0.04896761797368526
7679,0.05031454190611839,0.04898506049066782
7680,0.050339121371507645,0.048996908441185955
7681,0.05056627094745636,0.04901657205075025
7682,0.04922362416982651,0.049018392600119115
7683,0.04973120242357254,0.04902795407921076
7684,0.049710776656866074,0.04903834365308285
7685,0.048918772488832474,0.04903931695967913
7686,0.04954899847507477,0.04904037591069937
7687,0.0498882457613945,0.04904029376804828
7688,0.04956943914294243,0.04904180236160755
7689,0.05022750794887543,0.04905681565403938
7690,0.04865913838148117,0.04905492827296257
7691,0.048401594161987305,0.04905332587659359
7692,0.04918861389160156,0.04904996130615473
7693,0.04869765788316727,0.04904744204133749
7694,0.0492565780878067,0.04905571553856134
7695,0.048509322106838226,0.04905219297856092
7696,0.048756904900074005,0.04904660489410162
7697,0.04829002916812897,0.04904233954846859
7698,0.04841624200344086,0.049036585949361326
7699,0.048270970582962036,0.049030183516442775
7700,0.04893156886100769,0.04903259288519621
7701,0.04877385497093201,0.049028451554477215
7702,0.04866199195384979,0.0490262584015727
7703,0.04826975613832474,0.049013407975435255
7704,0.04857215657830238,0.0490071989223361
7705,0.04860540106892586,0.049004802256822584
7706,0.04884457588195801,0.0490029389038682
7707,0.0491262786090374,0.048999997824430465
7708,0.04850225895643234,0.04898975569754839
7709,0.04875046759843826,0.04899081736803055
7710,0.048059288412332535,0.04899000477045774
7711,0.048948392271995544,0.04898711591959
7712,0.049207717180252075,0.048983666971325876
7713,0.04879230633378029,0.048983367569744585
7714,0.048732057213783264,0.04897940326482057
7715,0.049122847616672516,0.0489807553216815
7716,0.0487893745303154,0.04897616345435381
7717,0.04869646951556206,0.04896945998072624
7718,0.04932818189263344,0.04897597067058086
7719,0.048468850553035736,0.04897247191518545
7720,0.04855502396821976,0.048967734761536125
7721,0.048185743391513824,0.04895926658064127
7722,0.04879501089453697,0.04895431593060493
7723,0.048531703650951385,0.048947510756552216
7724,0.04940609633922577,0.0489542006701231
7725,0.048832252621650696,0.0489527865126729
7726,0.04941488802433014,0.04895349156111479
7727,0.04884255677461624,0.0489512662217021
7728,0.048649244010448456,0.04895203914493322
7729,0.04860459268093109,0.0489527190849185
7730,0.04835733771324158,0.048943910151720046
7731,0.048893705010414124,0.04894297733902931
7732,0.048956193029880524,0.04894783332943917
7733,0.048065558075904846,0.048940686732530596
7734,0.0492701530456543,0.04894335836172104
7735,0.04885867238044739,0.04894201047718525
7736,0.04778571426868439,0.04892547227442265
7737,0.04933971166610718,0.048930603563785556
7738,0.04864675551652908,0.04893353313207626
7739,0.049108877778053284,0.048934466540813445
7740,0.049114763736724854,0.048929223492741585
7741,0.04930555447936058,0.04893511358648538
7742,0.04869311302900314,0.04893196288496256
7743,0.049022287130355835,0.048925024829804896
7744,0.04846769571304321,0.04891648303717375
7745,0.04923475161194801,0.04892074152827263
7746,0.048179078847169876,0.04891983024775982
7747,0.0484035387635231,0.04891345616430044
7748,0.04890422523021698,0.04891938179731369
7749,0.04884350299835205,0.048922609239816665
7750,0.04845229908823967,0.048919890969991685
7751,0.04842623695731163,0.04891333170235157
7752,0.04846114665269852,0.048907605484128
7753,0.04818469285964966,0.048905056342482565
7754,0.04858797788619995,0.048898015171289444
7755,0.048992909491062164,0.04890317484736442
7756,0.048404112458229065,0.0488959002867341
7757,0.0487857311964035,0.048901423551142215
7758,0.04937820881605148,0.048907726593315604
7759,0.048646777868270874,0.04890980791300535
7760,0.04864296317100525,0.04890909779816866
7761,0.04910442233085632,0.04890783991664648
7762,0.0487908199429512,0.048904735706746576
7763,0.04902413487434387,0.048906518407166005
7764,0.04932059347629547,0.048902513422071935
7765,0.0486735999584198,0.04890261001884937
7766,0.04823435842990875,0.048894580304622653
7767,0.048823412507772446,0.048896607831120494
7768,0.048738449811935425,0.04888477589935064
7769,0.048513807356357574,0.04887216854840517
7770,0.048217397183179855,0.048865710124373435
7771,0.04865463078022003,0.0488569538295269
7772,0.04839988052845001,0.04885228790342808
7773,0.04914093762636185,0.04885426584631205
7774,0.04873892292380333,0.048851503394544124
7775,0.04848042130470276,0.04885133024305105
7776,0.04908117279410362,0.04885015778243542
7777,0.04910875856876373,0.04885401703417301
7778,0.04804389178752899,0.04884990319609642
7779,0.0484158992767334,0.04883091676980257
7780,0.04839038476347923,0.04881142940372229
7781,0.04883662983775139,0.048794132992625236
7782,0.04920567572116852,0.04879395350813866
7783,0.04893486201763153,0.048785990104079247
7784,0.04787974804639816,0.048767679817974564
7785,0.048952508717775345,0.048768017180263995
7786,0.048346929252147675,0.04875599648803473
7787,0.047838859260082245,0.0487355026230216
7788,0.04891645908355713,0.048728972822427746
7789,0.049596406519412994,0.04872266180813312
7790,0.04839937016367912,0.04872006412595511
7791,0.04857928305864334,0.04872184101492166
7792,0.04842664673924446,0.0487142213433981
7793,0.048009105026721954,0.04870733581483364
7794,0.04816586151719093,0.04869642864912748
7795,0.048904672265052795,0.048700382150709626
7796,0.04892115294933319,0.04870202463120222
7797,0.04847307503223419,0.048703855089843276
7798,0.04885144904255867,0.048708207160234454
7799,0.04898318648338318,0.048715329319238665
7800,0.04887709021568298,0.04871478453278542
7801,0.05019974708557129,0.04872904345393181
7802,0.04823162406682968,0.04872473977506161
7803,0.0484427884221077,0.04872647009789944
7804,0.047767333686351776,0.04871842186897993
7805,0.04857503995299339,0.0487181182578206
7806,0.04880157485604286,0.04871768824756145
7807,0.04780856519937515,0.048704511113464834
7808,0.0486527681350708,0.04870601620525122
7809,0.048325687646865845,0.04870176840573549
7810,0.048816315829753876,0.0487093386799097
7811,0.048173338174819946,0.04870158813893795
7812,0.04924473166465759,0.04870195828378201
7813,0.049152061343193054,0.04870555583387613
7814,0.04809850454330444,0.048699220307171345
7815,0.047991711646318436,0.0486879089474678
7816,0.04841940477490425,0.04868420924991369
7817,0.04920951649546623,0.04868933971971273
7818,0.04893377795815468,0.04868539568036795
7819,0.04855448752641678,0.048686252050101755
7820,0.04867901653051376,0.048687491975724695
7821,0.04849563539028168,0.04869059089571238
7822,0.04890346899628639,0.04869167547672987
7823,0.04842599481344223,0.04869061838835478
7824,0.04814981669187546,0.04867805559188128
7825,0.04780573770403862,0.04866779044270515
7826,0.04824394732713699,0.048656081035733226
7827,0.04823180288076401,0.0486499734967947
7828,0.048663780093193054,0.048650118857622146
7829,0.04895547777414322,0.04865362770855427
7830,0.048489250242710114,0.04865494683384895
7831,0.048426225781440735,0.04865027204155922
7832,0.048788588494062424,0.04864859599620104
7833,0.0486895926296711,0.0486548363417387
7834,0.048121027648448944,0.048643345087766646
7835,0.04877033457159996,0.048642461709678175
7836,0.04872393608093262,0.048651843927800656
7837,0.04778510704636574,0.048636297881603244
7838,0.04843789339065552,0.04863420926034451
7839,0.04883553832769394,0.04863147586584091
7840,0.04894717037677765,0.04862979993224144
7841,0.048139169812202454,0.048618136085569856
7842,0.048495568335056305,0.04861616063863039
7843,0.048222146928310394,0.04860815923660994
7844,0.04841961711645126,0.04860767845064402
7845,0.04806285351514816,0.048595959469676014
7846,0.048305463045835495,0.04859722331166268
7847,0.0478711798787117,0.04859189972281456
7848,0.04900684207677841,0.04859292589128018
7849,0.04862423986196518,0.04859073325991631
7850,0.04872656241059303,0.04859347589313984
7851,0.0489213690161705,0.04859842721372843
7852,0.048657894134521484,0.048600394688546655
7853,0.04845321178436279,0.04860307987779379
7854,0.048493579030036926,0.04860213588923216
7855,0.048600390553474426,0.04859821069985628
7856,0.048697613179683685,0.04860114570707083
7857,0.04833567142486572,0.04859664510935545
7858,0.04810912162065506,0.048583954237401486
7859,0.0482698455452919,0.048580184914171695
7860,0.04835851117968559,0.0485773403942585
7861,0.04867901653051376,0.048573086336255074
7862,0.04869377613067627,0.048572115898132324
7863,0.04822934418916702,0.048564167991280556
7864,0.04906879737973213,0.04856165003031492
7865,0.04812353849411011,0.04855614941567182
7866,0.04860743135213852,0.048559880144894124
7867,0.048709239810705185,0.04855873841792345
7868,0.04884060472249985,0.0485597599670291
7869,0.04857374727725983,0.04856035936623812
7870,0.04859919846057892,0.048564177379012106
7871,0.0485101193189621,0.04856273226439953
7872,0.04884447902441025,0.04856717824935913
7873,0.048465486615896225,0.048560423739254475
7874,0.0479901023209095,0.04855293553322554
7875,0.04866698384284973,0.048554801158607004
7876,0.04848215728998184,0.04854881100356579
7877,0.04870125278830528,0.048544735945761204
7878,0.048109009861946106,0.04854538712650538
7879,0.04830663651227951,0.048544294498860836
7880,0.04940951615571976,0.04855448581278324
7881,0.04850473627448082,0.04855116687715053
7882,0.04849764704704285,0.04854408659040928
7883,0.04840315505862236,0.04853876952081919
7884,0.04787889122962952,0.0485387609526515
7885,0.048528920859098434,0.04853452507406473
7886,0.04842611029744148,0.04853531688451767
7887,0.048023805022239685,0.04853716634213925
7888,0.04815966263413429,0.04852959837764501
7889,0.04888002574443817,0.048522434569895266
7890,0.04766283184289932,0.04851506918668747
7891,0.04871698468923569,0.04851644620299339
7892,0.049082882702350616,0.04852300856262445
7893,0.04794091731309891,0.048522326685488226
7894,0.0480257049202919,0.048520925119519234
7895,0.04837614670395851,0.04851563986390829
7896,0.048211462795734406,0.0485085429623723
7897,0.048618413507938385,0.048509996347129346
7898,0.047819338738918304,0.04849967524409294
7899,0.048282310366630554,0.04849266648292541
7900,0.04806319996714592,0.04848452758044004
7901,0.04905568063259125,0.04847308691591024
7902,0.04909317567944527,0.0484817024320364
7903,0.04882970452308655,0.04848557159304619
7904,0.048306651413440704,0.04849096477031708
7905,0.04826575517654419,0.048487871922552585
7906,0.04856419563293457,0.048485498130321505
7907,0.04929269850254059,0.04850033946335316
7908,0.048548623919487,0.04849929802119732
7909,0.04853350669145584,0.048501376211643216
7910,0.04845723882317543,0.048497785441577436
7911,0.048917047679424286,0.048505222536623475
7912,0.04866283759474754,0.048499403595924376
7913,0.048423245549201965,0.048492115437984463
7914,0.04834902286529541,0.048494620621204375
7915,0.04857312887907028,0.048500434793531895
7916,0.048376113176345825,0.04850000187754631
7917,0.04777257516980171,0.04848563246428966
7918,0.04816635698080063,0.048477958254516125
7919,0.04858475923538208,0.04847826097160578
7920,0.048494402319192886,0.04847641482949257
7921,0.04804151505231857,0.04847187362611294
7922,0.04886484146118164,0.04847148735076189
7923,0.04822712391614914,0.04846949864178896
7924,0.04877579212188721,0.04847575839608908
7925,0.04913797974586487,0.04848908081650734
7926,0.04883714020252228,0.04849501274526119
7927,0.04859400540590286,0.04849863477051258
7928,0.0491318516433239,0.04850331548601389
7929,0.0480806939303875,0.048494567647576335
7930,0.048608459532260895,0.04849575974047184
7931,0.04825417697429657,0.048494039252400395
7932,0.04865961894392967,0.04849274955689907
7933,0.048567190766334534,0.0484915255382657
7934,0.048311591148376465,0.04849343117326498
7935,0.048614997416734695,0.04849187780171633
7936,0.049076057970523834,0.04849539902061224
7937,0.04850250482559204,0.048502572998404506
7938,0.04863838478922844,0.04850457791239023
7939,0.04765794426202774,0.04849280197173357
7940,0.04786355048418045,0.0484819657728076
7941,0.04865114390850067,0.04848708551377058
7942,0.04832502081990242,0.04848538003861904
7943,0.048655930906534195,0.04848971787840128
7944,0.04800295829772949,0.04848555129021406
7945,0.047878459095954895,0.04848370734602213
7946,0.04799032211303711,0.04848055593669415
7947,0.04826388135552406,0.048484482951462265
7948,0.0484352633357048,0.048478767164051535
7949,0.04795645922422409,0.04847208935767412
7950,0.048238202929496765,0.04846720576286316
7951,0.048004332929849625,0.04845803540199995
7952,0.04862133041024208,0.048457669764757155
7953,0.04837508499622345,0.048456888496875766
7954,0.04911567270755768,0.048463109433650974
7955,0.04817376285791397,0.048458843156695366
7956,0.047928646206855774,0.04845115348696709
7957,0.04880663380026817,0.048455863110721115
7958,0.04826129227876663,0.048457384817302225
7959,0.04771801084280014,0.048451866470277306
7960,0.04852700233459473,0.0484535513818264
7961,0.04886592924594879,0.04845542050898075
7962,0.04848591983318329,0.04845334194600582
7963,0.04844604432582855,0.04845550894737244
7964,0.04823850467801094,0.048447206020355224
7965,0.048352353274822235,0.04844949416816235
7966,0.04826834425330162,0.04844610329717398
7967,0.04845742508769035,0.048443585149943826
7968,0.04858343303203583,0.048441013433039186
7969,0.04864722490310669,0.048441748209297655
7970,0.048378899693489075,0.04843954522162676
7971,0.048412248492240906,0.048438566513359545
7972,0.0479181744158268,0.04842930346727371
7973,0.0484304279088974,0.04842895288020373
7974,0.04813655465841293,0.04843041740357876
7975,0.04727574437856674,0.04841650500893593
7976,0.048832185566425323,0.04842000529170036
7977,0.0482514426112175,0.048415507189929485
7978,0.048311747610569,0.04841753456741572
7979,0.04819034785032272,0.04841637168079615
7980,0.04808107390999794,0.04840308725833893
7981,0.04798427224159241,0.04839788261801004
7982,0.04833860322833061,0.04839629217982292
7983,0.04826335608959198,0.04839489419013262
7984,0.04840128496289253,0.048400118127465246
7985,0.04842361807823181,0.04839906509965658
7986,0.048371799290180206,0.04839852198958397
7987,0.048087336122989655,0.04839915730059147
7988,0.048461660742759705,0.04840217728167772
7989,0.048106614500284195,0.04839444316923618
7990,0.047982357442379,0.04839763842523098
7991,0.04891274869441986,0.048399596065282824
7992,0.04865950718522072,0.048395362310111524
7993,0.04806073009967804,0.04839656043797731
7994,0.04876146465539932,0.04840391803532839
7995,0.048293523490428925,0.04840309180319309
7996,0.048537999391555786,0.04840635716915131
7997,0.04870279133319855,0.04840720094740391
7998,0.047981709241867065,0.048408824652433395
7999,0.0487324520945549,0.04841332606971264
8000,0.04780908301472664,0.04841078490018844
8001,0.04877267777919769,0.04840795487165451
8002,0.047725334763526917,0.04839427646249533
8003,0.0482013113796711,0.04838799253106117
8004,0.04848847538232803,0.048389810770750045
8005,0.04762819781899452,0.04838343519717455
8006,0.048065558075904846,0.048378448821604254
8007,0.047633036971092224,0.04836185220628977
8008,0.048419561237096786,0.04836056157946587
8009,0.04796756058931351,0.04835490211844444
8010,0.04817923158407211,0.04835212204605341
8011,0.048519112169742584,0.048348142690956594
8012,0.048498526215553284,0.04834649957716465
8013,0.048632390797138214,0.04834859102964401
8014,0.04830097407102585,0.048348110541701315
8015,0.04827699810266495,0.04834514923393726
8016,0.048287153244018555,0.048344259634613994
8017,0.048701588064432144,0.048353549763560294
8018,0.04825308546423912,0.04835441704839468
8019,0.048372939229011536,0.04835229884833098
8020,0.0478520542383194,0.04834587536752224
8021,0.04783160611987114,0.04834377627819777
8022,0.048219628632068634,0.04833732414990664
8023,0.04830283671617508,0.0483380812779069
8024,0.04830050468444824,0.04833332840353251
8025,0.0482165664434433,0.04832411427050829
8026,0.048666004091501236,0.04832240290939808
8027,0.048979081213474274,0.04832625366747379
8028,0.048647813498973846,0.04832141328603029
8029,0.04806096851825714,0.04832121603190899
8030,0.04794447124004364,0.048314576148986814
8031,0.04777044802904129,0.04830973885953426
8032,0.0479084849357605,0.048302227519452574
8033,0.04799887537956238,0.04829654436558485
8034,0.04794279485940933,0.04829285640269518
8035,0.048086896538734436,0.04828757539391518
8036,0.048143137246370316,0.04827824618667364
8037,0.04782786965370178,0.04827149983495474
8038,0.04805108904838562,0.04826562687754631
8039,0.0484587624669075,0.04827363505959511
8040,0.0482768639922142,0.04827776819467545
8041,0.04808949679136276,0.04827215172350407
8042,0.048047102987766266,0.0482693725451827
8043,0.04756086319684982,0.04825842186808586
8044,0.04811818152666092,0.04825957410037517
8045,0.04821699857711792,0.0482629594951868
8046,0.04857635125517845,0.04826881978660822
8047,0.048503510653972626,0.048271216079592706
8048,0.0476326122879982,0.04826318956911564
8049,0.04817446321249008,0.0482653696089983
8050,0.047976769506931305,0.04826275527477265
8051,0.04811697080731392,0.04826388165354729
8052,0.04915940761566162,0.048269262425601485
8053,0.04835553094744682,0.04826906688511372
8054,0.048037201166152954,0.04825828216969967
8055,0.048038460314273834,0.048256929144263265
8056,0.048400044441223145,0.04826164312660694
8057,0.04844436049461365,0.0482580203935504
8058,0.04825087636709213,0.04825791623443365
8059,0.04797312617301941,0.048260467387735845
8060,0.04798300191760063,0.0482550273835659
8061,0.048254624009132385,0.04824891433119774
8062,0.04787617176771164,0.04824281685054302
8063,0.04771879315376282,0.048235544338822364
8064,0.048627819865942,0.04823943749070168
8065,0.04863309860229492,0.0482422449439764
8066,0.047874342650175095,0.04823830492794514
8067,0.04834843799471855,0.04823721505701542
8068,0.04760599881410599,0.04822744071483612
8069,0.04775984585285187,0.04821856692433357
8070,0.04769444465637207,0.0482117223739624
8071,0.047892581671476364,0.04820652570575476
8072,0.04862464964389801,0.04821359045803547
8073,0.04742737114429474,0.04820355989038944
8074,0.048161596059799194,0.04820381030440331
8075,0.04782116040587425,0.04820926446467638
8076,0.0478755384683609,0.048199697993695736
8077,0.04740213602781296,0.04819120492786169
8078,0.04904314503073692,0.04819851890206337
8079,0.0473288968205452,0.0481899043917656
8080,0.0481676422059536,0.04819077007472515
8081,0.04746320843696594,0.04818555943667888
8082,0.0480445995926857,0.04818261940032244
8083,0.04758770763874054,0.048175862915813925
8084,0.04831891506910324,0.04817503921687603
8085,0.048167839646339417,0.048172481432557104
8086,0.048459313809871674,0.04817335657775402
8087,0.048470839858055115,0.04817719161510468
8088,0.047069206833839417,0.048163267076015474
8089,0.04752388969063759,0.04815743982791901
8090,0.04851418733596802,0.048162758126854895
8091,0.049173738807439804,0.048165368027985093
8092,0.04822440445423126,0.0481610170006752
8093,0.04797716811299324,0.04816018138080835
8094,0.04865361005067825,0.048159102834761144
8095,0.04764452576637268,0.04815261285752058
8096,0.047760725021362305,0.04814484011381864
8097,0.04841909930109978,0.04814200319349766
8098,0.048673294484615326,0.04814891904592514
8099,0.04732571542263031,0.04813485167920589
8100,0.04772229120135307,0.04813398376107216
8101,0.04801345616579056,0.048126391544938085
8102,0.047560855746269226,0.04812474675476551
8103,0.04807177931070328,0.048123451434075835
8104,0.047716882079839706,0.04811573550105095
8105,0.04793044179677963,0.0481187579408288
8106,0.04694183170795441,0.048107520677149296
8107,0.048295848071575165,0.04811414878815413
8108,0.047679509967565536,0.04810674827545881
8109,0.048418961465358734,0.04811126228421927
8110,0.04844324663281441,0.04811390243470669
8111,0.04826799035072327,0.048111391216516496
8112,0.047664791345596313,0.04810305386781692
8113,0.047581933438777924,0.048092549294233324
8114,0.04785612225532532,0.048088100776076316
8115,0.0479702353477478,0.04808503314852715
8116,0.047661200165748596,0.048078773617744444
8117,0.048046648502349854,0.04807222422212362
8118,0.04750753194093704,0.0480647686868906
8119,0.047567855566740036,0.04805671785026789
8120,0.048028379678726196,0.04805848110467195
8121,0.04767259210348129,0.048056890964508055
8122,0.047661371529102325,0.0480513083934784
8123,0.04769381880760193,0.048045218214392664
8124,0.04773839935660362,0.048039597161114216
8125,0.04733899235725403,0.04803082142025232
8126,0.04845460504293442,0.04802870742976666
8127,0.04808416962623596,0.048019758313894274
8128,0.04760754853487015,0.04800935566425323
8129,0.04810287803411484,0.04800977475941181
8130,0.04768873006105423,0.048007217347621915
8131,0.04734096676111221,0.04800292253494263
8132,0.047915540635585785,0.04800299309194088
8133,0.047552041709423065,0.04799852475523949
8134,0.04787207022309303,0.04799781750887632
8135,0.0475640669465065,0.047992589212954045
8136,0.04787106439471245,0.04798986848443747
8137,0.04763305187225342,0.04798792030662298
8138,0.048090025782585144,0.047988309673964974
8139,0.047956570982933044,0.047983287759125234
8140,0.047578200697898865,0.04797630112618208
8141,0.047703661024570465,0.04797244276851416
8142,0.04717618227005005,0.04796373356133699
8143,0.0478859469294548,0.047966984398663044
8144,0.04758210480213165,0.04796162363141775
8145,0.047242194414138794,0.04795187558978796
8146,0.04762384667992592,0.047942350544035436
8147,0.04821866750717163,0.04793950211256742
8148,0.04726424068212509,0.04793581839650869
8149,0.047812461853027344,0.047932198382914064
8150,0.048152949661016464,0.04793396018445492
8151,0.047716204077005386,0.04792995251715183
8152,0.04746104031801224,0.04791296884417534
8153,0.04821167513728142,0.047911530286073686
8154,0.047669872641563416,0.04790785700082779
8155,0.047949835658073425,0.04790697075426578
8156,0.04806045442819595,0.04790357485413552
8157,0.048190291970968246,0.047901034168899057
8158,0.04769592732191086,0.047895484678447245
8159,0.04756802320480347,0.04789143364876509
8160,0.04719452187418938,0.04788354884833097
8161,0.047847434878349304,0.047879476957023145
8162,0.04764997959136963,0.047877215035259726
8163,0.04783710837364197,0.04787839818745852
8164,0.04800693690776825,0.04787218935787678
8165,0.04742668941617012,0.04786012526601553
8166,0.047677181661129,0.04785815365612507
8167,0.04743984341621399,0.047849067710340025
8168,0.04772179573774338,0.0478502256795764
8169,0.04788791015744209,0.0478515063226223
8170,0.04797525331377983,0.04785431440919638
8171,0.047163233160972595,0.04784702092409134
8172,0.04790469631552696,0.04783982139080763
8173,0.04770559445023537,0.04784260362386703
8174,0.04763510078191757,0.04783733867108822
8175,0.048167191445827484,0.04784079898148775
8176,0.047370851039886475,0.047835752107203006
8177,0.04831980541348457,0.04784492880105972
8178,0.04836894944310188,0.04783818684518337
8179,0.04805729538202286,0.04784547083079815
8180,0.048075780272483826,0.04784455221146345
8181,0.04755150526762009,0.047845435179769996
8182,0.04778653010725975,0.04784285448491574
8183,0.04769069328904152,0.047843884341418744
8184,0.047243379056453705,0.047833128981292244
8185,0.04827585071325302,0.047834209091961385
8186,0.048192039132118225,0.04783153634518385
8187,0.04769602417945862,0.04782378818839789
8188,0.0477445051074028,0.04783054117113352
8189,0.04792027175426483,0.04783450499176979
8190,0.04798757657408714,0.047829238884150985
8191,0.04819206893444061,0.04781942218542099
8192,0.04878555238246918,0.04782503366470337
8193,0.04716724902391434,0.04781693447381258
8194,0.04833561182022095,0.04781375449150801
8195,0.04764045402407646,0.04781371377408505
8196,0.04781567305326462,0.04781426325440407
8197,0.04811394587159157,0.047811211720108986
8198,0.04767519608139992,0.04780123073607683
8199,0.04757212847471237,0.047803694866597655
8200,0.04749009758234024,0.047801372930407524
8201,0.04794826731085777,0.047800721041858195
8202,0.0474555529654026,0.04779966801404953
8203,0.04804864525794983,0.047799436673521996
8204,0.04727993160486221,0.04779506716877222
8205,0.0481707826256752,0.04779747057706118
8206,0.047974467277526855,0.0478077969327569
8207,0.047848328948020935,0.04780332174152136
8208,0.0477852001786232,0.047804378643631934
8209,0.04755783453583717,0.04779576737433672
8210,0.04754237085580826,0.04778675861656666
8211,0.04798077791929245,0.04778388649225235
8212,0.04783608019351959,0.04778559938073158
8213,0.04757062718272209,0.047785486318171026
8214,0.047737255692481995,0.04778429765254259
8215,0.04739592224359512,0.047778554521501065
8216,0.04732648283243179,0.0477752073481679
8217,0.04789107292890549,0.04777365159243345
8218,0.04727936536073685,0.04777136992663145
8219,0.04711952060461044,0.047766886577010156
8220,0.047450240701436996,0.047761105187237266
8221,0.047417137771844864,0.0477585506439209
8222,0.04764890670776367,0.04775842599570751
8223,0.04772293195128441,0.047758717127144336
8224,0.048197127878665924,0.04776330441236496
8225,0.04798651486635208,0.04776977963745594
8226,0.04722130671143532,0.04775744665414095
8227,0.04737985134124756,0.047750403471291065
8228,0.047438349574804306,0.04774871148169041
8229,0.04796868562698364,0.047747369557619095
8230,0.04794596880674362,0.04774994194507599
8231,0.047352708876132965,0.0477500593662262
8232,0.04795258492231369,0.04775042980909348
8233,0.047819510102272034,0.04775310449302197
8234,0.04719705134630203,0.04774635430425406
8235,0.04734812304377556,0.04774419486522675
8236,0.04825436323881149,0.04774802785366774
8237,0.04796404764056206,0.047751337811350825
8238,0.04865715652704239,0.04775700911879539
8239,0.04708811268210411,0.047748324535787104
8240,0.04794195294380188,0.04775196205824614
8241,0.047820791602134705,0.04775313336402178
8242,0.047610681504011154,0.04775747835636139
8243,0.04831020161509514,0.04776172090321779
8244,0.0473342165350914,0.04775924202054739
8245,0.046972572803497314,0.04775654580444098
8246,0.0474710576236248,0.04775501791387796
8247,0.04792678356170654,0.047752099074423314
8248,0.04873724281787872,0.04776682909578085
8249,0.047226373106241226,0.047760968208312986
8250,0.048249512910842896,0.04776193384081125
8251,0.04785807430744171,0.04776335254311562
8252,0.04784001410007477,0.04776714228093624
8253,0.047639451920986176,0.04776142004877329
8254,0.04700477793812752,0.04775476910173893
8255,0.04789415001869202,0.047754212245345116
8256,0.047240350395441055,0.04774601120501756
8257,0.047571081668138504,0.04773981910198927
8258,0.04793692007660866,0.047742229029536246
8259,0.0470869317650795,0.047737418115139006
8260,0.047455959022045135,0.04774003248661757
8261,0.04751140624284744,0.047736672200262543
8262,0.04830686002969742,0.047743241004645824
8263,0.048173874616622925,0.047746608667075634
8264,0.04779914394021034,0.04774453073740006
8265,0.04723774641752243,0.047742641307413576
8266,0.04705314710736275,0.04773640096187592
8267,0.04701515659689903,0.04773215409368277
8268,0.047598376870155334,0.047730919905006886
8269,0.0477677658200264,0.04772971846163273
8270,0.04779232293367386,0.04772788915783167
8271,0.04830151051282883,0.04773927193135023
8272,0.048145003616809845,0.04774167500436306
8273,0.047757603228092194,0.04774219509214163
8274,0.04839412122964859,0.04774978529661894
8275,0.04759169742465019,0.04774403035640717
8276,0.04782242700457573,0.04774854611605406
8277,0.047484830021858215,0.0477401963621378
8278,0.0470881387591362,0.04772738825529814
8279,0.04770694300532341,0.04772388473153114
8280,0.04719575121998787,0.04771508444100618
8281,0.047413911670446396,0.047713708505034445
8282,0.0476745143532753,0.0477125883474946
8283,0.047414638102054596,0.047709827795624736
8284,0.04813814163208008,0.047718775421381
8285,0.04736846685409546,0.04770970158278942
8286,0.047309570014476776,0.04770087689161301
8287,0.04725323244929314,0.04769644897431135
8288,0.04750317335128784,0.047694035656750206
8289,0.04771002382040024,0.047691933177411557
8290,0.04743070900440216,0.047686364501714706
8291,0.04743041843175888,0.04767874799668789
8292,0.04735327139496803,0.04766442518681288
8293,0.047334857285022736,0.047666101269423965
8294,0.04749960079789162,0.04765774115920067
8295,0.04744289070367813,0.047655765525996686
8296,0.047404974699020386,0.04765165854245424
8297,0.046883128583431244,0.04763935036957264
8298,0.048110589385032654,0.04764370430260897
8299,0.047705598175525665,0.0476450389996171
8300,0.04694055765867233,0.04763954360038042
8301,0.04785043001174927,0.04763856522738934
8302,0.047209884971380234,0.04763610854744911
8303,0.0480215847492218,0.047635837942361835
8304,0.047568611800670624,0.04763872474431992
8305,0.04732438921928406,0.047630260810256
8306,0.047874968498945236,0.047629265822470186
8307,0.04707372188568115,0.04762151975184679
8308,0.04700060933828354,0.047613673843443394
8309,0.04816620796918869,0.04761975757777691
8310,0.04771016538143158,0.04762143552303314
8311,0.04755845665931702,0.047617212310433386
8312,0.046876855194568634,0.047607620060443875
8313,0.04715026170015335,0.04760341640561819
8314,0.047718457877635956,0.04760322842746973
8315,0.04735793173313141,0.04760284852236509
8316,0.0474819540977478,0.04760440323501825
8317,0.04775351658463478,0.047603027671575544
8318,0.04798378050327301,0.04761007182300091
8319,0.047072283923625946,0.04760959945619106
8320,0.04734092205762863,0.04760850626975298
8321,0.04716704785823822,0.04760600537061691
8322,0.04735759273171425,0.04760309223085642
8323,0.047101713716983795,0.04759688004851341
8324,0.04786466062068939,0.04759355537593365
8325,0.04806702211499214,0.047594360448420046
8326,0.04810747131705284,0.047603222094476226
8327,0.04782336950302124,0.04760765727609396
8328,0.046741239726543427,0.04760068617761135
8329,0.048121482133865356,0.04760221414268017
8330,0.04773979261517525,0.04760015238076448
8331,0.04792489483952522,0.04760587424039841
8332,0.046944182366132736,0.0475957902148366
8333,0.047364816069602966,0.047591243274509906
8334,0.048207350075244904,0.047601346261799335
8335,0.04705217480659485,0.04759838677942753
8336,0.04714285209774971,0.04758727166801691
8337,0.047387927770614624,0.04758151046931744
8338,0.04750121384859085,0.04756995104253292
8339,0.04748621582984924,0.047573932074010374
8340,0.047689639031887054,0.04757140893489122
8341,0.04714752733707428,0.04756467629224062
8342,0.04691476374864578,0.04755771711468697
8343,0.046859871596097946,0.04754321381449699
8344,0.04759010672569275,0.047545772716403006
8345,0.04762639105319977,0.04755231089890003
8346,0.04749254137277603,0.04755252573639154
8347,0.04738160967826843,0.047547073997557164
8348,0.04735015705227852,0.04753320313990116
8349,0.047469187527894974,0.047535631284117696
8350,0.047468457370996475,0.047527820728719236
8351,0.047206468880176544,0.04752130467444658
8352,0.04692625626921654,0.047512167096138
8353,0.047714170068502426,0.047512914277613165
8354,0.04794581979513168,0.047522324696183206
8355,0.04700980708003044,0.04751348126679659
8356,0.04781671613454819,0.04751924492418766
8357,0.0471586175262928,0.047515120282769205
8358,0.04755299538373947,0.047511281035840514
8359,0.048247240483760834,0.047522884123027326
8360,0.04722069948911667,0.04752053152769804
8361,0.04739021509885788,0.047519319616258146
8362,0.04731583595275879,0.04750940937548876
8363,0.04758379980921745,0.0475035086274147
8364,0.04691917449235916,0.04749470893293619
8365,0.0474860854446888,0.04749719232320786
8366,0.047406502068042755,0.047500725872814654
8367,0.04756072163581848,0.04750618152320385
8368,0.04735586792230606,0.047503756433725355
8369,0.04737899824976921,0.047499868758022784
8370,0.04741470888257027,0.04749609261751175
8371,0.04687611758708954,0.047481838688254355
8372,0.04801587015390396,0.0474805473536253
8373,0.048055458813905716,0.04748352590948343
8374,0.04766586795449257,0.04747624337673187
8375,0.047306306660175323,0.04747338946908712
8376,0.04770150035619736,0.04747218020260334
8377,0.047361552715301514,0.04747094742953777
8378,0.04738182574510574,0.047473884299397466
8379,0.04745977744460106,0.04747141264379025
8380,0.04747501760721207,0.047474205307662484
8381,0.04745824262499809,0.047474648617208
8382,0.04700233042240143,0.047467926777899266
8383,0.047538407146930695,0.04746916446834803
8384,0.04699685797095299,0.04745775163173675
8385,0.046934179961681366,0.047453408762812614
8386,0.04748371243476868,0.047455150187015537
8387,0.047231514006853104,0.04745493300259113
8388,0.047583021223545074,0.047455731481313705
8389,0.04687657207250595,0.047447396963834765
8390,0.04718007147312164,0.04744489058852196
8391,0.047380801290273666,0.04744439441710711
8392,0.047750186175107956,0.0474483635649085
8393,0.047377415001392365,0.0474487891420722
8394,0.04707978293299675,0.04744459096342325
8395,0.04741561412811279,0.0474443181976676
8396,0.047826893627643585,0.04744853738695383
8397,0.04747947305440903,0.04745450083166361
8398,0.04702483117580414,0.04744364324957132
8399,0.048261117190122604,0.047449198439717295
8400,0.04867527261376381,0.04746654558926821
8401,0.04759993404150009,0.04746404062956572
8402,0.047253984957933426,0.047464481629431246
8403,0.047506727278232574,0.04745933305472136
8404,0.04771260544657707,0.04746077299118042
8405,0.04726807028055191,0.0474602098017931
8406,0.04724391922354698,0.047453899309039115
8407,0.04662178456783295,0.04744937993586063
8408,0.04707508534193039,0.0474501246958971
8409,0.04719589650630951,0.04744042158126831
8410,0.04701311141252518,0.04743345104157925
8411,0.047491371631622314,0.0474327801913023
8412,0.04716791957616806,0.0474356908351183
8413,0.047777824103832245,0.047441966459155084
8414,0.0475771427154541,0.047440553307533266
8415,0.04733864217996597,0.04744036041200161
8416,0.048152051866054535,0.04744706138968468
8417,0.047505903989076614,0.0474445852637291
8418,0.04802586883306503,0.04744500614702701
8419,0.04745514690876007,0.047448834776878356
8420,0.04710453748703003,0.04744647093117237
8421,0.04720132797956467,0.047446813732385636
8422,0.047431476414203644,0.04744755256921053
8423,0.04741625487804413,0.04745069798082113
8424,0.047787800431251526,0.04744992937892675
8425,0.047431182116270065,0.04744357097893953
8426,0.04761327803134918,0.047438629046082495
8427,0.04797286540269852,0.04744012400507927
8428,0.04705873876810074,0.04744329899549484
8429,0.046516261994838715,0.04742724679410457
8430,0.04721899330615997,0.04742203880101442
8431,0.04746948555111885,0.04741748470813036
8432,0.047375865280628204,0.047421801537275314
8433,0.04718213528394699,0.04741997472941875
8434,0.046871937811374664,0.04740662060678005
8435,0.04721824824810028,0.0474082813411951
8436,0.04721679538488388,0.047409020774066446
8437,0.047217369079589844,0.0474073151871562
8438,0.04729791730642319,0.04740528222173453
8439,0.047413744032382965,0.04740455750375986
8440,0.047474153339862823,0.04740240264683962
8441,0.04716899245977402,0.047402617298066614
8442,0.04688165336847305,0.04740228619426489
8443,0.04743492603302002,0.04740803673863411
8444,0.04681354761123657,0.04740027114748955
8445,0.04707426577806473,0.0473947498947382
8446,0.047083333134651184,0.04739065781235695
8447,0.046624571084976196,0.047383087426424025
8448,0.047227200120687485,0.04738185785710811
8449,0.04725158214569092,0.047379681803286076
8450,0.04765515774488449,0.047381548807024956
8451,0.047634489834308624,0.047385829016566273
8452,0.04746335744857788,0.04739120002835989
8453,0.04703208804130554,0.04738437920808792
8454,0.047052569687366486,0.04737544670701027
8455,0.04781561344861984,0.047383504770696167
8456,0.04724787175655365,0.04737781632691622
8457,0.04684275761246681,0.047374657727777957
8458,0.04740593582391739,0.04737318713217974
8459,0.04670654609799385,0.04735778018832207
8460,0.046761851757764816,0.047353191711008547
8461,0.04722873866558075,0.04735157694667578
8462,0.04667302593588829,0.04734514884650707
8463,0.04744815081357956,0.047343792356550694
8464,0.04784349352121353,0.047353035546839235
8465,0.04726901650428772,0.047350864857435226
8466,0.04840488359332085,0.047360848672688007
8467,0.046792905777692795,0.04735317051410675
8468,0.04727594554424286,0.04735237129032612
8469,0.04737097769975662,0.04735229108482599
8470,0.047389522194862366,0.047352039217948914
8471,0.04670806601643562,0.04735035870224238
8472,0.04753734543919563,0.04734557345509529
8473,0.04721696302294731,0.047337188497185705
8474,0.04728780686855316,0.04733340788632631
8475,0.04658959060907364,0.047326240725815295
8476,0.04741905629634857,0.04732341628521681
8477,0.04763871431350708,0.047326187901198864
8478,0.04683008790016174,0.04732067052274942
8479,0.046857938170433044,0.047314652130007746
8480,0.047275375574827194,0.0473126557096839
8481,0.04731718450784683,0.04731124512851238
8482,0.0474139079451561,0.04731536090373993
8483,0.04706650227308273,0.04731064185500145
8484,0.04689112678170204,0.04730958454310894
8485,0.0465368926525116,0.04730561167001724
8486,0.04723084717988968,0.04730308301746845
8487,0.047451406717300415,0.047305281944572924
8488,0.04701196402311325,0.047299571372568606
8489,0.047253407537937164,0.04730333972722292
8490,0.047289811074733734,0.04730443712323904
8491,0.046768657863140106,0.0472983156889677
8492,0.04741562902927399,0.04729497011750936
8493,0.04796353727579117,0.047300831340253355
8494,0.04709015414118767,0.04730093505233526
8495,0.046687833964824677,0.04729365725070238
8496,0.046712618321180344,0.04728251449763775
8497,0.04694759100675583,0.04727719567716122
8498,0.046753980219364166,0.047274487167596815
8499,0.0467851385474205,0.0472597273811698
8500,0.047337017953395844,0.04724634483456611
8501,0.04742393270134926,0.04724458482116461
8502,0.047438349574804306,0.04724642846733332
8503,0.04785486310720444,0.047249909825623035
8504,0.04720489680767059,0.04724483273923397
8505,0.04750066250562668,0.04724715866148472
8506,0.046608276665210724,0.04724080223590135
8507,0.047059375792741776,0.04724517814815044
8508,0.04651516675949097,0.04723957896232605
8509,0.04675193876028061,0.04723513938486576
8510,0.046790704131126404,0.047232915312051774
8511,0.047180358320474625,0.04722980517894029
8512,0.04701946675777435,0.047228320650756356
8513,0.04695018380880356,0.04722004424780607
8514,0.04687819257378578,0.04721305474638939
8515,0.04674772173166275,0.04720714554190636
8516,0.04647768288850784,0.04719040185213089
8517,0.046856410801410675,0.04718390692025423
8518,0.04689294472336769,0.04717257767915726
8519,0.046884533017873764,0.047166871540248394
8520,0.04685115069150925,0.04716433767229319
8521,0.04667920619249344,0.04715911645442247
8522,0.04757782071828842,0.04716057989746332
8523,0.046993158757686615,0.047156348936259744
8524,0.047182731330394745,0.04715029824525118
8525,0.046678997576236725,0.047142776399850844
8526,0.047124311327934265,0.04713788673281669
8527,0.04723791778087616,0.04713053725659847
8528,0.0472266748547554,0.04713221661746502
8529,0.04772575944662094,0.04714431159198284
8530,0.046944767236709595,0.04714156933128834
8531,0.04711879789829254,0.04713806245476007
8532,0.04712744802236557,0.047135578282177445
8533,0.04700365662574768,0.047133793495595454
8534,0.04759559780359268,0.047141030095517636
8535,0.04748671501874924,0.047143714763224126
8536,0.047282662242650986,0.0471443734318018
8537,0.04707156866788864,0.047142915427684784
8538,0.046723004430532455,0.04713716629892588
8539,0.04738190025091171,0.047136847861111164
8540,0.04703475162386894,0.047132453843951226
8541,0.04705868288874626,0.04713135074824095
8542,0.04751229286193848,0.0471376571431756
8543,0.047268107533454895,0.04713598895817995
8544,0.04677031561732292,0.047135556638240816
8545,0.04723264276981354,0.0471371404081583
8546,0.046703800559043884,0.04713334508240223
8547,0.04670203477144241,0.04713411971926689
8548,0.047708094120025635,0.047138928659260275
8549,0.04722345620393753,0.04713864739984274
8550,0.046847060322761536,0.04713056642562151
8551,0.04673365131020546,0.04712155804038048
8552,0.04686829820275307,0.04711560744792223
8553,0.04770854860544205,0.047122372053563594
8554,0.046543993055820465,0.047117286287248136
8555,0.04744889959692955,0.04711361914873123
8556,0.04754716157913208,0.04711661204695702
8557,0.046646662056446075,0.04711465109139681
8558,0.04722924157977104,0.04711288414895534
8559,0.04663046449422836,0.04711212333291769
8560,0.0465962179005146,0.047110466994345186
8561,0.0471029207110405,0.04710920881479978
8562,0.04656176269054413,0.04710809618234634
8563,0.04684089869260788,0.047102023661136624
8564,0.047326479107141495,0.047096853516995905
8565,0.04736924543976784,0.04709785580635071
8566,0.0472184494137764,0.04708599146455526
8567,0.04669714719057083,0.04708503387868404
8568,0.046889081597328186,0.0470811652392149
8569,0.04759126529097557,0.04708336811512709
8570,0.046565763652324677,0.04707513052970171
8571,0.04695343226194382,0.04707758419215679
8572,0.04671340063214302,0.047069344744086264
8573,0.046882279217243195,0.04706599790602922
8574,0.0473785400390625,0.04706690523773432
8575,0.04813201725482941,0.047082329504191875
8576,0.04769539833068848,0.04708509292453528
8577,0.04728322476148605,0.04708153802901507
8578,0.04756765067577362,0.04708891365677118
8579,0.047090381383895874,0.047091238088905814
8580,0.04734792560338974,0.04709196358919144
8581,0.04771474003791809,0.04709593914449215
8582,0.04693644866347313,0.04709116455167532
8583,0.047011543065309525,0.047090614959597585
8584,0.04655606299638748,0.04708726432174444
8585,0.046838581562042236,0.047090281210839746
8586,0.04703095555305481,0.0470882822945714
8587,0.04728730022907257,0.04708664122968912
8588,0.04789905250072479,0.047095512114465235
8589,0.04791216179728508,0.047102099657058714
8590,0.047829098999500275,0.04710749253630638
8591,0.04695067182183266,0.04710931267589331
8592,0.04706748574972153,0.04710583124309778
8593,0.04790842533111572,0.047105280123651026
8594,0.04729854315519333,0.047107364013791085
8595,0.04792918637394905,0.04711977753788233
8596,0.0473511777818203,0.04712616313248873
8597,0.046607017517089844,0.047122757397592065
8598,0.04681912809610367,0.04712340887635946
8599,0.04754948616027832,0.04713105235248804
8600,0.047023970633745193,0.04712792187929153
8601,0.04671604931354523,0.047120843045413495
8602,0.04686235636472702,0.04711508311331272
8603,0.04651398956775665,0.04710167437791824
8604,0.04697553068399429,0.04709938071668148
8605,0.047314733266830444,0.04709752142429352
8606,0.04681539908051491,0.04709959264844656
8607,0.047435276210308075,0.04710335165262222
8608,0.046899594366550446,0.047107195928692815
8609,0.046985141932964325,0.04710952796041965
8610,0.047107186168432236,0.04711269278079271
8611,0.047112226486206055,0.047112011462450025
8612,0.047164712101221085,0.047113463915884495
8613,0.04755580052733421,0.0471195200830698
8614,0.046778604388237,0.04711852420121431
8615,0.0474972277879715,0.0471260192617774
8616,0.04693089425563812,0.04713055137544871
8617,0.04730953648686409,0.04713508263230324
8618,0.04698542132973671,0.04713600739836693
8619,0.04656718671321869,0.047132833935320376
8620,0.046590931713581085,0.047130231745541096
8621,0.047480255365371704,0.04713824223726988
8622,0.04715899005532265,0.04713405393064022
8623,0.0471203476190567,0.04713532581925392
8624,0.04699151962995529,0.04713341370224953
8625,0.04707901179790497,0.04713741384446621
8626,0.04647956043481827,0.04713096633553505
8627,0.04675354063510895,0.047126122564077375
8628,0.04729124903678894,0.04712676830589771
8629,0.04688461124897003,0.0471183568239212
8630,0.04617372900247574,0.04711064644157886
8631,0.04703427851200104,0.04710980124771595
8632,0.04690489172935486,0.047107575684785845
8633,0.04710329324007034,0.04710857205092907
8634,0.046840015798807144,0.04710101623088121
8635,0.047509416937828064,0.047101243250072006
8636,0.04628455638885498,0.04709126219153404
8637,0.04692411795258522,0.04708978768438101
8638,0.046502064913511276,0.0470875782892108
8639,0.04681110382080078,0.04708187032490969
8640,0.04689594358205795,0.04708048224449158
8641,0.046946942806243896,0.04707936484366655
8642,0.04674796015024185,0.047071721516549585
8643,0.04731941223144531,0.04707223456352949
8644,0.04710937291383743,0.04707562513649464
8645,0.04682957008481026,0.047071594409644604
8646,0.046313535422086716,0.047067691758275035
8647,0.04656168073415756,0.04706628821790218
8648,0.04763435944914818,0.04706555087119341
8649,0.04724912345409393,0.04706580754369497
8650,0.046045273542404175,0.0470577896758914
8651,0.046858783811330795,0.047059041000902656
8652,0.04620729014277458,0.04705243092030287
8653,0.04674210399389267,0.04704276647418738
8654,0.046454280614852905,0.0470418693497777
8655,0.0462026372551918,0.04702940672636032
8656,0.04668503254652023,0.047020785436034204
8657,0.04655631631612778,0.04701988197863102
8658,0.04641040414571762,0.047011693604290486
8659,0.04714345932006836,0.04701682355254889
8660,0.04724453389644623,0.0470233067125082
8661,0.0465230830013752,0.047017508335411545
8662,0.046305976808071136,0.04701495047658682
8663,0.04643818363547325,0.047010923326015475
8664,0.04666128754615784,0.04700427141040563
8665,0.046839457005262375,0.04699897352606058
8666,0.0473283976316452,0.04700007300823927
8667,0.04624394699931145,0.04699554100632668
8668,0.04716808721423149,0.04699833106249571
8669,0.046662233769893646,0.04698904074728489
8670,0.04717389866709709,0.04699512209743261
8671,0.04730760678648949,0.04699866384267807
8672,0.046861276030540466,0.04700014259666205
8673,0.047118525952100754,0.04700250506401062
8674,0.04726024344563484,0.047001322098076344
8675,0.0465693324804306,0.04698569525033235
8676,0.047001831233501434,0.046978759579360485
8677,0.04692895710468292,0.04697521690279245
8678,0.04679538682103157,0.046967494264245034
8679,0.04767856001853943,0.046973376050591466
8680,0.04702700674533844,0.046970166862010956
8681,0.047668732702732086,0.046969706788659096
8682,0.04746774956583977,0.04697501979768276
8683,0.047038331627845764,0.04697528768330812
8684,0.04676831513643265,0.046977410204708574
8685,0.046933021396398544,0.046978354603052136
8686,0.04678427428007126,0.0469758877903223
8687,0.047252021729946136,0.04697553500533104
8688,0.047085415571928024,0.04696739863604307
8689,0.0471646785736084,0.04695992380380631
8690,0.04669022932648659,0.04694853510707617
8691,0.046887241303920746,0.04694790080189705
8692,0.047341085970401764,0.04695063680410385
8693,0.046841248869895935,0.04693996503949165
8694,0.04627536982297897,0.04692973330616951
8695,0.0471123568713665,0.04692156501114368
8696,0.046906307339668274,0.04691711630672216
8697,0.047120582312345505,0.04692225195467472
8698,0.04649341106414795,0.04691899478435516
8699,0.046557553112506866,0.04690907545387745
8700,0.04670688509941101,0.04690590459853411
8701,0.04736499860882759,0.04691239409148693
8702,0.046814292669296265,0.046911913454532626
8703,0.046887949109077454,0.046915653049945834
8704,0.0461171492934227,0.046907069236040114
8705,0.04657139256596565,0.04689963582903147
8706,0.04668216407299042,0.046898303478956224
8707,0.04687314108014107,0.04689268212765455
8708,0.04648957401514053,0.04688858192414045
8709,0.04716408997774124,0.046890371404588224
8710,0.046431854367256165,0.04688361808657646
8711,0.04622771590948105,0.046874772980809214
8712,0.04642719402909279,0.04686739780008793
8713,0.04652325063943863,0.046857072301208974
8714,0.047304630279541016,0.04686233256012201
8715,0.04653565213084221,0.04685271680355072
8716,0.04644819349050522,0.04684788979589939
8717,0.04645175114274025,0.046839311942458155
8718,0.047090597450733185,0.04684036370366812
8719,0.046410661190748215,0.046838798448443415
8720,0.04686794802546501,0.04684156861156225
8721,0.04680793359875679,0.0468348453938961
8722,0.04656696692109108,0.04682892516255379
8723,0.047105222940444946,0.04682877391576767
8724,0.046551644802093506,0.04682437516748905
8725,0.046722233295440674,0.046820807382464406
8726,0.04704618453979492,0.04682647362351418
8727,0.04672830179333687,0.04682622123509646
8728,0.046775490045547485,0.04682106364518404
8729,0.04709203541278839,0.04682313788682222
8730,0.04608277231454849,0.046822228319942955
8731,0.04639061540365219,0.046815791688859465
8732,0.0463215634226799,0.04680995840579271
8733,0.04655638337135315,0.04680448930710554
8734,0.04710345342755318,0.046807123683393
8735,0.0472896471619606,0.04680492598563433
8736,0.046302661299705505,0.04680510703474283
8737,0.04657097905874252,0.04680157564580441
8738,0.046633824706077576,0.04680289324373007
8739,0.046039801090955734,0.046795180216431614
8740,0.04652351513504982,0.04679145593196154
8741,0.045668166130781174,0.046778668165206906
8742,0.0467480905354023,0.046778669469058516
8743,0.04624614119529724,0.04676793675869703
8744,0.04564162343740463,0.04675325926393271
8745,0.045748576521873474,0.046742449328303334
8746,0.045628976076841354,0.04673560373485088
8747,0.045419368892908096,0.04672418061643839
8748,0.045481398701667786,0.046702651008963585
8749,0.04706985503435135,0.046700858324766156
8750,0.04569073021411896,0.04669731289148331
8751,0.0465732179582119,0.04669445723295212
8752,0.04653343930840492,0.04669771872460842
8753,0.045843519270420074,0.0466887328773737
8754,0.045477695763111115,0.04667896702885628
8755,0.04623153805732727,0.046679256036877635
8756,0.04610886424779892,0.04667349435389042
8757,0.046038612723350525,0.04666831731796264
8758,0.04539059102535248,0.046658119186758995
8759,0.04553064703941345,0.04664199106395245
8760,0.04483155161142349,0.04661786124110222
8761,0.04545920714735985,0.04660722248256206
8762,0.04608108848333359,0.04660497359931469
8763,0.04627414420247078,0.046603333204984665
8764,0.04545438289642334,0.04659126415848732
8765,0.04509524255990982,0.046573822014033796
8766,0.0448446124792099,0.04654898416250944
8767,0.045405901968479156,0.04654060371220112
8768,0.04521726816892624,0.04652109552174807
8769,0.0461009256541729,0.04651548244059086
8770,0.045657120645046234,0.04650031466037035
8771,0.04571342095732689,0.046484372802078726
8772,0.04554580897092819,0.046471218131482604
8773,0.04502343758940697,0.04645026724785566
8774,0.044918566942214966,0.04642685048282146
8775,0.04502948001027107,0.04641145195811987
8776,0.04445967078208923,0.04638603035360575
8777,0.044445596635341644,0.046361196748912335
8778,0.04573594778776169,0.046350602358579636
8779,0.044949762523174286,0.04632331438362598
8780,0.04482435807585716,0.04630128789693117
8781,0.04504747688770294,0.04627507533878088
8782,0.04474771022796631,0.04624787494540215
8783,0.045839861035346985,0.046235890239477155
8784,0.04474403336644173,0.04621564742177725
8785,0.04397524893283844,0.046186069697141646
8786,0.04493901878595352,0.04616761714220047
8787,0.044344790279865265,0.04613854482769966
8788,0.04452626407146454,0.04611295331269503
8789,0.044390060007572174,0.046085207127034664
8790,0.04449211806058884,0.04606322601437569
8791,0.04485200718045235,0.046042873673141
8792,0.044273316860198975,0.04601219598203898
8793,0.04415757954120636,0.04598535928875208
8794,0.04495276138186455,0.04597213320434093
8795,0.0443362258374691,0.04594437189400196
8796,0.045820653438568115,0.04593351535499096
8797,0.044303517788648605,0.04590534470975399
8798,0.045029446482658386,0.045890705063939094
8799,0.04435208439826965,0.04586865037679672
8800,0.04499432444572449,0.04585152477025986
8801,0.04435129091143608,0.04582138769328594
8802,0.04470260441303253,0.045800270810723305
8803,0.04414740204811096,0.04577286534011364
8804,0.044097743928432465,0.045752671286463736
8805,0.0446808822453022,0.045733766183257106
8806,0.04445385932922363,0.045711483135819436
8807,0.04444083943963051,0.04568716011941433
8808,0.044383421540260315,0.04566609859466553
8809,0.04432471841573715,0.04563770487904548
8810,0.04466060549020767,0.045619992390275005
8811,0.04414934664964676,0.04559920869767666
8812,0.0439850389957428,0.04557478714734316
8813,0.04436362534761429,0.045553190894424916
8814,0.04371066763997078,0.04551725126802921
8815,0.043489009141922,0.04548678483814001
8816,0.04406771808862686,0.045462980084121224
8817,0.04410538822412491,0.045439516454935075
8818,0.04432717338204384,0.04541188221424818
8819,0.04399697482585907,0.045387745350599286
8820,0.044690001755952835,0.04536596588790417
8821,0.04430874437093735,0.04534097399562597
8822,0.04429680109024048,0.045318272337317465
8823,0.04418190196156502,0.045289039127528664
8824,0.04419012367725372,0.04526542391628027
8825,0.04399416595697403,0.0452381432428956
8826,0.043711017817258835,0.04520479157567024
8827,0.04359269142150879,0.04517343547195196
8828,0.04421877861022949,0.045147868357598785
8829,0.04380631446838379,0.045115011148154735
8830,0.04380052164196968,0.04509218864142895
8831,0.04454658553004265,0.04507374834269285
8832,0.04404262825846672,0.04505095899105072
8833,0.044319234788417816,0.04502858750522137
8834,0.04341588541865349,0.04499171182513237
8835,0.04469025135040283,0.044965717867016794
8836,0.04395630210638046,0.04494225427508354
8837,0.044554732739925385,0.04492209181189537
8838,0.043974533677101135,0.04489549890160561
8839,0.04356108605861664,0.04487071175128222
8840,0.0449446365237236,0.04485492296516895
8841,0.04341039061546326,0.04483234521001577
8842,0.04444493353366852,0.04480931363999843
8843,0.043905723839998245,0.044785909466445444
8844,0.043802205473184586,0.04476751528680325
8845,0.04369419813156128,0.04474697150290012
8846,0.04346033185720444,0.04472528506070375
8847,0.043944019824266434,0.04471053157001734
8848,0.04350607097148895,0.04469077829271555
8849,0.043551646173000336,0.04465559620410204
8850,0.043919917196035385,0.0446378880739212
8851,0.04326724261045456,0.04460482832044363
8852,0.044421665370464325,0.04458371058106422
8853,0.044071685522794724,0.04456599224358797
8854,0.043164581060409546,0.04454286109656096
8855,0.044305332005023956,0.04452359903603792
8856,0.04382137209177017,0.044500724114477634
8857,0.04374513402581215,0.04447778932750225
8858,0.04431847482919693,0.0444670681655407
8859,0.04377857595682144,0.04444954745471477
8860,0.04470130056142807,0.04444824494421482
8861,0.043612249195575714,0.04442977536469698
8862,0.04363743215799332,0.044405338801443574
8863,0.04404497146606445,0.044383047074079515
8864,0.043709490448236465,0.044365598149597646
8865,0.044028326869010925,0.044354928992688655
8866,0.04431365802884102,0.04434961944818497
8867,0.044832825660705566,0.04434388868510723
8868,0.04430543631315231,0.044334770366549495
8869,0.04422749578952789,0.04431603606790304
8870,0.043695997446775436,0.044296424835920334
8871,0.04349786043167114,0.04427426923066378
8872,0.043383531272411346,0.04425264645367861
8873,0.043905116617679596,0.04424146324396133
8874,0.044353947043418884,0.044235817044973376
8875,0.04325082525610924,0.044218030497431754
8876,0.043822355568408966,0.044211657345294954
8877,0.0440496951341629,0.044207698330283166
8878,0.04357192665338516,0.0441860581189394
8879,0.04414413869380951,0.04417800188064575
8880,0.043182648718357086,0.04416158478707075
8881,0.04496203362941742,0.04416073035448789
8882,0.04342552274465561,0.04414750847965479
8883,0.0439591147005558,0.04412870101630688
8884,0.044472597539424896,0.04412598665803671
8885,0.043674126267433167,0.044122975431382654
8886,0.043956637382507324,0.0441131516173482
8887,0.04370419681072235,0.04410674568265677
8888,0.043089210987091064,0.04409237515181303
8889,0.0441613495349884,0.044090088047087195
8890,0.04376739263534546,0.04408284079283476
8891,0.04383482411503792,0.044072668962180615
8892,0.04362430050969124,0.04406617879867554
8893,0.04409441351890564,0.04406554713845253
8894,0.04396301880478859,0.04405564971268177
8895,0.043625786900520325,0.04404854532331228
8896,0.04408664628863335,0.044031205251812935
8897,0.04361937195062637,0.04402436379343271
8898,0.044190675020217896,0.044015976078808305
8899,0.04375584423542023,0.04401001367717981
8900,0.04383859783411026,0.043998456411063674
8901,0.04398266598582268,0.043994770161807535
8902,0.04349923133850098,0.04398273643106222
8903,0.043338485062122345,0.043974647261202336
8904,0.04372912645339966,0.04397096108645201
8905,0.042685531079769135,0.043951007574796676
8906,0.043297577649354935,0.04393944475799799
8907,0.04325149208307266,0.04392755128443241
8908,0.04317651316523552,0.043915482200682164
8909,0.043373577296733856,0.04390597078949213
8910,0.043407682329416275,0.043893441557884216
8911,0.043007344007492065,0.04388202153146267
8912,0.04362573102116585,0.0438784284517169
8913,0.04349224641919136,0.04386971466243267
8914,0.043799370527267456,0.04387060169130564
8915,0.04382362961769104,0.04387394789606333
8916,0.04455830156803131,0.04387885373085737
8917,0.04348423331975937,0.04387264218181372
8918,0.04396013170480728,0.04386897176504135
8919,0.04393361881375313,0.04386833820492029
8920,0.0436817966401577,0.04385825615376234
8921,0.04393049329519272,0.0438544736430049
8922,0.043158382177352905,0.04384308945387602
8923,0.042837709188461304,0.04382964752614498
8924,0.043805044144392014,0.043825796730816366
8925,0.04421442002058029,0.04382799927145243
8926,0.043933361768722534,0.043830222710967065
8927,0.04398462921380997,0.043834142088890075
8928,0.04342857748270035,0.043826240077614785
8929,0.0434882827103138,0.04382305976003408
8930,0.042915549129247665,0.04381421003490686
8931,0.04386453330516815,0.04380738951265812
8932,0.042913392186164856,0.0437960971519351
8933,0.043351124972105026,0.043786416053771975
8934,0.043386898934841156,0.04378612618893385
8935,0.04284191131591797,0.043767642788589
8936,0.0434085913002491,0.04376216568052769
8937,0.04366368427872658,0.0437532551959157
8938,0.04338105767965317,0.04374732043594122
8939,0.04288390278816223,0.04374054860323667
8940,0.04309482499957085,0.04372205048799515
8941,0.04270914942026138,0.04371503807604313
8942,0.04397893697023392,0.04371037811040878
8943,0.042986489832401276,0.043701185770332815
8944,0.04354991763830185,0.043698662891983986
8945,0.0431591272354126,0.0436933121830225
8946,0.0427660271525383,0.04368636913597584
8947,0.043117985129356384,0.04367810878902674
8948,0.04373682290315628,0.04368041630834341
8949,0.04265466704964638,0.04367144651710987
8950,0.0432455837726593,0.04366470318287611
8951,0.043460749089717865,0.04366663824766874
8952,0.04346499592065811,0.04365707155317068
8953,0.04343682527542114,0.04365072295069695
8954,0.04363906756043434,0.043655467815697194
8955,0.04329339787364006,0.04364534847438335
8956,0.04302934184670448,0.043637428171932696
8957,0.04278203099966049,0.04362779714167118
8958,0.04340431094169617,0.04361865550279617
8959,0.04364864155650139,0.043617356158792975
8960,0.04342040419578552,0.043604547195136546
8961,0.04314344376325607,0.04359985914081335
8962,0.04299189895391464,0.043593403808772566
8963,0.04378359019756317,0.04359078999608755
8964,0.04333656653761864,0.04358706075698137
8965,0.04274136573076248,0.043574191145598885
8966,0.042949460446834564,0.04356054916977883
8967,0.04404377564787865,0.04355265866965055
8968,0.04302528500556946,0.04353985715657473
8969,0.043696075677871704,0.043534542955458166
8970,0.04317155107855797,0.04352929849177599
8971,0.04286392033100128,0.04352295909076929
8972,0.04251062870025635,0.04351423006504774
8973,0.043256089091300964,0.04350773978978396
8974,0.042948588728904724,0.043493686206638814
8975,0.04288547486066818,0.0434900327026844
8976,0.04282339662313461,0.043480043113231656
8977,0.04328013211488724,0.0434723474830389
8978,0.04289012402296066,0.04346552945673466
8979,0.043131351470947266,0.04345540158450603
8980,0.04285276308655739,0.04345210272818804
8981,0.04306631162762642,0.04343314550817013
8982,0.0423789918422699,0.043422680199146274
8983,0.04237687215209007,0.043406857773661614
8984,0.043313104659318924,0.04339526284486055
8985,0.04330531135201454,0.04339157469570637
8986,0.04284880310297012,0.043380496352911
8987,0.04218984395265579,0.04336535282433033
8988,0.0431084930896759,0.04336554564535618
8989,0.04234834760427475,0.04334741562604904
8990,0.04253073036670685,0.04333504900336266
8991,0.04323364794254303,0.043329037241637704
8992,0.042751189321279526,0.04332030612975359
8993,0.04314489662647247,0.043310810960829255
8994,0.04229678213596344,0.043294148594141005
8995,0.043404094874858856,0.04329193167388439
8996,0.043121956288814545,0.0432822847738862
8997,0.041860658675432205,0.04326469764113426
8998,0.04272419214248657,0.043250032812356946
8999,0.04309146851301193,0.043243389055132864
9000,0.04284293204545975,0.04323343239724636
9001,0.04356741905212402,0.04322927992790938
9002,0.04445136711001396,0.043238801285624504
9003,0.04318278282880783,0.04323724426329136
9004,0.04235918074846268,0.04322354480624199
9005,0.04216526821255684,0.04321834217756987
9006,0.04309913143515587,0.043216357715427874
9007,0.04251914843916893,0.04320903427898884
9008,0.04256758838891983,0.04320294503122568
9009,0.04272808879613876,0.04319649014621973
9010,0.043014056980609894,0.04319255389273167
9011,0.041979704052209854,0.04318227749317884
9012,0.042742159217596054,0.043173441775143144
9013,0.04239176958799362,0.04316243700683117
9014,0.042517587542533875,0.04314961917698383
9015,0.04241509735584259,0.043135533854365346
9016,0.043287161737680435,0.04312282245606184
9017,0.04295603185892105,0.04311754044145346
9018,0.04225005954504013,0.04310043971985578
9019,0.0432337261736393,0.043093440793454646
9020,0.042924754321575165,0.04308587037026882
9021,0.04233773797750473,0.04306994281709194
9022,0.042553145438432693,0.04306389044970274
9023,0.04288233816623688,0.04306433673948049
9024,0.0427682027220726,0.0430539683252573
9025,0.04234825819730759,0.04303530670702457
9026,0.04306928813457489,0.043026665970683095
9027,0.042722318321466446,0.043014042861759666
9028,0.04291822761297226,0.04300893936306238
9029,0.04267289489507675,0.043000785484910015
9030,0.04274445027112961,0.04299907449632883
9031,0.042832497507333755,0.04298875413835049
9032,0.04227549210190773,0.04298237513750792
9033,0.041823484003543854,0.042967098727822305
9034,0.04243362694978714,0.042957566007971765
9035,0.043148621916770935,0.042960633113980295
9036,0.04230158030986786,0.04294956300407648
9037,0.04230567812919617,0.04293598294258118
9038,0.04231981188058853,0.04292537048459053
9039,0.04230857640504837,0.04291961722075939
9040,0.04119028151035309,0.04290057178586722
9041,0.04208047688007355,0.04289428506046534
9042,0.042312003672122955,0.042877615727484227
9043,0.042539551854133606,0.04287314634770155
9044,0.042055875062942505,0.04285820592194796
9045,0.042702216655015945,0.042853636816143986
9046,0.04251359775662422,0.04285111252218485
9047,0.041777562350034714,0.04283770829439163
9048,0.041990719735622406,0.04282024726271629
9049,0.04188085347414017,0.04281250912696123
9050,0.041360463947057724,0.042793657928705216
9051,0.04196872189640999,0.042778737656772134
9052,0.041295960545539856,0.042757047303020955
9053,0.04169189929962158,0.04273959804326296
9054,0.042257215827703476,0.04272577952593565
9055,0.042413193732500076,0.04271697748452425
9056,0.042218588292598724,0.042708869948983194
9057,0.04273203760385513,0.042708370015025136
9058,0.042265839874744415,0.042696985304355624
9059,0.04219105839729309,0.04268240947276354
9060,0.041535526514053345,0.042663560695946214
9061,0.041023191064596176,0.042642358168959615
9062,0.04168279841542244,0.042629267163574694
9063,0.04148612171411514,0.04260629247874022
9064,0.04230372607707977,0.04259596407413482
9065,0.04178031533956528,0.042586353570222855
9066,0.041240740567445755,0.042569266371428965
9067,0.042390331625938416,0.042552731931209564
9068,0.041273556649684906,0.04253521464765072
9069,0.041804239153862,0.042516296282410625
9070,0.041495487093925476,0.0424995356425643
9071,0.04232442006468773,0.04249414063990116
9072,0.04201604425907135,0.042489194795489314
9073,0.04259856045246124,0.04248261950910091
9074,0.04208074510097504,0.04247394107282162
9075,0.04180694743990898,0.042463155798614025
9076,0.04150586947798729,0.042449980527162555
9077,0.041612014174461365,0.042433299347758295
9078,0.041628897190093994,0.04242068707942963
9079,0.04273572564125061,0.04241673082113266
9080,0.04239628463983536,0.04241216603666544
9081,0.042398370802402496,0.0424054866284132
9082,0.041686538606882095,0.04239856209605932
9083,0.041302405297756195,0.04238781742751598
9084,0.041034549474716187,0.04236503187566996
9085,0.04248064011335373,0.042356785163283346
9086,0.04290271922945976,0.042357324324548244
9087,0.04127548635005951,0.042348180748522285
9088,0.041080642491579056,0.042327902242541314
9089,0.0414002388715744,0.04231842115521431
9090,0.04132183641195297,0.04230633221566677
9091,0.04112901911139488,0.04228528592735529
9092,0.04180518537759781,0.04227582588791847
9093,0.04224187135696411,0.04226679563522339
9094,0.04234885796904564,0.04226731639355421
9095,0.0405716747045517,0.04223899219185114
9096,0.04146840423345566,0.04222245667129755
9097,0.04120829701423645,0.042215933054685593
9098,0.04174000769853592,0.042206091210246086
9099,0.04126020893454552,0.04218777861446142
9100,0.0416722372174263,0.042176071666181085
9101,0.04224980250000954,0.04216289550065994
9102,0.041636377573013306,0.04213474560528994
9103,0.04174215346574783,0.04212033931165934
9104,0.04078581929206848,0.04210460569709539
9105,0.04180511087179184,0.042101004123687745
9106,0.04155632108449936,0.042085576020181176
9107,0.04093371331691742,0.042069721668958664
9108,0.0412331223487854,0.04205637700855732
9109,0.04221111163496971,0.04205120723694563
9110,0.04135819897055626,0.04203464865684509
9111,0.04092329740524292,0.042024084590375425
9112,0.043129436671733856,0.0420279573649168
9113,0.04124215245246887,0.042016461193561554
9114,0.041058190166950226,0.04200186721980572
9115,0.04179946705698967,0.04199571091681719
9116,0.04143159091472626,0.04197715520858765
9117,0.04196885600686073,0.04196728345006704
9118,0.041547778993844986,0.04196026064455509
9119,0.041106633841991425,0.04193898972123861
9120,0.041608717292547226,0.04192582935094833
9121,0.04160085693001747,0.04191846054047346
9122,0.04111174866557121,0.041904046572744845
9123,0.042221177369356155,0.04189743496477604
9124,0.04123882204294205,0.041882141157984734
9125,0.04100846126675606,0.04186874318867922
9126,0.041136037558317184,0.04184941068291664
9127,0.04118708521127701,0.041834058351814744
9128,0.04117661342024803,0.041816642209887504
9129,0.04142359644174576,0.04180414922535419
9130,0.041223764419555664,0.04178894236683846
9131,0.04097417742013931,0.04177035916596651
9132,0.04096747189760208,0.04175727896392346
9133,0.0400577187538147,0.04173962131142616
9134,0.040545836091041565,0.041720743402838704
9135,0.04056014120578766,0.04169485859572888
9136,0.04129485413432121,0.04168479133397341
9137,0.039914704859256744,0.041660881601274014
9138,0.04111413657665253,0.04164882484823465
9139,0.041523441672325134,0.041640973500907424
9140,0.04190172627568245,0.041648087948560716
9141,0.04111403971910477,0.04163842357695103
9142,0.04051300138235092,0.04162043355405331
9143,0.04097011685371399,0.04160473920404911
9144,0.040932416915893555,0.041593504622578624
9145,0.040840886533260345,0.041574891321361065
9146,0.04070504754781723,0.04155680581927299
9147,0.04082401841878891,0.04154727037996054
9148,0.040544942021369934,0.04153281260281801
9149,0.040879398584365845,0.04152279805392027
9150,0.04079128056764603,0.04151710622012615
9151,0.04043707996606827,0.04150178980082273
9152,0.04087424650788307,0.041497572660446166
9153,0.040494732558727264,0.041485600993037226
9154,0.041305504739284515,0.041476083882153035
9155,0.04122297465801239,0.041464181691408156
9156,0.041140057146549225,0.04145339637994766
9157,0.04076191410422325,0.04143369514495134
9158,0.04134504497051239,0.04142448719590902
9159,0.04145871847867966,0.04141716379672289
9160,0.04166198521852493,0.04141842838376761
9161,0.04021335393190384,0.04141033001244068
9162,0.04080422222614288,0.041401544250547886
9163,0.0407412126660347,0.04139409516006708
9164,0.04149715602397919,0.041386029459536074
9165,0.040757112205028534,0.04137579742819071
9166,0.04089689999818802,0.04137235902249813
9167,0.04078125208616257,0.041356268227100375
9168,0.04132356867194176,0.04135676834732294
9169,0.04056064784526825,0.041344332434237005
9170,0.040429458022117615,0.04133367214351893
9171,0.04098960757255554,0.0413203240185976
9172,0.04153608903288841,0.041315524466335775
9173,0.04123781621456146,0.041301917023956775
9174,0.041072651743888855,0.04129183609038591
9175,0.040855102241039276,0.041282317638397216
9176,0.04060909152030945,0.04127334985882044
9177,0.04049291834235191,0.04126215890049934
9178,0.04033021628856659,0.04124917209148407
9179,0.040637873113155365,0.041228193566203115
9180,0.04113313928246498,0.04121556211262942
9181,0.03992856293916702,0.041190864033997056
9182,0.0398000106215477,0.041171998754143714
9183,0.04077496379613876,0.04116672433912754
9184,0.04015645384788513,0.04115794338285923
9185,0.04005825147032738,0.041133719496428967
9186,0.040779173374176025,0.04111248403787613
9187,0.04107586666941643,0.0411104878410697
9188,0.04126511886715889,0.0411123326048255
9189,0.04054743051528931,0.041103804521262645
9190,0.04120493680238724,0.04110263552516699
9191,0.04084784910082817,0.04109982382506132
9192,0.04075172543525696,0.04108928922563791
9193,0.03965000808238983,0.04106337059289217
9194,0.04023457318544388,0.04104222774505615
9195,0.04075104743242264,0.04104402147233486
9196,0.0406625010073185,0.04103596244007349
9197,0.04097074270248413,0.041033586896955965
9198,0.04100784659385681,0.04102626528590918
9199,0.040384527295827866,0.041017508469522
9200,0.03938896954059601,0.0409946757927537
9201,0.04008198902010918,0.040972997657954695
9202,0.03952000290155411,0.040951833911240104
9203,0.040754128247499466,0.04094195365905762
9204,0.04006907716393471,0.04093478623777628
9205,0.04064783453941345,0.0409232134744525
9206,0.04106540232896805,0.04091830428689718
9207,0.04097968339920044,0.040918763987720014
9208,0.039928749203681946,0.04090572025626898
9209,0.040624044835567474,0.040889849588274955
9210,0.0400223508477211,0.0408764911070466
9211,0.04005928337574005,0.04086785096675158
9212,0.03984532505273819,0.04083500985056162
9213,0.04061569273471832,0.04082874525338411
9214,0.04016876220703125,0.040819850973784925
9215,0.040999121963977814,0.040811847522854806
9216,0.04024025797843933,0.040799934193491934
9217,0.03970653563737869,0.040777310989797116
9218,0.04077494144439697,0.040769582614302635
9219,0.03980544954538345,0.040756570771336556
9220,0.040185533463954926,0.04074233893305063
9221,0.03953251987695694,0.040721655562520026
9222,0.04035963863134384,0.04071413446217775
9223,0.04001704603433609,0.04069209314882755
9224,0.040356360375881195,0.040683268532156945
9225,0.03996996581554413,0.04067288357764483
9226,0.04040449112653732,0.04066556811332703
9227,0.039376772940158844,0.04064746499061585
9228,0.039379194378852844,0.040629490800201895
9229,0.03992577642202377,0.040614512600004676
9230,0.03991358354687691,0.04060141079127789
9231,0.03939790651202202,0.04058564808219671
9232,0.04025730863213539,0.04057854644954204
9233,0.0409420020878315,0.04058738928288221
9234,0.040197454392910004,0.0405839054659009
9235,0.04007329046726227,0.04057903695851564
9236,0.03995952010154724,0.0405656836181879
9237,0.04009197652339935,0.04056745633482933
9238,0.04092094302177429,0.040565524399280545
9239,0.039590440690517426,0.04054619438946247
9240,0.04037473350763321,0.04053092446178198
9241,0.03974822908639908,0.04051726635545492
9242,0.04087021201848984,0.04052083846181631
9243,0.039940327405929565,0.040510540567338466
9244,0.039970409125089645,0.04050092048943043
9245,0.03947646915912628,0.04048727631568909
9246,0.040101975202560425,0.040481245592236516
9247,0.03945224732160568,0.04046752788126469
9248,0.04032912105321884,0.04046536967158318
9249,0.039895735681056976,0.04045553304255009
9250,0.03961103409528732,0.0404437305778265
9251,0.04004322737455368,0.04043979205191135
9252,0.03966511785984039,0.040427700765430924
9253,0.04013405367732048,0.04042409397661686
9254,0.039979346096515656,0.04041083239018917
9255,0.03989998623728752,0.04039760250598192
9256,0.03954245522618294,0.04038162648677826
9257,0.039716560393571854,0.04037117294967175
9258,0.03982130438089371,0.04035593554377556
9259,0.04053662717342377,0.040346714630723
9260,0.040720805525779724,0.040337302833795545
9261,0.040329307317733765,0.04033846236765384
9262,0.039983056485652924,0.04033025071024895
9263,0.04062475264072418,0.04032908610999584
9264,0.03971866890788078,0.040311301238834855
9265,0.039233140647411346,0.04029606152325869
9266,0.03963156044483185,0.04028340812772512
9267,0.03928384184837341,0.04026843402534723
9268,0.04021549969911575,0.04025735333561897
9269,0.03973323851823807,0.04024907924234867
9270,0.0403573215007782,0.04024835787713528
9271,0.039807841181755066,0.04023654021322727
9272,0.040127892047166824,0.040222458243370056
9273,0.03986154496669769,0.04020869553089142
9274,0.03958776593208313,0.04019384667277336
9275,0.039355017244815826,0.04017884582281113
9276,0.04092129319906235,0.040181967839598653
9277,0.04027862474322319,0.040179824903607365
9278,0.03925901651382446,0.04016911290585995
9279,0.03951205313205719,0.04015785470604896
9280,0.03910078853368759,0.04013753119856119
9281,0.039836227893829346,0.04013660784810782
9282,0.03992149978876114,0.04013782273977995
9283,0.03999892249703407,0.0401300623267889
9284,0.04017547145485878,0.04013025250285864
9285,0.03991701826453209,0.040128840170800685
9286,0.03914127126336098,0.04011246114969254
9287,0.039716050028800964,0.04009886298328638
9288,0.039241306483745575,0.040078624859452246
9289,0.03979714959859848,0.04007112205028534
9290,0.039826568216085434,0.040057338364422324
9291,0.040267832577228546,0.040051538199186325
9292,0.03932168707251549,0.04003723781555891
9293,0.039199162274599075,0.040032729357481006
9294,0.040180105715990067,0.040032184682786465
9295,0.0394534096121788,0.040019208304584025
9296,0.04025544226169586,0.0400151377171278
9297,0.03885756805539131,0.03999400597065687
9298,0.03892769291996956,0.039973204433918
9299,0.039023809134960175,0.039959597252309326
9300,0.039875224232673645,0.0399644597992301
9301,0.03996708244085312,0.039963310733437535
9302,0.03938324749469757,0.03996194317936897
9303,0.03908012434840202,0.039945203140378
9304,0.03973666578531265,0.03994187902659178
9305,0.039598576724529266,0.039931386448442935
9306,0.0390508733689785,0.03991124115884304
9307,0.0395222008228302,0.03989666633307934
9308,0.03949763625860214,0.03989235520362854
9309,0.0394781120121479,0.03988089587539435
9310,0.040145523846149445,0.039882127605378626
9311,0.039436113089323044,0.03987589590251446
9312,0.03923425078392029,0.03986978515982628
9313,0.03933058679103851,0.03985693410038948
9314,0.039958540350198746,0.03985483188182116
9315,0.040103428065776825,0.03984587494283914
9316,0.039547573775053024,0.03983894810080528
9317,0.03977315127849579,0.03983961425721645
9318,0.039752304553985596,0.03982938788831234
9319,0.03966560959815979,0.0398279894888401
9320,0.03901759535074234,0.039816310107707975
9321,0.03951128572225571,0.03981609776616096
9322,0.039148420095443726,0.03980398558080196
9323,0.03895656764507294,0.03979338079690933
9324,0.03828119486570358,0.039772629141807556
9325,0.03891327977180481,0.039762062281370164
9326,0.03907226398587227,0.039748740009963514
9327,0.03975078836083412,0.03975248016417027
9328,0.039884425699710846,0.03975753247737884
9329,0.03953530639410019,0.03975362777709961
9330,0.03896161541342735,0.03974410809576511
9331,0.039336398243904114,0.039743493013083935
9332,0.039346788078546524,0.039734387807548045
9333,0.03915269672870636,0.0397164947539568
9334,0.039624620229005814,0.03971076641231775
9335,0.038741692900657654,0.03969745043665171
9336,0.039163295179605484,0.03968948818743229
9337,0.03955025225877762,0.03968407094478607
9338,0.03986009955406189,0.03967346251010895
9339,0.03992964327335358,0.039676854535937306
9340,0.039048515260219574,0.03966359235346317
9341,0.040036655962467194,0.039666476622223855
9342,0.039449293166399,0.03965226743370295
9343,0.040047626942396164,0.03965334042906761
9344,0.03862322121858597,0.03963986855000257
9345,0.039095472544431686,0.03963605858385563
9346,0.03926073759794235,0.039627646207809446
9347,0.03852008283138275,0.03961832456290722
9348,0.03972997888922691,0.0396123331412673
9349,0.039320264011621475,0.03960657842457294
9350,0.038674063980579376,0.03959720872342586
9351,0.03961076959967613,0.03959288414567709
9352,0.03890562802553177,0.039585289247334
9353,0.03937561810016632,0.03957770489156246
9354,0.03888380154967308,0.039566749446094035
9355,0.039385996758937836,0.039561609551310536
9356,0.040197473019361496,0.039568159729242325
9357,0.03926294296979904,0.0395636235550046
9358,0.03893432766199112,0.03955475378781557
9359,0.038587890565395355,0.039535266421735285
9360,0.03851493448019028,0.03951320771127939
9361,0.03807903081178665,0.03949070494621992
9362,0.03855712711811066,0.039476445652544497
9363,0.038922201842069626,0.03945942014455795
9364,0.03888510540127754,0.03945108450949192
9365,0.039039283990859985,0.03944914594292641
9366,0.03986653313040733,0.03945149566978216
9367,0.038498081266880035,0.03944363806396723
9368,0.0387684591114521,0.03942916765809059
9369,0.03829555958509445,0.03941479086875915
9370,0.03935115039348602,0.03940472915768623
9371,0.038605496287345886,0.03939270570874214
9372,0.038813527673482895,0.0393795620650053
9373,0.03964550793170929,0.039377401694655416
9374,0.03989343345165253,0.039380458369851115
9375,0.03914494067430496,0.03937835760414601
9376,0.04067736119031906,0.03937591828405857
9377,0.039417363703250885,0.03936730567365885
9378,0.03950153663754463,0.03936973087489605
9379,0.03888392448425293,0.039363449588418004
9380,0.03891779109835625,0.039361619614064695
9381,0.03913033381104469,0.039354560673236845
9382,0.039463110268116,0.0393499767780304
9383,0.03835567086935043,0.03933354426175356
9384,0.03870432823896408,0.03931883282959461
9385,0.03957383707165718,0.03931540101766586
9386,0.03912074863910675,0.03931519579142332
9387,0.03908960521221161,0.03930893134325743
9388,0.03872022405266762,0.03930372051894665
9389,0.03887814283370972,0.03929453045129776
9390,0.03899706155061722,0.03928623538464308
9391,0.03887610882520676,0.03927231814712286
9392,0.038724616169929504,0.039266347438097
9393,0.03839000687003136,0.039258255884051324
9394,0.03869074955582619,0.03924336232244968
9395,0.03951103240251541,0.03924393855035305
9396,0.03962917625904083,0.0392376758903265
9397,0.0395478755235672,0.039244578965008256
9398,0.038825493305921555,0.03924355696886778
9399,0.038995444774627686,0.039243273325264456
9400,0.03929249942302704,0.03923744607716799
9401,0.039135001599788666,0.039229125268757346
9402,0.038954898715019226,0.039224841780960557
9403,0.03814755380153656,0.0392155160754919
9404,0.03970404714345932,0.039215189889073375
9405,0.03876025602221489,0.039206806682050226
9406,0.03822091594338417,0.03919850710779429
9407,0.03828396648168564,0.03918612476438284
9408,0.03814462572336197,0.03917259465903044
9409,0.03918434679508209,0.03916965700685978
9410,0.03869705647230148,0.039155172333121296
9411,0.038749102503061295,0.03914830222725868
9412,0.039467766880989075,0.03915063738822937
9413,0.038522183895111084,0.039142553359270096
9414,0.03839343786239624,0.03912690233439207
9415,0.039571307599544525,0.03912158112972975
9416,0.03809981048107147,0.03910710349678993
9417,0.03985848277807236,0.0391079568117857
9418,0.03853289783000946,0.03909576274454594
9419,0.038741543889045715,0.0390865220874548
9420,0.039640143513679504,0.039092747569084166
9421,0.039522554725408554,0.039092860259115694
9422,0.039599139243364334,0.0390973674505949
9423,0.03827511519193649,0.03909055292606354
9424,0.039542414247989655,0.0391031651198864
9425,0.0393611341714859,0.03910764366388321
9426,0.0391710139811039,0.039108631163835526
9427,0.03926120698451996,0.03910373535007238
9428,0.039777860045433044,0.03910266969352961
9429,0.039256006479263306,0.03909987669438124
9430,0.03884149715304375,0.0390986755117774
9431,0.03925951570272446,0.039097906686365605
9432,0.039091818034648895,0.03909535698592663
9433,0.038856469094753265,0.0390923947095871
9434,0.03975016251206398,0.03909365013241768
9435,0.03916846960783005,0.0390979178994894
9436,0.03842909634113312,0.03909057591110468
9437,0.03874412924051285,0.03908251468092203
9438,0.03928530216217041,0.039076766707003115
9439,0.03934739530086517,0.039070944227278234
9440,0.039752230048179626,0.03907798137515783
9441,0.03847147896885872,0.03906232960522175
9442,0.03844732791185379,0.0390523099526763
9443,0.038258593529462814,0.039034419618546964
9444,0.03895499184727669,0.03903773732483387
9445,0.03864732384681702,0.039033255837857724
9446,0.03848138451576233,0.03902546230703592
9447,0.03900892287492752,0.03903035070747137
9448,0.03872979059815407,0.039020348824560645
9449,0.038714468479156494,0.039014290869235996
9450,0.03891298919916153,0.039016680121421815
9451,0.038830555975437164,0.03900887798517942
9452,0.03929504007101059,0.03901277210563421
9453,0.038747817277908325,0.03900649409741163
9454,0.03898869454860687,0.03900754302740097
9455,0.039159584790468216,0.039005278907716275
9456,0.03886780887842178,0.038991982266306874
9457,0.03828820586204529,0.03898223489522934
9458,0.03865334391593933,0.03897942505776882
9459,0.03869299590587616,0.03898047611117363
9460,0.03821200132369995,0.038977446779608724
9461,0.03856136277318001,0.03898227009922266
9462,0.038940299302339554,0.03898610182106495
9463,0.03923758864402771,0.03898925568908453
9464,0.037853457033634186,0.0389789392054081
9465,0.03870882838964462,0.03897563464939594
9466,0.03806044161319733,0.038957573734223844
9467,0.03863725811243057,0.03895896550267935
9468,0.0384012833237648,0.03895529374480247
9469,0.03852127492427826,0.03895755089819431
9470,0.038669902831315994,0.038950738422572614
9471,0.038447145372629166,0.038949154913425446
9472,0.03858524560928345,0.03894687209278345
9473,0.03785300999879837,0.03892894711345434
9474,0.038843974471092224,0.03891845252364874
9475,0.039081819355487823,0.038917821310460565
9476,0.03890697658061981,0.03890011746436357
9477,0.0381467267870903,0.03888741109520197
9478,0.03954005241394043,0.03888779625296593
9479,0.03869445621967316,0.03888590157032013
9480,0.03802034258842468,0.038876927085220815
9481,0.03889636695384979,0.03887458741664886
9482,0.03824456036090851,0.03886240191757679
9483,0.03856032341718674,0.03886444844305515
9484,0.039356738328933716,0.03887097254395485
9485,0.038624223321676254,0.03886147640645504
9486,0.0390271320939064,0.038860540241003036
9487,0.0378391295671463,0.03884803548455238
9488,0.039000071585178375,0.03885083395987749
9489,0.03853210434317589,0.03884737357497215
9490,0.03874416649341583,0.03884484462440014
9491,0.03846822679042816,0.03884076580405235
9492,0.0379946231842041,0.038833465874195096
9493,0.03814088553190231,0.03883097466081381
9494,0.0389806292951107,0.03883387345820665
9495,0.03847803920507431,0.03882354352623224
9496,0.038294464349746704,0.0388101964071393
9497,0.038187175989151,0.03879658941179514
9498,0.03857836127281189,0.03879411809146404
9499,0.038953930139541626,0.03879370294511318
9500,0.03849675506353378,0.03878574550151825
9501,0.03877077251672745,0.03878210321068764
9502,0.039387911558151245,0.03878643333911896
9503,0.03835442289710045,0.0387885020300746
9504,0.03851599991321564,0.03877662155777216
9505,0.03872009366750717,0.03877621993422508
9506,0.03912898525595665,0.038785300627350805
9507,0.0384482815861702,0.03878694377839565
9508,0.03824310749769211,0.03878792859613896
9509,0.037440866231918335,0.038770493790507315
9510,0.037904709577560425,0.03876257032155991
9511,0.03865750879049301,0.03876165438443422
9512,0.03928796947002411,0.038759856410324575
9513,0.03821724280714989,0.03875680699944496
9514,0.038033436983823776,0.038753206990659234
9515,0.03812403976917267,0.03873873431235552
9516,0.03829570859670639,0.03874069329351187
9517,0.03799636662006378,0.03872207213193178
9518,0.03910544887185097,0.038727797642350195
9519,0.03908069059252739,0.038731189109385014
9520,0.03813156485557556,0.03871610332280397
9521,0.038533084094524384,0.03870620861649513
9522,0.037973515689373016,0.03868995238095522
9523,0.03885103762149811,0.038695711605250836
9524,0.03798355907201767,0.03868012305349112
9525,0.038520947098731995,0.038671721182763574
9526,0.0379185751080513,0.03865919679403305
9527,0.037885524332523346,0.03864543996751309
9528,0.038315385580062866,0.03863081522285938
9529,0.03856576606631279,0.03862391281872988
9530,0.0382692813873291,0.03861819066107273
9531,0.03821263834834099,0.038607721887528895
9532,0.03836304321885109,0.03860043413937092
9533,0.03858776018023491,0.038597747050225735
9534,0.037919458001852036,0.038579440005123616
9535,0.039039842784404755,0.03857815373688936
9536,0.03776504099369049,0.03857151318341494
9537,0.038108985871076584,0.03856516174972057
9538,0.03851699084043503,0.03855747863650322
9539,0.03844648227095604,0.03854846950620413
9540,0.038258519023656845,0.0385335323959589
9541,0.038286156952381134,0.03853167917579412
9542,0.03837469965219498,0.03853095289319754
9543,0.03833159804344177,0.03853168293833733
9544,0.039170388132333755,0.0385338369011879
9545,0.038096845149993896,0.03852833211421967
9546,0.038438111543655396,0.0385278993844986
9547,0.03848547488451004,0.03852266490459442
9548,0.03882070258259773,0.03852357402443886
9549,0.038923390209674835,0.03852566324174404
9550,0.03839368000626564,0.038520470149815085
9551,0.038118451833724976,0.03851334910839796
9552,0.03790399432182312,0.03849943865090608
9553,0.038618654012680054,0.038498147018253805
9554,0.03905531391501427,0.03849881321191788
9555,0.038039885461330414,0.0384876162186265
9556,0.038364049047231674,0.038482578620314595
9557,0.039071619510650635,0.03849041275680065
9558,0.038327813148498535,0.038487157449126244
9559,0.0384695902466774,0.03848492339253426
9560,0.03843364119529724,0.03848713979125023
9561,0.038341570645570755,0.038484941869974136
9562,0.037771813571453094,0.03847325701266527
9563,0.0374932624399662,0.03845581375062466
9564,0.038168780505657196,0.038458966985344886
9565,0.03842047601938248,0.03845608346164227
9566,0.03771273419260979,0.03845260638743639
9567,0.03821196407079697,0.03844835344702005
9568,0.03866996616125107,0.038451040275394914
9569,0.03859807550907135,0.038451808281242845
9570,0.03841418772935867,0.03844925113022327
9571,0.038570985198020935,0.03845048952847719
9572,0.03821004182100296,0.038446737490594386
9573,0.038414664566516876,0.03845235403627157
9574,0.03842944651842117,0.03844820875674486
9575,0.03836718201637268,0.03844106238335371
9576,0.037631019949913025,0.03842830281704664
9577,0.03860676288604736,0.038432903178036215
9578,0.037858784198760986,0.03841609049588442
9579,0.03785422071814537,0.03840768814086914
9580,0.03736606985330582,0.038401145413517954
9581,0.03939638286828995,0.03840614557266235
9582,0.038304563611745834,0.038406745605170725
9583,0.03745558112859726,0.03839569818228483
9584,0.03837820142507553,0.03838591281324625
9585,0.03828433156013489,0.03838251389563083
9586,0.03854001685976982,0.03837764274328947
9587,0.03857525438070297,0.03838500399142504
9588,0.038335736840963364,0.03837836064398289
9589,0.03789040446281433,0.03837194364517927
9590,0.03915468603372574,0.03837604884058237
9591,0.03798443451523781,0.03837121091783047
9592,0.0375661626458168,0.03836692631244659
9593,0.038052998483181,0.03836604744195938
9594,0.03802088648080826,0.03835645001381636
9595,0.038118503987789154,0.0383528546616435
9596,0.03895556926727295,0.03835946571081877
9597,0.03831533342599869,0.03836074728518724
9598,0.038582053035497665,0.0383607842028141
9599,0.03867822885513306,0.038358027189970015
9600,0.038512155413627625,0.03835818119347095
9601,0.03971729427576065,0.03836764641106129
9602,0.03765740990638733,0.03835034139454365
9603,0.03846443071961403,0.03835144147276878
9604,0.03718457370996475,0.038338127210736275
9605,0.038599517196416855,0.03833692144602537
9606,0.03809407353401184,0.03832657232880592
9607,0.03868505358695984,0.03832894004881382
9608,0.037613652646541595,0.038322645500302316
9609,0.0375734344124794,0.038323971182107924
9610,0.038252927362918854,0.03832745335996151
9611,0.037366513162851334,0.03831454340368509
9612,0.03856954723596573,0.03830735918134451
9613,0.03750067949295044,0.038300193548202514
9614,0.03814836964011192,0.038301342874765394
9615,0.03762708231806755,0.038296373300254344
9616,0.03757738322019577,0.03828919004648924
9617,0.037936173379421234,0.03828858811408281
9618,0.03744988143444061,0.03827203243970871
9619,0.038027018308639526,0.038261495716869834
9620,0.03760211914777756,0.03825620125979185
9621,0.03749971091747284,0.03824586752802134
9622,0.03854862600564957,0.0382516186311841
9623,0.037886083126068115,0.0382419690862298
9624,0.037896834313869476,0.03824110183864832
9625,0.03773953765630722,0.03823328774422407
9626,0.037716202437877655,0.03823126401752233
9627,0.03878128528594971,0.0382402216270566
9628,0.03723639249801636,0.03822943169623613
9629,0.037996627390384674,0.03822374030947685
9630,0.03716008737683296,0.03821264836937189
9631,0.03823738172650337,0.03821289580315351
9632,0.03830826282501221,0.03821234799921513
9633,0.03793690353631973,0.03820583943277597
9634,0.03775881230831146,0.038204232975840566
9635,0.03849596530199051,0.03819879420101643
9636,0.037935126572847366,0.038200495056808
9637,0.03758857399225235,0.03819529093801975
9638,0.03814581036567688,0.038191579133272174
9639,0.03739548102021217,0.03818106912076473
9640,0.03767232596874237,0.03817520719021559
9641,0.03731122612953186,0.038165457881987094
9642,0.03792554885149002,0.038160966373980046
9643,0.03724265098571777,0.0381500769034028
9644,0.03744041174650192,0.03813277713954449
9645,0.03789110481739044,0.038130719736218455
9646,0.03792004659771919,0.03812553908675909
9647,0.03867322579026222,0.038127416595816616
9648,0.03851699084043503,0.03812437947839498
9649,0.03828144073486328,0.03811795998364687
9650,0.038220979273319244,0.03811623297631741
9651,0.03743796795606613,0.03810942813754082
9652,0.038172654807567596,0.03811211474239826
9653,0.037563055753707886,0.03810155875980854
9654,0.038218628615140915,0.038093191906809806
9655,0.03844403475522995,0.038097233399748805
9656,0.03812827169895172,0.038094875626266005
9657,0.03734974563121796,0.038077656887471674
9658,0.03733954578638077,0.0380677742138505
9659,0.0374465249478817,0.03805754356086254
9660,0.037340182811021805,0.03804660897701979
9661,0.03781106323003769,0.038041303902864455
9662,0.037028081715106964,0.038033866584300996
9663,0.03776293247938156,0.03803656328469515
9664,0.038149796426296234,0.03803637344390154
9665,0.038592614233493805,0.03803809482604265
9666,0.03782635182142258,0.03803923100233078
9667,0.03791101276874542,0.03803622148931027
9668,0.03823605552315712,0.03803188238292932
9669,0.038567572832107544,0.03803157735615969
9670,0.03816402703523636,0.03802907574921846
9671,0.03794506564736366,0.03802281655371189
9672,0.03822063282132149,0.038022922463715074
9673,0.03779076039791107,0.03801668342202902
9674,0.03797014430165291,0.03801209039986134
9675,0.03744655102491379,0.038002884089946745
9676,0.03832404315471649,0.03800981432199478
9677,0.038489051163196564,0.03800863720476627
9678,0.0383935272693634,0.0380139846354723
9679,0.038017261773347855,0.038015615046024326
9680,0.0377650111913681,0.03801960445940494
9681,0.0379253625869751,0.038004894256591794
9682,0.037621088325977325,0.03799805950373411
9683,0.03865698724985123,0.03801007356494665
9684,0.03838757053017616,0.03801016725599766
9685,0.03741234540939331,0.03800144739449024
9686,0.03826054930686951,0.03799865271896124
9687,0.03733780235052109,0.03798627819865942
9688,0.03759896382689476,0.037978910468518735
9689,0.03783175349235535,0.03797832395881415
9690,0.03790783882141113,0.037965855486691
9691,0.03771413862705231,0.037963152527809144
9692,0.03772635757923126,0.03796475447714329
9693,0.03725793957710266,0.03795680388808251
9694,0.03822299838066101,0.03795882500708103
9695,0.0373949334025383,0.03795158930122852
9696,0.037765540182590485,0.0379396890103817
9697,0.03796860948204994,0.03793622177094221
9698,0.03877191245555878,0.037938120365142824
9699,0.03787503391504288,0.03793008841574192
9700,0.03729221224784851,0.03791788898408413
9701,0.03789498284459114,0.037899665869772434
9702,0.037797167897224426,0.037901063449680805
9703,0.0378788486123085,0.03789520762860775
9704,0.03795897588133812,0.03790295165032148
9705,0.038469281047582626,0.03790164928883314
9706,0.037696246057748795,0.03789767101407051
9707,0.037048131227493286,0.037881301790475844
9708,0.03725775331258774,0.03787774279713631
9709,0.037950195372104645,0.03788151040673256
9710,0.037403229624032974,0.0378730134293437
9711,0.03773640841245651,0.037876712381839754
9712,0.03747309744358063,0.037865747883915904
9713,0.03738749027252197,0.03786461599171162
9714,0.038138873875141144,0.03786452103406191
9715,0.038773395121097565,0.03787598416209221
9716,0.0383901447057724,0.037884111776947976
9717,0.03723572939634323,0.037877107337117195
9718,0.03723693639039993,0.03787497788667679
9719,0.038185372948646545,0.037876561433076855
9720,0.037441954016685486,0.037874959781765936
9721,0.03824931010603905,0.0378824557736516
9722,0.03697987273335457,0.03786676824092865
9723,0.037175558507442474,0.037859662994742395
9724,0.037669114768505096,0.03785738579928875
9725,0.03853461146354675,0.03786533653736115
9726,0.036909766495227814,0.037857272177934644
9727,0.038092486560344696,0.0378503841906786
9728,0.03734124079346657,0.0378514326736331
9729,0.03819096460938454,0.037853376045823096
9730,0.03864116966724396,0.037868186868727206
9731,0.037325695157051086,0.03785907000303269
9732,0.03730522096157074,0.03784903958439827
9733,0.03751172870397568,0.03784478783607483
9734,0.037419021129608154,0.037841389924287795
9735,0.03887874633073807,0.03784521773457527
9736,0.037970468401908875,0.03784557115286589
9737,0.038382720202207565,0.03785351261496544
9738,0.038040339946746826,0.03785245791077614
9739,0.03705205023288727,0.03784902360290289
9740,0.038040198385715485,0.03785270232707262
9741,0.03704197704792023,0.037850009836256505
9742,0.037855662405490875,0.037849310971796515
9743,0.03785952925682068,0.037855479754507544
9744,0.03781483694911003,0.037859224006533625
9745,0.03794270008802414,0.03785973995923996
9746,0.03688178211450577,0.037849357314407826
9747,0.037714891135692596,0.03783977396786213
9748,0.03802773728966713,0.03783488143235445
9749,0.03773609548807144,0.03782942797988653
9750,0.03778276592493057,0.037825045846402644
9751,0.037611931562423706,0.03782678548246622
9752,0.037927716970443726,0.03782433610409498
9753,0.037256333976984024,0.037821268886327745
9754,0.038101524114608765,0.037820097841322425
9755,0.03835773840546608,0.037819234877824785
9756,0.03727339953184128,0.037810686156153676
9757,0.037235625088214874,0.037809544950723646
9758,0.03788269683718681,0.037814976461231706
9759,0.03838782757520676,0.03782438948750496
9760,0.03731768578290939,0.037824164517223834
9761,0.03760049492120743,0.03782205883413553
9762,0.03646214306354523,0.037816399447619914
9763,0.03747064247727394,0.03781347654759884
9764,0.03775200992822647,0.03780949868261814
9765,0.037136584520339966,0.0377949383854866
9766,0.03726864233613014,0.03778936129063368
9767,0.03699023649096489,0.037780153527855874
9768,0.03782153129577637,0.037776008285582065
9769,0.037273019552230835,0.0377630627527833
9770,0.03751848638057709,0.037756607346236704
9771,0.03885293006896973,0.03776568599045277
9772,0.037454910576343536,0.03775802876800299
9773,0.03724238649010658,0.037752545028924944
9774,0.03835633397102356,0.03775640692561865
9775,0.037815771996974945,0.03776009913533926
9776,0.03725261241197586,0.037749384827911854
9777,0.037706159055233,0.037741555906832217
9778,0.03724387288093567,0.03773005936294794
9779,0.037678614258766174,0.037726672887802126
9780,0.03746587783098221,0.037723681554198266
9781,0.03662113845348358,0.03771063931286335
9782,0.03774503618478775,0.03771187879145146
9783,0.03764529526233673,0.03770176187157631
9784,0.03722015768289566,0.037690087743103506
9785,0.037310436367988586,0.03768906865268946
9786,0.03767213970422745,0.03768318455666304
9787,0.03711456060409546,0.03768095213919878
9788,0.038033172488212585,0.03768529422581196
9789,0.03810279443860054,0.037688004635274414
9790,0.03705830127000809,0.03767950925976038
9791,0.037226177752017975,0.03767462965101004
9792,0.036649271845817566,0.0376638587936759
9793,0.03791847079992294,0.037670464105904106
9794,0.037341028451919556,0.037661644406616686
9795,0.03746255487203598,0.03766232062131167
9796,0.037505123764276505,0.037659716457128525
9797,0.03724999725818634,0.03765253033488989
9798,0.03831520676612854,0.037647963277995584
9799,0.03685203194618225,0.03763773325830698
9800,0.03747686371207237,0.03763957977294922
9801,0.037455640733242035,0.03763518635183573
9802,0.036959972232580185,0.037626814395189286
9803,0.03796236962080002,0.0376276496052742
9804,0.037535615265369415,0.037623415999114514
9805,0.037209805101156235,0.03761082123965025
9806,0.03765665739774704,0.03761042535305023
9807,0.037595484405756,0.03761589888483286
9808,0.03788719326257706,0.03762219328433275
9809,0.03749468922615051,0.03761763822287321
9810,0.037441328167915344,0.03761801920831204
9811,0.036895159631967545,0.037609606720507144
9812,0.03684018552303314,0.03760327760130167
9813,0.03773294761776924,0.037606732174754146
9814,0.036997269839048386,0.037595316134393215
9815,0.037521108984947205,0.03758279327303171
9816,0.036901846528053284,0.03756791029125452
9817,0.03802183270454407,0.03757577132433653
9818,0.03749571740627289,0.03757835913449526
9819,0.0382252037525177,0.03757875744253397
9820,0.03808871656656265,0.03758522506803274
9821,0.03757166862487793,0.03757844865322113
9822,0.03738510608673096,0.03758250098675489
9823,0.03674920275807381,0.03757823742926121
9824,0.03779154643416405,0.037579461745917794
9825,0.03797491639852524,0.03757386479526758
9826,0.03730372339487076,0.037577804364264014
9827,0.03736608847975731,0.03757054038345814
9828,0.036688175052404404,0.037564009726047516
9829,0.03739360347390175,0.03755603611469269
9830,0.03764139115810394,0.03754603832960129
9831,0.03981214761734009,0.037570902854204176
9832,0.03854348137974739,0.03758328545838594
9833,0.037652529776096344,0.03758469346910715
9834,0.036968015134334564,0.037580183409154415
9835,0.03758417069911957,0.03756723765283823
9836,0.03850293159484863,0.03757256228476763
9837,0.037662144750356674,0.03756535653024912
9838,0.03780663385987282,0.03756301946938038
9839,0.03719475865364075,0.03756444655358791
9840,0.037315789610147476,0.03755720246583223
9841,0.03667103499174118,0.03755349304527044
9842,0.037702739238739014,0.03755196381360292
9843,0.03747796267271042,0.03754814814776182
9844,0.036888912320137024,0.03753888890147209
9845,0.03747108206152916,0.03753417272120714
9846,0.03709086403250694,0.03753626354038715
9847,0.03850939869880676,0.037544208616018294
9848,0.0377299040555954,0.037541230283677576
9849,0.037611223757267,0.037539981566369535
9850,0.0371813140809536,0.037533967047929766
9851,0.03685634583234787,0.03752641119062901
9852,0.037038881331682205,0.03751752283424139
9853,0.03719048947095871,0.037516864389181136
9854,0.03806822746992111,0.03751653142273426
9855,0.03722357749938965,0.0375051898136735
9856,0.037158768624067307,0.037504043504595755
9857,0.037139054387807846,0.03750307779759168
9858,0.03786613792181015,0.03750291220843792
9859,0.03743863105773926,0.03749342024326324
9860,0.037335265427827835,0.03749359603971243
9861,0.037363167852163315,0.03749122276902199
9862,0.03745735436677933,0.03750117488205433
9863,0.03667467087507248,0.037493215166032316
9864,0.037648919969797134,0.03749218426644802
9865,0.03761012852191925,0.037496919706463815
9866,0.03787972778081894,0.0375030305609107
9867,0.037407562136650085,0.03750720381736755
9868,0.037466466426849365,0.037503653168678285
9869,0.03704099729657173,0.03750133294612169
9870,0.0374457947909832,0.03750060603022575
9871,0.037311144173145294,0.03748518817126751
9872,0.037044696509838104,0.037481086030602455
9873,0.036848679184913635,0.03747714895755053
9874,0.0379437692463398,0.03747302331030369
9875,0.03670261427760124,0.03746189173310995
9876,0.03730124607682228,0.03746237806975841
9877,0.037285543978214264,0.03745817191898823
9878,0.037495918571949005,0.03746069237589836
9879,0.037246473133563995,0.03745637096464634
9880,0.03650213032960892,0.03744673348963261
9881,0.03715403750538826,0.037452062480151656
9882,0.0369856134057045,0.03744446825236082
9883,0.03728153556585312,0.03744083065539598
9884,0.036644209176301956,0.03743507117033005
9885,0.038187094032764435,0.03744383774697781
9886,0.03695008158683777,0.03743661716580391
9887,0.037547435611486435,0.03744094591587782
9888,0.03713585063815117,0.037431972697377205
9889,0.037431418895721436,0.03742525894194841
9890,0.03765617311000824,0.037431237660348414
9891,0.037032727152109146,0.03742930315434933
9892,0.03826172277331352,0.037445427663624284
9893,0.037787891924381256,0.03744412187486887
9894,0.036947254091501236,0.03744018413126469
9895,0.03726610541343689,0.0374382196366787
9896,0.03674405813217163,0.037430608980357646
9897,0.037056662142276764,0.03742867562919855
9898,0.03743907809257507,0.037419914342463015
9899,0.037586063146591187,0.037427254654467106
9900,0.037018951028585434,0.03742267552763224
9901,0.03706379979848862,0.037418757118284705
9902,0.036306463181972504,0.03741222202777863
9903,0.0374414399266243,0.03740701273083687
9904,0.036492057144641876,0.037396577149629594
9905,0.03747802972793579,0.03739925939589739
9906,0.03694358840584755,0.03739212870597839
9907,0.03768804296851158,0.03739305429160595
9908,0.03700944781303406,0.03738427683711052
9909,0.036669738590717316,0.037376027330756185
9910,0.0370478555560112,0.03737209260463715
9911,0.037408776581287384,0.03737722877413034
9912,0.03659699484705925,0.03737479686737061
9913,0.03720415383577347,0.03736950892955065
9914,0.03774189203977585,0.03737695515155792
9915,0.03745676577091217,0.03737631171941757
9916,0.03757605329155922,0.03738305378705263
9917,0.03693054988980293,0.03737214095890522
9918,0.036514751613140106,0.03736233130097389
9919,0.037416789680719376,0.037354247160255906
9920,0.03765781223773956,0.03734993811696768
9921,0.03685636818408966,0.0373427851125598
9922,0.036588456481695175,0.03733481861650944
9923,0.03723888471722603,0.037339715436100956
9924,0.03786051273345947,0.037340405099093914
9925,0.03684442490339279,0.03732910018414259
9926,0.03801575303077698,0.03733622048050165
9927,0.036681752651929855,0.037329377122223374
9928,0.03739974647760391,0.037336492836475374
9929,0.03729384019970894,0.03733549520373344
9930,0.037811536341905594,0.03733719665557146
9931,0.038032133132219315,0.037319396510720255
9932,0.036590032279491425,0.037299862019717696
9933,0.03723597899079323,0.037295696511864665
9934,0.0374562069773674,0.03730057843029499
9935,0.036439795047044754,0.03728913467377424
9936,0.03726765885949135,0.03727678194642067
9937,0.03726234287023544,0.03727278392761946
9938,0.037029899656772614,0.03726501658558846
9939,0.036790281534194946,0.037260971814394
9940,0.03652564808726311,0.03725307039916515
9941,0.0369727648794651,0.037256087698042395
9942,0.03655780106782913,0.037244638316333296
9943,0.03718537837266922,0.03724171247333288
9944,0.03618369251489639,0.037234660275280475
9945,0.03636832535266876,0.03722363270819187
9946,0.03659437596797943,0.0372186678275466
9947,0.03654033690690994,0.03719897720962763
9948,0.036702971905469894,0.03718870788812637
9949,0.03723198175430298,0.037184915468096734
9950,0.037062808871269226,0.03718373041599989
9951,0.037485577166080475,0.03719002272933722
9952,0.03671499341726303,0.03718678385019302
9953,0.037132441997528076,0.03718620337545872
9954,0.03827730566263199,0.03718829415738582
9955,0.037011757493019104,0.03718617595732212
9956,0.03649935498833656,0.03717958182096481
9957,0.037740252912044525,0.03718559380620718
9958,0.03685706853866577,0.03717550311237574
9959,0.03783227130770683,0.037179439514875415
9960,0.03732116520404816,0.03717929851263761
9961,0.03731034696102142,0.0371787703037262
9962,0.03684938699007034,0.03717269062995911
9963,0.03689524531364441,0.037174896374344825
9964,0.037180639803409576,0.03717021357268095
9965,0.03714999929070473,0.037165612280368805
9966,0.03668009489774704,0.037153615951538085
9967,0.03732845559716225,0.03715282488614321
9968,0.03760601580142975,0.03715422037988901
9969,0.03681384027004242,0.03715194880962372
9970,0.03639053553342819,0.03714139621704817
9971,0.03746618330478668,0.037142946608364584
9972,0.03623555600643158,0.037134855203330513
9973,0.03745395690202713,0.03714090798050165
9974,0.03625442832708359,0.03712401457130909
9975,0.03663153946399689,0.03712330382317305
9976,0.03724141791462898,0.037122705541551115
9977,0.036914851516485214,0.037118998616933824
9978,0.03709402307868004,0.037114979662001134
9979,0.036284297704696655,0.03710535790771246
9980,0.03665521740913391,0.03710688877850771
9981,0.036849841475486755,0.03710384681820869
9982,0.03663188964128494,0.0371003095805645
9983,0.03651938959956169,0.037092688120901586
9984,0.03719697520136833,0.03709821578115225
9985,0.03670109808444977,0.0370833558216691
9986,0.03676128387451172,0.03708146784454584
9987,0.03709767013788223,0.0370769701898098
9988,0.03625902533531189,0.037068201936781404
9989,0.03698422759771347,0.037063730023801325
9990,0.03747224062681198,0.03706189069896936
9991,0.03675290197134018,0.03705909244716168
9992,0.03703376650810242,0.03704681288450956
9993,0.03797821328043938,0.037048716098070145
9994,0.03711201250553131,0.037050363682210444
9995,0.036256127059459686,0.037040263898670676
9996,0.03668858855962753,0.037039709202945234
9997,0.03692082688212395,0.0370383508503437
9998,0.036598090082407,0.03702994097024202
9999,0.03637801855802536,0.037017860524356364
