step,loss,moving_avg
0,0.461068332195282,0.461068332195282
1,0.4381769001483917,0.44962261617183685
2,0.4162966310977936,0.4385139544804891
3,0.3945997655391693,0.42753540724515915
4,0.37225842475891113,0.4164800107479095
5,0.35230693221092224,0.4057844976584117
6,0.3300614058971405,0.3949669131210872
7,0.31108617782592773,0.3844818212091923
8,0.2963239848613739,0.37468650605943465
9,0.28126034140586853,0.36534388959407804
10,0.2639482617378235,0.35612610524350946
11,0.25342801213264465,0.34756793081760406
12,0.24152222275733948,0.33941056865912217
13,0.23522913455963135,0.3319690376520157
14,0.22465935349464417,0.32481505870819094
15,0.2164950668811798,0.3180450592190027
16,0.2069491595029831,0.31151000629453096
17,0.19976404309272766,0.30530189722776413
18,0.19096356630325317,0.2992840903370004
19,0.1819201111793518,0.29341589137911794
20,0.1739671230316162,0.2877278547911417
21,0.16470596194267273,0.28213595057075674
22,0.15485689043998718,0.2766020783911581
23,0.14807778596878052,0.2712468995402257
24,0.14174948632717133,0.2660670030117035
25,0.13815747201442719,0.2611474056656544
26,0.1334376037120819,0.25641741300070725
27,0.1310558021068573,0.2519402126116412
28,0.12946470081806183,0.24771691910151777
29,0.129222571849823,0.24376710752646127
30,0.12871797382831573,0.24005584514910175
31,0.12815077602863312,0.2365588117390871
32,0.1268816888332367,0.23323526256012195
33,0.1259937286376953,0.23008109979769764
34,0.12601082026958466,0.22710766323975154
35,0.12577402591705322,0.2242928399807877
36,0.12581871449947357,0.22163137712994138
37,0.1257067322731018,0.21910704437055087
38,0.1256686896085739,0.21671118912024376
39,0.12568150460720062,0.21443544700741768
40,0.12567290663719177,0.2122705069983878
41,0.1256520301103592,0.21020816231057757
42,0.12562234699726105,0.20824105032654697
43,0.12567314505577087,0.20636450702493842
44,0.12567919492721558,0.20457150008943345
45,0.12568096816539764,0.20285648852586746
46,0.12560424208641052,0.20121282370800667
47,0.12561878561973572,0.19963794791450104
48,0.12562698125839233,0.19812752002356004
49,0.1256055235862732,0.1966770800948143
50,0.12562638521194458,0.19528392921475804
51,0.12553636729717255,0.19394262994711214
52,0.1255517154932022,0.19265223533477424
53,0.12557591497898102,0.1914100812541114
54,0.12558513879776,0.19021326411854136
55,0.1255444586277008,0.18905846402049065
56,0.12551812827587128,0.1879437212881289
57,0.1255301833152771,0.18686762580583835
58,0.12553271651268005,0.18582805107205602
59,0.12553763389587402,0.1848232107857863
60,0.12552696466445923,0.18385114117723997
61,0.1255182921886444,0.1829102887741981
62,0.1254723072052002,0.1819985747810394
63,0.12547476589679718,0.18111539026722312
64,0.12546893954277039,0.18025929102530847
65,0.12543343007564545,0.17942859616243478
66,0.12543922662734985,0.1786227846768365
67,0.12539514899253845,0.177840025328538
68,0.1253715604543686,0.17707961279412973
69,0.12540367245674133,0.1763413850750242
70,0.12530966103076935,0.17562262839834455
71,0.125397726893425,0.17492506032188734
72,0.12536866962909698,0.17424620565486282
73,0.12531396746635437,0.17358495919285594
74,0.12527891993522644,0.17294087866942087
75,0.12530584633350372,0.1723141019281588
76,0.1252150535583496,0.17170242597530413
77,0.12526151537895203,0.17110702968560731
78,0.1251981109380722,0.17052590413184104
79,0.1251588761806488,0.16995881628245116
80,0.12511233985424042,0.16940515607963375
81,0.12507614493370056,0.16886455838273212
82,0.12506279349327087,0.16833682627563018
83,0.12490414083003998,0.167819770496516
84,0.1249016597867012,0.16731485154698877
85,0.12488877773284912,0.16682152510728948
86,0.12465207278728485,0.16633681875878367
87,0.12436991930007935,0.16585992217402568
88,0.12442070245742798,0.1653943129637268
89,0.12404662370681763,0.1649348941942056
90,0.12373999506235123,0.16448220299495445
91,0.12359227240085602,0.1640377472276273
92,0.1233932375907898,0.1636007094895968
93,0.12294802069664001,0.16316823407690575
94,0.12259659171104431,0.1627411641572651
95,0.12234535813331604,0.1623203745111823
96,0.1217731311917305,0.161902361693456
97,0.12136867642402649,0.16148875266009446
98,0.12021897733211517,0.16107188624264013
99,0.11943177878856659,0.1606554851680994
100,0.1176106333732605,0.1572209081798792
101,0.11673102527856827,0.15400644943118094
102,0.11617226898670197,0.15100520581007004
103,0.11553709208965302,0.14821457907557486
104,0.1149701476097107,0.14564169630408286
105,0.11446414887905121,0.14326326847076415
106,0.11271537095308304,0.14108980812132357
107,0.11136389523744583,0.13909258529543878
108,0.11050257086753845,0.1372343711555004
109,0.10749104619026184,0.13549667820334435
110,0.10475901514291763,0.13390478573739528
111,0.10548031330108643,0.1324253087490797
112,0.10642914474010468,0.13107437796890736
113,0.10218693315982819,0.1297439559549093
114,0.10205288231372833,0.12851789124310017
115,0.10243164747953415,0.1273772570490837
116,0.10135410726070404,0.12632130652666093
117,0.09862461686134338,0.12530991226434707
118,0.09850026667118073,0.12438527926802635
119,0.09791572391986847,0.12354523539543152
120,0.0975540354847908,0.12278110451996327
121,0.09598180651664734,0.12209386296570301
122,0.09383080154657364,0.12148360207676888
123,0.09473543614149094,0.12095017857849598
124,0.09332279860973358,0.1204659117013216
125,0.09274490177631378,0.12001178599894047
126,0.09411965310573578,0.119618606492877
127,0.09222288429737091,0.11923027731478214
128,0.09124427288770676,0.11884807303547859
129,0.09240387380123138,0.11847988605499267
130,0.09162203222513199,0.11810892663896083
131,0.09140225499868393,0.11774144142866134
132,0.09104443341493607,0.11738306887447834
133,0.08899664133787155,0.1170130980014801
134,0.08954114466905594,0.11664840124547482
135,0.08984287828207016,0.11628908976912498
136,0.09013718366622925,0.11593227446079254
137,0.08952561020851135,0.11557046324014664
138,0.08956903964281082,0.115209466740489
139,0.0889386385679245,0.11484203808009624
140,0.08974404633045197,0.11448274947702884
141,0.08819516003131866,0.11410818077623844
142,0.08774222433567047,0.11372937954962253
143,0.08793805539608002,0.11335202865302563
144,0.08793356269598007,0.11297457233071327
145,0.08831621706485748,0.11260092481970788
146,0.08925025165081024,0.11223738491535187
147,0.08833633363246918,0.1118645603954792
148,0.08861525356769562,0.11149444311857223
149,0.08867529034614563,0.11112514078617096
150,0.08968803286552429,0.11076575726270675
151,0.08808791637420654,0.1103912727534771
152,0.08804440498352051,0.11001619964838028
153,0.08687055110931396,0.10962914600968361
154,0.0881732851266861,0.10925502747297287
155,0.08715596795082092,0.10887114256620407
156,0.08627854287624359,0.1084787467122078
157,0.08599510788917542,0.10808339595794678
158,0.08692118525505066,0.10769728064537049
159,0.08636587858200073,0.10730556309223176
160,0.08677953481674194,0.10691808879375458
161,0.08718786388635635,0.1065347845107317
162,0.08597033470869064,0.1061397647857666
163,0.08673466742038727,0.1057523638010025
164,0.08572833240032196,0.10535495772957802
165,0.08673170208930969,0.10496794044971466
166,0.08617009967565536,0.10457524918019771
167,0.08566740155220032,0.10417797170579433
168,0.08517809212207794,0.10377603702247143
169,0.08519363403320312,0.10337393663823605
170,0.08500684797763824,0.10297090850770474
171,0.08538393676280975,0.10257077060639858
172,0.08398429304361343,0.10215692684054374
173,0.08550223708152771,0.10175880953669549
174,0.08551755547523499,0.10136119589209557
175,0.0849335566163063,0.1009574729949236
176,0.08554109930992126,0.10056073345243931
177,0.08425300568342209,0.10015064835548401
178,0.08499842882156372,0.09974865153431893
179,0.08496059477329254,0.09934666872024536
180,0.08371073752641678,0.09893265269696712
181,0.08516858518123627,0.09853357709944248
182,0.08514243364334106,0.09813437350094319
183,0.08388137817382812,0.09772414587438107
184,0.0845731869339943,0.09732086114585399
185,0.08506125211715698,0.09692258588969707
186,0.08480079472064972,0.09652407310903072
187,0.0832534059882164,0.0961129079759121
188,0.08379525691270828,0.0957066535204649
189,0.08583897352218628,0.09532457701861859
190,0.08469174057245255,0.0949340944737196
191,0.08447059988975525,0.09454287774860859
192,0.08405669033527374,0.09414951227605343
193,0.08474192768335342,0.09376745134592056
194,0.08386402577161789,0.0933801256865263
195,0.08379696309566498,0.09299464173614978
196,0.08449635654687881,0.09262187398970127
197,0.08374927937984467,0.09224568001925945
198,0.08332273364067078,0.091876717582345
199,0.0834532082080841,0.09151693187654018
200,0.08353100717067719,0.09117613561451435
201,0.08282704651355743,0.09083709582686424
202,0.08287745714187622,0.09050414770841599
203,0.08220663666725159,0.09017084315419197
204,0.08402100205421448,0.08986135169863702
205,0.0834609791636467,0.08955132000148297
206,0.0829443484544754,0.08925360977649689
207,0.08281593769788742,0.08896813020110131
208,0.08315609395503998,0.08869466543197632
209,0.08288057148456573,0.08844856068491935
210,0.0835854560136795,0.08823682509362697
211,0.08326365798711777,0.08801465854048729
212,0.0826510488986969,0.08777687758207321
213,0.08323217928409576,0.08758733004331588
214,0.08364361524581909,0.08740323737263679
215,0.08244568109512329,0.08720337770879269
216,0.08329518139362335,0.08702278845012187
217,0.08196229487657547,0.0868561652302742
218,0.08292347192764282,0.08670039728283882
219,0.08299235254526138,0.08655116356909275
220,0.08242751657962799,0.08639989838004113
221,0.08257757872343063,0.08626585610210896
222,0.08213543891906738,0.0861489024758339
223,0.08196414262056351,0.08602118954062461
224,0.08134777843952179,0.0859014393389225
225,0.0812654197216034,0.0857866445183754
226,0.08097629249095917,0.08565521091222764
227,0.08220897614955902,0.08555507183074951
228,0.0806579440832138,0.08544920854270459
229,0.08256330341100693,0.08535080283880234
230,0.08211388438940048,0.08525572136044503
231,0.08150911331176758,0.08515678994357585
232,0.0816875770688057,0.08506322138011456
233,0.08050235360860825,0.08497827850282193
234,0.08173900842666626,0.08490025714039802
235,0.08135794848203659,0.08481540784239769
236,0.08133915811777115,0.08472742758691311
237,0.08330202847719193,0.08466519176959991
238,0.08006389439105988,0.0845701403170824
239,0.081705242395401,0.08449780635535717
240,0.08152443170547485,0.0844156102091074
241,0.08087043464183807,0.0843423629552126
242,0.08065123856067657,0.08427145309746266
243,0.07967374473810196,0.08418880999088288
244,0.08194799721240997,0.08412895433604717
245,0.08059173822402954,0.0840517095476389
246,0.08018346130847931,0.08396104164421558
247,0.08067166805267334,0.08388439498841763
248,0.08005494624376297,0.0837987919151783
249,0.08025919646024704,0.08371463097631932
250,0.08103948831558228,0.08362814553081989
251,0.07895635068416595,0.08353682987391949
252,0.08050770312547684,0.08346146285533905
253,0.0802898183465004,0.08339565552771092
254,0.08148185908794403,0.0833287412673235
255,0.08096300065517426,0.08326681159436702
256,0.07995777577161789,0.08320360392332077
257,0.08018989861011505,0.08314555183053017
258,0.0786551684141159,0.08306289166212082
259,0.07842341810464859,0.0829834670573473
260,0.079189732670784,0.08290756903588772
261,0.07872425019741058,0.08282293289899827
262,0.08000384271144867,0.08276326797902583
263,0.08149498701095581,0.08271087117493153
264,0.07953044772148132,0.08264889232814313
265,0.07833859324455261,0.08256496123969555
266,0.07986603677272797,0.08250192061066627
267,0.07981617748737335,0.08244340837001801
268,0.08066307008266449,0.08239825814962387
269,0.08017581701278687,0.0823480799794197
270,0.07821378111839294,0.08228014931082725
271,0.07914150506258011,0.08221772499382496
272,0.0786353349685669,0.0821642354130745
273,0.07934512943029404,0.08210266433656216
274,0.08066973835229874,0.08205418616533279
275,0.07908838242292404,0.08199573442339897
276,0.07946710288524628,0.08193499445915223
277,0.07797450572252274,0.08187220945954322
278,0.07828344404697418,0.08180505961179733
279,0.07860925793647766,0.08174154624342918
280,0.07834510505199432,0.08168788991868496
281,0.0793224424123764,0.08162942849099636
282,0.07804742455482483,0.0815584784001112
283,0.07797755300998688,0.08149944014847278
284,0.0788283422589302,0.08144199170172214
285,0.07753798365592957,0.08136675901710987
286,0.07834836840629578,0.08130223475396633
287,0.07818455994129181,0.08125154629349708
288,0.07845999300479889,0.081198193654418
289,0.07755827903747559,0.08111538670957089
290,0.07841136306524277,0.08105258293449878
291,0.07784803211688995,0.08098635725677013
292,0.07792562246322632,0.08092504657804966
293,0.07732148468494415,0.08085084214806557
294,0.07838896661996841,0.08079609155654907
295,0.07776746898889542,0.08073579661548137
296,0.07657140493392944,0.08065654709935188
297,0.07743002474308014,0.08059335455298423
298,0.0790853351354599,0.08055098056793213
299,0.07839812338352203,0.0805004297196865
300,0.07756032794713974,0.08044072292745114
301,0.07906448841094971,0.08040309734642506
302,0.07716519385576248,0.08034597471356392
303,0.07702366262674332,0.08029414497315884
304,0.07688859105110168,0.08022282086312771
305,0.07761866599321365,0.08016439773142338
306,0.07683543115854263,0.08010330855846405
307,0.07560394704341888,0.08003118865191937
308,0.07713882625102997,0.07997101597487927
309,0.07585828006267548,0.07990079306066036
310,0.07634419202804565,0.07982838042080402
311,0.07675130665302277,0.07976325690746307
312,0.07607665657997131,0.07969751298427581
313,0.07590804994106293,0.07962427169084549
314,0.07692128419876099,0.0795570483803749
315,0.07550834119319916,0.07948767498135567
316,0.07801882922649384,0.07943491145968437
317,0.07751797139644623,0.07939046822488308
318,0.07720252871513367,0.07933325879275799
319,0.07551528513431549,0.07925848811864852
320,0.07708535343408585,0.07920506648719311
321,0.0757606104016304,0.07913689680397511
322,0.07773099839687347,0.07909285239875316
323,0.07459196448326111,0.07901913061738014
324,0.07607826590538025,0.07896643549203873
325,0.076698437333107,0.07892076566815376
326,0.07697435468435287,0.0788807462900877
327,0.07598619163036346,0.07881851844489575
328,0.07597280293703079,0.07877166703343391
329,0.076462022960186,0.0787106542289257
330,0.07686838507652283,0.07865819923579692
331,0.07595369219779968,0.07860264502465725
332,0.07630088180303574,0.07854877807199954
333,0.07382570207118988,0.07848201155662536
334,0.07482634484767914,0.0784128849208355
335,0.07551760971546173,0.07835448153316975
336,0.07412010431289673,0.078282290995121
337,0.07589040696620941,0.07820817478001117
338,0.07521538436412811,0.07815968967974186
339,0.07556475698947906,0.07809828482568264
340,0.07667464017868042,0.0780497869104147
341,0.07472467422485352,0.07798832930624484
342,0.07542634010314941,0.07793608032166958
343,0.07424218952655792,0.07788176476955413
344,0.07458943128585815,0.07780817911028862
345,0.07542676478624344,0.07775652937591077
346,0.07579439133405685,0.07771263867616654
347,0.07521899044513702,0.07765811190009117
348,0.07396376132965088,0.07759720005095005
349,0.07523767650127411,0.07754698485136031
350,0.07329991459846497,0.07746958911418915
351,0.07393032312393188,0.0774193288385868
352,0.07351861894130707,0.07734943799674511
353,0.07425545156002045,0.07728909432888031
354,0.0745815634727478,0.07722009137272835
355,0.07328513264656067,0.07714331269264221
356,0.07289247959852219,0.07707265973091125
357,0.07418341934680939,0.0770125949382782
358,0.07498899102210999,0.07697593316435813
359,0.07339116930961609,0.07692561067640781
360,0.0735931247472763,0.07686964459717274
361,0.07420550286769867,0.07682445712387562
362,0.07372581213712692,0.0767616768181324
363,0.07330048084259033,0.07667973175644875
364,0.07366009056568146,0.07662102818489075
365,0.07358892261981964,0.07657353147864342
366,0.07214488834142685,0.0764963199943304
367,0.07313674688339233,0.07642952568829059
368,0.07292500138282776,0.07635214500129223
369,0.07198300957679749,0.07627021692693234
370,0.07250753045082092,0.07621315442025661
371,0.07322907447814941,0.07615403011441231
372,0.07234653830528259,0.07609114214777947
373,0.07241174578666687,0.0760218083113432
374,0.0723179280757904,0.0759382902085781
375,0.072838693857193,0.0758757933229208
376,0.07200007140636444,0.07580112300813198
377,0.0723758190870285,0.07574513614177704
378,0.07181842625141144,0.07568048596382142
379,0.07244929671287537,0.07561888635158538
380,0.07340504229068756,0.07556948572397232
381,0.07245592772960663,0.07550082057714462
382,0.07240274548530579,0.07544437378644943
383,0.07077592611312866,0.07537235751748085
384,0.07130780816078186,0.07529715217649936
385,0.07236278057098389,0.07524540014564991
386,0.07254144549369812,0.07518733091652394
387,0.0718194842338562,0.07512368015944958
388,0.07188019156455994,0.07505788214504719
389,0.07351872324943542,0.07501748658716678
390,0.07288821041584015,0.07496225506067276
391,0.07125728577375412,0.0748963475972414
392,0.07069186121225357,0.07482400998473167
393,0.07062561810016632,0.0747570513188839
394,0.07062232494354248,0.07467938490211963
395,0.0703561007976532,0.07460527122020721
396,0.0699755996465683,0.0745393131673336
397,0.0716530978679657,0.07448154389858246
398,0.0704445093870163,0.07439513564109802
399,0.07109081000089645,0.07432206250727176
400,0.07055258005857468,0.07425198502838612
401,0.06968115270137787,0.0741581516712904
402,0.0736188217997551,0.07412268795073032
403,0.0715605840086937,0.07406805716454982
404,0.0705733671784401,0.0740049049258232
405,0.07113704085350037,0.07394008867442609
406,0.07060675323009491,0.0738778018951416
407,0.07218440622091293,0.07384360648691654
408,0.07138761878013611,0.0737860944122076
409,0.07123401015996933,0.07373985171318054
410,0.06999491155147552,0.07367635890841484
411,0.07168009877204895,0.0736256468296051
412,0.07183562219142914,0.07358323648571968
413,0.0703737735748291,0.07352789372205734
414,0.06971187889575958,0.07345579966902732
415,0.07111643999814987,0.07341188065707684
416,0.06979905068874359,0.07332968287169933
417,0.07089808583259583,0.07326348401606082
418,0.06943151354789734,0.07318577386438846
419,0.06998861581087112,0.07313050717115402
420,0.07049436122179031,0.07306459724903107
421,0.07014322280883789,0.07300842337310315
422,0.06999991089105606,0.07293111249804497
423,0.07078947871923447,0.0728930876404047
424,0.06924611330032349,0.07282476611435414
425,0.0693265050649643,0.07275104679167271
426,0.06992378830909729,0.07268054112792015
427,0.07053627073764801,0.072626041918993
428,0.07008443772792816,0.07256715826690197
429,0.06929120421409607,0.07249545007944107
430,0.0690130889415741,0.07241689711809159
431,0.06935705244541168,0.0723509307205677
432,0.06807245314121246,0.07226864643394947
433,0.0693294107913971,0.07222368352115155
434,0.06895225495100021,0.07216494262218476
435,0.07001692056655884,0.07210993573069573
436,0.07020065188407898,0.07207074120640755
437,0.06876197457313538,0.0719994568824768
438,0.06883905827999115,0.07193569362163543
439,0.06742402911186218,0.07185428634285927
440,0.07024741172790527,0.07179001405835152
441,0.0676090270280838,0.07171885758638381
442,0.0692770928144455,0.07165736511349678
443,0.06717126816511154,0.07158665589988232
444,0.06718423962593079,0.07151260398328305
445,0.06768099963665009,0.0714351463317871
446,0.06922852993011475,0.07136948771774769
447,0.06825599074363708,0.07129985772073269
448,0.06823775172233582,0.07124259762465954
449,0.06829822808504105,0.0711732031404972
450,0.06866338849067688,0.07112683787941933
451,0.06773713231086731,0.07106490597128869
452,0.06849947571754456,0.07101471453905106
453,0.06710220128297806,0.07094318203628064
454,0.06728721410036087,0.07087023854255677
455,0.0668552964925766,0.07080594018101692
456,0.0672072321176529,0.07074908770620823
457,0.06839203834533691,0.0706911738961935
458,0.06678842008113861,0.0706091681867838
459,0.06723013520240784,0.0705475578457117
460,0.06773251295089722,0.07048895172774791
461,0.06741476058959961,0.07042104430496693
462,0.06625166535377502,0.0703463028371334
463,0.06766757369041443,0.07028997376561165
464,0.06717293709516525,0.07022510223090649
465,0.06688307225704193,0.07015804372727871
466,0.06709179282188416,0.07010751277208328
467,0.06610330939292908,0.07003717839717866
468,0.06640934944152832,0.06997202187776566
469,0.06762401014566422,0.06992843188345432
470,0.06599049270153046,0.06986326150596142
471,0.0660804808139801,0.06979177556931973
472,0.0662650316953659,0.06973096050322056
473,0.06623942404985428,0.06966923728585243
474,0.06573878228664398,0.06960344582796096
475,0.06519562005996704,0.06952701508998871
476,0.06734829396009445,0.06948049731552601
477,0.06558071076869965,0.06941254623234272
478,0.06528809666633606,0.06934724293649197
479,0.0657765120267868,0.06928051508963108
480,0.06566493213176727,0.06920311398804188
481,0.06543703377246857,0.0691329250484705
482,0.06415549665689468,0.06905045256018638
483,0.06484682112932205,0.06899116151034831
484,0.06450895965099335,0.06892317302525043
485,0.0649954229593277,0.06884949944913388
486,0.06448163837194443,0.06876890137791633
487,0.06570076942443848,0.06870771422982216
488,0.06369899213314056,0.06862590223550796
489,0.06525668501853943,0.06854328185319901
490,0.06645110249519348,0.06847891077399254
491,0.06465533375740051,0.068412891253829
492,0.06424276530742645,0.06834840029478073
493,0.06422236561775208,0.06828436776995658
494,0.06574518978595734,0.06823559641838074
495,0.06458930671215057,0.06817792847752571
496,0.06424105167388916,0.06812058299779893
497,0.06478427350521088,0.06805189475417137
498,0.06525656580924988,0.06800001531839371
499,0.06441603600978851,0.06793326757848263
500,0.06388528645038605,0.06786659464240075
501,0.06388038396835327,0.0678085869550705
502,0.06323638558387756,0.06770476259291172
503,0.06483325362205505,0.06763748928904534
504,0.06494424492120743,0.067581198066473
505,0.06398379802703857,0.06750966563820839
506,0.06281468272209167,0.06743174493312835
507,0.0640283077955246,0.06735018394887447
508,0.06349547207355499,0.06727126248180866
509,0.06322934478521347,0.0671912158280611
510,0.06242296099662781,0.06711549632251262
511,0.06371381878852844,0.06703583352267742
512,0.06215681880712509,0.06693904548883438
513,0.06297104805707932,0.06686501823365688
514,0.06352940201759338,0.06680319346487522
515,0.06310641765594482,0.06672309324145317
516,0.06281059980392456,0.06665320873260498
517,0.0635414719581604,0.06657964259386062
518,0.06264732778072357,0.06651180073618888
519,0.062338486313819885,0.06643529944121837
520,0.06169169023633003,0.06634727273136377
521,0.06314601749181747,0.06627730067819357
522,0.062340669333934784,0.06620070826262235
523,0.06234639137983322,0.06611627738922835
524,0.06404228508472443,0.06606423910707235
525,0.06306181102991104,0.06600159216672181
526,0.0619870126247406,0.06592222440987826
527,0.061594925820827484,0.06583281096071004
528,0.06248129531741142,0.06575677953660489
529,0.06217111274600029,0.06568557862192392
530,0.06129596382379532,0.06560840737074614
531,0.061646707355976105,0.06553130391985178
532,0.06094234809279442,0.0654600028693676
533,0.062475625425577164,0.0653914650157094
534,0.06169169023633003,0.0653188593685627
535,0.06155139207839966,0.06523420408368111
536,0.06081148236989975,0.06514031238853932
537,0.06194116547703743,0.06507210429757833
538,0.06076395884156227,0.06499135330319404
539,0.060891225934028625,0.06492602527141571
540,0.061498772352933884,0.064838538877666
541,0.06099162995815277,0.06477236490696668
542,0.06021309271454811,0.06468172490596771
543,0.060384202748537064,0.06461385425180197
544,0.060532137751579285,0.06454733323305845
545,0.061640314757823944,0.06448692638427019
546,0.06028242036700249,0.06439746528863907
547,0.06124896556138992,0.0643273950368166
548,0.0600869283080101,0.06424588680267335
549,0.060358427464962006,0.06416648879647255
550,0.06026752293109894,0.06408253014087677
551,0.0603194534778595,0.06400835335254669
552,0.0602169893682003,0.06392552848905325
553,0.05914292484521866,0.06384593572467566
554,0.06084473431110382,0.06378151092678308
555,0.060610733926296234,0.06371906530112029
556,0.059084195643663406,0.06363783493638038
557,0.058530814945697784,0.06353922270238399
558,0.05926871299743652,0.06346402563154697
559,0.05883803963661194,0.06338010467588902
560,0.0596746951341629,0.06329952649772168
561,0.05894685909152031,0.06321484748274088
562,0.05842607468366623,0.06313659157603979
563,0.059098709374666214,0.0630509029328823
564,0.05918388068675995,0.06297101236879826
565,0.059083715081214905,0.06289301879703998
566,0.058773528784513474,0.06280983615666628
567,0.05885828286409378,0.06273738589137792
568,0.05884116142988205,0.06266170401126146
569,0.059086672961711884,0.06257633063942195
570,0.059674859046936035,0.06251317430287599
571,0.05839800089597702,0.06243634950369596
572,0.058716341853141785,0.06236086260527372
573,0.05952071771025658,0.062293675541877744
574,0.05804847180843353,0.06221677243709564
575,0.058751799166202545,0.062152334228157996
576,0.057002872228622437,0.06204888001084328
577,0.057974591851234436,0.06197281882166863
578,0.05677364394068718,0.06188767429441214
579,0.05737268179655075,0.06180363599210978
580,0.05701214447617531,0.06171710811555386
581,0.05788735672831535,0.06164161134511233
582,0.058215267956256866,0.06158220905810594
583,0.05750555545091629,0.06150879640132189
584,0.0583605095744133,0.061447311900556086
585,0.05799298733472824,0.06137728754431009
586,0.05777161940932274,0.061310187354683875
587,0.05740434676408768,0.06122722312808037
588,0.05664834752678871,0.06115671668201685
589,0.056644417345523834,0.061070594005286694
590,0.056684523820877075,0.060972928218543526
591,0.057630617171525955,0.06090268105268479
592,0.05678648501634598,0.06082811824977398
593,0.056333765387535095,0.06074923224747181
594,0.05663786828517914,0.06065815903246403
595,0.056825608015060425,0.06058052204549313
596,0.05669113248586655,0.0605050228536129
597,0.05631968379020691,0.06042037695646286
598,0.057392530143260956,0.06034173659980297
599,0.05589314550161362,0.06025650769472122
600,0.05590319633483887,0.06017668679356575
601,0.057028982788324356,0.06010817278176546
602,0.05607152357697487,0.060036524161696435
603,0.05664800852537155,0.0599546717107296
604,0.05750711262226105,0.059880300387740136
605,0.05600971728563309,0.05980055958032608
606,0.05520698428153992,0.059724482595920565
607,0.05449996888637543,0.05962919920682907
608,0.05624012649059296,0.05955664575099945
609,0.05489044636487961,0.059473256766796115
610,0.055887386202812195,0.059407901018857956
611,0.055785924196243286,0.05932862207293511
612,0.055637478828430176,0.059263428673148155
613,0.05507856607437134,0.05918450385332107
614,0.05611779913306236,0.059110387824475766
615,0.055334385484457016,0.059032667502760885
616,0.05591893941164017,0.05896375089883804
617,0.05516030639410019,0.05887993924319744
618,0.05512748658657074,0.05880474083125591
619,0.055410467088222504,0.05873546063899994
620,0.05483322590589523,0.05866687599569559
621,0.0547054186463356,0.058582470007240775
622,0.05476733297109604,0.05850673664361238
623,0.05480020120739937,0.05843127474188805
624,0.05469873547554016,0.058337839245796205
625,0.05562952533364296,0.05826351638883352
626,0.05547031760215759,0.058198349438607695
627,0.054652877151966095,0.05812892895191908
628,0.05413603037595749,0.05804547630250454
629,0.05480523034930229,0.05797181747853756
630,0.05507957935333252,0.05790965363383293
631,0.05442764610052109,0.05783746302127838
632,0.05486518517136574,0.057776691392064095
633,0.05407598614692688,0.057692694999277594
634,0.05394696816802025,0.057615247778594496
635,0.053958527743816376,0.05753931913524866
636,0.05362093448638916,0.05746741365641356
637,0.05310894548892975,0.05737909145653248
638,0.05312572419643402,0.057302709110081194
639,0.05565750598907471,0.057250371910631655
640,0.05402190610766411,0.05717560324817896
641,0.0540083572268486,0.05710577052086592
642,0.052456967532634735,0.05702820926904678
643,0.05424933135509491,0.05696686055511236
644,0.052707064896821976,0.05688860982656479
645,0.053536996245384216,0.05680757664144039
646,0.05292322114109993,0.05673398464918136
647,0.05401148274540901,0.05666160982102156
648,0.05444246530532837,0.05660516519099474
649,0.05382145196199417,0.05653979543596506
650,0.05276881158351898,0.05646480832248926
651,0.05347999185323715,0.056396413706243036
652,0.05361534282565117,0.056330397240817544
653,0.05418830364942551,0.056280851028859616
654,0.05267592519521713,0.05619916293770075
655,0.052953578531742096,0.05612259138375521
656,0.052219539880752563,0.0560539448261261
657,0.0528591051697731,0.05599722772836685
658,0.053080275654792786,0.055935343354940416
659,0.05234287679195404,0.055870391726493836
660,0.053422875702381134,0.05580787353217602
661,0.053176149725914,0.05575016643851995
662,0.05343257635831833,0.05570023145526647
663,0.05381302163004875,0.0556473745778203
664,0.05371588096022606,0.05559269458055496
665,0.05203332006931305,0.055522190630435946
666,0.05198848992586136,0.05545434024184942
667,0.052707452327013016,0.05539283193647861
668,0.05228579789400101,0.0553272783011198
669,0.05195366591215134,0.0552559482306242
670,0.05227673053741455,0.05518196694552899
671,0.05142682045698166,0.05511225514113903
672,0.05238711088895798,0.05504896283149719
673,0.05234624817967415,0.054977218136191365
674,0.05243687331676483,0.05492110215127468
675,0.05150151997804642,0.05484859935939312
676,0.05175989866256714,0.054796169623732564
677,0.05174250155687332,0.05473384872078896
678,0.051094718277454376,0.05467705946415663
679,0.0515068881213665,0.054618401527404783
680,0.05233257636427879,0.05457160584628582
681,0.0521232895553112,0.05451396517455578
682,0.051689863204956055,0.05444871112704277
683,0.05164281278848648,0.05439008370041847
684,0.051101893186569214,0.054317497536540034
685,0.052653975784778595,0.054264107421040535
686,0.05231703072786331,0.05420956153422594
687,0.0511125847697258,0.054146643914282325
688,0.05108850449323654,0.054091045483946804
689,0.05204799771308899,0.05404508128762245
690,0.051061488687992096,0.0539888509362936
691,0.05131014063954353,0.05392564617097378
692,0.05176032334566116,0.05387538455426693
693,0.05118329077959061,0.05382387980818749
694,0.050528138875961304,0.0537627825140953
695,0.051969245076179504,0.0537142188847065
696,0.05134002864360809,0.05366070784628391
697,0.051071636378765106,0.0536082273721695
698,0.05183502286672592,0.053552652299404147
699,0.05084044486284256,0.053502125293016435
700,0.0511806458234787,0.05345489978790283
701,0.05080182105302811,0.05339262817054987
702,0.05075833946466446,0.053339496329426764
703,0.050816021859645844,0.05328117646276951
704,0.05118264630436897,0.053217931799590584
705,0.04975327104330063,0.05315536733716726
706,0.05115383118391037,0.05311483580619097
707,0.05038466304540634,0.05307368274778128
708,0.05097160115838051,0.053020997494459154
709,0.04982338100671768,0.05297032684087753
710,0.05079221725463867,0.052919375151395796
711,0.04927428066730499,0.05285425871610641
712,0.04940400645136833,0.052791923992335794
713,0.04983287304639816,0.05273946706205607
714,0.05086717754602432,0.05268696084618568
715,0.05053813010454178,0.05263899829238653
716,0.049941834062337875,0.05257922723889351
717,0.04976961761713028,0.05252532035112381
718,0.04934978485107422,0.052467543333768844
719,0.0499565415084362,0.05241300407797098
720,0.05000960826873779,0.052364767901599406
721,0.05028899386525154,0.052320603653788565
722,0.04970764368772507,0.052270006760954855
723,0.05038897320628166,0.05222589448094368
724,0.04769274592399597,0.05215583458542824
725,0.04894784837961197,0.05208901781588793
726,0.05025690793991089,0.05203688371926546
727,0.04836518317461014,0.051974006779491905
728,0.049007855355739594,0.05192272502928972
729,0.04841502010822296,0.05185882292687893
730,0.0486823208630085,0.05179485034197569
731,0.0489998534321785,0.051740572415292264
732,0.04872937873005867,0.051679214350879195
733,0.04826585203409195,0.05162111300975084
734,0.049010470509529114,0.05157174803316593
735,0.048655878752470016,0.05151872154325247
736,0.047951191663742065,0.051462024115026
737,0.04778273031115532,0.051408761963248256
738,0.0482182539999485,0.0513596872612834
739,0.047894153743982315,0.051282053738832475
740,0.048161156475543976,0.051223446242511274
741,0.047647200524806976,0.05115983467549086
742,0.0476786345243454,0.051112051345407965
743,0.04842887818813324,0.05105384681373835
744,0.04820401966571808,0.05100881636142731
745,0.047845710068941116,0.05095190349966287
746,0.04787763953208923,0.05090144768357277
747,0.04743107035756111,0.05083564355969429
748,0.046711184084415436,0.05075833074748516
749,0.046860769391059875,0.05068872392177582
750,0.04680601879954338,0.050629095993936064
751,0.04644448682665825,0.05055874094367027
752,0.04656177759170532,0.050488205291330815
753,0.047267261892557144,0.050418994873762134
754,0.04627877473831177,0.05035502336919308
755,0.04535417631268501,0.050279029347002506
756,0.04718742519617081,0.05022870820015669
757,0.04551311954855919,0.05015524834394455
758,0.04458247497677803,0.0500702703371644
759,0.04648597165942192,0.05001170128583908
760,0.04521660879254341,0.049929638616740706
761,0.04579087346792221,0.04985578585416078
762,0.044998425990343094,0.04977144435048103
763,0.04505246505141258,0.04968383878469467
764,0.04590912535786629,0.049605771228671075
765,0.044937003403902054,0.04953480806201696
766,0.04405580461025238,0.049455481208860876
767,0.04409392923116684,0.049369345977902414
768,0.04380258545279503,0.04928451385349035
769,0.04509234055876732,0.049215900599956515
770,0.04426130652427673,0.049135746359825136
771,0.04502009600400925,0.04907167911529541
772,0.0433138906955719,0.04898094691336155
773,0.044032804667949677,0.048897812478244304
774,0.044406648725271225,0.048817510232329366
775,0.044006600975990295,0.048742561042308806
776,0.04453815519809723,0.04867034360766411
777,0.04464726150035858,0.04859939120709896
778,0.043182000517845154,0.048520264029502866
779,0.04276864975690842,0.04843288164585829
780,0.043925732374191284,0.048348813205957415
781,0.042247653007507324,0.04825005684047937
782,0.04261607676744461,0.04815931897610426
783,0.043561480939388275,0.04807850565761328
784,0.04209952801465988,0.04798848200589419
785,0.04301053658127785,0.04789204761385918
786,0.04209616035223007,0.04778983891010284
787,0.04349017143249512,0.047713614776730535
788,0.04249456897377968,0.04762767542153597
789,0.042520344257354736,0.047532398886978626
790,0.041767019778490067,0.047439454197883604
791,0.04207377880811691,0.04734709057956934
792,0.04191293567419052,0.047248616702854636
793,0.041931770741939545,0.04715610150247812
794,0.04209047183394432,0.04707172483205795
795,0.041881270706653595,0.046970845088362696
796,0.04130100458860397,0.04687045484781265
797,0.042461760342121124,0.046784356087446216
798,0.040529362857341766,0.04667129948735237
799,0.04055043309926987,0.04656839936971664
800,0.040502700954675674,0.04646161992102862
801,0.041266243904829025,0.04636626414954662
802,0.041701436042785645,0.046275695115327836
803,0.04156526178121567,0.04618318751454353
804,0.041259340941905975,0.046083954460918904
805,0.040729179978370667,0.045993713550269606
806,0.03953252732753754,0.045877500511705874
807,0.04147721081972122,0.04578842598944902
808,0.04039834439754486,0.04568269342184067
809,0.04052478447556496,0.04558970745652914
810,0.04166606441140175,0.04549844592809677
811,0.04186034947633743,0.0454243066161871
812,0.039472684264183044,0.04532499339431524
813,0.04031548649072647,0.04522981952875853
814,0.040759455412626266,0.045128742307424544
815,0.039951711893081665,0.045022878125309945
816,0.039600253105163574,0.0449194623157382
817,0.04019790142774582,0.04482374515384436
818,0.040614522993564606,0.04473639253526926
819,0.040836356580257416,0.04464519068598747
820,0.040277063846588135,0.044547865241765974
821,0.039940640330314636,0.044444381706416604
822,0.04103488102555275,0.04435765407979488
823,0.04055441915988922,0.04425930853933096
824,0.03872799128293991,0.0441696609929204
825,0.03884150832891464,0.044068597592413425
826,0.04054133594036102,0.04397144187241793
827,0.04012328013777733,0.043889022842049596
828,0.04018562659621239,0.043800800554454324
829,0.03859349340200424,0.04370258528739214
830,0.039293672889471054,0.04360869880765676
831,0.04124384745955467,0.04353113874793053
832,0.041201040148735046,0.04345585536211729
833,0.03841449320316315,0.043357341773808004
834,0.04043029621243477,0.04327154003083706
835,0.04008857160806656,0.04318586695939303
836,0.039381325244903564,0.04310016829520464
837,0.03904111683368683,0.043012752160429955
838,0.03833581507205963,0.042913927771151064
839,0.03991248458623886,0.042834111079573634
840,0.04009295627474785,0.04275342907756567
841,0.03901449218392372,0.04266710199415684
842,0.038664691150188446,0.042576962560415266
843,0.03858914598822594,0.04247856523841619
844,0.03899650648236275,0.042386490106582644
845,0.039590198546648026,0.04230393499135971
846,0.040565818548202515,0.042230816781520845
847,0.039178695529699326,0.042148293033242225
848,0.03968775272369385,0.04207805871963501
849,0.0385383702814579,0.04199483472853899
850,0.037810318171978,0.04190487772226334
851,0.039128512144088745,0.04183171797543764
852,0.03858296573162079,0.041751929856836796
853,0.03787615895271301,0.04165801882743835
854,0.038973260670900345,0.04158496368676424
855,0.03942527249455452,0.041525674648582936
856,0.03942812979221344,0.041448081694543365
857,0.038065746426582336,0.041373607963323594
858,0.038720130920410156,0.04131498452275992
859,0.03862207382917404,0.04123634554445744
860,0.03846193850040436,0.04116879884153604
861,0.03926047682762146,0.04110349487513304
862,0.03917418420314789,0.04104525245726109
863,0.03841488063335419,0.0409788766130805
864,0.03715495020151138,0.04089133486151695
865,0.03845016658306122,0.040826466493308546
866,0.039548639208078384,0.040781394839286805
867,0.039265118539333344,0.04073310673236847
868,0.03689087554812431,0.04066398963332176
869,0.03756453096866608,0.040588711537420746
870,0.03788093477487564,0.040524907819926737
871,0.038131825625896454,0.040456025116145614
872,0.03686705231666565,0.040391556732356546
873,0.038894347846508026,0.04034017216414213
874,0.038004472851753235,0.040276150405406955
875,0.03827890008687973,0.04021887339651584
876,0.037809327244758606,0.04015158511698246
877,0.03720567375421524,0.040077169239521024
878,0.037306077778339386,0.04001841001212597
879,0.03677702322602272,0.03995849374681711
880,0.03780760616064072,0.039897312484681605
881,0.037963829934597015,0.039854474253952506
882,0.03746709227561951,0.03980298440903425
883,0.03725946694612503,0.03973996426910162
884,0.03751782327890396,0.03969414722174406
885,0.03706200048327446,0.039634661860764024
886,0.03700806573033333,0.03958378091454506
887,0.036870114505290985,0.039517580345273015
888,0.03816620633006096,0.03947429671883583
889,0.03665588051080704,0.03941565208137035
890,0.037001386284828186,0.03936799574643374
891,0.03691944479942322,0.0393164524063468
892,0.03708523511886597,0.039268175400793554
893,0.036715783178806305,0.03921601552516222
894,0.036362409591674805,0.03915873490273952
895,0.03733281046152115,0.0391132503002882
896,0.03583614528179169,0.03905860170722008
897,0.03664718195796013,0.03900045592337847
898,0.037351615726947784,0.03896867845207453
899,0.037738136947155,0.03894055549055338
900,0.03729542717337608,0.038908482752740385
901,0.03747481107711792,0.03887056842446327
902,0.03574119135737419,0.038810965977609156
903,0.03726513311266899,0.03876796469092369
904,0.037045568227767944,0.03872582696378231
905,0.03671885281801224,0.03868572369217873
906,0.03692648559808731,0.03865966327488422
907,0.03678218275308609,0.038612712994217875
908,0.03676817566156387,0.038576411306858065
909,0.037259116768836975,0.03854375462979078
910,0.0368804931640625,0.03849589891731739
911,0.03611574321985245,0.03843845285475254
912,0.03644011169672012,0.03840812712907791
913,0.036665886640548706,0.038371631130576137
914,0.036342643201351166,0.03832746300846338
915,0.0362379252910614,0.03829032514244318
916,0.036682941019535065,0.03826115202158689
917,0.03586624935269356,0.03821783550083637
918,0.03588855639100075,0.03817057583481073
919,0.035523395985364914,0.03811744622886181
920,0.036058247089385986,0.038075258061289786
921,0.036213431507349014,0.03803798597306013
922,0.036448702216148376,0.037992124184966086
923,0.036978885531425476,0.03795636884868145
924,0.03683026134967804,0.03793739154934883
925,0.03623329848051071,0.037911309450864794
926,0.03650975972414017,0.03787099368870259
927,0.03756474703550339,0.03784540835767984
928,0.036651693284511566,0.03781006902456283
929,0.036741919815540314,0.037791553288698196
930,0.03572018817067146,0.0377558184415102
931,0.03579641133546829,0.03770134408026934
932,0.035037703812122345,0.03763971071690321
933,0.035367146134376526,0.037609237246215343
934,0.03582822158932686,0.037563216499984266
935,0.03545798361301422,0.03751691062003374
936,0.035418905317783356,0.03747728642076254
937,0.03548717871308327,0.0374417470395565
938,0.03537272661924362,0.03741211615502835
939,0.03698477894067764,0.037382839098572734
940,0.03504958003759384,0.03733240533620119
941,0.03576550632715225,0.03729991547763348
942,0.03621314465999603,0.03727540001273155
943,0.03499191254377365,0.03723942767828703
944,0.03479702025651932,0.037197432816028594
945,0.035776250064373016,0.037159293331205843
946,0.034866683185100555,0.037102301977574824
947,0.035386741161346436,0.0370643824338913
948,0.03430525213479996,0.037010557428002355
949,0.03595402091741562,0.03698471393436194
950,0.03514615818858147,0.03695807233452797
951,0.03488003462553024,0.036915587559342385
952,0.036164894700050354,0.03689140684902668
953,0.03588066250085831,0.03687145188450813
954,0.03546614199876785,0.03683638069778681
955,0.034832581877708435,0.03679045379161835
956,0.03465738147497177,0.03674274630844593
957,0.03447622060775757,0.036706851050257686
958,0.035459116101264954,0.03667424090206623
959,0.03475789725780487,0.03663559913635254
960,0.03582329303026199,0.03660921268165111
961,0.03541777282953262,0.036570785641670225
962,0.036564186215400696,0.03654468566179275
963,0.03572583198547363,0.03651779517531395
964,0.034287091344594955,0.03648911658674479
965,0.03413916379213333,0.03644600655883551
966,0.034230902791023254,0.03639282919466495
967,0.034915484488010406,0.03634933285415173
968,0.034950390458106995,0.03632992800325155
969,0.03501797467470169,0.03630446244031191
970,0.03439471498131752,0.036269600242376326
971,0.03492143005132675,0.03623749628663063
972,0.03533732518553734,0.03622219901531935
973,0.034799039363861084,0.03618124593049288
974,0.033947356045246124,0.036140674762427806
975,0.034686289727687836,0.03610474865883589
976,0.03567121922969818,0.036083367578685285
977,0.03573451191186905,0.03606865596026182
978,0.034537069499492645,0.03604096587747335
979,0.03449229896068573,0.03601811863481998
980,0.03439593315124512,0.03598400190472603
981,0.03475731983780861,0.03595193680375815
982,0.03434230759739876,0.035920688956975935
983,0.03443584218621254,0.03589245270937681
984,0.033493317663669586,0.03585220765322447
985,0.034210339188575745,0.03582369104027748
986,0.03335830941796303,0.03578719347715378
987,0.034056175500154495,0.035759054087102414
988,0.034268856048583984,0.03572008058428764
989,0.03438925743103027,0.03569741435348987
990,0.03481742739677429,0.035675574764609336
991,0.03467407077550888,0.035653121024370196
992,0.0339074432849884,0.03562134310603142
993,0.033761899918317795,0.035591804273426536
994,0.03392856568098068,0.03556746583431959
995,0.03429890051484108,0.03553712673485279
996,0.03548438474535942,0.03553360912948847
997,0.03497881442308426,0.03551692545413971
998,0.03386770188808441,0.035482086315751074
999,0.032984498888254166,0.03543454993516207
1000,0.0336252823472023,0.03539784848690033
1001,0.0333840511739254,0.03535694088786841
1002,0.03447364270687103,0.03534426540136337
1003,0.0346330851316452,0.035317944921553136
1004,0.03481485694646835,0.03529563780874014
1005,0.0342031866312027,0.03527048114687204
1006,0.03376404196023941,0.035238856710493566
1007,0.03318113833665848,0.03520284626632929
1008,0.034499868750572205,0.03518016319721937
1009,0.03436385095119476,0.03515121053904295
1010,0.03516366332769394,0.035134042240679265
1011,0.03465057536959648,0.0351193905621767
1012,0.03421540558338165,0.03509714350104332
1013,0.03438839316368103,0.03507436856627464
1014,0.03441047668457031,0.035055046901106834
1015,0.034137364476919174,0.03503404129296541
1016,0.03348950669169426,0.035002106949687
1017,0.03393331170082092,0.034982777573168276
1018,0.034160077571868896,0.03496549278497696
1019,0.033825941383838654,0.034948518238961696
1020,0.034632645547389984,0.034934262223541734
1021,0.03283988684415817,0.03490052677690983
1022,0.03350285813212395,0.03487106833606959
1023,0.03284662216901779,0.03482974570244551
1024,0.03301126882433891,0.03479155577719212
1025,0.03385680168867111,0.03476779080927372
1026,0.033504486083984375,0.034737738072872164
1027,0.033226579427719116,0.03469435639679432
1028,0.03272391855716705,0.03465507864952087
1029,0.033533841371536255,0.034622997865080836
1030,0.03335828334093094,0.034599378816783426
1031,0.033976294100284576,0.03458117764443159
1032,0.033955834805965424,0.03457035895437002
1033,0.03359900787472725,0.03455267757177353
1034,0.03335759416222572,0.03452797129750252
1035,0.03335946053266525,0.034506986066699025
1036,0.03308134526014328,0.034483610466122624
1037,0.033239029347896576,0.03446112897247076
1038,0.03359188884496689,0.034443320594727996
1039,0.03339359909296036,0.03440740879625082
1040,0.034104764461517334,0.034397960640490055
1041,0.03297434747219086,0.03437004905194044
1042,0.032940320670604706,0.034337320812046525
1043,0.03296118602156639,0.034317013546824454
1044,0.03304191306233406,0.0342994624748826
1045,0.0328710675239563,0.03427041064947844
1046,0.03283558785915375,0.03425009969621897
1047,0.03333549574017525,0.03422958724200725
1048,0.0333348885178566,0.034219883605837824
1049,0.032409824430942535,0.03418444164097309
1050,0.033905863761901855,0.03417203869670629
1051,0.03384442254900932,0.034161682575941085
1052,0.03304164856672287,0.03413045011460781
1053,0.03248865157365799,0.03409653000533581
1054,0.03240380063652992,0.03406590659171343
1055,0.034235358238220215,0.034059934355318545
1056,0.0339394211769104,0.03405275475233793
1057,0.034918658435344696,0.034057179130613804
1058,0.034086793661117554,0.03404345590621233
1059,0.03314206376671791,0.03402729757130146
1060,0.03263198584318161,0.03399538449943065
1061,0.03345382213592529,0.03397574499249458
1062,0.03253140300512314,0.033935417160391806
1063,0.03284686058759689,0.03390662744641304
1064,0.032339829951524734,0.033887154832482336
1065,0.03248171880841255,0.03387058038264513
1066,0.032011277973651886,0.033848384134471415
1067,0.03266318142414093,0.03382586110383272
1068,0.033657073974609375,0.03381292793899775
1069,0.0328262597322464,0.033791010789573195
1070,0.03261382877826691,0.033773201927542684
1071,0.03270022198557854,0.0337509898468852
1072,0.03292029723525047,0.033726819567382334
1073,0.03276287019252777,0.033706457875669005
1074,0.03272943198680878,0.03369427863508463
1075,0.03225955739617348,0.033670011311769485
1076,0.032113492488861084,0.03363443404436112
1077,0.03202228248119354,0.03359731175005436
1078,0.03253345191478729,0.0335772755742073
1079,0.03235778212547302,0.03355593040585518
1080,0.03260912373661995,0.03353806231170893
1081,0.03322882950305939,0.03352277740836143
1082,0.032953258603811264,0.03350888691842556
1083,0.031383369117975235,0.03347836218774319
1084,0.032071858644485474,0.03346414759755135
1085,0.03242068365216255,0.033446251042187215
1086,0.03239418566226959,0.03343660980463028
1087,0.03172590583562851,0.03341330710798502
1088,0.03222380578517914,0.03339285660535097
1089,0.032433249056339264,0.03337329652160406
1090,0.03202082961797714,0.03334533054381609
1091,0.031439561396837234,0.03331298545002937
1092,0.032942842692136765,0.033303339444100855
1093,0.03217489644885063,0.03328746940940618
1094,0.03264930099248886,0.033274676762521264
1095,0.03202199935913086,0.03325190775096416
1096,0.03208461031317711,0.03321791000664234
1097,0.03154807910323143,0.03318360265344381
1098,0.031208345666527748,0.03315700909122825
1099,0.0322728231549263,0.03314989233389497
1100,0.03161046281456947,0.03312974413856864
1101,0.032174572348594666,0.03311764935031533
1102,0.031990572810173035,0.03309281865134835
1103,0.031204942613840103,0.033058537226170304
1104,0.031904201954603195,0.03302943067625165
1105,0.03198280185461044,0.033007226828485725
1106,0.032475776970386505,0.032994344178587195
1107,0.03232350945472717,0.032985767889767884
1108,0.032003432512283325,0.032960803527384994
1109,0.03201325982809067,0.03293729761615396
1110,0.032166726887226105,0.032907328251749274
1111,0.031316399574279785,0.03287398649379611
1112,0.03095657378435135,0.03284139817580581
1113,0.03097572922706604,0.032807271536439656
1114,0.03198736533522606,0.03278304042294621
1115,0.031109226867556572,0.03275275904685259
1116,0.03151630610227585,0.0327330270409584
1117,0.03179337456822395,0.03271162766963243
1118,0.03300844132900238,0.032700111307203766
1119,0.03249133750796318,0.032686765268445016
1120,0.03194694593548775,0.03265990827232599
1121,0.03237846493721008,0.03265529405325651
1122,0.0328848622739315,0.03264911409467459
1123,0.031508348882198334,0.03263573136180639
1124,0.03112943470478058,0.03261691302061081
1125,0.03099251352250576,0.03258827013894915
1126,0.032215215265750885,0.03257537743076682
1127,0.03222104534506798,0.03256532208994031
1128,0.03216252103447914,0.03255970811471343
1129,0.031475260853767395,0.03253912230953574
1130,0.03149568662047386,0.03252049634233117
1131,0.03151027858257294,0.032495836187154056
1132,0.031922321766614914,0.03247550105676055
1133,0.03148888796567917,0.03245439985767007
1134,0.031749553978443146,0.03243831945583224
1135,0.030901795253157616,0.03241374280303717
1136,0.030911237001419067,0.032392041720449925
1137,0.032000306993722916,0.03237965449690819
1138,0.03236272558569908,0.03236736286431551
1139,0.031225450336933136,0.03234568137675524
1140,0.03146625682711601,0.03231929630041122
1141,0.03190671652555466,0.032308619990944865
1142,0.0327824205160141,0.032307040989398954
1143,0.03170756250619888,0.03229450475424528
1144,0.03205612674355507,0.03228464689105749
1145,0.03116341307759285,0.03226757034659386
1146,0.03137289360165596,0.03225294340401888
1147,0.030432362109422684,0.03222391206771135
1148,0.03214651346206665,0.03221202831715345
1149,0.031229563057422638,0.03220022570341825
1150,0.031093217432498932,0.03217209924012423
1151,0.03136170655488968,0.03214727208018303
1152,0.030901476740837097,0.03212587036192417
1153,0.03108711913228035,0.03211185503751039
1154,0.03096863441169262,0.03209750337526202
1155,0.03050462156534195,0.03206019600853324
1156,0.03120417147874832,0.03203284351155162
1157,0.03161030635237694,0.03199975999072194
1158,0.031411364674568176,0.03197300570085645
1159,0.030282139778137207,0.03194440646097064
1160,0.030439365655183792,0.03192248025909066
1161,0.03209908306598663,0.031908932868391277
1162,0.03113756887614727,0.03189499452710152
1163,0.031020130962133408,0.031876727230846884
1164,0.030788924545049667,0.031861218176782134
1165,0.030016086995601654,0.03183656185865402
1166,0.031105559319257736,0.03182750467211008
1167,0.03123650886118412,0.03181323794648051
1168,0.030634725466370583,0.031783014461398126
1169,0.03208346664905548,0.03177558653056622
1170,0.03089236654341221,0.03175837190821767
1171,0.030998285859823227,0.03174135254696012
1172,0.030021166428923607,0.03171236123889685
1173,0.03010835126042366,0.03168581604957581
1174,0.030682306736707687,0.03166534479707479
1175,0.03024730086326599,0.03164522223174572
1176,0.031242739409208298,0.03163651470094919
1177,0.030662186443805695,0.03162291374057531
1178,0.03064335137605667,0.03160401273518801
1179,0.030103158205747604,0.03158146649599075
1180,0.030463112518191338,0.03156000638380647
1181,0.030515426769852638,0.0315328723564744
1182,0.029797514900565147,0.03150131491944194
1183,0.030213866382837296,0.03148961989209056
1184,0.029217233881354332,0.03146107364445925
1185,0.031219497323036194,0.031449061781167985
1186,0.030903272330760956,0.031434152647852896
1187,0.031119972467422485,0.03142809331417084
1188,0.03161051869392395,0.03142196044325828
1189,0.031003786250948906,0.031407665815204384
1190,0.02990533411502838,0.031386510860174896
1191,0.03037513792514801,0.031375866625458
1192,0.030059445649385452,0.03134703265503049
1193,0.03057338297367096,0.03133101752027869
1194,0.030235663056373596,0.031306881140917536
1195,0.030701199546456337,0.031293673142790794
1196,0.030186202377080917,0.03127468906342983
1197,0.03021150641143322,0.031261323336511854
1198,0.03027058020234108,0.03125194568186998
1199,0.03119666874408722,0.031241184137761592
1200,0.030952811241149902,0.031234607622027396
1201,0.03019237518310547,0.031214785650372504
1202,0.029933080077171326,0.031194210723042487
1203,0.0295819491147995,0.031177980788052083
1204,0.030381696298718452,0.031162755731493234
1205,0.03086550161242485,0.03115158272907138
1206,0.03076041303575039,0.031134429089725017
1207,0.030611474066972733,0.031117308735847473
1208,0.02997570112347603,0.0310970314219594
1209,0.030597858130931854,0.031082877404987812
1210,0.030117062851786613,0.031062380764633416
1211,0.03040185198187828,0.031053235288709402
1212,0.03045564889907837,0.03104822603985667
1213,0.029366537928581238,0.031032134126871825
1214,0.02988755702972412,0.031011136043816806
1215,0.030079718679189682,0.031000840961933136
1216,0.030380351468920708,0.030989481415599585
1217,0.029706574976444244,0.03096861341968179
1218,0.03097498044371605,0.030948278810828924
1219,0.030644837766885757,0.03092981381341815
1220,0.029836829751729965,0.030908712651580572
1221,0.02921752631664276,0.0308771032653749
1222,0.029383067041635513,0.03084208531305194
1223,0.029927032068371773,0.030826272144913673
1224,0.02934519201517105,0.030808429718017578
1225,0.0302104689180851,0.03080060927197337
1226,0.02990569919347763,0.03077751411125064
1227,0.02877337485551834,0.03074303740635514
1228,0.028511689975857735,0.030706529095768927
1229,0.02973385527729988,0.030689115040004253
1230,0.029807627201080322,0.03067223444581032
1231,0.028270738199353218,0.03063983904197812
1232,0.02907773107290268,0.030611393135041
1233,0.028966793790459633,0.030586172193288803
1234,0.028734706342220306,0.030556023716926575
1235,0.029330294579267502,0.030540308710187675
1236,0.029465630650520325,0.030525852646678685
1237,0.02933449298143387,0.030499194506555794
1238,0.029168369248509407,0.0304672509431839
1239,0.029097478836774826,0.030445971228182316
1240,0.028064405545592308,0.030411952715367077
1241,0.030092965811491013,0.03039381520822644
1242,0.029117805883288383,0.030357169061899184
1243,0.02900361828505993,0.030330129619687795
1244,0.029803503304719925,0.030307603385299444
1245,0.029527073726058006,0.030291239991784097
1246,0.02849789336323738,0.03026248998939991
1247,0.028922975063323975,0.030247396118938924
1248,0.028636952862143517,0.03021230051293969
1249,0.02816866710782051,0.03018169155344367
1250,0.028842028230428696,0.030159179661422966
1251,0.02879725769162178,0.03013353517279029
1252,0.02887818031013012,0.03011330220848322
1253,0.02866262197494507,0.030089057236909866
1254,0.02899548038840294,0.03006932569667697
1255,0.02869970165193081,0.03005127649754286
1256,0.02856195904314518,0.030024854373186825
1257,0.028262820094823837,0.029991379510611295
1258,0.02877451293170452,0.029965010993182658
1259,0.028843341395258904,0.029950623009353874
1260,0.02903665602207184,0.029936595913022758
1261,0.028316128998994827,0.02989876637235284
1262,0.029340287670493126,0.029880793560296298
1263,0.028802745044231415,0.029858619701117278
1264,0.028226787224411964,0.0298329983279109
1265,0.028343789279460907,0.02981627535074949
1266,0.029024384915828705,0.029795463606715204
1267,0.02932111918926239,0.029776309709995986
1268,0.02969135344028473,0.029766875989735125
1269,0.02890722081065178,0.02973511353135109
1270,0.028631694614887238,0.02971250681206584
1271,0.029432807117700577,0.029696852024644612
1272,0.02848116122186184,0.029681451972573995
1273,0.028466951102018356,0.029665037970989943
1274,0.028736816719174385,0.02964558307081461
1275,0.028770580887794495,0.029630815871059896
1276,0.02738543041050434,0.029592242781072853
1277,0.028333649039268494,0.029568957407027485
1278,0.027942750602960587,0.029541951399296523
1279,0.02881159447133541,0.0295290357619524
1280,0.027646485716104507,0.029500869493931534
1281,0.02875661291182041,0.02948328135535121
1282,0.027750734239816666,0.029462813548743725
1283,0.027555957436561584,0.029436234459280966
1284,0.027858931571245193,0.029422651436179878
1285,0.028132792562246323,0.029391784388571977
1286,0.028189562261104584,0.029364647287875415
1287,0.027143724262714386,0.029324884805828334
1288,0.02823638916015625,0.029291143510490655
1289,0.028007064014673233,0.0292611762881279
1290,0.02808108925819397,0.029242933839559556
1291,0.027982264757156372,0.02921900510787964
1292,0.027832601219415665,0.029196736663579942
1293,0.02893419936299324,0.029180344827473163
1294,0.02853691577911377,0.029163357354700565
1295,0.027304980903863907,0.02912939516827464
1296,0.027963927015662193,0.029107172414660452
1297,0.026944641023874283,0.029074503760784864
1298,0.027686698362231255,0.029048664942383767
1299,0.02765168994665146,0.029013215154409407
1300,0.02858904004096985,0.02898957744240761
1301,0.02790185809135437,0.028966672271490097
1302,0.028951220214366913,0.028956853672862052
1303,0.027666307985782623,0.028937697261571884
1304,0.02674954943358898,0.02890137579292059
1305,0.027767080813646317,0.028870391584932806
1306,0.02771534025669098,0.02883994085714221
1307,0.02694498561322689,0.02880327597260475
1308,0.027891620993614197,0.028782435171306135
1309,0.028058761730790138,0.028757044207304717
1310,0.027442749589681625,0.028730301074683665
1311,0.02771497517824173,0.028703432306647302
1312,0.028378926217556,0.028682665079832078
1313,0.027698611840605736,0.02866598581895232
1314,0.027678746730089188,0.028643897715955973
1315,0.027539856731891632,0.028618499096482994
1316,0.027737604454159737,0.028592071626335383
1317,0.027867794036865234,0.02857368381693959
1318,0.02780861407518387,0.02854202015325427
1319,0.027057578787207603,0.028506147563457488
1320,0.027830958366394043,0.02848608884960413
1321,0.027938902378082275,0.028473302610218524
1322,0.02833544835448265,0.028462826423346996
1323,0.02862587943673134,0.028449814897030593
1324,0.02725229412317276,0.02842888591811061
1325,0.0272287055850029,0.028399068284779786
1326,0.02672693505883217,0.028367280643433333
1327,0.027834292501211166,0.02835788981989026
1328,0.026539284735918045,0.028338165767490864
1329,0.027057252824306488,0.02831139974296093
1330,0.027591383084654808,0.028289237301796676
1331,0.027545927092432976,0.028281989190727472
1332,0.028310511261224747,0.028274316992610692
1333,0.026979859918355942,0.028254447653889656
1334,0.027343397960066795,0.028240534570068122
1335,0.027557410299777985,0.028222805727273224
1336,0.027770688757300377,0.028205856308341028
1337,0.02742290496826172,0.028186740428209303
1338,0.027675237506628036,0.02817180911079049
1339,0.027041789144277573,0.028151252213865517
1340,0.026953093707561493,0.02814013909548521
1341,0.026418421417474747,0.028103393651545048
1342,0.025757383555173874,0.0280697894282639
1343,0.026975512504577637,0.02804950837045908
1344,0.027262449264526367,0.028024097830057146
1345,0.026595965027809143,0.027994786743074655
1346,0.02708241529762745,0.027980631962418557
1347,0.027026116847991943,0.027961663380265237
1348,0.027111366391181946,0.02794640751555562
1349,0.027006305754184723,0.027934783902019263
1350,0.027073590084910393,0.02791709952056408
1351,0.02629656158387661,0.027892092559486627
1352,0.02668011002242565,0.02787011185660958
1353,0.02729218825697899,0.027856407519429922
1354,0.0274695735424757,0.02784114845097065
1355,0.026805834844708443,0.027822209782898427
1356,0.026974182575941086,0.027806332018226385
1357,0.0270155631005764,0.02779385944828391
1358,0.026641707867383957,0.027772531397640705
1359,0.026758549734950066,0.027751683481037615
1360,0.027052059769630432,0.027731837518513203
1361,0.026853710412979126,0.027717213332653045
1362,0.027267437428236008,0.027696484830230475
1363,0.026752963662147522,0.027675987016409637
1364,0.02740556187927723,0.02766777476295829
1365,0.026634152978658676,0.027650678399950265
1366,0.026655200868844986,0.02762698655948043
1367,0.025989949703216553,0.02759367486461997
1368,0.02584044076502323,0.027555165737867357
1369,0.026388293132185936,0.027529976461082697
1370,0.026803139597177505,0.0275116909109056
1371,0.026634741574525833,0.027483710255473852
1372,0.026699844747781754,0.027465897090733053
1373,0.026098007336258888,0.027442207653075458
1374,0.02644558809697628,0.027419295366853474
1375,0.025812774896621704,0.027389717306941747
1376,0.02741098776459694,0.027389972880482675
1377,0.02669019252061844,0.027373538315296174
1378,0.027318574488162994,0.0273672965541482
1379,0.026656024158000946,0.027345740851014853
1380,0.02696102485060692,0.027338886242359875
1381,0.02690022625029087,0.027320322375744582
1382,0.02639859914779663,0.02730680102482438
1383,0.025702105835080147,0.027288262508809568
1384,0.026212463155388832,0.027271797824651004
1385,0.02569917030632496,0.02724746160209179
1386,0.0255036149173975,0.02722060212865472
1387,0.02545452117919922,0.027203710097819567
1388,0.026350006461143494,0.02718484627082944
1389,0.02564110979437828,0.02716118672862649
1390,0.025934454053640366,0.027139720376580953
1391,0.026954203844070435,0.027129439767450095
1392,0.026445668190717697,0.027115570437163113
1393,0.026123249903321266,0.027087460942566394
1394,0.026432475075125694,0.027066416535526515
1395,0.02567015215754509,0.027050068248063327
1396,0.025645440444350243,0.027026883382350205
1397,0.026202332228422165,0.027019460294395684
1398,0.025685597211122513,0.0269994492828846
1399,0.02721664309501648,0.02699509881436825
1400,0.02616909146308899,0.02697089932858944
1401,0.025423698127269745,0.026946117728948595
1402,0.026354331523180008,0.026920148842036723
1403,0.026084143668413162,0.02690432719886303
1404,0.02545364387333393,0.02689136814326048
1405,0.025514353066682816,0.026868840865790843
1406,0.025943104177713394,0.02685111850500107
1407,0.025044802576303482,0.026832116674631833
1408,0.025278260931372643,0.02680598307400942
1409,0.025445176288485527,0.026779847219586372
1410,0.025607924908399582,0.02676149897277355
1411,0.025811143219470978,0.026742460653185845
1412,0.02612343430519104,0.026719905734062195
1413,0.025736374780535698,0.026700283363461495
1414,0.026046626269817352,0.026683962158858775
1415,0.0247447919100523,0.026656011510640384
1416,0.025847822427749634,0.02663711369037628
1417,0.025624588131904602,0.026614681631326676
1418,0.02531467378139496,0.026589742228388787
1419,0.02561677247285843,0.026575334165245296
1420,0.025694161653518677,0.026553966198116542
1421,0.02571806311607361,0.026531757805496454
1422,0.025537624955177307,0.026503779571503402
1423,0.02521289885044098,0.026469649765640497
1424,0.025773651897907257,0.02645486334338784
1425,0.02486514300107956,0.02643122771754861
1426,0.02500506490468979,0.026414009016007184
1427,0.025561902672052383,0.026391285117715598
1428,0.025433827191591263,0.02638023054227233
1429,0.02565574273467064,0.026366215441375972
1430,0.024735886603593826,0.026337660476565362
1431,0.025636617094278336,0.026318567376583814
1432,0.025538384914398193,0.026290846113115548
1433,0.024433480575680733,0.026265382319688797
1434,0.02523157373070717,0.0262442640773952
1435,0.025183841586112976,0.02622052839025855
1436,0.025342101231217384,0.02619624251499772
1437,0.02588609792292118,0.026180874444544314
1438,0.02473301626741886,0.026151452232152223
1439,0.025312073528766632,0.026134155075997114
1440,0.025228096172213554,0.026116905100643635
1441,0.024676822125911713,0.026099489107728004
1442,0.024850673973560333,0.02609042201191187
1443,0.024540303274989128,0.026066069919615985
1444,0.02532120980322361,0.026046657525002955
1445,0.025135375559329987,0.026032051630318166
1446,0.025249633938074112,0.026013723816722633
1447,0.024898072704672813,0.02599244337528944
1448,0.02496745064854622,0.025971004217863084
1449,0.024995218962430954,0.025950893349945544
1450,0.025205422192811966,0.025932211671024562
1451,0.025548826903104782,0.025924734324216842
1452,0.025236135348677635,0.025910294577479363
1453,0.024213600903749466,0.025879508703947066
1454,0.02526598423719406,0.02585747281089425
1455,0.024684220552444458,0.02583625666797161
1456,0.024759598076343536,0.025814110822975637
1457,0.02489500679075718,0.025792905259877444
1458,0.02463851496577263,0.02577287333086133
1459,0.024427682161331177,0.02574956465512514
1460,0.02468235045671463,0.025725867561995984
1461,0.02495237998664379,0.025706854257732628
1462,0.025341568514704704,0.025687595568597316
1463,0.02491392195224762,0.025669205151498318
1464,0.024812061339616776,0.025643270146101713
1465,0.02407558262348175,0.025617684442549943
1466,0.02504119835793972,0.02560154441744089
1467,0.02459634281694889,0.025587608348578216
1468,0.025121629238128662,0.025580420233309267
1469,0.025836361572146416,0.025574900917708875
1470,0.02478840947151184,0.02555475361645222
1471,0.02498200163245201,0.02553822621703148
1472,0.02520575374364853,0.02552328530699015
1473,0.02434251643717289,0.025505730397999287
1474,0.02488121949136257,0.02549008671194315
1475,0.023891612887382507,0.025470875091850757
1476,0.02391907200217247,0.025435955934226512
1477,0.024628620594739914,0.02541534021496773
1478,0.025736050680279732,0.025399514976888894
1479,0.025371329858899117,0.025386668033897875
1480,0.024257395416498184,0.025359631739556788
1481,0.02515539340674877,0.025342183411121367
1482,0.02450212463736534,0.025323218666017056
1483,0.025493215769529343,0.025321129765361546
1484,0.025733746588230133,0.02531634259968996
1485,0.025468626990914345,0.025314037166535856
1486,0.024877730756998062,0.02530777832493186
1487,0.025365807116031647,0.025306891184300184
1488,0.024307113140821457,0.025286462251096965
1489,0.02398589812219143,0.025269910134375094
1490,0.023960601538419724,0.02525017160922289
1491,0.023633098229765892,0.025216960553079842
1492,0.024323400110006332,0.02519573787227273
1493,0.024374719709157944,0.025178252570331097
1494,0.0240628682076931,0.02515455650165677
1495,0.02356794849038124,0.025133534464985133
1496,0.024239253252744675,0.025119472593069077
1497,0.023648399859666824,0.025093933269381523
1498,0.02377719059586525,0.02507484920322895
1499,0.023506319150328636,0.02503774596378207
1500,0.024026036262512207,0.025016315411776305
1501,0.024225745350122452,0.02500433588400483
1502,0.02352594956755638,0.024976052064448594
1503,0.023798838257789612,0.02495319901034236
1504,0.024081099778413773,0.024939473569393158
1505,0.024513699114322662,0.024929467029869555
1506,0.02434585988521576,0.02491349458694458
1507,0.023833487182855606,0.0249013814330101
1508,0.02501477301120758,0.02489874655380845
1509,0.02394070476293564,0.02488370183855295
1510,0.024117810651659966,0.024868800695985557
1511,0.022971244528889656,0.02484040170907974
1512,0.023556917905807495,0.024814736545085907
1513,0.02384464628994465,0.024795819260179996
1514,0.023712042719125748,0.02477247342467308
1515,0.024516943842172623,0.024770194943994284
1516,0.023517224937677383,0.02474688896909356
1517,0.023307275027036667,0.02472371583804488
1518,0.024550704285502434,0.024716076143085956
1519,0.0241868756711483,0.024701777175068856
1520,0.02428227663040161,0.024687658324837686
1521,0.024081125855445862,0.024671288952231408
1522,0.023496095091104507,0.02465087365359068
1523,0.023850029334425926,0.02463724495843053
1524,0.024183403700590134,0.024621342476457357
1525,0.024233797565102577,0.024615029022097588
1526,0.02410947158932686,0.02460607308894396
1527,0.023881610482931137,0.024589270167052747
1528,0.023333601653575897,0.024568267911672593
1529,0.023165129125118256,0.024543361775577067
1530,0.02383960783481598,0.02453439898788929
1531,0.023638982325792313,0.02451442264020443
1532,0.02334359660744667,0.024492474757134914
1533,0.02325393818318844,0.024480679333209993
1534,0.024246715009212494,0.024470830745995046
1535,0.023692701011896133,0.024455919340252878
1536,0.023568179458379745,0.0244381801225245
1537,0.023182854056358337,0.02441114768385887
1538,0.023197785019874573,0.02439579537138343
1539,0.023590903729200363,0.024378583673387764
1540,0.02404971793293953,0.024366799890995026
1541,0.024181365966796875,0.024361845329403876
1542,0.023896049708127975,0.024352299086749553
1543,0.02290499582886696,0.02433594601228833
1544,0.023795925080776215,0.02432069316506386
1545,0.023992881178855896,0.024309268221259117
1546,0.02356109768152237,0.0242923828586936
1547,0.02364804595708847,0.024279882591217758
1548,0.023655660450458527,0.02426676468923688
1549,0.024334553629159927,0.02426015803590417
1550,0.02279164269566536,0.0242360202409327
1551,0.023499686270952225,0.02421552883461118
1552,0.02263665944337845,0.024189534075558187
1553,0.023127857595682144,0.024178676642477512
1554,0.02450929582118988,0.02417110975831747
1555,0.023669473826885223,0.024160962291061877
1556,0.023376766592264175,0.024147133976221084
1557,0.024537164717912674,0.02414355555549264
1558,0.023616261780261993,0.024133333023637533
1559,0.024727435782551765,0.02413633055984974
1560,0.02492896094918251,0.024138796664774417
1561,0.023696303367614746,0.024126235898584127
1562,0.02353108674287796,0.02410813108086586
1563,0.02449328452348709,0.024103924706578253
1564,0.024131130427122116,0.02409711539745331
1565,0.02396393194794655,0.024095998890697957
1566,0.023374386131763458,0.024079330768436193
1567,0.023175276815891266,0.024065120108425618
1568,0.024166634306311607,0.024055570159107448
1569,0.02388906292617321,0.024036097172647715
1570,0.024074560031294823,0.024028958678245546
1571,0.023776549845933914,0.024016904160380364
1572,0.02295314520597458,0.023994378075003625
1573,0.023038731887936592,0.02398134022951126
1574,0.024591585621237755,0.02397844389081001
1575,0.02576109766960144,0.0239971387386322
1576,0.024404257535934448,0.024001990593969822
1577,0.023544739931821823,0.02399115178734064
1578,0.02383415773510933,0.023972132857888937
1579,0.02332160621881485,0.023951635621488096
1580,0.02337200753390789,0.023942781742662192
1581,0.025110535323619843,0.023942333161830903
1582,0.023753251880407333,0.02393484443426132
1583,0.02399921789765358,0.023919904455542564
1584,0.02321026101708412,0.023894669599831105
1585,0.023439958691596985,0.02387438291683793
1586,0.023643571883440018,0.02386204132810235
1587,0.02387050911784172,0.02384708834812045
1588,0.023015951737761497,0.02383417673408985
1589,0.023840315639972687,0.023832720909267663
1590,0.022901782765984535,0.02382213272154331
1591,0.02282385341823101,0.023814040273427962
1592,0.023691067472100258,0.023807716947048904
1593,0.023346025496721268,0.023797430004924534
1594,0.02268923819065094,0.023783693704754114
1595,0.023166369646787643,0.023779677916318177
1596,0.023082096129655838,0.02376810634508729
1597,0.023259755223989487,0.023764219898730517
1598,0.02243851125240326,0.023750833105295896
1599,0.02297970838844776,0.02374556699767709
1600,0.02290862612426281,0.023734392896294594
1601,0.02268599346280098,0.02371899537742138
1602,0.02311672642827034,0.023714903146028518
1603,0.022465568035840988,0.023701570443809033
1604,0.02278527244925499,0.023688612170517445
1605,0.022820521146059036,0.02367168039083481
1606,0.023236151784658432,0.023660583309829234
1607,0.022951193153858185,0.02365176036953926
1608,0.023358765989542007,0.023635200299322603
1609,0.02313271537423134,0.02362712040543556
1610,0.022701893001794815,0.02361296122893691
1611,0.022712387144565582,0.02361037265509367
1612,0.02289292961359024,0.023603732772171496
1613,0.02251823991537094,0.02359046870842576
1614,0.021947454661130905,0.023572822827845813
1615,0.022641897201538086,0.023554072361439467
1616,0.022338952869176865,0.02354228964075446
1617,0.022619932889938354,0.023535416219383477
1618,0.02269105054438114,0.023516819681972265
1619,0.02284107729792595,0.023503361698240043
1620,0.022258233278989792,0.023483121264725924
1621,0.022803746163845062,0.023470347467809915
1622,0.02283741906285286,0.023463760707527398
1623,0.022961340844631195,0.023454873822629452
1624,0.022772986441850662,0.02344076965004206
1625,0.022246550768613815,0.02342089718207717
1626,0.023071885108947754,0.023410521317273378
1627,0.022656548768281937,0.023398270700126886
1628,0.02220701426267624,0.02338700482621789
1629,0.023177430033683777,0.023387127835303546
1630,0.022847920656204224,0.023377210963517428
1631,0.023294558748602867,0.023373766727745535
1632,0.022558145225048065,0.023365912213921546
1633,0.02265685424208641,0.023359941374510525
1634,0.02204650454223156,0.023337939269840718
1635,0.023114506155252457,0.02333215732127428
1636,0.02272557094693184,0.0233237312361598
1637,0.022840190678834915,0.023320304602384566
1638,0.022630173712968826,0.02331462848931551
1639,0.022833064198493958,0.023307050094008446
1640,0.0221623033285141,0.02328817594796419
1641,0.023047029972076416,0.023276832588016987
1642,0.023160044103860855,0.023269472531974315
1643,0.022769764065742493,0.02326812021434307
1644,0.02252587489783764,0.023255419712513686
1645,0.022303491830825806,0.023238525819033386
1646,0.02234707400202751,0.023226385582238437
1647,0.022717583924531937,0.02321708096191287
1648,0.022815361618995667,0.02320867797359824
1649,0.022822625935077667,0.02319355869665742
1650,0.023428812623023987,0.023199930395931004
1651,0.022841300815343857,0.02319334654137492
1652,0.022917024791240692,0.023196150194853545
1653,0.022535845637321472,0.02319023007526994
1654,0.022263018414378166,0.02316776730120182
1655,0.022006291896104813,0.023151135481894018
1656,0.021561527624726295,0.02313298309221864
1657,0.022300053387880325,0.023110611978918314
1658,0.02242763340473175,0.02309872569516301
1659,0.022389190271496773,0.023075343240052462
1660,0.022545360028743744,0.023051507230848076
1661,0.023208962753415108,0.023046633824706078
1662,0.022792525589466095,0.023039248213171958
1663,0.021918319165706635,0.023013498559594156
1664,0.022445308044552803,0.02299664033576846
1665,0.02188028208911419,0.022975803837180137
1666,0.022538302466273308,0.022967443000525237
1667,0.02182278409600258,0.02295391807332635
1668,0.022271249443292618,0.02293496422469616
1669,0.022734062746167183,0.0229234142228961
1670,0.0221327543258667,0.02290399616584182
1671,0.02221313863992691,0.02288836205378175
1672,0.02164599671959877,0.02287529056891799
1673,0.022176649421453476,0.02286666974425316
1674,0.022670406848192215,0.022847457956522703
1675,0.02263428270816803,0.02281618980690837
1676,0.0221417136490345,0.02279356436803937
1677,0.021715205162763596,0.022775269020348786
1678,0.022011522203683853,0.022757042665034533
1679,0.02148652821779251,0.02273869188502431
1680,0.022180432453751564,0.022726776134222745
1681,0.021817892789840698,0.022693849708884953
1682,0.02237522229552269,0.02268006941303611
1683,0.022453859448432922,0.022664615828543903
1684,0.02245277166366577,0.02265704093500972
1685,0.022542130202054977,0.0226480626501143
1686,0.02179194986820221,0.02262954642996192
1687,0.021516568958759308,0.022606007028371095
1688,0.021460285410284996,0.02259045036509633
1689,0.021599700674414635,0.02256804421544075
1690,0.022064603865146637,0.02255967242643237
1691,0.021598294377326965,0.02254741683602333
1692,0.021532874554395676,0.022525834906846284
1693,0.021707983687520027,0.02250945448875427
1694,0.02149716019630432,0.022497533708810805
1695,0.02182457409799099,0.02248411575332284
1696,0.021367110311985016,0.022466965895146133
1697,0.02268175408244133,0.02246118588373065
1698,0.022308049723505974,0.022459881268441676
1699,0.02224736474454403,0.02245255783200264
1700,0.02178034745156765,0.02244127504527569
1701,0.022760162129998207,0.02244201673194766
1702,0.02244003862142563,0.022435249853879215
1703,0.021826811134815216,0.022428862284868956
1704,0.021609870716929436,0.0224171082675457
1705,0.02207294851541519,0.02240963254123926
1706,0.022667281329631805,0.022403943836688995
1707,0.022641997784376144,0.022400851882994174
1708,0.022410573437809944,0.022391369957476856
1709,0.022180266678333282,0.022381845470517872
1710,0.022314846515655518,0.02237797500565648
1711,0.021693207323551178,0.022367783207446337
1712,0.02145557850599289,0.022353409696370362
1713,0.021794531494379044,0.022346172612160445
1714,0.02234569378197193,0.022350155003368854
1715,0.022122232243418694,0.02234495835378766
1716,0.02170455828309059,0.022338614407926796
1717,0.02192731201648712,0.022331688199192287
1718,0.021917391568422318,0.022323951609432697
1719,0.021422848105430603,0.022309769317507742
1720,0.021597597748041153,0.022303162962198256
1721,0.02202160656452179,0.022295341566205024
1722,0.022435853257775307,0.02229132590815425
1723,0.022989781573414803,0.022291610315442086
1724,0.022406190633773804,0.022287942357361316
1725,0.0218605138361454,0.022284081988036632
1726,0.021964985877275467,0.02227301299571991
1727,0.02171756513416767,0.022263623159378767
1728,0.022191064432263374,0.022263463661074637
1729,0.021455317735671997,0.02224624253809452
1730,0.02230428159236908,0.02224080614745617
1731,0.022035524249076843,0.02222821580246091
1732,0.022176314145326614,0.022224397491663696
1733,0.02209366112947464,0.022218765560537576
1734,0.0216960608959198,0.02221526112407446
1735,0.022118713706731796,0.022205303199589254
1736,0.021912243217229843,0.02219716992229223
1737,0.022461768239736557,0.02219338569790125
1738,0.021351799368858337,0.022180601954460144
1739,0.02130785956978798,0.022165349908173083
1740,0.022669322788715363,0.022170420102775097
1741,0.021944435313344002,0.022159394156187773
1742,0.02235294133424759,0.02215132312849164
1743,0.021582406014204025,0.022139449547976257
1744,0.021980557590723038,0.02213399637490511
1745,0.02214645966887474,0.0221324260532856
1746,0.021481448784470558,0.02212376980111003
1747,0.020876185968518257,0.02210535582154989
1748,0.021323129534721375,0.02209043350070715
1749,0.021530764177441597,0.02207751488313079
1750,0.021924231201410294,0.022062469068914653
1751,0.021296918392181396,0.02204702524468303
1752,0.021780718117952347,0.022035662177950145
1753,0.022584497928619385,0.022036148700863123
1754,0.022039148956537247,0.022033910006284713
1755,0.02123420313000679,0.022026189118623734
1756,0.02089911326766014,0.02201956497505307
1757,0.02175794541835785,0.022014143895357847
1758,0.021914411336183548,0.022009011674672365
1759,0.0219135582447052,0.02200425535440445
1760,0.021444197744131088,0.021993243731558323
1761,0.021148359403014183,0.021972637698054312
1762,0.021720707416534424,0.021961919516324997
1763,0.021548740565776825,0.021958223730325698
1764,0.022009003907442093,0.021953860688954593
1765,0.020967213436961174,0.021944730002433063
1766,0.020484700798988342,0.02192419398576021
1767,0.021374784409999847,0.021919713988900184
1768,0.022042322903871536,0.021917424723505975
1769,0.020740162581205368,0.021897485721856357
1770,0.021106228232383728,0.021887220460921526
1771,0.02137504145503044,0.02187883948907256
1772,0.02134833112359047,0.021875862833112478
1773,0.0212844405323267,0.02186694074422121
1774,0.020900465548038483,0.02184924133121967
1775,0.0209847092628479,0.02183274559676647
1776,0.021720319986343384,0.02182853166013956
1777,0.021053509786725044,0.021821914706379175
1778,0.02071511745452881,0.021808950658887626
1779,0.02113746479153633,0.021805460024625065
1780,0.021600376814603806,0.021799659468233586
1781,0.02176174521446228,0.0217990979924798
1782,0.021106470376253128,0.021786410473287107
1783,0.021324090659618378,0.02177511278539896
1784,0.020792847499251366,0.021758513543754816
1785,0.02063995972275734,0.02173949183896184
1786,0.020854663103818893,0.021730118971318005
1787,0.021102650091052055,0.021725979782640934
1788,0.021639559417963028,0.021727772522717716
1789,0.020785819739103317,0.021719633713364602
1790,0.02060697041451931,0.021705057378858326
1791,0.021392393857240677,0.021702998373657464
1792,0.021278034895658493,0.02170044997707009
1793,0.02193937823176384,0.02170276392251253
1794,0.02101205103099346,0.021697912830859423
1795,0.020746242254972458,0.021687129512429237
1796,0.02100156620144844,0.02168347407132387
1797,0.02026626467704773,0.021659319177269935
1798,0.021040135994553566,0.021646640039980413
1799,0.021049119532108307,0.021634657587856054
1800,0.021293897181749344,0.02162979308515787
1801,0.021040476858615875,0.021612596232444048
1802,0.02146182581782341,0.021602814104408025
1803,0.020903300493955612,0.02159357899799943
1804,0.02122228592634201,0.021589703150093554
1805,0.020687829703092575,0.02157585196197033
1806,0.02199895679950714,0.02156916871666908
1807,0.021112075075507164,0.021553869489580393
1808,0.020254071801900864,0.0215323044732213
1809,0.021243005990982056,0.02152293186634779
1810,0.02152404934167862,0.02151502389460802
1811,0.02086837962269783,0.021506775617599488
1812,0.02051195316016674,0.021497339364141225
1813,0.02097267657518387,0.021489120814949275
1814,0.020981431007385254,0.021475478187203408
1815,0.021187467500567436,0.021466130539774895
1816,0.021066922694444656,0.021459754183888437
1817,0.021077202633023262,0.021451253090053798
1818,0.02119358256459236,0.0214440150000155
1819,0.020573869347572327,0.021435525212436916
1820,0.021696995943784714,0.02143651919439435
1821,0.020715806633234024,0.021423461195081473
1822,0.02074243873357773,0.021406527049839495
1823,0.021953733637928963,0.02139616657048464
1824,0.02253885008394718,0.021397493164986372
1825,0.021041885018348694,0.021389306876808404
1826,0.020615100860595703,0.02137580802664161
1827,0.021383509039878845,0.02137246746569872
1828,0.021437741816043854,0.021364934239536525
1829,0.020259983837604523,0.02135298090055585
1830,0.02130773477256298,0.02134301543235779
1831,0.021383872255682945,0.02133649891242385
1832,0.02088502049446106,0.021323585975915195
1833,0.02072940766811371,0.021309943441301583
1834,0.020576007664203644,0.02129874290898442
1835,0.02096579596400261,0.02128721373155713
1836,0.020940866321325302,0.021277499962598086
1837,0.02096473053097725,0.021262529585510493
1838,0.020692944526672363,0.02125594103708863
1839,0.02046564593911171,0.02124751890078187
1840,0.020927168428897858,0.021230097357183696
1841,0.020699094980955124,0.021217643953859805
1842,0.02076823078095913,0.02120179684832692
1843,0.020670194178819656,0.021192674729973077
1844,0.020685099065303802,0.021179720144718885
1845,0.020100604742765427,0.021159261595457793
1846,0.021105309948325157,0.021155500207096337
1847,0.02026628516614437,0.0211494011990726
1848,0.02046980708837509,0.021140867974609137
1849,0.020166754722595215,0.021127227880060672
1850,0.02041957899928093,0.02111218135803938
1851,0.020145807415246964,0.021100670248270035
1852,0.021328937262296677,0.021096152439713477
1853,0.02048736810684204,0.021075181141495706
1854,0.020584940910339355,0.021060639061033726
1855,0.020980985835194588,0.021058106888085605
1856,0.02024652622640133,0.021051581017673016
1857,0.02031860500574112,0.021037187613546848
1858,0.020189540460705757,0.02101993890479207
1859,0.020841363817453384,0.021009216960519553
1860,0.02084166184067726,0.021003191601485015
1861,0.019971203058958054,0.020991420038044453
1862,0.02052653208374977,0.020979478284716607
1863,0.02048971690237522,0.02096888804808259
1864,0.020058782771229744,0.020949385836720468
1865,0.02041279710829258,0.020943841673433782
1866,0.02079831436276436,0.02094697780907154
1867,0.02084052562713623,0.020941635221242906
1868,0.020374620333313942,0.02092495819553733
1869,0.021236727014183998,0.020929923839867116
1870,0.021052733063697815,0.020929388888180255
1871,0.020849453285336494,0.020924133006483315
1872,0.020832275971770287,0.020918972454965115
1873,0.020315706729888916,0.020909285116940738
1874,0.020244672894477844,0.020902727190405132
1875,0.02053195796906948,0.020898199677467345
1876,0.02027435414493084,0.020883740019053222
1877,0.019927050918340683,0.020872475430369377
1878,0.0204167440533638,0.020869491696357725
1879,0.019650263711810112,0.020854619685560464
1880,0.020041722804307938,0.020839033145457507
1881,0.020687608048319817,0.02082829177379608
1882,0.020262569189071655,0.020819852761924267
1883,0.020472977310419083,0.020811341628432276
1884,0.02009287290275097,0.02080434188246727
1885,0.02024795114994049,0.0208004217967391
1886,0.021003887057304382,0.020801914036273957
1887,0.020793765783309937,0.020798825193196535
1888,0.02048412710428238,0.02078727087005973
1889,0.02020489238202572,0.020781461596488953
1890,0.020403515547513962,0.020779427047818898
1891,0.02144884318113327,0.020779991541057825
1892,0.02048608660697937,0.020772072058171033
1893,0.02062028832733631,0.02075888115912676
1894,0.02043032832443714,0.020753063932061194
1895,0.019782137125730515,0.020743422880768775
1896,0.020215097814798355,0.020735558196902273
1897,0.01949593424797058,0.020727854892611502
1898,0.020556319504976273,0.020723016727715732
1899,0.020700603723526,0.02071953156962991
1900,0.020753730088472366,0.02071412989869714
1901,0.020459897816181183,0.02070832410827279
1902,0.02006051316857338,0.02069431098178029
1903,0.020286448299884796,0.020688142459839583
1904,0.02022247388958931,0.020678144339472057
1905,0.01994377374649048,0.020670703779906034
1906,0.020733844488859177,0.020658052656799555
1907,0.02082028239965439,0.020655134730041026
1908,0.02044198103249073,0.020657013822346925
1909,0.02027624100446701,0.020647346172481776
1910,0.02000950090587139,0.020632200688123704
1911,0.020441632717847824,0.020627933219075203
1912,0.01976008713245392,0.020620414558798074
1913,0.02011154219508171,0.020611803214997053
1914,0.02035912312567234,0.020605580136179923
1915,0.020297270268201828,0.02059667816385627
1916,0.01982070878148079,0.02058421602472663
1917,0.019750069826841354,0.02057094469666481
1918,0.020027995109558105,0.02055928882211447
1919,0.020204493775963783,0.020555595066398383
1920,0.019839506596326828,0.020537020172923803
1921,0.020771289244294167,0.020537574999034403
1922,0.019825849682092667,0.020528409108519555
1923,0.020194975659251213,0.02051082152873278
1924,0.01978016458451748,0.02048323467373848
1925,0.020263612270355225,0.020475451946258546
1926,0.0200983677059412,0.020470284614712
1927,0.01975039206445217,0.020453953444957734
1928,0.020621616393327713,0.02044579219073057
1929,0.019531797617673874,0.020438510328531265
1930,0.02050599455833435,0.020430492926388977
1931,0.02006344683468342,0.020417288672178985
1932,0.02006388269364834,0.020409077294170856
1933,0.020162686705589294,0.020403410084545614
1934,0.020333709195256233,0.02040098709985614
1935,0.020041940733790398,0.020391748547554017
1936,0.019971530884504318,0.020382055193185807
1937,0.019320525228977203,0.020365613140165807
1938,0.02001955173909664,0.02035887921229005
1939,0.01998462714254856,0.020354069024324416
1940,0.019520848989486694,0.020340005829930306
1941,0.020216165110468864,0.020335176531225442
1942,0.019899912178516388,0.020326493345201015
1943,0.019392168149352074,0.02031371308490634
1944,0.01936255395412445,0.020300487633794547
1945,0.01975802704691887,0.02029706185683608
1946,0.019845178350806236,0.02028446054086089
1947,0.019790474325418472,0.020279702432453632
1948,0.019876748323440552,0.02027377184480429
1949,0.020513899624347687,0.02027724329382181
1950,0.019490163773298264,0.020267949141561985
1951,0.019556138664484024,0.020262052454054356
1952,0.019995620474219322,0.020248719286173583
1953,0.020111776888370514,0.020244963373988865
1954,0.020189370959997177,0.020241007674485445
1955,0.018936604261398315,0.020220563858747483
1956,0.019629623740911484,0.020214394833892584
1957,0.019815592095255852,0.020209364704787732
1958,0.019898712635040283,0.020206456426531075
1959,0.01960744336247444,0.02019411722198129
1960,0.019442955031991005,0.020180130153894426
1961,0.019620800390839577,0.02017662612721324
1962,0.019424261525273323,0.020165603421628476
1963,0.01956457458436489,0.020156351998448372
1964,0.019889220595359802,0.020154656376689672
1965,0.019792906939983368,0.02014845747500658
1966,0.019893154501914978,0.020139405876398085
1967,0.019621364772319794,0.020127214267849924
1968,0.01964508183300495,0.02011991888284683
1969,0.01953900046646595,0.02010294161736965
1970,0.01890513114631176,0.02008146559819579
1971,0.019271712750196457,0.02006568819284439
1972,0.019820140674710274,0.020055566839873792
1973,0.01963624358177185,0.02004877220839262
1974,0.019636642187833786,0.020042691901326178
1975,0.019402898848056793,0.02003140131011605
1976,0.019396767020225525,0.020022625438869
1977,0.019875066354870796,0.0200221055932343
1978,0.019273074343800545,0.02001066889613867
1979,0.019312091171741486,0.02000728717073798
1980,0.01980705000460148,0.020004940442740916
1981,0.01935475878417492,0.019991611950099467
1982,0.019724560901522636,0.019986231867223977
1983,0.01945098116993904,0.01997601190581918
1984,0.019092723727226257,0.019966010414063932
1985,0.019275261089205742,0.019956283513456585
1986,0.01922924630343914,0.01993853710591793
1987,0.0198945552110672,0.019929545000195503
1988,0.019054440781474113,0.01991524813696742
1989,0.019726362079381943,0.019910462833940983
1990,0.01986088976264,0.019905036576092244
1991,0.0192930456250906,0.019883478600531815
1992,0.019664734601974487,0.019875265080481767
1993,0.019236356019973755,0.01986142575740814
1994,0.01935725472867489,0.01985069502145052
1995,0.019237183034420013,0.019845245480537413
1996,0.019370995461940765,0.01983680445700884
1997,0.01944679766893387,0.01983631309121847
1998,0.0195255596190691,0.0198260054923594
1999,0.019665135070681572,0.019815650805830955
2000,0.019166383892297745,0.01979977734386921
2001,0.019709981977939606,0.019792278185486793
2002,0.02030538022518158,0.019794726856052876
2003,0.02018839865922928,0.01979374635964632
2004,0.0203604307025671,0.0197951259277761
2005,0.019435754045844078,0.019790045730769635
2006,0.019588466733694077,0.019778591953217982
2007,0.020477063953876495,0.019775159768760205
2008,0.019539237022399902,0.019766132328659296
2009,0.019004425033926964,0.019753414168953896
2010,0.019320787861943245,0.019746527038514615
2011,0.019931219518184662,0.019741422906517984
2012,0.020076127722859383,0.019744583312422036
2013,0.019321823492646217,0.01973668612539768
2014,0.019034987315535545,0.019723444767296313
2015,0.019365038722753525,0.019714122451841832
2016,0.019437074661254883,0.01971028611063957
2017,0.019272778183221817,0.019705513194203376
2018,0.019456274807453156,0.019699795991182326
2019,0.018886510282754898,0.01968661615625024
2020,0.019525371491909027,0.01968347480520606
2021,0.01942434534430504,0.01967000536620617
2022,0.018968645483255386,0.019661433324217797
2023,0.01927107572555542,0.01965219432488084
2024,0.0189167782664299,0.019643560461699964
2025,0.01900157891213894,0.0196309401281178
2026,0.019251540303230286,0.01962247185409069
2027,0.01941657066345215,0.01961913364008069
2028,0.019441477954387665,0.01960733225569129
2029,0.019592132419347763,0.019607935603708028
2030,0.019025243818759918,0.019593128096312286
2031,0.019127584993839264,0.019583769477903842
2032,0.0190886277705431,0.01957401692867279
2033,0.01912708207964897,0.01956366088241339
2034,0.019280796870589256,0.019553131759166717
2035,0.01906575821340084,0.01954336993396282
2036,0.01923217810690403,0.01953597640618682
2037,0.018790747970342636,0.019530678633600473
2038,0.01922747865319252,0.019522757902741432
2039,0.018462281674146652,0.019507534448057414
2040,0.018997302278876305,0.019502298980951308
2041,0.019159574061632156,0.01949173307046294
2042,0.018837545067071915,0.0194811093993485
2043,0.019308097660541534,0.01948026869446039
2044,0.019979650154709816,0.019486439656466247
2045,0.019153591245412827,0.019480395298451185
2046,0.019302304834127426,0.019474966563284398
2047,0.018656853586435318,0.019463630355894566
2048,0.01954777166247368,0.019460340589284898
2049,0.01922774314880371,0.01944747902452946
2050,0.01906297355890274,0.0194432071223855
2051,0.019579041749238968,0.019443436153233053
2052,0.018258534371852875,0.019426065292209388
2053,0.018609579652547836,0.01941104331985116
2054,0.018633438274264336,0.01939548399299383
2055,0.017986908555030823,0.019385987035930155
2056,0.018547961488366127,0.019375170413404703
2057,0.0190900769084692,0.019367915261536837
2058,0.01889955624938011,0.019357923697680236
2059,0.019035890698432922,0.01935220817103982
2060,0.01915193535387516,0.01934929797425866
2061,0.01857724040746689,0.019338862374424934
2062,0.01937689073383808,0.01933838866651058
2063,0.018990233540534973,0.019332645256072284
2064,0.018812648952007294,0.019321879539638757
2065,0.018733516335487366,0.019311285633593796
2066,0.019108299165964127,0.019303437080234288
2067,0.01930084452033043,0.019300231877714395
2068,0.018972335383296013,0.019293504413217307
2069,0.019268568605184555,0.01929080009460449
2070,0.019401568919420242,0.019295764472335577
2071,0.01857151836156845,0.019288762528449296
2072,0.018638305366039276,0.019276944175362586
2073,0.018505241721868515,0.019265634156763554
2074,0.018958400934934616,0.019258851744234563
2075,0.018679264932870865,0.019251615405082703
2076,0.01903698965907097,0.019248017631471156
2077,0.018830448389053345,0.01923757145181298
2078,0.019093921408057213,0.01923577992245555
2079,0.018803101032972336,0.019230690021067857
2080,0.019053593277931213,0.019223155453801155
2081,0.019039791077375412,0.01922000577673316
2082,0.01829378306865692,0.019205697998404502
2083,0.018588770180940628,0.01919707588851452
2084,0.018325334414839745,0.019189401995390654
2085,0.018942775204777718,0.019186077136546374
2086,0.01839395985007286,0.01917772427201271
2087,0.018371308222413063,0.019162491802126168
2088,0.019240859895944595,0.019164355993270873
2089,0.018489157781004906,0.019151983950287103
2090,0.01896272599697113,0.019143002312630414
2091,0.019392743706703186,0.01914399929344654
2092,0.01949884369969368,0.019142340384423733
2093,0.01918162778019905,0.019141793102025986
2094,0.01802792027592659,0.0191284997574985
2095,0.019038181751966476,0.019126509744673968
2096,0.019631389528512955,0.01912911368533969
2097,0.019021689891815186,0.019124862607568502
2098,0.019275307655334473,0.019122360087931157
2099,0.018393900245428085,0.01910964773967862
2100,0.018643418326973915,0.019104418084025382
2101,0.019156407564878464,0.019098882339894773
2102,0.019187500700354576,0.019087703544646503
2103,0.019050411880016327,0.01907632367685437
2104,0.018880674615502357,0.019061526115983725
2105,0.018679721280932426,0.01905396578833461
2106,0.019667532294988632,0.019054756443947555
2107,0.01951095461845398,0.01904509535059333
2108,0.018843527883291245,0.019038138259202243
2109,0.019299184903502464,0.019041085857898
2110,0.019171632826328278,0.019039594307541846
2111,0.019721217453479767,0.019037494286894798
2112,0.019145634025335312,0.019028189349919556
2113,0.018949344754219055,0.019024464562535287
2114,0.01924706995487213,0.019026585388928652
2115,0.01844412088394165,0.019017376210540532
2116,0.018334388732910156,0.019006349351257085
2117,0.018870331346988678,0.019002324882894755
2118,0.018758410587906837,0.01899534624069929
2119,0.018133657053112984,0.01898781770840287
2120,0.018821313977241516,0.0189807771332562
2121,0.018237097188830376,0.01896890465170145
2122,0.01877732016146183,0.018966991398483516
2123,0.01922169141471386,0.0189664975553751
2124,0.019450848922133446,0.018971838261932134
2125,0.018717246130108833,0.018968994934111832
2126,0.01896698586642742,0.018966149389743805
2127,0.018313858658075333,0.018955122269690036
2128,0.018702376633882523,0.018947731256484985
2129,0.01857149414718151,0.018937524873763323
2130,0.018270447850227356,0.018929976914078
2131,0.018715158104896545,0.01892585264518857
2132,0.018061932176351547,0.018915585689246655
2133,0.018252991139888763,0.018906844779849052
2134,0.01815110072493553,0.018895547818392516
2135,0.018634192645549774,0.018891232162714003
2136,0.018780721351504326,0.01888671759516001
2137,0.018338749185204506,0.018882197607308627
2138,0.018165677785873413,0.018871579598635436
2139,0.01843615248799324,0.0188713183067739
2140,0.0187245961278677,0.018868591245263813
2141,0.018697373569011688,0.01886396924033761
2142,0.01855294406414032,0.018861123230308294
2143,0.018460359424352646,0.018852645847946405
2144,0.018871739506721497,0.01884156674146652
2145,0.0190422460436821,0.018840453289449215
2146,0.018274838104844093,0.01883017862215638
2147,0.018335748463869095,0.01882696757093072
2148,0.018936917185783386,0.018820859026163816
2149,0.018473748117685318,0.01881331907585263
2150,0.018581919372081757,0.018808508533984424
2151,0.018746037036180496,0.01880017848685384
2152,0.018364526331424713,0.018801238406449556
2153,0.018654773011803627,0.018801690340042115
2154,0.01896057277917862,0.018804961685091257
2155,0.018138036131858826,0.018806472960859535
2156,0.018250957131385803,0.018803502917289733
2157,0.018689030781388283,0.018799492456018925
2158,0.018313545733690262,0.018793632350862025
2159,0.01822694204747677,0.018785542864352463
2160,0.0183968897908926,0.01877799240872264
2161,0.0187695175409317,0.018779915180057286
2162,0.01803973689675331,0.01876654364168644
2163,0.018320854753255844,0.018759849853813647
2164,0.01814885064959526,0.01875321187078953
2165,0.01832902431488037,0.018749166950583457
2166,0.01793454773724079,0.018737429436296225
2167,0.017826374620199203,0.018722684737294912
2168,0.01838347315788269,0.01871679611504078
2169,0.018131770193576813,0.0187054281309247
2170,0.01848745346069336,0.018696286976337434
2171,0.018710963428020477,0.018697681427001952
2172,0.01851998269557953,0.018696498200297354
2173,0.018363945186138153,0.018695085234940054
2174,0.018323637545108795,0.018688737601041793
2175,0.01815689355134964,0.018683513887226583
2176,0.0185190849006176,0.018678334839642048
2177,0.018258946016430855,0.018672619815915822
2178,0.018144095316529274,0.018663121555000543
2179,0.018336331471800804,0.01865845385938883
2180,0.01857561245560646,0.01865367405116558
2181,0.018049735575914383,0.01864377349615097
2182,0.01864544115960598,0.018647290077060463
2183,0.01866455003619194,0.018648047875612975
2184,0.018360305577516556,0.018648397587239744
2185,0.018124770373106003,0.018640217538923025
2186,0.018050789833068848,0.018636785838752987
2187,0.017855018377304077,0.018631622940301896
2188,0.018040582537651062,0.01861962016671896
2189,0.017984483391046524,0.018614573422819376
2190,0.01811341755092144,0.01860608033835888
2191,0.018756968900561333,0.01859972259029746
2192,0.01780865527689457,0.01858282070606947
2193,0.018206581473350525,0.018573070243000984
2194,0.01820794679224491,0.018574870508164167
2195,0.01835574209690094,0.01856804611161351
2196,0.018016483634710312,0.018551897052675487
2197,0.01825873740017414,0.018544267527759076
2198,0.017976712435483932,0.018531281575560568
2199,0.018448475748300552,0.018531827330589293
2200,0.01791953109204769,0.01852458845824003
2201,0.01771058514714241,0.01851013023406267
2202,0.017838483676314354,0.01849664006382227
2203,0.01763828843832016,0.018482518829405308
2204,0.01789829507470131,0.0184726950339973
2205,0.017897240817546844,0.018464870229363443
2206,0.017954964190721512,0.01844774454832077
2207,0.01817813515663147,0.018434416353702545
2208,0.017946623265743256,0.018425447307527064
2209,0.01828031986951828,0.018415258657187225
2210,0.017893634736537933,0.01840247867628932
2211,0.018257509917020798,0.01838784160092473
2212,0.01811445876955986,0.018377529848366977
2213,0.018085025250911713,0.018368886653333902
2214,0.018246673047542572,0.018358882684260606
2215,0.017935732379555702,0.018353798799216746
2216,0.018124423921108246,0.01835169915109873
2217,0.017583996057510376,0.018338835798203945
2218,0.017506400123238564,0.018326315693557263
2219,0.017741017043590546,0.018322389293462037
2220,0.017712216824293137,0.018311298321932554
2221,0.01793411560356617,0.018308268506079913
2222,0.018275875598192215,0.018303254060447215
2223,0.017423970624804497,0.018285276852548122
2224,0.017443664371967316,0.01826520500704646
2225,0.018179738894104958,0.018259829934686424
2226,0.0179186649620533,0.01824934672564268
2227,0.017979871481657028,0.018246006853878498
2228,0.017555728554725647,0.01823454037308693
2229,0.018225764855742455,0.018231083080172537
2230,0.01738184690475464,0.018222197070717813
2231,0.017867524176836014,0.018213720731437205
2232,0.01798948273062706,0.018212996236979962
2233,0.018259890377521515,0.018213065229356288
2234,0.017413882538676262,0.018205693047493695
2235,0.017485126852989197,0.01819420238956809
2236,0.01763848029077053,0.018182779978960752
2237,0.018382728099822998,0.018183219768106936
2238,0.017744502052664757,0.01817900801077485
2239,0.017984513193368912,0.01817449161782861
2240,0.017465244978666306,0.018161898106336595
2241,0.017350615933537483,0.01814843052998185
2242,0.01819581165909767,0.018144859205931424
2243,0.01717899739742279,0.018132045585662126
2244,0.017694156616926193,0.018120269756764174
2245,0.018103305250406265,0.018110880348831414
2246,0.017757393419742584,0.0181057059019804
2247,0.017403073608875275,0.018096379153430462
2248,0.017879076302051544,0.018085800744593143
2249,0.01808180660009384,0.018081881329417227
2250,0.017764002084732056,0.018073702156543733
2251,0.017619341611862183,0.01806243520230055
2252,0.01843424141407013,0.018063132353127002
2253,0.018068332225084305,0.01805726794525981
2254,0.01773635856807232,0.018045025803148748
2255,0.01768047735095024,0.018040450215339662
2256,0.017632171511650085,0.018034262359142305
2257,0.0170730147510767,0.01801810219883919
2258,0.01712696999311447,0.01800623644143343
2259,0.017656713724136353,0.018000534158200025
2260,0.01746240258216858,0.017991189286112784
2261,0.017760854214429855,0.017981102652847768
2262,0.01785723865032196,0.017979277670383452
2263,0.017750291153788567,0.01797357203438878
2264,0.01712007075548172,0.017963284235447644
2265,0.017618238925933838,0.017956176381558178
2266,0.017564039677381516,0.017952471300959588
2267,0.01788472756743431,0.017953054830431938
2268,0.017839493229985237,0.017947615031152962
2269,0.01762624830007553,0.01794255981221795
2270,0.017628539353609085,0.017933970671147107
2271,0.01712401583790779,0.01791810119524598
2272,0.017373833805322647,0.017906639706343413
2273,0.01707736775279045,0.017893773932009936
2274,0.017540019005537033,0.01788593774661422
2275,0.017170783132314682,0.01787607664242387
2276,0.01714160293340683,0.01786230182275176
2277,0.017321456223726273,0.017852926924824715
2278,0.017167329788208008,0.0178431592695415
2279,0.01692817360162735,0.017829077690839766
2280,0.017095619812607765,0.017814277764409782
2281,0.01765870861709118,0.01781036749482155
2282,0.017367836087942123,0.01779759144410491
2283,0.017295492812991142,0.017783900871872902
2284,0.01747608184814453,0.01777505863457918
2285,0.017702657729387283,0.017770837508141995
2286,0.016842227429151535,0.017758751884102822
2287,0.017768561840057373,0.017757887318730355
2288,0.017526831477880478,0.01775274980813265
2289,0.01783149503171444,0.01775121992453933
2290,0.017367126420140266,0.017743757013231515
2291,0.017448026686906815,0.01773066759109497
2292,0.017160899937152863,0.017724190037697554
2293,0.017511915415525436,0.0177172433771193
2294,0.017116574570536613,0.01770632965490222
2295,0.01773114874958992,0.01770008372142911
2296,0.01817951910197735,0.01770171407610178
2297,0.01771955005824566,0.017696322202682496
2298,0.01781827211380005,0.017694737799465655
2299,0.017752598971128464,0.017687779031693936
2300,0.016914084553718567,0.017677724566310643
2301,0.01769995503127575,0.017677618265151976
2302,0.01762647181749344,0.01767549814656377
2303,0.017420368269085884,0.017673318944871425
2304,0.01845817267894745,0.017678917720913886
2305,0.017044920474290848,0.017670394517481328
2306,0.01727720908820629,0.017663616966456176
2307,0.01707131788134575,0.01765254879370332
2308,0.01726367697119713,0.017645719330757856
2309,0.01704500988125801,0.017633366230875254
2310,0.017155218869447708,0.017625982072204352
2311,0.01744580641388893,0.017617865037173032
2312,0.017344169318675995,0.017610162142664195
2313,0.01711123064160347,0.01760042419657111
2314,0.017280109226703644,0.017590758558362722
2315,0.01737358048558235,0.01758513703942299
2316,0.017093390226364136,0.017574826702475548
2317,0.017170298844575882,0.017570689730346204
2318,0.017284061759710312,0.01756846634671092
2319,0.01709870621562004,0.017562043238431215
2320,0.017259888350963593,0.01755751995369792
2321,0.017499882727861404,0.017553177624940873
2322,0.017207622528076172,0.01754249509423971
2323,0.016978494822978973,0.017538040336221458
2324,0.016825353726744652,0.01753185722976923
2325,0.016884416341781616,0.017518904004245998
2326,0.01741381175816059,0.01751385547220707
2327,0.0167837031185627,0.017501893788576126
2328,0.01729693077504635,0.017499305810779332
2329,0.016928590834140778,0.017486334070563315
2330,0.0170269887894392,0.017482785489410162
2331,0.016756338998675346,0.017471673637628554
2332,0.0173907820135355,0.01746568663045764
2333,0.017014194279909134,0.017453229669481516
2334,0.017748378217220306,0.017456574626266957
2335,0.016940904781222343,0.017451132405549286
2336,0.017214149236679077,0.017446889095008373
2337,0.01856810599565506,0.017448742873966694
2338,0.017919067293405533,0.0174504885263741
2339,0.017025107517838478,0.017440894469618797
2340,0.01727474480867386,0.017438989467918872
2341,0.01684209704399109,0.01743390427902341
2342,0.017092743888497353,0.017422873601317404
2343,0.018891137093305588,0.017439994998276233
2344,0.01770908385515213,0.017440144270658493
2345,0.017182838171720505,0.017430939599871634
2346,0.017251031473279,0.017425875980407
2347,0.017039038240909576,0.01742223562672734
2348,0.017250724136829376,0.01741595210507512
2349,0.017674976959824562,0.017411883808672427
2350,0.016973216086626053,0.017403975948691367
2351,0.01761421374976635,0.01740392467007041
2352,0.016806932166218758,0.017387651577591895
2353,0.016765713691711426,0.017374625392258168
2354,0.0174359530210495,0.017371621336787938
2355,0.017761416733264923,0.017372430730611087
2356,0.01667804829776287,0.017362889498472214
2357,0.016811076551675797,0.017360270116478206
2358,0.01722562499344349,0.017361256666481494
2359,0.0173448845744133,0.017358138374984265
2360,0.017480487003922462,0.017358319219201803
2361,0.016610868275165558,0.01734681935980916
2362,0.01752481237053871,0.017343495097011326
2363,0.0167858749628067,0.017333850935101508
2364,0.016935497522354126,0.017332005202770232
2365,0.016965139657258987,0.017325474210083486
2366,0.017172183841466904,0.01732155565172434
2367,0.016581278294324875,0.017308521158993243
2368,0.01696072891354561,0.01729973351582885
2369,0.016962911933660507,0.017293100152164696
2370,0.016855694353580475,0.01728537170216441
2371,0.016689106822013855,0.01728102261200547
2372,0.016739144921302795,0.017274675723165274
2373,0.016503553837537766,0.017268937584012746
2374,0.01715812459588051,0.017265118639916182
2375,0.016494855284690857,0.017258359361439945
2376,0.016927190124988556,0.01725621523335576
2377,0.016746066510677338,0.01725046133622527
2378,0.016950398683547974,0.01724829202517867
2379,0.01672814041376114,0.017246291693300008
2380,0.016600215807557106,0.017241337653249502
2381,0.01715875416994095,0.017236338108778
2382,0.016729263588786125,0.01722995238378644
2383,0.018040712922811508,0.017237404584884642
2384,0.016606595367193222,0.01722870972007513
2385,0.017056038603186607,0.017222243528813123
2386,0.016827989369630814,0.017222101148217917
2387,0.017014216631650925,0.01721455769613385
2388,0.016835706308484077,0.017207646444439888
2389,0.017238235101103783,0.017201713845133783
2390,0.01711137592792511,0.01719915634021163
2391,0.01660574972629547,0.017190733570605517
2392,0.016952339559793472,0.01718864796683192
2393,0.016544941812753677,0.017178978230804207
2394,0.01696387305855751,0.017177451215684415
2395,0.01659238152205944,0.017166063543409108
2396,0.016968833282589912,0.017153956685215233
2397,0.01756209507584572,0.017152382135391234
2398,0.017011787742376328,0.017144317291676998
2399,0.016634367406368256,0.017133134976029397
2400,0.01693236455321312,0.01713331777602434
2401,0.016831401735544205,0.017124632243067026
2402,0.016233110800385475,0.017110698632895948
2403,0.016404472291469574,0.017100539673119784
2404,0.016926903277635574,0.017085226979106666
2405,0.0170898474752903,0.01708567624911666
2406,0.017050674185156822,0.017083410900086166
2407,0.01639285311102867,0.017076626252382994
2408,0.016412269324064255,0.017068112175911664
2409,0.016311418265104294,0.017060776259750127
2410,0.015947936102747917,0.01704870343208313
2411,0.016602905467152596,0.017040274422615766
2412,0.016421150416135788,0.017031044233590364
2413,0.01633688062429428,0.017023300733417273
2414,0.017117099836468697,0.017021670639514923
2415,0.01696186326444149,0.017017553467303513
2416,0.015967685729265213,0.017006296422332524
2417,0.016693126410245895,0.017001524697989226
2418,0.016517087817192078,0.016993854958564043
2419,0.017291605472564697,0.01699578395113349
2420,0.016562286764383316,0.016988807935267688
2421,0.016894148662686348,0.016982750594615938
2422,0.01702864095568657,0.01698096077889204
2423,0.01665157452225685,0.01697769157588482
2424,0.016331806778907776,0.01697275610640645
2425,0.016944443807005882,0.016973356381058693
2426,0.01626693457365036,0.01696188760921359
2427,0.016385415568947792,0.01695790473371744
2428,0.016412654891610146,0.01694906197488308
2429,0.016206413507461548,0.016941840201616286
2430,0.01634795032441616,0.016935049816966058
2431,0.016711708158254623,0.01693460350856185
2432,0.016288429498672485,0.01692357998341322
2433,0.016643038019537926,0.016919868420809506
2434,0.016033601015806198,0.016902720648795368
2435,0.01670503243803978,0.016900361925363542
2436,0.016128256916999817,0.01688950300216675
2437,0.017179109156131744,0.016875613033771514
2438,0.016021063551306725,0.016856632996350526
2439,0.016381967812776566,0.016850201599299907
2440,0.01649073138833046,0.016842361465096475
2441,0.01648949831724167,0.01683883547782898
2442,0.016385244205594063,0.016831760480999946
2443,0.016348712146282196,0.016806336231529714
2444,0.016733985394239426,0.016796585246920584
2445,0.016477562487125397,0.016789532490074633
2446,0.016835462301969528,0.01678537679836154
2447,0.01669822260737419,0.016781968642026187
2448,0.01612432301044464,0.01677070463076234
2449,0.016928287222981453,0.01676323773339391
2450,0.016297992318868637,0.016756485495716334
2451,0.016103286296129227,0.016741376221179962
2452,0.016127407550811768,0.016734580975025892
2453,0.016494296491146088,0.01673186680302024
2454,0.016336770728230476,0.01672087498009205
2455,0.016223154962062836,0.016705492362380028
2456,0.0161302350461483,0.01670001422986388
2457,0.01683434471487999,0.016700246911495922
2458,0.016275472939014435,0.016690745390951632
2459,0.01665748655796051,0.016683871410787105
2460,0.016001885756850243,0.016669085398316384
2461,0.016586903482675552,0.016668845750391483
2462,0.01628921739757061,0.0166564898006618
2463,0.016660649329423904,0.016655237544327975
2464,0.015773864462971687,0.01664362121373415
2465,0.016059545800089836,0.01663456527516246
2466,0.01612061634659767,0.016624049600213766
2467,0.016159072518348694,0.016619827542454006
2468,0.016513004899024963,0.016615350302308797
2469,0.01642732135951519,0.016609994396567344
2470,0.015647538006305695,0.016597912833094596
2471,0.01571544073522091,0.016588176172226667
2472,0.0163700170814991,0.01658448489382863
2473,0.015935540199279785,0.01657880475744605
2474,0.016290564090013504,0.01657012915238738
2475,0.01743278279900551,0.016579508427530528
2476,0.016757726669311523,0.016577813792973756
2477,0.01645996980369091,0.01657495282590389
2478,0.016121841967105865,0.01656666725873947
2479,0.016641370952129364,0.016565799564123154
2480,0.016365965828299522,0.01656345706433058
2481,0.01619940996170044,0.01655386362224817
2482,0.016293495893478394,0.016549505945295095
2483,0.016566835343837738,0.016534767169505356
2484,0.015971317887306213,0.016528414394706488
2485,0.016755670309066772,0.01652541071176529
2486,0.01617869921028614,0.016518917810171844
2487,0.015669675543904305,0.016505472399294376
2488,0.016865277662873268,0.016505768112838267
2489,0.016027826815843582,0.016493664029985665
2490,0.0168493390083313,0.01649104366078973
2491,0.015888219699263573,0.016483868360519408
2492,0.015848703682422638,0.0164728320017457
2493,0.016340471804142,0.016470787301659583
2494,0.016197621822357178,0.01646312478929758
2495,0.016142822802066803,0.016458629202097654
2496,0.015651540830731392,0.016445456277579068
2497,0.015970638021826744,0.016429541707038878
2498,0.016422457993030548,0.01642364840954542
2499,0.01653318479657173,0.016422636583447458
2500,0.01641453430056572,0.016417458280920984
2501,0.016889600083231926,0.01641804026439786
2502,0.016172129660844803,0.016417430453002452
2503,0.015951260924339294,0.01641289833933115
2504,0.015839366242289543,0.01640202296897769
2505,0.015520734712481499,0.0163863318413496
2506,0.016113756224513054,0.016376962661743166
2507,0.016130933538079262,0.01637434346601367
2508,0.016182180494070053,0.016372042577713727
2509,0.016211485490202904,0.016371043249964714
2510,0.016382690519094467,0.01637539079412818
2511,0.015995793044567108,0.016369319669902325
2512,0.015902109444141388,0.01636412926018238
2513,0.01564149186015129,0.01635717537254095
2514,0.0165182463824749,0.016351186838001013
2515,0.016112565994262695,0.016342693865299227
2516,0.01627349480986595,0.016345751956105232
2517,0.01583198830485344,0.01633714057505131
2518,0.015448053367435932,0.016326450230553746
2519,0.015844449400901794,0.016311978669837118
2520,0.015940804034471512,0.016305763842538
2521,0.016146622598171234,0.016298288581892847
2522,0.01597445458173752,0.01628774671815336
2523,0.01672057807445526,0.01628843675367534
2524,0.01590266451239586,0.016284145331010223
2525,0.015920324251055717,0.016273904135450722
2526,0.01574387028813362,0.016268673492595552
2527,0.01597457379102707,0.016264565074816346
2528,0.015759672969579697,0.01625803525559604
2529,0.015965208411216736,0.016255623204633595
2530,0.015693480148911476,0.016249078502878548
2531,0.015551207587122917,0.01623747349716723
2532,0.01545338612049818,0.016229123063385486
2533,0.01567988097667694,0.016219491492956876
2534,0.01594662293791771,0.016218621712177993
2535,0.015995575115084648,0.01621152713894844
2536,0.016604004427790642,0.01621628461405635
2537,0.015811406075954437,0.016202607583254577
2538,0.016143985092639923,0.01620383679866791
2539,0.015769124031066895,0.016197708360850813
2540,0.016746031120419502,0.0162002613581717
2541,0.015726417303085327,0.016192630548030138
2542,0.015591826289892197,0.016184696368873118
2543,0.01612812653183937,0.01618249051272869
2544,0.016132328659296036,0.016176473945379258
2545,0.01627403125166893,0.01617443863302469
2546,0.015887124463915825,0.016164955254644155
2547,0.01600598730146885,0.0161580329015851
2548,0.015568463131785393,0.01615247430279851
2549,0.01572958007454872,0.01614048723131418
2550,0.01528920978307724,0.01613039940595627
2551,0.01568850316107273,0.016126251574605704
2552,0.01575859636068344,0.01612256346270442
2553,0.016898639500141144,0.01612660689279437
2554,0.01569933444261551,0.01612023252993822
2555,0.015682388097047806,0.016114824861288072
2556,0.015276510268449783,0.016106287613511086
2557,0.015779884532094002,0.016095743011683226
2558,0.015793271362781525,0.016090920995920896
2559,0.015836695209145546,0.016082713082432747
2560,0.015491697005927563,0.01607761119492352
2561,0.015980791300535202,0.016071550073102115
2562,0.015829062089323997,0.01606694852001965
2563,0.0158466175198555,0.016058808201923968
2564,0.015804873779416084,0.01605911829508841
2565,0.015544439665973186,0.016053967233747243
2566,0.01530267670750618,0.01604578783735633
2567,0.015948399901390076,0.016043681111186744
2568,0.01576591655611992,0.016036210227757693
2569,0.01592743769288063,0.016031211391091347
2570,0.01565375179052353,0.016031273528933524
2571,0.01505657285451889,0.016024684850126505
2572,0.016176089644432068,0.016022745575755833
2573,0.01553201675415039,0.016018710341304542
2574,0.015390212647616863,0.016009706826880573
2575,0.015810078009963036,0.015993479778990148
2576,0.01582508534193039,0.015984153365716337
2577,0.015301093459129333,0.01597256460227072
2578,0.015261290594935417,0.01596395908854902
2579,0.01609591767191887,0.015958504555746912
2580,0.015550607815384865,0.015950350975617766
2581,0.015878014266490936,0.01594713701866567
2582,0.01568196341395378,0.015941021693870426
2583,0.015776246786117554,0.01593311580829322
2584,0.015756716951727867,0.01593096979893744
2585,0.015436558052897453,0.015917778676375748
2586,0.015484907664358616,0.01591084076091647
2587,0.01539065781980753,0.015908050583675504
2588,0.015248702839016914,0.01589188483543694
2589,0.015734095126390457,0.015888947518542407
2590,0.015713347122073174,0.01587758759967983
2591,0.015208223834633827,0.01587078764103353
2592,0.015457057394087315,0.015866871178150176
2593,0.015972591936588287,0.01586319237947464
2594,0.015341435559093952,0.015854630516842008
2595,0.015946168452501297,0.01585266397334635
2596,0.015379775315523148,0.01584994631819427
2597,0.015257459133863449,0.015842814529314637
2598,0.016583696007728577,0.01584442690946162
2599,0.015588438138365746,0.01583497944287956
2600,0.015521349385380745,0.01582604759372771
2601,0.014970796182751656,0.015806859554722906
2602,0.016007134690880775,0.015805209605023265
2603,0.015790853649377823,0.01580360553227365
2604,0.015111640095710754,0.01579632827080786
2605,0.015550563111901283,0.01579662655480206
2606,0.015212624333798885,0.01578761523589492
2607,0.015405948273837566,0.0157803653832525
2608,0.015418972820043564,0.015772733306512236
2609,0.014645248651504517,0.015757070938125253
2610,0.015352986752986908,0.015746773900464178
2611,0.01519894227385521,0.015738805392757058
2612,0.015120470896363258,0.015730989007279275
2613,0.015193179249763489,0.0157265058811754
2614,0.015252909623086452,0.015713852513581514
2615,0.015447774901986122,0.015707204602658748
2616,0.015975890681147575,0.015704228561371564
2617,0.015243562869727612,0.015698344307020308
2618,0.015132344327867031,0.015695187216624617
2619,0.015455271117389202,0.01569129543378949
2620,0.015708988532423973,0.015688977278769015
2621,0.015212571248412132,0.015679636765271426
2622,0.015249880962073803,0.01567239102907479
2623,0.016334591433405876,0.015668531162664295
2624,0.01527625136077404,0.015662267031148078
2625,0.015047060325741768,0.015653534391894937
2626,0.015151852741837502,0.015647614216431974
2627,0.015405911020934582,0.01564192758873105
2628,0.01498852763324976,0.01563421613536775
2629,0.01548975519835949,0.015629461603239178
2630,0.01570923998951912,0.015629619201645253
2631,0.015000426210463047,0.015624111387878656
2632,0.015006154775619507,0.01561963907442987
2633,0.015312815085053444,0.015615968415513635
2634,0.01539159007370472,0.015610418086871504
2635,0.014971207827329636,0.015600174413993955
2636,0.01482538040727377,0.015582388173788786
2637,0.015765409916639328,0.015581928212195634
2638,0.014982451684772968,0.015570312878116966
2639,0.015296979807317257,0.015565591435879468
2640,0.01555523183196783,0.015553683442994952
2641,0.014944132417440414,0.015545860594138504
2642,0.015399476513266563,0.015543937096372246
2643,0.01536565087735653,0.015536312339827418
2644,0.015137473121285439,0.015526363784447312
2645,0.015224799513816833,0.015515871467068792
2646,0.014562882483005524,0.015502629047259688
2647,0.015766507014632225,0.015500234244391321
2648,0.01487003080546856,0.015493249921128154
2649,0.015056698583066463,0.015486521106213331
2650,0.015052265487611294,0.015484151663258672
2651,0.015261233784258366,0.015479878969490529
2652,0.015262981876730919,0.015474922824651002
2653,0.014974787831306458,0.015455684307962656
2654,0.015240317210555077,0.015451094135642052
2655,0.014980842359364033,0.015444078678265215
2656,0.014931338839232922,0.015440626963973046
2657,0.015364103950560093,0.015436469158157707
2658,0.015159391798079014,0.015430130362510681
2659,0.015290364623069763,0.015424667056649924
2660,0.015927515923976898,0.015429025245830418
2661,0.015216889791190624,0.015421386230736972
2662,0.014951737597584724,0.015412612985819578
2663,0.01535939984023571,0.015407740809023381
2664,0.015148083679378033,0.015401172908023
2665,0.015071257948875427,0.015396441090852022
2666,0.015025461092591286,0.015393668934702873
2667,0.015139997005462646,0.015385584905743599
2668,0.014930808916687965,0.015377233829349279
2669,0.014613091014325619,0.01536409036256373
2670,0.01466825045645237,0.015354235349223018
2671,0.01568615436553955,0.015360531164333224
2672,0.014933347702026367,0.015348103744909167
2673,0.015234598889946938,0.015345129566267133
2674,0.015175245702266693,0.015342979896813632
2675,0.014819718897342682,0.015333076305687428
2676,0.015988681465387344,0.015334712266921997
2677,0.01567499339580536,0.015338451266288758
2678,0.016094183549284935,0.015346780195832252
2679,0.015485710464417934,0.015340678123757244
2680,0.015258653089404106,0.015337758576497435
2681,0.015843473374843597,0.015337413167580962
2682,0.015169856138527393,0.015332292094826698
2683,0.015329634770751,0.015327825974673033
2684,0.01510543655604124,0.015321313170716166
2685,0.014940102584660053,0.015316348616033792
2686,0.015230080112814903,0.015313800340518356
2687,0.015256799757480621,0.015312461759895086
2688,0.015052471309900284,0.01531049944460392
2689,0.014635191299021244,0.015299510406330229
2690,0.015315316617488861,0.015295530101284385
2691,0.015227962285280228,0.015295727485790849
2692,0.015262443572282791,0.015293781347572803
2693,0.015116148628294468,0.015285216914489865
2694,0.01503796223551035,0.01528218218125403
2695,0.015414069406688213,0.015276861190795899
2696,0.015346620231866837,0.015276529639959336
2697,0.015496509149670601,0.015278920140117407
2698,0.01500332448631525,0.015263116424903274
2699,0.014936013147234917,0.015256592174991965
2700,0.015350066125392914,0.015254879342392088
2701,0.015123195014894009,0.01525640333071351
2702,0.014735695905983448,0.015243688942864536
2703,0.014627926982939243,0.01523205967620015
2704,0.014355595223605633,0.0152244992274791
2705,0.014829162508249283,0.01521728522144258
2706,0.014823684468865395,0.015213395822793246
2707,0.01515289768576622,0.015210865316912531
2708,0.014559058472514153,0.015202266173437238
2709,0.015258613973855972,0.015208399826660753
2710,0.015525488182902336,0.015210124840959906
2711,0.015345355495810509,0.015211588973179459
2712,0.014592355117201805,0.015206307815387845
2713,0.01507779024541378,0.015205153925344349
2714,0.015141854993999004,0.015204043379053473
2715,0.015264871530234814,0.01520221434533596
2716,0.015002414584159851,0.015192479584366083
2717,0.014873312786221504,0.015188777083531023
2718,0.014718685299158096,0.015184640493243933
2719,0.014936383813619614,0.015179451620206237
2720,0.01492759957909584,0.015171637730672956
2721,0.014771520160138607,0.015167227219790221
2722,0.0147093515843153,0.015161821926012635
2723,0.01450179610401392,0.015143493972718716
2724,0.01443849690258503,0.015135116428136825
2725,0.014859294518828392,0.015133238770067692
2726,0.014674022793769836,0.015128460470587015
2727,0.014670388773083687,0.015121105248108507
2728,0.014677262865006924,0.015117992600426077
2729,0.014554478228092194,0.015108639830723405
2730,0.014806820079684258,0.015099615631625056
2731,0.014600817114114761,0.015095619540661574
2732,0.014788766391575336,0.015093445656821131
2733,0.014987915754318237,0.015090196663513779
2734,0.014545328915119171,0.015081734051927925
2735,0.015305539593100548,0.015085077369585633
2736,0.014753846451640129,0.015084362030029297
2737,0.014831425622105598,0.01507502218708396
2738,0.014720354229211807,0.015072401212528348
2739,0.01484471932053566,0.015067878607660533
2740,0.014497042633593082,0.015057296715676785
2741,0.015077503398060799,0.015058630425482989
2742,0.014882237650454044,0.015053458036854863
2743,0.014819828793406487,0.015047999816015362
2744,0.014536146074533463,0.015041986545547843
2745,0.01470012217760086,0.015036739772185684
2746,0.014426720328629017,0.015035378150641918
2747,0.01508287899196148,0.015028541870415212
2748,0.014393122866749763,0.015023772791028022
2749,0.014497192576527596,0.015018177730962635
2750,0.014316095039248466,0.015010816026479006
2751,0.014739299193024635,0.015005596680566669
2752,0.014691179618239403,0.014999878657981754
2753,0.014534089714288712,0.014995471676811575
2754,0.014565549790859222,0.014988724002614617
2755,0.014269674196839333,0.01498161232098937
2756,0.014904591254889965,0.01498134484514594
2757,0.015182171016931534,0.014979525515809656
2758,0.014502043835818768,0.014972952036187053
2759,0.01442889403551817,0.014964337330311536
2760,0.014691546559333801,0.014951977636665106
2761,0.014832246117293835,0.014948131199926138
2762,0.014203580096364021,0.014940649624913932
2763,0.014798211865127087,0.014935037745162845
2764,0.014792677015066147,0.014931483678519725
2765,0.014800075441598892,0.014928771853446961
2766,0.015041779726743698,0.014928935039788484
2767,0.014904139563441277,0.01492657646536827
2768,0.01470040250569582,0.01492427240125835
2769,0.01422366127371788,0.014920378103852272
2770,0.014105682261288166,0.01491475242190063
2771,0.014090847223997116,0.014898799350485206
2772,0.014867615886032581,0.014898142032325267
2773,0.013943042606115341,0.014885226469486952
2774,0.014873625710606575,0.01488221026957035
2775,0.014268474653363228,0.014876697827130556
2776,0.014096805825829506,0.014857779070734978
2777,0.014445682056248188,0.014845485957339406
2778,0.014995001256465912,0.014834494134411215
2779,0.014399275183677673,0.014823629781603813
2780,0.014597857370972633,0.014817021824419498
2781,0.015560162253677845,0.01481418871320784
2782,0.015354502946138382,0.014816035181283951
2783,0.015146656893193722,0.014814205402508378
2784,0.015115365386009216,0.014814304690808057
2785,0.014491191133856773,0.014809815576300026
2786,0.014109802432358265,0.014798612799495459
2787,0.014938469044864178,0.014795429492369293
2788,0.014529929496347904,0.01479020407423377
2789,0.016019772738218307,0.01480404988862574
2790,0.014994894154369831,0.01480084566399455
2791,0.01509125716984272,0.014799478612840176
2792,0.014872525818645954,0.014795579435303807
2793,0.014586489647626877,0.01479028284549713
2794,0.014437971636652946,0.014784282939508557
2795,0.014360301196575165,0.014773745257407427
2796,0.014431646093726158,0.01476459551602602
2797,0.01480337418615818,0.014757664166390896
2798,0.014542259275913239,0.014753053514286876
2799,0.014634564518928528,0.014750039028003812
2800,0.014779338613152504,0.014744331752881408
2801,0.01427922397851944,0.014735892042517662
2802,0.01453874260187149,0.014733922509476543
2803,0.014832812361419201,0.014735971363261342
2804,0.01495206169784069,0.014741936028003692
2805,0.014244542457163334,0.014736089827492834
2806,0.014344677329063416,0.014731299756094813
2807,0.014636140316724777,0.014726132182404398
2808,0.014058873988687992,0.014721130337566137
2809,0.014090192504227161,0.014709446122869849
2810,0.014105159789323807,0.014695242838934064
2811,0.014385463669896126,0.01468564392067492
2812,0.014334123581647873,0.01468306160531938
2813,0.013950338587164879,0.014671787088736891
2814,0.014669341966509819,0.014667061958462
2815,0.01482023112475872,0.01466261555440724
2816,0.014737248420715332,0.014659963892772793
2817,0.014066013507544994,0.01465189089998603
2818,0.014383630827069283,0.01464854035526514
2819,0.014422426000237465,0.014643400777131318
2820,0.01435953751206398,0.014637720156461
2821,0.014612685889005661,0.01463613181374967
2822,0.014735880307853222,0.01463639710098505
2823,0.014313751831650734,0.014634516658261418
2824,0.014480816200375557,0.014634939851239323
2825,0.014570812694728374,0.014632055032998324
2826,0.014141556806862354,0.014626730373129249
2827,0.01464061439037323,0.014626432629302143
2828,0.01384025253355503,0.014618062525987624
2829,0.01441342756152153,0.014616652019321918
2830,0.014342857524752617,0.014612012393772602
2831,0.013949597254395485,0.01460550019517541
2832,0.014276251196861267,0.014600375043228269
2833,0.014252252876758575,0.014593018414452673
2834,0.014286814257502556,0.014590433267876506
2835,0.014358309097588062,0.01458096096292138
2836,0.01446800958365202,0.0145781025942415
2837,0.014326430857181549,0.01457305264659226
2838,0.014324946328997612,0.014569098567590118
2839,0.01407118421047926,0.014561363216489553
2840,0.014280064031481743,0.01455919343046844
2841,0.014143840409815311,0.014549856800585985
2842,0.014111445285379887,0.014542148876935244
2843,0.014292547479271889,0.014536876063793898
2844,0.014437590725719929,0.014535890510305762
2845,0.014517370611429214,0.014534062994644046
2846,0.014810433611273766,0.014537900127470494
2847,0.014014026150107384,0.014527211599051952
2848,0.014415418729186058,0.014527434557676315
2849,0.013857250101864338,0.014521035132929683
2850,0.01396317407488823,0.01451750592328608
2851,0.013919822871685028,0.014509311160072685
2852,0.01444762572646141,0.014506875621154904
2853,0.014159426093101501,0.014503128984943032
2854,0.01480059139430523,0.014505479400977492
2855,0.014514526352286339,0.014507927922531963
2856,0.014180620200932026,0.014500688211992383
2857,0.013704811222851276,0.014485914614051581
2858,0.013890784233808517,0.014479802018031477
2859,0.014546757563948631,0.014480980653315783
2860,0.013985943980515003,0.014473924627527595
2861,0.014133550226688385,0.01446693766862154
2862,0.013753227889537811,0.014462434146553278
2863,0.014229273423552513,0.014456744762137532
2864,0.013825511559844017,0.014447073107585312
2865,0.013991821557283401,0.014438990568742156
2866,0.014546483755111694,0.014434037609025835
2867,0.014152783900499344,0.014426524052396417
2868,0.013846537098288536,0.014417985398322343
2869,0.014262115582823753,0.014418369941413402
2870,0.014599975198507309,0.014423312870785594
2871,0.014336398802697659,0.014425768386572599
2872,0.013976769521832466,0.014416859922930599
2873,0.01406695693731308,0.014418099066242576
2874,0.014124546200037003,0.01441060827113688
2875,0.013586143031716347,0.014403784954920411
2876,0.014087612740695477,0.01440369302406907
2877,0.014147003181278706,0.014400706235319376
2878,0.014254890382289886,0.014393305126577615
2879,0.01434274297207594,0.014392739804461598
2880,0.014240140095353127,0.014389162631705404
2881,0.013863971456885338,0.014372200723737478
2882,0.013809878379106522,0.01435675447806716
2883,0.014255013316869736,0.014347838042303919
2884,0.014586325734853745,0.014342547645792365
2885,0.014307798817753792,0.014340713722631335
2886,0.014392448589205742,0.01434354018419981
2887,0.013991540297865868,0.014334070896729827
2888,0.014179005287587643,0.014330561654642224
2889,0.014104088768362999,0.014311404814943671
2890,0.013642074540257454,0.014297876618802547
2891,0.014013787731528282,0.014287101924419404
2892,0.013588718138635159,0.014274263847619295
2893,0.013650228269398212,0.014264901233837009
2894,0.014223190024495125,0.01426275341771543
2895,0.013655072078108788,0.014255701126530766
2896,0.01362905465066433,0.014247675212100148
2897,0.014951995573937893,0.014249161425977945
2898,0.013819407671689987,0.014241932909935712
2899,0.014368795789778233,0.01423927522264421
2900,0.014223333448171616,0.0142337151709944
2901,0.014057725667953491,0.014231500187888742
2902,0.013841463252902031,0.014224527394399047
2903,0.014039358124136925,0.014216592852026224
2904,0.01372986938804388,0.014204370928928256
2905,0.014330264180898666,0.01420522814616561
2906,0.014239458367228508,0.014204175956547261
2907,0.014039793983101845,0.014198212493211031
2908,0.01477343961596489,0.0142053581494838
2909,0.014090543612837791,0.014205361660569906
2910,0.0140363909304142,0.01420467397198081
2911,0.01383301429450512,0.0141991494782269
2912,0.013431135565042496,0.014190119598060847
2913,0.01411253958940506,0.014191741608083248
2914,0.01423267088830471,0.014187374897301198
2915,0.013853630051016808,0.014177708886563778
2916,0.01354209240525961,0.01416575732640922
2917,0.013817007653415203,0.014163267267867923
2918,0.013783341273665428,0.014157264372333883
2919,0.013892227783799171,0.014151962390169501
2920,0.013333864510059357,0.014141705660149455
2921,0.014145499095320702,0.014137033792212605
2922,0.014018969610333443,0.014129864685237407
2923,0.014304039999842644,0.014129767566919327
2924,0.015394188463687897,0.01413890128955245
2925,0.014851785264909267,0.01414171101525426
2926,0.01444514561444521,0.014144746903330088
2927,0.013650101609528065,0.014134841775521635
2928,0.01350486185401678,0.014131487868726254
2929,0.014125545509159565,0.014128609048202633
2930,0.015136335976421833,0.014136543832719325
2931,0.014693624339997768,0.014143984103575348
2932,0.014067388139665127,0.014141895473003388
2933,0.013527355156838894,0.01413464649580419
2934,0.013817040249705315,0.014129948755726218
2935,0.014540864154696465,0.014131774306297301
2936,0.013469461351633072,0.014121788823977112
2937,0.01367115043103695,0.014115236019715666
2938,0.013491466641426086,0.014106901222839951
2939,0.01399387326091528,0.014106128113344312
2940,0.013854298740625381,0.014101870460435748
2941,0.013757534325122833,0.014098007399588823
2942,0.014097210951149464,0.014097865056246519
2943,0.013733506202697754,0.014092274643480777
2944,0.01381976529955864,0.014086096389219165
2945,0.013658054172992706,0.0140775032248348
2946,0.013531802222132683,0.014064716910943388
2947,0.013962827622890472,0.01406420492567122
2948,0.014143439009785652,0.014061485128477215
2949,0.014613324776291847,0.014069045875221491
2950,0.013491606339812279,0.014064330197870732
2951,0.013684431090950966,0.014061976280063391
2952,0.014573903754353523,0.014063239060342313
2953,0.015487194992601871,0.014076516749337315
2954,0.014737211167812347,0.014075882947072387
2955,0.01407355722039938,0.014071473255753517
2956,0.013905548490583897,0.014068722538650037
2957,0.013976979069411755,0.01407144421711564
2958,0.01443888433277607,0.014076925218105316
2959,0.014277216047048569,0.014074229802936315
2960,0.014461765065789223,0.014078988013789057
2961,0.01420546043664217,0.014079707115888596
2962,0.013236654922366142,0.014074541386216879
2963,0.013793587684631348,0.014070184528827667
2964,0.013860141858458519,0.014070530831813812
2965,0.013594115152955055,0.014066553767770528
2966,0.01347785722464323,0.014055867502465845
2967,0.01376950740814209,0.014052034737542272
2968,0.013570570386946201,0.014049275070428848
2969,0.013850877061486244,0.014045162685215473
2970,0.013642126694321632,0.014035584200173616
2971,0.01417284645140171,0.014033948676660657
2972,0.013511121273040771,0.01402929219417274
2973,0.013455433771014214,0.01402317696250975
2974,0.01330806314945221,0.014015012132003903
2975,0.013765141367912292,0.014016802115365863
2976,0.01337333396077156,0.014009659327566624
2977,0.013857915997505188,0.014006768455728888
2978,0.013494731858372688,0.013999166870489717
2979,0.013890290632843971,0.013994642347097398
2980,0.013484450988471508,0.013987085456028581
2981,0.013687992468476295,0.01398532566614449
2982,0.013679353520274162,0.013984020417556167
2983,0.013220668770372868,0.013973676972091198
2984,0.013948480598628521,0.013967298520728946
2985,0.013596096076071262,0.01396018149331212
2986,0.013825856149196625,0.01395451556891203
2987,0.013707829639315605,0.013951678462326526
2988,0.014123302884399891,0.01395112143829465
2989,0.01386570930480957,0.013948737643659115
2990,0.013781148940324783,0.013950128387659789
2991,0.013582229614257812,0.013945812806487084
2992,0.01377859152853489,0.013947711540386081
2993,0.01346728578209877,0.013945882115513087
2994,0.01333421841263771,0.013936992399394513
2995,0.013339044526219368,0.013933832123875618
2996,0.013416199013590813,0.013931703567504884
2997,0.013156631030142307,0.013913749922066928
2998,0.013567080721259117,0.013911226652562619
2999,0.013386954553425312,0.013901408240199089
3000,0.01340174488723278,0.0138931923545897
3001,0.01331775076687336,0.013885792605578899
3002,0.013189615681767464,0.013879274129867553
3003,0.013735923916101456,0.013876239787787199
3004,0.01320188120007515,0.013870959905907511
3005,0.013752967119216919,0.013865186935290694
3006,0.013172527775168419,0.013854517629370093
3007,0.013372382149100304,0.013847843511030078
3008,0.01312868483364582,0.013831395963206887
3009,0.013102817349135876,0.013821518700569867
3010,0.013700075447559357,0.013818155545741319
3011,0.013672365806996822,0.013816549060866237
3012,0.01362216379493475,0.01381845934316516
3013,0.013032784685492516,0.013807661794126035
3014,0.013615282252430916,0.013801487907767297
3015,0.014097814448177814,0.013803929751738907
3016,0.013126181438565254,0.013799770642071963
3017,0.01336984895169735,0.013795299055054784
3018,0.013816587626934052,0.01379563151858747
3019,0.013429256156086922,0.013791001802310347
3020,0.013004244305193424,0.013787705600261688
3021,0.013259440660476685,0.013778845015913248
3022,0.01313461922109127,0.013770001512020826
3023,0.014010157436132431,0.013767062686383724
3024,0.013840235769748688,0.013751523159444333
3025,0.013348255306482315,0.013736487859860062
3026,0.01360761933028698,0.01372811259701848
3027,0.013781177811324596,0.013729423359036446
3028,0.013578515499830246,0.01373015989549458
3029,0.013528140261769295,0.013724185843020677
3030,0.013459481298923492,0.013707417296245694
3031,0.013449020683765411,0.01369497125968337
3032,0.013405131176114082,0.01368834869004786
3033,0.0138687239959836,0.013691762378439307
3034,0.013502025976777077,0.013688612235710025
3035,0.013738605193793774,0.013680589646100997
3036,0.013419859111309052,0.013680093623697757
3037,0.013232933357357979,0.013675711452960967
3038,0.013384688645601273,0.01367464367300272
3039,0.01359824649989605,0.013670687405392528
3040,0.013007506728172302,0.013662219485267997
3041,0.01380834635347128,0.013662727605551482
3042,0.013457962311804295,0.01365633511915803
3043,0.013196679763495922,0.013650966854766012
3044,0.013829146511852741,0.013651060666888952
3045,0.013375716283917427,0.013648237287998199
3046,0.013260075822472572,0.013645520024001599
3047,0.013530918397009373,0.013641200931742788
3048,0.013570761308073997,0.013635474154725671
3049,0.013356981799006462,0.013622910724952817
3050,0.013625074177980423,0.013624245403334498
3051,0.01303383894264698,0.013617739481851458
3052,0.01360879372805357,0.01360808838158846
3053,0.013113251887261868,0.013584348950535058
3054,0.013734759762883186,0.013574324436485768
3055,0.01294812560081482,0.013563070120289922
3056,0.012969043105840683,0.01355370506644249
3057,0.013018740341067314,0.013544122679159045
3058,0.013201694004237652,0.01353175077587366
3059,0.01314438134431839,0.013520422428846358
3060,0.013404950499534607,0.013509854283183813
3061,0.01313813030719757,0.013499180981889368
3062,0.01305154524743557,0.01349732988514006
3063,0.013105666264891624,0.013490450670942664
3064,0.012991556897759438,0.013481764821335673
3065,0.013247487135231495,0.013478298541158437
3066,0.012871958315372467,0.01347223955206573
3067,0.013130377978086472,0.013465848257765175
3068,0.012665389105677605,0.013456796444952488
3069,0.012642617337405682,0.013444713847711683
3070,0.01364439632743597,0.013444736544042825
3071,0.013356772251427174,0.01343657580204308
3072,0.013528494164347649,0.013436749530956148
3073,0.01373419351875782,0.013439537128433585
3074,0.013200759887695312,0.013438464095816016
3075,0.013221634551882744,0.01343302902765572
3076,0.013675163500010967,0.013436047323048116
3077,0.012874946929514408,0.013426217632368207
3078,0.013256939128041267,0.013423839705064894
3079,0.013544337823987007,0.013420380176976323
3080,0.013123059645295143,0.01341676626354456
3081,0.013189850375056267,0.01341178484261036
3082,0.013142370618879795,0.013406415013596415
3083,0.013533319346606731,0.013409541519358754
3084,0.013234439305961132,0.01340240110643208
3085,0.012992397882044315,0.01339636412449181
3086,0.013461971655488014,0.013392725279554724
3087,0.013762010261416435,0.013393267085775732
3088,0.013263330794870853,0.013384667364880443
3089,0.013553868047893047,0.013381548952311277
3090,0.013331996276974678,0.013377057425677776
3091,0.012943614274263382,0.013370671272277833
3092,0.013046450912952423,0.013363349866122008
3093,0.013296985998749733,0.013361646868288517
3094,0.01385770458728075,0.013366881730034948
3095,0.01434739027172327,0.013376965187489986
3096,0.013476913794875145,0.01337757233530283
3097,0.013576343655586243,0.01338176946155727
3098,0.013135010376572609,0.013377448758110404
3099,0.013217603787779808,0.013375755250453949
3100,0.013345276936888695,0.013375190570950508
3101,0.013670302927494049,0.013378716092556715
3102,0.013887189328670502,0.013385691829025746
3103,0.013505511917173862,0.01338338770903647
3104,0.01363619975745678,0.013387730894610286
3105,0.013166718184947968,0.013381868405267595
3106,0.013234373182058334,0.013382486859336495
3107,0.012749609537422657,0.01337625913321972
3108,0.01298854872584343,0.013374857772141695
3109,0.013102399185299873,0.013374853590503335
3110,0.01337833795696497,0.013371636215597392
3111,0.01349053904414177,0.013369817947968841
3112,0.01299905963242054,0.013363586906343698
3113,0.014341945759952068,0.013376678517088294
3114,0.012796828523278236,0.013368493979796767
3115,0.013420669361948967,0.013361722528934479
3116,0.012863180600106716,0.013359092520549893
3117,0.013096608221530914,0.01335636011324823
3118,0.01332863699644804,0.01335148060694337
3119,0.013190473429858685,0.013349092779681087
3120,0.013715981505811214,0.013356210151687264
3121,0.013424964621663094,0.013357865391299129
3122,0.01316189393401146,0.01335813813842833
3123,0.013085730373859406,0.0133488938678056
3124,0.013677616603672504,0.013347267676144838
3125,0.01342868898063898,0.013348072012886405
3126,0.013062484562397003,0.013342620665207505
3127,0.013403212651610374,0.013338841013610363
3128,0.01323636807501316,0.013335419539362191
3129,0.01340913400053978,0.013334229476749898
3130,0.01397962961345911,0.013339430959895253
3131,0.013478117063641548,0.013339721923694014
3132,0.013012802228331566,0.01333579863421619
3133,0.012979155406355858,0.013326902948319912
3134,0.013187117874622345,0.013323753867298364
3135,0.01300588995218277,0.013316426714882255
3136,0.012832056730985641,0.01331054869107902
3137,0.012951960787177086,0.013307738965377212
3138,0.013051992282271385,0.013304412001743912
3139,0.01269743125885725,0.013295403849333524
3140,0.013022169470787048,0.013295550476759671
3141,0.012825076468288898,0.013285717777907848
3142,0.012750955298542976,0.013278647707775235
3143,0.013089863583445549,0.013277579545974732
3144,0.012700604274868965,0.013266294123604893
3145,0.01335991732776165,0.013266136134043337
3146,0.012934764847159386,0.013262883024290205
3147,0.012789139524102211,0.013255465235561132
3148,0.012695994228124619,0.013246717564761638
3149,0.012919170781970024,0.013242339454591275
3150,0.012812279164791107,0.013234211504459381
3151,0.013164883479475975,0.013235521949827671
3152,0.013280028477311134,0.013232234297320247
3153,0.01297999918460846,0.013230901770293712
3154,0.013210644945502281,0.013225660622119904
3155,0.012481680139899254,0.013220996167510747
3156,0.013365535996854305,0.013224961096420884
3157,0.0131450230255723,0.013226223923265935
3158,0.013327102176845074,0.013227478004992008
3159,0.01326561439782381,0.013228690335527062
3160,0.012805129401385784,0.013222692124545575
3161,0.013631150126457214,0.013227622322738171
3162,0.014000758528709412,0.013237114455550909
3163,0.014395780861377716,0.01325001560151577
3164,0.013768644072115421,0.01325778647325933
3165,0.01298866793513298,0.013255198281258344
3166,0.013325812295079231,0.013259736821055412
3167,0.013063427060842514,0.013259067311882972
3168,0.01365547813475132,0.013268968202173709
3169,0.012944307178258896,0.013271985100582242
3170,0.013313201256096363,0.013268673149868846
3171,0.013399176299571991,0.013269097190350293
3172,0.01242849975824356,0.013258097246289253
3173,0.012836476787924767,0.013249120078980922
3174,0.012310067191720009,0.013240213152021169
3175,0.012849080376327038,0.013236487610265612
3176,0.013410152867436409,0.013233837503939867
3177,0.013125541619956493,0.013236343450844288
3178,0.013142339885234833,0.013235197458416224
3179,0.01256646029651165,0.01322541868314147
3180,0.012985344976186752,0.013224041536450386
3181,0.012601342052221298,0.013218156453222036
3182,0.012452341616153717,0.013211256163194775
3183,0.01292005181312561,0.013205123487859965
3184,0.012567121535539627,0.013198450310155749
3185,0.012759441509842873,0.013196120746433735
3186,0.012666009366512299,0.013188161123543977
3187,0.012623865157365799,0.013176779672503471
3188,0.012492484413087368,0.013169071208685636
3189,0.012499237433075905,0.013158524902537464
3190,0.013056489638984203,0.013155769836157561
3191,0.012283421121537685,0.013149167904630303
3192,0.012557288631796837,0.013144276281818747
3193,0.013205284252762794,0.013143359264358879
3194,0.01228636596351862,0.013127645878121257
3195,0.013194266706705093,0.013116114642471075
3196,0.012877706438302994,0.013110122568905353
3197,0.013210954144597054,0.013106468673795462
3198,0.013121575117111206,0.013106334321200848
3199,0.01319105364382267,0.013106068819761276
3200,0.012857070192694664,0.013101186752319336
3201,0.012720277532935143,0.013091686498373747
3202,0.012310562655329704,0.013075920231640338
3203,0.012978043407201767,0.013070645546540617
3204,0.013383252546191216,0.013068116074427961
3205,0.012561529874801636,0.0130620641913265
3206,0.012416515499353409,0.013053885614499449
3207,0.012355142273008823,0.013049940941855312
3208,0.01278197206556797,0.013047875175252556
3209,0.012478752061724663,0.013041638704016804
3210,0.012958360835909843,0.013037438932806254
3211,0.012440217658877373,0.01302693571895361
3212,0.012692629359662533,0.013023871416226029
3213,0.012501640245318413,0.013005468361079693
3214,0.012179389595985413,0.012999293971806764
3215,0.012894822284579277,0.012994035501033068
3216,0.0122522609308362,0.012987926304340362
3217,0.012236380949616432,0.012979324031621218
3218,0.012187439948320389,0.012967912061139942
3219,0.01246814988553524,0.012960688825696707
3220,0.012593775056302547,0.01294946676120162
3221,0.012326031923294067,0.01293847743421793
3222,0.01265889685600996,0.012933447463437915
3223,0.012393355369567871,0.012926523713395
3224,0.012624215334653854,0.012915989700704813
3225,0.012386484071612358,0.012905567651614547
3226,0.012906346470117569,0.012904006270691753
3227,0.01258387416601181,0.012895812885835767
3228,0.012677621096372604,0.012890225416049362
3229,0.012598037719726562,0.01288211445324123
3230,0.012675831094384193,0.01286907646805048
3231,0.012480199337005615,0.01285909729078412
3232,0.012694202363491058,0.012855911292135716
3233,0.012210650369524956,0.012848226241767407
3234,0.012353138998150826,0.012839886453002691
3235,0.012704305350780487,0.012836870606988668
3236,0.012409025803208351,0.012832640297710895
3237,0.012437829747796059,0.012827498987317085
3238,0.012334823608398438,0.012820327300578355
3239,0.012924965471029282,0.012822602642700076
3240,0.013005146756768227,0.012822432415559889
3241,0.01230929046869278,0.012817274555563926
3242,0.012477165088057518,0.012814536653459073
3243,0.012639429420232773,0.012810032311826945
3244,0.012302830815315247,0.012806054577231408
3245,0.012722862884402275,0.012799684032797813
3246,0.012533381581306458,0.012795670200139284
3247,0.012215308845043182,0.012789931893348695
3248,0.012869501486420631,0.012791666965931654
3249,0.012343577109277248,0.012785911029204726
3250,0.012789856642484665,0.012785686803981662
3251,0.01254203636199236,0.012779458332806826
3252,0.012404090724885464,0.012770698955282569
3253,0.012932170182466507,0.012770220665261149
3254,0.012285010889172554,0.012760964324697852
3255,0.012732533738017082,0.012763472860679031
3256,0.012969298288226128,0.012759510483592749
3257,0.012219415977597237,0.012750254413112998
3258,0.012335600331425667,0.012740339394658804
3259,0.01241123117506504,0.012731795562431217
3260,0.012116950005292892,0.012724913768470287
3261,0.012463568709790707,0.012713237954303623
3262,0.012308815494179726,0.012696318523958326
3263,0.012077968567609787,0.012673140401020647
3264,0.012155626900494099,0.012657010229304433
3265,0.01245097815990448,0.012651633331552148
3266,0.012327480129897594,0.012641650009900331
3267,0.012573153711855412,0.01263674727641046
3268,0.01210738904774189,0.012621266385540366
3269,0.012194846756756306,0.01261377178132534
3270,0.01211610995233059,0.012601800868287683
3271,0.012348329648375511,0.012591292401775717
3272,0.012457752600312233,0.012591584930196404
3273,0.012390414252877235,0.01258712430484593
3274,0.011798296123743057,0.01258200659416616
3275,0.01284741424024105,0.0125819899328053
3276,0.0122730927541852,0.012570619331672788
3277,0.012937834486365318,0.012568742260336876
3278,0.012217195704579353,0.012559490818530321
3279,0.012659773230552673,0.012560423947870731
3280,0.013187131844460964,0.012562441816553473
3281,0.012574632652103901,0.0125621747225523
3282,0.012532660737633705,0.0125629779137671
3283,0.012798205949366093,0.012561759455129504
3284,0.012604533694684505,0.012562133576720954
3285,0.012777324765920639,0.01256231240928173
3286,0.012427717447280884,0.012559929490089416
3287,0.012049995362758636,0.012554190792143346
3288,0.012653620913624763,0.012555802157148719
3289,0.012252568267285824,0.012553335465490818
3290,0.012812292203307152,0.012550893491134047
3291,0.012429816648364067,0.012552357446402311
3292,0.012566590681672096,0.012552450466901064
3293,0.012225296348333359,0.01254265058785677
3294,0.012135209515690804,0.012541139023378492
3295,0.01248111017048359,0.012534007458016276
3296,0.013091310858726501,0.012536143502220511
3297,0.012628961354494095,0.012530323574319482
3298,0.012530116364359856,0.012524408986791968
3299,0.012523621320724487,0.012517734663560987
3300,0.012539793737232685,0.012514561899006366
3301,0.012851841747760773,0.012515877541154623
3302,0.01294977217912674,0.012522269636392594
3303,0.012787525542080402,0.01252036445774138
3304,0.013059442862868309,0.01251712636090815
3305,0.01185797993093729,0.012510090861469507
3306,0.013221101835370064,0.012518136724829675
3307,0.012389073148369789,0.012518476033583283
3308,0.01230262964963913,0.012513682609423996
3309,0.012256566435098648,0.012511460753157734
3310,0.012550070881843567,0.012507377853617073
3311,0.012204475700855255,0.01250502043403685
3312,0.012107843533158302,0.012499172575771808
3313,0.012140985578298569,0.01249556602910161
3314,0.012365663424134254,0.0124974287673831
3315,0.011870674788951874,0.012487187292426824
3316,0.012294657528400421,0.012487611258402467
3317,0.011938843876123428,0.012484635887667538
3318,0.012239661067724228,0.012485158098861575
3319,0.01230316050350666,0.012483508205041289
3320,0.01260819286108017,0.012483652383089065
3321,0.012244981713593006,0.012482841880992055
3322,0.011986426077783108,0.012476117173209787
3323,0.012348094955086708,0.012475664569064975
3324,0.01288304291665554,0.012478252844884992
3325,0.012092618271708488,0.012475314186885952
3326,0.01242644339799881,0.012470515156164765
3327,0.012036265805363655,0.012465039072558283
3328,0.012449832633137703,0.012462761187925935
3329,0.012463335879147053,0.01246141416952014
3330,0.012440845370292664,0.012459064312279224
3331,0.012652657926082611,0.012460788898169994
3332,0.01212857011705637,0.012455132575705647
3333,0.012614259496331215,0.01245916866697371
3334,0.01277906633913517,0.012463427940383553
3335,0.012600990012288094,0.01246239478699863
3336,0.012082300148904324,0.01245912753045559
3337,0.012314710766077042,0.012457896340638399
3338,0.012432074174284935,0.012458868846297265
3339,0.012624599039554596,0.012455865181982518
3340,0.01258220337331295,0.012451635748147965
3341,0.011967523023486137,0.012448218073695899
3342,0.012156015262007713,0.0124450065754354
3343,0.012627415359020233,0.012444886434823275
3344,0.012609412893652916,0.012447952255606652
3345,0.01279423013329506,0.012448665928095579
3346,0.012494459748268127,0.012448276709765196
3347,0.012155960313975811,0.012447683224454522
3348,0.012083234265446663,0.012439820552244782
3349,0.012357333675026894,0.01243995811790228
3350,0.012107676826417446,0.012433136319741607
3351,0.012775502167642117,0.012435470977798103
3352,0.012106611393392086,0.012432496184483171
3353,0.012877948582172394,0.012431953968480229
3354,0.012268832884728909,0.012431792188435794
3355,0.0121796615421772,0.012426263466477395
3356,0.01195625402033329,0.012416133023798466
3357,0.012207617983222008,0.012416015043854714
3358,0.012042961083352566,0.012413088651373982
3359,0.012008467689156532,0.012409061016514898
3360,0.012334417551755905,0.012411235691979527
3361,0.01219882071018219,0.012408588211983443
3362,0.012021347880363464,0.01240571353584528
3363,0.012265474535524845,0.01240758859552443
3364,0.012136418372392654,0.012407396510243416
3365,0.01264829933643341,0.012409369722008705
3366,0.012421296909451485,0.012410307889804245
3367,0.012715865857899189,0.012411735011264682
3368,0.012512699700891972,0.012415788117796183
3369,0.012548200786113739,0.012419321658089757
3370,0.01168048195540905,0.012414965378120542
3371,0.012201661244034767,0.012413498694077135
3372,0.011680777184665203,0.012405728939920663
3373,0.012461359612643719,0.012406438393518328
3374,0.012392795644700527,0.012412383388727903
3375,0.012221578508615494,0.012406125031411648
3376,0.012327177450060844,0.012406665878370405
3377,0.012001728639006615,0.012397304819896817
3378,0.011906236410140991,0.012394195226952433
3379,0.011584009975194931,0.012383437594398855
3380,0.012008411809802055,0.012371650394052268
3381,0.012060005217790604,0.012366504119709134
3382,0.012132836505770683,0.012362505877390503
3383,0.012233967892825603,0.0123568634968251
3384,0.012103565037250519,0.012351853810250758
3385,0.012207044288516045,0.012346151005476712
3386,0.012097721919417381,0.012342851050198079
3387,0.012023922055959702,0.012342590317130088
3388,0.012311959639191628,0.012339173704385758
3389,0.012011541053652763,0.012336763432249426
3390,0.011877622455358505,0.01232741673476994
3391,0.01230662688612938,0.012326184837147593
3392,0.011970419436693192,0.012320223124697804
3393,0.011924571357667446,0.012317215874791145
3394,0.01200440339744091,0.012315907813608647
3395,0.012223958969116211,0.012313336301594972
3396,0.011926387436687946,0.012301687067374587
3397,0.011853082105517387,0.01229392827488482
3398,0.011780846863985062,0.012286435579881072
3399,0.012081578373908997,0.012282015150412917
3400,0.012023888528347015,0.01227685609832406
3401,0.011758828535676003,0.012265925966203213
3402,0.011454509571194649,0.012250973340123893
3403,0.012445235624909401,0.012247550440952182
3404,0.012412883341312408,0.012241084845736622
3405,0.012241363525390625,0.012244918681681156
3406,0.011657137423753738,0.012229279037564994
3407,0.01197175681591034,0.012225105874240399
3408,0.012361602857708931,0.012225695606321096
3409,0.01200083177536726,0.012223138259723782
3410,0.01234222948551178,0.012221059845760465
3411,0.012475733645260334,0.012223772425204515
3412,0.012954754754900932,0.012232241537421942
3413,0.012057598680257797,0.012231407668441534
3414,0.012311229482293129,0.012230863329023123
3415,0.012104865163564682,0.01223320523276925
3416,0.012434621341526508,0.012234604870900511
3417,0.012711625546216965,0.012242332687601448
3418,0.011869069188833237,0.012238626768812537
3419,0.012138895690441132,0.012236984120681882
3420,0.011891588568687439,0.012229818077757955
3421,0.012232780456542969,0.012229696065187454
3422,0.01229255460202694,0.012232757350429892
3423,0.01213260367512703,0.012230602437630295
3424,0.01196199469268322,0.012221391955390572
3425,0.011958247981965542,0.012220048252493143
3426,0.012380365282297134,0.012219587471336127
3427,0.012437538243830204,0.012223600195720791
3428,0.012499756179749966,0.012224099431186915
3429,0.011803669854998589,0.01221750277094543
3430,0.011728182435035706,0.012210376141592861
3431,0.01210148073732853,0.01220486436970532
3432,0.011600766330957413,0.01219958633184433
3433,0.012205077335238457,0.012195494510233402
3434,0.011794369667768478,0.012185647543519735
3435,0.011442054994404316,0.012174058193340897
3436,0.011637425050139427,0.01216960944235325
3437,0.011447933502495289,0.01216094166971743
3438,0.012464672327041626,0.012161267651244999
3439,0.012040321715176105,0.012155424878001213
3440,0.011789643205702305,0.012147499276325106
3441,0.011837681755423546,0.01214620086364448
3442,0.011981863528490067,0.012144459346309304
3443,0.011881493963301182,0.012137000132352114
3444,0.011667522601783276,0.012127581229433417
3445,0.01203223131597042,0.01211996124126017
3446,0.013129102066159248,0.012126307664439083
3447,0.011612060479819775,0.012120868666097523
3448,0.012414113618433475,0.01212417745962739
3449,0.01246047206223011,0.012125208843499422
3450,0.012223007157444954,0.012126362146809698
3451,0.01166703924536705,0.012115277517586946
3452,0.011789172887802124,0.012112103132531048
3453,0.011571351438760757,0.012099037161096931
3454,0.01169438287615776,0.012093292661011218
3455,0.012327810749411583,0.012094774153083562
3456,0.012236093170940876,0.012097572544589638
3457,0.011658886447548866,0.012092085229232908
3458,0.011576809920370579,0.012087423717603088
3459,0.011752951890230179,0.012084868559613824
3460,0.011844627559185028,0.012079970659688116
3461,0.011860244907438755,0.012076584901660681
3462,0.012269660830497742,0.012079068031162023
3463,0.012242840602993965,0.012078841691836715
3464,0.011526850052177906,0.012072746008634568
3465,0.011918643489480019,0.012065449450165033
3466,0.011577083729207516,0.012057007318362593
3467,0.012020140886306763,0.01205005006864667
3468,0.011927048675715923,0.012044193558394908
3469,0.012153225019574165,0.012040243800729513
3470,0.01190068107098341,0.012042445791885258
3471,0.011746535077691078,0.01203789453022182
3472,0.011548243463039398,0.012036569193005562
3473,0.011429602280259132,0.012026251619681716
3474,0.011501869186758995,0.0120173423551023
3475,0.011651161126792431,0.01201163818128407
3476,0.011476426385343075,0.012003130670636892
3477,0.011788742616772652,0.012001000810414553
3478,0.011687473393976688,0.01199881318025291
3479,0.01206924207508564,0.012003665501251816
3480,0.0118623748421669,0.012002205131575466
3481,0.011960863135755062,0.01200121371075511
3482,0.012281402014195919,0.012002699365839363
3483,0.01173374056816101,0.011997697092592716
3484,0.01170783769339323,0.011993739819154144
3485,0.011666230857372284,0.011988331684842706
3486,0.0124297384172678,0.01199165184982121
3487,0.012049583718180656,0.01199190846644342
3488,0.01184002123773098,0.011987189082428813
3489,0.012124136090278625,0.011988315032795072
3490,0.011471922509372234,0.011984258033335209
3491,0.011985685676336288,0.011981048621237278
3492,0.012020801194012165,0.011981552438810468
3493,0.012308705598115921,0.011985393781214953
3494,0.011178108863532543,0.01197713083587587
3495,0.011866867542266846,0.011973559921607375
3496,0.012447104789316654,0.011978767095133663
3497,0.012086042203009129,0.011981096696108579
3498,0.01243075355887413,0.01198759576305747
3499,0.011355235241353512,0.011980332331731916
3500,0.011629650369286537,0.01197638995014131
3501,0.012050716206431389,0.011979308826848865
3502,0.011196417734026909,0.011976727908477187
3503,0.011536488309502602,0.01196764043532312
3504,0.011664584279060364,0.011960157444700598
3505,0.011925842612981796,0.011957002235576511
3506,0.011570626869797707,0.01195613713003695
3507,0.011630062013864517,0.011952720182016492
3508,0.011986769735813141,0.011948971850797534
3509,0.01299288496375084,0.01195889238268137
3510,0.01161959394812584,0.01195166602730751
3511,0.011905545368790627,0.011945964144542813
3512,0.011801171116530895,0.011934428308159113
3513,0.012004919350147247,0.011933901514858007
3514,0.012512173503637314,0.01193591095507145
3515,0.012308008968830109,0.011937942393124103
3516,0.011353832669556141,0.0119271345064044
3517,0.01112935971468687,0.0119113118480891
3518,0.011978746391832829,0.011912408620119094
3519,0.011949209496378899,0.011910511758178472
3520,0.011566072702407837,0.011907256599515676
3521,0.011614127084612846,0.011901070065796375
3522,0.011527571827173233,0.011893420238047838
3523,0.01215258240699768,0.011893620025366545
3524,0.011937743052840233,0.011893377508968114
3525,0.011207079514861107,0.01188586582429707
3526,0.011372278444468975,0.011875784955918789
3527,0.011711006984114647,0.011868519643321633
3528,0.011458131484687328,0.011858103396371007
3529,0.011728283017873764,0.011857349527999758
3530,0.011384759098291397,0.011853915294632316
3531,0.011565273627638817,0.011848553223535419
3532,0.011456618085503578,0.01184711174108088
3533,0.011594083160161972,0.011841001799330115
3534,0.011498885229229927,0.01183804695494473
3535,0.011529048904776573,0.011838916894048453
3536,0.011687599122524261,0.011839418634772302
3537,0.011460071429610252,0.01183954001404345
3538,0.01188590656965971,0.011833752356469631
3539,0.011443708091974258,0.011827786220237613
3540,0.011460387147963047,0.01182449365966022
3541,0.011700926348567009,0.011823126105591655
3542,0.011790422722697258,0.011821211697533727
3543,0.011471017263829708,0.011817106930539011
3544,0.01132873073220253,0.011813719011843204
3545,0.01179380901157856,0.011811334788799286
3546,0.012001805007457733,0.011800061818212271
3547,0.01115538738667965,0.01179549508728087
3548,0.011743828654289246,0.011788792237639427
3549,0.01134905219078064,0.011777678038924932
3550,0.011427180841565132,0.011769719775766135
3551,0.011577526107430458,0.011768824644386769
3552,0.011083537712693214,0.011761768292635678
3553,0.01168158371001482,0.01176287061534822
3554,0.011727468110620975,0.011763201467692852
3555,0.011497069150209427,0.011754894051700831
3556,0.011533176526427269,0.011747864885255694
3557,0.01147158071398735,0.011745991827920079
3558,0.011476101353764534,0.011744984742254019
3559,0.011472687125205994,0.011742182094603777
3560,0.011423930525779724,0.011737975124269724
3561,0.011464837938547134,0.011734021054580808
3562,0.011335957795381546,0.011724684024229645
3563,0.011631138622760773,0.011718567004427314
3564,0.011457129381597042,0.011717869797721506
3565,0.011281544342637062,0.011711498806253075
3566,0.011371125467121601,0.011709439223632217
3567,0.011701520532369614,0.011706253020092846
3568,0.011877451092004776,0.011705757044255733
3569,0.011102328076958656,0.011695248074829578
3570,0.011036280542612076,0.011686604069545865
3571,0.011432450264692307,0.011683463221415877
3572,0.011324504390358925,0.011681225830689073
3573,0.011112462729215622,0.011678054435178638
3574,0.011741286143660545,0.011680448604747653
3575,0.01176117081195116,0.01168154870159924
3576,0.011642884463071823,0.011683213282376528
3577,0.011681148782372475,0.011682137344032527
3578,0.011416169814765453,0.011679424308240413
3579,0.011109452694654465,0.011669826414436101
3580,0.011554447934031487,0.011666747145354747
3581,0.01105272676795721,0.01165766578167677
3582,0.011313317343592644,0.011647984934970736
3583,0.011159900575876236,0.011642246535047888
3584,0.011206906288862228,0.011637237221002579
3585,0.011975612491369247,0.011640331037342548
3586,0.011825809255242348,0.011634291745722294
3587,0.011436183005571365,0.011628157738596202
3588,0.011309951543807983,0.011622857041656972
3589,0.01155104860663414,0.011617126166820526
3590,0.01114278007298708,0.011613834742456674
3591,0.011542841792106628,0.011609406303614378
3592,0.011253969743847847,0.011601737989112735
3593,0.011558753438293934,0.011594238467514515
3594,0.011010659858584404,0.011592563977465033
3595,0.011607121676206589,0.01158996651880443
3596,0.011106258258223534,0.0115765580534935
3597,0.011501142755150795,0.011570709059014916
3598,0.011378406547009945,0.011560185588896274
3599,0.011576566845178604,0.011562398904934525
3600,0.011378243565559387,0.011559884836897254
3601,0.011297037824988365,0.011552348053082823
3602,0.011703118681907654,0.011557415062561631
3603,0.011308635585010052,0.011555136535316706
3604,0.011328194290399551,0.011551772635430098
3605,0.011980238370597363,0.011552316593006253
3606,0.011319020763039589,0.011549800531938673
3607,0.010948427021503448,0.011542984182015062
3608,0.010870272293686867,0.011531819207593798
3609,0.011210517957806587,0.011513995537534356
3610,0.011096801608800888,0.011508767614141107
3611,0.011172907426953316,0.011501441234722734
3612,0.011385302059352398,0.01149728254415095
3613,0.011114560067653656,0.011488378951326013
3614,0.011309858411550522,0.011476355800405146
3615,0.011643298901617527,0.011469708699733018
3616,0.011436701752245426,0.011470537390559912
3617,0.01111309789121151,0.011470374772325159
3618,0.011541197076439857,0.011465999279171229
3619,0.011081283912062645,0.011457320023328065
3620,0.012017343193292618,0.011461832728236913
3621,0.01135293673723936,0.011459220824763179
3622,0.011336931958794594,0.011457314426079392
3623,0.011313390918076038,0.011448922511190176
3624,0.011662603355944157,0.011446171114221216
3625,0.011598588898777962,0.011450086208060383
3626,0.011271132156252861,0.011449074745178223
3627,0.011487537994980812,0.011446840055286884
3628,0.011368535459041595,0.011445944095030428
3629,0.011303196661174297,0.011441693231463433
3630,0.010863110423088074,0.0114364767447114
3631,0.0111255357041955,0.011432079365476966
3632,0.010971564799547195,0.011427228832617401
3633,0.010790489614009857,0.01141919289715588
3634,0.011349014937877655,0.011417694194242357
3635,0.010855110362172127,0.011410954808816313
3636,0.01096411980688572,0.011403720015659929
3637,0.011407347396016121,0.011403192775323987
3638,0.011111851781606674,0.011395452227443457
3639,0.011174730956554413,0.011392762456089257
3640,0.011255994439125061,0.011390718529000879
3641,0.010979736223816872,0.011383506627753377
3642,0.011299662292003632,0.01137859902344644
3643,0.01082457322627306,0.011372134583070874
3644,0.011071901768445969,0.011369566293433308
3645,0.011332005262374878,0.011364948255941271
3646,0.011215964332222939,0.011357089849188923
3647,0.01112743467092514,0.01135681032203138
3648,0.011258969083428383,0.01135196172632277
3649,0.011894866824150085,0.011357419872656465
3650,0.01123916544020176,0.01135553971864283
3651,0.011256554163992405,0.01135232999920845
3652,0.01114589348435402,0.011352953556925059
3653,0.010878097265958786,0.011344918692484498
3654,0.010971924290060997,0.011337363254278898
3655,0.010938107967376709,0.011331773642450572
3656,0.010972208343446255,0.01132616396062076
3657,0.011034807190299034,0.011321796225383879
3658,0.01126793585717678,0.011319714570418
3659,0.011278717778623104,0.011317774876952172
3660,0.01125180535018444,0.011316053625196219
3661,0.01154534425586462,0.011316858688369394
3662,0.011130308732390404,0.011314802197739482
3663,0.010945560410618782,0.011307946415618062
3664,0.011418338865041733,0.011307558510452509
3665,0.011485284194350243,0.011309595908969641
3666,0.011372089385986328,0.011309605548158288
3667,0.011193045414984226,0.011304520796984434
3668,0.010736798867583275,0.011293114274740218
3669,0.011829370632767677,0.011300384700298309
3670,0.011154407635331154,0.0113015659712255
3671,0.01115419901907444,0.011298783458769321
3672,0.01128002442419529,0.011298338659107685
3673,0.011192462407052517,0.011299138655886054
3674,0.010808056220412254,0.01128980635665357
3675,0.011224952526390553,0.011284444173797965
3676,0.011487454175949097,0.011282889870926738
3677,0.011937668547034264,0.011285455068573355
3678,0.013149005360901356,0.011302783424034714
3679,0.011295445263385773,0.011304643349722027
3680,0.010966532863676548,0.011298764199018478
3681,0.011239895597100258,0.01130063588730991
3682,0.011213105171918869,0.01129963376559317
3683,0.011084316298365593,0.011298877922818064
3684,0.010985657572746277,0.011296665435656906
3685,0.010817602276802063,0.011285085333511233
3686,0.011220657266676426,0.011279033813625574
3687,0.011166030541062355,0.011276332288980484
3688,0.011732034385204315,0.011280553117394447
3689,0.010825133882462978,0.011273293970152736
3690,0.010838255286216736,0.011270248722285032
3691,0.01160062849521637,0.01127082658931613
3692,0.010557202622294426,0.011263858918100595
3693,0.010827182792127132,0.011256543211638928
3694,0.011512938886880875,0.011261566001921892
3695,0.010870717465877533,0.011254201959818601
3696,0.011195404455065727,0.011255093421787023
3697,0.011041631922125816,0.011250498313456774
3698,0.010558773763477802,0.011242301985621452
3699,0.011307476088404655,0.011239611078053713
3700,0.011104351840913296,0.011236872160807251
3701,0.010973778553307056,0.01123363956809044
3702,0.010946093127131462,0.011226069312542677
3703,0.010765460319817066,0.011220637559890747
3704,0.011409927159547806,0.011221454888582229
3705,0.011192611418664455,0.0112135786190629
3706,0.010985524393618107,0.011210243655368686
3707,0.011164117604494095,0.011212400561198592
3708,0.011037154123187065,0.011214069379493595
3709,0.011234075762331486,0.011214304957538843
3710,0.011077310889959335,0.011214110050350428
3711,0.010870433412492275,0.011211085310205817
3712,0.011561920866370201,0.011212851498275994
3713,0.011223213747143745,0.011213938035070896
3714,0.011374212801456451,0.011214581578969955
3715,0.01108267530798912,0.011208975343033672
3716,0.01089477725327015,0.011203556098043918
3717,0.010781114920973778,0.01120023626834154
3718,0.01056701224297285,0.011190494420006872
3719,0.01097768172621727,0.011189458398148418
3720,0.011817103251814842,0.01118745599873364
3721,0.011014440096914768,0.011184071032330394
3722,0.01083587110042572,0.011179060423746705
3723,0.010913334786891937,0.011175059862434864
3724,0.010878471657633781,0.01116721854545176
3725,0.011334095150232315,0.011164573607966305
3726,0.011328077875077724,0.011165143065154553
3727,0.011092196218669415,0.01116118964739144
3728,0.010509580373764038,0.011152600096538663
3729,0.010943684726953506,0.011149004977196455
3730,0.0114055797457695,0.01115442967042327
3731,0.010774875059723854,0.011150923063978553
3732,0.011440694332122803,0.01115561435930431
3733,0.010815935209393501,0.011155868815258145
3734,0.01057617086917162,0.011148140374571085
3735,0.01089746505022049,0.011148563921451568
3736,0.01127876527607441,0.011151710376143455
3737,0.011404559016227722,0.011151682492345572
3738,0.010952550917863846,0.011150089483708143
3739,0.010724439285695553,0.011145586566999554
3740,0.010967005044221878,0.011142696673050522
3741,0.01090480200946331,0.011141947330906987
3742,0.0107954116538167,0.011136904824525118
3743,0.010593642480671406,0.011134595517069102
3744,0.011013305746018887,0.011134009556844831
3745,0.011308541521430016,0.011133774919435381
3746,0.011205008253455162,0.011133665358647704
3747,0.010821124538779259,0.011130602257326245
3748,0.01079506240785122,0.011125963190570473
3749,0.011341672390699387,0.011120431246235967
3750,0.010860498994588852,0.011116644581779838
3751,0.011024121195077896,0.011114320252090693
3752,0.011432033032178879,0.011117181647568941
3753,0.01110403798520565,0.01111944105476141
3754,0.010994041338562965,0.01111966222524643
3755,0.010877883993089199,0.011119059985503554
3756,0.010467122308909893,0.01111400912515819
3757,0.010870265774428844,0.011112363710999489
3758,0.011023251339793205,0.011109916865825653
3759,0.010935952886939049,0.011106489216908813
3760,0.01071008201688528,0.01110107198357582
3761,0.010780755430459976,0.011093426095321775
3762,0.010501500219106674,0.011087138010188936
3763,0.010788436979055405,0.011085566775873303
3764,0.011263090185821056,0.011084014289081097
3765,0.01128644123673439,0.011082025859504938
3766,0.010756938718259335,0.011075874352827668
3767,0.010782676748931408,0.01107177066616714
3768,0.010643566027283669,0.011070838337764144
3769,0.010874506086111069,0.011061289692297577
3770,0.010849807411432266,0.011058243690058589
3771,0.010805095545947552,0.01105475265532732
3772,0.010816405527293682,0.011050116466358305
3773,0.010996242053806782,0.011048154262825847
3774,0.010722717270255089,0.011047300873324275
3775,0.010942090302705765,0.011044472251087427
3776,0.010888071730732918,0.011038478426635266
3777,0.01125568151473999,0.011031658556312322
3778,0.011162500828504562,0.011011793510988355
3779,0.01115814782679081,0.011010420536622404
3780,0.010845392011106014,0.011009209128096699
3781,0.010740336962044239,0.01100421354174614
3782,0.010449711233377457,0.010996579602360725
3783,0.010628055781126022,0.01099201699718833
3784,0.010879894718527794,0.010990959368646145
3785,0.011225420981645584,0.01099503755569458
3786,0.010665054433047771,0.010989481527358293
3787,0.010879699140787125,0.010986618213355542
3788,0.011486729606986046,0.010984165165573358
3789,0.01058967411518097,0.010981810567900539
3790,0.011188376694917679,0.010985311781987549
3791,0.0103961993008852,0.010973267490044236
3792,0.01055593229830265,0.010973254786804318
3793,0.011072902008891106,0.010975711978971958
3794,0.010625805705785751,0.010966840647161007
3795,0.011095041409134865,0.01096908388659358
3796,0.010800239630043507,0.010965132238343358
3797,0.010521011427044868,0.01095992603339255
3798,0.010498717427253723,0.010959325470030307
3799,0.011077987030148506,0.010957030579447746
3800,0.011065181344747543,0.010956638874486089
3801,0.010860908776521683,0.010955510176718235
3802,0.011014232411980629,0.010956191569566726
3803,0.010625077411532402,0.01095478774048388
3804,0.011259008198976517,0.010953278550878166
3805,0.01197178103029728,0.010961070246994496
3806,0.011369798332452774,0.010964912986382842
3807,0.010661207139492035,0.010959883881732822
3808,0.010766003280878067,0.010957172373309731
3809,0.010761415585875511,0.010952445771545171
3810,0.010596035979688168,0.01094763302244246
3811,0.010712756775319576,0.010946056256070733
3812,0.010534253902733326,0.010935779586434364
3813,0.010439222678542137,0.010927939675748349
3814,0.010772230103611946,0.010921919848769904
3815,0.011032409965991974,0.010921417195349932
3816,0.010500973090529442,0.010917479153722525
3817,0.011372992768883705,0.010923397932201625
3818,0.010845787823200226,0.010926185688003898
3819,0.01069039385765791,0.010923312809318304
3820,0.010820689611136913,0.010913348672911525
3821,0.010695084929466248,0.010910155121237039
3822,0.010418130084872246,0.010905977711081505
3823,0.01110660471022129,0.010907910410314798
3824,0.01019974984228611,0.010901123192161322
3825,0.01048428937792778,0.010892625134438276
3826,0.011077282950282097,0.01089011718519032
3827,0.010514749214053154,0.010884342715144157
3828,0.010990628972649574,0.010889153201133013
3829,0.010834135115146637,0.010888057705014944
3830,0.010441582649946213,0.01087841773405671
3831,0.010590160265564919,0.010876570586115122
3832,0.010251717641949654,0.01086468081921339
3833,0.010517837479710579,0.010861699841916561
3834,0.010476505383849144,0.010860703187063336
3835,0.01073412038385868,0.010859069740399718
3836,0.010488728061318398,0.010851169368252159
3837,0.010737862437963486,0.010844502402469515
3838,0.010344656184315681,0.010838423455134034
3839,0.010678070597350597,0.010837959768250584
3840,0.011080519296228886,0.010839094910770654
3841,0.010844007134437561,0.010838486962020397
3842,0.010798445902764797,0.010838517304509878
3843,0.010806047357618809,0.010840641353279352
3844,0.01076988410204649,0.010838207136839629
3845,0.01130781788378954,0.010838199900463223
3846,0.01097850315272808,0.010835934849455952
3847,0.011770440265536308,0.010845428006723523
3848,0.010468969121575356,0.010842167073860765
3849,0.010531986132264137,0.010834070211276412
3850,0.010528112761676311,0.010830746348947286
3851,0.011457165703177452,0.010835076794028281
3852,0.011721023358404636,0.01083796669729054
3853,0.010706126689910889,0.010833987584337592
3854,0.010816562920808792,0.01083221280016005
3855,0.010650262236595154,0.01082993658259511
3856,0.011064689606428146,0.010835912255570292
3857,0.01065037027001381,0.010833713300526142
3858,0.010617462918162346,0.010829655416309834
3859,0.010959823615849018,0.010829894123598933
3860,0.010208496823906898,0.010824878271669149
3861,0.010860903188586235,0.010825679749250411
3862,0.011680830270051956,0.010837473049759865
3863,0.010448523797094822,0.010834073917940258
3864,0.01059696264564991,0.010827412642538548
3865,0.010903852991759777,0.0108235867600888
3866,0.011114023625850677,0.010827157609164716
3867,0.010402152314782143,0.010823352364823222
3868,0.011465948075056076,0.010831576185300945
3869,0.010865071788430214,0.010831481842324138
3870,0.010965296998620033,0.010832636738196016
3871,0.011568620800971985,0.01084027199074626
3872,0.01066211611032486,0.010838729096576571
3873,0.011129878461360931,0.010840065460652113
3874,0.010423392988741398,0.010837072217836976
3875,0.010527824983000755,0.010832929564639927
3876,0.011075170710682869,0.010834800554439425
3877,0.010525464080274105,0.010827498380094766
3878,0.01014859788119793,0.0108173593506217
3879,0.010286713019013405,0.010808645002543926
3880,0.01074838638305664,0.010807674946263432
3881,0.010479571297764778,0.010805067289620638
3882,0.011026233434677124,0.010810832511633634
3883,0.01051059179008007,0.010809657871723175
3884,0.010337743908166885,0.010804236363619567
3885,0.01050829142332077,0.010797065068036318
3886,0.010462868958711624,0.010795043213292957
3887,0.010704298503696918,0.010793289206922053
3888,0.010715564712882042,0.010785577557981015
3889,0.010261932387948036,0.010782300140708684
3890,0.010407229885458946,0.010774488672614097
3891,0.01082850806415081,0.010778811760246754
3892,0.010580318048596382,0.010779055617749691
3893,0.010766809806227684,0.010775994695723056
3894,0.01082129217684269,0.010777949560433627
3895,0.010690728202462196,0.010773906428366899
3896,0.010635108686983585,0.0107722551189363
3897,0.010682366788387299,0.010773868672549725
3898,0.010667810216546059,0.010775559600442648
3899,0.010329914279282093,0.010768078872933984
3900,0.010256306268274784,0.010759990122169256
3901,0.01043020561337471,0.010755683090537786
3902,0.010431434959173203,0.010749855116009711
3903,0.010189548134803772,0.010745499823242426
3904,0.01084840390831232,0.010741393780335784
3905,0.010766654275357723,0.010729342512786389
3906,0.010314207524061203,0.010718786604702473
3907,0.01042872853577137,0.010716461818665266
3908,0.010621626861393452,0.01071501805447042
3909,0.010848785750567913,0.010715891756117344
3910,0.01058543473482132,0.010715785743668675
3911,0.010422841645777225,0.010712886592373252
3912,0.010557254776358604,0.010713116601109504
3913,0.01069552917033434,0.010715679666027426
3914,0.010836467146873474,0.010716322036460042
3915,0.01021897979080677,0.01070818773470819
3916,0.010758059099316597,0.010710758594796062
3917,0.01057896763086319,0.010702818343415856
3918,0.010464610531926155,0.010699006570503116
3919,0.010623693466186523,0.010698339566588402
3920,0.0104544498026371,0.010694677168503404
3921,0.01090078242123127,0.010696734143421054
3922,0.01031419262290001,0.010695694768801332
3923,0.010249936021864414,0.010687128081917763
3924,0.0102540859952569,0.01068767144344747
3925,0.010432131588459015,0.010687149865552782
3926,0.010574089363217354,0.010682117929682135
3927,0.010476181283593178,0.010681732250377536
3928,0.01021418534219265,0.010673967814072967
3929,0.010497113689780235,0.010670597599819302
3930,0.010538510978221893,0.010671566883102059
3931,0.010898605920374393,0.010674651339650154
3932,0.010506312362849712,0.010677197286859154
3933,0.01020229235291481,0.010674041835591197
3934,0.010280598886311054,0.010672082770615815
3935,0.011121422052383423,0.010675955787301064
3936,0.010372785851359367,0.010674796365201474
3937,0.011000635102391243,0.010677424091845751
3938,0.011193173937499523,0.01068590926937759
3939,0.010492095723748207,0.010684049520641566
3940,0.010112707503139973,0.010674371402710676
3941,0.010838492773473263,0.010674316259101034
3942,0.010569214820861816,0.010672023948282004
3943,0.010310351848602295,0.010667066993191839
3944,0.01046950276941061,0.01066406317986548
3945,0.010506074875593185,0.010656045749783516
3946,0.010368256829679012,0.010649943286553025
3947,0.01055162400007248,0.010637755123898387
3948,0.010288350284099579,0.01063594893552363
3949,0.010284826159477234,0.01063347733579576
3950,0.010428237728774548,0.010632478585466742
3951,0.010271227918565273,0.01062061920762062
3952,0.010047245770692825,0.010603881431743503
3953,0.01006005797535181,0.010597420744597913
3954,0.010462276637554169,0.010593877881765365
3955,0.010614493861794472,0.010593520198017358
3956,0.01022663339972496,0.010585139635950327
3957,0.01076667569577694,0.010586302690207959
3958,0.010453803464770317,0.010584666095674038
3959,0.01087221596390009,0.010583790019154549
3960,0.009903877042233944,0.010580743821337819
3961,0.010114164091646671,0.010573276430368423
3962,0.010604307055473328,0.010562511198222636
3963,0.010694868862628937,0.010564974648877979
3964,0.010556958615779877,0.010564574608579277
3965,0.010467730462551117,0.01056021338328719
3966,0.010239629074931145,0.010551469437777995
3967,0.010846765711903572,0.01055591557174921
3968,0.010240158997476101,0.010543657680973411
3969,0.010826376266777515,0.010543270725756884
3970,0.010435082018375397,0.010537968575954437
3971,0.010579390451312065,0.010528076272457838
3972,0.010128676891326904,0.010522741880267859
3973,0.009882796555757523,0.010510271061211824
3974,0.01040236558765173,0.010510060787200928
3975,0.010506907477974892,0.01050985161215067
3976,0.010166394524276257,0.010500763850286603
3977,0.01023041270673275,0.01049781333655119
3978,0.00973992794752121,0.010493726637214422
3979,0.010352030396461487,0.010494379810988903
3980,0.010306217707693577,0.010489958124235272
3981,0.010280240327119827,0.010487964814528824
3982,0.010295351967215538,0.010480655999854207
3983,0.010054140351712704,0.010476091485470533
3984,0.010884814895689487,0.01048156219534576
3985,0.010167683474719524,0.010478156115859748
3986,0.010870732367038727,0.010482234749943017
3987,0.01027003489434719,0.010477892113849521
3988,0.01097405981272459,0.010480477064847947
3989,0.010605059564113617,0.010483908336609601
3990,0.009555287659168243,0.010475388914346694
3991,0.010440045967698097,0.010471504293382167
3992,0.010422935709357262,0.010469930469989777
3993,0.010159727185964584,0.010463859643787146
3994,0.010297317989170551,0.010458619901910424
3995,0.0099402517080307,0.010451115136966109
3996,0.010429290123283863,0.010449056951329113
3997,0.010318445041775703,0.010445417733862997
3998,0.01049205381423235,0.01044366016983986
3999,0.01032919343560934,0.010443652961403132
4000,0.010185791179537773,0.010442947810515761
4001,0.010193686932325363,0.010440582623705268
4002,0.010132228024303913,0.010437590554356575
4003,0.00982556864619255,0.010433950759470463
4004,0.010461375117301941,0.01043008047156036
4005,0.009977282024919987,0.010422186749055982
4006,0.010642947629094124,0.010425474150106312
4007,0.010246507823467255,0.01042365194298327
4008,0.009746969677507877,0.010414905371144414
4009,0.01025001797825098,0.010408917693421244
4010,0.009606776759028435,0.010399131113663316
4011,0.010241462849080563,0.01039731732569635
4012,0.010606495663523674,0.010397809734568
4013,0.010544533841311932,0.010396299781277776
4014,0.010280129499733448,0.010390736404806375
4015,0.010234987363219261,0.010390896480530501
4016,0.01030268706381321,0.010386342760175466
4017,0.009960360825061798,0.010380156692117453
4018,0.010169590823352337,0.010377206495031715
4019,0.010029129683971405,0.010371260857209564
4020,0.010284565389156342,0.010369562013074755
4021,0.009972602128982544,0.010360280210152268
4022,0.009908514097332954,0.010356223424896598
4023,0.010763081721961498,0.010361354881897569
4024,0.010847242549061775,0.010367286447435618
4025,0.010497240349650383,0.010367937535047531
4026,0.009915735572576523,0.010361353997141123
4027,0.010152698494493961,0.01035811916925013
4028,0.010035980492830276,0.010356337120756507
4029,0.010632107965648174,0.010357687063515187
4030,0.010509077459573746,0.010357392728328705
4031,0.010047823190689087,0.010348884901031852
4032,0.010673794895410538,0.01035055972635746
4033,0.011064174585044384,0.010359178548678755
4034,0.009906178340315819,0.010355434343218804
4035,0.010125907137989998,0.010345479194074868
4036,0.010085087269544601,0.010342602208256722
4037,0.010160878300666809,0.010334204640239477
4038,0.010618014261126518,0.010328453043475747
4039,0.01041681319475174,0.010327700218185782
4040,0.010138757526874542,0.010327960718423129
4041,0.0100628063082695,0.01032020385377109
4042,0.00985344871878624,0.010313046192750334
4043,0.010106891393661499,0.010311011588200927
4044,0.01001577265560627,0.010306474287062883
4045,0.010267779231071472,0.010304091330617667
4046,0.009661565534770489,0.01029702441766858
4047,0.010264147073030472,0.01029414964839816
4048,0.010334041900932789,0.010294606564566494
4049,0.010077204555273056,0.010292530348524452
4050,0.01062227226793766,0.010294470693916083
4051,0.01033865287899971,0.010295144943520428
4052,0.009813601151108742,0.010292808497324587
4053,0.010053655132651329,0.010292744468897582
4054,0.009926562197506428,0.010287387324497103
4055,0.0101755540817976,0.010282997926697134
4056,0.010223813354969025,0.010282969726249576
4057,0.009852585382759571,0.010273828823119401
4058,0.010041860863566399,0.010269709397107363
4059,0.010195247828960419,0.010262939715757965
4060,0.010061877779662609,0.010264519723132253
4061,0.00977315567433834,0.01026110963895917
4062,0.009952101856470108,0.010254587586969137
4063,0.009575997479259968,0.010243398873135447
4064,0.010139672085642815,0.010239226007834078
4065,0.009879155084490776,0.010233340254053473
4066,0.009877641685307026,0.010229720380157232
4067,0.010194255039095879,0.010223195273429155
4068,0.009884152561426163,0.010219635209068656
4069,0.01056076679378748,0.010216979114338755
4070,0.009816709905862808,0.01021079539321363
4071,0.009857229888439178,0.0102035737875849
4072,0.009483175352215767,0.01019711877219379
4073,0.010164882056415081,0.010199939627200364
4074,0.010470885783433914,0.010200624829158187
4075,0.010186774656176567,0.010197423500940203
4076,0.010246412828564644,0.010198223683983088
4077,0.010059726424515247,0.010196516821160913
4078,0.00978555902838707,0.01019697313196957
4079,0.009800408966839314,0.010191456917673349
4080,0.009858069010078907,0.010186975430697203
4081,0.010369069874286652,0.010187863726168872
4082,0.01017017476260662,0.010186611954122782
4083,0.010325390845537186,0.010189324459061027
4084,0.010392667725682259,0.010184402987360954
4085,0.010041236877441406,0.010183138521388174
4086,0.010353229939937592,0.010177963497117162
4087,0.010018080472946167,0.010175443952903152
4088,0.00992781575769186,0.010164981512352823
4089,0.010249128565192223,0.01016142220236361
4090,0.010545250028371811,0.010171321826055646
4091,0.00988835096359253,0.01016580487601459
4092,0.009659865871071815,0.010158174177631736
4093,0.009500891901552677,0.010151585824787616
4094,0.009550580754876137,0.010144118452444673
4095,0.010072780773043633,0.010145443743094801
4096,0.010172448121011257,0.010142875323072075
4097,0.01008063554763794,0.010140497228130698
4098,0.01002567633986473,0.010135833453387023
4099,0.009961871430277824,0.010132160233333708
4100,0.0100714648142457,0.010131016969680787
4101,0.00977247953414917,0.010126804895699025
4102,0.009981341660022736,0.010125296032056212
4103,0.010000722482800484,0.010127047570422291
4104,0.009964661672711372,0.010122080435976386
4105,0.009980612434446812,0.010122113740071654
4106,0.01101326011121273,0.01012581686489284
4107,0.010254362598061562,0.010125895412638784
4108,0.010599028319120407,0.010134415999054909
4109,0.010064581409096718,0.010132561633363367
4110,0.010261937975883484,0.010139113245531916
4111,0.009531247429549694,0.010132011091336608
4112,0.010628846473991871,0.01013223459944129
4113,0.009904897771775723,0.010125838238745927
4114,0.010157378390431404,0.010124610727652908
4115,0.010262235067784786,0.010124883204698563
4116,0.01015443354845047,0.010123400669544935
4117,0.010153137147426605,0.010125328432768583
4118,0.010040368884801865,0.010124036213383078
4119,0.009876364842057228,0.010122508564963937
4120,0.00997830554842949,0.010119445966556668
4121,0.009953068569302559,0.01011925063095987
4122,0.010428238660097122,0.010124447876587511
4123,0.010215994901955128,0.010118977008387446
4124,0.010000525042414665,0.010110509833320975
4125,0.0102205416187644,0.010107742846012116
4126,0.009883522987365723,0.010107420720160007
4127,0.009756302461028099,0.010103456759825349
4128,0.00997492391616106,0.010102846194058657
4129,0.010055122897028923,0.010097076343372464
4130,0.009767644107341766,0.010089662009850144
4131,0.010046746581792831,0.010089651243761181
4132,0.0100141242146492,0.010083054536953568
4133,0.010042654350399971,0.010072839334607125
4134,0.010158547200262547,0.010075363023206592
4135,0.010342702269554138,0.010077530974522233
4136,0.010173898190259933,0.010078419083729386
4137,0.010009611025452614,0.010076906410977244
4138,0.009820977225899696,0.010068936040624976
4139,0.01055135391652584,0.010070281447842716
4140,0.00974974688142538,0.010066391341388226
4141,0.009764054790139198,0.010063403826206923
4142,0.009226102381944656,0.010057130362838507
4143,0.010366704314947128,0.010059728492051364
4144,0.010025154799222946,0.01005982231348753
4145,0.010134348645806313,0.010058488007634878
4146,0.010254617780447006,0.010064418530091643
4147,0.010084008798003197,0.010062617147341371
4148,0.010064253583550453,0.010059919264167548
4149,0.009880345314741135,0.010057950671762229
4150,0.010074439458549023,0.010052472343668342
4151,0.009798814542591572,0.01004707396030426
4152,0.009811026975512505,0.010047048218548299
4153,0.010099342092871666,0.0100475050881505
4154,0.009931501001119614,0.010047554476186634
4155,0.009832083247601986,0.010044119767844677
4156,0.009897081181406975,0.010040852446109057
4157,0.010667233727872372,0.010048998929560184
4158,0.009887627325952053,0.01004745659418404
4159,0.009577635675668716,0.010041280472651124
4160,0.010413460433483124,0.01004479629918933
4161,0.011044755578041077,0.010057512298226356
4162,0.009930516593158245,0.010057296445593238
4163,0.009953152388334274,0.010061067994683981
4164,0.00964802410453558,0.01005615151487291
4165,0.009804559871554375,0.010055405562743544
4166,0.010246661491692066,0.010059095760807395
4167,0.010488609783351421,0.01006203930824995
4168,0.009948909282684326,0.010062686875462532
4169,0.009930959902703762,0.010056388806551695
4170,0.010048219934105873,0.010058703906834126
4171,0.009808503091335297,0.010058216638863087
4172,0.009704804047942162,0.01006043292582035
4173,0.009549088776111603,0.010054274993017316
4174,0.009899111464619637,0.010048557249829173
4175,0.009944351390004158,0.010046133017167449
4176,0.009522706270217896,0.01003889595158398
4177,0.009738130494952202,0.010035679992288351
4178,0.009829419665038586,0.010036118598654865
4179,0.009926022961735725,0.01003737473860383
4180,0.009638139978051186,0.010035175448283553
4181,0.009806526824831963,0.010029550017789006
4182,0.009944668971002102,0.010027294959872961
4183,0.009876430034637451,0.010022805351763964
4184,0.010007032193243504,0.010018948996439576
4185,0.010019717738032341,0.010018733805045485
4186,0.0099057387560606,0.010014258893206715
4187,0.009476447477936745,0.01000884256325662
4188,0.009784212335944176,0.010007406529039144
4189,0.009937095455825329,0.010004286197945475
4190,0.009630388580262661,0.009995137583464384
4191,0.009586023166775703,0.009992114305496215
4192,0.009777078405022621,0.009993286430835724
4193,0.009873094037175179,0.009997008452191949
4194,0.009831714443862438,0.009999819789081812
4195,0.009556377306580544,0.009994655754417181
4196,0.00963078998029232,0.009989239173009992
4197,0.009418267756700516,0.009982615495100617
4198,0.009880919009447098,0.00998116792179644
4199,0.009764989838004112,0.009979199105873703
4200,0.00963615719228983,0.009974846029654144
4201,0.009615899063646793,0.009973280224949121
4202,0.009973911568522453,0.009973205924034119
4203,0.009733740240335464,0.009970536101609468
4204,0.009504372254014015,0.009965933207422496
4205,0.00957898236811161,0.009961916906759143
4206,0.009718505665659904,0.009948969362303614
4207,0.00985417515039444,0.009944967487826943
4208,0.009741764515638351,0.009936394849792123
4209,0.00914284773170948,0.00992717751301825
4210,0.009877574630081654,0.009923333879560231
4211,0.009688115678727627,0.009924902562052012
4212,0.010141007602214813,0.00992002417333424
4213,0.009910938329994678,0.009920084578916431
4214,0.009779704734683037,0.009916307842358947
4215,0.009768830612301826,0.009911373797804117
4216,0.009832335636019707,0.00990815281867981
4217,0.009908704087138176,0.009905708488076925
4218,0.009453454986214638,0.009899839349091053
4219,0.009706798940896988,0.00989814369007945
4220,0.010050715878605843,0.009898867793381214
4221,0.00942425150424242,0.009893579622730613
4222,0.009954949840903282,0.009888846734538674
4223,0.009607680141925812,0.00988276358693838
4224,0.010033532977104187,0.009883093666285276
4225,0.009875211864709854,0.009879640368744731
4226,0.009503671899437904,0.009875841857865452
4227,0.00941416248679161,0.009872420458123088
4228,0.01008234079927206,0.009873494626954199
4229,0.00996796227991581,0.009872623020783067
4230,0.0098183061927557,0.009873129641637206
4231,0.009863567538559437,0.009871297851204872
4232,0.009372667409479618,0.009864883283153176
4233,0.009927244856953621,0.009863729188218713
4234,0.009769640862941742,0.009859840124845505
4235,0.009601675905287266,0.009852429861202836
4236,0.009742286056280136,0.009848113739863038
4237,0.00969628058373928,0.009844980435445905
4238,0.009618038311600685,0.009842951046302915
4239,0.010111414827406406,0.00983855165541172
4240,0.010019270703196526,0.009841246893629432
4241,0.009367624297738075,0.00983728258870542
4242,0.009942404925823212,0.009844445614144206
4243,0.009807981550693512,0.00983885838650167
4244,0.009600833058357239,0.009834615169093014
4245,0.009832635521888733,0.009831598037853837
4246,0.00974278524518013,0.009826479712501168
4247,0.00991200003772974,0.009824759624898434
4248,0.009608482010662556,0.009820201909169555
4249,0.009733635932207108,0.009818734815344215
4250,0.00909828394651413,0.009808973260223865
4251,0.009453382343053818,0.009805518938228487
4252,0.009183927439153194,0.009799247942864894
4253,0.009455040097236633,0.009792804922908545
4254,0.010093757882714272,0.00979442749172449
4255,0.009998981840908527,0.009796096477657557
4256,0.009801036678254604,0.009795136032626033
4257,0.009622251614928246,0.009784686211496592
4258,0.009245498105883598,0.009778264919295907
4259,0.009473731741309166,0.009777225879952311
4260,0.009457685053348541,0.009767668126150965
4261,0.009982911869883537,0.00975704968906939
4262,0.009692845866084099,0.009754672981798648
4263,0.009288990870118141,0.009748031366616488
4264,0.009461341425776482,0.009746164539828897
4265,0.009684278629720211,0.009744961727410555
4266,0.009862154722213745,0.009741116659715771
4267,0.009669624269008636,0.009732926804572344
4268,0.009550916031002998,0.00972894687205553
4269,0.009763607755303383,0.009727273350581527
4270,0.009911292232573032,0.009725904073566199
4271,0.010007434524595737,0.009727893387898803
4272,0.00931406207382679,0.009723985968157649
4273,0.009489467367529869,0.009723389754071832
4274,0.009509839117527008,0.009719497030600906
4275,0.009364187717437744,0.009713695393875241
4276,0.00975843332707882,0.00971605266444385
4277,0.009839611127972603,0.009717067470774055
4278,0.009313277900218964,0.009711906053125859
4279,0.009139231406152248,0.009704038137570023
4280,0.009146681986749172,0.009699123557657003
4281,0.009729547426104546,0.00969835376366973
4282,0.009703421965241432,0.009695941293612122
4283,0.009394526481628418,0.009691122258082031
4284,0.009493743069469929,0.009685989366844297
4285,0.009192834608256817,0.009677720535546542
4286,0.009622026234865189,0.009674883410334588
4287,0.009573103860020638,0.009675849974155427
4288,0.009335392154753208,0.009671361772343517
4289,0.009559443220496178,0.009667585249990224
4290,0.009790034964680672,0.009669181713834405
4291,0.010017089545726776,0.009673492377623915
4292,0.00991232693195343,0.009674844862893224
4293,0.009321693331003189,0.009669330855831503
4294,0.009700749069452286,0.009668021202087403
4295,0.009645156562328339,0.00966890899464488
4296,0.009163524955511093,0.009664236344397068
4297,0.009633246809244156,0.009666386134922504
4298,0.009492705576121807,0.009662504000589251
4299,0.009599022567272186,0.009660844327881932
4300,0.009648984298110008,0.009660972598940134
4301,0.009263270534574986,0.009657446313649416
4302,0.009535180404782295,0.009653059002012014
4303,0.009899800643324852,0.009654719606041908
4304,0.010214114561676979,0.009661817029118537
4305,0.009531126357614994,0.009661338469013571
4306,0.009454591199755669,0.009658699324354529
4307,0.010134048759937286,0.009661498060449959
4308,0.010034143924713135,0.009664421854540705
4309,0.010601675137877464,0.009679010128602386
4310,0.009638781659305096,0.00967662219889462
4311,0.009525613859295845,0.009674997180700301
4312,0.009532224386930466,0.009668909348547458
4313,0.009968284517526627,0.009669482810422778
4314,0.010577964596450329,0.00967746540904045
4315,0.009508457034826279,0.009674861673265695
4316,0.009765783324837685,0.009674196150153875
4317,0.009229762479662895,0.009667406734079122
4318,0.009794292040169239,0.009670815104618669
4319,0.00975094549357891,0.009671256570145488
4320,0.009366212412714958,0.009664411535486578
4321,0.009195028804242611,0.00966211930848658
4322,0.009334547445178032,0.009655915284529328
4323,0.009762792848050594,0.009657466411590576
4324,0.009335048496723175,0.009650481566786766
4325,0.009869422763586044,0.009650423675775528
4326,0.009475735016167164,0.009650144306942821
4327,0.009429126977920532,0.00965029395185411
4328,0.009470785036683083,0.00964417839422822
4329,0.00975584052503109,0.009642057176679373
4330,0.009692437946796417,0.00964079849421978
4331,0.009386289864778519,0.00963602571748197
4332,0.00945967622101307,0.009636895805597305
4333,0.01014813780784607,0.00963910473510623
4334,0.009968923404812813,0.00964109756052494
4335,0.00960269570350647,0.009641107758507133
4336,0.00928871612995863,0.009636572059243918
4337,0.009397534653544426,0.009633584599941968
4338,0.009517996571958065,0.009632584182545543
4339,0.009488442912697792,0.009626354463398457
4340,0.009421366266906261,0.009620375419035553
4341,0.009573187679052353,0.009622431052848697
4342,0.009886250831186771,0.009621869511902333
4343,0.00904817134141922,0.00961427140980959
4344,0.009523247368633747,0.009613495552912354
4345,0.00934175867587328,0.0096085867844522
4346,0.009293816983699799,0.009604097101837397
4347,0.009519237093627453,0.009600169472396374
4348,0.009376142174005508,0.009597846074029803
4349,0.009208880364894867,0.009592598518356681
4350,0.009707593359053135,0.009598691612482071
4351,0.00941770151257515,0.009598334804177284
4352,0.009709805250167847,0.00960359358228743
4353,0.009465033188462257,0.009603693513199688
4354,0.009323482401669025,0.009595990758389234
4355,0.009490851312875748,0.009590909453108906
4356,0.009716648608446121,0.009590065572410822
4357,0.009048428386449814,0.009584327340126037
4358,0.009482989087700844,0.00958670224994421
4359,0.009305886924266815,0.009585023801773786
4360,0.009662413969635963,0.00958707109093666
4361,0.009273410774767399,0.0095799760799855
4362,0.009117038920521736,0.009574218010529876
4363,0.009994443506002426,0.00958127253688872
4364,0.009796137921512127,0.009584620501846075
4365,0.00969289056956768,0.009584706621244549
4366,0.009199004620313644,0.009578075120225548
4367,0.009267786517739296,0.009574056742712856
4368,0.00895761139690876,0.009568123696371913
4369,0.009168414399027824,0.009562171762809157
4370,0.00975959561765194,0.009560654796659946
4371,0.009536106139421463,0.009555941512808204
4372,0.009482109919190407,0.00955762199126184
4373,0.009840649552643299,0.009561133813112974
4374,0.009768303483724594,0.00956371845677495
4375,0.009778939187526703,0.009567865971475839
4376,0.009494097903370857,0.00956522261723876
4377,0.009095236659049988,0.009557778872549534
4378,0.0092890290543437,0.009557536384090782
4379,0.009295711293816566,0.009559101182967425
4380,0.009252299554646015,0.009560157358646394
4381,0.009426379576325417,0.009557125680148602
4382,0.009435875341296196,0.00955445021390915
4383,0.009215041995048523,0.00955265536904335
4384,0.009167245589196682,0.009549390394240617
4385,0.009480005130171776,0.009552262099459767
4386,0.009340032003819942,0.009549442157149314
4387,0.009531748481094837,0.009549028603360057
4388,0.009333718568086624,0.009549011867493391
4389,0.009150445461273193,0.009544921889901161
4390,0.008981449529528618,0.009536836035549641
4391,0.009312480688095093,0.009529789946973323
4392,0.009422186762094498,0.009524888545274734
4393,0.009280103258788586,0.00952447264455259
4394,0.009384602308273315,0.009521311176940798
4395,0.010175931267440319,0.009526618923991918
4396,0.009163756854832172,0.00952662124298513
4397,0.009539678692817688,0.009525685561820865
4398,0.00924898125231266,0.009523248318582773
4399,0.009532798081636429,0.009522586073726415
4400,0.009464123286306858,0.009520737463608384
4401,0.009416306391358376,0.009522267822176219
4402,0.00931832380592823,0.009520099256187678
4403,0.00929073616862297,0.00951400861144066
4404,0.009533066302537918,0.009507198128849268
4405,0.009842588566243649,0.009510312750935555
4406,0.009609941393136978,0.009511866252869367
4407,0.009647903963923454,0.009507004804909229
4408,0.009485304355621338,0.009501516409218312
4409,0.009267500601708889,0.009488174663856626
4410,0.009618241339921951,0.009487969260662794
4411,0.00953485444188118,0.009488061666488648
4412,0.009515170007944107,0.009487891122698783
4413,0.008804489858448505,0.009476253176108002
4414,0.009428545832633972,0.00946475898846984
4415,0.009397394955158234,0.009463648367673159
4416,0.009468874894082546,0.009460679283365607
4417,0.009060594253242016,0.009458987601101398
4418,0.00965996365994215,0.009457644317299127
4419,0.009873957373201847,0.009458874436095357
4420,0.009143654257059097,0.009456648854538799
4421,0.009299397468566895,0.00945769254118204
4422,0.009162555448710918,0.00945597262121737
4423,0.009147580713033676,0.0094498204998672
4424,0.00952034443616867,0.009451673459261655
4425,0.009457197040319443,0.00944755120202899
4426,0.009519527666270733,0.009447989128530026
4427,0.009110763669013977,0.00944480549544096
4428,0.009134131483733654,0.009441438959911466
4429,0.009078899398446083,0.009434669548645615
4430,0.009243020787835121,0.009430175377056003
4431,0.009243810549378395,0.009428750583902001
4432,0.009015975520014763,0.009424313576892019
4433,0.009579654783010483,0.009418628746643662
4434,0.009061109274625778,0.009409550605341791
4435,0.009229248389601707,0.009405816132202744
4436,0.009342856705188751,0.009406357537955046
4437,0.009039611555635929,0.00940277830697596
4438,0.009616870433092117,0.009403767045587302
4439,0.009667767211794853,0.009405560288578273
4440,0.009305562824010849,0.009404402254149317
4441,0.00911562517285347,0.009399826629087329
4442,0.009599721059203148,0.009396961331367493
4443,0.009140364825725555,0.009397883266210556
4444,0.009355993941426277,0.00939621073193848
4445,0.009041734039783478,0.009393210485577584
4446,0.009179852902889252,0.009392070844769477
4447,0.01034771278500557,0.00940035560168326
4448,0.01009395718574524,0.009407533751800656
4449,0.009750355035066605,0.009412948498502374
4450,0.008952463045716286,0.009405397195369005
4451,0.008882919326424599,0.0094000493735075
4452,0.009302908554673195,0.009395980406552554
4453,0.009838137775659561,0.009399711452424526
4454,0.009989207610487938,0.009406368704512716
4455,0.009759597480297089,0.00940905616618693
4456,0.009394845925271511,0.009405838139355183
4457,0.009141841903328896,0.009406772274523974
4458,0.009664389304816723,0.009408586276695132
4459,0.009064676240086555,0.009406174169853329
4460,0.00879362877458334,0.009397486317902803
4461,0.009140625596046448,0.009396158466115594
4462,0.009361338801681995,0.009398601464927197
4463,0.009128078818321228,0.009389937818050385
4464,0.00927482359111309,0.009384724674746395
4465,0.009132711216807365,0.00937912288121879
4466,0.009277627803385258,0.009379909113049508
4467,0.009176285937428474,0.0093789941072464
4468,0.008909683674573898,0.00937851483002305
4469,0.009554823860526085,0.009382378924638033
4470,0.00966421328485012,0.009381425101310015
4471,0.00904836319386959,0.009376547671854496
4472,0.009182920679450035,0.009373555779457093
4473,0.008985597640275955,0.009365005260333419
4474,0.009302396327257156,0.009360346188768744
4475,0.009518385864794254,0.00935774065554142
4476,0.009074335917830467,0.009353543035686016
4477,0.009127664379775524,0.009353867312893272
4478,0.00940027367323637,0.009354979759082198
4479,0.009372510015964508,0.009355747746303678
4480,0.00916634313762188,0.009354888182133436
4481,0.00906351301819086,0.00935125951655209
4482,0.009251408278942108,0.00934941484592855
4483,0.009050410240888596,0.00934776852838695
4484,0.009354929439723492,0.009349645366892218
4485,0.009762045927345753,0.009352465774863958
4486,0.009341433644294739,0.009352479791268707
4487,0.00930962897837162,0.009350258596241475
4488,0.009260378777980804,0.009349525198340416
4489,0.009052732959389687,0.009348548073321581
4490,0.009165316820144653,0.009350386746227742
4491,0.009098770096898079,0.00934824964031577
4492,0.009096584282815456,0.009344993615522981
4493,0.00932063814252615,0.009345398964360357
4494,0.008997820317745209,0.009341531144455075
4495,0.009123205207288265,0.009331003883853555
4496,0.008618738502264023,0.009325553700327872
4497,0.008785523474216461,0.00931801214814186
4498,0.009250735864043236,0.009318029694259166
4499,0.009276734665036201,0.009315469060093165
4500,0.0092494310811162,0.009313322138041258
4501,0.009276851080358028,0.009311927584931254
4502,0.009138211607933044,0.009310126462951302
4503,0.009083285927772522,0.009308051960542798
4504,0.00894194282591343,0.009302140725776554
4505,0.009103427641093731,0.009294749116525053
4506,0.009136617183685303,0.009290015874430537
4507,0.00919409655034542,0.009285477800294756
4508,0.00918049830943346,0.009282429739832877
4509,0.009232079610228539,0.009282075529918075
4510,0.009044796228408813,0.009276341078802944
4511,0.00897076167166233,0.009270700151100755
4512,0.009371044114232063,0.009269258892163634
4513,0.008954701945185661,0.009270761013031006
4514,0.00912406574934721,0.009267716212198138
4515,0.00887472927570343,0.00926248955540359
4516,0.009109508246183395,0.009258895888924598
4517,0.009359506890177727,0.009261885015293956
4518,0.009395062923431396,0.009259236007928849
4519,0.009024092927575111,0.00925073736347258
4520,0.008643561974167824,0.009245736440643668
4521,0.008867984637618065,0.00924142231233418
4522,0.008972732350230217,0.009239524081349372
4523,0.009081806056201458,0.00923886633478105
4524,0.009485870599746704,0.00923852159641683
4525,0.009443441405892372,0.00923838404007256
4526,0.009349921718239784,0.00923668798059225
4527,0.009163759648799896,0.00923721794039011
4528,0.009577237069606781,0.009241648996248842
4529,0.009311068803071976,0.0092439706902951
4530,0.010523935779929161,0.00925677984021604
4531,0.008896619081497192,0.009253307925537229
4532,0.009134883992373943,0.00925449701026082
4533,0.008920594118535519,0.009247906403616071
4534,0.00929470919072628,0.009250242402777076
4535,0.0093634482473135,0.009251584401354193
4536,0.009060133248567581,0.009248757166787983
4537,0.0089949332177639,0.009248310383409262
4538,0.009459047578275204,0.009246732154861093
4539,0.009069401770830154,0.009240748500451446
4540,0.008864318951964378,0.009236336061730981
4541,0.009208010509610176,0.009237259915098548
4542,0.009257540106773376,0.00923383810557425
4543,0.008853329345583916,0.009230967750772834
4544,0.009189320728182793,0.009229301018640399
4545,0.008527006953954697,0.009224153747782111
4546,0.009486421011388302,0.009227219428867102
4547,0.009125113487243652,0.009214993435889482
4548,0.009161751717329025,0.009205671381205321
4549,0.009063729085028172,0.009198805121704935
4550,0.009099327959120274,0.009200273770838976
4551,0.009132197126746178,0.009202766548842192
4552,0.009030945599079132,0.009200046919286251
4553,0.009637841954827309,0.009198043961077929
4554,0.008948060683906078,0.00918763249181211
4555,0.009244272485375404,0.009182479241862893
4556,0.009155979380011559,0.009180090576410293
4557,0.00911690667271614,0.009179841224104167
4558,0.008657462894916534,0.009169771960005164
4559,0.008745277300477028,0.00916657797060907
4560,0.008927484974265099,0.009167916532605886
4561,0.00882134959101677,0.00916472377255559
4562,0.009068172425031662,0.009161792108789086
4563,0.009030794724822044,0.009160819267854094
4564,0.00870091188699007,0.009155080150812865
4565,0.009057987481355667,0.009154332913458347
4566,0.008795319125056267,0.009149509826675057
4567,0.008391294628381729,0.00914165991358459
4568,0.0094138840213418,0.00914670191705227
4569,0.009092137217521667,0.009142075050622225
4570,0.008729655295610428,0.009132729470729828
4571,0.009098883718252182,0.009133234675973654
4572,0.008900168351829052,0.009130407152697443
4573,0.009042943827807903,0.009130980614572763
4574,0.00886504352092743,0.009126607086509466
4575,0.009051462635397911,0.009121937854215502
4576,0.009165884926915169,0.00912285334430635
4577,0.008932695724070072,0.009120903657749296
4578,0.008802175521850586,0.009114922676235437
4579,0.0087105892598629,0.009108303468674422
4580,0.009035687893629074,0.009106996916234494
4581,0.008851352147758007,0.009104875307530165
4582,0.008980538696050644,0.00910216661170125
4583,0.008842968381941319,0.009100092193111777
4584,0.009067334234714508,0.009097216241061688
4585,0.008748689666390419,0.009087082678452135
4586,0.008714128285646439,0.009080809624865651
4587,0.008799600414931774,0.009075709339231252
4588,0.008882889524102211,0.009071934446692466
4589,0.008746398612856865,0.009068871103227138
4590,0.009021991863846779,0.00906743785366416
4591,0.009091963060200214,0.009067369783297181
4592,0.009015747345983982,0.009066561413928866
4593,0.008971774950623512,0.00906307278200984
4594,0.008756991475820541,0.009060664493590593
4595,0.00873996876180172,0.009056832129135727
4596,0.009216152131557465,0.009062806265428663
4597,0.008578023873269558,0.009060731269419193
4598,0.008705420419573784,0.009055278114974499
4599,0.00872601568698883,0.009049770925194024
4600,0.00917764101177454,0.009049053024500608
4601,0.008713583461940289,0.009043420348316431
4602,0.008926169015467167,0.009041299922391772
4603,0.008948365226387978,0.009039950715377927
4604,0.00859126541763544,0.009036443941295148
4605,0.008884109556674957,0.00903425076045096
4606,0.009017964825034142,0.009033064236864447
4607,0.008739304728806019,0.009028516318649054
4608,0.008579377084970474,0.009022505106404424
4609,0.009139280766248703,0.009021577117964625
4610,0.008748694323003292,0.00901861609891057
4611,0.008962678723037243,0.009018535269424319
4612,0.009501399472355843,0.009019838823005557
4613,0.008857101202011108,0.009018862815573812
4614,0.008935952559113503,0.009016981683671474
4615,0.008994837291538715,0.009018182763829827
4616,0.009154052473604679,0.00901862820610404
4617,0.00898489635437727,0.009014882100746035
4618,0.009442768059670925,0.00901535915210843
4619,0.009081581607460976,0.00901593403890729
4620,0.008829801343381405,0.009017796432599425
4621,0.009074065834283829,0.009019857244566084
4622,0.009340031072497368,0.009023530231788755
4623,0.009558516554534435,0.009028297336772084
4624,0.00911532063037157,0.009024591837078332
4625,0.008799802511930466,0.009018155448138714
4626,0.008788545615971088,0.009012541687116026
4627,0.008947530761361122,0.00901037939824164
4628,0.00893363356590271,0.009003943363204599
4629,0.00898265466094017,0.00900065922178328
4630,0.009197530336678028,0.008987395167350769
4631,0.009017670527100563,0.008988605681806802
4632,0.008366181515157223,0.008980918657034636
4633,0.008864316157996655,0.008980355877429246
4634,0.00933664571493864,0.00898077524267137
4635,0.008904428221285343,0.00897618504241109
4636,0.008680153638124466,0.008972385246306658
4637,0.008610975928604603,0.008968545673415065
4638,0.009103644639253616,0.00896499164402485
4639,0.009238050319254398,0.008966678129509091
4640,0.008942808955907822,0.008967463029548525
4641,0.008559166453778744,0.00896097458899021
4642,0.008999372832477093,0.008958392916247249
4643,0.009474656544625759,0.008964606188237667
4644,0.009130191057920456,0.008964014891535043
4645,0.008716508746147156,0.00896590990945697
4646,0.008795076981186867,0.008958996469154955
4647,0.008900434710085392,0.008956749681383372
4648,0.008701872080564499,0.008952150885015726
4649,0.008904937654733658,0.008950562970712781
4650,0.008934300392866135,0.00894891269505024
4651,0.008933017030358315,0.008946920894086361
4652,0.008839801885187626,0.008945009456947445
4653,0.008764704689383507,0.008936278084293007
4654,0.00876031443476677,0.008934400621801614
4655,0.008873386308550835,0.008930691760033369
4656,0.009216798469424248,0.008931299950927497
4657,0.008490419015288353,0.008925035074353218
4658,0.008857427164912224,0.008927034717053174
4659,0.00875436794012785,0.008927125623449684
4660,0.008471000008285046,0.008922560773789882
4661,0.008906865492463112,0.008923415932804346
4662,0.009092306718230247,0.008923657275736331
4663,0.008762880228459835,0.00892097813077271
4664,0.008985635824501514,0.008923825370147824
4665,0.009480714797973633,0.008928052643314003
4666,0.009091313928365707,0.008931012591347098
4667,0.009113279171288013,0.008938232436776161
4668,0.008860934525728226,0.008932702941820025
4669,0.009928860701620579,0.008941070176661015
4670,0.01046997681260109,0.008958473391830922
4671,0.00931895524263382,0.008960674107074738
4672,0.009050965309143066,0.008962182076647878
4673,0.009672962129116058,0.00896848225966096
4674,0.009127052500844002,0.008971102349460126
4675,0.00982828438282013,0.008978870566934347
4676,0.009907366707921028,0.008986285384744407
4677,0.009626153856515884,0.008993219966068864
4678,0.009686930105090141,0.00900206751190126
4679,0.009019603952765465,0.009005157658830285
4680,0.00858699344098568,0.009000670714303851
4681,0.008907945826649666,0.009001236651092768
4682,0.00849490612745285,0.00899638032540679
4683,0.008600002154707909,0.008993950663134456
4684,0.008786226622760296,0.008991139587014913
4685,0.009042758494615555,0.008994080275297165
4686,0.00849362276494503,0.00899187522009015
4687,0.008477112278342247,0.008988650338724256
4688,0.008682477287948132,0.008986646216362715
4689,0.008616020902991295,0.00898534243926406
4690,0.00935550406575203,0.00898867756128311
4691,0.009191660210490227,0.008989674532786011
4692,0.008651800453662872,0.0089860350638628
4693,0.008917948231101036,0.008985496796667576
4694,0.008657291531562805,0.008984499797224998
4695,0.009552606381475925,0.00899262617342174
4696,0.008784168399870396,0.00898830633610487
4697,0.00891875196248293,0.008991713616997004
4698,0.0089521873742342,0.008994181286543607
4699,0.008610084652900696,0.008993021976202727
4700,0.008648080751299858,0.00898772637359798
4701,0.008727245032787323,0.00898786298930645
4702,0.008760870434343815,0.008986210003495216
4703,0.008614500053226948,0.008982871351763606
4704,0.008565693162381649,0.008982615629211068
4705,0.008528457954525948,0.008979059113189579
4706,0.008840741589665413,0.008977286880835891
4707,0.009230004623532295,0.008982193879783154
4708,0.008470608852803707,0.008981106197461486
4709,0.008553983643651009,0.008975253226235509
4710,0.008660539984703064,0.008974371682852507
4711,0.008768096566200256,0.008972425861284137
4712,0.00856725312769413,0.00896308439783752
4713,0.008370808325707912,0.008958221469074488
4714,0.008809773251414299,0.008956959675997496
4715,0.009199840947985649,0.008959009712561965
4716,0.008751412853598595,0.008954983316361903
4717,0.008610278367996216,0.008951237136498093
4718,0.009151621721684933,0.008948325673118233
4719,0.0089552728459239,0.008947062585502864
4720,0.00884642917662859,0.008947228863835335
4721,0.008855188265442848,0.008945040088146925
4722,0.008988382294774055,0.008941523600369691
4723,0.00871075689792633,0.00893304600380361
4724,0.008384881541132927,0.008925741612911224
4725,0.009331225417554379,0.008931055841967463
4726,0.008919201791286469,0.008932362403720617
4727,0.008504359051585197,0.008927930686622858
4728,0.008617698214948177,0.008924771333113313
4729,0.009199239313602448,0.008926937179639936
4730,0.008755667135119438,0.00892251854762435
4731,0.008555125445127487,0.00891789309680462
4732,0.008606206625699997,0.008920293347910047
4733,0.008693192154169083,0.00891858210787177
4734,0.008527298457920551,0.00891048863530159
4735,0.009089348837733269,0.00891233784146607
4736,0.009130449965596199,0.008916840804740787
4737,0.008669829927384853,0.008917429344728589
4738,0.008884303271770477,0.008915235931053757
4739,0.008781402371823788,0.008910669451579452
4740,0.00868392176926136,0.008908080579712986
4741,0.008707435801625252,0.008909563273191453
4742,0.008769024163484573,0.008907259786501526
4743,0.009085280820727348,0.008903366029262543
4744,0.009037072770297527,0.008902434846386314
4745,0.008847115561366081,0.008903740914538502
4746,0.009525026194751263,0.008911040406674146
4747,0.009300831705331802,0.00891504437662661
4748,0.009151997044682503,0.00891954562626779
4749,0.00891864113509655,0.00891968266107142
4750,0.0090496726334095,0.008920836383476854
4751,0.009470106102526188,0.008926207274198532
4752,0.009091591462492943,0.008928725169971586
4753,0.008720053359866142,0.008928278656676412
4754,0.009200016036629677,0.008932675672695041
4755,0.008561305701732635,0.008929554866626858
4756,0.009238101541996002,0.008929767897352576
4757,0.009386932477355003,0.008938733031973243
4758,0.009127531200647354,0.008941434072330594
4759,0.008934713900089264,0.008943237531930208
4760,0.008559578098356724,0.008944123312830924
4761,0.0087662972509861,0.008942717630416154
4762,0.008636088110506535,0.008938155444338918
4763,0.009016085416078568,0.008940687496215105
4764,0.009247670881450176,0.008943307846784591
4765,0.008814050815999508,0.00893664120696485
4766,0.008854325860738754,0.00893427132628858
4767,0.008558971807360649,0.008928728252649308
4768,0.008474648930132389,0.008924865396693349
4769,0.00866946205496788,0.008912271410226822
4770,0.008671324700117111,0.008894284889101982
4771,0.00845259614288807,0.008885621298104525
4772,0.008562052622437477,0.00888073217123747
4773,0.008445258252322674,0.008868455132469534
4774,0.008590247482061386,0.008863087082281708
4775,0.009225024841725826,0.008857054486870766
4776,0.008778860792517662,0.008845769427716732
4777,0.008641686290502548,0.0088359247520566
4778,0.00910294707864523,0.00883008492179215
4779,0.008597170934081078,0.008825860591605306
4780,0.00869081262499094,0.008826898783445359
4781,0.008770091459155083,0.008825520239770412
4782,0.008744914084672928,0.008828020319342614
4783,0.009241823107004166,0.008834438528865576
4784,0.008723124861717224,0.008833807511255145
4785,0.008664580062031746,0.008830025726929307
4786,0.008649822324514389,0.008831587722525
4787,0.008621109649538994,0.008833027696236968
4788,0.008987643755972385,0.008836079360917211
4789,0.009242432191967964,0.008842343473806977
4790,0.008768094703555107,0.008836469380185008
4791,0.008855735883116722,0.008833110136911272
4792,0.007974598556756973,0.008826338117942215
4793,0.008533284068107605,0.00882249147631228
4794,0.00876389630138874,0.008823557524010539
4795,0.00816231407225132,0.008809654600918293
4796,0.008675644174218178,0.008808569358661771
4797,0.008371109142899513,0.008803092930465937
4798,0.009061522781848907,0.008804186284542083
4799,0.008482985198497772,0.008802915289998055
4800,0.008427828550338745,0.008800712767988444
4801,0.008548971265554428,0.008798930030316114
4802,0.008561483584344387,0.00879693616181612
4803,0.00862810667604208,0.008797072228044272
4804,0.008572133257985115,0.008797136629000306
4805,0.008834018371999264,0.00880019223317504
4806,0.008653070777654648,0.008798315525054931
4807,0.008703714236617088,0.008793052621185779
4808,0.008884420618414879,0.008797190738841892
4809,0.008746743202209473,0.008799118334427475
4810,0.00885002687573433,0.00880101320333779
4811,0.008460279554128647,0.008797935033217073
4812,0.008695139549672604,0.008799213897436858
4813,0.008478755131363869,0.008800293365493417
4814,0.008425366133451462,0.008796449294313788
4815,0.008122842758893967,0.008785679312422872
4816,0.008293932303786278,0.008781104506924748
4817,0.008632516488432884,0.008781326888129114
4818,0.008489731699228287,0.00877470798790455
4819,0.008552536368370056,0.00877068062312901
4820,0.0089039271697402,0.008771255603060127
4821,0.008559416979551315,0.008768297890201211
4822,0.008415864780545235,0.008762572715058923
4823,0.008489619940519333,0.008760361345484852
4824,0.008712338283658028,0.008763635912910104
4825,0.008575394749641418,0.008756077606230974
4826,0.008776696398854256,0.008754652552306652
4827,0.008849156089127064,0.00875810052268207
4828,0.009033286944031715,0.008762256409972906
4829,0.00841142050921917,0.008754378221929073
4830,0.008470365777611732,0.008751525208353997
4831,0.008949048817157745,0.008755464442074298
4832,0.00799582153558731,0.008749360591173172
4833,0.008636602200567722,0.008748794691637158
4834,0.008796324022114277,0.008751484947279096
4835,0.008503461256623268,0.008745626071467996
4836,0.008388897404074669,0.008738210545852781
4837,0.008540259674191475,0.008736914843320847
4838,0.008543476462364197,0.008733506575226783
4839,0.008671368472278118,0.008732406236231328
4840,0.008569320663809776,0.00873126022517681
4841,0.008353020995855331,0.008727716077119111
4842,0.008513357490301132,0.008725159410387278
4843,0.00888032652437687,0.008723109867423773
4844,0.008380385115742683,0.008716542990878224
4845,0.008304963819682598,0.00871112147346139
4846,0.00856919027864933,0.00870156311430037
4847,0.00846767146140337,0.008693231511861086
4848,0.008214149624109268,0.008683853037655353
4849,0.008474722504615784,0.008679413851350546
4850,0.00852963700890541,0.008674213495105505
4851,0.009018558077514172,0.008669698014855384
4852,0.00848245806992054,0.00866360668092966
4853,0.008669848553836346,0.008663104632869362
4854,0.008741461671888828,0.008658519089221954
4855,0.008411606773734093,0.008657022099941968
4856,0.008502380922436714,0.008649664893746377
4857,0.008619628846645355,0.00864199185743928
4858,0.008219925686717033,0.008632915802299976
4859,0.00851689837872982,0.008628737647086382
4860,0.00820898450911045,0.008625231711193919
4861,0.00865236297249794,0.008624092368409038
4862,0.008662264794111252,0.008624354135245085
4863,0.008640266954898834,0.008620595950633287
4864,0.008976169861853123,0.008617880940437316
4865,0.008747926913201809,0.00861721970140934
4866,0.008587086573243141,0.008614547308534384
4867,0.009029349312186241,0.00861925108358264
4868,0.008819589391350746,0.008622700488194824
4869,0.008617540821433067,0.008622181275859475
4870,0.008636058308184147,0.008621828611940146
4871,0.00883251428604126,0.008625627793371678
4872,0.008891488425433636,0.008628922151401638
4873,0.009194886311888695,0.008636418431997299
4874,0.008509776555001736,0.008635613722726703
4875,0.008590810000896454,0.00862927157431841
4876,0.00828125886619091,0.008624295555055141
4877,0.008519388735294342,0.008623072579503059
4878,0.009295234456658363,0.00862499545328319
4879,0.00853709876537323,0.008624394731596112
4880,0.008722670376300812,0.008624713309109211
4881,0.008538506925106049,0.00862239746376872
4882,0.008368791081011295,0.008618636233732104
4883,0.00910031795501709,0.008617221182212233
4884,0.008674830198287964,0.008616738235577941
4885,0.009100552648305893,0.008621097961440682
4886,0.008081664331257343,0.008615416381508112
4887,0.008344108238816261,0.008612646367400884
4888,0.008768499828875065,0.008610454928129911
4889,0.008648969233036041,0.008604520298540592
4890,0.008408384397625923,0.008600923195481301
4891,0.008354048244655132,0.008595906319096685
4892,0.008776923641562462,0.008603929569944739
4893,0.008977546356618404,0.008608372192829847
4894,0.0082770437002182,0.008603503666818143
4895,0.008820347487926483,0.008610084000974894
4896,0.008589623495936394,0.008609223794192076
4897,0.008403521031141281,0.008609547913074493
4898,0.008535774424672127,0.008604290429502726
4899,0.008421615697443485,0.008603676734492183
4900,0.008103406056761742,0.008600432509556413
4901,0.008834969252347946,0.008603292489424349
4902,0.008298370987176895,0.008600661363452673
4903,0.008419397287070751,0.00859857426956296
4904,0.008145429193973541,0.008594307228922843
4905,0.008671578951179981,0.00859268283471465
4906,0.008473765105009079,0.008590889777988196
4907,0.008529996499419212,0.008589152600616217
4908,0.008926673792302608,0.008589575132355094
4909,0.008534732274711132,0.00858745502308011
4910,0.008587893098592758,0.008584833685308695
4911,0.008396164514124393,0.008584192534908653
4912,0.008265677839517593,0.008579897917807102
4913,0.0086801303550601,0.008581911670044065
4914,0.008470071479678154,0.008582358723506331
4915,0.00822577252984047,0.008583388021215797
4916,0.0084203090518713,0.008584651788696647
4917,0.008340168744325638,0.008581728311255574
4918,0.008691112510859966,0.008583742119371891
4919,0.009145395830273628,0.008589670713990926
4920,0.008454341441392899,0.008585174856707454
4921,0.008107393980026245,0.008580654626712203
4922,0.008816242218017578,0.008584658401086926
4923,0.00879654847085476,0.008587727686390281
4924,0.008775833994150162,0.008588362643495202
4925,0.008351314812898636,0.008586121844127775
4926,0.008540269918739796,0.00858375757932663
4927,0.008746921084821224,0.00858273522928357
4928,0.008558226749300957,0.008577984627336263
4929,0.008300365880131721,0.008576874081045389
4930,0.008049536496400833,0.008572665788233281
4931,0.008864255622029305,0.008571817856281996
4932,0.008271105587482452,0.008574570696800947
4933,0.008315536193549633,0.008571360036730766
4934,0.008242415264248848,0.008565820949152113
4935,0.008548103272914886,0.008566267369315029
4936,0.00830612052232027,0.008565439600497484
4937,0.008291345089673996,0.008562950454652309
4938,0.008664822205901146,0.00856416391208768
4939,0.00863293930888176,0.008563779620453715
4940,0.008367886766791344,0.008561765281483532
4941,0.008539967238903046,0.008563634743914007
4942,0.008574679493904114,0.008564247963950038
4943,0.008120494894683361,0.008556649647653103
4944,0.008277506567537785,0.008555620862171053
4945,0.008792856708168983,0.008560499791055918
4946,0.008367324247956276,0.008558481130748988
4947,0.008239537477493286,0.008556199790909887
4948,0.007991836406290531,0.008553976658731699
4949,0.008314935490489006,0.008552378788590432
4950,0.00814744271337986,0.008548556845635175
4951,0.008061706088483334,0.008538988325744868
4952,0.008195262402296066,0.008536116369068623
4953,0.008490602485835552,0.008534323908388614
4954,0.008457863703370094,0.008531487928703427
4955,0.00841638632118702,0.008531535724177957
4956,0.00818292610347271,0.008528341175988316
4957,0.008326544426381588,0.00852541033178568
4958,0.008657701313495636,0.008529788088053466
4959,0.008345108479261398,0.008528070189058781
4960,0.008306747302412987,0.008529047816991805
4961,0.008388876914978027,0.008526412956416606
4962,0.008226970210671425,0.008522060010582208
4963,0.008308149874210358,0.008518738839775324
4964,0.008865708485245705,0.008517634226009249
4965,0.008157596923410892,0.00851173092611134
4966,0.008306236937642097,0.00850892242975533
4967,0.008155837655067444,0.008500187313184143
4968,0.008241558447480202,0.008494407003745437
4969,0.008424540981650352,0.00849247700534761
4970,0.008077863603830338,0.008486895058304071
4971,0.008162334561347961,0.008480193261057138
4972,0.008198980242013931,0.008473268179222941
4973,0.008557417429983616,0.00846689349040389
4974,0.008172521367669106,0.008463520938530564
4975,0.008369015529751778,0.008461302993819118
4976,0.00832604430615902,0.008461750848218798
4977,0.007880187593400478,0.00845535883679986
4978,0.008134213276207447,0.008443748624995352
4979,0.008547129109501839,0.008443848928436637
4980,0.008704457432031631,0.008443666798993945
4981,0.008695488795638084,0.008445236617699265
4982,0.008554074913263321,0.008447089456021786
4983,0.008550312370061874,0.008441589400172233
4984,0.008546430617570877,0.008440305404365063
4985,0.008174892514944077,0.008431048803031445
4986,0.008762859739363194,0.008437860757112503
4987,0.007873045280575752,0.008433150127530098
4988,0.00825644563883543,0.008428029585629701
4989,0.008251912891864777,0.008424059022217989
4990,0.00845400057733059,0.008424515184015036
4991,0.008238201960921288,0.008423356721177697
4992,0.00837317481637001,0.008419319232925772
4993,0.008247110061347485,0.008412014869973063
4994,0.008173405192792416,0.008410978484898806
4995,0.008649402298033237,0.008409269032999872
4996,0.008230254054069519,0.008405675338581204
4997,0.008651712909340858,0.0084081572573632
4998,0.008543918840587139,0.00840823870152235
4999,0.008538270369172096,0.008409405248239637
5000,0.008149582892656326,0.008409867016598582
5001,0.008538078516721725,0.00840689810924232
5002,0.008753614500164986,0.008411450544372201
5003,0.00859434437006712,0.008413200015202165
5004,0.00882590003311634,0.008420004723593593
5005,0.00843315850943327,0.008417620519176126
5006,0.008224623277783394,0.008415129100903869
5007,0.008269703015685081,0.008412526166066527
5008,0.008546154946088791,0.00840872097760439
5009,0.008278622291982174,0.008406159877777099
5010,0.008682120591402054,0.008407102152705192
5011,0.009300170466303825,0.008416142212226987
5012,0.008476125076413155,0.008418246684595943
5013,0.008433656767010689,0.008415781948715449
5014,0.008021563291549683,0.008411296866834164
5015,0.008366234600543976,0.008412701487541198
5016,0.008304594084620476,0.008411544337868691
5017,0.008172090165317059,0.008409863552078605
5018,0.008413021452724934,0.008407082641497254
5019,0.008043123409152031,0.008396059917286038
5020,0.008396055549383163,0.00839547705836594
5021,0.008424263447523117,0.00839864575304091
5022,0.008548744022846222,0.008395970771089197
5023,0.008105695247650146,0.00838906223885715
5024,0.007780204527080059,0.008379105944186449
5025,0.00804193876683712,0.008376012183725834
5026,0.008255239576101303,0.008373161880299448
5027,0.008261263370513916,0.008368305303156376
5028,0.008477265015244484,0.008367495685815811
5029,0.008169030770659447,0.00836618233472109
5030,0.008119800128042698,0.008366884971037507
5031,0.008463475853204727,0.008362877173349261
5032,0.008126812055706978,0.008361434238031507
5033,0.008324464783072472,0.008361523523926735
5034,0.008566822856664658,0.008364767599850893
5035,0.008340451866388321,0.008362691085785627
5036,0.008275609463453293,0.008362385975196958
5037,0.008014599792659283,0.00835961852222681
5038,0.007889918982982635,0.008351869489997625
5039,0.008056435734033585,0.008346104454249144
5040,0.00837937742471695,0.0083462193608284
5041,0.008233150467276573,0.008343151193112136
5042,0.008486421778798103,0.008342268615961075
5043,0.008825716562569141,0.008349320832639933
5044,0.007948081009089947,0.008346026577055455
5045,0.008284669369459152,0.008340944703668356
5046,0.008460354059934616,0.00834187500178814
5047,0.007949408143758774,0.008338973708450794
5048,0.008469168096780777,0.008343747025355697
5049,0.008132416754961014,0.008341921838000416
5050,0.007793314754962921,0.008338380558416247
5051,0.008350292220711708,0.00834126641973853
5052,0.00804379116743803,0.008339751707389952
5053,0.008119440637528896,0.008336040088906885
5054,0.008141783997416496,0.008332879291847348
5055,0.008166681975126266,0.00833038224838674
5056,0.007779896259307861,0.008326351949945092
5057,0.008198956958949566,0.008325076075270771
5058,0.008015597239136696,0.008318655034527183
5059,0.007910733111202717,0.008314311280846596
5060,0.00816128309816122,0.008312856638804078
5061,0.008514812216162682,0.008314115991815925
5062,0.0077434116974473,0.008309280406683684
5063,0.00809713639318943,0.008307170271873474
5064,0.00815638992935419,0.008300077086314559
5065,0.008053489029407501,0.008299036007374526
5066,0.008103134110569954,0.008297004979103803
5067,0.008269080892205238,0.008298137411475181
5068,0.008103560656309128,0.008296757433563472
5069,0.008359621278941631,0.008296108236536384
5070,0.008321963250637054,0.008298549233004451
5071,0.008592560887336731,0.008302851496264339
5072,0.008467728272080421,0.008305538976565004
5073,0.007954523898661137,0.00829951004125178
5074,0.007803654298186302,0.00829582137055695
5075,0.00807829201221466,0.00829291413538158
5076,0.008131569251418114,0.00829096938483417
5077,0.007949141785502434,0.00829165892675519
5078,0.008567934855818748,0.008295996142551302
5079,0.00782967172563076,0.008288821568712593
5080,0.007967613637447357,0.00828145313076675
5081,0.007909481413662434,0.008273593056946993
5082,0.007802518550306559,0.008266077493317425
5083,0.008029434829950333,0.008260868717916309
5084,0.00795692764222622,0.008254973688162864
5085,0.008018944412469864,0.008253414207138121
5086,0.008378557860851288,0.008249571188353002
5087,0.007793211378157139,0.008248772849328815
5088,0.007846138440072536,0.008244669777341188
5089,0.007898706942796707,0.008241137717850506
5090,0.008252270519733429,0.008239120417274535
5091,0.00839992891997099,0.008240737686865032
5092,0.008017287589609623,0.008237178814597427
5093,0.007882743142545223,0.008233535145409405
5094,0.008376283571124077,0.008235563929192722
5095,0.0075256493873894215,0.008224326400086284
5096,0.007918059825897217,0.008221204457804561
5097,0.008102506399154663,0.008215712392702698
5098,0.008319862186908722,0.008213471826165915
5099,0.007855838164687157,0.008206647504121065
5100,0.007887381128966808,0.008204025486484169
5101,0.007690709549933672,0.008195551796816289
5102,0.007866774685680866,0.008186683398671448
5103,0.008042041212320328,0.00818116036709398
5104,0.00784643180668354,0.008171365684829653
5105,0.008094068616628647,0.008167974785901606
5106,0.00844412948936224,0.008170169848017394
5107,0.008164973929524422,0.008169122557155788
5108,0.00826849602162838,0.008166345967911184
5109,0.00789504311978817,0.008162510176189243
5110,0.008136794902384281,0.008157056919299067
5111,0.008151923306286335,0.008145574447698891
5112,0.008912032470107079,0.00814993352163583
5113,0.007953645661473274,0.008145133410580456
5114,0.008288796991109848,0.008147805747576058
5115,0.008306160569190979,0.008147205007262528
5116,0.0083541888743639,0.008147700955159962
5117,0.008651109412312508,0.008152491147629917
5118,0.008107932284474373,0.008149440255947412
5119,0.007633659057319164,0.008145345612429083
5120,0.008248107507824898,0.0081438661320135
5121,0.008164438419044018,0.008141267881728708
5122,0.008484269492328167,0.008140623136423528
5123,0.008006473071873188,0.008139630914665758
5124,0.007997458800673485,0.008141803457401692
5125,0.007608622312545776,0.00813747029285878
5126,0.008079398423433304,0.0081357118813321
5127,0.008321817964315414,0.008136317427270114
5128,0.0081666000187397,0.008133210777305066
5129,0.00804094783961773,0.00813192994799465
5130,0.008107611909508705,0.00813180806580931
5131,0.00793474167585373,0.0081265207240358
5132,0.007749801967293024,0.00812275062315166
5133,0.007859945297241211,0.008118105428293347
5134,0.008102377876639366,0.008113460978493095
5135,0.008265103213489056,0.008112707491964102
5136,0.008884914219379425,0.008118800539523362
5137,0.008352324366569519,0.008122177785262466
5138,0.007965870201587677,0.008122937297448516
5139,0.008442817255854607,0.008126801112666726
5140,0.0077937450259923935,0.00812094478867948
5141,0.008525404147803783,0.008123867325484752
5142,0.007789055351167917,0.00811689366120845
5143,0.0083637535572052,0.00811227403115481
5144,0.007809847593307495,0.008110891696996986
5145,0.00786341167986393,0.008106679120101035
5146,0.007644307799637318,0.008098518657498062
5147,0.008380549028515816,0.008102830066345632
5148,0.008798763155937195,0.008106126016937196
5149,0.0094840656965971,0.008119642506353558
5150,0.008141016587615013,0.008123119524680079
5151,0.008060915395617485,0.008120225756429136
5152,0.008130590431392193,0.008121093749068678
5153,0.008148368448019028,0.008121383027173579
5154,0.008008232340216637,0.00812004751060158
5155,0.008128448389470577,0.008119665174745024
5156,0.007846545428037643,0.00812033166643232
5157,0.007796010468155146,0.008116302201524378
5158,0.00814663153141737,0.008117612544447183
5159,0.00753128994256258,0.008113818112760782
5160,0.008061820641160011,0.00811282348819077
5161,0.008222915232181549,0.008109904518350959
5162,0.008904803544282913,0.008121518436819315
5163,0.007918383926153183,0.008119730912148952
5164,0.008163378573954105,0.008119800798594952
5165,0.007942482829093933,0.008118690736591817
5166,0.008561231195926666,0.008123271707445383
5167,0.00792776606976986,0.00811985855922103
5168,0.008252331055700779,0.008121346263214946
5169,0.007926817052066326,0.008117018220946192
5170,0.0084886085242033,0.008118684673681854
5171,0.008839068934321404,0.008121149754151702
5172,0.007608429063111544,0.008112556762062012
5173,0.008453967049717903,0.00811755119357258
5174,0.008623387664556503,0.008125748527236283
5175,0.008583992719650269,0.008130805534310639
5176,0.009055898524820805,0.008140048827044666
5177,0.008223801851272583,0.008142795427702368
5178,0.007852238602936268,0.008135638465173543
5179,0.00805170089006424,0.008137858756817877
5180,0.008419167250394821,0.008142374292947351
5181,0.008476139977574348,0.008148040878586471
5182,0.00787314586341381,0.008148747151717544
5183,0.007975134998559952,0.00814820415340364
5184,0.008633537217974663,0.008154970249161125
5185,0.008023198693990707,0.008155012791976333
5186,0.008088995702564716,0.008152117170393467
5187,0.007824880070984364,0.008152433857321739
5188,0.007827970199286938,0.008152252174913882
5189,0.008265217766165733,0.008155917283147573
5190,0.008296367712318897,0.008156358255073428
5191,0.008365841582417488,0.008156017381697894
5192,0.008299192413687706,0.008158836429938674
5193,0.00815565325319767,0.008161565531045198
5194,0.007872023619711399,0.008156522931531072
5195,0.008621670305728912,0.008167483140714466
5196,0.00798916257917881,0.008168194168247283
5197,0.008204145357012749,0.008169210557825863
5198,0.008022652938961983,0.008166238465346396
5199,0.008117269724607468,0.008168852780945599
5200,0.008074168115854263,0.008170720650814473
5201,0.00791341532021761,0.008172947708517312
5202,0.0076244599185884,0.008170524560846389
5203,0.00840444304049015,0.008174148579128087
5204,0.007788542192429304,0.008173569682985543
5205,0.008140052668750286,0.00817402952350676
5206,0.007791889365762472,0.008167507122270762
5207,0.008612089790403843,0.008171978280879557
5208,0.008120376616716385,0.008170497086830437
5209,0.008030539378523827,0.008171852049417793
5210,0.00813966616988182,0.008171880762092769
5211,0.007904808968305588,0.008169409618712962
5212,0.008063869550824165,0.008160927989520133
5213,0.00862823985517025,0.008167673931457103
5214,0.008087139576673508,0.008165657357312738
5215,0.008409416303038597,0.008166689914651215
5216,0.008505147881805897,0.008168199504725636
5217,0.008351601660251617,0.008165204427205025
5218,0.008556364104151726,0.008169688745401799
5219,0.00778100173920393,0.008171162172220647
5220,0.007806939072906971,0.008166750487871468
5221,0.008137039840221405,0.008166476502083242
5222,0.007934177294373512,0.008160975580103695
5223,0.00790131650865078,0.008159924014471472
5224,0.008222953416407108,0.008162178960628808
5225,0.0081854909658432,0.008167947647161783
5226,0.007823443040251732,0.008165388093329966
5227,0.007617950905114412,0.008158349422737956
5228,0.007951108738780022,0.00815619450993836
5229,0.007967142388224602,0.008155456455424428
5230,0.00781975593417883,0.008152577895671129
5231,0.007977822795510292,0.008153008706867694
5232,0.007987625896930695,0.008155386946164071
5233,0.007687525358051062,0.008153662746772171
5234,0.007621714845299721,0.008148856116458774
5235,0.008161401376128197,0.008147819098085166
5236,0.008060548454523087,0.008139575440436602
5237,0.008204106241464615,0.008138093259185552
5238,0.008055733516812325,0.008138991892337799
5239,0.007763112895190716,0.00813219484873116
5240,0.007579075172543526,0.008130048150196672
5241,0.008204402402043343,0.008126838132739067
5242,0.008467375300824642,0.008133621332235634
5243,0.008066661655902863,0.00813065041322261
5244,0.007867961190640926,0.008131231549195945
5245,0.007719682529568672,0.008129794257692993
5246,0.007727690972387791,0.008130628089420498
5247,0.007871322333812714,0.008125535822473466
5248,0.008227746933698654,0.00811982566025108
5249,0.00864391215145588,0.00811142412479967
5250,0.007545808330178261,0.008105472042225302
5251,0.007827923633158207,0.008103142124600709
5252,0.00787123292684555,0.008100548549555242
5253,0.007733811624348164,0.008096402981318534
5254,0.007926886901259422,0.00809558952692896
5255,0.007868712767958641,0.008092992170713843
5256,0.007678368594497442,0.00809131040237844
5257,0.008107097819447517,0.008094421275891363
5258,0.008209001272916794,0.008095044973306358
5259,0.00790442619472742,0.008098776335828006
5260,0.008030885830521584,0.008098466987721622
5261,0.0079550351947546,0.008095788187347353
5262,0.008333822712302208,0.008090078379027546
5263,0.007910122163593769,0.008089995761401951
5264,0.008507845923304558,0.008093440434895455
5265,0.007632256485521793,0.008090338171459734
5266,0.0077025690115988255,0.008081751549616456
5267,0.007751292549073696,0.008079986814409494
5268,0.00763738201931119,0.008073837324045598
5269,0.007783589418977499,0.00807240504771471
5270,0.007778337225317955,0.008065302334725856
5271,0.008247673511505127,0.008059388380497695
5272,0.007730730343610048,0.008060611393302679
5273,0.007977979257702827,0.008055851515382528
5274,0.008220000192523003,0.008051817640662193
5275,0.00789464171975851,0.008044924130663276
5276,0.007610023021697998,0.008030465375632047
5277,0.007489858195185661,0.00802312593907118
5278,0.007770994212478399,0.0080223134951666
5279,0.007260793820023537,0.008014404424466192
5280,0.007515610661357641,0.00800536885857582
5281,0.008259579539299011,0.008003203254193068
5282,0.007841363549232483,0.008002885431051255
5283,0.007925406098365784,0.008002388142049312
5284,0.007588924840092659,0.007991942018270493
5285,0.007912790402770042,0.007990837935358286
5286,0.007432147860527039,0.00798426945693791
5287,0.007836660370230675,0.007984387259930371
5288,0.0077178096398711205,0.007983285654336213
5289,0.007888279855251312,0.00797951627522707
5290,0.0077101388014853,0.007973653986118734
5291,0.007808724418282509,0.007968082814477384
5292,0.007624492980539799,0.007961335820145904
5293,0.007670045830309391,0.007956479745917022
5294,0.007662210613489151,0.0079543816158548
5295,0.00800805352628231,0.007948245448060333
5296,0.007938416674733162,0.007947737989015878
5297,0.007944279350340366,0.007945139328949153
5298,0.007478058338165283,0.007939693382941187
5299,0.007826432585716248,0.007936785011552275
5300,0.00796907115727663,0.007935734041966498
5301,0.00766548840329051,0.007933254772797226
5302,0.007843181490898132,0.007935441988520324
5303,0.007604595273733139,0.007927443510852753
5304,0.00784179288893938,0.007927976017817855
5305,0.008419541642069817,0.00793077090755105
5306,0.00810115598142147,0.00793386357370764
5307,0.007953239604830742,0.007927275071851909
5308,0.007865067571401596,0.007924721981398762
5309,0.008222336880862713,0.00792663995642215
5310,0.008439430966973305,0.007929637604393065
5311,0.008213202469050884,0.007932721539400518
5312,0.007790297735482454,0.0079299858212471
5313,0.008073586970567703,0.007924439292401076
5314,0.008004767820239067,0.00792361557483673
5315,0.007710744626820087,0.007916628858074546
5316,0.0074547226540744305,0.00790612460579723
5317,0.007715377025306225,0.007899762359447777
5318,0.007738590240478516,0.007891584620811045
5319,0.0077748289331793785,0.0078915228927508
5320,0.007665833458304405,0.007890111836604773
5321,0.00817092228680849,0.007890450661070645
5322,0.007509573362767696,0.007886204621754586
5323,0.007684255484491587,0.007884034011512995
5324,0.007825822569429874,0.007880062703043223
5325,0.007829789072275162,0.007876505684107542
5326,0.007962374947965145,0.007877895003184676
5327,0.007948273792862892,0.00788119823206216
5328,0.007871946319937706,0.007880406607873737
5329,0.007948105223476887,0.007880216236226261
5330,0.00774663221091032,0.007879484998993576
5331,0.007638433016836643,0.00787609110120684
5332,0.007672016974538565,0.007872935011982917
5333,0.007542305160313845,0.007871482810005546
5334,0.007892408408224583,0.007874189745634794
5335,0.007656443398445845,0.00786914016585797
5336,0.007486032322049141,0.007863395004533232
5337,0.007965780794620514,0.007861011750064791
5338,0.00761726638302207,0.007856627078726888
5339,0.00812871940433979,0.007860283143818378
5340,0.007532233837991953,0.007859814730472862
5341,0.007655605673789978,0.007854326763190329
5342,0.007901935838162899,0.007848672368563712
5343,0.007864881306886673,0.00784665456507355
5344,0.008000371977686882,0.00784797867294401
5345,0.007694482337683439,0.007847726671025157
5346,0.00779944472014904,0.00784844420850277
5347,0.007411612197756767,0.00784384710714221
5348,0.007501470856368542,0.007836584346368908
5349,0.007683573756366968,0.00782698096241802
5350,0.007943517528474331,0.007830958054400981
5351,0.007695811800658703,0.007829636936075985
5352,0.00794970989227295,0.00783042170573026
5353,0.007649362087249756,0.007829577210359276
5354,0.00781671330332756,0.007828475474379957
5355,0.007609340362250805,0.007825881750322878
5356,0.00776532432064414,0.007826751307584345
5357,0.007835550233721733,0.007824035831727088
5358,0.007658374961465597,0.007818529568612575
5359,0.00803084671497345,0.007819793773815037
5360,0.007600478827953339,0.007815489703789353
5361,0.0077200038358569145,0.007813139390200376
5362,0.00785113126039505,0.007808312475681305
5363,0.007517114747315645,0.007804382401518524
5364,0.0075163571164011955,0.00779446751344949
5365,0.008072084747254848,0.00779886579606682
5366,0.007729468867182732,0.0077991347946226594
5367,0.007982650771737099,0.007801448376849294
5368,0.007602219935506582,0.007801096756011248
5369,0.007337987422943115,0.007796640736050904
5370,0.007567034102976322,0.007794527704827487
5371,0.007290084846317768,0.007784951818175614
5372,0.0074227433651685715,0.007781871948391199
5373,0.007453970145434141,0.007776631857268512
5374,0.007318540941923857,0.007767617264762521
5375,0.007689689286053181,0.007765567740425468
5376,0.007585387211292982,0.007765321382321417
5377,0.008011088706552982,0.00777053368743509
5378,0.008335859514772892,0.0077761823404580354
5379,0.0076002017594873905,0.007779576419852674
5380,0.007887225598096848,0.007783292569220066
5381,0.007481900043785572,0.007775515774264932
5382,0.0073376912623643875,0.00777047905139625
5383,0.007634670473635197,0.0077675716951489445
5384,0.007876291871070862,0.007770445365458727
5385,0.007621164433658123,0.007767529105767608
5386,0.007668121252208948,0.007769888839684427
5387,0.007750621996819973,0.00776902845595032
5388,0.007582876365631819,0.007767679123207927
5389,0.0075867753475904465,0.007764664078131318
5390,0.007339774630963802,0.0077609604364261035
5391,0.007834204472601414,0.007761215236969292
5392,0.007931225933134556,0.0077642825664952396
5393,0.007858708500862122,0.007766169193200767
5394,0.008532030507922173,0.007774867392145097
5395,0.007545374799519777,0.007770240604877472
5396,0.007967297919094563,0.007770529417321086
5397,0.0074095334857702255,0.007765181958675384
5398,0.007944079115986824,0.0077698421664536
5399,0.007889784872531891,0.007770475689321757
5400,0.00767731387168169,0.0077675581164658065
5401,0.007598786614835262,0.007766891098581255
5402,0.007519695907831192,0.007763656242750585
5403,0.007378365378826857,0.007761393943801522
5404,0.008008986711502075,0.007763065882027149
5405,0.00781335961073637,0.007757004061713815
5406,0.008012242615222931,0.0077561149280518295
5407,0.0077613769099116325,0.007754196301102638
5408,0.0077193002216517925,0.00775273862760514
5409,0.008041913621127605,0.007750934395007789
5410,0.007795603945851326,0.007744496124796569
5411,0.0077574243769049644,0.00773993834387511
5412,0.0076576475985348225,0.007738611842505634
5413,0.007355028763413429,0.007731426260434091
5414,0.00764396321028471,0.0077278182143345475
5415,0.0077509330585598946,0.007728220098651945
5416,0.008019482716917992,0.007733867699280381
5417,0.00789979100227356,0.007735711839050054
5418,0.007847716100513935,0.007736803097650409
5419,0.007567254826426506,0.00773472735658288
5420,0.00760138314217329,0.007734082853421569
5421,0.007748585660010576,0.0077298594871535896
5422,0.007759022526443005,0.007732353978790343
5423,0.007475024554878473,0.007730261669494211
5424,0.007744685746729374,0.007729450301267207
5425,0.007619193289428949,0.007727344343438744
5426,0.007965806871652603,0.007727378662675619
5427,0.008143207058310509,0.0077293279953300955
5428,0.008039106614887714,0.007730999598279596
5429,0.00779512245208025,0.007729469770565629
5430,0.007559888996183872,0.007727602338418365
5431,0.007743513211607933,0.0077286531403660775
5432,0.0076558543369174,0.007728491513989866
5433,0.0077078393660485744,0.007730146856047213
5434,0.008179415948688984,0.007733016931451857
5435,0.007411804981529713,0.007730570547282696
5436,0.007400408387184143,0.007729714307934046
5437,0.007334362715482712,0.007723400127142668
5438,0.007502892520278692,0.007722256388515234
5439,0.007990063168108463,0.00772086982615292
5440,0.007978454232215881,0.00772533203009516
5441,0.007203835528343916,0.007720814328640699
5442,0.007353704422712326,0.007715332014486194
5443,0.007393994834274054,0.007710623149760068
5444,0.007402782328426838,0.007704647253267467
5445,0.007448104675859213,0.007702183476649225
5446,0.007587215397506952,0.007700061183422804
5447,0.0076304832473397255,0.007702249893918633
5448,0.007700009271502495,0.007704235278069973
5449,0.007677038200199604,0.007704169922508299
5450,0.007670131977647543,0.007701436067000031
5451,0.007241336163133383,0.0076968913106247785
5452,0.007581513375043869,0.007693209345452487
5453,0.007578888442367315,0.007692504609003663
5454,0.007697300985455513,0.007691310485824943
5455,0.007747453637421131,0.007692691618576646
5456,0.007917256094515324,0.007694210936315358
5457,0.007379134651273489,0.0076896467804908756
5458,0.00721582630649209,0.00768522129394114
5459,0.007341745775192976,0.007678330284543336
5460,0.007606219034641981,0.007678387686610222
5461,0.0074791377410292625,0.007675979025661945
5462,0.008069505915045738,0.007678162772208452
5463,0.0074618905782699585,0.0076776105305179955
5464,0.007667139638215303,0.007679118355736136
5465,0.00738720316439867,0.007672269539907575
5466,0.007392182480543852,0.007668896676041186
5467,0.007583473809063435,0.007664904906414449
5468,0.007514477241784334,0.0076640274794772265
5469,0.007153959944844246,0.007662187204696238
5470,0.0074716354720294476,0.0076612332183867695
5471,0.0079194325953722,0.007667526695877313
5472,0.007709711790084839,0.007670396380126477
5473,0.007492480333894491,0.00767078148201108
5474,0.007959583774209023,0.007677191910333931
5475,0.007280134595930576,0.007673096363432706
5476,0.007516925223171711,0.007672411743551493
5477,0.007307151332497597,0.007665372369810939
5478,0.007513558026403189,0.0076571493549272415
5479,0.007193406578153372,0.007653081403113902
5480,0.007814745418727398,0.007652356601320207
5481,0.007454416714608669,0.007652081768028438
5482,0.007811305113136768,0.007656817906536162
5483,0.0076957629062235355,0.007657428830862045
5484,0.007485553622245789,0.007653521448373795
5485,0.00751775037497282,0.007652487307786941
5486,0.00788567028939724,0.007654662798158824
5487,0.007715484593063593,0.00765431142412126
5488,0.007561712525784969,0.0076540997857227925
5489,0.007439147215336561,0.007652623504400253
5490,0.007421898189932108,0.007653444739989936
5491,0.007367669604718685,0.007648779391311109
5492,0.007644631899893284,0.007645913450978696
5493,0.007659499999135733,0.007643921365961433
5494,0.007436306215822697,0.007632964123040438
5495,0.007793308701366186,0.007635443462058902
5496,0.007709553465247154,0.007632866017520428
5497,0.007589584216475487,0.00763466652482748
5498,0.007770318537950516,0.007632928919047117
5499,0.00755822891369462,0.007629613359458744
5500,0.007464162074029446,0.007627481841482222
5501,0.00716739147901535,0.007623167890124023
5502,0.007675061002373695,0.007624721541069448
5503,0.007472244091331959,0.007625660328194499
5504,0.00777740404009819,0.00762334450148046
5505,0.007465786300599575,0.007619868768379092
5506,0.007960686460137367,0.0076193532068282365
5507,0.007528930436819792,0.007617028742097318
5508,0.007482511922717094,0.007614660859107971
5509,0.007290572859346867,0.007607147451490164
5510,0.007167174480855465,0.007600863156840205
5511,0.007740411441773176,0.007600693027488887
5512,0.007618685252964497,0.007600303404033184
5513,0.007489874493330717,0.007601651861332357
5514,0.007858549244701862,0.007603797721676528
5515,0.007827820256352425,0.007604566593654454
5516,0.007337936665862799,0.007597751133143902
5517,0.007341345306485891,0.007592166676186025
5518,0.0075910817831754684,0.00758960033301264
5519,0.00785321369767189,0.007592459921725094
5520,0.007415312342345715,0.007590599213726818
5521,0.007622892502695322,0.007589342282153666
5522,0.007477918639779091,0.0075865312432870265
5523,0.007451065815985203,0.007586291655898094
5524,0.007880701683461666,0.007587651815265417
5525,0.007849064655601978,0.0075899505289271476
5526,0.007374405395239592,0.0075840365141630174
5527,0.0075517259538173676,0.007578121703118086
5528,0.007412595674395561,0.007571856593713165
5529,0.007546589709818363,0.007569371266290545
5530,0.007563003338873386,0.007569402409717441
5531,0.007736997678875923,0.007569337254390121
5532,0.007221493870019913,0.007564993649721146
5533,0.008384708315134048,0.007571762339212001
5534,0.007807078771293163,0.007568038967438042
5535,0.00788847729563713,0.007572805690579117
5536,0.00748172402381897,0.007573618846945465
5537,0.0074617089703679085,0.007574892309494316
5538,0.007359735667705536,0.007573460740968585
5539,0.00745742954313755,0.007568134404718876
5540,0.007456372492015362,0.007562913587316871
5541,0.007661318406462669,0.007567488416098059
5542,0.007624953519552946,0.0075702009070664645
5543,0.007870586588978767,0.007574966824613512
5544,0.00725521519780159,0.007573491153307259
5545,0.0075206751935184,0.007574216858483851
5546,0.0077145700342953205,0.007575490404851734
5547,0.007165493443608284,0.00757084050681442
5548,0.007370530627667904,0.007567545720376074
5549,0.007496728096157312,0.007565742619335652
5550,0.007444656919687986,0.007563487868756056
5551,0.007365458644926548,0.007564729093573987
5552,0.007366006262600422,0.007562574022449553
5553,0.007192477583885193,0.0075587099138647315
5554,0.007553669158369303,0.00755727359559387
5555,0.0073949601501226425,0.007553748660720885
5556,0.007604924496263266,0.007550625344738365
5557,0.007403358817100525,0.0075508675863966345
5558,0.007255385164171457,0.007551263174973428
5559,0.007504075765609741,0.0075528864748775956
5560,0.0071192351169884205,0.007548016635701061
5561,0.007330667227506638,0.007546531930565834
5562,0.0072215767577290535,0.007538052638992667
5563,0.007582381367683411,0.007539257546886802
5564,0.007669560611248016,0.007539281756617128
5565,0.007168086711317301,0.0075370905920863155
5566,0.007041913457214832,0.007533587901853025
5567,0.007657820358872414,0.007534331367351115
5568,0.007687474135309458,0.007536061336286366
5569,0.007234018296003342,0.007536861919797957
5570,0.007384096272289753,0.00753598652780056
5571,0.007299124263226986,0.007529783444479108
5572,0.007380634546279907,0.007526492672041058
5573,0.007121977861970663,0.007522787647321821
5574,0.007637172471731901,0.007519563534297049
5575,0.007446366362273693,0.00752122585196048
5576,0.007146148476749659,0.00751751808449626
5577,0.008022835478186607,0.0075246749259531495
5578,0.007365965284407139,0.007523198998533189
5579,0.0073134442791342735,0.007524399375542998
5580,0.007629247382283211,0.0075225443951785565
5581,0.007818276062607765,0.007526182988658548
5582,0.007251642644405365,0.0075205863639712335
5583,0.007858533412218094,0.007522214069031179
5584,0.007523162756115198,0.007522590160369873
5585,0.007485967129468918,0.007522272327914834
5586,0.007067161146551371,0.007514087236486376
5587,0.007077932823449373,0.007507711718790233
5588,0.007247398141771555,0.007504568574950099
5589,0.00759541243314743,0.007506131227128208
5590,0.007204106077551842,0.007503953306004405
5591,0.007449881639331579,0.007504775426350534
5592,0.007560134399682283,0.007503930451348424
5593,0.007154590450227261,0.007498881355859339
5594,0.007453235797584057,0.007499050651676953
5595,0.007845637388527393,0.007499573938548565
5596,0.007637763395905495,0.007498856037855149
5597,0.007584988605231047,0.007498810081742704
5598,0.007527594454586506,0.007496382840909064
5599,0.007241297513246536,0.007493213526904583
5600,0.007318707183003426,0.007491758977994323
5601,0.006894121412187815,0.007489026277326048
5602,0.007295800372958183,0.007485233671031892
5603,0.007468932308256626,0.0074852005532011386
5604,0.007373202592134476,0.007481158538721502
5605,0.007423774339258671,0.007480738419108093
5606,0.007517457939684391,0.007476306133903563
5607,0.006957314908504486,0.00747058997862041
5608,0.007985280826687813,0.007475617667660117
5609,0.007376449182629585,0.007476476430892945
5610,0.007166063413023949,0.007476465320214629
5611,0.007479612249881029,0.007473857328295708
5612,0.0072922734543681145,0.007470593210309744
5613,0.007271111942827702,0.007468405584804713
5614,0.007556162774562836,0.007465381720103323
5615,0.007384989410638809,0.007460953411646187
5616,0.007439412642270327,0.007461968171410263
5617,0.00738765113055706,0.007462431229650974
5618,0.007508299313485622,0.007461603404954076
5619,0.0073147243820130825,0.007456218511797488
5620,0.0073209791444242,0.007455275179818272
5621,0.006900342181324959,0.007448049676604569
5622,0.007484744302928448,0.007448117933236063
5623,0.007510116323828697,0.007448708438314498
5624,0.007603527046740055,0.007445936691947281
5625,0.007730936165899038,0.007444755407050252
5626,0.00739035289734602,0.0074449148820713166
5627,0.007252692244946957,0.007441924544982612
5628,0.007148027420043945,0.007439278862439096
5629,0.008278870023787022,0.007446601665578783
5630,0.007820801809430122,0.00744917965028435
5631,0.007240293547511101,0.0074442126089707015
5632,0.007603292353451252,0.007448030593805015
5633,0.007368461228907108,0.007437868122942746
5634,0.007342454977333546,0.007433221885003149
5635,0.0074471235275268555,0.007428808347322046
5636,0.006957289297133684,0.007423564000055194
5637,0.007264381740242243,0.0074215907277539375
5638,0.007206156384199858,0.007420054934918881
5639,0.007345423102378845,0.0074189348705112936
5640,0.00745667889714241,0.007418937934562564
5641,0.00720058660954237,0.007414330616593361
5642,0.007193923462182283,0.007410020316019655
5643,0.007385775446891785,0.007405172204598785
5644,0.007268478162586689,0.007405304834246635
5645,0.007470353972166777,0.007404801622033119
5646,0.007619737181812525,0.007403853293508292
5647,0.007134783081710339,0.007403546189889312
5648,0.007279808633029461,0.007402638969942928
5649,0.007907034829258919,0.0074067420372739435
5650,0.007207558955997229,0.007404371057637036
5651,0.007407846860587597,0.007404794939793647
5652,0.007499014027416706,0.007406125017441809
5653,0.007137952372431755,0.0074055797653272745
5654,0.006991647183895111,0.0073999595455825325
5655,0.007345793768763542,0.007399467881768942
5656,0.006957116071134806,0.007392989797517657
5657,0.007187708746641874,0.007390833296813071
5658,0.007152898237109184,0.007389808427542448
5659,0.007242741994559765,0.007387195089831948
5660,0.007812268566340208,0.007394125424325466
5661,0.007066030986607075,0.0073914790619164705
5662,0.0074111055582761765,0.0073933743499219415
5663,0.007482396904379129,0.0073923745052888986
5664,0.006991109345108271,0.007385589992627502
5665,0.007279105484485626,0.007386700180359185
5666,0.007200750522315502,0.007388288551010191
5667,0.007049476727843285,0.0073822051146999
5668,0.007575719617307186,0.007381087569519877
5669,0.00721587473526597,0.007380906133912504
5670,0.007081618532538414,0.0073778813565149905
5671,0.00767862144857645,0.007381676328368485
5672,0.007184767629951239,0.007379717659205198
5673,0.007028378080576658,0.007378781661391259
5674,0.0071473270654678345,0.007373883207328617
5675,0.00741899199783802,0.007373609463684261
5676,0.0071559324860572815,0.007373707303777337
5677,0.0070694321766495705,0.007364173270761967
5678,0.007011295296251774,0.007360626570880413
5679,0.007613863330334425,0.007363630761392415
5680,0.007270642556250095,0.007360044713132083
5681,0.007439380045980215,0.007356255752965808
5682,0.007024968042969704,0.007353989006951452
5683,0.007375804707407951,0.0073491617199033495
5684,0.007193915545940399,0.007345869247801602
5685,0.007573695853352547,0.0073467465350404385
5686,0.007554579060524702,0.007351620714180171
5687,0.006906352937221527,0.007349904915317893
5688,0.007080407347530127,0.0073482350073754785
5689,0.007206292822957039,0.007344343811273575
5690,0.007707234472036362,0.00734937509521842
5691,0.007596704177558422,0.0073508433206006885
5692,0.007121197879314423,0.00734645395539701
5693,0.006981132552027702,0.007344719376415014
5694,0.00771226966753602,0.007347309715114534
5695,0.00703467708081007,0.007339200112037361
5696,0.007170035969465971,0.007334522837772965
5697,0.007083728909492493,0.00732951024081558
5698,0.007265386171638966,0.007326888157986104
5699,0.00699231494218111,0.00732439833227545
5700,0.006956097204238176,0.007320772232487798
5701,0.007171324919909239,0.007323544267565012
5702,0.007279626093804836,0.007323382524773479
5703,0.007091692183166742,0.00731961012352258
5704,0.0073522781021893024,0.007319400878623128
5705,0.0070486213080585,0.007315649348311126
5706,0.007210030220448971,0.007312575071118772
5707,0.007097340188920498,0.007313975323922932
5708,0.007208503317087889,0.007306207548826933
5709,0.007461880333721638,0.007307061860337853
5710,0.007005335763096809,0.007305454583838582
5711,0.007712173275649548,0.0073077801940962675
5712,0.0072301398031413555,0.007307158857584
5713,0.00714376475661993,0.007305885385721922
5714,0.00686985719949007,0.007299022329971194
5715,0.007301298901438713,0.007298185424879193
5716,0.007004699669778347,0.007293838295154274
5717,0.007104336284101009,0.007291005146689713
5718,0.007047403138130903,0.007286396184936166
5719,0.006917468272149563,0.007282423623837531
5720,0.007614454720169306,0.007285358379594982
5721,0.007134954445064068,0.007287704502232373
5722,0.007777797989547253,0.0072906350390985605
5723,0.0072274645790457726,0.007287808521650732
5724,0.007422041613608599,0.007285993667319417
5725,0.007330378983169794,0.007281988095492124
5726,0.006999149918556213,0.007278076065704226
5727,0.007307839579880238,0.007278627539053559
5728,0.007197029888629913,0.007279117563739419
5729,0.006861820816993713,0.0072649470716714855
5730,0.007943606935441494,0.0072661751229315995
5731,0.008007358759641647,0.007273845775052905
5732,0.007339325733482838,0.007271206108853221
5733,0.00684396643191576,0.007265961160883307
5734,0.007099560461938381,0.007263532215729356
5735,0.007137457840144634,0.007260435558855534
5736,0.007204263936728239,0.0072629053052514795
5737,0.007055162917822599,0.0072608131170272825
5738,0.006927158683538437,0.007258023140020668
5739,0.007246834225952625,0.007257037251256406
5740,0.007229615934193134,0.007254766621626913
5741,0.0068205674178898335,0.007250966429710388
5742,0.006838163360953331,0.007247408828698098
5743,0.00711142597720027,0.0072446653340011834
5744,0.007053012028336525,0.007242510672658682
5745,0.007550889626145363,0.007243316029198468
5746,0.007092316634953022,0.007238041823729873
5747,0.007376925088465214,0.007240463243797421
5748,0.006901671178638935,0.007236681869253516
5749,0.007361735682934523,0.007231228877790272
5750,0.007290505804121494,0.0072320583462715145
5751,0.007002364844083786,0.007228003526106477
5752,0.007026748266071081,0.007223280868493021
5753,0.007187344133853912,0.007223774786107242
5754,0.007352215237915516,0.007227380466647446
5755,0.007675659842789173,0.007230679127387702
5756,0.007319493219256401,0.007234302898868918
5757,0.007109643891453743,0.007233522250317037
5758,0.00717781949788332,0.007233771462924778
5759,0.0072039347141981125,0.007233383390121162
5760,0.007264376152306795,0.007227904465980828
5761,0.006875843740999699,0.007226002593524754
5762,0.006740779150277376,0.007219299329444766
5763,0.0071869962848722935,0.007216345323249698
5764,0.007075081579387188,0.0072171850455924865
5765,0.007133825682103634,0.007215732247568667
5766,0.007202929817140102,0.007215754040516913
5767,0.006926458328962326,0.007214523856528103
5768,0.007232336327433586,0.007211090023629367
5769,0.007025586441159248,0.0072091871406883
5770,0.007405084557831287,0.007212421800941229
5771,0.00720003480091691,0.007207635934464634
5772,0.007103568408638239,0.007206823942251504
5773,0.006995238363742828,0.007206492545083165
5774,0.007405531592667103,0.007209074590355158
5775,0.007167415227741003,0.007206558822654188
5776,0.007267273496836424,0.007207672232761979
5777,0.0072617544792592525,0.007209595455788076
5778,0.007275266572833061,0.007212235168553889
5779,0.0071488674730062485,0.007207585209980607
5780,0.006794706918299198,0.007202825853601098
5781,0.007328391075134277,0.0072017159638926385
5782,0.007048442959785461,0.0072019507130607965
5783,0.006991859991103411,0.007198111265897751
5784,0.006780403666198254,0.00719397614710033
5785,0.007345483172684908,0.007191694020293653
5786,0.007131608668714762,0.0071874643163755535
5787,0.006729885004460812,0.007185699637047947
5788,0.007494369521737099,0.007189839258790016
5789,0.007106872741132975,0.007188845057971776
5790,0.0066887568682432175,0.007178660281933844
5791,0.007227725349366665,0.007174970493651927
5792,0.007054795511066914,0.0071743064699694515
5793,0.006735852919518948,0.007171853673644364
5794,0.007518433034420013,0.007169915307313204
5795,0.007324926555156708,0.00717281780205667
5796,0.007692364044487476,0.007178041082806885
5797,0.007085759658366442,0.007178061390295625
5798,0.007039817050099373,0.007175805699080229
5799,0.00721628125756979,0.007178045362234115
5800,0.006869856733828783,0.007177182957530021
5801,0.007047001272439957,0.007175939721055329
5802,0.0071766069158911705,0.0071749095292761925
5803,0.007391560822725296,0.0071779082156717775
5804,0.006925118155777454,0.007173636616207659
5805,0.007512519136071205,0.007178275594487787
5806,0.007515011355280876,0.007181325405836106
5807,0.007329497952014208,0.007183646983467042
5808,0.0070904577150940895,0.007182466527447104
5809,0.006794360466301441,0.007175791328772902
5810,0.006860146299004555,0.0071743394341319796
5811,0.006902046501636505,0.007166238166391849
5812,0.007374401204288006,0.007167680780403316
5813,0.006928871385753155,0.007165531846694649
5814,0.006705115549266338,0.007163884430192411
5815,0.006942606531083584,0.00716029750648886
5816,0.0068226042203605175,0.007158476551994681
5817,0.006754525937139988,0.0071549784485250715
5818,0.006747843232005835,0.007151982849463821
5819,0.0069821798242628574,0.007152629964984954
5820,0.006729927845299244,0.007143784696236253
5821,0.006841941736638546,0.0071408545691519975
5822,0.007113836705684662,0.007134214956313372
5823,0.007173577323555946,0.0071336760837584735
5824,0.007225115783512592,0.007131706825457513
5825,0.007275892421603203,0.007131161959841847
5826,0.007427704520523548,0.007135447505861521
5827,0.006936542224138975,0.007131734532304108
5828,0.006954960525035858,0.007129313838668168
5829,0.0071294065564870834,0.007131989696063101
5830,0.00724010169506073,0.007124954643659294
5831,0.007356669753789902,0.007118447753600776
5832,0.006792435888200998,0.0071129788551479575
5833,0.006822327151894569,0.007112762462347746
5834,0.006918025203049183,0.007110947109758854
5835,0.00703494343906641,0.007109921965748072
5836,0.00688385684043169,0.0071067178947851065
5837,0.00684194453060627,0.007104585710912943
5838,0.007169091142714024,0.007107005035504699
5839,0.0075206151232123375,0.007109742844477296
5840,0.0070388466119766235,0.007107835151255131
5841,0.006921512074768543,0.0071088445978239176
5842,0.0072188107296824455,0.007112651071511209
5843,0.007357598282396793,0.007115112794563175
5844,0.007163732312619686,0.007116219997406006
5845,0.00698607973754406,0.007110571898519993
5846,0.007114996202290058,0.007110798694193363
5847,0.007229418493807316,0.007109323628246784
5848,0.006914529018104076,0.007109452206641435
5849,0.006832425948232412,0.007104159109294414
5850,0.006914443802088499,0.007100398489274085
5851,0.0073029352352023125,0.00710340419318527
5852,0.0071949949488043785,0.007105086660012603
5853,0.0069367773830890656,0.007102580992504954
5854,0.007607192732393742,0.007105130767449737
5855,0.007211671210825443,0.0071004908811300995
5856,0.007295489776879549,0.007100250846706331
5857,0.007518218830227852,0.007104336596094072
5858,0.00755526777356863,0.007108111078850925
5859,0.007121466100215912,0.007107286392711103
5860,0.006999822333455086,0.007104640854522586
5861,0.007269911002367735,0.007108581527136266
5862,0.007144727744162083,0.0071126210130751134
5863,0.007008213084191084,0.007110833181068301
5864,0.00713151041418314,0.00711139746941626
5865,0.007275824435055256,0.007112817456945777
5866,0.0074896132573485374,0.007115684291347861
5867,0.0072944569401443005,0.007119364277459681
5868,0.007790083531290293,0.007124941749498248
5869,0.0069498601369559765,0.007124184486456215
5870,0.0067086792550981045,0.0071172204334288836
5871,0.007834130898118019,0.007123561394400894
5872,0.007898017764091492,0.007131505887955427
5873,0.007612478919327259,0.0071376782935112714
5874,0.0069108521565794945,0.007132731499150395
5875,0.006834213621914387,0.0071293994830921295
5876,0.007198238745331764,0.007128709135577083
5877,0.007058001589030027,0.0071266716066747905
5878,0.006913737393915653,0.007123056314885617
5879,0.00715649826452136,0.0071231326228007675
5880,0.006724129896610975,0.007122426852583885
5881,0.006941709667444229,0.007118560038506984
5882,0.006905844435095787,0.007117134053260088
5883,0.006874083541333675,0.00711595628876239
5884,0.006813451647758484,0.007116286768577993
5885,0.006870093755424023,0.007111532874405384
5886,0.00698876054957509,0.007110104393213987
5887,0.007311403751373291,0.007115919580683112
5888,0.00693829171359539,0.007110358802601695
5889,0.006860870402306318,0.007107898779213429
5890,0.007012079935520887,0.007111132009886206
5891,0.006562548689544201,0.007104480243287981
5892,0.006440567784011364,0.0070983379660174255
5893,0.006951618939638138,0.007100495626218617
5894,0.007078221533447504,0.0070960935112088916
5895,0.0070400601252913475,0.007093244846910238
5896,0.006643155124038458,0.007082752757705748
5897,0.007460068445652723,0.0070864958455786106
5898,0.0071171121671795845,0.007087268796749413
5899,0.0073529924266040325,0.007088635908439755
5900,0.006927240639925003,0.0070892097475007175
5901,0.007021521218121052,0.007088954946957529
5902,0.007080146111547947,0.007087990338914096
5903,0.006816317327320576,0.007082237903960049
5904,0.006726226769387722,0.007080248990096152
5905,0.0067289043217897415,0.007072412841953337
5906,0.006875917315483093,0.0070660219015553595
5907,0.0071116480976343155,0.00706384340301156
5908,0.006814150605350733,0.007061080331914127
5909,0.007147566415369511,0.0070646123914048075
5910,0.006742093712091446,0.007063431865535676
5911,0.007158754393458366,0.007065998944453895
5912,0.006736346520483494,0.00705961839761585
5913,0.007089974358677864,0.007061229427345097
5914,0.0073234159499406815,0.007067412431351841
5915,0.00673097837716341,0.007065296149812638
5916,0.006763881072402,0.007064708918333054
5917,0.007163462229073048,0.0070687982812523845
5918,0.006902884691953659,0.007070348695851863
5919,0.006670275703072548,0.007067229654639959
5920,0.006559610832482576,0.007065526484511793
5921,0.007499115541577339,0.00707209822256118
5922,0.006803262047469616,0.00706899247597903
5923,0.006699062883853912,0.00706424733158201
5924,0.006972158327698708,0.007061717757023871
5925,0.0070509519428014755,0.0070594683522358535
5926,0.0068283239379525185,0.007053474546410143
5927,0.006972379982471466,0.007053832923993468
5928,0.006932803895324469,0.007053611357696355
5929,0.0068990858271718025,0.007051308150403201
5930,0.006916260812431574,0.00704806974157691
5931,0.006771774496883154,0.007042220789007843
5932,0.006488998886197805,0.007039186418987811
5933,0.006541917100548744,0.007036382318474353
5934,0.006997882388532162,0.007037180890329182
5935,0.006819319445639849,0.007035024650394917
5936,0.006677066441625357,0.007032956746406853
5937,0.006674930453300476,0.007031286605633795
5938,0.007572147995233536,0.00703531717415899
5939,0.007137482985854149,0.007031485852785409
5940,0.006941992789506912,0.007030517314560712
5941,0.006809325888752937,0.007029395452700555
5942,0.006901846267282963,0.00702622580807656
5943,0.006915917154401541,0.007021808996796608
5944,0.007090004161000252,0.007021071715280413
5945,0.006633335258811712,0.00701754427049309
5946,0.007012766785919666,0.007016521976329387
5947,0.007047166116535664,0.007014699452556669
5948,0.007177160121500492,0.007017325763590634
5949,0.006858876906335354,0.007017590273171663
5950,0.006796909496188164,0.00701641493011266
5951,0.007010403089225292,0.00701348960865289
5952,0.006728094536811113,0.007008820604532957
5953,0.006642558611929417,0.0070058784168213605
5954,0.006744082551449537,0.006997247315011918
5955,0.006321381311863661,0.0069883444160223004
5956,0.006698565557599068,0.006982375173829496
5957,0.006998696364462376,0.006977179949171841
5958,0.006667628884315491,0.006968303560279309
5959,0.006823173724114895,0.0069653206365182995
5960,0.00678739370778203,0.006963196350261569
5961,0.006689238362014294,0.006957389623858034
5962,0.007240509148687124,0.006958347437903285
5963,0.007032173685729504,0.0069585870439186695
5964,0.007123722694814205,0.00695850916672498
5965,0.006770731881260872,0.006953458241187036
5966,0.006704998668283224,0.006945612095296383
5967,0.006977058947086334,0.006942438115365803
5968,0.006864003371447325,0.006933177313767374
5969,0.007023613899946213,0.006933914851397276
5970,0.007153993938118219,0.006938367998227477
5971,0.006788802798837423,0.006927914717234671
5972,0.006632251664996147,0.006915257056243717
5973,0.006935789715498686,0.006908490164205432
5974,0.006753766909241676,0.0069069193117320534
5975,0.006958602461963892,0.006908163200132549
5976,0.007154006976634264,0.006907720882445574
5977,0.007003964856266975,0.006907180515117944
5978,0.006586437579244375,0.0069039075169712305
5979,0.006842261180281639,0.0069007651461288335
5980,0.006723481230437756,0.0069007586594671015
5981,0.0068929484114050865,0.00690027104690671
5982,0.006659599952399731,0.006897808602079749
5983,0.006845241878181696,0.0068975201854482296
5984,0.006913697347044945,0.006898522642441094
5985,0.006942415609955788,0.0068992458609864115
5986,0.007442802656441927,0.00690378628205508
5987,0.0069171469658613205,0.006899843714199961
5988,0.006992293056100607,0.006900383727625013
5989,0.007672666572034359,0.006908501689322293
5990,0.006645237095654011,0.006904833260923624
5991,0.006897827610373497,0.006908186050131917
5992,0.00689109368249774,0.006912691309116781
5993,0.007355350069701672,0.006916728620417416
5994,0.0066782147623598576,0.006912728552706539
5995,0.006929636001586914,0.006911624311469495
5996,0.006758495699614286,0.006912777717225253
5997,0.0068752518855035305,0.0069069295516237614
5998,0.006759144365787506,0.006903349873609841
5999,0.007303037215024233,0.006902850321494043
6000,0.006546672433614731,0.0068990446394309405
6001,0.0069284988567233086,0.006898114415816963
6002,0.006580401211977005,0.006893116966821254
6003,0.0071942443028092384,0.00689689623657614
6004,0.0066369688138365746,0.006896003657020628
6005,0.007000886835157871,0.006898723482154309
6006,0.006794544868171215,0.006897909757681191
6007,0.0069657559506595135,0.006896450836211443
6008,0.006914960220456123,0.006897458932362497
6009,0.006586694158613682,0.006891850209794939
6010,0.006946573965251446,0.006893895012326539
6011,0.006769739091396332,0.006890004859305918
6012,0.006631284486502409,0.006888954238966107
6013,0.006526668556034565,0.006883321180939674
6014,0.006931253708899021,0.006879399558529258
6015,0.00686287647113204,0.006880718539468944
6016,0.00675564631819725,0.006880636191926897
6017,0.0068313730880618095,0.006877315300516784
6018,0.006734432652592659,0.006875630780123174
6019,0.00635206513106823,0.006872448674403131
6020,0.006708519998937845,0.006873937766067683
6021,0.006972753442823887,0.006868674145080149
6022,0.006962894462049007,0.006870270469225943
6023,0.006956040393561125,0.006872840244323015
6024,0.006880778819322586,0.006871926449239254
6025,0.007042200304567814,0.0068718389328569175
6026,0.006644631735980511,0.0068700020108371975
6027,0.0070145949721336365,0.006870424160733819
6028,0.006663277745246887,0.006867728899233043
6029,0.007042195647954941,0.006869159997440874
6030,0.006901043467223644,0.0068690078239887955
6031,0.006719924509525299,0.006868489324115217
6032,0.007070782128721476,0.006874307156540454
6033,0.006592055782675743,0.006874808543361723
6034,0.007140841335058212,0.006876238132826984
6035,0.007091844454407692,0.006878963382914663
6036,0.0067799580283463,0.006879992298781872
6037,0.007444174960255623,0.006887684743851423
6038,0.006615747697651386,0.006878120740875602
6039,0.006567308679223061,0.006872418997809291
6040,0.006787486840039492,0.0068708739383146165
6041,0.007066947873681784,0.006873450158163905
6042,0.006953648291528225,0.006873968178406358
6043,0.006769980303943157,0.0068725088099017735
6044,0.006691750604659319,0.006868526274338364
6045,0.007096055895090103,0.006873153480701149
6046,0.006755177862942219,0.006870577591471374
6047,0.006828673183917999,0.006868392662145197
6048,0.006579896435141563,0.006862420025281608
6049,0.00696841673925519,0.006863515423610807
6050,0.006850274745374918,0.006864049076102674
6051,0.006924091372638941,0.00686318595893681
6052,0.0069871097803115845,0.006865776111371815
6053,0.006582887843251228,0.006865179403685033
6054,0.006821801885962486,0.006865956597030163
6055,0.006874346174299717,0.006871486245654523
6056,0.006955295335501432,0.006874053543433547
6057,0.006939719431102276,0.006873463774099946
6058,0.006414012983441353,0.006870927615091204
6059,0.00659130048006773,0.006868608882650733
6060,0.006870335899293423,0.006869438304565847
6061,0.006706123240292072,0.006869607153348624
6062,0.006652652285993099,0.006863728584721685
6063,0.007037999574095011,0.006863786843605339
6064,0.006838981993496418,0.006860939436592162
6065,0.006408136337995529,0.006857313481159508
6066,0.006915571168065071,0.006859419206157327
6067,0.00657807569950819,0.0068554293736815455
6068,0.006391042377799749,0.00685069976374507
6069,0.006959810853004456,0.006850061733275652
6070,0.006759759038686752,0.006846119384281337
6071,0.006891221739351749,0.00684714357368648
6072,0.006807857193052769,0.006848899628967047
6073,0.0067091467790305614,0.006846633199602365
6074,0.006985384505242109,0.006848949375562369
6075,0.0066511789336800575,0.0068458751402795314
6076,0.006742076016962528,0.006841755830682814
6077,0.00711855199187994,0.006842901702038944
6078,0.007036252412945032,0.006847399850375951
6079,0.006502404343336821,0.006844001282006502
6080,0.0068330103531479836,0.006845096573233605
6081,0.006669011898338795,0.006842857208102942
6082,0.006579631473869085,0.006842057523317635
6083,0.006489606574177742,0.006838501170277595
6084,0.006792319007217884,0.006837287386879325
6085,0.006684409454464912,0.0068347073253244165
6086,0.0065117767080664635,0.0068253970658406615
6087,0.006669239141047001,0.006822917987592519
6088,0.006422270089387894,0.006817217757925391
6089,0.006580046843737364,0.006806291560642421
6090,0.006539352238178253,0.006805232712067664
6091,0.0071644969284534454,0.006807899405248463
6092,0.006824158132076263,0.006807230049744249
6093,0.006631990894675255,0.006799996457993984
6094,0.006454806309193373,0.006797762373462319
6095,0.006760370917618275,0.006796069722622633
6096,0.007103517185896635,0.006799519937485457
6097,0.006447219755500555,0.006795239616185427
6098,0.006511352024972439,0.006792761692777276
6099,0.006755828857421875,0.006787289609201252
6100,0.0064713843166828156,0.0067865367280319335
6101,0.006489221937954426,0.0067821439588442445
6102,0.006771152839064598,0.00678405147511512
6103,0.007424766197800636,0.006786356694065034
6104,0.0067578889429569244,0.006787565895356238
6105,0.006732713896781206,0.006784884165972472
6106,0.006377144251018763,0.0067807101598009465
6107,0.006586276926100254,0.006776915369555354
6108,0.006927558220922947,0.0067770413495600226
6109,0.0065680937841534615,0.00677685534581542
6110,0.0066176303662359715,0.006773565909825265
6111,0.006542437709867954,0.006771292896009981
6112,0.006556994281709194,0.00677054999396205
6113,0.006669208873063326,0.006771975397132337
6114,0.0068813348188996315,0.006771476208232343
6115,0.006500742863863707,0.00676785487215966
6116,0.006748652085661888,0.0067677849298343066
6117,0.006568274460732937,0.006765153943561018
6118,0.006946285720914602,0.006767272474244237
6119,0.00644176360219717,0.0067681694589555265
6120,0.006406822241842747,0.006765152481384575
6121,0.006285643670707941,0.006758281383663416
6122,0.006666467525064945,0.006755317114293575
6123,0.0067348238080739975,0.006753104948438704
6124,0.006903459317982197,0.0067533317534253
6125,0.006521507166326046,0.006748124822042883
6126,0.006693429313600063,0.006748612797819078
6127,0.006589018739759922,0.0067443570354953405
6128,0.0067569962702691555,0.006745294220745563
6129,0.006688153836876154,0.006741753802634776
6130,0.00713469460606575,0.006744090314023197
6131,0.006899665109813213,0.006745887720026076
6132,0.006886893417686224,0.006744048832915723
6133,0.006557607091963291,0.006743704346008599
6134,0.006762837525457144,0.006739924307912588
6135,0.006494471803307533,0.006733950581401586
6136,0.006770371459424496,0.006733854715712369
6137,0.006425149738788605,0.006723664463497698
6138,0.006762607954442501,0.006725133066065609
6139,0.006675301119685173,0.006726212990470231
6140,0.006325826048851013,0.006721596382558346
6141,0.0064150020480155945,0.006715076924301684
6142,0.006603982299566269,0.006711580264382064
6143,0.006693709641695023,0.006710817557759583
6144,0.006500081159174442,0.006708900863304734
6145,0.006452502682805061,0.0067024653311818835
6146,0.0066204010508954525,0.006701117563061416
6147,0.006641997490078211,0.0066992508061230185
6148,0.006890603806823492,0.006702357879839837
6149,0.0067421868443489075,0.006700095580890774
6150,0.0065382253378629684,0.006696975086815655
6151,0.006493093445897102,0.006692665107548237
6152,0.006608875002712011,0.006688882759772241
6153,0.0066910916939377785,0.0066899647982791065
6154,0.0063942233100533485,0.006685689012520015
6155,0.006095351185649633,0.006677899062633514
6156,0.006430116482079029,0.0066726472740992904
6157,0.006439522840082645,0.006667645308189094
6158,0.006480312440544367,0.006668308302760124
6159,0.0065010604448616505,0.006667405902408064
6160,0.006919109262526035,0.00666789363604039
6161,0.00680677080526948,0.006668900111690163
6162,0.006742347963154316,0.006669797068461776
6163,0.006599674932658672,0.006665413822047412
6164,0.0063583943992853165,0.0066606079461053016
6165,0.006335323676466942,0.006659879819490015
6166,0.006744776852428913,0.006658171876333654
6167,0.006200173869729042,0.006654392858035862
6168,0.006495676934719086,0.0066554392036050555
6169,0.0067289602011442184,0.006653130697086454
6170,0.006689285859465599,0.006652425965294242
6171,0.00660129077732563,0.006649526655673981
6172,0.0064829085022211075,0.006646277168765664
6173,0.006635597441345453,0.006645541675388813
6174,0.006348181515932083,0.006639169645495713
6175,0.006783773191273212,0.006640495588071644
6176,0.006796433590352535,0.006641039163805544
6177,0.006759781390428543,0.006637451457791031
6178,0.006352217402309179,0.006630611107684672
6179,0.006883367896080017,0.006634420743212104
6180,0.006559385918080807,0.006631684498861432
6181,0.006626359187066555,0.00663125797174871
6182,0.006647748872637749,0.006631939145736396
6183,0.007084381766617298,0.006637886897660792
6184,0.006766698323190212,0.006637630690820515
6185,0.0061324117705225945,0.006632110713981092
6186,0.006715924479067326,0.0066341521916911
6187,0.006474561057984829,0.006632205410860479
6188,0.006546724122017622,0.0066334499511867765
6189,0.006687444634735584,0.0066345239290967585
6190,0.006643919739872217,0.006635569604113698
6191,0.006300435401499271,0.0066269289888441565
6192,0.006852147169411182,0.006627208879217505
6193,0.006797731388360262,0.006628866284154355
6194,0.006517145782709122,0.006629489678889513
6195,0.006135909352451563,0.006623245063237846
6196,0.006530569866299629,0.006617515590041876
6197,0.006420600228011608,0.006617249394766986
6198,0.006853047758340836,0.0066206663521006705
6199,0.006578188389539719,0.006618889947421849
6200,0.006455815862864256,0.006618734262883663
6201,0.006579902954399586,0.006619641073048115
6202,0.006697927601635456,0.006618908820673824
6203,0.0069256615824997425,0.006613917774520814
6204,0.006816791836172342,0.006614506803452968
6205,0.006731265224516392,0.00661449231673032
6206,0.006592093035578728,0.00661664180457592
6207,0.006908245384693146,0.006619861489161849
6208,0.007176565006375313,0.0066223515570163725
6209,0.006886752787977457,0.006625538147054613
6210,0.006723298691213131,0.006626594830304384
6211,0.006466553080826998,0.0066258359840139745
6212,0.006643034517765045,0.0066266963863745336
6213,0.006896994076669216,0.006628974238410592
6214,0.006414597854018211,0.006624306868761778
6215,0.0065321046859025955,0.006624620486982167
6216,0.0064083971083164215,0.006621217937208712
6217,0.006295506376773119,0.006618490256369114
6218,0.0063860416412353516,0.006612887815572321
6219,0.006800375878810883,0.0066164739383384585
6220,0.006722370628267527,0.006619629422202706
6221,0.0067743416875600815,0.006624516402371228
6222,0.006497163325548172,0.00662282336037606
6223,0.006835527252405882,0.006623830394819379
6224,0.00636796560138464,0.006618475457653403
6225,0.00673885690048337,0.006620648954994976
6226,0.006425004452466965,0.006617964706383646
6227,0.006238000467419624,0.006614454523660242
6228,0.006503990851342678,0.006611924469470978
6229,0.006270056124776602,0.006607743492349982
6230,0.006485735531896353,0.0066012539016082885
6231,0.006503539625555277,0.006597292646765709
6232,0.006722291465848684,0.006595646627247333
6233,0.006640475243330002,0.006596475308761
6234,0.0066460371017456055,0.006595307304523885
6235,0.006221256218850613,0.006592575148679316
6236,0.00659860810264945,0.006590857515111566
6237,0.0063182394951581955,0.006589788412675261
6238,0.006577542517334223,0.0065879377583041784
6239,0.006653105840086937,0.006587715805508197
6240,0.006123998202383518,0.006585697527043521
6241,0.006335918325930834,0.0065849066898226736
6242,0.006445486098527908,0.00658332172781229
6243,0.006487429141998291,0.006581258922815323
6244,0.006074687000364065,0.006577004981227219
6245,0.006568663287907839,0.006578166587278247
6246,0.0066108908504247665,0.00657807148527354
6247,0.006395675241947174,0.00657560826279223
6248,0.006466073915362358,0.006571362963877618
6249,0.006475501228123903,0.0065686961077153685
6250,0.00646218191832304,0.006567935673519969
6251,0.006218884140253067,0.006565193580463528
6252,0.006438780575990677,0.006563492636196315
6253,0.006569426506757736,0.0065622759843245145
6254,0.006366213317960501,0.006561995884403586
6255,0.006542505696415901,0.006566467429511249
6256,0.0065609728917479515,0.006567775993607939
6257,0.00634961761534214,0.006566876941360533
6258,0.006376509554684162,0.006565838912501931
6259,0.0062673864886164665,0.006563502172939479
6260,0.006291981786489487,0.006557230898179114
6261,0.006732772570103407,0.006556490915827453
6262,0.006428181659430265,0.006553349252790212
6263,0.006468324456363916,0.0065520357480272655
6264,0.0063099972903728485,0.006551551776938141
6265,0.006660365499556065,0.006554802195169031
6266,0.0067413123324513435,0.006554767549969256
6267,0.006394425872713327,0.006556710069999099
6268,0.00663185678422451,0.006558071868494153
6269,0.0068152789026498795,0.006558935055509209
6270,0.006173395086079836,0.006553776147775352
6271,0.006415192969143391,0.006551915169693529
6272,0.006145469378679991,0.0065485407784581185
6273,0.006514708045870066,0.006547331884503365
6274,0.00639136228710413,0.0065477636922150854
6275,0.006528944242745638,0.00654521540272981
6276,0.006766043603420258,0.006544911502860486
6277,0.006418077740818262,0.006541494466364384
6278,0.006859094835817814,0.00654656324069947
6279,0.006580280140042305,0.006543532363139093
6280,0.006276980042457581,0.006540708304382861
6281,0.0065213716588914394,0.006539658429101109
6282,0.0068524302914738655,0.00654170524328947
6283,0.0068036289885640144,0.006538897715508938
6284,0.006433605216443539,0.0065355667844414714
6285,0.0063112108036875725,0.006537354774773121
6286,0.006502531934529543,0.006535220849327743
6287,0.00646838778629899,0.006535159116610885
6288,0.006930470932275057,0.006538996584713459
6289,0.006369042210280895,0.006535812560468912
6290,0.006173166912049055,0.00653110503219068
6291,0.006414681673049927,0.006532247494906187
6292,0.006555404979735613,0.006529280073009431
6293,0.006752277724444866,0.0065288255363702774
6294,0.006669121794402599,0.006530345296487212
6295,0.0061479173600673676,0.00653046537656337
6296,0.0062225209549069405,0.006527384887449444
6297,0.006616799160838127,0.006529346876777709
6298,0.006619083695113659,0.006527007236145437
6299,0.006681797094643116,0.00652804332319647
6300,0.00615744898095727,0.006525059654377401
6301,0.006867534480988979,0.006527935969643295
6302,0.007073534186929464,0.006531692035496235
6303,0.006442212965339422,0.006526857549324631
6304,0.006511438637971878,0.006523804017342627
6305,0.006257913075387478,0.0065190704958513375
6306,0.006276587024331093,0.006515915435738861
6307,0.006345053669065237,0.006510283518582583
6308,0.006679025944322348,0.006505308127962053
6309,0.006284620612859726,0.006499286806210876
6310,0.006250663194805384,0.006494560451246798
6311,0.006650787778198719,0.006496402798220515
6312,0.006310474127531052,0.006493077194318175
6313,0.006216937676072121,0.006486276630312204
6314,0.006391766481101513,0.006486048316583037
6315,0.006607165560126305,0.006486798925325274
6316,0.006437274627387524,0.006487087700515985
6317,0.006407641805708408,0.006488209054805338
6318,0.006579598877578974,0.006490144627168775
6319,0.006410728208720684,0.0064862481504678726
6320,0.006224688608199358,0.006481271330267191
6321,0.00618901289999485,0.006475418042391538
6322,0.006331844255328178,0.006473764851689339
6323,0.00626042764633894,0.006468013855628669
6324,0.00615692138671875,0.00646590341348201
6325,0.006359596736729145,0.0064621108118444685
6326,0.0062442501075565815,0.006460303268395365
6327,0.0061575258150696754,0.0064594985218718644
6328,0.006629785522818565,0.006460756468586623
6329,0.006240903399884701,0.006460464941337705
6330,0.006338837090879679,0.006458995956927538
6331,0.006254282779991627,0.006456503388471901
6332,0.006548415869474411,0.006454764632508159
6333,0.006218909285962582,0.006450548972934484
6334,0.006396414712071419,0.0064480527490377425
6335,0.006701586302369833,0.006452856049872935
6336,0.006340662017464638,0.006450276589021087
6337,0.0066099343821406364,0.006453193537890911
6338,0.006389779504388571,0.0064513159077614545
6339,0.00656898831948638,0.006450474732555449
6340,0.006346669513732195,0.006452701445668936
6341,0.006200877949595451,0.006451351041905582
6342,0.006284981034696102,0.006449745991267264
6343,0.006516622845083475,0.006450037928298116
6344,0.006104814819991589,0.006450339206494391
6345,0.006388173438608646,0.006448534308001399
6346,0.006343481130897999,0.0064458602108061315
6347,0.006701317615807056,0.00644891663454473
6348,0.00621972419321537,0.00644645313732326
6349,0.006436116062104702,0.006446059285663068
6350,0.006543817929923534,0.006446875645779073
6351,0.006376252043992281,0.006448449324816466
6352,0.006393441930413246,0.006447995938360691
6353,0.006462376099079847,0.006446925434283912
6354,0.006357782520353794,0.006446841126307845
6355,0.006365145090967417,0.00644506752025336
6356,0.006601822096854448,0.006445476012304425
6357,0.006329953670501709,0.006445279372856021
6358,0.006030941382050514,0.006441823691129684
6359,0.006473753601312637,0.006443887362256646
6360,0.007121236529201269,0.006452179909683764
6361,0.006525848992168903,0.006450110673904419
6362,0.006431926973164082,0.0064501481270417575
6363,0.006651461590081453,0.006451979498378933
6364,0.0062663923017680645,0.006451543448492885
6365,0.006384002044796944,0.006448779813945293
6366,0.006294254679232836,0.006444309237413109
6367,0.006154680158942938,0.006441911780275405
6368,0.006329377181828022,0.0064388869842514395
6369,0.006120291538536549,0.006431937110610306
6370,0.0064531778916716576,0.006434734938666225
6371,0.006407208275049925,0.00643465509172529
6372,0.005919380113482475,0.006432394199073314
6373,0.0060864947736263275,0.006428112066350878
6374,0.006288180127739906,0.006427080244757235
6375,0.0063261669129133224,0.0064250524714589115
6376,0.006357637234032154,0.006420968407765031
6377,0.006556173786520958,0.006422349368222058
6378,0.006700226105749607,0.006420760680921376
6379,0.0066284798085689545,0.006421242677606642
6380,0.006156185641884804,0.006420034733600914
6381,0.006893831770867109,0.0064237593347206716
6382,0.006123489234596491,0.0064164699241518975
6383,0.006673444528132677,0.006415168079547584
6384,0.00654490664601326,0.0064162810938432815
6385,0.006247001234441996,0.006415638998150825
6386,0.006098189391195774,0.006411595572717488
6387,0.006396321579813957,0.006410874910652637
6388,0.006584673188626766,0.0064074169332161545
6389,0.006169803440570831,0.006405424545519054
6390,0.006227009929716587,0.006405962975695729
6391,0.006669461727142334,0.006408510776236653
6392,0.006392497103661299,0.00640688169747591
6393,0.006361659616231918,0.006402975516393781
6394,0.006558367982506752,0.006401867978274823
6395,0.006274653598666191,0.00640313534066081
6396,0.006393751595169306,0.006404847647063434
6397,0.006342849228531122,0.006402108147740364
6398,0.006534281186759472,0.006401260122656822
6399,0.0065553681924939156,0.00639999583363533
6400,0.006366192828863859,0.006402083272114396
6401,0.0065958318300545216,0.006399366245605051
6402,0.007023282814770937,0.0063988637318834665
6403,0.006373529322445393,0.006398176895454526
6404,0.006396431475877762,0.006397026823833585
6405,0.006346848793327808,0.0063979161810129885
6406,0.006631141062825918,0.006401461721397936
6407,0.0062430077232420444,0.006400441261939704
6408,0.006114528514444828,0.00639479628764093
6409,0.006438396871089935,0.006396334050223231
6410,0.006319268606603146,0.006397020104341209
6411,0.006649069022387266,0.0063970029167830945
6412,0.006254947744309902,0.006396447652950883
6413,0.006214573979377747,0.006396424015983939
6414,0.006225775461643934,0.006394764105789363
6415,0.006003173068165779,0.0063887241808697585
6416,0.006159009877592325,0.006385941533371806
6417,0.006401614751666784,0.00638588126283139
6418,0.006476082373410463,0.006384846097789705
6419,0.006382430903613567,0.006384563124738634
6420,0.006289398297667503,0.006385210221633315
6421,0.0059663476422429085,0.006382983569055796
6422,0.006194205489009619,0.00638160718139261
6423,0.0061605884693562984,0.006380608789622783
6424,0.006352651864290237,0.006382566094398499
6425,0.006230479571968317,0.006381274922750891
6426,0.006328660994768143,0.006382119031623006
6427,0.006851030047982931,0.006389054073952139
6428,0.006125394720584154,0.006384010165929794
6429,0.0064744288101792336,0.006386345420032739
6430,0.006097088567912579,0.0063839279348030685
6431,0.006377162411808968,0.006385156731121242
6432,0.00620631780475378,0.006381735750474036
6433,0.0062580406665802,0.006382127064280212
6434,0.006168137304484844,0.006379844290204346
6435,0.0061970422975718975,0.006374798850156366
6436,0.005986158736050129,0.006371253817342222
6437,0.0061836205422878265,0.006366990678943693
6438,0.0062139942310750484,0.0063652328262105585
6439,0.006314692087471485,0.006362689863890409
6440,0.006216047797352076,0.006361383646726608
6441,0.006313123274594545,0.0063625060999765995
6442,0.006267190910875797,0.006362328198738396
6443,0.00611184723675251,0.006358280442655086
6444,0.006138117052614689,0.006358613464981317
6445,0.006653135642409325,0.006361263087019325
6446,0.00632885005325079,0.006361116776242852
6447,0.006391138304024935,0.006358014983125031
6448,0.006299250293523073,0.006358810244128108
6449,0.006300152279436588,0.006357450606301427
6450,0.006205590441823006,0.0063540683314204215
6451,0.006559598725289106,0.00635590179823339
6452,0.006592100951820612,0.006357888388447463
6453,0.006121198646724224,0.006354476613923907
6454,0.006545814219862223,0.006356356930918992
6455,0.006280221976339817,0.006355507699772715
6456,0.006052074022591114,0.006350010219030082
6457,0.006603469140827656,0.006352745373733342
6458,0.006312799174338579,0.006355563951656222
6459,0.006157027557492256,0.006352396691218018
6460,0.006237640976905823,0.006343560735695064
6461,0.005997607484459877,0.006338278320617974
6462,0.0062706368044018745,0.006336665418930351
6463,0.006109227892011404,0.006331243081949651
6464,0.006135869305580854,0.006329937851987779
6465,0.006156721152365208,0.006327665043063462
6466,0.006252354010939598,0.00632724603638053
6467,0.006216465495526791,0.006327863889746368
6468,0.006189902313053608,0.0063264691410586235
6469,0.006493125110864639,0.006330197476781905
6470,0.006105408072471619,0.006326719778589904
6471,0.006305917631834745,0.006325706872157753
6472,0.006461301352828741,0.006331126084551215
6473,0.006128731183707714,0.006331548448652029
6474,0.006712078582495451,0.0063357874331995846
6475,0.006085310131311417,0.006333378865383566
6476,0.00588603038340807,0.006328662796877324
6477,0.006550338119268417,0.0063286044402047995
6478,0.006507509853690863,0.006326677277684212
6479,0.00632636621594429,0.006323656141757965
6480,0.006542478688061237,0.0063275190722197295
6481,0.006161842495203018,0.006320199179463089
6482,0.0061128586530685425,0.006320092873647809
6483,0.006498779635876417,0.006318346224725246
6484,0.006371174938976765,0.006316608907654881
6485,0.006091020070016384,0.006315049096010625
6486,0.006562143564224243,0.00631968863774091
6487,0.006273466162383556,0.0063184600835666065
6488,0.006365371868014336,0.006316267070360482
6489,0.006307321600615978,0.006317642251960933
6490,0.0059034875594079494,0.006314407028257847
6491,0.006320880725979805,0.006310921218246221
6492,0.006156862247735262,0.006308564869686961
6493,0.0061193713918328285,0.006306141987442971
6494,0.006177699193358421,0.006302335299551487
6495,0.0061782728880643845,0.006301371492445469
6496,0.006156311836093664,0.006298997094854712
6497,0.006462491117417812,0.00630019351374358
6498,0.0065875728614628315,0.006300726430490613
6499,0.006439255550503731,0.006299565304070711
6500,0.006148871965706348,0.006297392095439136
6501,0.006828436627984047,0.006299718143418431
6502,0.00640141312032938,0.006293499446474016
6503,0.0068727945908904076,0.0062984920991584654
6504,0.006397339515388012,0.006298501179553568
6505,0.006373255047947168,0.006298765242099762
6506,0.006563722155988216,0.006298091053031385
6507,0.006747879087924957,0.006303139766678214
6508,0.006550008896738291,0.006307494570501148
6509,0.006377872079610825,0.006306889322586357
6510,0.0062853069975972176,0.006306549706496298
6511,0.0059455158188939095,0.006299514174461365
6512,0.006193258799612522,0.006298897285014391
6513,0.006310760043561459,0.006299859145656228
6514,0.0063544888980686665,0.006301146280020475
6515,0.006217719987034798,0.006303291749209166
6516,0.006131748203188181,0.006303019132465124
6517,0.006408608052879572,0.006303089065477252
6518,0.00603474210947752,0.006298675662837923
6519,0.00592577550560236,0.006294109108857811
6520,0.0062159523367881775,0.006293374649249017
6521,0.00652630440890789,0.0062989742169156674
6522,0.006165614817291498,0.006298688310198486
6523,0.006288956385105848,0.006299971989355981
6524,0.005964699201285839,0.006296092462725937
6525,0.006273537874221802,0.006296523045748472
6526,0.006517660804092884,0.006298413043841719
6527,0.006277909968048334,0.006292681843042373
6528,0.006164293736219406,0.006293070833198727
6529,0.005976573098450899,0.006288092276081443
6530,0.00624709902331233,0.00628959238063544
6531,0.006083766929805279,0.006286658425815403
6532,0.0060539101250469685,0.0062851343490183354
6533,0.0061100865714251995,0.006283654808066785
6534,0.005924514960497618,0.006281218584626913
6535,0.006222711876034737,0.006281475280411541
6536,0.0064235953614115715,0.006285849646665156
6537,0.0061328355222940445,0.006285341796465218
6538,0.006572234444320202,0.00628892419859767
6539,0.006058392580598593,0.006286361203528941
6540,0.00618921360000968,0.006286092861555517
6541,0.006091904826462269,0.006283880677074194
6542,0.006065657362341881,0.006281865341588855
6543,0.006257783621549606,0.006283324705436826
6544,0.006139617413282394,0.0062833397090435025
6545,0.007300202269107103,0.0062898103753104805
6546,0.006380182225257158,0.006290323697030544
6547,0.006417513359338045,0.006290587447583675
6548,0.00611860491335392,0.006288780993781984
6549,0.0060230884701013565,0.006286010355688631
6550,0.005980907008051872,0.00628376352135092
6551,0.0062087299302220345,0.00628025483340025
6552,0.005894097499549389,0.006273274798877538
6553,0.0063155582174658775,0.006275218394584954
6554,0.006308119278401136,0.006272841445170343
6555,0.00611826591193676,0.006271221884526312
6556,0.006244351156055927,0.006273144655860961
6557,0.006148195825517178,0.006268591922707856
6558,0.005996807478368282,0.006265432005748152
6559,0.006093879230320454,0.006264800522476435
6560,0.00624716654419899,0.0062648957781493665
6561,0.006142349448055029,0.006266343197785318
6562,0.006208055652678013,0.00626571738626808
6563,0.0061665866523981094,0.0062662909738719465
6564,0.00633658654987812,0.006268298146314919
6565,0.006369885057210922,0.006270429785363376
6566,0.006235000677406788,0.006270256252028048
6567,0.006501158699393272,0.006273103184066713
6568,0.005883971229195595,0.0062700438732281325
6569,0.0060554612427949905,0.006265667234547436
6570,0.006015005521476269,0.006264763209037483
6571,0.006216606590896845,0.0062638700986281035
6572,0.006389418616890907,0.006263151271268725
6573,0.006152769550681114,0.0062633916549384595
6574,0.006220686715096235,0.006258477736264467
6575,0.00602716114372015,0.006257896246388554
6576,0.006648357957601547,0.00626551952213049
6577,0.007010632660239935,0.006270122467540205
6578,0.006303621456027031,0.006268083583563566
6579,0.006239405367523432,0.006267213975079357
6580,0.0063133323565125465,0.006264922511763871
6581,0.006325649097561836,0.0062665605777874585
6582,0.006079615093767643,0.00626622814219445
6583,0.0064079649746418,0.006265319995582104
6584,0.006160525605082512,0.006263213502243161
6585,0.00611781794577837,0.006263481481000781
6586,0.006124958395957947,0.006259109629318118
6587,0.0062737977132201195,0.006259112944826483
6588,0.005929930135607719,0.006254758527502418
6589,0.006542367860674858,0.0062571089901030065
6590,0.005830291658639908,0.0062563770310953256
6591,0.00595414824783802,0.006252709706313908
6592,0.006091742310672998,0.0062520585069432855
6593,0.006037568207830191,0.006251240475103259
6594,0.006278436630964279,0.0062522478494793175
6595,0.005905811209231615,0.00624952323269099
6596,0.006286535412073135,0.006250825468450785
6597,0.006066020578145981,0.006246860763058066
6598,0.0061749485321342945,0.006242734519764781
6599,0.0062412358820438385,0.006240754323080182
6600,0.005964403972029686,0.006238909643143415
6601,0.006387559697031975,0.006234500873833895
6602,0.006151895504444838,0.006232005697675049
6603,0.006018612068146467,0.00622346387244761
6604,0.006012202240526676,0.006219612499698997
6605,0.006211094092577696,0.006217990890145302
6606,0.005985225085169077,0.006212205919437111
6607,0.006017545238137245,0.006204902580939233
6608,0.005945058539509773,0.006198853077366948
6609,0.005988382268697023,0.00619495817925781
6610,0.006121077574789524,0.006193315885029733
6611,0.006145099643617868,0.006195311723276972
6612,0.006308356299996376,0.0061964626982808114
6613,0.006219177506864071,0.006195546872913837
6614,0.005797212477773428,0.006189974108710885
6615,0.006393004674464464,0.006191726955585182
6616,0.006090514361858368,0.006191314617171884
6617,0.005963372997939587,0.006186862266622484
6618,0.0060491194017231464,0.00618700603954494
6619,0.006564231123775244,0.0061933905957266685
6620,0.005992427468299866,0.006191155347041785
6621,0.006252738647162914,0.006188419689424336
6622,0.006183472461998463,0.006188598265871406
6623,0.006342779844999313,0.00618913650047034
6624,0.005854911170899868,0.0061880386201664805
6625,0.005920908879488707,0.006184512330219149
6626,0.006058256141841412,0.006179918283596635
6627,0.006251483224332333,0.0061796540161594745
6628,0.006325411610305309,0.006181265194900334
6629,0.006054848898202181,0.006182047952897847
6630,0.0062005845829844475,0.006181582808494568
6631,0.005998351611196995,0.006180728655308485
6632,0.005917447619140148,0.006179364030249417
6633,0.00644308514893055,0.006182694016024471
6634,0.005850679706782103,0.006181955663487315
6635,0.006038880906999111,0.006180117353796959
6636,0.0059592463076114655,0.006175473863258958
6637,0.006210136227309704,0.0061762468703091145
6638,0.006417110562324524,0.006174695631489158
6639,0.006011707708239555,0.006174228782765567
6640,0.0059241605922579765,0.006171578252688051
6641,0.0062511516734957695,0.006173170721158385
6642,0.006188105791807175,0.006174395205453038
6643,0.006627189926803112,0.006178089268505573
6644,0.005900966003537178,0.006175702754408121
6645,0.006423035636544228,0.006166931088082492
6646,0.006005294620990753,0.006163182212039828
6647,0.006218849681317806,0.006161195575259626
6648,0.005905088037252426,0.006159060406498611
6649,0.006125850602984428,0.006160088027827442
6650,0.0063496981747448444,0.006163775939494371
6651,0.0058953771367669106,0.00616064241155982
6652,0.00598483718931675,0.006161549808457494
6653,0.006135178729891777,0.006159746013581753
6654,0.0060610356740653515,0.006157275177538395
6655,0.005673413164913654,0.0061528266500681635
6656,0.005998622626066208,0.006150369364768267
6657,0.006129988469183445,0.00615018729120493
6658,0.006151349283754826,0.006151732709258795
6659,0.006071491166949272,0.006151508828625083
6660,0.006276693660765886,0.006151804099790752
6661,0.006040374282747507,0.006150784348137677
6662,0.006149544380605221,0.006150199235416948
6663,0.005925672594457865,0.006147790094837546
6664,0.00601340364664793,0.006144558265805245
6665,0.005858458578586578,0.006139444001019001
6666,0.005923411808907986,0.006136328112334013
6667,0.006123632658272982,0.00613255285192281
6668,0.006061083637177944,0.006134323976002633
6669,0.006910363212227821,0.006142872995696962
6670,0.005851382855325937,0.006141236769035458
6671,0.006220047362148762,0.006141271176747978
6672,0.005965305957943201,0.0061370300501585005
6673,0.006171056069433689,0.006137212915346027
6674,0.00607101246714592,0.0061357161728665234
6675,0.0063575319945812225,0.006139019881375134
6676,0.006346934475004673,0.006136005646549165
6677,0.0063213324174284935,0.006129112644121051
6678,0.005935770459473133,0.006125434134155512
6679,0.005971092730760574,0.006122751007787883
6680,0.006007895804941654,0.006119696642272175
6681,0.006240267306566238,0.0061188428243622184
6682,0.006250825710594654,0.006120554930530489
6683,0.006062563043087721,0.0061171009112149476
6684,0.0060562994331121445,0.006116058649495244
6685,0.005873418413102627,0.006113614654168487
6686,0.006295410916209221,0.006115319179370999
6687,0.005816252902150154,0.0061107437312603
6688,0.006269085220992565,0.006114135282114148
6689,0.0063173347152769566,0.006111884950660169
6690,0.005907068960368633,0.006112652723677456
6691,0.006017516832798719,0.006113286409527063
6692,0.005992251913994551,0.006112291505560279
6693,0.00587646197527647,0.006110680443234742
6694,0.006044610403478146,0.00610834218095988
6695,0.005801782011985779,0.006107301888987422
6696,0.006088656838983297,0.006105323103256523
6697,0.005984955467283726,0.006104512452147901
6698,0.00643325736746192,0.0061070955405011776
6699,0.005970176309347153,0.00610438494477421
6700,0.0062115085311234,0.006106855990365148
6701,0.005989859811961651,0.006102878991514444
6702,0.005952254869043827,0.006100882585160434
6703,0.006215384230017662,0.006102850306779146
6704,0.00649501197040081,0.0061076784040778875
6705,0.0060373940505087376,0.006105941403657198
6706,0.006380072794854641,0.006109889880754053
6707,0.006407310254871845,0.0061137875309214
6708,0.006244763731956482,0.006116784582845866
6709,0.006450112909078598,0.006121401889249683
6710,0.006168730556964874,0.006121878419071436
6711,0.005866015329957008,0.006119087575934827
6712,0.0059411656111478806,0.0061154156690463425
6713,0.005854814313352108,0.006111772037111223
6714,0.006608258467167616,0.0061198824970051646
6715,0.00594671256840229,0.0061154195759445425
6716,0.0063262805342674255,0.0061177772376686335
6717,0.0058220792561769485,0.006116364300251007
6718,0.0063479021191596985,0.006119352127425373
6719,0.006053960882127285,0.006114249425008893
6720,0.0060373032465577126,0.006114698182791471
6721,0.006028163246810436,0.006112452428787947
6722,0.006127827800810337,0.006111895982176065
6723,0.006023496389389038,0.006108703147619962
6724,0.006058242172002792,0.0061107364576309916
6725,0.005940861068665981,0.006110935979522765
6726,0.006437320727854967,0.0061147266253829
6727,0.0059548234567046165,0.006111760027706623
6728,0.006252462975680828,0.006111030541360378
6729,0.006293683312833309,0.0061134188855066895
6730,0.005958896595984697,0.006111002005636692
6731,0.005875728093087673,0.006109775770455599
6732,0.006082484498620033,0.006111426139250397
6733,0.006127275060862303,0.006108268038369715
6734,0.005852790549397469,0.006108289146795869
6735,0.005926754791289568,0.006107167885638773
6736,0.005918506998568773,0.006106760492548347
6737,0.0062535665929317474,0.006107194796204567
6738,0.005960066802799702,0.0061026243586093185
6739,0.0060011534951627254,0.00610251881647855
6740,0.005681172013282776,0.006100088930688799
6741,0.005897556431591511,0.006096552978269756
6742,0.005955638363957405,0.0060942283039912585
6743,0.006074588745832443,0.006088702292181551
6744,0.006067609880119562,0.006090368730947375
6745,0.005759084597229958,0.006083729220554232
6746,0.005919518880546093,0.006082871463149786
6747,0.005885566584765911,0.006079538632184267
6748,0.0061135804280638695,0.006081623556092382
6749,0.005875126924365759,0.006079116319306195
6750,0.0059638554230332375,0.006075257891789079
6751,0.0058298674412071705,0.006074602794833481
6752,0.006021197885274887,0.006074966401793063
6753,0.006200435571372509,0.00607561897020787
6754,0.005975191947072744,0.006074760532937944
6755,0.006565718911588192,0.006083683590404689
6756,0.006158174015581608,0.006085279104299843
6757,0.0061423699371516705,0.0060854029189795255
6758,0.005928747821599245,0.00608317690435797
6759,0.006178929936140776,0.006084251292049885
6760,0.006124425679445267,0.006082728612236679
6761,0.005541318096220493,0.0060777380503714085
6762,0.005797026213258505,0.0060742128686979415
6763,0.006048453040421009,0.006075440673157573
6764,0.005824367515742779,0.0060735503118485214
6765,0.005797813646495342,0.006072943862527609
6766,0.0061132763512432575,0.006074842507950961
6767,0.005858040414750576,0.006072186585515738
6768,0.005799020640552044,0.006069565955549479
6769,0.006325830239802599,0.006063720625825227
6770,0.005912667606025934,0.006064333473332227
6771,0.005971210077404976,0.006061845100484789
6772,0.005856637842953205,0.006060758419334888
6773,0.006174562498927116,0.006060793483629823
6774,0.005838093347847462,0.006058464292436838
6775,0.005763617344200611,0.006052525145933032
6776,0.0058884210884571075,0.006047940012067556
6777,0.006313644349575043,0.006047863131389022
6778,0.006074017845094204,0.006049245605245232
6779,0.006082470528781414,0.006050359383225441
6780,0.006142895668745041,0.006051709381863475
6781,0.0061396583914756775,0.00605070329271257
6782,0.006193660665303469,0.006050131642259657
6783,0.0060216207057237625,0.006049722218886017
6784,0.006303365342319012,0.006052192877978087
6785,0.005747522693127394,0.006050933920778334
6786,0.006014982704073191,0.006048129638656974
6787,0.005901295691728592,0.006048980066552758
6788,0.005947560537606478,0.006045764819718897
6789,0.005976797081530094,0.0060423594433814285
6790,0.006244130432605743,0.0060457300581038
6791,0.005891167093068361,0.006044466560706496
6792,0.006163320504128933,0.00604617724660784
6793,0.006333165802061558,0.006050744284875691
6794,0.005762329790741205,0.006047921478748322
6795,0.00601780042052269,0.00605008166283369
6796,0.00598178431391716,0.006049012937583029
6797,0.005834863055497408,0.006047512013465166
6798,0.005777660757303238,0.006040956047363579
6799,0.006006064359098673,0.006041314927861094
6800,0.006131486501544714,0.006040514707565308
6801,0.006357565522193909,0.00604419176466763
6802,0.005692062433809042,0.006041589840315283
6803,0.0057127876207232475,0.006036563874222339
6804,0.006022893823683262,0.006031842692755163
6805,0.006335447542369366,0.006034823227673769
6806,0.0059173014014959335,0.006030195513740182
6807,0.006069282069802284,0.006026815231889486
6808,0.00606437586247921,0.006025011353194713
6809,0.006165092345327139,0.006022161147557199
6810,0.005807419307529926,0.00601854803506285
6811,0.006033833138644695,0.006020226213149726
6812,0.006354375276714563,0.006024358309805394
6813,0.005775227677077055,0.0060235624434426425
6814,0.006093435920774937,0.0060184142179787155
6815,0.005896217655390501,0.006017909268848598
6816,0.006296271458268166,0.006017609178088606
6817,0.005960829555988312,0.006018996681086719
6818,0.005988055374473333,0.006015398213639856
6819,0.005599937867373228,0.006010857983492315
6820,0.005811294540762901,0.006008597896434367
6821,0.005863714497536421,0.006006953408941627
6822,0.005975579842925072,0.006005430929362774
6823,0.005723936483263969,0.0060024353303015235
6824,0.005737380124628544,0.005999226709827781
6825,0.00585811585187912,0.005998399257659912
6826,0.005984865128993988,0.005993874701671302
6827,0.005592801608145237,0.005990254483185709
6828,0.0060172416269779205,0.00598790226969868
6829,0.006301451474428177,0.005987979951314628
6830,0.005743958987295628,0.005985830575227737
6831,0.005824618507176638,0.0059853194793686275
6832,0.0060980720445513725,0.00598547535482794
6833,0.006082409061491489,0.005985026694834233
6834,0.005989113822579384,0.005986389927566052
6835,0.005945147946476936,0.0059865738591179255
6836,0.005852808710187674,0.005985916876234114
6837,0.005966131575405598,0.005983042526058853
6838,0.005846203304827213,0.005981903891079127
6839,0.005651816725730896,0.005978410523384809
6840,0.005705779418349266,0.005978656597435474
6841,0.005576146766543388,0.005975442500784993
6842,0.005753591191023588,0.005973422029055655
6843,0.005664277821779251,0.005969318919815123
6844,0.005882060155272484,0.005967463422566652
6845,0.005690080113708973,0.005966773377731442
6846,0.0058374106884002686,0.005965952295809984
6847,0.006225202232599258,0.005969348652288317
6848,0.005816930439323187,0.005966382152400911
6849,0.005707425065338612,0.0059647051338106395
6850,0.006049989722669125,0.005965566476806999
6851,0.006068827118724585,0.005967956073582172
6852,0.006180992815643549,0.005969554022885859
6853,0.006086581852287054,0.0059684154856950045
6854,0.005814477801322937,0.005966808344237506
6855,0.0060411738231778145,0.005961562893353403
6856,0.005607279483228922,0.005956053948029876
6857,0.005958197172731161,0.005954212220385671
6858,0.006286880932748318,0.005957793551497162
6859,0.005929364822804928,0.005955297900363803
6860,0.006121121812611818,0.0059552648616954685
6861,0.0059294793754816055,0.005959146474488079
6862,0.005852046888321638,0.005959696681238711
6863,0.006206886377185583,0.005961281014606357
6864,0.005802020896226168,0.00596105754841119
6865,0.005978601519018412,0.005962865427136421
6866,0.006119720637798309,0.005962929870001972
6867,0.005853377282619476,0.005962883238680661
6868,0.006115344353020191,0.005966046475805342
6869,0.006174969486892223,0.005964537868276238
6870,0.005965810269117355,0.0059650692949071524
6871,0.005855067633092403,0.005963907870464027
6872,0.0058416686952114105,0.005963758178986609
6873,0.005679726600646973,0.005958809820003808
6874,0.006104236468672752,0.00596147125121206
6875,0.005915570072829723,0.005962990778498351
6876,0.006231597159057856,0.005966422539204359
6877,0.00574564840644598,0.005960742579773069
6878,0.005957772023975849,0.005959580121561885
6879,0.0057548703625798225,0.005956304119899869
6880,0.006083508022129536,0.005955710243433714
6881,0.005662611685693264,0.0059509397763758895
6882,0.005706125870347023,0.005946064428426326
6883,0.005926667712628841,0.005945114898495376
6884,0.006025369744747877,0.005942334942519664
6885,0.0063130976632237434,0.005947990692220628
6886,0.006000814028084278,0.005947849005460739
6887,0.005993630737066269,0.005948772355914116
6888,0.006009418051689863,0.00594939093105495
6889,0.005680915899574757,0.0059464321192353965
6890,0.006100951693952084,0.00594500033184886
6891,0.0056923748925328255,0.005943012409843505
6892,0.005874513648450375,0.005940124341286719
6893,0.005645970348268747,0.005933252386748791
6894,0.005892069078981876,0.005934549779631197
6895,0.00578917795792222,0.005932263555005193
6896,0.005926431156694889,0.00593171002343297
6897,0.0058806720189750195,0.005932168113067746
6898,0.005660689435899258,0.005930998399853706
6899,0.005816555581986904,0.005929103312082589
6900,0.0056410497054457664,0.005924198944121599
6901,0.005927685648202896,0.005919900145381689
6902,0.005697735585272312,0.005919956876896322
6903,0.005855589173734188,0.005921384892426431
6904,0.00617117527872324,0.005922867706976831
6905,0.005918193608522415,0.005918695167638361
6906,0.005931418389081955,0.005918836337514222
6907,0.005915001966059208,0.005917293536476791
6908,0.00614997697994113,0.0059181495476514105
6909,0.005621997639536858,0.005912718600593507
6910,0.005742102395743132,0.005912065431475639
6911,0.005651853047311306,0.005908245630562306
6912,0.00571909174323082,0.005901892795227468
6913,0.005686876364052296,0.00590100928209722
6914,0.005782711319625378,0.005897902036085725
6915,0.005740431137382984,0.005896344170905649
6916,0.005873244721442461,0.0058921139035373925
6917,0.0056900400668382645,0.005889406008645892
6918,0.006018948741257191,0.00588971494231373
6919,0.005640950053930283,0.005890125064179301
6920,0.005845343694090843,0.005890465555712581
6921,0.005855942144989967,0.0058903878321871165
6922,0.006349735427647829,0.005894129388034344
6923,0.006078336387872696,0.005897673387080431
6924,0.006217112299054861,0.005902470708824694
6925,0.006202289834618568,0.005905912448652089
6926,0.005641796626150608,0.005902481763623655
6927,0.0056648761965334415,0.005903202509507537
6928,0.005857941694557667,0.005901609510183334
6929,0.006049110554158688,0.005899086100980639
6930,0.00557109247893095,0.005897357435896993
6931,0.006179913878440857,0.005900910389609635
6932,0.005694633349776268,0.005896876002661883
6933,0.00579578522592783,0.005894009764306247
6934,0.006044100038707256,0.005894559626467526
6935,0.00611305795609951,0.005896238726563752
6936,0.0059503051452338696,0.005897213690914214
6937,0.005779084749519825,0.005895343222655356
6938,0.0061891330406069756,0.005898772520013153
6939,0.005911805666983128,0.005901372409425676
6940,0.005878909025341272,0.005903103705495596
6941,0.005844316445291042,0.0059057854022830725
6942,0.005779776722192764,0.005906047257594764
6943,0.0055532306432724,0.0059049367858096955
6944,0.005606559105217457,0.005902181775309145
6945,0.006142312195152044,0.005906704096123577
6946,0.0061433566734194756,0.005909763555973768
6947,0.00617019459605217,0.0059092134796082975
6948,0.005820682737976313,0.005909251002594829
6949,0.005638836417347193,0.005908565116114915
6950,0.005865057464689016,0.005906715793535113
6951,0.005988056771457195,0.00590590809006244
6952,0.005925698205828667,0.005903355143964291
6953,0.005889375694096088,0.005901383082382381
6954,0.005681058391928673,0.005900048888288438
6955,0.005657922942191362,0.005896216379478574
6956,0.0055964672937989235,0.005896108257584274
6957,0.005686371587216854,0.005893390001729131
6958,0.005872929468750954,0.005889250487089157
6959,0.005746554583311081,0.005887422384694219
6960,0.005567766726016998,0.00588188883382827
6961,0.005930581130087376,0.005881899851374328
6962,0.00591827929019928,0.005882562175393105
6963,0.005706398747861385,0.005877557299099862
6964,0.005628019571304321,0.005875817285850644
6965,0.0058881198056042194,0.005874912468716503
6966,0.005713270977139473,0.005870847972109914
6967,0.005842285230755806,0.005870737051591277
6968,0.00611964100971818,0.005870780018158257
6969,0.00598672591149807,0.005868897582404315
6970,0.005819592624902725,0.005867435405962169
6971,0.005516999401152134,0.005864054723642767
6972,0.005625531077384949,0.005861893347464502
6973,0.005804828368127346,0.005863144365139306
6974,0.006132304668426514,0.005863425047136843
6975,0.0056887730024755,0.005861157076433301
6976,0.005996118299663067,0.005858802287839353
6977,0.00570101011544466,0.00585835590492934
6978,0.005853361450135708,0.005857311799190939
6979,0.0060356054455041885,0.0058601191500201825
6980,0.005957131274044514,0.005858855382539332
6981,0.0056257788091897964,0.005858487053774297
6982,0.005735824815928936,0.005858784043230116
6983,0.005855236202478409,0.005858069728128612
6984,0.006049111485481262,0.005858307145535946
6985,0.005822646431624889,0.005853402633219957
6986,0.005995770916342735,0.005853352202102542
6987,0.005778765305876732,0.005851203547790646
6988,0.0055841486901044846,0.005846950854174793
6989,0.006215809844434261,0.0058522997936233875
6990,0.00573920551687479,0.005848682331852615
6991,0.006060290150344372,0.00585236148443073
6992,0.006229471415281296,0.0058559110620990396
6993,0.006010483950376511,0.005859556198120117
6994,0.006002914626151323,0.0058606646535918116
6995,0.005597245879471302,0.005858745332807303
6996,0.0056619830429553986,0.005856100851669908
6997,0.005524233914911747,0.0058525364706292745
6998,0.005543489009141922,0.005851364466361701
6999,0.0056396774016320705,0.005849595684558153
7000,0.005613178480416536,0.005849316972307861
7001,0.006083095911890268,0.005850871074944735
7002,0.005751457996666431,0.005851408299058676
7003,0.0057585956528782845,0.005850438363850117
7004,0.00630424078553915,0.0058517690189182755
7005,0.005617564544081688,0.005848762728273869
7006,0.006023573223501444,0.0058496842766180635
7007,0.005955767352133989,0.005850091930478811
7008,0.005807863548398018,0.00584667079616338
7009,0.005681436043232679,0.005847265180200338
7010,0.0056216176599264145,0.0058460603328421715
7011,0.005996138788759708,0.005849503190256655
7012,0.005809611640870571,0.0058504083892330526
7013,0.00559105584397912,0.005849450184032321
7014,0.0057670981623232365,0.0058492940524593
7015,0.005754661746323109,0.005849436358548701
7016,0.005988004617393017,0.005850583957508207
7017,0.005519398953765631,0.00584887754637748
7018,0.005923089571297169,0.00584791895467788
7019,0.005952370818704367,0.00585103316232562
7020,0.005780036561191082,0.005850380090996623
7021,0.005389391910284758,0.005845714588649571
7022,0.005835819058120251,0.0058405754249542955
7023,0.005705717951059341,0.005836849240586162
7024,0.005564664490520954,0.0058303247625008225
7025,0.0056012216955423355,0.00582431408111006
7026,0.005905910860747099,0.005826955223456025
7027,0.005969837307929993,0.005830004834569991
7028,0.005710718687623739,0.005828532604500652
7029,0.005653400905430317,0.005824575508013368
7030,0.005632152780890465,0.005825186111032963
7031,0.0063020773231983185,0.005826407745480537
7032,0.005634210538119078,0.005825803517363965
7033,0.005868180654942989,0.005826527471654117
7034,0.005544745363295078,0.005821533924899995
7035,0.0057596322149038315,0.005817999667488039
7036,0.005891978275030851,0.005817416398786008
7037,0.005857325159013271,0.005818198802880942
7038,0.005768094677478075,0.005813988419249654
7039,0.005673029460012913,0.005811600657179952
7040,0.005570035427808762,0.005808511921204626
7041,0.0056844670325517654,0.005806913427077234
7042,0.005809254478663206,0.005807208204641938
7043,0.005676224362105131,0.005808438141830265
7044,0.005759319290518761,0.005809965743683278
7045,0.0056329225189983845,0.005804871846921742
7046,0.005464780144393444,0.005798086081631482
7047,0.0058050150983035564,0.005794434286653996
7048,0.00576532818377018,0.005793880741111934
7049,0.0058539509773254395,0.005796031886711716
7050,0.00563385896384716,0.005793719901703298
7051,0.005759678781032562,0.005791436121799051
7052,0.005899891257286072,0.005791178052313626
7053,0.0057738847099244595,0.005790023142471909
7054,0.005711054429411888,0.0057903231028467415
7055,0.005398786626756191,0.00578773173969239
7056,0.0057744188234210014,0.005789511254988611
7057,0.005801052786409855,0.005790658066980541
7058,0.005836968310177326,0.0057902984553948045
7059,0.005712616257369518,0.005789959072135389
7060,0.00561911053955555,0.005790472510270774
7061,0.0054951319471001625,0.005786118018440902
7062,0.005484886467456818,0.005781784090213477
7063,0.006118650548160076,0.0057859066082164646
7064,0.005507127847522497,0.005784697690978646
7065,0.006005914881825447,0.005785875641740859
7066,0.006208154372870922,0.005790824475698173
7067,0.00580244418233633,0.005790426065213978
7068,0.006101759150624275,0.005790247246623039
7069,0.005964456591755152,0.00579002455342561
7070,0.005863378755748272,0.005790462414734065
7071,0.005712367594242096,0.005792416096664965
7072,0.005776525475084782,0.005793926040641963
7073,0.0058122240006923676,0.005793999996967614
7074,0.005676980130374432,0.005789446751587093
7075,0.005352897569537163,0.005786087997257709
7076,0.005711119621992111,0.005783238010481
7077,0.005701681599020958,0.005783244725316763
7078,0.006112503819167614,0.005785836149007082
7079,0.005774480756372213,0.005783224902115762
7080,0.005339251831173897,0.005777046107687056
7081,0.005712184589356184,0.00577791016548872
7082,0.0055636572651565075,0.005776188489980996
7083,0.005888576619327068,0.0057765218941494825
7084,0.0058964695781469345,0.005774995475076139
7085,0.0055903103202581406,0.005772672113962472
7086,0.00538724334910512,0.005766586838290095
7087,0.005623346194624901,0.005765032647177577
7088,0.005527835339307785,0.00576446951366961
7089,0.0055025178007781506,0.005757336593233049
7090,0.005798487924039364,0.0057579294173046944
7091,0.005636264570057392,0.005753689161501825
7092,0.005659617483615875,0.00574799062218517
7093,0.0056640286929905415,0.005744526069611311
7094,0.0056946976110339165,0.005741443899460137
7095,0.005784216336905956,0.005743313604034484
7096,0.005470310337841511,0.005741396876983345
7097,0.005267852917313576,0.005738833067007363
7098,0.005582796409726143,0.005739226141013205
7099,0.005696267355233431,0.005739792040549219
7100,0.005732178688049316,0.005740982042625547
7101,0.0054864222183823586,0.005735015305690467
7102,0.0055217863991856575,0.0057327185897156595
7103,0.005555327516049147,0.005730685908347368
7104,0.005886164493858814,0.005726505145430565
7105,0.005599132739007473,0.005726320827379823
7106,0.005666524637490511,0.005722750341519713
7107,0.005885114893317223,0.005722043816931545
7108,0.005273777525871992,0.005716702956706285
7109,0.005833046045154333,0.005718219056725502
7110,0.0056809792295098305,0.005718812672421336
7111,0.0054922522976994514,0.005713773807510734
7112,0.00564243458211422,0.00571210203692317
7113,0.005899448413401842,0.0057151859626173975
7114,0.005736419931054115,0.005714879180304706
7115,0.005607428029179573,0.0057134068431332705
7116,0.005752416793256998,0.005711050964891911
7117,0.005384696647524834,0.005709703941829502
7118,0.005966904107481241,0.005710142087191343
7119,0.0054949442856013775,0.005705567821860313
7120,0.005779408849775791,0.00570556154474616
7121,0.005541193298995495,0.005707079558633268
7122,0.005620685871690512,0.0057049282267689705
7123,0.005629190243780613,0.005704162949696183
7124,0.0059209647588431835,0.005707725952379406
7125,0.005436761770397425,0.0057060813531279566
7126,0.005544974468648434,0.0057024719892069696
7127,0.0055366214364767075,0.005698139830492437
7128,0.00541394017636776,0.005695172045379877
7129,0.005475644022226334,0.005693394476547837
7130,0.0058212969452142715,0.005695285918191076
7131,0.005714603699743748,0.00568941118195653
7132,0.005648191086947918,0.0056895509874448184
7133,0.00526334997266531,0.005683502680622041
7134,0.005270352587103844,0.005680758752860129
7135,0.005435628350824118,0.005677518714219332
7136,0.0055426256731152534,0.005674025188200176
7137,0.005478560458868742,0.005670237541198731
7138,0.005492365453392267,0.0056674802489578725
7139,0.005377124063670635,0.00566452119499445
7140,0.005433280020952225,0.005663153640925884
7141,0.005582686513662338,0.00566213583573699
7142,0.005742830224335194,0.00566147159319371
7143,0.005863259546458721,0.005663341945037246
7144,0.0058630602434277534,0.005664379354566335
7145,0.005512457340955734,0.005663174702785909
7146,0.0056838770397007465,0.0056653656717389825
7147,0.005768876522779465,0.005665004285983741
7148,0.005938846617937088,0.00566673947032541
7149,0.005684839561581612,0.0056650483561679725
7150,0.00633303401991725,0.005672040106728673
7151,0.005554064176976681,0.005669983960688114
7152,0.005454310216009617,0.00566552815027535
7153,0.0054093701764941216,0.005661883004941046
7154,0.0057968152686953545,0.0056627406133338805
7155,0.005721042398363352,0.005665963171049952
7156,0.005393085535615683,0.005662149838171899
7157,0.005787631031125784,0.005662015620619059
7158,0.005688464269042015,0.005660530580207705
7159,0.005828384310007095,0.005661688260734082
7160,0.005582146812230349,0.005661318623460829
7161,0.0055345408618450165,0.005661712712608278
7162,0.005861696787178516,0.005665480815805495
7163,0.005721440538764,0.005661508715711534
7164,0.005490260664373636,0.005661340043880045
7165,0.005535519681870937,0.0056566360918805
7166,0.005508877336978912,0.00564964332152158
7167,0.005625526420772076,0.005647874143905937
7168,0.005618507042527199,0.005643041622824967
7169,0.005472822114825249,0.005638125278055668
7170,0.005333647597581148,0.005632827966473996
7171,0.005322767421603203,0.0056289319647476075
7172,0.005935529246926308,0.005630522002466023
7173,0.0053286803886294365,0.005625686566345394
7174,0.00556262768805027,0.0056245430419221525
7175,0.005588488653302193,0.0056268989527598024
7176,0.005789074115455151,0.005627678497694433
7177,0.005666516721248627,0.00562732684891671
7178,0.00556063000112772,0.005621808110736311
7179,0.005465306341648102,0.005618716366589069
7180,0.005573600996285677,0.0056210598582401875
7181,0.005651739425957203,0.005620455406606197
7182,0.005549173802137375,0.005620310571976006
7183,0.005611749365925789,0.0056175422994419934
7184,0.0054582045413553715,0.005613159649074078
7185,0.005640804301947355,0.00561366458889097
7186,0.006001437082886696,0.005619806526228785
7187,0.005338056944310665,0.005616953633725643
7188,0.005571805872023106,0.005617393339052796
7189,0.005639596376568079,0.005618764124810696
7190,0.005581807345151901,0.005616597319021821
7191,0.005815776530653238,0.00561839243862778
7192,0.005519526079297066,0.005616991524584591
7193,0.005356715992093086,0.005613918397575617
7194,0.005598532035946846,0.005612956741824746
7195,0.005677257664501667,0.005611887155100703
7196,0.005656481720507145,0.00561374886892736
7197,0.005440954118967056,0.005615479880943895
7198,0.006041469983756542,0.0056200666166841984
7199,0.00582114839926362,0.005621315427124501
7200,0.005605929996818304,0.00562005294021219
7201,0.005439144093543291,0.0056195801589637995
7202,0.005479290150105953,0.005619155196473003
7203,0.005553632974624634,0.005619138251058757
7204,0.005762193351984024,0.005617898539640009
7205,0.005677288863807917,0.005618680100888014
7206,0.005649758502840996,0.005618512439541519
7207,0.005693879909813404,0.00561660008970648
7208,0.006200611591339111,0.005625868430361152
7209,0.005465186201035976,0.005622189831919968
7210,0.005642015486955643,0.005621800194494426
7211,0.00550450012087822,0.005621922672726214
7212,0.00558048952370882,0.00562130322214216
7213,0.005779165308922529,0.005620100391097367
7214,0.0054587069898843765,0.005617323261685669
7215,0.005582576151937246,0.005617074742913246
7216,0.005469144321978092,0.005614242018200457
7217,0.005531452130526304,0.005615709573030472
7218,0.005741494707763195,0.005613455479033291
7219,0.005415924824774265,0.00561266528442502
7220,0.005329309497028589,0.005608164290897548
7221,0.0058805132284760475,0.005611557490192353
7222,0.005432208999991417,0.0056096727214753625
7223,0.005305248312652111,0.005606433302164078
7224,0.005497239530086517,0.005602196049876511
7225,0.005323742516338825,0.005601065857335925
7226,0.005450828466564417,0.005600124397315085
7227,0.005735875107347965,0.005602116934023797
7228,0.0056351409293711185,0.005604328941553831
7229,0.005450922064483166,0.005604081721976399
7230,0.005383111536502838,0.005599699867889285
7231,0.005668284371495247,0.0055992366746068
7232,0.0059228939935564995,0.005601983703672886
7233,0.0057046134024858475,0.005606396337971092
7234,0.005519097205251455,0.005608883784152568
7235,0.005640306510031223,0.005610930565744639
7236,0.005832633934915066,0.005613830648362636
7237,0.0056192921474576,0.0056152379652485256
7238,0.005485459230840206,0.005615168903023005
7239,0.005597029812633991,0.005617367960512638
7240,0.00558291282504797,0.005618864288553595
7241,0.0056173671036958694,0.005619211094453931
7242,0.0057904599234461784,0.00561968739144504
7243,0.005407494958490133,0.005615129745565355
7244,0.005494238808751106,0.005611441531218588
7245,0.00559474341571331,0.005612264391966164
7246,0.005358740221709013,0.005609013023786247
7247,0.005329681560397148,0.005604621074162423
7248,0.0055052749812603,0.005600285357795656
7249,0.0056966738775372505,0.005600403700955212
7250,0.005695180036127567,0.0055940251611173155
7251,0.005536962300539017,0.005593854142352939
7252,0.005423541646450758,0.00559354645665735
7253,0.005542679689824581,0.0055948795517906545
7254,0.005505050532519817,0.005591961904428899
7255,0.005214255303144455,0.00558689403347671
7256,0.005615175701677799,0.005589114935137331
7257,0.0056597208604216576,0.00558783583343029
7258,0.005567475687712431,0.005586625947616994
7259,0.00567547045648098,0.005585096809081733
7260,0.0054455529898405075,0.005583730870857835
7261,0.005768742877990007,0.0055860728910192845
7262,0.005398760549724102,0.005581443528644741
7263,0.005644560791552067,0.0055806747311726215
7264,0.005854535847902298,0.005584317483007908
7265,0.005678634159266949,0.005585748627781868
7266,0.005316475871950388,0.005583824613131583
7267,0.005477285012602806,0.00558234219904989
7268,0.005369483958929777,0.0055798519682139155
7269,0.005467994604259729,0.00557980369310826
7270,0.005469125229865313,0.005581158469431103
7271,0.00562978396192193,0.005584228634834289
7272,0.00554193090647459,0.005580292651429773
7273,0.005513747222721577,0.005582143319770694
7274,0.005427123978734016,0.005580788282677531
7275,0.005515463650226593,0.005580058032646776
7276,0.00532283540815115,0.0055753956455737354
7277,0.0055164555087685585,0.005573895033448934
7278,0.0057368287816643715,0.005575657021254301
7279,0.005276559852063656,0.005573769556358457
7280,0.005755303427577019,0.00557558658067137
7281,0.0054488405585289,0.005573557591997087
7282,0.005550692789256573,0.005573572781868279
7283,0.005340879783034325,0.005570864086039364
7284,0.005078570917248726,0.005567067749798298
7285,0.005508146248757839,0.005565741169266403
7286,0.00539492629468441,0.00555967606138438
7287,0.005583545658737421,0.005562130948528647
7288,0.005343813449144363,0.00555985102429986
7289,0.005371168255805969,0.005557166743092239
7290,0.0053259339183568954,0.0055546080088242885
7291,0.0058160629123449326,0.005554610872641206
7292,0.005511234514415264,0.005554527956992388
7293,0.005487659014761448,0.005555837387219071
7294,0.005428326316177845,0.005554135330021382
7295,0.005345122888684273,0.005550813982263207
7296,0.005436654202640057,0.0055486157070845366
7297,0.005589526612311602,0.005550101432017982
7298,0.005457314662635326,0.00554425987880677
7299,0.005530643276870251,0.0055413548275828365
7300,0.00535195367410779,0.005538815064355731
7301,0.005850113462656736,0.005542924758046865
7302,0.005386265926063061,0.005541994515806436
7303,0.005667742807418108,0.005543135614134371
7304,0.005432142876088619,0.0055398351093754175
7305,0.005411865655332804,0.005537180877290666
7306,0.005584429949522018,0.005536527591757477
7307,0.005298481322824955,0.005532573605887592
7308,0.005347053986042738,0.005524038029834628
7309,0.005689861252903938,0.005526284780353307
7310,0.005451493430882692,0.005524379559792578
7311,0.005629938095808029,0.005525633939541876
7312,0.005725637078285217,0.005527085415087641
7313,0.005149441305547953,0.0055207881750538946
7314,0.005490426439791918,0.00552110536955297
7315,0.005706642754375935,0.005522346035577357
7316,0.00574822723865509,0.005525136864744127
7317,0.005307544954121113,0.0055228977929800745
7318,0.005747060291469097,0.005522953448817134
7319,0.005394372623413801,0.0055227379268035295
7320,0.005380172282457352,0.005523246554657817
7321,0.005417586769908667,0.005518617290072143
7322,0.005387105979025364,0.005518166259862483
7323,0.005603608675301075,0.0055211498634889725
7324,0.005219257902354002,0.005518370047211647
7325,0.005662860814481974,0.005521761230193078
7326,0.0053521692752838135,0.005520774638280272
7327,0.00527066458016634,0.005516122533008456
7328,0.005339562892913818,0.005513166752643883
7329,0.0055920518934726715,0.005514578050933778
7330,0.005386688746511936,0.005514613823033869
7331,0.005318911746144295,0.005511120096780359
7332,0.005342650227248669,0.005505317659117282
7333,0.005255421623587608,0.005500825741328299
7334,0.005605197045952082,0.0055016867397353056
7335,0.005844887346029282,0.005503732548095286
7336,0.005874825641512871,0.005504154465161264
7337,0.005423387978225946,0.005502195423468947
7338,0.005800048355013132,0.005505341314710676
7339,0.005518318619579077,0.005504554202780128
7340,0.005405589006841183,0.00550278096459806
7341,0.005220430437475443,0.0054988115979358555
7342,0.005204182118177414,0.0054929488198831675
7343,0.005385908298194408,0.00549273295328021
7344,0.005452373996376991,0.005492314305156469
7345,0.0052571045234799385,0.005488937916234136
7346,0.005298415198922157,0.005488334666006267
7347,0.005312045104801655,0.0054881583014503126
7348,0.005673096515238285,0.005489836516790092
7349,0.0055262185633182526,0.005488131963647902
7350,0.005448393523693085,0.005485664098523557
7351,0.005758151412010193,0.005487875989638269
7352,0.005206820089370012,0.005485708774067462
7353,0.005426062736660242,0.005484542604535818
7354,0.005404851399362087,0.005483540613204241
7355,0.005402532406151295,0.005485423384234309
7356,0.005461297929286957,0.0054838846065104006
7357,0.005305850878357887,0.005480345906689763
7358,0.0053437682799994946,0.005478108832612634
7359,0.005318333860486746,0.005474537466652691
7360,0.005412250757217407,0.00547420444432646
7361,0.005653561092913151,0.005473052626475692
7362,0.005626186728477478,0.005475326888263226
7363,0.005281104706227779,0.005471692327409983
7364,0.005748249590396881,0.005470629464834929
7365,0.005599867552518845,0.005469841798767448
7366,0.005631841719150543,0.005472995457239449
7367,0.005480708554387093,0.005473029692657292
7368,0.00566349970176816,0.005475969850085676
7369,0.005422207526862621,0.005475511979311704
7370,0.0054198880679905415,0.005475019607692957
7371,0.005321299657225609,0.005471934764645994
7372,0.005578869953751564,0.005472304155118763
7373,0.005282717756927013,0.005469993860460817
7374,0.005238063633441925,0.005468103257007897
7375,0.005449590273201466,0.005467444523237646
7376,0.005503916181623936,0.005469255330972374
7377,0.005306638777256012,0.005467157163657248
7378,0.00570522528141737,0.005466841128654778
7379,0.005398043897002935,0.0054680559691041705
7380,0.0055564409121870995,0.005466067343950272
7381,0.005505536682903767,0.00546663430519402
7382,0.005731714889407158,0.005468444526195526
7383,0.0055018225684762,0.005470053954049945
7384,0.005453767254948616,0.005473805917426943
7385,0.005404279101639986,0.005472767245955765
7386,0.005227584391832352,0.005471093826927244
7387,0.005474316421896219,0.0054700015345588325
7388,0.005326732061803341,0.005469830720685422
7389,0.0052457405254244804,0.005468576443381608
7390,0.0054200999438762665,0.005469518103636801
7391,0.005655033979564905,0.005467907814309001
7392,0.0052140988409519196,0.005464936457574367
7393,0.005552690476179123,0.005465586772188545
7394,0.005407361313700676,0.005465377122163773
7395,0.005417645443230867,0.005466102347709239
7396,0.005328817293047905,0.005465023978613317
7397,0.005577689968049526,0.005464905612170696
7398,0.005525695625692606,0.005465589421801269
7399,0.00559411384165287,0.005466224127449095
7400,0.005487321875989437,0.0054675778094679115
7401,0.005009442567825317,0.0054591711005195975
7402,0.005391178652644157,0.0054592202277854085
7403,0.005276407115161419,0.005455306870862842
7404,0.005357570946216583,0.005454561151564122
7405,0.00558256171643734,0.005456268112175167
7406,0.005218218080699444,0.005452605993486941
7407,0.005473960191011429,0.0054543607821688055
7408,0.00621758121997118,0.00546306605450809
7409,0.005493537522852421,0.005461102817207575
7410,0.005262029357254505,0.0054592081764712926
7411,0.005162918008863926,0.005454537975601852
7412,0.00543855968862772,0.005451667201705277
7413,0.005486150272190571,0.005455034291371703
7414,0.005331218708306551,0.00545344221405685
7415,0.005476439371705055,0.005451140180230141
7416,0.0055136242881417274,0.005448794150725007
7417,0.005487521179020405,0.005450593912974
7418,0.0054409801959991455,0.0054475331120193
7419,0.005547341424971819,0.0054490628000348805
7420,0.005472998134791851,0.0054499910585582255
7421,0.005651039537042379,0.005452325586229562
7422,0.00529096182435751,0.005451364144682884
7423,0.0053476011380553246,0.005448804069310427
7424,0.005333922803401947,0.0054499507183209065
7425,0.005612468346953392,0.005449446793645621
7426,0.005511134397238493,0.0054510364448651675
7427,0.005432832054793835,0.005452658119611442
7428,0.005289430730044842,0.0054521567979827525
7429,0.005132575519382954,0.005447562034241855
7430,0.005109068937599659,0.005444785836152733
7431,0.005223150365054607,0.005443828222341835
7432,0.005004496313631535,0.005440446683205664
7433,0.005131509620696306,0.0054392075631767515
7434,0.005372539162635803,0.005436880984343588
7435,0.005276597570627928,0.005431198086589575
7436,0.005492168478667736,0.0054273715149611235
7437,0.005391196347773075,0.0054270495986565945
7438,0.005401972681283951,0.005423068841919303
7439,0.0056425463408231735,0.005424311119131744
7440,0.005127314478158951,0.005421528373844921
7441,0.00519941933453083,0.005421318262815476
7442,0.005252000875771046,0.005421796450391412
7443,0.005324542988091707,0.005421182797290385
7444,0.005296857096254826,0.0054196276282891635
7445,0.0052519566379487514,0.005419576149433851
7446,0.005170177202671766,0.005418293769471347
7447,0.00535683985799551,0.005418741717003286
7448,0.005637581925839186,0.005418386571109295
7449,0.005490557290613651,0.005418029958382249
7450,0.005436211824417114,0.0054179081413894895
7451,0.005310359410941601,0.005413430221378804
7452,0.005436429753899574,0.005415726318024099
7453,0.005399034358561039,0.0054154560342431065
7454,0.005440359003841877,0.005415811110287905
7455,0.005255725234746933,0.005414343038573861
7456,0.005794353783130646,0.005417673597112298
7457,0.005535947158932686,0.005419974559918046
7458,0.005281225778162479,0.005419349134899676
7459,0.005324944853782654,0.0054194152448326345
7460,0.005432503763586283,0.005419617774896324
7461,0.005277291871607304,0.005415855082683265
7462,0.005367116071283817,0.005413264376111329
7463,0.0054085212759673595,0.005414538541808725
7464,0.005274409428238869,0.005409800140187144
7465,0.005777210928499699,0.005411573573946953
7466,0.005681319627910852,0.0054120683530345555
7467,0.00564818549901247,0.00541374312248081
7468,0.005456392653286457,0.005411672051995993
7469,0.005287701729685068,0.005410326994024217
7470,0.005496979225426912,0.005411097905598581
7471,0.005320975556969643,0.005411094664596021
7472,0.0049859918653965,0.00540516588371247
7473,0.005309657193720341,0.005405435278080403
7474,0.0052561573684215546,0.0054056162154302
7475,0.005249053239822388,0.005403610845096409
7476,0.0054009826853871346,0.005402581510134041
7477,0.005225527100265026,0.005401770393364131
7478,0.0050939819775521755,0.00539565796032548
7479,0.005334191024303436,0.005395019431598484
7480,0.005521161016076803,0.005394666632637382
7481,0.005007868632674217,0.005389689952135086
7482,0.005387688986957073,0.0053862496931105855
7483,0.005407149903476238,0.005385302966460586
7484,0.005464069079607725,0.005385405984707176
7485,0.005498542916029692,0.005386348622851074
7486,0.0053087989799678326,0.005387160768732429
7487,0.005452332552522421,0.005386940930038691
7488,0.005220850929617882,0.005385882118716836
7489,0.005296323448419571,0.0053863879479467865
7490,0.005152578465640545,0.00538371273316443
7491,0.00531109981238842,0.005380273391492665
7492,0.00538581982254982,0.005381990601308644
7493,0.005823338404297829,0.005384697080589831
7494,0.005336485803127289,0.005383988325484097
7495,0.0053432537242770195,0.0053832444082945585
7496,0.0053702108561992645,0.005383658343926072
7497,0.005212061107158661,0.005380002055317163
7498,0.005542690400034189,0.0053801720030605795
7499,0.005725333001464605,0.005381484194658697
7500,0.0054461536929011345,0.005381072512827814
7501,0.005182182416319847,0.0053827999113127585
7502,0.005415307357907295,0.00538304119836539
7503,0.005323728546500206,0.005383514412678778
7504,0.005408580414950848,0.005384024507366121
7505,0.005323465447872877,0.005381433544680476
7506,0.005253875628113747,0.005381790120154619
7507,0.005250140558928251,0.005379551923833787
7508,0.005566994659602642,0.005373046058230102
7509,0.00523172365501523,0.00537042791955173
7510,0.005395484156906605,0.005371762467548251
7511,0.005072102881968021,0.005370854316279292
7512,0.00530360359698534,0.005369504755362868
7513,0.005240143276751041,0.005367044685408473
7514,0.005376685876399279,0.0053674993570894
7515,0.005209172144532204,0.005364826684817672
7516,0.0051233237609267235,0.0053609236795455215
7517,0.005408205091953278,0.005360130518674851
7518,0.005666332319378853,0.005362384039908647
7519,0.005223914049565792,0.005359149766154587
7520,0.005529714748263359,0.005359716932289303
7521,0.005348252598196268,0.005356689062900841
7522,0.005702843889594078,0.005360807883553207
7523,0.005294631700962782,0.005360278189182281
7524,0.005002741236239672,0.0053569663735106585
7525,0.00503233727067709,0.005351165062747896
7526,0.005452804267406464,0.005350581761449575
7527,0.005145584233105183,0.005347709283232689
7528,0.005338514223694801,0.005348200118169189
7529,0.005300974007695913,0.0053498841030523185
7530,0.0051378486678004265,0.005350171900354326
7531,0.005566289648413658,0.005353603293187916
7532,0.005119371227920055,0.005354752042330801
7533,0.005578160285949707,0.005359218548983335
7534,0.005611485335975885,0.005361608010716736
7535,0.005058637820184231,0.0053594284132123
7536,0.005152357742190361,0.005356030305847526
7537,0.00516162533313036,0.0053537345957010984
7538,0.005036846734583378,0.005350083336234093
7539,0.005220890045166016,0.005345866773277521
7540,0.005486293695867062,0.005349456565454602
7541,0.005260441452264786,0.0053500667866319416
7542,0.005341844167560339,0.005350965219549835
7543,0.005425005219876766,0.005351969841867686
7544,0.005123377777636051,0.005350235048681497
7545,0.005050658248364925,0.005348222064785659
7546,0.005338569171726704,0.005349905984476208
7547,0.005281942896544933,0.005349157014861703
7548,0.005495269317179918,0.00534773388877511
7549,0.005263654049485922,0.005345464856363833
7550,0.005252949893474579,0.005343632237054407
7551,0.0053493911400437355,0.005344022554345429
7552,0.005108332261443138,0.005340741579420865
7553,0.005624666810035706,0.005342997903935612
7554,0.0052283043041825294,0.005340877356939017
7555,0.00515349954366684,0.005339855100028217
7556,0.0055199190974235535,0.005337110753171146
7557,0.005294108763337135,0.005334692369215191
7558,0.005192621611058712,0.005333806327544152
7559,0.00525715621188283,0.005333128441125154
7560,0.005236119497567415,0.005331164598464966
7561,0.005147300660610199,0.005329864686354995
7562,0.00530962273478508,0.005329289752990007
7563,0.005052691325545311,0.005325731453485787
7564,0.005183817818760872,0.005324825537391007
7565,0.0055491020902991295,0.005322544449009001
7566,0.005249058362096548,0.005318221836350858
7567,0.0053725047037005424,0.005315465028397739
7568,0.005267772823572159,0.005313578830100596
7569,0.0049822768196463585,0.0053105245810002085
7570,0.005628160201013088,0.00531183639075607
7571,0.005305605009198189,0.0053116826852783565
7572,0.005043345503509045,0.005312256221659481
7573,0.005197626538574696,0.005311135915108025
7574,0.005247472319751978,0.005311049064621329
7575,0.005098368506878614,0.0053095422172918915
7576,0.00573773542419076,0.005312909744679928
7577,0.0053067454136908054,0.005313721927814185
7578,0.004928840324282646,0.005312070511281491
7579,0.005163801833987236,0.0053103666193783285
7580,0.005521138198673725,0.005310366391204298
7581,0.005282369442284107,0.005313111399300396
7582,0.005073631182312965,0.005309970821253955
7583,0.005491930991411209,0.005310818632133305
7584,0.005143051967024803,0.005307608461007476
7585,0.0052165016531944275,0.005304788048379123
7586,0.005598744377493858,0.005307687502354383
7587,0.005341915413737297,0.005306583330966532
7588,0.005294844973832369,0.005307323271408677
7589,0.005427629686892033,0.005308636333793402
7590,0.005068785976618528,0.005307798408903181
7591,0.005218855105340481,0.005306875961832702
7592,0.005204867571592331,0.005305066439323127
7593,0.005295657552778721,0.005299789630807936
7594,0.0053480397909879684,0.005299905170686543
7595,0.005077992100268602,0.005297252554446459
7596,0.005444084294140339,0.00529799128882587
7597,0.005312266759574413,0.005298993345350027
7598,0.005034619010984898,0.005293912631459534
7599,0.005053077824413776,0.005287190079689026
7600,0.005117170512676239,0.005283900247886777
7601,0.005179143510758877,0.005283869858831167
7602,0.005160999950021505,0.005281326784752309
7603,0.0054238163866102695,0.00528232766315341
7604,0.005344437435269356,0.005281686233356595
7605,0.005244591739028692,0.005280897496268153
7606,0.005395536310970783,0.005282314103096724
7607,0.0053131720051169395,0.0052829444175586104
7608,0.00532139278948307,0.005280488398857415
7609,0.00554292555898428,0.005283600417897105
7610,0.005212597548961639,0.005281771551817655
7611,0.005001633428037167,0.005281066857278347
7612,0.005331922322511673,0.00528135004453361
7613,0.005596889182925224,0.005284917503595352
7614,0.005043461918830872,0.005281585264019668
7615,0.005284881219267845,0.0052823423547670246
7616,0.005042282864451408,0.0052815319458022715
7617,0.005317057482898235,0.005280620469711721
7618,0.005345762707293034,0.005277414773590863
7619,0.005344973877072334,0.005278625371865928
7620,0.005350674968212843,0.005276834974065423
7621,0.005038464907556772,0.005273737097159028
7622,0.005074503365904093,0.005267453691922128
7623,0.005211964249610901,0.0052666270174086096
7624,0.005259599070996046,0.0052691955957561735
7625,0.005134791601449251,0.005270220139063895
7626,0.005317017436027527,0.0052688622707501055
7627,0.005269712768495083,0.005270103556104005
7628,0.005283008329570293,0.0052695484971627595
7629,0.005154112353920937,0.00526807988062501
7630,0.005161403678357601,0.005268315430730581
7631,0.005177355371415615,0.005264426087960601
7632,0.0049879527650773525,0.005263111903332174
7633,0.0049665807746350765,0.005256996108219027
7634,0.005253673531115055,0.005253417990170419
7635,0.005093704909086227,0.005253768661059439
7636,0.005131399724632502,0.005253559080883861
7637,0.004860115237534046,0.005250543979927897
7638,0.0053239865228533745,0.005253415377810597
7639,0.005366015713661909,0.005254866634495556
7640,0.005463744048029184,0.0052546411380171775
7641,0.005276649259030819,0.005254803216084838
7642,0.005107969045639038,0.005252464464865625
7643,0.004992411471903324,0.0052481385273858904
7644,0.005258921533823013,0.00524949396494776
7645,0.005281413905322552,0.005251801521517337
7646,0.00501976627856493,0.005248613492585719
7647,0.0050970409065485,0.005246764472685754
7648,0.005136767402291298,0.005243179453536868
7649,0.004992139525711536,0.005240464308299124
7650,0.005067584570497274,0.0052386106550693515
7651,0.004998393822461367,0.005235100681893527
7652,0.005270468071103096,0.005236722039990127
7653,0.0051605068147182465,0.005232080440036952
7654,0.0050242748111486435,0.005230040145106613
7655,0.005231541581451893,0.0052308205654844646
7656,0.005381184630095959,0.005229433220811188
7657,0.005152786150574684,0.005228019994683563
7658,0.005300508346408606,0.005229098862037063
7659,0.005521038547158241,0.005231737685389817
7660,0.00497400714084506,0.0052291165618225935
7661,0.0051613301038742065,0.005229256856255233
7662,0.005511273629963398,0.005231273365207016
7663,0.0052078962326049805,0.005232825414277613
7664,0.005156232975423336,0.005232549565844238
7665,0.005171304568648338,0.00522877159062773
7666,0.005532513372600079,0.0052316061407327655
7667,0.005807060282677412,0.005235951696522534
7668,0.005307597108185291,0.005236349939368665
7669,0.00529911182820797,0.005239518289454281
7670,0.005067457444965839,0.005233911261893809
7671,0.005185504909604788,0.005232710260897875
7672,0.005426403600722551,0.00523654084187001
7673,0.0049040955491364,0.005233605531975627
7674,0.005307337734848261,0.00523420418612659
7675,0.004997407551854849,0.005233194576576352
7676,0.005233396776020527,0.0052281511900946495
7677,0.005446723662316799,0.005229550972580909
7678,0.005052823107689619,0.00523079080041498
7679,0.0050831944681704044,0.005229984726756811
7680,0.004997231997549534,0.00522474566474557
7681,0.00509855430573225,0.005222907513380051
7682,0.005077932495623827,0.005222950526513159
7683,0.005416521802544594,0.005222196434624493
7684,0.00493286456912756,0.005220094560645521
7685,0.005320356227457523,0.005221133106388152
7686,0.005235549993813038,0.005217501162551343
7687,0.005154263228178024,0.005215624640695751
7688,0.005328061990439892,0.005215956810861826
7689,0.0051475465297698975,0.005213155979290605
7690,0.005431066267192364,0.005216778782196343
7691,0.005104674957692623,0.005215636980719865
7692,0.005213944241404533,0.005215727747417987
7693,0.005079114809632301,0.005213562319986522
7694,0.005238529294729233,0.0052124672150239346
7695,0.005221227649599314,0.005213899570517242
7696,0.005263829603791237,0.005212097023613751
7697,0.0051653217524290085,0.005210627573542297
7698,0.005457802675664425,0.005214859410189092
7699,0.005074217449873686,0.005215070806443691
7700,0.005224280990660191,0.005216141911223531
7701,0.004944729618728161,0.005213797772303224
7702,0.005385837517678738,0.005216046147979796
7703,0.005281562451273203,0.005214623608626425
7704,0.005234627053141594,0.0052135255048051474
7705,0.0053453887812793255,0.005214533475227654
7706,0.005507352761924267,0.0052156516397371885
7707,0.0054773977026343346,0.005217293896712363
7708,0.005034508183598518,0.005214425050653517
7709,0.0051209582015872,0.005210205377079546
7710,0.005103134550154209,0.005209110747091472
7711,0.005092056933790445,0.005210014982149005
7712,0.005237911827862263,0.0052090748772025105
7713,0.005133272148668766,0.005204438706859946
7714,0.005222179926931858,0.0052062258869409565
7715,0.005221706815063953,0.0052055941428989175
7716,0.005400547757744789,0.005209176791831851
7717,0.005026132799685001,0.005206267544999719
7718,0.004941326566040516,0.005202223183587194
7719,0.005053984001278877,0.005199313284829259
7720,0.005349676124751568,0.005199303296394646
7721,0.005150521174073219,0.00520042385905981
7722,0.005454426631331444,0.005204223091714084
7723,0.005155705846846104,0.005203660507686436
7724,0.005328180268406868,0.005204346319660544
7725,0.005497784353792667,0.005207976247183979
7726,0.005477428901940584,0.005209580361843109
7727,0.005268707871437073,0.005209570312872529
7728,0.005161413922905922,0.005208354368805885
7729,0.005031292326748371,0.00520712616853416
7730,0.005506630055606365,0.0052105784323066475
7731,0.005094083026051521,0.005209745708853007
7732,0.0052169449627399445,0.005212035630829632
7733,0.0048126401379704475,0.005210496224462986
7734,0.00495136296376586,0.005207473118789494
7735,0.0051205274648964405,0.0052077413443475966
7736,0.00538712739944458,0.005210298621095717
7737,0.005314946640282869,0.005214846935123205
7738,0.005306869279593229,0.005214675762690604
7739,0.0050975121557712555,0.005211990727111697
7740,0.00574541836977005,0.005214807470329106
7741,0.005551915615797043,0.005217560133896768
7742,0.0051096659153699875,0.0052175771025940775
7743,0.004798834677785635,0.005215641334652901
7744,0.004991563037037849,0.005212967749685049
7745,0.004757017828524113,0.0052077237889170645
7746,0.005423227325081825,0.005211758399382233
7747,0.00504534225910902,0.005211241412907839
7748,0.004961255006492138,0.005209486288949847
7749,0.005099132657051086,0.005210556220263242
7750,0.005684216041117907,0.005216722534969449
7751,0.005456925369799137,0.005221307850442827
7752,0.0051287757232785225,0.005219890926964581
7753,0.004809807986021042,0.005216383938677609
7754,0.005145146511495113,0.005217592655681074
7755,0.0051370058208703995,0.0052166472980752585
7756,0.00513120973482728,0.005214147549122572
7757,0.005020388402044773,0.005212823571637273
7758,0.0055076745338737965,0.005214895233511925
7759,0.005013999063521624,0.005209824838675559
7760,0.0050384714268147945,0.005210469481535256
7761,0.005159267224371433,0.005210448852740229
7762,0.004955844953656197,0.0052048945659771565
7763,0.005122874863445759,0.005204044352285564
7764,0.004854393657296896,0.005201025959104299
7765,0.0051095858216285706,0.005200408771634102
7766,0.005261646583676338,0.005197700103744865
7767,0.004937676712870598,0.005189006268046796
7768,0.005141093395650387,0.005187341230921448
7769,0.004989685490727425,0.005184246967546642
7770,0.005099519621580839,0.0051845675893127914
7771,0.005131619516760111,0.005184028735384345
7772,0.004903707653284073,0.005178801775909961
7773,0.005213738419115543,0.005181898204609752
7774,0.005040116608142853,0.005179225993342698
7775,0.004884947091341019,0.0051781013887375596
7776,0.004950347822159529,0.00517527089919895
7777,0.005240044556558132,0.005173204108141363
7778,0.005516325123608112,0.005177839128300547
7779,0.00494023784995079,0.005176409562118352
7780,0.005243821069598198,0.005178875452838838
7781,0.004807692486792803,0.005175966834649444
7782,0.004935598000884056,0.005174543489702046
7783,0.005067852791398764,0.005171056799590588
7784,0.005048876628279686,0.005172216920182109
7785,0.004921072628349066,0.005168224084191025
7786,0.00514883641153574,0.005167356948368252
7787,0.0052400087006390095,0.005168214403092861
7788,0.005102566909044981,0.005165959452278912
7789,0.005283732432872057,0.0051673213113099335
7790,0.004858602304011583,0.0051615966716781255
7791,0.004846611525863409,0.005159016037359834
7792,0.004986134823411703,0.0051567379431799055
7793,0.005125906318426132,0.005157205858267844
7794,0.005166439339518547,0.005156484958715737
7795,0.005305000580847263,0.005157322688028217
7796,0.004817468114197254,0.005152859073132276
7797,0.005319145042449236,0.005154397306032479
7798,0.005058137699961662,0.005150400656275451
7799,0.004857090767472982,0.005148229389451444
7800,0.005081583745777607,0.005146802417002618
7801,0.004916701000183821,0.0051465221308171745
7802,0.004972620867192745,0.005142389964312315
7803,0.004806753247976303,0.005137641872279346
7804,0.005107081960886717,0.005136366421356797
7805,0.00488413916900754,0.00513175392523408
7806,0.004907066002488136,0.005125751057639718
7807,0.005094488151371479,0.00512192196212709
7808,0.0052074044942855835,0.00512365092523396
7809,0.005128073506057262,0.005123722078278661
7810,0.004977987613528967,0.005122470608912408
7811,0.00512910820543766,0.00512284112162888
7812,0.004947926849126816,0.005119941271841526
7813,0.005161751061677933,0.005120226060971618
7814,0.005302115343511105,0.00512102541513741
7815,0.004875117912888527,0.005117559526115656
7816,0.0047490838915109634,0.005111044887453318
7817,0.005144468508660793,0.005112228244543076
7818,0.005424948409199715,0.0051170644629746674
7819,0.005063287913799286,0.005117157502099872
7820,0.005026411265134811,0.005113924853503704
7821,0.004889777861535549,0.005111317420378327
7822,0.005060803145170212,0.005107381185516715
7823,0.005267290398478508,0.005108497031033039
7824,0.005365103483200073,0.005108866263180971
7825,0.005140969529747963,0.005105298114940524
7826,0.0049680136144161224,0.005100203962065279
7827,0.005100298207253218,0.0050985198654234405
7828,0.005143168848007917,0.005098337414674461
7829,0.005396831780672073,0.005101992809213698
7830,0.005439738743007183,0.005101323896087706
7831,0.005135801155120134,0.005101741077378392
7832,0.004962430335581303,0.005099195931106806
7833,0.005854308605194092,0.005109612615779042
7834,0.0049629113636910915,0.005109728099778294
7835,0.005013034678995609,0.005108653171919286
7836,0.004929925315082073,0.005104081151075661
7837,0.005127814598381519,0.0051022098306566475
7838,0.005284249782562256,0.005101983635686338
7839,0.004917828366160393,0.005100186797790229
7840,0.004704901948571205,0.005089781633578241
7841,0.004933498799800873,0.005083597465418279
7842,0.004708144348114729,0.005079582249745727
7843,0.005269422195851803,0.005084288124926388
7844,0.0050988756120204926,0.005085361250676215
7845,0.004974831826984882,0.0050875393906608226
7846,0.0048758648335933685,0.005082065765745938
7847,0.004896558355540037,0.005080577926710248
7848,0.0049344636499881744,0.005080310013145208
7849,0.004960816353559494,0.005078926850110292
7850,0.004867795389145613,0.005070762643590569
7851,0.0049827005714178085,0.005066020395606757
7852,0.0048471372574567795,0.005063204010948539
7853,0.005110092461109161,0.00506620685569942
7854,0.004978368058800697,0.005064539071172476
7855,0.005046345293521881,0.005063632465898991
7856,0.004806268494576216,0.00506038305349648
7857,0.004708482883870602,0.005057263998314738
7858,0.004875180311501026,0.00505093905609101
7859,0.005104777403175831,0.005051846839487553
7860,0.004870357923209667,0.005050165704451501
7861,0.005152272991836071,0.005050095762126148
7862,0.0049836053512990475,0.005050373366102577
7863,0.00518439058214426,0.005050988523289561
7864,0.005418840795755386,0.005056632994674146
7865,0.004841675516217947,0.00505395389162004
7866,0.005361021030694246,0.005054947636090219
7867,0.004994506482034922,0.005055515933781863
7868,0.004951086826622486,0.005053615868091583
7869,0.0048122163861989975,0.005051841177046299
7870,0.004936102777719498,0.005050207008607686
7871,0.004819795954972506,0.005047088772989809
7872,0.004930669441819191,0.00504735839087516
7873,0.004817665554583073,0.005043397662229836
7874,0.0049435896798968315,0.0050424323929473755
7875,0.004689536523073912,0.005040478287264704
7876,0.004919461905956268,0.005040169428102672
7877,0.005083105992525816,0.005038600042462349
7878,0.005360979586839676,0.0050370465870946644
7879,0.004787740763276815,0.005035521616227925
7880,0.004983751568943262,0.005032920921221376
7881,0.005025624297559261,0.00503510023932904
7882,0.00501432828605175,0.005035887542180717
7883,0.005150548182427883,0.005036714496091008
7884,0.004891988821327686,0.005035145618021489
7885,0.005116918124258518,0.005037104072980583
7886,0.005038639530539513,0.00503600210417062
7887,0.0051620420999825,0.005035222438164055
7888,0.005156077444553375,0.0050357575435191395
7889,0.0049121323972940445,0.005032041543163359
7890,0.004864957183599472,0.005032105091959238
7891,0.004961155354976654,0.005033250530250371
7892,0.004979162011295557,0.005033180802129209
7893,0.005264950916171074,0.005034571248106658
7894,0.004809801932424307,0.005031004874035716
7895,0.004950289614498615,0.0050274577643722295
7896,0.005041179247200489,0.005029694875702262
7897,0.004878146108239889,0.005025284886360168
7898,0.004656873643398285,0.005021272245794534
7899,0.004908230155706406,0.005021783639676869
7900,0.005051916930824518,0.005021486971527338
7901,0.004880830179899931,0.005021128263324499
7902,0.004820480011403561,0.0050196068547666076
7903,0.004946427885442972,0.005021003601141274
7904,0.004999537020921707,0.0050199281517416235
7905,0.005005111917853355,0.005021137879230082
7906,0.004913687240332365,0.005021204091608524
7907,0.005159021355211735,0.005021849423646927
7908,0.005104215815663338,0.005020817536860705
7909,0.004787195473909378,0.0050174087565392255
7910,0.004799643997102976,0.005015625320374965
7911,0.004832913633435965,0.005012663374654949
7912,0.004664374515414238,0.005009827851317823
7913,0.004921256564557552,0.005007422906346619
7914,0.00510050542652607,0.005005406807176769
7915,0.004934358410537243,0.005005999212153256
7916,0.004841209389269352,0.00500692046713084
7917,0.00484911072999239,0.005003966889344156
7918,0.004911486059427261,0.004998832265846432
7919,0.004799028858542442,0.004996189675293863
7920,0.00526419747620821,0.004998567537404597
7921,0.004729130305349827,0.0049969610618427395
7922,0.004940742626786232,0.0049957604566589
7923,0.004787664394825697,0.004990964196622372
7924,0.004990744404494762,0.004987220605835318
7925,0.0046372488141059875,0.004982183398678899
7926,0.004929134622216225,0.0049817946087569
7927,0.004785964265465736,0.004978651269339025
7928,0.004868526943027973,0.004975904850289226
7929,0.005096454173326492,0.00497290107421577
7930,0.004907385446131229,0.00496757754124701
7931,0.005004829727113247,0.004966267826966941
7932,0.005384934134781361,0.004970492864958942
7933,0.004763768520206213,0.004959587464109063
7934,0.005049743689596653,0.0049604557873681185
7935,0.00500071607530117,0.0049603326013311745
7936,0.004695857875049114,0.004957991926930845
7937,0.005202712491154671,0.004958740905858576
7938,0.004687766544520855,0.004952776073478163
7939,0.004802790470421314,0.004951625694520772
7940,0.005201345309615135,0.004956590128131211
7941,0.005043624900281429,0.004957691389136016
7942,0.004949810914695263,0.0049601080548018215
7943,0.004893125034868717,0.004956345083191991
7944,0.004966413602232933,0.004955020463094115
7945,0.005061160773038864,0.004955883752554655
7946,0.005035401321947575,0.004957479117438197
7947,0.004850160796195269,0.00495701514184475
7948,0.004868866875767708,0.0049563591741025445
7949,0.005046057514846325,0.004957211585715413
7950,0.005510518327355385,0.004963638815097511
7951,0.005106445401906967,0.004964876263402402
7952,0.004879946820437908,0.004965204359032214
7953,0.005311453714966774,0.004967217971570789
7954,0.005271978676319122,0.004970154077745974
7955,0.005342721939086914,0.004973117844201624
7956,0.004786530509591103,0.004972920464351774
7957,0.005065397825092077,0.004976489613763988
7958,0.005365247838199139,0.004981390289030969
7959,0.005088374484330416,0.004981226259842515
7960,0.004930729046463966,0.004981829971075058
7961,0.004724268801510334,0.004977549929171801
7962,0.00480223074555397,0.00497573618311435
7963,0.005076183471828699,0.004974654112011194
7964,0.004855465609580278,0.0049690203601494435
7965,0.004760256037116051,0.004968206165358424
7966,0.00477715115994215,0.004962367466650903
7967,0.004875469021499157,0.0049611770920455454
7968,0.004980138037353754,0.004961467604152859
7969,0.00488307187333703,0.004962176159024239
7970,0.005093191284686327,0.004963747044093907
7971,0.004979947116225958,0.0049653485557064414
7972,0.004918813705444336,0.004965229998342693
7973,0.00488032354041934,0.004965856578201056
7974,0.005038963630795479,0.004966810317710042
7975,0.004858255386352539,0.0049684975063428284
7976,0.004949577152729034,0.0049687986588105556
7977,0.004847780801355839,0.0049664454068988565
7978,0.004826429765671492,0.004961099908687174
7979,0.004800579510629177,0.004961228296160698
7980,0.004823938477784395,0.004959630165249109
7981,0.004844652488827705,0.004957820447161794
7982,0.004661652725189924,0.004954293691553175
7983,0.004981162957847118,0.004952599839307368
7984,0.004897712729871273,0.004952657078392804
7985,0.0049759335815906525,0.004951247232966125
7986,0.004787479527294636,0.004948735632933676
7987,0.004782885313034058,0.004944944065064192
7988,0.005020255222916603,0.004943585842847824
7989,0.004786105360835791,0.004942325572483241
7990,0.004773242864757776,0.004941408429294825
7991,0.004975953139364719,0.004941556407138705
7992,0.005128887481987476,0.0049430536618456245
7993,0.004749110899865627,0.00493789526168257
7994,0.004728832747787237,0.004937085569836199
7995,0.005217080004513264,0.004939753473736346
7996,0.004844787530601025,0.004937789556570351
7997,0.004774036817252636,0.004936748463660478
7998,0.004887413699179888,0.004939053864218295
7999,0.004954022355377674,0.004939511786215007
8000,0.0050598615780472755,0.004939591232687235
8001,0.005091860890388489,0.0049417015397921205
8002,0.004773952532559633,0.004941236265003681
8003,0.00475796964019537,0.0049393516825512055
8004,0.004901533015072346,0.004938371642492711
8005,0.004896068945527077,0.004937281212769449
8006,0.004663827363401651,0.004934782614000142
8007,0.0047303843311965466,0.00493049624375999
8008,0.005066722631454468,0.004930121311917901
8009,0.004901413805782795,0.0049312634952366355
8010,0.004861682653427124,0.004931883881799877
8011,0.004784688353538513,0.004931401629000902
8012,0.00471696350723505,0.00493192751891911
8013,0.00476217782124877,0.004930336731486022
8014,0.004667367786169052,0.004926005355082452
8015,0.005123212467879057,0.004927893895655871
8016,0.004840499721467495,0.004927886798977852
8017,0.004746044520288706,0.004926856136880815
8018,0.0048712510615587234,0.004926453786902129
8019,0.005011776462197304,0.004928581262938678
8020,0.005103755742311478,0.004926976845599711
8021,0.004769876133650541,0.004927384303882718
8022,0.004945753607898951,0.004927434413693845
8023,0.004831164143979549,0.004927869411185384
8024,0.004630858078598976,0.004924270547926426
8025,0.004846940748393536,0.0049263674672693014
8026,0.005068522412329912,0.004927761345170438
8027,0.0047252727672457695,0.004927154430188239
8028,0.004871746059507132,0.00492718662135303
8029,0.004748365841805935,0.004923705738037825
8030,0.004688790068030357,0.004921519784256816
8031,0.004841954447329044,0.0049198910314589735
8032,0.004874983336776495,0.004914791523478925
8033,0.004839598201215267,0.0049155498202890155
8034,0.0048421225510537624,0.004913473608903587
8035,0.004804615862667561,0.004911512606777251
8036,0.005096910521388054,0.0049155231332406405
8037,0.005107109900563955,0.004914567107334733
8038,0.004955235868692398,0.004917241800576448
8039,0.004936324432492256,0.004918577140197158
8040,0.004680492915213108,0.0049133686162531375
8041,0.0049125561490654945,0.004912057928740978
8042,0.004855693783611059,0.004911116757430136
8043,0.004760785028338432,0.004909793357364833
8044,0.004777377471327782,0.004907902996055782
8045,0.004816742148250341,0.004905458809807897
8046,0.004773230291903019,0.004902837099507451
8047,0.0048950836062431335,0.00490328632760793
8048,0.005092171020805836,0.004905519369058311
8049,0.005143370013684034,0.004906492494046688
8050,0.005196425132453442,0.004903351562097669
8051,0.004709573462605476,0.004899382842704653
8052,0.0050809914246201515,0.004901393288746476
8053,0.004920624662190676,0.004897484998218715
8054,0.004843509756028652,0.004893200309015811
8055,0.004882855340838432,0.004888601643033326
8056,0.0051805926486849785,0.004892542264424264
8057,0.005094509106129408,0.004892833377234638
8058,0.00471180584281683,0.004886298957280814
8059,0.004663379862904549,0.004882049011066556
8060,0.00467271264642477,0.004879468847066164
8061,0.0051513854414224625,0.0048837400134652854
8062,0.005327388644218445,0.00488899159245193
8063,0.004705002531409264,0.004885279783047735
8064,0.0048155225813388824,0.004884880352765322
8065,0.004656639881432056,0.004883844191208481
8066,0.004713076166808605,0.004883203441277146
8067,0.005031697452068329,0.004884765725582838
8068,0.0048658642917871475,0.004883622988127172
8069,0.0048100510612130165,0.004882892780005932
8070,0.00493857404217124,0.004881346607580781
8071,0.005104792304337025,0.004882595059461892
8072,0.004901599604636431,0.004882422918453813
8073,0.004764935001730919,0.004881269033066928
8074,0.004927986767143011,0.004880159264430404
8075,0.004778075031936169,0.00487935746088624
8076,0.004787900019437075,0.00487774068955332
8077,0.0048303548246622086,0.004877566429786384
8078,0.004721993580460548,0.004876522067934275
8079,0.004676522687077522,0.0048752814996987585
8080,0.004793665371835232,0.004874978768639266
8081,0.004777317866683006,0.004874305422417819
8082,0.00460810586810112,0.004873769953846931
8083,0.004648876842111349,0.004870447092689574
8084,0.00502539100125432,0.004871723875403404
8085,0.005197247955948114,0.004873937019146979
8086,0.004913385957479477,0.004875196083448827
8087,0.005004260689020157,0.004877409837208688
8088,0.004692463204264641,0.004874131917022169
8089,0.00481596402823925,0.004874430503696204
8090,0.005564752966165543,0.004882345604710281
8091,0.004914931021630764,0.004881735383532941
8092,0.004724398255348206,0.004877690491266549
8093,0.005330147687345743,0.00488350085914135
8094,0.004738622345030308,0.004883598755113781
8095,0.005002855788916349,0.004881456512957811
8096,0.004893723875284195,0.004881945876404643
8097,0.004824640229344368,0.004882451910525561
8098,0.00500135775655508,0.0048835913510993124
8099,0.005426748655736446,0.0048883186141029
8100,0.004807476885616779,0.004885794767178595
8101,0.00485173799097538,0.004883393538184464
8102,0.0046078418381512165,0.00488173243124038
8103,0.004924141801893711,0.004883394152857363
8104,0.004541163798421621,0.004879790460690856
8105,0.004908222705125809,0.004879911998286844
8106,0.0047143734991550446,0.004880417459644377
8107,0.004753699526190758,0.00488065061159432
8108,0.004532374907284975,0.004875307134352624
8109,0.004993910435587168,0.004876232100650668
8110,0.004816444590687752,0.004875779720023275
8111,0.00483843544498086,0.004876317190937698
8112,0.004573322832584381,0.004874880784191191
8113,0.004729947540909052,0.004874558481387794
8114,0.004961331374943256,0.004877498117275536
8115,0.004706705920398235,0.004873333051800727
8116,0.004872425459325314,0.004873652309179306
8117,0.0051201581954956055,0.004877393445931375
8118,0.004908405244350433,0.0048777649877592925
8119,0.004674592986702919,0.004874393153004348
8120,0.004880372900515795,0.004872159324586392
8121,0.00474835280328989,0.004871944091282785
8122,0.0046515194699168205,0.004869001749902964
8123,0.004722682759165764,0.004867916936054826
8124,0.005065717734396458,0.004872265532612801
8125,0.005008350592106581,0.004873879631049931
8126,0.004800137598067522,0.004871195782907307
8127,0.004871698096394539,0.004872660036198795
8128,0.004995966330170631,0.0048739022389054296
8129,0.004727492108941078,0.004873693501576781
8130,0.004785404074937105,0.004874659641645848
8131,0.004632376600056887,0.0048725638631731275
8132,0.004931456409394741,0.00487312859389931
8133,0.004759639501571655,0.004872329006902873
8134,0.004818085115402937,0.004872088632546365
8135,0.004714565351605415,0.004871188127435744
8136,0.004684261046350002,0.004867061632685363
8137,0.004813545383512974,0.004864125987514853
8138,0.004753184039145708,0.004862105469219387
8139,0.004776732064783573,0.0048605095455422995
8140,0.004851650912314653,0.004862221125513315
8141,0.005034270696341991,0.00486343827098608
8142,0.004813273437321186,0.004863014067523181
8143,0.004810627084225416,0.004863512488082051
8144,0.0047284988686442375,0.004863023702055216
8145,0.00484863668680191,0.004863342647440732
8146,0.004738608840852976,0.004862996432930231
8147,0.004597015678882599,0.0048600157536566255
8148,0.004768350161612034,0.0048567775450646875
8149,0.005059827119112015,0.004855942116118967
8150,0.004888261202722788,0.004852860476821661
8151,0.005025829188525677,0.004856023034080863
8152,0.0047309258952736855,0.004852522378787399
8153,0.004585367627441883,0.00484916980843991
8154,0.004784548655152321,0.004848580197431147
8155,0.004806560464203358,0.004847817248664796
8156,0.00496798288077116,0.004845691150985658
8157,0.005016769748181105,0.004844913757406175
8158,0.004677368327975273,0.004844569382257759
8159,0.004552478902041912,0.004843460372649133
8160,0.004771373700350523,0.004844446983188391
8161,0.0045742616057395935,0.004838675744831562
8162,0.0049529545940458775,0.004834931404329837
8163,0.004825031850486994,0.004836131697520614
8164,0.00474149314686656,0.004835391403175891
8165,0.0046747419983148575,0.004835572424344719
8166,0.004828388802707195,0.004836725550703704
8167,0.004541780333966017,0.0048318263795226815
8168,0.0046847425401210785,0.004830015162006021
8169,0.004891847260296345,0.004830833123996854
8170,0.004677960183471441,0.004828226985409856
8171,0.005242748185992241,0.004829606544226408
8172,0.005037019029259682,0.00483096073847264
8173,0.005014863796532154,0.0048334600264206525
8174,0.004416062496602535,0.0048283407837152485
8175,0.0048682112246751785,0.004829242145642638
8176,0.005130961071699858,0.004832672756165266
8177,0.004946354776620865,0.004833832755684853
8178,0.00498705729842186,0.004836483392864466
8179,0.004763961769640446,0.004837357783690095
8180,0.0046427687630057335,0.0048358488176018
8181,0.0048211319372057915,0.004836286958307028
8182,0.004523717798292637,0.004835443077608943
8183,0.004757279995828867,0.0048365271091461185
8184,0.00550735741853714,0.004841346773318946
8185,0.005207019858062267,0.004841444492340088
8186,0.0048155756667256355,0.0048404663894325494
8187,0.004670112393796444,0.004837124906480313
8188,0.004884485155344009,0.004839045125991106
8189,0.004643498919904232,0.0048373204749077555
8190,0.004469784442335367,0.004826370789669454
8191,0.004570137243717909,0.004822922851890326
8192,0.004603546112775803,0.004821714330464601
8193,0.004756562877446413,0.004815978482365608
8194,0.004650415387004614,0.0048150964127853515
8195,0.004540989175438881,0.004810477746650577
8196,0.00460904510691762,0.0048076309589669105
8197,0.004821375012397766,0.004807598306797445
8198,0.0050635673105716705,0.0048082204023376105
8199,0.004629002418369055,0.004800242939963937
8200,0.0046929349191486835,0.0047990975202992555
8201,0.0051078652031719685,0.004801658792421222
8202,0.004793690983206034,0.00480351728387177
8203,0.004684066399931908,0.004801116529852152
8204,0.00470131728798151,0.004802718064747751
8205,0.0047870962880551815,0.004801506800577044
8206,0.004641743376851082,0.0048007804993540045
8207,0.00461285375058651,0.004799372041597963
8208,0.004775272682309151,0.004801801019348204
8209,0.004775025881826878,0.004799612173810601
8210,0.0046941377222537994,0.004798389105126262
8211,0.0045349979773163795,0.0047953547304496165
8212,0.00473989499732852,0.0047970204520970585
8213,0.004716098308563232,0.0047968819597736
8214,0.004812865983694792,0.004795397305861116
8215,0.005045145750045776,0.004798781704157591
8216,0.004745052196085453,0.004797507971525192
8217,0.0050062802620232105,0.004796369192190468
8218,0.004689592868089676,0.00479418106842786
8219,0.004669717978686094,0.004794132318347692
8220,0.004601530730724335,0.004791343896649778
8221,0.004753825254738331,0.004791398621164262
8222,0.004415631759911776,0.004789039744064211
8223,0.004608022980391979,0.004787893146276474
8224,0.0047723595052957535,0.004784959563985467
8225,0.004868693184107542,0.004783562989905477
8226,0.0047814068384468555,0.00478337568230927
8227,0.004445785190910101,0.004779116553254426
8228,0.004471873864531517,0.004773875628598034
8229,0.004702986218035221,0.004773630569688976
8230,0.004824034404009581,0.0047740168729797005
8231,0.004739828407764435,0.004775091391056776
8232,0.004777960013598204,0.00477355642709881
8233,0.00481025967746973,0.004774062628857791
8234,0.00471192691475153,0.004773001046851277
8235,0.004756392445415258,0.004773419317789376
8236,0.004585565999150276,0.004772432367317379
8237,0.004673702176660299,0.0047710339352488515
8238,0.004686401225626469,0.00477036610711366
8239,0.004745944403111935,0.004770058230496943
8240,0.004709294065833092,0.004768634662032128
8241,0.004738087300211191,0.00476567282807082
8242,0.004638628102838993,0.0047639263747259976
8243,0.004756104201078415,0.004763381145894527
8244,0.004737281706184149,0.004763468974269927
8245,0.0047307806089520454,0.0047622904134914275
8246,0.0045312512665987015,0.004760216837748885
8247,0.00439809076488018,0.004758227588608861
8248,0.004841791465878487,0.0047589620016515255
8249,0.005007665604352951,0.004758440386503935
8250,0.004841386340558529,0.004757971637882292
8251,0.004678815603256226,0.004754501502029598
8252,0.004782382864505053,0.004755016071721911
8253,0.004784624092280865,0.004757008636370301
8254,0.004955842159688473,0.004758721571415663
8255,0.004829429090023041,0.004758950257673859
8256,0.004510692786425352,0.004754377356730402
8257,0.0047410656698048115,0.0047516203159466384
8258,0.004671321716159582,0.004751559849828482
8259,0.004839250817894936,0.004754427568987012
8260,0.004790343809872866,0.004754617270082235
8261,0.004964945837855339,0.004758524112403393
8262,0.004736557602882385,0.004756360142491758
8263,0.005002175457775593,0.004758131578564644
8264,0.0049110110849142075,0.004759826757945121
8265,0.0047497497871518135,0.00476057683583349
8266,0.004752060864120722,0.004759813556447625
8267,0.005061012227088213,0.004765005875378847
8268,0.005024123936891556,0.004768399689346552
8269,0.004815573804080486,0.0047676369547843935
8270,0.004662264604121447,0.004767479998990893
8271,0.00461651710793376,0.004761217688210309
8272,0.004919406957924366,0.004760041567496955
8273,0.004533891566097736,0.004755231845192612
8274,0.004658239893615246,0.004757653619162738
8275,0.0047201551496982574,0.004756173058412969
8276,0.0049237897619605064,0.004754101345315576
8277,0.004769128747284412,0.004752329085022211
8278,0.004819469526410103,0.0047506532073020935
8279,0.004756380803883076,0.0047505773976445195
8280,0.00511880312114954,0.0047553377412259575
8281,0.00457747932523489,0.004752901215106249
8282,0.004597890190780163,0.004753642939031124
8283,0.004429335705935955,0.004750363496132195
8284,0.004604462068527937,0.004741334542632103
8285,0.0046651363372802734,0.004735915707424283
8286,0.004503500182181597,0.004732794952578842
8287,0.0047581917606294155,0.004733675746247172
8288,0.004922087304294109,0.004734051767736673
8289,0.004419810138642788,0.004731814879924059
8290,0.004868822172284126,0.004735805257223546
8291,0.004433310590684414,0.004734436990693211
8292,0.004569217097014189,0.004734093700535596
8293,0.0046744756400585175,0.0047332728281617165
8294,0.004872200079262257,0.0047354906750842925
8295,0.004767339676618576,0.00473775418009609
8296,0.004627017304301262,0.004737933902069926
8297,0.004778530448675156,0.0047375054564327
8298,0.005013572983443737,0.004737005513161421
8299,0.004766966216266155,0.004738385151140392
8300,0.004630387760698795,0.004737759679555893
8301,0.004592845216393471,0.004732609479688108
8302,0.004850185476243496,0.0047331744246184825
8303,0.0047156671062111855,0.004733490431681276
8304,0.004454045090824366,0.004731017709709704
8305,0.004725518636405468,0.004730401933193207
8306,0.0048428792506456375,0.004732413291931152
8307,0.00459761917591095,0.004732260946184397
8308,0.004610015079379082,0.004730608370155096
8309,0.004793428350239992,0.0047307923948392274
8310,0.004753338173031807,0.004731384399347008
8311,0.004623309709131718,0.00473226751666516
8312,0.0048868958838284016,0.004733737525530159
8313,0.004578389693051577,0.004732360439375043
8314,0.004653195850551128,0.004730763738043606
8315,0.0047102561220526695,0.004727414841763675
8316,0.004657764453440905,0.00472654196433723
8317,0.004698961973190308,0.004723468781448901
8318,0.004745067097246647,0.00472402352374047
8319,0.004745103418827057,0.00472477737814188
8320,0.004562699235975742,0.004724389063194394
8321,0.004723389632999897,0.00472408470697701
8322,0.0045336270704865456,0.004725264660082757
8323,0.0044812168926000595,0.004723996599204838
8324,0.004941416904330254,0.004725687173195183
8325,0.004687131382524967,0.0047238715551793575
8326,0.004650569520890713,0.0047225631820037965
8327,0.004883831366896629,0.004726943643763661
8328,0.004581054672598839,0.004728035451844335
8329,0.004746869206428528,0.004728474281728267
8330,0.0045221359468996525,0.004725455297157169
8331,0.004668557085096836,0.004724742583930492
8332,0.004710915498435497,0.004724072138778865
8333,0.004780238494277,0.004723771926946938
8334,0.004758527502417564,0.004724237932823599
8335,0.004556227009743452,0.00472223627846688
8336,0.005278655327856541,0.004729167171753943
8337,0.005193475168198347,0.004734364901669324
8338,0.004817419685423374,0.004735675086267293
8339,0.004588874988257885,0.004734104392118752
8340,0.004574092570692301,0.004732752377167344
8341,0.004603703040629625,0.004731408534571529
8342,0.004704710096120834,0.004732069354504347
8343,0.00472764577716589,0.0047317847702652216
8344,0.004674159921705723,0.004731153552420438
8345,0.005011732690036297,0.004733963073231279
8346,0.004636203870177269,0.004735012599267066
8347,0.0046405913308262825,0.004737437604926526
8348,0.004486775957047939,0.004733887449838221
8349,0.004659916739910841,0.0047304099611937996
8350,0.004611543379724026,0.004728111531585455
8351,0.004865488037467003,0.004729978255927563
8352,0.004871354438364506,0.004730867971666157
8353,0.004571046680212021,0.004728732197545469
8354,0.004671316593885422,0.004725886941887438
8355,0.004593970719724894,0.004723532358184457
8356,0.0044753458350896835,0.0047231788886711
8357,0.005045924801379442,0.004726227479986847
8358,0.004822048358619213,0.004727734746411443
8359,0.005103076342493296,0.004730373001657426
8360,0.004783410578966141,0.004730303669348359
8361,0.0046406760811805725,0.004727060971781612
8362,0.004717513453215361,0.004726870530284941
8363,0.004652518313378096,0.004723373958840966
8364,0.004819989204406738,0.004722463740035892
8365,0.004495522938668728,0.0047199214715510605
8366,0.0046060532331466675,0.00471846139524132
8367,0.004674750380218029,0.004714598776772618
8368,0.004458926618099213,0.004708946803584695
8369,0.004703855607658625,0.004707829621620477
8370,0.00469602458178997,0.004708167221397161
8371,0.0045774225145578384,0.004707776275463402
8372,0.004761165007948875,0.004706193855963647
8373,0.004543428309261799,0.004706289223395288
8374,0.004908175207674503,0.004708788576535881
8375,0.004743033088743687,0.004709017355926335
8376,0.004437557887285948,0.004704155037179589
8377,0.004610927775502205,0.004702573027461767
8378,0.00481434678658843,0.0047025218000635504
8379,0.004436904564499855,0.004699327037669719
8380,0.005000770092010498,0.004698146707378328
8381,0.004595870152115822,0.004698330615647137
8382,0.004581773653626442,0.0046981694502756
8383,0.004808717407286167,0.004701963267289102
8384,0.004621966741979122,0.004702138314023614
8385,0.004655818920582533,0.004702045139856637
8386,0.004856136627495289,0.004705571504309773
8387,0.00434621749445796,0.004701451761648059
8388,0.004717477131634951,0.0046994056599214675
8389,0.004491746425628662,0.004700125022791326
8390,0.004901551175862551,0.0047004523128271105
8391,0.004547703079879284,0.004701596237719059
8392,0.004711325280368328,0.0047030173195526
8393,0.0047768885269761086,0.004704041448421776
8394,0.0044984351843595505,0.00470030379947275
8395,0.004959526006132364,0.004702225662767887
8396,0.004714533686637878,0.004703100826591253
8397,0.004817702807486057,0.004703492550179362
8398,0.004404454026371241,0.004697401360608637
8399,0.005061520263552666,0.004700346901081502
8400,0.004577706567943096,0.004699820089153945
8401,0.004512101411819458,0.004699012651108205
8402,0.004467971157282591,0.004695190507918596
8403,0.004700330086052418,0.004695037137717009
8404,0.004673703573644161,0.004697233722545206
8405,0.004804170224815607,0.004698020238429308
8406,0.00463250745087862,0.0046959165204316375
8407,0.004587498493492603,0.004695815313607454
8408,0.004766976460814476,0.004697384927421808
8409,0.004917144775390625,0.004698622091673314
8410,0.004528232850134373,0.00469637103844434
8411,0.004472195170819759,0.0046948598930612205
8412,0.004779476672410965,0.004693785700947046
8413,0.004507610574364662,0.004693077909760177
8414,0.004503184929490089,0.0046915778005495665
8415,0.004819774068892002,0.00469267298001796
8416,0.004327686969190836,0.00468937220517546
8417,0.004718003794550896,0.004689562623389066
8418,0.004452643916010857,0.004686638391576708
8419,0.004605453927069902,0.0046852418966591355
8420,0.00450136698782444,0.004684628574177623
8421,0.0045034573413431644,0.0046824292512610555
8422,0.004733339883387089,0.004684426379390061
8423,0.005004799459129572,0.004689662205055356
8424,0.004700199700891972,0.0046872500330209736
8425,0.004601418972015381,0.004686392908915878
8426,0.004583023954182863,0.004685717453248799
8427,0.004635476507246494,0.004683233904652298
8428,0.004621543921530247,0.004683638797141612
8429,0.004394376650452614,0.004680113871581852
8430,0.00456763943657279,0.004680568906478584
8431,0.004510348662734032,0.0046789868222549555
8432,0.004582725465297699,0.004677704921923578
8433,0.0046281637623906136,0.004676184174604714
8434,0.004661438055336475,0.004675213280133903
8435,0.004503464791923761,0.004674685657955706
8436,0.0045794155448675156,0.0046676932601258155
8437,0.00496236328035593,0.004665382141247391
8438,0.004827998578548431,0.004665487930178642
8439,0.004386092536151409,0.004663460105657578
8440,0.004685526713728905,0.004664574447087943
8441,0.004437027964740992,0.004662907696329057
8442,0.004457959905266762,0.004660440194420516
8443,0.004426573868840933,0.004657429475337267
8444,0.004540653899312019,0.0046560944151133295
8445,0.004592331126332283,0.004651900399476289
8446,0.00435688067227602,0.004649107167497277
8447,0.0045278919860720634,0.004647980174049735
8448,0.004340752959251404,0.0046465199440717695
8449,0.004412480164319277,0.004644045578315854
8450,0.0044914474710822105,0.004642844619229436
8451,0.004670760128647089,0.004640897340141237
8452,0.004646246321499348,0.004638646258972585
8453,0.004491765983402729,0.004637853452004492
8454,0.004555104300379753,0.004636691329069436
8455,0.00454952847212553,0.004636246906593442
8456,0.004711807705461979,0.004638611525297165
8457,0.004712535999715328,0.004635277637280524
8458,0.00458686426281929,0.004632925796322525
8459,0.004637467674911022,0.004628269709646702
8460,0.0047491081058979034,0.00462792668491602
8461,0.004621898755431175,0.004627738911658526
8462,0.004505814053118229,0.004625621917657554
8463,0.004437184892594814,0.004623468583449721
8464,0.0044375997968018055,0.004619644689373672
8465,0.004465891048312187,0.0046193483704701065
8466,0.0046765487641096115,0.004620053325779736
8467,0.004621508531272411,0.00461952090729028
8468,0.004626821726560593,0.004621199858374894
8469,0.0046248664148151875,0.004620409966446459
8470,0.004629222676157951,0.004619741947390139
8471,0.004429865628480911,0.0046182663785293695
8472,0.004502071999013424,0.004615675448440016
8473,0.004606461152434349,0.004616305776871741
8474,0.004420042037963867,0.004611424445174634
8475,0.004573846701532602,0.0046097325813025235
8476,0.0044372472912073135,0.004609729475341737
8477,0.004351289942860603,0.004607133097015321
8478,0.004624704830348492,0.004605236677452922
8479,0.004529797472059727,0.004606165606528521
8480,0.004514534026384354,0.004601303245872259
8481,0.005052419379353523,0.0046058687381446365
8482,0.0051331594586372375,0.004611382596194744
8483,0.004655655473470688,0.004609851976856589
8484,0.004612532444298267,0.004609757633879781
8485,0.004711462184786797,0.0046103140665218235
8486,0.004940597806125879,0.004611158678308129
8487,0.00430050864815712,0.004610701589845121
8488,0.004367823712527752,0.004607205055654049
8489,0.004731769673526287,0.004609605288133025
8490,0.004651345312595367,0.004607103229500353
8491,0.004602426663041115,0.004607650465331971
8492,0.0046263569965958595,0.004606800782494247
8493,0.004629241302609444,0.0046053243102505805
8494,0.004848510026931763,0.004608825058676302
8495,0.004491633735597134,0.00460414613597095
8496,0.004639592953026295,0.004603396728634834
8497,0.004376118071377277,0.004598980881273747
8498,0.004448363557457924,0.004599419976584613
8499,0.004747649654746056,0.004596281270496547
8500,0.004487891215831041,0.0045953831169754265
8501,0.0049207089468836784,0.004599469192326069
8502,0.004533403553068638,0.004600123516283929
8503,0.004556993022561073,0.004598690145649016
8504,0.004579315893352032,0.0045977462688460945
8505,0.004599272273480892,0.004595697289332747
8506,0.0044906167313456535,0.0045942783821374174
8507,0.004743413999676704,0.004595837537199259
8508,0.004612300544977188,0.004594290778040886
8509,0.004470670595765114,0.0045898260362446305
8510,0.0046644872054457664,0.004591188579797745
8511,0.004503320902585983,0.004591499837115407
8512,0.004923869855701923,0.004592943768948317
8513,0.004804274998605251,0.004595910413190723
8514,0.004364935681223869,0.00459452792070806
8515,0.0045018671080470085,0.00459134885109961
8516,0.0047437334433197975,0.0045955093158409
8517,0.004844562616199255,0.004596774904057383
8518,0.004509632475674152,0.004597344789654016
8519,0.004453194793313742,0.004595822198316455
8520,0.0043522948399186134,0.004594331476837397
8521,0.00463444460183382,0.004595641349442303
8522,0.004639939405024052,0.004594707344658673
8523,0.0043127937242388725,0.004587787287309766
8524,0.004696479067206383,0.00458775008097291
8525,0.004610548727214336,0.004587841378524899
8526,0.0043218061327934265,0.004585229200311005
8527,0.004411310888826847,0.004582987544126809
8528,0.004452784080058336,0.00458129994571209
8529,0.00471701892092824,0.004584526368416846
8530,0.0044941711239516735,0.004583791685290634
8531,0.004679863341152668,0.004585486832074821
8532,0.004598577972501516,0.004585645357146859
8533,0.004619874991476536,0.004585562469437718
8534,0.004370785318315029,0.004582655942067504
8535,0.005037246271967888,0.004587993756867945
8536,0.004563982132822275,0.004587839422747493
8537,0.004574300721287727,0.004583958797156811
8538,0.004962028935551643,0.004585299100726843
8539,0.004606025293469429,0.004587498428300023
8540,0.004442571196705103,0.004585068873129785
8541,0.00446387380361557,0.004585337331518531
8542,0.004923337139189243,0.004589991103857756
8543,0.004551804158836603,0.004591243406757713
8544,0.004384103696793318,0.004589677904732525
8545,0.004464160650968552,0.004588396199978888
8546,0.004640062339603901,0.004591228016652167
8547,0.004513370338827372,0.00459108280017972
8548,0.00435373792424798,0.004591212649829686
8549,0.00480632483959198,0.004595151096582413
8550,0.004580434411764145,0.004596040965989232
8551,0.004552795551717281,0.004594861320219934
8552,0.004387114197015762,0.004592269998975098
8553,0.004627529997378588,0.004593627639114857
8554,0.004517282359302044,0.004593249419704079
8555,0.004882809706032276,0.004596582232043147
8556,0.004304924048483372,0.004592513395473361
8557,0.004526223987340927,0.004590650275349617
8558,0.004500356502830982,0.004589785197749734
8559,0.004460388794541359,0.004588014408946037
8560,0.004649948328733444,0.004587022811174393
8561,0.0047864727675914764,0.004588668551295996
8562,0.005058135837316513,0.004594191769137978
8563,0.004609830677509308,0.004595918226987124
8564,0.00468784011900425,0.004598420630209148
8565,0.00430195452645421,0.004596781264990568
8566,0.004567072726786137,0.004595686504617333
8567,0.004431667737662792,0.004593788096681237
8568,0.004527611657977104,0.004592795995995403
8569,0.004552595317363739,0.0045920732850208874
8570,0.004572899080812931,0.004591510049067438
8571,0.004289078526198864,0.004590102178044617
8572,0.004686485044658184,0.0045919463085010645
8573,0.004535310436040163,0.004591234801337123
8574,0.005031689070165157,0.004597351271659136
8575,0.004742378368973732,0.004599036588333547
8576,0.004682645201683044,0.004601490567438304
8577,0.004643679596483707,0.004604414463974535
8578,0.004213026724755764,0.0046002976829186085
8579,0.004934316035360098,0.004604342868551612
8580,0.005336584057658911,0.0046125633688643575
8581,0.004927444271743298,0.004611313617788255
8582,0.004734097979962826,0.004607323003001511
8583,0.004537566099315882,0.004606142109259963
8584,0.004966141190379858,0.004609678196720779
8585,0.0051407054997980595,0.004613970629870892
8586,0.004549176432192326,0.004610056416131556
8587,0.004386194050312042,0.004610913270153105
8588,0.004275716841220856,0.004609992201440036
8589,0.0046502104960381985,0.004609176609665156
8590,0.004812830127775669,0.004610791457816958
8591,0.004685515537858009,0.004611622346565127
8592,0.004646115470677614,0.004611819931305945
8593,0.004374402575194836,0.004609271544031799
8594,0.0049018170684576035,0.004609804614447057
8595,0.004629513714462519,0.004611183414235711
8596,0.004461903125047684,0.004609406515955925
8597,0.0043244450353085995,0.004608889785595238
8598,0.004443164449185133,0.004608837794512511
8599,0.004366231616586447,0.004605023614130914
8600,0.004400292411446571,0.00460414762608707
8601,0.004530239850282669,0.00460024293512106
8602,0.00448839645832777,0.004599792864173651
8603,0.0044036745093762875,0.004598259679041803
8604,0.004700222052633762,0.00459946874063462
8605,0.004633433185517788,0.004599810349754989
8606,0.004473531153053045,0.004599639493972063
8607,0.004350229166448116,0.004595707645639777
8608,0.004747156985104084,0.004597056210041046
8609,0.004381169565021992,0.004596161199733615
8610,0.004483451601117849,0.004594350843690336
8611,0.004528334829956293,0.004594600982964039
8612,0.004655045457184315,0.0045919127389788626
8613,0.004448446445167065,0.004588354453444481
8614,0.004437457770109177,0.004589079674333334
8615,0.004422359634190798,0.004588284599594772
8616,0.004421592690050602,0.00458506319206208
8617,0.0043457429856061935,0.004580074995756149
8618,0.004770864732563496,0.004582687318325043
8619,0.004734073765575886,0.004585496108047664
8620,0.00490104453638196,0.004590983605012298
8621,0.004637057892978191,0.004591009737923741
8622,0.004664700943976641,0.004591257353313267
8623,0.004639839753508568,0.004594527813605964
8624,0.004478862509131432,0.004592351648025215
8625,0.004387845750898123,0.004590124618262053
8626,0.00459310133010149,0.004592837570235133
8627,0.00441635400056839,0.004592888001352549
8628,0.004530157893896103,0.004593661739490927
8629,0.004651918075978756,0.004593010731041431
8630,0.004434852860867977,0.004592417548410594
8631,0.004371348302811384,0.004589332398027181
8632,0.004514460451900959,0.004588491222821176
8633,0.0043991683050990105,0.004586284155957401
8634,0.004988245666027069,0.004592458759434521
8635,0.004593086428940296,0.004588017161004245
8636,0.004346434958279133,0.0045858416892588134
8637,0.004368097987025976,0.004583779661916196
8638,0.004654457792639732,0.004580703950487077
8639,0.00495001720264554,0.004584143869578838
8640,0.004151706118136644,0.004581235218793154
8641,0.004764671437442303,0.0045842431951314214
8642,0.004464514087885618,0.004579654964618385
8643,0.004354783799499273,0.0045776847610250115
8644,0.00423920713365078,0.004576235795393586
8645,0.004524077754467726,0.004576834966428578
8646,0.004393568262457848,0.004574370025657117
8647,0.004389576613903046,0.0045731320884078745
8648,0.004676478914916515,0.004576359498314559
8649,0.004360138904303312,0.004571897638961673
8650,0.004539050627499819,0.00457148380111903
8651,0.004386834800243378,0.004569824193604291
8652,0.0046594878658652306,0.004572547930292785
8653,0.004480703733861446,0.004571079667657614
8654,0.004412471782416105,0.004570031561888755
8655,0.00447433814406395,0.004565946846269071
8656,0.004468942992389202,0.00456758703570813
8657,0.004459219053387642,0.004566916986368597
8658,0.004758336581289768,0.004569496787153185
8659,0.00438521895557642,0.004568745088763535
8660,0.004382710438221693,0.004566072709858418
8661,0.004307442344725132,0.0045612824056297544
8662,0.00441710976883769,0.0045548721449449655
8663,0.004368466325104237,0.004552458501420915
8664,0.004460882395505905,0.004550188924185932
8665,0.004300675354897976,0.004550176132470369
8666,0.0044342223554849625,0.004548847628757358
8667,0.004467380233108997,0.00454920475371182
8668,0.0045553771778941154,0.00454948240891099
8669,0.004409936256706715,0.0045480558183044195
8670,0.004431679844856262,0.004546643625944853
8671,0.004193813074380159,0.0045456909714266655
8672,0.004337285179644823,0.004542198972776532
8673,0.004223953932523727,0.004539085407741368
8674,0.004273814149200916,0.004531506658531725
8675,0.004461245145648718,0.004528695326298475
8676,0.004280588589608669,0.004524674760177732
8677,0.0046832263469696045,0.004525070227682591
8678,0.0044008223339915276,0.004526948183774948
8679,0.0047639403492212296,0.0045252444269135595
8680,0.004747220315039158,0.004519350789487362
8681,0.004573392681777477,0.004515810273587704
8682,0.004705384373664856,0.004515523137524724
8683,0.004548816941678524,0.004515635645948351
8684,0.0045819589868187904,0.00451179382391274
8685,0.004351568873971701,0.0045039024576544765
8686,0.0047539761289954185,0.004505950454622507
8687,0.0044725872576236725,0.004506814386695623
8688,0.004552765749394894,0.0045095848757773635
8689,0.004363575018942356,0.004506718521006405
8690,0.004597373306751251,0.004504563952796161
8691,0.004636244848370552,0.004504071245901286
8692,0.004393362440168858,0.004501543715596199
8693,0.00453608576208353,0.004503160547465086
8694,0.004556167870759964,0.00449970405548811
8695,0.004739351570606232,0.004500802434049547
8696,0.004684508312493563,0.004503028485924005
8697,0.0047037024050951,0.00450682105962187
8698,0.004380115307867527,0.004506190568208695
8699,0.004525166004896164,0.004507779912091792
8700,0.004338794853538275,0.004507164936512709
8701,0.00460306741297245,0.004507893212139607
8702,0.0049173589795827866,0.004512182837352156
8703,0.004550727549940348,0.004513653367757798
8704,0.004469620995223522,0.004511347357183695
8705,0.004576795734465122,0.004510780982673168
8706,0.004408767446875572,0.004510133345611393
8707,0.00471073342487216,0.004513738388195634
8708,0.004358670674264431,0.004509853525087237
8709,0.00425335019826889,0.004508575331419707
8710,0.004332241602241993,0.004507063231430948
8711,0.004425862804055214,0.004506038511171937
8712,0.004582228139042854,0.004505310337990522
8713,0.004412881098687649,0.004504954684525728
8714,0.004239458590745926,0.0045029746927320955
8715,0.004542231559753418,0.004504173411987722
8716,0.0049132611602544785,0.004509090096689761
8717,0.004625941626727581,0.004511892083100975
8718,0.004897127393633127,0.004513154709711671
8719,0.004623714834451675,0.004512051120400429
8720,0.004231026396155357,0.004505350938998163
8721,0.004550512880086899,0.00450448548886925
8722,0.004828109405934811,0.004506119573488831
8723,0.0043473560363054276,0.0045031947363168
8724,0.004322633612900972,0.004501632447354496
8725,0.004608243703842163,0.004503836426883936
8726,0.004490227438509464,0.004502807687968016
8727,0.0043061524629592896,0.004501705672591925
8728,0.0042916107922792435,0.004499320201575756
8729,0.00441236887127161,0.004496924709528684
8730,0.004292218945920467,0.00449549837037921
8731,0.004539091140031815,0.004497175798751414
8732,0.005012064706534147,0.004502151841297746
8733,0.0043620215728878975,0.004501780373975635
8734,0.004503088071942329,0.004496928798034787
8735,0.0044481186196208,0.004495479119941592
8736,0.004360516555607319,0.004495619935914874
8737,0.004256086889654398,0.004494499824941159
8738,0.004598268307745457,0.004493937930092216
8739,0.004382347222417593,0.004488261230289936
8740,0.004388735629618168,0.004490631525404751
8741,0.00440817978233099,0.004487066608853638
8742,0.004441430792212486,0.004486835775896907
8743,0.00442475825548172,0.0044875355204567315
8744,0.004456541500985622,0.004489708864130079
8745,0.004472160246223211,0.004489189689047634
8746,0.0042448025196790695,0.004487702031619847
8747,0.004615125246345997,0.004489957517944276
8748,0.004191759508103132,0.0044851103238761425
8749,0.004340650513768196,0.0044849154399707915
8750,0.004513154271990061,0.004484656476415693
8751,0.004277145490050316,0.004483559583313763
8752,0.004538346081972122,0.004482348165474832
8753,0.0044465442188084126,0.004482006570324302
8754,0.004433572292327881,0.004482217575423419
8755,0.004539646208286285,0.004482870656065643
8756,0.0043495637364685535,0.004481676863506436
8757,0.0042595467530190945,0.004479680140502751
8758,0.004312725737690926,0.004475224032066762
8759,0.0041513401083648205,0.004472885243594646
8760,0.004382673650979996,0.00447288487572223
8761,0.004522209521383047,0.004475032547488809
8762,0.004381495527923107,0.004474676405079663
8763,0.004164295271039009,0.00447263469453901
8764,0.004317127633839846,0.00447119714692235
8765,0.004568284843116999,0.0044738732418045405
8766,0.004206329118460417,0.004471594309434295
8767,0.004678349941968918,0.0044737040065228936
8768,0.004344095475971699,0.00447159118950367
8769,0.004632680211216211,0.0044738186290487645
8770,0.004296811297535896,0.004472469943575561
8771,0.004191883839666843,0.004472450651228428
8772,0.004606425296515226,0.004475142052397132
8773,0.004434386268258095,0.004477246375754476
8774,0.004241020418703556,0.004476918438449502
8775,0.004353940952569246,0.004475845396518708
8776,0.004246756434440613,0.004475507074967027
8777,0.004200467839837074,0.004470679489895701
8778,0.004408322740346193,0.004470754493959248
8779,0.004251215141266584,0.004465627241879702
8780,0.004424279555678368,0.004462397834286094
8781,0.0042773662135005,0.004459437569603324
8782,0.004462925251573324,0.004457012978382409
8783,0.0043905447237193584,0.004455430256202817
8784,0.0045259008184075356,0.004454869674518704
8785,0.004645620472729206,0.00445781019050628
8786,0.004209156148135662,0.004452361990697682
8787,0.004460830707103014,0.004452244425192475
8788,0.004260132554918528,0.0044493180932477115
8789,0.004322538152337074,0.004448907724581659
8790,0.00433732196688652,0.004446307211183011
8791,0.004562465474009514,0.0044455694174394015
8792,0.004484286531805992,0.004446478658355773
8793,0.004241311457008123,0.004443530915305019
8794,0.004209523089230061,0.004440064467489719
8795,0.004569594282656908,0.004438366894610226
8796,0.004307710565626621,0.004434598917141557
8797,0.004265978932380676,0.004430221682414412
8798,0.004627795424312353,0.004432698483578861
8799,0.004142423160374165,0.004428871055133641
8800,0.00462278351187706,0.004431710941717028
8801,0.004515061620622873,0.0044308308837935325
8802,0.004408109001815319,0.004425738384015858
8803,0.00426586763933301,0.004422889784909785
8804,0.004488117061555386,0.004423074745573103
8805,0.004474999383091927,0.004422056782059372
8806,0.004370813723653555,0.004421677244827151
8807,0.004475601017475128,0.004419325920753181
8808,0.004444649443030357,0.00442018570844084
8809,0.004253774881362915,0.004420189955271781
8810,0.004179713781923056,0.004418664677068591
8811,0.004229131620377302,0.004416697365231812
8812,0.004392367787659168,0.004414798761717975
8813,0.004391671158373356,0.004414586662314832
8814,0.004364357329905033,0.004415835649706423
8815,0.004251192789524794,0.004412925262004137
8816,0.004326011054217815,0.0044070527609437705
8817,0.004258953034877777,0.004403382875025273
8818,0.004170306958258152,0.004396114670671522
8819,0.004404338542371988,0.004393920907750726
8820,0.004273737780749798,0.00439434802159667
8821,0.004704101011157036,0.004395883902907372
8822,0.004329880699515343,0.004390901615843177
8823,0.004486083518713713,0.00439228889066726
8824,0.004353141412138939,0.00439259396865964
8825,0.0043824296444654465,0.004390335828065872
8826,0.0042798928916454315,0.004388232482597232
8827,0.004568913020193577,0.004390860088169575
8828,0.004277754575014114,0.004390721525996923
8829,0.004519341979175806,0.0043917912570759655
8830,0.004051853436976671,0.004389387601986527
8831,0.004191807005554438,0.004385914760641754
8832,0.004600708372890949,0.004381801197305322
8833,0.004373663105070591,0.004381917612627149
8834,0.004542906302958727,0.0043823157949373125
8835,0.0044263191521167755,0.004382097800262272
8836,0.004199352581053972,0.004380486160516739
8837,0.004564195871353149,0.0043835672503337265
8838,0.004441538359969854,0.0043819999508559705
8839,0.004329423885792494,0.00438147071748972
8840,0.004314277786761522,0.004380726139061153
8841,0.004340719897300005,0.004380051540210843
8842,0.00425002072006464,0.004378137439489365
8843,0.0043414197862148285,0.004377304054796696
8844,0.004183060489594936,0.004374569244682789
8845,0.004453514702618122,0.004374382789246738
8846,0.004275169223546982,0.0043746864562854175
8847,0.0044226571917533875,0.004372761775739491
8848,0.00433244789019227,0.004374168659560382
8849,0.004179992713034153,0.004372562081553042
8850,0.004197354428470135,0.004369404083117843
8851,0.004235073924064636,0.004368983367457986
8852,0.004378283396363258,0.004367382740601897
8853,0.004475145600736141,0.004367668754421175
8854,0.00429911445826292,0.004366324176080525
8855,0.0042114220559597015,0.0043630419345572595
8856,0.004197325557470322,0.004361519552767277
8857,0.00416197907179594,0.004360543875955045
8858,0.004288742318749428,0.004360304041765631
8859,0.004391840659081936,0.004362709047272801
8860,0.004523224662989378,0.004364114557392895
8861,0.004249838180840015,0.004361390843987465
8862,0.004367201589047909,0.004361247904598713
8863,0.004227714613080025,0.004361882098019123
8864,0.004259603563696146,0.004361306857317686
8865,0.004290157929062843,0.004358525588177144
8866,0.004453819245100021,0.004361000489443541
8867,0.004557481966912746,0.0043597918096929785
8868,0.004210862331092358,0.004358459478244186
8869,0.004366500303149223,0.004355797679163515
8870,0.004506159108132124,0.004357891157269478
8871,0.004411913454532623,0.0043600914534181355
8872,0.004447226412594318,0.004358499464578927
8873,0.004628621973097324,0.004360441821627319
8874,0.004482572432607412,0.004362857341766358
8875,0.0043120793998241425,0.004362438726238906
8876,0.004404788836836815,0.004364019050262869
8877,0.004095941781997681,0.004362973789684474
8878,0.004563765600323677,0.0043645282182842495
8879,0.004190887790173292,0.004363924944773317
8880,0.004577745217829943,0.004365459601394832
8881,0.004054476507008076,0.004363230704329908
8882,0.004550788551568985,0.004364109337329864
8883,0.004185520578175783,0.004362059095874429
8884,0.004417200572788715,0.0043609720934182404
8885,0.004365694709122181,0.0043581728357821705
8886,0.004349688068032265,0.004359578154981137
8887,0.004316865466535091,0.004358138502575457
8888,0.004393726121634245,0.004359474438242614
8889,0.004333186894655228,0.004359580925665796
8890,0.004724333994090557,0.004363451045937836
8891,0.004319214262068272,0.004361018533818424
8892,0.004308637697249651,0.004359262045472861
8893,0.0043695950880646706,0.004360544881783426
8894,0.004339119419455528,0.004361840845085681
8895,0.004346414934843779,0.004359609051607549
8896,0.004426201805472374,0.004360793964006007
8897,0.004149642772972584,0.004359630602411926
8898,0.004323950037360191,0.004356592148542404
8899,0.004208460915833712,0.004357252526097
8900,0.004180097486823797,0.004352825665846467
8901,0.004341802094131708,0.004351093070581556
8902,0.0043180473148822784,0.004350192453712225
8903,0.004277058877050877,0.004350304366089404
8904,0.004273415543138981,0.00434815735090524
8905,0.004242676310241222,0.004345834120176733
8906,0.004597834777086973,0.004348104330711066
8907,0.004206318408250809,0.004345411504618824
8908,0.004132989794015884,0.004342294908128679
8909,0.004310927353799343,0.004342866432853043
8910,0.004649120382964611,0.004347560498863459
8911,0.00426321430131793,0.004347901325672865
8912,0.004283123649656773,0.004346808884292841
8913,0.0043759397231042385,0.00434665156994015
8914,0.00412278575822711,0.004344235854223371
8915,0.004538326058536768,0.00434710718691349
8916,0.00445939227938652,0.004348440999165177
8917,0.0044021871872246265,0.0043498733406886455
8918,0.0041113849729299545,0.0043492841208353636
8919,0.00449336739256978,0.004350174409337342
8920,0.0048604682087898254,0.004356041713617742
8921,0.0044133830815553665,0.004353134534321726
8922,0.0043319580145180225,0.004353155307471752
8923,0.004139631520956755,0.0043496907874941825
8924,0.004391342867165804,0.004350072802044452
8925,0.004292679950594902,0.004349175305105746
8926,0.00440935930237174,0.0043504699692130085
8927,0.004521278664469719,0.00434999362565577
8928,0.004624170251190662,0.004353457782417536
8929,0.004765313118696213,0.00435591749381274
8930,0.004365014843642712,0.0043590491078794
8931,0.004264658782631159,0.0043597776256501675
8932,0.0043793958611786366,0.004357564500533044
8933,0.004325004294514656,0.004357077912427485
8934,0.004215666558593512,0.004353805514983833
8935,0.004541093483567238,0.0043549532582983375
8936,0.004352699499577284,0.0043564867274835705
8937,0.004205373115837574,0.004352898499928415
8938,0.004494919441640377,0.00435343231074512
8939,0.004437244031578302,0.004354510512202978
8940,0.004233838524669409,0.004353706119582057
8941,0.004474492743611336,0.00435504384804517
8942,0.004402054473757744,0.004356564185582101
8943,0.004492620471864939,0.004358076192438602
8944,0.004397057928144932,0.004360216166824102
8945,0.004446751903742552,0.0043601485388353465
8946,0.0041127935983240604,0.004358524782583117
8947,0.004344767890870571,0.004357745889574289
8948,0.004312534816563129,0.004357546758837998
8949,0.004489148035645485,0.0043606383120641115
8950,0.004438640084117651,0.004363051168620586
8951,0.004255598410964012,0.0043632564134895805
8952,0.004326738882809877,0.004362740968354047
8953,0.004218702670186758,0.004360176539048553
8954,0.004312453791499138,0.004360309932380914
8955,0.004223622381687164,0.004360431935638189
8956,0.004264106508344412,0.0043610997451469305
8957,0.004121331498026848,0.004360693269409239
8958,0.004346885718405247,0.004361274703405797
8959,0.004498718772083521,0.004362343484535814
8960,0.004281398840248585,0.004359925226308406
8961,0.004437507130205631,0.004361801915802061
8962,0.0042427885346114635,0.004360557785257697
8963,0.004305683076381683,0.004361337469890714
8964,0.00414801063016057,0.004360221540555358
8965,0.004414859227836132,0.004361468553543091
8966,0.004295757040381432,0.0043598879314959045
8967,0.004362347535789013,0.004357936587184668
8968,0.0043570976704359055,0.004359398940578103
8969,0.004059126600623131,0.004356325203552842
8970,0.004322479013353586,0.004354488402605057
8971,0.004371417686343193,0.0043540834449231625
8972,0.004323046654462814,0.004352841647341847
8973,0.004252277314662933,0.004349078200757504
8974,0.004394008312374353,0.004348192559555173
8975,0.004233414772897959,0.004347405913285911
8976,0.0043291207402944565,0.004346649232320488
8977,0.004704913590103388,0.004352738950401545
8978,0.004436209797859192,0.0043514633923769
8979,0.004595962353050709,0.004355514138005674
8980,0.004202685318887234,0.004351763539016246
8981,0.0045518092811107635,0.0043567368667572735
8982,0.004498884081840515,0.0043562178220599886
8983,0.004193698056042194,0.004356299596838653
8984,0.004674741066992283,0.004358875001780688
8985,0.004227375146001577,0.004357491806149483
8986,0.004278119653463364,0.004356776122003794
8987,0.0043429164215922356,0.004357036631554365
8988,0.00447935750707984,0.004357892945408821
8989,0.004160464741289616,0.004356165723875165
8990,0.00409052474424243,0.004349827631376684
8991,0.0045971982181072235,0.004352607470937073
8992,0.004403567872941494,0.004353556772693992
8993,0.004396554082632065,0.004353826362639666
8994,0.0042859409004449844,0.00435329457744956
8995,0.004523098468780518,0.0043550614127889275
8996,0.004522153176367283,0.004356020926497877
8997,0.0040258802473545074,0.004354783301241696
8998,0.004203474149107933,0.0043535785423591735
8999,0.0041962359100580215,0.004353456292301416
9000,0.004201220814138651,0.004353667525574565
9001,0.004665505141019821,0.004356904556043446
9002,0.004282515496015549,0.004356549237854779
9003,0.004296917002648115,0.004356747819110751
9004,0.004085553344339132,0.004354869197122753
9005,0.004253432620316744,0.004354976760223508
9006,0.004400406498461962,0.004353002477437258
9007,0.004307865165174007,0.00435401794500649
9008,0.004451434127986431,0.004357202388346196
9009,0.004083800129592419,0.004354931116104126
9010,0.0041710310615599155,0.004350150222890079
9011,0.004085970111191273,0.004348377780988812
9012,0.004088134039193392,0.004346427884884179
9013,0.0042433831840753555,0.00434510231949389
9014,0.004301560111343861,0.004346890063025057
9015,0.004296567756682634,0.004344472480006516
9016,0.004089761059731245,0.004340776167809963
9017,0.004097098484635353,0.00433772528078407
9018,0.0041562761180102825,0.004338174192234874
9019,0.004393234848976135,0.0043371728667989376
9020,0.004503888078033924,0.0043336070654913786
9021,0.004250360652804375,0.004331976841203868
9022,0.004168620798736811,0.004330343469046056
9023,0.0042451005429029465,0.0043313981592655185
9024,0.004268997348845005,0.00433017470408231
9025,0.0043051643297076225,0.004330299547873438
9026,0.004343447275459766,0.0043296404276043175
9027,0.004051840398460627,0.004324946044944227
9028,0.0041414364241063595,0.004320118706673383
9029,0.004413178190588951,0.004316597357392311
9030,0.004540484398603439,0.004318352052941918
9031,0.004244602285325527,0.0043181514879688625
9032,0.004408629611134529,0.004318443825468421
9033,0.0042411768808960915,0.0043176055513322355
9034,0.004453279078006744,0.0043199816765263676
9035,0.004181099124252796,0.004316381732933223
9036,0.004227903671562672,0.0043151337746530774
9037,0.004162508063018322,0.004314705124124884
9038,0.004335200414061546,0.004313107933849096
9039,0.00441362801939249,0.004312871773727238
9040,0.004496823996305466,0.004315501628443599
9041,0.004185616038739681,0.004312612861394882
9042,0.004002735018730164,0.004308619666844606
9043,0.004153797402977943,0.004305231436155736
9044,0.00410409877076745,0.004302301844581961
9045,0.004360326565802097,0.004301437591202557
9046,0.00476401811465621,0.004307949836365879
9047,0.004123056307435036,0.004305732720531523
9048,0.004144121427088976,0.004304048586636782
9049,0.004181969910860062,0.004300976805388927
9050,0.004393204115331173,0.004300522445701063
9051,0.004098054487258196,0.004298947006464005
9052,0.004184103570878506,0.004297520653344691
9053,0.004155818372964859,0.004296891810372472
9054,0.00412248820066452,0.004294992154464126
9055,0.004308224655687809,0.004295838177204132
9056,0.004326710477471352,0.004296464216895402
9057,0.004697161260992289,0.004302222514525056
9058,0.004559389781206846,0.004304347555153072
9059,0.004260220564901829,0.004301962573081255
9060,0.004264356568455696,0.004301792150363326
9061,0.004546805284917355,0.004302885131910444
9062,0.004203644581139088,0.004302493692375719
9063,0.004284149967133999,0.0043022783612832426
9064,0.004362365230917931,0.004304421907290816
9065,0.004384886473417282,0.004304122179746628
9066,0.004372463561594486,0.004304889244958758
9067,0.004352209158241749,0.004304787861183285
9068,0.004623400047421455,0.004307450884953141
9069,0.004346766509115696,0.004310327284038067
9070,0.004170733038336039,0.004308809824287892
9071,0.004363236017525196,0.004308728007599711
9072,0.004180326126515865,0.0043073008023202415
9073,0.004107317421585321,0.004305851203389466
9074,0.00432407483458519,0.004305151868611574
9075,0.004228356294333935,0.004305101283825934
9076,0.0043032048270106316,0.004304842124693096
9077,0.0042521352879703045,0.004300314341671765
9078,0.0040696412324905396,0.0042966486560180785
9079,0.004102814011275768,0.004291717172600329
9080,0.0042351009324193,0.00429204132873565
9081,0.00449880538508296,0.004291511289775372
9082,0.0043700262904167175,0.004290222711861133
9083,0.004516498185694218,0.0042934507131576535
9084,0.0043732281774282455,0.004290435584262013
9085,0.004174811765551567,0.004289909950457514
9086,0.0043189795687794685,0.004290318549610674
9087,0.004190488718450069,0.004288794272579253
9088,0.00431085517629981,0.004287109249271452
9089,0.004043323453515768,0.004285937836393714
9090,0.004126035608351231,0.004286292945034802
9091,0.004296590574085712,0.004283286868594587
9092,0.004700958728790283,0.004286260777153075
9093,0.0043109264224767685,0.004285404500551522
9094,0.00426645390689373,0.004285209630616009
9095,0.004079317208379507,0.004280771818011999
9096,0.004052554257214069,0.004276075828820467
9097,0.004420002922415733,0.0042800170555710795
9098,0.004205762874335051,0.00428003994282335
9099,0.004151299130171537,0.004279590575024485
9100,0.004502339754253626,0.004282601764425635
9101,0.004395338241010904,0.0042799000954255465
9102,0.004164719022810459,0.0042787221306934955
9103,0.004489539191126823,0.004280648352578282
9104,0.004504605196416378,0.004284838871099055
9105,0.004273485392332077,0.004285039398819208
9106,0.0045056939125061035,0.00428609227295965
9107,0.004620889201760292,0.004289222513325513
9108,0.004537303000688553,0.004290081202052534
9109,0.0046212319284677505,0.004295455520041287
9110,0.004051559139043093,0.0042942608008161185
9111,0.004453153815120459,0.004297932637855411
9112,0.004307026509195566,0.004300121562555432
9113,0.004295816645026207,0.004300645897164941
9114,0.0041321078315377235,0.004298951374366879
9115,0.003989450633525848,0.004295880203135312
9116,0.004495908506214619,0.004299941677600145
9117,0.004225448705255985,0.004301225179806352
9118,0.004459449090063572,0.004304256909526885
9119,0.004265814553946257,0.004302982706576586
9120,0.004291684832423925,0.004300860674120486
9121,0.004275210201740265,0.004301109169609844
9122,0.004079985432326794,0.004300222815945744
9123,0.003989520948380232,0.0042976670200005175
9124,0.004204758442938328,0.004297024630941451
9125,0.004232658073306084,0.004296299568377435
9126,0.0040456922724843025,0.004293322018347681
9127,0.0049286806024611,0.004302090420387685
9128,0.00412939116358757,0.0043019699677824975
9129,0.003982046619057655,0.004297658652067184
9130,0.00421500951051712,0.004294403903186321
9131,0.003937159664928913,0.0042913294769823555
9132,0.004229526501148939,0.004289538445882499
9133,0.004284679424017668,0.004289973471313715
9134,0.004229797050356865,0.0042877386510372165
9135,0.00414070812985301,0.004287334741093218
9136,0.004003215115517378,0.004285087855532765
9137,0.0042663863860070705,0.0042861266387626525
9138,0.004241782706230879,0.004285192461684346
9139,0.004130495246499777,0.004282361133955419
9140,0.004227748606353998,0.0042796703800559045
9141,0.004044974222779274,0.0042782639618963005
9142,0.004401026293635368,0.004282246874645353
9143,0.004279261454939842,0.004283501515164972
9144,0.003925619181245565,0.004281716719269753
9145,0.0041057937778532505,0.004279171391390264
9146,0.004246208351105452,0.004273993293754757
9147,0.004308633506298065,0.004275849065743386
9148,0.004075493197888136,0.004275162783451378
9149,0.004179583862423897,0.0042751389229670166
9150,0.004435100592672825,0.004275557887740433
9151,0.0043144868686795235,0.0042777222115546465
9152,0.0042824577540159225,0.004278705753386021
9153,0.004301020409911871,0.004280157773755491
9154,0.0042389510199427605,0.004281322401948273
9155,0.0042800577357411385,0.004281040732748807
9156,0.004371336195617914,0.0042814869899302724
9157,0.004684194922447205,0.004281357326544821
9158,0.004272173624485731,0.00427848516497761
9159,0.00411970354616642,0.004277079994790256
9160,0.0039726318791508675,0.0042741627478972075
9161,0.004595776554197073,0.004274652460590005
9162,0.004202310927212238,0.004274639124050736
9163,0.004539818502962589,0.004277195809409023
9164,0.004264820367097855,0.004276220360770822
9165,0.004201947711408138,0.0042743909731507304
9166,0.0043752146884799,0.004274418484419585
9167,0.0044867414981126785,0.004275763807818293
9168,0.004173828288912773,0.004271268090233207
9169,0.0043187327682971954,0.0042709877528250215
9170,0.004080737009644508,0.004270087792538107
9171,0.00450358260422945,0.004271491258405149
9172,0.004210928454995155,0.004271797281689942
9173,0.004296096973121166,0.0042736850772053005
9174,0.004430401138961315,0.004274748340249062
9175,0.004175188019871712,0.00427421665750444
9176,0.003948882222175598,0.004270673431456089
9177,0.004276792053133249,0.004270919999107718
9178,0.004546547308564186,0.004275689059868455
9179,0.004360963124781847,0.004278270551003516
9180,0.00429267855361104,0.004278846327215433
9181,0.004120410420000553,0.004275062377564609
9182,0.004297836218029261,0.004274340476840734
9183,0.004084586165845394,0.004270021356642246
9184,0.004231147468090057,0.004268600549548865
9185,0.004136574920266867,0.004268218181096017
9186,0.004351738374680281,0.004268545769155026
9187,0.004085078369826078,0.004267491665668786
9188,0.004052897449582815,0.004264912088401616
9189,0.004213810432702303,0.004266616958193481
9190,0.004340475425124168,0.004268761356361211
9191,0.0042455075308680534,0.004268250525929034
9192,0.004323922097682953,0.0042644801596179605
9193,0.0041870540007948875,0.0042632414354011414
9194,0.004260189365595579,0.00426317878998816
9195,0.004251500125974417,0.004264900619164109
9196,0.00420781783759594,0.004266453254967928
9197,0.004446621052920818,0.004266719436272979
9198,0.004083414562046528,0.004265495953150094
9199,0.004107829183340073,0.004265061253681779
9200,0.004089775495231152,0.0042609356110915545
9201,0.004143872763961554,0.00425842095632106
9202,0.003947744145989418,0.00425625120755285
9203,0.003938848152756691,0.0042507442971691485
9204,0.004207656718790531,0.00424777481239289
9205,0.0041934046894311905,0.004246974005363882
9206,0.004256247542798519,0.004244479541666806
9207,0.004321224056184292,0.004241482890211046
9208,0.0039855423383414745,0.004235965283587575
9209,0.00405194191262126,0.00423027238342911
9210,0.004344484768807888,0.004233201639726758
9211,0.004168140701949596,0.004230351508595049
9212,0.003985980059951544,0.004227141044102609
9213,0.0041322894394397736,0.004225505772046745
9214,0.0042358157224953175,0.004226542850956321
9215,0.004020651336759329,0.004226854857988655
9216,0.004240439273416996,0.004224300165660679
9217,0.004318998195230961,0.004225235660560429
9218,0.004197929985821247,0.004222620469518006
9219,0.004228143021464348,0.004222243754193187
9220,0.004165835678577423,0.004220985262654722
9221,0.004049137234687805,0.004218724532984197
9222,0.004078178200870752,0.004218706460669637
9223,0.004076734185218811,0.004219578593038022
9224,0.004372265189886093,0.004221253660507501
9225,0.004099241457879543,0.0042199194943532345
9226,0.00400994997471571,0.004219562071375549
9227,0.004042305517941713,0.0042106983205303546
9228,0.003912793472409248,0.004208532343618572
9229,0.004198064096271992,0.004210692518390715
9230,0.004408630542457104,0.004212628728710115
9231,0.0042512989602983,0.004215770121663809
9232,0.004165191203355789,0.0042151267686858776
9233,0.004172299988567829,0.004214002974331379
9234,0.004047617316246033,0.00421218117699027
9235,0.004043699242174625,0.004211211088113486
9236,0.0042286217212677,0.00421346515417099
9237,0.00394499022513628,0.004210251192562282
9238,0.004130378365516663,0.00420913714915514
9239,0.0045964657329022884,0.004213796854019165
9240,0.004201105330139399,0.004213530421257019
9241,0.004260539077222347,0.00421568606980145
9242,0.0042112963274121284,0.004213788770139218
9243,0.004296415485441685,0.0042139603104442355
9244,0.0039879013784229755,0.00421458313241601
9245,0.004292962606996298,0.00421645482070744
9246,0.004185566678643227,0.004215848403982818
9247,0.004466146230697632,0.004217423531226814
9248,0.003905251156538725,0.00421572111081332
9249,0.00397073570638895,0.00421363262925297
9250,0.0039308033883571625,0.004208589657209814
9251,0.003915030043572187,0.00420459508895874
9252,0.004052103962749243,0.004202291551046074
9253,0.004048121627420187,0.0041997625632211565
9254,0.004054131917655468,0.004197914372198284
9255,0.0040435525588691235,0.004195549320429564
9256,0.004060530569404364,0.004192441264167428
9257,0.004231800325214863,0.004187917318195105
9258,0.004198901355266571,0.004187184595502913
9259,0.004055102355778217,0.004186538583599031
9260,0.004367430228739977,0.0041904865670949224
9261,0.004052693024277687,0.004185055731795728
9262,0.0042473794892430305,0.004185506417416036
9263,0.004187701735645533,0.004181985249742865
9264,0.003860892727971077,0.004177945973351598
9265,0.0038701908197253942,0.00417462840443477
9266,0.004125706851482391,0.004172133326064796
9267,0.003955174703150988,0.004166817658115178
9268,0.004103498533368111,0.004166114360559732
9269,0.004035810008645058,0.00416328513296321
9270,0.0040183705277740955,0.0041626614681445065
9271,0.004468755796551704,0.004162313200067729
9272,0.004637148696929216,0.004166575402487069
9273,0.004074650350958109,0.004164360936265439
9274,0.004174669273197651,0.004161803617607802
9275,0.004019623622298241,0.004160247973632067
9276,0.004315196070820093,0.0041639111121185126
9277,0.004097366705536842,0.004162116858642548
9278,0.0038491825107485056,0.004155143210664391
9279,0.003982215188443661,0.00415135573130101
9280,0.00432344526052475,0.004151663398370147
9281,0.003965457435697317,0.004150113868527114
9282,0.004038176499307156,0.004147517271339893
9283,0.0040727658197283745,0.004147399067878723
9284,0.003977423999458551,0.004144861833192408
9285,0.004335295874625444,0.004146849042735994
9286,0.004207301884889603,0.004145404677838087
9287,0.003928578458726406,0.00414383967872709
9288,0.003965306561440229,0.004142963769845664
9289,0.004289782606065273,0.004143723491579294
9290,0.00408044783398509,0.004141123215667904
9291,0.00419115275144577,0.004140579667873681
9292,0.004552245140075684,0.004142862898297608
9293,0.0041319141164422035,0.0041423114994540815
9294,0.003989832010120153,0.004139607925899327
9295,0.004046579822897911,0.004137558722868561
9296,0.004168225917965174,0.004137162803672254
9297,0.004098714329302311,0.004133683736436069
9298,0.00408834358677268,0.004133733026683331
9299,0.003975141793489456,0.004132406152784825
9300,0.004299830179661512,0.004134506699629128
9301,0.004056232050061226,0.004133630292490125
9302,0.004280653782188892,0.00413695938885212
9303,0.004037417937070131,0.004137945086695254
9304,0.004101518075913191,0.00413688370026648
9305,0.004192886874079704,0.004136878522112966
9306,0.004063507542014122,0.004134951122105122
9307,0.004382255952805281,0.004135561441071332
9308,0.004052117466926575,0.004136227192357182
9309,0.0041468581184744835,0.004137176354415715
9310,0.004529105499386787,0.0041390225617215035
9311,0.0045027537271380424,0.004142368691973388
9312,0.004012278281152248,0.004142631674185395
9313,0.004044718109071255,0.00414175596088171
9314,0.003993726335465908,0.004139335067011416
9315,0.004156130366027355,0.004140689857304096
9316,0.004132484085857868,0.004139610305428505
9317,0.003969879820942879,0.004136119121685624
9318,0.004012824967503548,0.004134268071502447
9319,0.0039407131262123585,0.004131393772549927
9320,0.004312944132834673,0.004132864857092499
9321,0.0041458806954324245,0.004133832291699946
9322,0.0039026166778057814,0.0041320766764692965
9323,0.004004024434834719,0.004131349578965455
9324,0.004071144387125969,0.004128338370937854
9325,0.004005006980150938,0.004127396026160568
9326,0.003989976830780506,0.004127196294721216
9327,0.004423816688358784,0.004131011406425387
9328,0.004344234708696604,0.00413532581878826
9329,0.004294161684811115,0.004136286794673652
9330,0.003983720205724239,0.004132037691306323
9331,0.004220925271511078,0.004131733954418451
9332,0.00439089722931385,0.004133991014678031
9333,0.003930666949599981,0.004131574684288352
9334,0.00456808740273118,0.004136779385153205
9335,0.0042733000591397285,0.004139075393322855
9336,0.004151638597249985,0.004138305562082678
9337,0.004192953929305077,0.004140785199124366
9338,0.003943986259400845,0.004138921278063208
9339,0.004247831180691719,0.004135434932541102
9340,0.004207226447761059,0.004135496143717319
9341,0.004034879617393017,0.004133239549119026
9342,0.004052069038152695,0.004131647276226431
9343,0.003936972003430128,0.004128052841406315
9344,0.004026763141155243,0.004128441459033638
9345,0.0040392144583165646,0.0041259039775468406
9346,0.004390571266412735,0.004127954023424536
9347,0.003984668757766485,0.004123139248695225
9348,0.004132911097258329,0.00412541584810242
9349,0.004197915084660053,0.0041276876418851315
9350,0.003915398381650448,0.004127533591818064
9351,0.0043836613185703754,0.004132219904568047
9352,0.004269545432180166,0.004134394319262356
9353,0.004267563112080097,0.004136588734108954
9354,0.003945378586649895,0.004135501200798899
9355,0.003984624985605478,0.004134911925066262
9356,0.00420369254425168,0.004136343544814736
9357,0.004062013700604439,0.004134645678568631
9358,0.003932913765311241,0.004131985802669078
9359,0.0039578936994075775,0.004131013716105371
9360,0.004214860498905182,0.004129488018807023
9361,0.004336352460086346,0.00413232461316511
9362,0.004150882363319397,0.004131359641905874
9363,0.004162373021245003,0.004131106354761869
9364,0.004562225192785263,0.004138119679410011
9365,0.004022968001663685,0.004139647451229394
9366,0.004111831542104483,0.0041395086981356145
9367,0.004157654009759426,0.004141533491201698
9368,0.004278992768377066,0.004143288433551788
9369,0.00406572874635458,0.004143587620928884
9370,0.0040163579396903515,0.004143567495048046
9371,0.0041058249771595,0.004139938186854124
9372,0.004125441424548626,0.004134821114130318
9373,0.004102271515876055,0.004135097325779498
9374,0.004578047432005405,0.004139131107367575
9375,0.004346449393779039,0.004142399365082383
9376,0.0041837687604129314,0.004141085091978311
9377,0.004055841825902462,0.004140669843181967
9378,0.004101358819752932,0.004143191606272012
9379,0.004349598661065102,0.004146865440998226
9380,0.004041776061058044,0.00414404874900356
9381,0.004191264044493437,0.004146306815091521
9382,0.004466074053198099,0.00415058579063043
9383,0.004126956686377525,0.004151127699296922
9384,0.003947332967072725,0.004150826788973063
9385,0.004628084599971771,0.004153754676226526
9386,0.004037237726151943,0.00415205403463915
9387,0.004046187270432711,0.004153230122756213
9388,0.004160222597420216,0.004155179283116013
9389,0.004061057697981596,0.004152892034035176
9390,0.004161508288234472,0.0041537026385776695
9391,0.004154161550104618,0.0041533327265642584
9392,0.0041889771819114685,0.004149700046982616
9393,0.004252465441823006,0.004150905560236424
9394,0.004377222619950771,0.00415477946633473
9395,0.003963882103562355,0.004153952489141375
9396,0.004187573213130236,0.004154145962093026
9397,0.004167299252003431,0.004154831811320037
9398,0.004254046827554703,0.0041564888437278565
9399,0.004230987746268511,0.004159047303255647
9400,0.003916393034160137,0.004155212931800633
9401,0.004219800233840942,0.004156848613638431
9402,0.004257832653820515,0.004156620402354747
9403,0.004928146488964558,0.004165527687873692
9404,0.004485503304749727,0.004169367540162057
9405,0.004022193141281605,0.004167660602834075
9406,0.0037579480558633804,0.004164605007972568
9407,0.004213974345475435,0.00416292219189927
9408,0.004139352589845657,0.004163794543128461
9409,0.004053030163049698,0.004162856263574213
9410,0.0040801833383738995,0.004158367041964084
9411,0.0042691598646342754,0.004156031103339047
9412,0.004094806034117937,0.004156856380868703
9413,0.004012542776763439,0.004156534627545625
9414,0.00395518634468317,0.004156149227637798
9415,0.00405462458729744,0.004155134169850499
9416,0.0039411140605807304,0.004153220469597727
9417,0.004103448707610369,0.0041545561584644015
9418,0.004109373316168785,0.0041555216419510545
9419,0.004199235700070858,0.00415810686768964
9420,0.004202603362500668,0.004157003459986299
9421,0.004162539262324572,0.004157170045655221
9422,0.0041067530401051044,0.004159211409278214
9423,0.003942450508475304,0.0041585956700146195
9424,0.004113589879125357,0.004159020124934614
9425,0.004002135246992111,0.004158991407603025
9426,0.004026428796350956,0.00415935592725873
9427,0.003922899719327688,0.004154346757568419
9428,0.004001719411462545,0.004150921604596078
9429,0.0041470774449408054,0.004149450762197375
9430,0.003934994339942932,0.004148963503539562
9431,0.00392866600304842,0.004146040910854936
9432,0.004020022228360176,0.004142332160845399
9433,0.0038853310979902744,0.004141878802329302
9434,0.004082358442246914,0.0041370215127244595
9435,0.003989737015217543,0.004134185882285237
9436,0.003942159470170736,0.004132091091014445
9437,0.004439489915966988,0.0041345564508810636
9438,0.003949563018977642,0.004134612218476832
9439,0.0040658097714185715,0.0041327920043841004
9440,0.003917823079973459,0.004129897970706224
9441,0.0041177961975336075,0.0041307271365076306
9442,0.004026125185191631,0.00413046769797802
9443,0.004276963882148266,0.004133867616765201
9444,0.00410535279661417,0.004134653513319791
9445,0.004061561077833176,0.004134876979514956
9446,0.0037402473390102386,0.004128373740240931
9447,0.004248847719281912,0.004131015529856086
9448,0.004051137715578079,0.0041301977960392835
9449,0.004221697337925434,0.004130435618571937
9450,0.004124349914491177,0.0041325251339003445
9451,0.003970294259488583,0.0041283914633095265
9452,0.004240298178046942,0.004128098990768194
9453,0.004206708166748285,0.004127490441314876
9454,0.004077455028891563,0.004128811205737293
9455,0.0039933123625814915,0.004128898079507053
9456,0.004075938370078802,0.004127620537765324
9457,0.003989057615399361,0.004126890976913274
9458,0.003961516544222832,0.00412717700470239
9459,0.004029666073620319,0.0041278947284445165
9460,0.004091151989996433,0.004126657643355429
9461,0.00403917022049427,0.004123685820959508
9462,0.004350525327026844,0.004125682250596583
9463,0.004001832567155361,0.004124076846055686
9464,0.004017245955765247,0.004118627053685486
9465,0.0039171138778328896,0.004117568512447179
9466,0.004158390685915947,0.004118034103885293
9467,0.003927269950509071,0.004115730263292789
9468,0.003992784768342972,0.0041128681832924485
9469,0.004344357177615166,0.004115654467605054
9470,0.0040114629082381725,0.004115605517290533
9471,0.004271798301488161,0.0041172652505338195
9472,0.004344247747212648,0.00411945331376046
9473,0.003995245322585106,0.00411838305182755
9474,0.0041588833555579185,0.004114191411063075
9475,0.00408337265253067,0.004111560643650591
9476,0.004203010816127062,0.004111753064207733
9477,0.004051656927913427,0.004111711215227842
9478,0.003991353325545788,0.004110611160285771
9479,0.004129398614168167,0.004108409159816802
9480,0.003932883497327566,0.004107320234179496
9481,0.004118842072784901,0.004106596014462411
9482,0.004386487416923046,0.004105800148099661
9483,0.004045289941132069,0.0041049834806472065
9484,0.003959295805543661,0.004105103109031916
9485,0.0040100994519889355,0.004098923257552087
9486,0.0043371329084038734,0.004101922209374606
9487,0.004015210084617138,0.004101612437516451
9488,0.00400188472121954,0.004100029058754444
9489,0.003863612422719598,0.0040980546060018245
9490,0.004032169468700886,0.004096761217806488
9491,0.003977654501795769,0.0040949961473234
9492,0.004073760937899351,0.004093843984883279
9493,0.004136802162975073,0.004092687352094799
9494,0.004260534420609474,0.004091520470101386
9495,0.003963647410273552,0.0040915181231684986
9496,0.003920378163456917,0.004088846172671765
9497,0.003991706296801567,0.004087090243119746
9498,0.003863246412947774,0.004083182238973677
9499,0.004052530974149704,0.004081397671252489
9500,0.004365423694252968,0.004085887977853417
9501,0.003957083448767662,0.004083260810002685
9502,0.004013223573565483,0.004080814719200135
9503,0.00415064999833703,0.004073039754293859
9504,0.004312921315431595,0.0040713139344006775
9505,0.004048539325594902,0.004071577396243811
9506,0.004121849313378334,0.00407521640881896
9507,0.004494069144129753,0.004078017356805503
9508,0.004157195799052715,0.004078195788897574
9509,0.004124685190618038,0.004078912339173258
9510,0.0041091530583798885,0.004079202036373317
9511,0.003982252441346645,0.004076332962140441
9512,0.0039074537344276905,0.004074459439143538
9513,0.004134579095989466,0.004075679802335799
9514,0.0038854412268847227,0.004074982351157814
9515,0.00402666162699461,0.004074702721554786
9516,0.00406661769375205,0.004075957757886499
9517,0.0043391454964876175,0.004078314725775272
9518,0.0038778011221438646,0.004075999003835023
9519,0.004094355273991823,0.004074950199574232
9520,0.003914761357009411,0.00407207177951932
9521,0.004020852502435446,0.004070654911920428
9522,0.004051246680319309,0.00407009984832257
9523,0.003973342478275299,0.00407040876802057
9524,0.004032885655760765,0.004069601725786924
9525,0.004182392731308937,0.004071404300630093
9526,0.004197988193482161,0.004073119894601404
9527,0.004087056964635849,0.004074761467054486
9528,0.003846443723887205,0.004073208710178733
9529,0.00416687224060297,0.004073406658135354
9530,0.0041124215349555016,0.00407518093008548
9531,0.004035141319036484,0.0040762456832453605
9532,0.004094836767762899,0.004076993828639388
9533,0.0038914578035473824,0.004077055095694959
9534,0.004144009202718735,0.004077671603299677
9535,0.00401705875992775,0.00407794482074678
9536,0.004049180541187525,0.004079015031456947
9537,0.004217671230435371,0.004076796844601631
9538,0.003907510545104742,0.004076376319862902
9539,0.0038062254898250103,0.004073780477046967
9540,0.003955499734729528,0.0040741572435945275
9541,0.004036556929349899,0.004073344850912691
9542,0.0039057722315192223,0.004072141321375966
9543,0.00406514760106802,0.0040700231585651635
9544,0.003938712645322084,0.0040683567570522425
9545,0.0041617462411522865,0.004069358608685434
9546,0.003990498371422291,0.004071861119009554
9547,0.003927447833120823,0.0040686471201479436
9548,0.00397375226020813,0.004067873265594244
9549,0.003954095765948296,0.004065197249874472
9550,0.004058239981532097,0.004064536150544882
9551,0.003971317317336798,0.004064546381123364
9552,0.003962776158004999,0.004061771160922945
9553,0.004011029843240976,0.0040598143776878716
9554,0.0039853001944720745,0.004058892829343677
9555,0.003920510411262512,0.004058164809830487
9556,0.004281041212379932,0.004060215838253498
9557,0.0038715654518455267,0.004059040916617959
9558,0.003899883246049285,0.004058424583636224
9559,0.004141609184443951,0.004059544014744461
9560,0.004014891572296619,0.004058781410567463
9561,0.004219772294163704,0.0040605874313041565
9562,0.004180040676146746,0.004058882584795356
9563,0.0040225377306342125,0.004059089636430144
9564,0.0042115263640880585,0.004061032440513372
9565,0.004611591808497906,0.004067977219820023
9566,0.00418874341994524,0.004068280747160316
9567,0.004003574140369892,0.004069043789058924
9568,0.004527033772319555,0.00407438627909869
9569,0.004061797168105841,0.0040715606790035965
9570,0.0042003788985311985,0.0040734498389065265
9571,0.004179676063358784,0.0040725286165252325
9572,0.003994346596300602,0.004069029605016112
9573,0.003814707277342677,0.004067224224563688
9574,0.003978779073804617,0.004065423181746155
9575,0.0041342973709106445,0.0040659324289299545
9576,0.00432719849050045,0.004067174305673688
9577,0.0044061955995857716,0.004070719692390412
9578,0.003839239478111267,0.004069198553916067
9579,0.003981901332736015,0.004067723581101745
9580,0.004786369390785694,0.004076258440036327
9581,0.00421011820435524,0.00407717120135203
9582,0.0039390819147229195,0.004072697146330029
9583,0.004083654843270779,0.0040730807953514156
9584,0.0038664359599351883,0.0040721521968953315
9585,0.00394037552177906,0.0040714549575932325
9586,0.00420291256159544,0.0040701127541251485
9587,0.003966384567320347,0.00406962449895218
9588,0.0040946705266833305,0.004070552357006818
9589,0.0043446398340165615,0.004075362631119787
9590,0.0040456755086779594,0.004075497691519559
9591,0.004357080440968275,0.004079291950911283
9592,0.003947628196328878,0.004078030623495579
9593,0.003982241731137037,0.004076485019177198
9594,0.00395630719140172,0.004073442746885121
9595,0.004090833477675915,0.004074714607559145
9596,0.003987583331763744,0.004075386659242213
9597,0.004262204747647047,0.004078091643750667
9598,0.004208859521895647,0.0040815477748401465
9599,0.004006748087704182,0.004081089945975691
9600,0.004191271960735321,0.004079348428640515
9601,0.003933906555175781,0.0040791166597045955
9602,0.0038295085541903973,0.004077279509510845
9603,0.004466090351343155,0.004080433913040906
9604,0.004050282295793295,0.004077807522844523
9605,0.003977710846811533,0.00407709923805669
9606,0.00408698245882988,0.004076750569511205
9607,0.00409252755343914,0.004072735153604299
9608,0.004252752289175987,0.004073690718505532
9609,0.004109189845621586,0.004073535765055567
9610,0.004004708956927061,0.004072491324041039
9611,0.0040308693423867226,0.004072977493051439
9612,0.003972961567342281,0.004073632571380586
9613,0.003963652998209,0.004071923310402781
9614,0.00442133005708456,0.004077282198704779
9615,0.0037044610362499952,0.004074060192797333
9616,0.003900884184986353,0.004072402857709676
9617,0.004240428097546101,0.004071415683720261
9618,0.004387508612126112,0.0040765127586200834
9619,0.003972887527197599,0.004075298081152141
9620,0.003933226224035025,0.004075482729822397
9621,0.004046600311994553,0.004075740207917988
9622,0.003814326599240303,0.004073371007107199
9623,0.00399464787915349,0.00407358406111598
9624,0.004021413158625364,0.004073469336144626
9625,0.003936493769288063,0.004071010346524418
9626,0.003958521410822868,0.004068615678697825
9627,0.0039667957462370396,0.004067413066513837
9628,0.003963029477745295,0.004068578924052418
9629,0.0039366488344967365,0.004066276689991355
9630,0.004036313854157925,0.0040655156131833795
9631,0.0038619954138994217,0.004063784154132008
9632,0.004175867885351181,0.0040645944653078915
9633,0.003916809801012278,0.00406484798528254
9634,0.0038494921755045652,0.004061902815010399
9635,0.003911338746547699,0.004060845614876598
9636,0.0038858060725033283,0.004059211870189756
9637,0.003970921039581299,0.004056744368281216
9638,0.0038318561855703592,0.004055987824685871
9639,0.004018068313598633,0.004058106252923608
9640,0.0039142644964158535,0.004057693900540471
9641,0.0039321044459939,0.004056649375706911
9642,0.004036454949527979,0.004057956202886999
9643,0.004074917174875736,0.004058053898625076
9644,0.003889654064550996,0.004057563312817365
9645,0.004021289758384228,0.004056158747989685
9646,0.00383123941719532,0.004054566158447415
9647,0.0038566607981920242,0.0040538582880981265
9648,0.0038575492799282074,0.0040526962582953276
9649,0.003967028111219406,0.004052825581748038
9650,0.003817478660494089,0.004050417968537659
9651,0.003891874337568879,0.004049623538739979
9652,0.003904579905793071,0.00404904157621786
9653,0.0038613355718553066,0.004047544633504003
9654,0.003809908404946327,0.0040457907156087455
9655,0.00389968603849411,0.004045582471881062
9656,0.004157147370278835,0.004044343533460051
9657,0.003901904448866844,0.004044646923430264
9658,0.0038231313228607178,0.004043879404198378
9659,0.004331487230956554,0.004045778184663504
9660,0.003926806151866913,0.004044897330459207
9661,0.004089485853910446,0.004043594466056674
9662,0.003909840248525143,0.004040892461780458
9663,0.0040696896612644196,0.0040413639810867605
9664,0.003991484642028809,0.004039163563866168
9665,0.004101389087736607,0.0040340615366585555
9666,0.00404222821816802,0.004032596384640783
9667,0.0038316247519105673,0.00403087689075619
9668,0.0037394515238702297,0.0040230010682716965
9669,0.004004858434200287,0.004022431680932641
9670,0.003968748264014721,0.004020115374587476
9671,0.003783883061259985,0.004016157444566488
9672,0.004019490443170071,0.004016408883035183
9673,0.004128896165639162,0.004019550771918148
9674,0.0038590957410633564,0.004018353938590735
9675,0.003922878764569759,0.0040162397525273265
9676,0.003988915588706732,0.004012856923509389
9677,0.0037627352867275476,0.004006422320380807
9678,0.003915081266313791,0.004007180738262832
9679,0.0037343809381127357,0.0040047055343165995
9680,0.0038251716177910566,0.003995093556586653
9681,0.003945112228393555,0.003992443496827036
9682,0.0037129472475498915,0.003990182150155306
9683,0.004068606998771429,0.003990031671710312
9684,0.004012729972600937,0.00399149461183697
9685,0.0038829410914331675,0.003990920267533511
9686,0.0045713018625974655,0.003994604160543531
9687,0.00443305354565382,0.003999270850326866
9688,0.004311033524572849,0.004001434480305761
9689,0.004042199347168207,0.003998410075437278
9690,0.0038052676245570183,0.003996005996596068
9691,0.003966866992413998,0.003992103862110526
9692,0.003967581316828728,0.003992303393315524
9693,0.00382842100225389,0.003990765186026693
9694,0.004132039844989777,0.003992522512562573
9695,0.0038575632497668266,0.003990189810283482
9696,0.003954701591283083,0.0039898609928786756
9697,0.0037782187573611736,0.003985021132975817
9698,0.003988620825111866,0.003982818746007979
9699,0.004040380008518696,0.003983155065216124
9700,0.004127140156924725,0.003982513747178018
9701,0.003827195381745696,0.003981446635443717
9702,0.0039404951967298985,0.003982556501869112
9703,0.0038480686489492655,0.003976376284845174
9704,0.0037874027621001005,0.003973747489508242
9705,0.004059967119246721,0.0039745700522325934
9706,0.004035908728837967,0.003974059314932674
9707,0.004041737876832485,0.003973551418166608
9708,0.004082908853888512,0.003971852983813733
9709,0.003987494856119156,0.003970636033918709
9710,0.0039025219157338142,0.0039696141635067765
9711,0.0039254408329725266,0.003968559878412634
9712,0.003935294691473246,0.003968183209653944
9713,0.003796636126935482,0.003966513040941208
9714,0.0037615234032273293,0.003959914974402636
9715,0.004062646999955177,0.003963496834039688
9716,0.003963787108659744,0.003964125863276422
9717,0.004103492945432663,0.003962756511755288
9718,0.003764584194868803,0.003956527267582714
9719,0.004136861767619848,0.003958167009986937
9720,0.004135399125516415,0.003960188739001751
9721,0.004070218186825514,0.0039604249177500606
9722,0.003888735082000494,0.0039611690025776625
9723,0.003949982114136219,0.00396072234492749
9724,0.003918620757758617,0.003959694420918822
9725,0.00404663709923625,0.003960795854218304
9726,0.0037707858718931675,0.003958918498829007
9727,0.003801304381340742,0.003957263585180044
9728,0.003780655562877655,0.003955439846031368
9729,0.0039075626991689205,0.003955148984678089
9730,0.003962307702749968,0.00395440892316401
9731,0.0037934889551252127,0.003953723858576268
9732,0.0038616498932242393,0.003950581678654998
9733,0.003909646067768335,0.003950510041322559
9734,0.003835404757410288,0.003950369167141616
9735,0.004062541760504246,0.003951881197281182
9736,0.003953101579099894,0.0039525541523471475
9737,0.003910238854587078,0.003951947330497205
9738,0.0037404014728963375,0.003951032783370465
9739,0.003915001638233662,0.003950002116616815
9740,0.003990713972598314,0.00395076661137864
9741,0.0038080085068941116,0.003949525651987642
9742,0.0038235774263739586,0.0039473968767561015
9743,0.003913227468729019,0.003945779979694634
9744,0.0037235738709568977,0.0039441191777586935
9745,0.004047006834298372,0.0039443763485178356
9746,0.004032516852021217,0.003946389122866094
9747,0.004156313370913267,0.003949385648593306
9748,0.003967350348830223,0.003950483659282327
9749,0.004254916682839394,0.0039533625449985265
9750,0.0037020298186689615,0.003952208056580276
9751,0.003808610374107957,0.003951375416945666
9752,0.003806113498285413,0.0039503907528705895
9753,0.0038511394523084164,0.003950288791675121
9754,0.004002343863248825,0.003952213146258146
9755,0.0040058293379843235,0.003953274579253048
9756,0.003973845392465591,0.003951441559474915
9757,0.004024968482553959,0.003952672199811786
9758,0.003785868175327778,0.003952299568336457
9759,0.003942469600588083,0.0039484093920327725
9760,0.0038798877503722906,0.003947940208017826
9761,0.003889343934133649,0.003945938788820058
9762,0.003937404602766037,0.003946214432362467
9763,0.0039377701468765736,0.003944895237218589
9764,0.0037248125299811363,0.003942228516098112
9765,0.0038990755565464497,0.00394020538078621
9766,0.004237775690853596,0.003942160855513066
9767,0.0038400827907025814,0.003942245435900986
9768,0.003935804590582848,0.003944208966568112
9769,0.003846449311822653,0.003942624875344336
9770,0.004107621498405933,0.003944013607688248
9771,0.004117561504244804,0.003947350392118096
9772,0.0040136720053851604,0.0039472922077402476
9773,0.003872740315273404,0.003944730649236589
9774,0.004509890452027321,0.0039512385963462295
9775,0.00409860722720623,0.003952995880972594
9776,0.004320093430578709,0.003956307659391314
9777,0.0037612500600516796,0.003956292807124555
9778,0.003944535739719868,0.003956587351858616
9779,0.004055168479681015,0.003959795227274299
9780,0.003979951608926058,0.003961343027185649
9781,0.003757278434932232,0.003959464689251036
9782,0.003835153765976429,0.0039606867544353
9783,0.00384290493093431,0.00395842973375693
9784,0.0044812364503741264,0.003963114798534661
9785,0.00383403105661273,0.0039626256981864574
9786,0.0040141744539141655,0.003957054424099624
9787,0.003901365213096142,0.003951737540774047
9788,0.004064282402396202,0.003949270029552281
9789,0.003853434696793556,0.003947382383048534
9790,0.0038752839900553226,0.003948082546703518
9791,0.003825501538813114,0.003946668892167509
9792,0.0038902803789824247,0.0039458958827890455
9793,0.003971974365413189,0.0039473314164206385
9794,0.0036395578645169735,0.00394240659661591
9795,0.0038295809645205736,0.003942126773763448
9796,0.004055844619870186,0.003943138204049319
9797,0.003929796628654003,0.003944653982762248
9798,0.0038239306304603815,0.003943007080815733
9799,0.0039047468453645706,0.003941650749184191
9800,0.004184544552117586,0.0039422247931361195
9801,0.0038535785861313343,0.003942488625179976
9802,0.003848013700917363,0.003941563810221851
9803,0.003985079936683178,0.00394293392309919
9804,0.004011061042547226,0.003945170505903661
9805,0.004139876924455166,0.003945969603955745
9806,0.003781804582104087,0.003943428562488407
9807,0.0038872375153005123,0.003941883558873087
9808,0.0038013181183487177,0.003939067651517689
9809,0.003941467963159084,0.003938607382588088
9810,0.004151163622736931,0.00394109379965812
9811,0.0038730953820049763,0.0039405703451484446
9812,0.004021624568849802,0.00394143364392221
9813,0.0037357790861278772,0.003940825073514133
9814,0.003887368831783533,0.003942083527799695
9815,0.0039686113595962524,0.003941143171396107
9816,0.0038089826703071594,0.003939595127012581
9817,0.004005072638392448,0.003938610923942178
9818,0.0038140001706779003,0.00393910508370027
9819,0.003889915067702532,0.003936635616701096
9820,0.0038427463732659817,0.003933709089178592
9821,0.0039310031570494175,0.003932316938880831
9822,0.003855413757264614,0.003931983725633473
9823,0.004156670533120632,0.0039340506098233165
9824,0.0038941288366913795,0.003933805690612644
9825,0.004122644662857056,0.003934565766248852
9826,0.003821917111054063,0.003935077078640461
9827,0.0038178162649273872,0.003935242197476327
9828,0.004255966749042273,0.003939995309337974
9829,0.0037949304096400738,0.003938868986442685
9830,0.003974231891334057,0.003938988228328526
9831,0.004173518158495426,0.003942788520362228
9832,0.0038941730745136738,0.003943113752175122
9833,0.003805506508797407,0.0039420723565854136
9834,0.0042351726442575455,0.003946070035453886
9835,0.004298618994653225,0.003948430807795376
9836,0.0038282100576907396,0.003947181892581284
9837,0.003873430425301194,0.003946813808288425
9838,0.003856470575556159,0.003947974499315023
9839,0.0037954039871692657,0.003946778522804379
9840,0.0039005340076982975,0.003945876723155379
9841,0.00420130230486393,0.0039498096611350775
9842,0.0038081344682723284,0.003949655231554061
9843,0.0039031594060361385,0.003949554550927132
9844,0.003859524382278323,0.003950914056040347
9845,0.004050484858453274,0.003950948836281895
9846,0.004150715656578541,0.003952130824327469
9847,0.003821849822998047,0.0039487861888483165
9848,0.004012919031083584,0.00394924187567085
9849,0.0039427331648766994,0.003946120040491223
9850,0.004047215450555086,0.003949571896810084
9851,0.0038707710336893797,0.003950193503405899
9852,0.003978337161242962,0.003951915740035474
9853,0.004046809859573841,0.0039538724441081285
9854,0.004058046266436577,0.003954429468140006
9855,0.004228326492011547,0.003956654439680279
9856,0.0038349099922925234,0.003955265085678548
9857,0.003957902081310749,0.003954594421666116
9858,0.0036875202786177397,0.003953610942699015
9859,0.003838491626083851,0.003952571162953973
9860,0.003945625852793455,0.003953228543978184
9861,0.004045441746711731,0.003954789522103965
9862,0.0039277165196835995,0.003954692641273141
9863,0.003965067211538553,0.003954965611919761
9864,0.0037186609115451574,0.003954904095735401
9865,0.003765648230910301,0.003953569822479039
9866,0.0038551087491214275,0.003949743153061718
9867,0.0037274290807545185,0.003948616615962237
9868,0.0037896444555372,0.0039471550146117805
9869,0.003933854401111603,0.00394802906550467
9870,0.0036406053695827723,0.003943358904216439
9871,0.003980431705713272,0.0039419876062311236
9872,0.0037582064978778362,0.00393943295115605
9873,0.0037102645728737116,0.003937808193732053
9874,0.0038580624386668205,0.003931289913598448
9875,0.0036521144211292267,0.003926824985537678
9876,0.004018435254693031,0.003923808403778821
9877,0.003997545689344406,0.0039261713600717485
9878,0.0038271790836006403,0.003924997793510556
9879,0.0037933755666017532,0.003922379864379763
9880,0.003813955932855606,0.003920719907619059
9881,0.0039352308958768845,0.003922499432228506
9882,0.004233197309076786,0.003926479867659509
9883,0.003977110143750906,0.0039278219197876755
9884,0.004110241774469614,0.00392411197302863
9885,0.003682357957586646,0.0039225952420383695
9886,0.003809332847595215,0.003920546825975179
9887,0.0038654617965221405,0.0039201877918094395
9888,0.004139847122132778,0.003920943439006805
9889,0.003827949520200491,0.003920688587240875
9890,0.00389102753251791,0.003920846022665501
9891,0.003718523308634758,0.0039197762403637175
9892,0.003776982193812728,0.00391864325851202
9893,0.00374361383728683,0.003916359653230756
9894,0.0038808758836239576,0.003918772833421826
9895,0.003954347223043442,0.003920020496007055
9896,0.003809332614764571,0.003917555375955999
9897,0.003914217464625835,0.003917399584315718
9898,0.003847356652840972,0.003917633844539523
9899,0.003967215307056904,0.003918258529156446
9900,0.003756900317966938,0.00391398208681494
9901,0.004021244589239359,0.003915658746846021
9902,0.0037681928370147943,0.003914860538206995
9903,0.0039521269500255585,0.003914531008340418
9904,0.004044884350150824,0.003914869241416454
9905,0.0038960573729127645,0.0039124310459010304
9906,0.003881886601448059,0.00391343186609447
9907,0.0038624838925898075,0.003913184329867363
9908,0.003747940994799137,0.0039126505586318675
9909,0.004023657646030188,0.003913472455460578
9910,0.004038010723888874,0.003912340926472097
9911,0.003960137255489826,0.003913211345206946
9912,0.00381498783826828,0.003911144977901131
9913,0.0037097888998687267,0.003910885076038539
9914,0.0038779545575380325,0.0039107909332960844
9915,0.003814407391473651,0.003909248893614858
9916,0.003860590048134327,0.0039097649673931305
9917,0.0039352672174572945,0.003909066913183779
9918,0.003802336286753416,0.003908950274344534
9919,0.00401858426630497,0.003910236966330558
9920,0.003945199307054281,0.003911261495668441
9921,0.0037848108913749456,0.0039097995730116965
9922,0.004104668740183115,0.003912292122840881
9923,0.0036787274293601513,0.003907512691803276
9924,0.003982230089604855,0.003908393704332411
9925,0.0036402950063347816,0.0039035702077671887
9926,0.003834335133433342,0.0039036943879909814
9927,0.003876448143273592,0.003904280706774443
9928,0.0037314153742045164,0.003899035193026066
9929,0.0037865620106458664,0.003898951509036124
9930,0.004161439370363951,0.003900823583826423
9931,0.003839136566966772,0.0038974797679111363
9932,0.00379681633785367,0.003896506200544536
9933,0.004144822247326374,0.0038998993579298256
9934,0.00385942030698061,0.0038961418345570564
9935,0.003553493181243539,0.0038886905764229595
9936,0.004305269569158554,0.003893461171537638
9937,0.0037828441709280014,0.0038925553089939058
9938,0.0038074860349297523,0.003892065463587642
9939,0.0037751328200101852,0.003891862751916051
9940,0.0038066538982093334,0.003890923950821161
9941,0.00409140158444643,0.0038898249436169863
9942,0.004030353855341673,0.0038920471374876797
9943,0.0038320969324558973,0.0038913365127518774
9944,0.0037768001202493906,0.003890509270131588
9945,0.0037470138631761074,0.0038874745601788162
9946,0.0038108034059405327,0.0038840754376724363
9947,0.003938338719308376,0.0038852403266355397
9948,0.003925376571714878,0.0038843649020418526
9949,0.003963470458984375,0.0038845722749829294
9950,0.0039212689734995365,0.0038833128102123736
9951,0.0037713751662522554,0.0038823188515380025
9952,0.0037781065329909325,0.0038803165452554822
9953,0.004038072191178799,0.003880229168571532
9954,0.00388585333712399,0.003878507239278406
9955,0.003928155638277531,0.0038755055307410657
9956,0.004064933396875858,0.003877805764786899
9957,0.0038309809751808643,0.0038765365537256004
9958,0.004004116635769606,0.003879702517297119
9959,0.004207719583064318,0.0038833947968669237
9960,0.0037620733492076397,0.0038815592718310656
9961,0.003987831063568592,0.003880983164999634
9962,0.003958951681852341,0.0038812955166213216
9963,0.0037384922616183758,0.0038790297671221197
9964,0.0036716682370752096,0.00387855984037742
9965,0.004104414023458958,0.003881947498302907
9966,0.0037144527304917574,0.00388054093811661
9967,0.0038271688390523195,0.0038815383356995883
9968,0.003802151884883642,0.0038816634099930526
9969,0.003810716327279806,0.0038804320292547346
9970,0.0039666625671088696,0.0038836926012299957
9971,0.0038874298334121704,0.0038827625825069846
9972,0.0038949185982346535,0.003884129703510553
9973,0.00365784065797925,0.0038836054643616082
9974,0.003933322615921497,0.0038843580661341547
9975,0.0038359747268259525,0.003886196669191122
9976,0.003861097153276205,0.003884623288176954
9977,0.003989627119153738,0.0038845441024750473
9978,0.0036974726244807243,0.003883247037883848
9979,0.004004661925137043,0.003885359901469201
9980,0.003800199367105961,0.003885222335811704
9981,0.0037973278667777777,0.0038838433055207134
9982,0.0038082024548202753,0.003879593356978148
9983,0.0037450678646564484,0.0038772729341872035
9984,0.003695407882332802,0.0038731245952658357
9985,0.003710147924721241,0.0038734024949371813
9986,0.003877383191138506,0.0038740829983726142
9987,0.003762715496122837,0.003873055535368621
9988,0.003908840473741293,0.0038707454688847063
9989,0.003832544432953,0.0038707914180122318
9990,0.0038363072089850903,0.0038702442147769034
9991,0.003948874305933714,0.003872547724749893
9992,0.00383956590667367,0.003873173561878502
9993,0.0036599671002477407,0.0038723370945081114
9994,0.0038085761480033398,0.0038716140971519052
9995,0.0037157025653868914,0.00386922765057534
9996,0.00385857280343771,0.0038697200524620712
9997,0.0038133924826979637,0.0038687118026427924
9998,0.0037307189777493477,0.003867545425891876
9999,0.0038274582475423813,0.003866147855296731
