step,loss,moving_avg
0,0.38180267810821533,0.38180267810821533
1,0.2468319833278656,0.31431733071804047
2,0.23725196719169617,0.28862887620925903
3,0.23274314403533936,0.2746574431657791
4,0.2299676090478897,0.2657194763422012
5,0.22838076949119568,0.2594963585337003
6,0.2264518141746521,0.25477570933955057
7,0.22252508997917175,0.2507443819195032
8,0.21785786747932434,0.24709032475948334
9,0.19816045463085175,0.24219733774662017
10,0.16541922092437744,0.2352175089445981
11,0.14147451519966125,0.2274055927991867
12,0.12429139018058777,0.2194737310592945
13,0.11198688298463821,0.21179609905396188
14,0.10347333550453186,0.2045745814839999
15,0.09804125130176544,0.19791624834761024
16,0.09690821170806885,0.19197459913351955
17,0.09850861132144928,0.18678204425507122
18,0.09999305009841919,0.18221420245735268
19,0.1003565862774849,0.1781213216483593
20,0.10004877299070358,0.17440358123608998
21,0.09914026409387589,0.17098252136598935
22,0.0978103056550026,0.16780112068290295
23,0.09636323153972626,0.16482454196860394
24,0.09506355226039886,0.1620341023802757
25,0.09416069835424423,0.15942358684081298
26,0.09389142692089081,0.15699646980674178
27,0.09349314123392105,0.1547284937862839
28,0.09357154369354248,0.15261963343825832
29,0.09374238550662994,0.15065705850720407
30,0.09366202354431152,0.14881850899227203
31,0.09323346614837646,0.1470814764034003
32,0.09260645508766174,0.14543071818171124
33,0.091997429728508,0.1438591508742641
34,0.09164918214082718,0.1423674374818802
35,0.09172114729881287,0.1409605960879061
36,0.09198200702667236,0.1396368504376025
37,0.09213577210903168,0.13838682206053482
38,0.0920594185590744,0.13719893991947174
39,0.09179183840751648,0.13606376238167286
40,0.09147098660469055,0.13497613370418549
41,0.09128643572330475,0.1339359027998788
42,0.09130748361349106,0.13294454421414886
43,0.09142415970563889,0.13200089911168272
44,0.09145297110080719,0.13109983404477438
45,0.09133244305849075,0.13023532554507256
46,0.0911359041929245,0.12940342296311197
47,0.09099248051643372,0.12860319499547282
48,0.09096822142601013,0.12783513431038176
49,0.09101151674985886,0.1270986619591713
50,0.0910133644938469,0.12639110710691004
51,0.09093382954597473,0.12570923638458437
52,0.09081360697746277,0.1250508282825632
53,0.0907265916466713,0.12441519427078741
54,0.0907004252076149,0.12380219846963883
55,0.09070351719856262,0.12321115058979817
56,0.0906887874007225,0.12264058281455123
57,0.09062913060188293,0.12208866122467764
58,0.09054607152938843,0.12155404106035071
59,0.09048091620206833,0.121036155646046
60,0.09044806659221649,0.12053471156319634
61,0.09042824804782867,0.12004912344198074
62,0.09040254354476929,0.11957854280869167
63,0.09035056829452515,0.11912185570690781
64,0.09029313921928406,0.1186783369917136
65,0.09025094658136368,0.11824761895519315
66,0.09022441506385803,0.1178293621806956
67,0.09019942581653595,0.11742303958710502
68,0.09016356617212296,0.11702797475500383
69,0.09011618793010712,0.11664352065750531
70,0.09006646275520325,0.11626919589831795
71,0.09003052115440369,0.11590476986020803
72,0.09000024944543839,0.11554991341617009
73,0.08996573835611343,0.11520418132076392
74,0.08991740643978119,0.11486702432235082
75,0.08986695110797882,0.11453807599058277
76,0.089302197098732,0.11421033730367561
77,0.08822353929281235,0.11387717322661327
78,0.08817817270755768,0.11355186942257459
79,0.0882917195558548,0.1132361175492406
80,0.08825543522834778,0.11292771406379747
81,0.08815726637840271,0.11262563543348778
82,0.08802596479654312,0.11232925385954869
83,0.08795428276062012,0.11203907563218049
84,0.0879138708114624,0.11175524969311322
85,0.08787839114665985,0.11147761180303818
86,0.08785218745470047,0.11120605520133314
87,0.08783238381147385,0.11094044529917566
88,0.08780934661626816,0.11068054531397445
89,0.08778028190135956,0.11042609794272316
90,0.08774939924478531,0.11017690345153704
91,0.08772268146276474,0.10993283582122429
92,0.08769834041595459,0.1096937552254687
93,0.08767327666282654,0.10945949481522783
94,0.08764465898275375,0.10922986496435969
95,0.0874577984213829,0.10900307260453701
96,0.08670039474964142,0.10877314809056901
97,0.08630510419607162,0.10854388233654354
98,0.0860118567943573,0.10831628611894568
99,0.08584843575954437,0.10809160761535168
100,0.08576231449842453,0.10513120397925377
101,0.08571098744869232,0.10351999402046204
102,0.08567948639392853,0.10200426921248436
103,0.08565670996904373,0.1005334048718214
104,0.08563409000635147,0.09909006968140602
105,0.08561012893915176,0.09766236327588558
106,0.08558155596256256,0.09625366069376469
107,0.08555038273334503,0.09488391362130642
108,0.0855189710855484,0.09356052465736867
109,0.08549366146326065,0.09243385672569275
110,0.0854635015130043,0.09163429953157902
111,0.08542846143245697,0.09107383899390697
112,0.08539620041847229,0.09068488709628582
113,0.08536448329687119,0.09041866309940814
114,0.08533306419849396,0.09023726038634777
115,0.08530092239379883,0.0901098570972681
116,0.0852685496211052,0.08999346047639847
117,0.08523914963006973,0.08986076585948467
118,0.08521074056625366,0.08971294276416301
119,0.08518106490373611,0.08956118755042553
120,0.08515289425849915,0.08941222876310348
121,0.08512543141841888,0.08927208043634892
122,0.08509771525859833,0.08914495453238487
123,0.08507263660430908,0.0890320485830307
124,0.08504834771156311,0.08893189653754234
125,0.0850229561328888,0.0888405191153288
126,0.08499646931886673,0.08875156953930854
127,0.08496700972318649,0.0886663082242012
128,0.0849345326423645,0.08857993811368942
129,0.08490154147148132,0.08849152967333794
130,0.08486981689929962,0.08840360760688781
131,0.0848378837108612,0.08831965178251266
132,0.08480514585971832,0.08824163869023323
133,0.08477283269166946,0.08816939271986485
134,0.08474040031433105,0.08810030490159988
135,0.0847085565328598,0.08803017899394035
136,0.08467666804790497,0.08795712560415268
137,0.0846467837691307,0.08788223572075367
138,0.08461634814739227,0.08780780501663685
139,0.08458663523197174,0.0877357529848814
140,0.08455565571784973,0.087666599676013
141,0.08452530205249786,0.08759898833930492
142,0.08449426293373108,0.08753085613250733
143,0.08445882797241211,0.08746120281517505
144,0.08441981673240662,0.08739087127149105
145,0.08438268303871155,0.08732137367129326
146,0.08434398472309113,0.08725345447659492
147,0.08430612832307816,0.08718659095466137
148,0.08426718413829803,0.08711958058178425
149,0.08423103392124176,0.08705177575349808
150,0.08419419825077057,0.08698358409106731
151,0.08415691554546356,0.08691581495106221
152,0.08412480354309082,0.08684892691671849
153,0.08409208059310913,0.08678258180618287
154,0.08406239748001099,0.08671620152890683
155,0.08402425050735474,0.08664940886199474
156,0.08398455381393433,0.08658236652612686
157,0.08394628018140793,0.0865155380219221
158,0.08391208946704865,0.08644919820129872
159,0.08387511968612671,0.0863831402361393
160,0.08384188264608383,0.08631707839667797
161,0.08381041884422302,0.08625090010464191
162,0.08377842605113983,0.08618465892970562
163,0.08374859392642975,0.08611863918602466
164,0.08372242748737335,0.08605293206870555
165,0.08369114995002747,0.08598733410239219
166,0.08366139978170395,0.08592170394957066
167,0.08363286405801773,0.08585603833198548
168,0.08360700309276581,0.0857904727011919
169,0.08358052372932434,0.08572511605918408
170,0.08355440199375153,0.08565999545156956
171,0.08353084325790405,0.08559499867260456
172,0.08350741863250732,0.08553007036447526
173,0.08348613977432251,0.08546527437865734
174,0.08346622437238693,0.0854007625579834
175,0.08344928175210953,0.0853365858644247
176,0.08342961966991425,0.08527786009013653
177,0.08340878784656525,0.08522971257567406
178,0.08339034020900726,0.08518183425068855
179,0.08337071537971497,0.08513262420892716
180,0.08335474878549576,0.08508361734449864
181,0.08333803713321686,0.08503542505204678
182,0.0833207294344902,0.08498837269842624
183,0.083303302526474,0.08494186289608478
184,0.08328583836555481,0.08489558257162572
185,0.08326827734708786,0.08484948143362998
186,0.08325600624084473,0.08480351962149144
187,0.0832376629114151,0.08475757241249085
188,0.0832199826836586,0.08471167877316475
189,0.08319241553544998,0.08466580010950565
190,0.08316401392221451,0.08461994625627994
191,0.08311362564563751,0.08457385569810867
192,0.08307749032974243,0.08452764719724655
193,0.08303868025541306,0.08448130123317242
194,0.08301413059234619,0.08443499594926834
195,0.08298619091510773,0.0843902798742056
196,0.08296627551317215,0.08435293868184089
197,0.08294113725423813,0.08431929901242256
198,0.08291977643966675,0.08428837820887565
199,0.08289702981710434,0.08425886414945126
200,0.08287797123193741,0.08423002071678638
201,0.0828506350517273,0.08420141719281674
202,0.08282999694347382,0.08417292229831219
203,0.08275625109672546,0.08414391770958901
204,0.08272892981767654,0.08411486610770226
205,0.08268536627292633,0.08408561848104
206,0.08265194296836853,0.08405632235109806
207,0.08262799680233002,0.08402709849178791
208,0.08259621262550354,0.08399787090718747
209,0.08257152885198593,0.08396864958107471
210,0.08254151046276093,0.08393942967057227
211,0.08252597600221634,0.08391040481626988
212,0.08248552680015564,0.08388129808008671
213,0.0824432373046875,0.08385208562016487
214,0.08239597082138062,0.08382271468639374
215,0.08236406743526459,0.08379334613680839
216,0.08235319703817368,0.08376419261097907
217,0.08228141069412231,0.08373461522161961
218,0.08223093301057816,0.08370481714606286
219,0.08223028481006622,0.08367530934512615
220,0.08219581842422485,0.08364573858678341
221,0.0821332186460495,0.08361581645905972
222,0.08209391683340073,0.08358577847480773
223,0.0820300281047821,0.08355535238981247
224,0.08197759091854095,0.08352464482188225
225,0.08191785216331482,0.08349359378218651
226,0.08186650276184082,0.08346229411661625
227,0.08183643221855164,0.0834309883415699
228,0.0817887932062149,0.08339953094720841
229,0.08174154907464981,0.08336793102324008
230,0.08173613995313644,0.08333659425377846
231,0.0818377137184143,0.08330659255385399
232,0.08160264790058136,0.08327456757426262
233,0.08188600838184357,0.08324569933116437
234,0.08155575394630432,0.08321385286748409
235,0.08224599063396454,0.08318922720849514
236,0.08230680972337723,0.08316552862524987
237,0.08143965899944305,0.08313345737755298
238,0.08222512900829315,0.083109545186162
239,0.08250804990530014,0.08308875933289528
240,0.08167612552642822,0.08305996403098106
241,0.08164624869823456,0.08303117349743844
242,0.08198271691799164,0.08300605803728103
243,0.08152028918266296,0.08297667264938355
244,0.0816332995891571,0.08294880747795105
245,0.08189602941274643,0.0829239409416914
246,0.08146777004003525,0.08289517879486084
247,0.08147795498371124,0.08286689706146717
248,0.08168210089206696,0.08284104622900486
249,0.08131478726863861,0.08281188376247883
250,0.08136086165904999,0.08278355039656163
251,0.08144235610961914,0.08275640480220318
252,0.08115708827972412,0.08272672764956951
253,0.08133549988269806,0.0826991618424654
254,0.08137315511703491,0.08267226941883564
255,0.08096187561750412,0.08264164566993713
256,0.08120666444301605,0.08261386677622795
257,0.08120934665203094,0.08258649744093419
258,0.08085352927446365,0.08255591183900833
259,0.08109650015830994,0.08252812564373016
260,0.08102092891931534,0.08249991610646248
261,0.08076730370521545,0.0824694849550724
262,0.08086976408958435,0.08244039833545685
263,0.08063594996929169,0.08240927189588547
264,0.08069248497486115,0.08237897247076034
265,0.08057096600532532,0.08234777063131332
266,0.08060590922832489,0.08231721572577953
267,0.08047007769346237,0.08228558786213398
268,0.08048482984304428,0.08225436612963677
269,0.08041378110647202,0.08222269870340825
270,0.08039326965808868,0.08219108738005161
271,0.08039975166320801,0.08215977646410465
272,0.08033651113510132,0.08212806738913059
273,0.08031699061393738,0.08209637589752675
274,0.08032695949077606,0.08206498324871063
275,0.08019998669624329,0.08203249029815197
276,0.08018491417169571,0.08200004324316978
277,0.0802103579044342,0.08196805894374848
278,0.08011159300804138,0.08193527147173882
279,0.08006977289915085,0.08190226204693317
280,0.08004876971244812,0.0818692022562027
281,0.08005987107753754,0.0818364205956459
282,0.08010300993919373,0.08180424340069294
283,0.07993407547473907,0.08177055113017559
284,0.08010692149400711,0.08173876196146011
285,0.0798652246594429,0.08170473143458366
286,0.07987666130065918,0.08167093798518181
287,0.08025570213794708,0.08164111837744713
288,0.07996591925621033,0.08160857774317265
289,0.08035846054553986,0.08158023819327355
290,0.08050423860549927,0.08155364044010639
291,0.07973964512348175,0.08151990063488483
292,0.08026245981454849,0.0814917503297329
293,0.07988427579402924,0.08146020628511906
294,0.080429308116436,0.08143435806035995
295,0.08061195909976959,0.08141061574220658
296,0.0796840488910675,0.08137779347598553
297,0.08079136908054352,0.08135629579424858
298,0.08129255473613739,0.08134002357721329
299,0.08008964359760284,0.08131194971501828
300,0.08007974922657013,0.0812839674949646
301,0.08062434196472168,0.08126170456409454
302,0.08001310378313065,0.08123353563249111
303,0.0798487514257431,0.0812044606357813
304,0.08007194101810455,0.08117789074778557
305,0.07970444858074188,0.08114808157086373
306,0.08000455796718597,0.0811216077208519
307,0.08022921532392502,0.08109761990606784
308,0.07963161915540695,0.08106797397136688
309,0.08030904829502106,0.08104534916579724
310,0.08093143254518509,0.08102924838662147
311,0.08017148822546005,0.08100570350885392
312,0.07955682277679443,0.0809764164686203
313,0.07988777756690979,0.08095086187124252
314,0.0796123743057251,0.08092302590608597
315,0.07978074997663498,0.08089719273149967
316,0.0799064114689827,0.08087272487580777
317,0.07953792065382004,0.08084528997540474
318,0.07980745285749435,0.0808210551738739
319,0.07986974716186523,0.0807974497973919
320,0.07947494089603424,0.08077024102210999
321,0.07978753745555878,0.08074678421020508
322,0.0798688530921936,0.08072453357279301
323,0.07936222851276398,0.08069785557687283
324,0.07969031482934952,0.08067498281598091
325,0.07963571697473526,0.08065216146409511
326,0.07931133359670639,0.08062660977244378
327,0.0794752836227417,0.08060299828648568
328,0.07927767932415009,0.08057788714766502
329,0.07944418489933014,0.08055491350591183
330,0.07931578159332275,0.08053070992231369
331,0.07938175648450851,0.08050615034997463
332,0.07939398288726807,0.0804840636998415
333,0.07920809090137482,0.08045728452503681
334,0.0793261006474495,0.08043498799204826
335,0.07915855944156647,0.08040411368012429
336,0.07925698161125183,0.08037361539900303
337,0.07912075519561768,0.08035042636096477
338,0.07917673140764236,0.08031994238495826
339,0.07906273007392883,0.08028548918664455
340,0.07908536493778229,0.08025958158075809
341,0.07903270423412323,0.08023344613611698
342,0.07897602021694183,0.08020337916910648
343,0.07900586724281311,0.08017823494970798
344,0.07896292209625244,0.08015153117477894
345,0.07888740301132202,0.0801214449107647
346,0.07886509597301483,0.0800954181700945
347,0.07886850833892822,0.08006932370364667
348,0.07883590459823608,0.08004086174070835
349,0.0787799209356308,0.08001551307737827
350,0.0787300318479538,0.07998920477926731
351,0.07869599759578705,0.079961741194129
352,0.07867316901683807,0.07993690200150012
353,0.0787075012922287,0.07991062201559544
354,0.0786094069480896,0.07988298453390598
355,0.0785558819770813,0.07985892459750175
356,0.0785183385014534,0.07983204133808613
357,0.0784820169210434,0.07980476804077626
358,0.07845193892717361,0.07978075213730335
359,0.078434057533741,0.07975412771105767
360,0.07843682914972305,0.07972828671336174
361,0.07832376658916473,0.07970385134220123
362,0.07827115058898926,0.07967786520719528
363,0.07826247811317444,0.07965413048863411
364,0.07827793061733246,0.07962998494505882
365,0.07812175899744034,0.07960549287497998
366,0.07818199694156647,0.07958125375211239
367,0.07806527614593506,0.07955720573663712
368,0.07798802107572556,0.07953223764896393
369,0.07796940207481384,0.07950779385864734
370,0.07795827090740204,0.07948344387114048
371,0.07784449309110641,0.07945789128541947
372,0.07777394354343414,0.0794322656095028
373,0.07773598283529282,0.07940645553171635
374,0.07778197526931763,0.07938100568950177
375,0.07771515846252441,0.07935615740716458
376,0.07759497314691544,0.07933025799691677
377,0.07754111289978027,0.07930356554687024
378,0.07755191624164581,0.07927796877920627
379,0.07754412293434143,0.07925271227955819
380,0.07737864553928375,0.07922601103782653
381,0.07754376530647278,0.0792008499801159
382,0.07738175988197327,0.07917363747954369
383,0.07723430544137955,0.07914663977921009
384,0.07720297574996948,0.07911760032176972
385,0.07718139886856079,0.0790907620638609
386,0.0770990327000618,0.07906298577785492
387,0.07705257833003998,0.07903095453977585
388,0.07706212997436523,0.0790019166469574
389,0.07695230841636658,0.07896785512566566
390,0.07677826285362244,0.0789305953681469
391,0.0771540105342865,0.07890473902225495
392,0.07693175971508026,0.07887143202126026
393,0.07705087214708328,0.0788430979847908
394,0.07689927518367767,0.07880779765546322
395,0.0769696831703186,0.07877137489616871
396,0.0769088864326477,0.07874362327158452
397,0.07655389606952667,0.07870124854147434
398,0.07640022039413452,0.07865232519805432
399,0.07688895612955093,0.0786203183233738
400,0.07674072682857513,0.07858692809939384
401,0.07659924775362015,0.07854667715728283
402,0.0764244943857193,0.07851079106330872
403,0.07624749094247818,0.07847477845847607
404,0.0761069655418396,0.07843512870371341
405,0.0763908177614212,0.0784019923955202
406,0.07633733749389648,0.07836532019078732
407,0.07601050287485123,0.07832313306629658
408,0.0759049504995346,0.07828586637973785
409,0.07594823837280273,0.07824225828051568
410,0.07574140280485153,0.07819035798311233
411,0.07566258311271667,0.0781452689319849
412,0.07573290169239044,0.07810702972114086
413,0.07612333446741104,0.07806938529014587
414,0.07569627463817596,0.07803022429347038
415,0.07719295471906662,0.0780043463408947
416,0.07697032392024994,0.07797498546540738
417,0.07614938169717789,0.07794110007584094
418,0.07610881328582764,0.07790411368012429
419,0.0754961222410202,0.07786037743091584
420,0.07582786679267883,0.07782390668988227
421,0.07632549107074738,0.07778928622603416
422,0.07590173184871674,0.0777496150135994
423,0.07560288906097412,0.0777120216190815
424,0.07617070525884628,0.07767682552337646
425,0.07600881159305573,0.07764055646955967
426,0.07635020464658737,0.07761094518005848
427,0.0759800374507904,0.07757599271833897
428,0.0756634995341301,0.07753985092043876
429,0.07556308805942535,0.07750103995203972
430,0.0756247490644455,0.07746412962675095
431,0.07563334703445435,0.0774266455322504
432,0.07535948604345322,0.07738630056381225
433,0.07579904794692993,0.07735221013426781
434,0.07513685524463654,0.07731031768023967
435,0.07539872825145721,0.07727271936833859
436,0.07495544850826263,0.0772297040373087
437,0.07617213577032089,0.07720021784305572
438,0.0756925418972969,0.07716537594795227
439,0.07594567537307739,0.07713420540094376
440,0.0757082924246788,0.07710043467581272
441,0.0750870630145073,0.07706097826361656
442,0.07491815090179443,0.07702039957046508
443,0.07476980984210968,0.07697803899645805
444,0.07546782493591309,0.07694308802485467
445,0.07511957734823227,0.07690540976822376
446,0.0753118097782135,0.07686987690627575
447,0.07528789341449738,0.07683407075703144
448,0.07511509954929352,0.07679686270654201
449,0.07497040927410126,0.07675876758992672
450,0.07451143860816956,0.07671658165752887
451,0.07432152330875397,0.07667283691465855
452,0.07550966739654541,0.07664120189845562
453,0.07532890141010284,0.07660741589963437
454,0.0742633193731308,0.07656395502388477
455,0.07437040656805038,0.07652210026979446
456,0.07449039071798325,0.07648182079195977
457,0.07429316639900208,0.07643993228673934
458,0.0746770054101944,0.07640218295156956
459,0.07434020936489105,0.07636124446988106
460,0.07492175698280334,0.07632609374821187
461,0.07471439242362976,0.07629000000655652
462,0.0741557776927948,0.07624884627759457
463,0.07420237362384796,0.0762082452327013
464,0.07443778216838837,0.07616984374821185
465,0.07422386109828949,0.07613086476922035
466,0.07449124753475189,0.07609395727515221
467,0.07425723224878311,0.07605587683618069
468,0.07410891354084015,0.07601708576083183
469,0.07404977828264236,0.07597788952291012
470,0.07464531064033508,0.07594475992023945
471,0.07420258224010468,0.07590834081172942
472,0.07468114793300629,0.07587741285562516
473,0.07461950927972794,0.0758462481200695
474,0.07372122257947922,0.07580564059317112
475,0.07367808371782303,0.07576526984572411
476,0.07446126639842987,0.07573393277823925
477,0.07411663234233856,0.07569968797266484
478,0.07409187406301498,0.07566508755087853
479,0.07375949621200562,0.07562724128365517
480,0.07383666932582855,0.07559182152152061
481,0.07344922423362732,0.07555087611079216
482,0.07542122900485992,0.07553127080202103
483,0.07565377652645111,0.07551546551287175
484,0.07385919243097305,0.07548202767968178
485,0.07673734426498413,0.07547758713364601
486,0.07859425246715546,0.07549253933131694
487,0.07617976516485214,0.07548381119966507
488,0.0743790790438652,0.07545698069036007
489,0.07459888607263565,0.07543344646692277
490,0.0744217187166214,0.07540988102555275
491,0.07424957305192947,0.07538083665072919
492,0.07405661046504974,0.07535208515822887
493,0.07412129640579224,0.07532278940081596
494,0.07395966351032257,0.07529339328408241
495,0.073906309902668,0.0752627595514059
496,0.07361168414354324,0.07522978752851486
497,0.0737370103597641,0.07520161867141724
498,0.07352254539728165,0.07517284192144871
499,0.07357867062091827,0.07513973906636238
500,0.07353071868419647,0.0751076389849186
501,0.07377349585294724,0.07507938146591187
502,0.07370245456695557,0.07505216106772422
503,0.07308518886566162,0.07502053804695606
504,0.07292415201663971,0.07498870991170406
505,0.07324298471212387,0.07495723158121109
506,0.07289180159568787,0.07492277622222901
507,0.07355977594852448,0.07489826895296574
508,0.0733540803194046,0.07487276025116443
509,0.07291953265666962,0.07484247319400311
510,0.07285277545452118,0.0748135869204998
511,0.07270903885364532,0.07478405147790909
512,0.07259893417358398,0.07475271180272103
513,0.07261115312576294,0.07471758998930454
514,0.07260496914386749,0.07468667693436146
515,0.07232552766799927,0.07463800266385079
516,0.07294918596744537,0.07459779128432274
517,0.07261906564235687,0.07456248812377453
518,0.07309558987617493,0.074532355889678
519,0.0731300488114357,0.07450869515538215
520,0.07286573946475983,0.07447907388210297
521,0.07256408780813217,0.07444145984947681
522,0.07239168882369995,0.07440635941922664
523,0.0721990242600441,0.07437232077121735
524,0.07256670296192169,0.07433628074824811
525,0.07234503328800201,0.07429964296519756
526,0.07257039844989777,0.07426184490323066
527,0.07238136976957321,0.0742258582264185
528,0.07238840311765671,0.07419310726225375
529,0.0723913162946701,0.07416138954460622
530,0.07197390496730804,0.07412488110363484
531,0.07189035415649414,0.07408745117485523
532,0.07216434180736542,0.07405549973249435
533,0.07179586589336395,0.07401546791195869
534,0.07243961095809937,0.07398849546909332
535,0.07234534621238708,0.07395796164870262
536,0.07195205986499786,0.07392792776226997
537,0.07168637216091156,0.07388307012617588
538,0.07277962565422058,0.07385394096374512
539,0.07240542024374008,0.07381853841245174
540,0.07204689085483551,0.07378192439675331
541,0.0720139592885971,0.0737511933594942
542,0.07188598811626434,0.07372087173163891
543,0.07202495634555817,0.0736934231966734
544,0.07184146344661713,0.07365715958178043
545,0.07184795290231705,0.07362444333732128
546,0.07153230160474777,0.07358664825558663
547,0.07240653038024902,0.07355783462524414
548,0.07230500876903534,0.07352973371744156
549,0.07172135263681412,0.07349724315106869
550,0.07140660285949707,0.07346619479358196
551,0.07153119891881943,0.07343829154968262
552,0.07137492299079895,0.07339694410562515
553,0.07142071425914764,0.0733578622341156
554,0.0715709775686264,0.07333093881607056
555,0.07118980586528778,0.07329913280904293
556,0.07135126739740372,0.07326774157583714
557,0.07220735400915146,0.07324688345193862
558,0.07146410644054413,0.07321475446224213
559,0.07125794887542725,0.07318393185734749
560,0.07174544036388397,0.0731521686911583
561,0.07147523760795593,0.07311977714300155
562,0.07125270366668701,0.07309074640274048
563,0.07129640877246857,0.07306168675422668
564,0.07122224569320679,0.07302953138947486
565,0.0710964947938919,0.0729982577264309
566,0.07149716466665268,0.07296831689774991
567,0.0714523047208786,0.07294026762247086
568,0.0715976357460022,0.07291515484452248
569,0.07082151621580124,0.07288287222385406
570,0.07205525040626526,0.07285697162151336
571,0.07236833870410919,0.07283862918615341
572,0.07174792140722275,0.07280929692089558
573,0.07156544178724289,0.07277875624597073
574,0.0715881735086441,0.07275742575526238
575,0.07169383764266968,0.07273758329451084
576,0.07157106697559357,0.07270868130028248
577,0.07116968929767609,0.07267921186983585
578,0.0708790123462677,0.07264708325266839
579,0.0711604505777359,0.07262109279632568
580,0.070976123213768,0.07259248733520508
581,0.07151973247528076,0.07257319241762161
582,0.0714738667011261,0.07253371879458427
583,0.07058574259281158,0.07248303845524788
584,0.07045727968215942,0.07244901932775974
585,0.07102764397859573,0.07239192232489586
586,0.070845827460289,0.0723144380748272
587,0.07133950293064117,0.07226603545248508
588,0.07112286984920502,0.07223347336053848
589,0.07181039452552795,0.0722055884450674
590,0.07161054015159607,0.07217747665941715
591,0.07078056037425995,0.07214278653264046
592,0.07057763636112213,0.07210799679160118
593,0.07041101902723312,0.07207089401781559
594,0.07061463594436646,0.07203744374215602
595,0.07068657130002975,0.07200524635612965
596,0.07033248245716095,0.07197245433926583
597,0.07097277790307999,0.07194481201469899
598,0.07050065696239471,0.07191459313035012
599,0.07180626690387726,0.0718968690931797
600,0.07165268063545227,0.07187808871269226
601,0.07070411741733551,0.07184739492833614
602,0.07041185349225998,0.07181448891758918
603,0.07075466960668564,0.07179118372499943
604,0.07035596668720245,0.07176550187170505
605,0.07287048548460007,0.07176177687942982
606,0.07269808650016785,0.07175983972847462
607,0.07240019738674164,0.07174824394285678
608,0.07163777947425842,0.07173108093440533
609,0.07107086479663849,0.07171259425580502
610,0.07227180153131485,0.07170678451657295
611,0.07176011800765991,0.0716972953081131
612,0.07157856225967407,0.071687091588974
613,0.07140640914440155,0.07167504414916039
614,0.0715184286236763,0.07166417874395847
615,0.0712272971868515,0.071653196439147
616,0.07176126539707184,0.07164131723344326
617,0.07184223085641861,0.07163354888558388
618,0.07085537910461426,0.07161114677786827
619,0.07081371545791626,0.07158798344433308
620,0.07066735625267029,0.07156599961221217
621,0.07043330371379852,0.07154469177126885
622,0.07028792798519135,0.07152365416288375
623,0.07081185281276703,0.07150978244841098
624,0.07025004178285599,0.07148661583662033
625,0.07242562621831894,0.0714874217659235
626,0.07288215309381485,0.07149053931236267
627,0.07145287841558456,0.07148125439882279
628,0.0710422471165657,0.07146779283881187
629,0.07064936310052872,0.07145037330687046
630,0.07186399400234222,0.0714492741972208
631,0.07172726094722748,0.07144764326512813
632,0.07097379863262177,0.0714357378333807
633,0.07062433660030365,0.07142402254045009
634,0.07075005769729614,0.07140712700784206
635,0.07045486569404602,0.07138822220265865
636,0.07011274248361588,0.07136982902884484
637,0.07010681927204132,0.07135403349995613
638,0.0701451450586319,0.07132768869400025
639,0.07011450827121735,0.07130477957427502
640,0.06992514431476593,0.07128356210887432
641,0.06986589729785919,0.07126208148896694
642,0.06969045102596283,0.07124012611806392
643,0.06964197754859924,0.07121629633009434
644,0.06968635320663452,0.0711947452276945
645,0.06970078498125076,0.07117327354848385
646,0.06946641951799393,0.0711526147276163
647,0.0696481391787529,0.07112503081560134
648,0.06936033070087433,0.07109558403491974
649,0.06947959959506989,0.0710731665045023
650,0.06975086778402328,0.07105660915374756
651,0.0695396214723587,0.07103669337928295
652,0.07043015211820602,0.07102724567055702
653,0.07012046128511429,0.07101424314081668
654,0.06975893676280975,0.07099612273275852
655,0.06985154747962952,0.07098274014890193
656,0.06953626871109009,0.07096459016203881
657,0.06922478973865509,0.07093476451933384
658,0.07003656029701233,0.07092048905789852
659,0.07032221555709839,0.07091113172471523
660,0.07072170823812485,0.07090089440345765
661,0.07029545307159424,0.07088909655809403
662,0.07102477550506592,0.07088681727647782
663,0.07097293436527252,0.07088358253240586
664,0.06959324330091476,0.07086729250848293
665,0.07146978378295898,0.0708710253983736
666,0.07190130650997162,0.07087506681680679
667,0.07018385827541351,0.07086238235235215
668,0.07076738029718399,0.07085407979786396
669,0.07172421365976334,0.07086310677230358
670,0.07072828710079193,0.07084983713924885
671,0.0707845464348793,0.07083399921655655
672,0.07055322080850601,0.07082205221056938
673,0.07046058773994446,0.07081100367009639
674,0.06997136026620865,0.07079483553767205
675,0.06958747655153275,0.07077377192676067
676,0.06952044367790222,0.07075326569378376
677,0.06963836401700974,0.0707379524409771
678,0.06935608386993408,0.07072272315621377
679,0.07014739513397217,0.07071259260177612
680,0.07002311944961548,0.0707030625641346
681,0.07191276550292969,0.07070699289441108
682,0.07106269896030426,0.07070288121700287
683,0.06986875832080841,0.07069571137428284
684,0.06976813822984695,0.07068881995975972
685,0.06990142166614532,0.07067755773663521
686,0.06959857046604156,0.07066508516669273
687,0.0701059103012085,0.07065274924039841
688,0.07001730799674988,0.07064169362187385
689,0.06964489817619324,0.07062003865838051
690,0.06955473870038986,0.07059948064386845
691,0.06953132152557373,0.07058698825538158
692,0.06937992572784424,0.07057501114904881
693,0.06959880888462067,0.07056688904762268
694,0.0693189948797226,0.07055393263697624
695,0.06929031759500504,0.07053997009992599
696,0.06922850757837296,0.07052893035113811
697,0.06921476125717163,0.07051135018467904
698,0.0689728781580925,0.07049607239663601
699,0.06939747184515,0.07047198444604874
700,0.0691138207912445,0.07044659584760665
701,0.06965544819831848,0.07043610915541648
702,0.06969332695007324,0.07042892388999462
703,0.06936568021774292,0.0704150339961052
704,0.06926476210355759,0.07040412195026874
705,0.0689011812210083,0.07036442890763282
706,0.06887181103229523,0.0703261661529541
707,0.06869694590568542,0.07028913363814354
708,0.06875541061162949,0.07026030994951725
709,0.06864224374294281,0.07023602373898029
710,0.06859737634658813,0.07019927948713303
711,0.06864625215530396,0.07016814082860946
712,0.06853121519088745,0.0701376673579216
713,0.0686088502407074,0.07010969176888465
714,0.0687243863940239,0.07008175134658813
715,0.06846079230308533,0.07005408629775048
716,0.06852266937494278,0.07002170033752918
717,0.0684513971209526,0.06998779200017452
718,0.06849001348018646,0.06996413834393024
719,0.06864354014396667,0.06994243659079075
720,0.0684509128332138,0.06992027215659619
721,0.06826291978359222,0.06989856831729412
722,0.06865011155605316,0.06988219015300273
723,0.06838622689247131,0.06985793389379978
724,0.06870105117559433,0.06984244398772717
725,0.06868979334831238,0.0698050856590271
726,0.06971856951713562,0.06977344982326031
727,0.06889598816633224,0.06974788092076778
728,0.06871916353702545,0.06972465008497238
729,0.06890927255153656,0.06970724917948246
730,0.06845435500144958,0.06967315278947353
731,0.06856506317853928,0.06964153081178664
732,0.06860768795013428,0.06961786970496178
733,0.0685630664229393,0.06959725700318814
734,0.06839602440595627,0.06957371667027473
735,0.06854095309972763,0.06955457754433154
736,0.06858481466770172,0.0695392982661724
737,0.06820213794708252,0.06952025145292282
738,0.06842873245477676,0.06950308732688427
739,0.06910441070795059,0.0694929863512516
740,0.06864125281572342,0.06948014743626117
741,0.06848308444023132,0.0694663193076849
742,0.06871385127305984,0.06945655331015586
743,0.06879906356334686,0.06944812417030334
744,0.06850084662437439,0.06943626910448074
745,0.0684923604130745,0.06942418485879898
746,0.06852667033672333,0.06941478736698628
747,0.06850424408912659,0.06940334841609001
748,0.06836336851119995,0.06939337879419327
749,0.06843149662017822,0.06938289776444435
750,0.06819111108779907,0.0693673001974821
751,0.06824412941932678,0.06935434527695179
752,0.06818453222513199,0.06933188907802106
753,0.06811913847923279,0.06931187584996223
754,0.06811418384313583,0.06929542832076549
755,0.06803728640079498,0.06927728570997715
756,0.06790050864219666,0.06926092810928822
757,0.06812971830368042,0.06924997739493848
758,0.06794880330562592,0.0692290998250246
759,0.06799454987049103,0.06920582316815853
760,0.06835632026195526,0.06918216928839684
761,0.06819665431976318,0.06916118130087852
762,0.06849437952041626,0.06913587734103203
763,0.06839103251695633,0.06911005832254886
764,0.06843455880880356,0.06909847147762775
765,0.06821084022521973,0.06906588204205036
766,0.06858671456575394,0.06903273612260818
767,0.06834627687931061,0.06901436030864716
768,0.06859210878610611,0.06899260759353637
769,0.06847939640283585,0.0689601594209671
770,0.06824138760566711,0.06893529042601586
771,0.0681307464838028,0.06890875242650508
772,0.06805901229381561,0.06888381034135818
773,0.06829309463500977,0.06886213541030883
774,0.06795504689216614,0.06884197227656841
775,0.06866896152496338,0.06883278712630272
776,0.0684305876493454,0.06882188856601715
777,0.06796107441186905,0.06880511566996575
778,0.067872554063797,0.06879028037190438
779,0.06798573583364487,0.0687686637789011
780,0.06784240901470184,0.06874685667455196
781,0.06808322668075562,0.06870856128633022
782,0.06790049374103546,0.06867693923413754
783,0.06773289293050766,0.06865558058023452
784,0.06774009019136429,0.0686353000998497
785,0.06790667027235031,0.06861535258591175
786,0.06776121258735657,0.0685969790071249
787,0.0676392987370491,0.0685723128914833
788,0.06752358376979828,0.06854737564921379
789,0.0678100511431694,0.06852902717888355
790,0.0677332878112793,0.06851081266999244
791,0.06760994344949722,0.06849159888923168
792,0.06754034012556076,0.06847320303320885
793,0.06757565587759018,0.06845297150313855
794,0.06749303638935089,0.06843471191823483
795,0.06768539547920227,0.0684186626970768
796,0.06748779118061066,0.06840125553309917
797,0.06764798611402512,0.06838558778166771
798,0.06761781126260757,0.06837203711271286
799,0.06752104312181473,0.06835327282547951
800,0.06742081046104431,0.0683363427221775
801,0.06745636463165283,0.06831435188651085
802,0.06733293831348419,0.06829074800014495
803,0.0678761824965477,0.068275853022933
804,0.0677233636379242,0.06826043903827667
805,0.06746470928192139,0.0682460743188858
806,0.0675053820014,0.06823241002857686
807,0.06745325028896332,0.06821997307240962
808,0.06724278628826141,0.06820484682917595
809,0.06739059090614319,0.06819233030080796
810,0.06740954518318176,0.06818045198917388
811,0.06730246543884277,0.06816701412200928
812,0.06716445088386536,0.06815334647893906
813,0.06739716976881027,0.06814122967422008
814,0.06740114092826843,0.06812799721956253
815,0.06733963638544083,0.06811678566038609
816,0.06724590808153152,0.06810401804745198
817,0.06753303110599518,0.0680948343873024
818,0.06721659004688263,0.06808210015296937
819,0.06764374673366547,0.06807210221886635
820,0.06773897260427475,0.06806498281657695
821,0.06710099428892136,0.06805336356163025
822,0.06730906665325165,0.06803995311260223
823,0.06752994656562805,0.0680313903093338
824,0.06725765019655228,0.06801695629954338
825,0.06725922226905823,0.06800265058875084
826,0.06721571832895279,0.06797762207686901
827,0.06709019094705582,0.06795956410467624
828,0.06729905307292938,0.06794536300003529
829,0.06708836555480957,0.06792715393006801
830,0.0671314150094986,0.06791392453014851
831,0.06722994148731232,0.06790057331323623
832,0.06691500544548035,0.0678836464881897
833,0.06760556995868683,0.06787407152354717
834,0.06749062985181808,0.0678650175780058
835,0.06734591722488403,0.06785306721925735
836,0.06722469627857208,0.06783946603536606
837,0.06725534051656723,0.06782999806106091
838,0.06709830462932587,0.0678166937828064
839,0.06712089478969574,0.06779685862362385
840,0.06696777045726776,0.0677801238000393
841,0.06731570512056351,0.06776845000684262
842,0.06723298132419586,0.06775364130735398
843,0.0671951174736023,0.06773760184645652
844,0.06707984209060669,0.06772339180111885
845,0.06683292984962463,0.06770679749548435
846,0.06670941412448883,0.067688624933362
847,0.06747990846633911,0.06767838157713413
848,0.06757235527038574,0.06767047144472599
849,0.06700263917446136,0.06765618287026882
850,0.06725690513849258,0.06764684081077575
851,0.06705518066883087,0.0676349513232708
852,0.06732821464538574,0.06762638814747333
853,0.06680165231227875,0.06761321328580379
854,0.06713147461414337,0.06760338619351387
855,0.06704004108905792,0.0675934137403965
856,0.06682263314723969,0.06758263498544693
857,0.06670626997947693,0.06756840050220489
858,0.0671411007642746,0.06756032347679138
859,0.06699703633785248,0.06755034834146499
860,0.06690584868192673,0.06753584362566471
861,0.06682629138231277,0.06752213999629021
862,0.06660865992307663,0.06750328280031681
863,0.06657500565052032,0.06748512253165245
864,0.06664958596229553,0.06746727280318737
865,0.06664852797985077,0.06745164968073368
866,0.06675948202610016,0.06743337735533714
867,0.0665096789598465,0.0674150113761425
868,0.06759127974510193,0.06740500308573245
869,0.06719702482223511,0.06739217936992645
870,0.06692391633987427,0.06737900465726852
871,0.06691241264343262,0.06736682131886482
872,0.06663915514945984,0.06735262274742126
873,0.06700868904590607,0.06733977869153022
874,0.06690860539674759,0.06732931427657604
875,0.06678427755832672,0.06731046743690967
876,0.06664521992206573,0.06729261375963688
877,0.06664411723613739,0.06727944418787957
878,0.06644324958324432,0.06726515114307403
879,0.0667753666639328,0.06725304745137692
880,0.06674452126026154,0.06724206857383251
881,0.06663895398378372,0.06722762584686279
882,0.06657178699970245,0.06721433877944946
883,0.06633039563894272,0.06720031380653381
884,0.06623900681734085,0.06718530297279358
885,0.06677545607089996,0.06717399083077907
886,0.06653474271297455,0.06716172613203525
887,0.0665844976902008,0.06715117812156678
888,0.06650982797145844,0.06714104056358337
889,0.06634106487035751,0.06712635070085525
890,0.0663086473941803,0.06711210429668427
891,0.0662660002708435,0.06709866486489773
892,0.06616087257862091,0.06708487018942833
893,0.06610025465488434,0.06707011617720127
894,0.0662379339337349,0.0670575651526451
895,0.06614057719707489,0.06704211696982383
896,0.06609547138214111,0.06702819377183915
897,0.06613373756408691,0.06701305128633976
898,0.06621384620666504,0.06699901163578033
899,0.06600965559482574,0.06698389776051045
900,0.06641678512096405,0.06697385750710964
901,0.0664244294166565,0.06696353815495967
902,0.06674006581306458,0.06695760942995549
903,0.06653481721878052,0.0669441957771778
904,0.06627251207828522,0.06692968726158142
905,0.06633240729570389,0.06691836424171925
906,0.06635832786560059,0.06690689370036125
907,0.06611034274101257,0.06689346462488174
908,0.06668299436569214,0.06688786670565605
909,0.06642918288707733,0.06687825262546539
910,0.06648910045623779,0.06686904817819596
911,0.06629250198602676,0.06685894854366779
912,0.06638958305120468,0.06685119986534119
913,0.06635122746229172,0.066840740442276
914,0.06612931191921234,0.06682802215218545
915,0.06604419648647308,0.06681506775319576
916,0.06608360260725021,0.06680344469845295
917,0.06600592285394669,0.06678817361593246
918,0.06597131490707397,0.06677572086453437
919,0.06588450074195862,0.06675812840461731
920,0.06631243228912354,0.0667438630014658
921,0.06613931804895401,0.06673424623906613
922,0.06588579714298248,0.06672001354396344
923,0.06584518402814865,0.06670316591858864
924,0.06606769561767578,0.06669126637279987
925,0.06583474576473236,0.06667702160775661
926,0.06596316397190094,0.06666449606418609
927,0.06590861082077026,0.06665268026292324
928,0.06599424034357071,0.06663963213562965
929,0.06586183607578278,0.06662736684083939
930,0.06582469493150711,0.06661429964005947
931,0.06571570038795471,0.0665991572290659
932,0.06579122692346573,0.06658791944384575
933,0.0657062977552414,0.06656892672181129
934,0.0657660961151123,0.06655168138444424
935,0.0656748116016388,0.06653497032821179
936,0.0657624751329422,0.06652034811675549
937,0.06565622985363007,0.06650435701012611
938,0.06565844267606735,0.06648995839059353
939,0.06551090627908707,0.06647385850548744
940,0.06587538123130798,0.06646293461322784
941,0.06584349274635315,0.06644821248948574
942,0.0655781626701355,0.06643166430294514
943,0.0655767023563385,0.0664154801517725
944,0.06566177308559418,0.06640129946172238
945,0.06538957357406616,0.0663868658989668
946,0.06563614308834076,0.0663761331886053
947,0.06565037369728088,0.06635783784091473
948,0.06528064608573914,0.06633492074906826
949,0.06537388265132904,0.06631863318383693
950,0.06521247327327728,0.06629818886518478
951,0.06579454243183136,0.06628558248281478
952,0.06576655060052872,0.06626996584236622
953,0.06586767733097076,0.06626062609255313
954,0.06578342616558075,0.0662471456080675
955,0.06598412245512009,0.06623658642172814
956,0.06570657342672348,0.06622542582452297
957,0.06573213636875153,0.06621568448841572
958,0.06565704196691513,0.06620084390044212
959,0.06534041464328766,0.06618427768349648
960,0.06536942720413208,0.06616891346871853
961,0.06586916744709015,0.0661593422293663
962,0.06558014452457428,0.06614905707538128
963,0.06537848711013794,0.06613709188997746
964,0.06541530787944794,0.06612474910914898
965,0.06523886322975159,0.06611065246164799
966,0.0650419220328331,0.06609347686171532
967,0.0657765120267868,0.06608614519238472
968,0.06571704894304276,0.06606740288436413
969,0.06540029495954514,0.06604943558573723
970,0.06522035598754883,0.06603239998221397
971,0.0652809590101242,0.06601608544588089
972,0.06517148017883301,0.06600140869617462
973,0.06527062505483627,0.06598402805626392
974,0.06509949266910553,0.0659659369289875
975,0.0658525750041008,0.06595661990344524
976,0.06588077545166016,0.06594897545874119
977,0.06560543924570084,0.06593858867883683
978,0.06536506116390228,0.0659278067946434
979,0.06527683138847351,0.06591282144188881
980,0.06531497836112976,0.06589852601289749
981,0.06499696522951126,0.06588210612535476
982,0.06512586772441864,0.06586764693260193
983,0.06543109565973282,0.06585865393280983
984,0.0651281476020813,0.06584754534065723
985,0.0651322677731514,0.06583111345767975
986,0.06528133153915405,0.06581857934594154
987,0.06505511701107025,0.06580328553915024
988,0.065061554312706,0.06578880280256272
989,0.06504622101783752,0.06577585436403752
990,0.06478628516197205,0.06576063074171543
991,0.06528925895690918,0.06575086332857609
992,0.06553055346012115,0.06574456013739109
993,0.0652683824300766,0.06573624141514302
994,0.06489129364490509,0.06572277501225471
995,0.06480839848518372,0.0657094532251358
996,0.06471201777458191,0.06569561868906021
997,0.06502359360456467,0.06568451724946499
998,0.06486338376998901,0.06567101262509822
999,0.06540447473526001,0.06566496081650257
1000,0.06548254936933517,0.06565561845898628
1001,0.06508894264698029,0.06564226359128952
1002,0.06497813761234283,0.0656246443092823
1003,0.06497351080179214,0.06560903124511241
1004,0.06470884382724762,0.06559339456260205
1005,0.06507481634616852,0.06558081865310669
1006,0.06524182856082916,0.06556965366005897
1007,0.0649280846118927,0.06555783107876778
1008,0.06458166241645813,0.06553681775927543
1009,0.06474103033542633,0.06551993623375893
1010,0.06484644114971161,0.06550350964069367
1011,0.0646597370505333,0.06548718199133872
1012,0.06463130563497543,0.06546959921717643
1013,0.06447857618331909,0.06545087270438671
1014,0.06454923748970032,0.06543507196009159
1015,0.0647156834602356,0.06542178682982921
1016,0.06458958238363266,0.06540684662759304
1017,0.06452816724777222,0.06539206907153129
1018,0.06444157660007477,0.0653767716884613
1019,0.06452009081840515,0.06536312758922577
1020,0.06470940262079239,0.06534709729254246
1021,0.06456487625837326,0.06533135287463665
1022,0.0643685907125473,0.0653161808103323
1023,0.06469552218914032,0.06530468419194221
1024,0.06452153623104095,0.06528922259807586
1025,0.06446678936481476,0.06527554303407669
1026,0.06467364728450775,0.06526264786720276
1027,0.0647168904542923,0.06525073066353798
1028,0.06447769701480865,0.06523556523025036
1029,0.064570352435112,0.06522265039384365
1030,0.06460611522197723,0.06521046459674835
1031,0.06458598375320435,0.06519916743040084
1032,0.06440883129835129,0.0651853434741497
1033,0.06427042186260223,0.06517098471522331
1034,0.06426379084587097,0.0651559616625309
1035,0.06423737108707428,0.06514158725738525
1036,0.06408342719078064,0.06512479677796364
1037,0.06440089643001556,0.0651122434437275
1038,0.06413695216178894,0.0650970285385847
1039,0.06479702889919281,0.06508988976478576
1040,0.06464278697967529,0.06507756382226944
1041,0.06444957852363586,0.06506362468004227
1042,0.06429482251405716,0.06505079127848148
1043,0.06428773701190948,0.0650379016250372
1044,0.06418012827634811,0.06502308517694473
1045,0.06434996426105499,0.06501268908381462
1046,0.06441318988800049,0.06500045955181122
1047,0.06439749151468277,0.06498793072998524
1048,0.06432555615901947,0.06497837983071804
1049,0.06413520872592926,0.06496599309146404
1050,0.06403258442878723,0.06495419420301914
1051,0.06410779058933258,0.06493732668459415
1052,0.06400609016418457,0.06491972208023071
1053,0.06417277455329895,0.064902773052454
1054,0.06405670940876007,0.06488550588488579
1055,0.06412498652935028,0.0648669145256281
1056,0.06405545771121979,0.06485040336847306
1057,0.06397688388824463,0.06483285084366798
1058,0.06384757906198502,0.06481475621461869
1059,0.06404329836368561,0.06480178505182266
1060,0.06394915282726288,0.06478758230805397
1061,0.06409263610839844,0.06476981699466705
1062,0.06397653371095657,0.06475378088653087
1063,0.06383627653121948,0.06473835878074169
1064,0.06377376616001129,0.06472194336354732
1065,0.06398764252662659,0.06470943115651608
1066,0.06388315558433533,0.0646978434920311
1067,0.06375778466463089,0.06467765621840954
1068,0.06369397044181824,0.0646574254333973
1069,0.06386278569698334,0.06464205034077168
1070,0.0637403130531311,0.0646272499114275
1071,0.0638711154460907,0.06461315147578717
1072,0.06381678581237793,0.06459960453212261
1073,0.06359044462442398,0.0645828027278185
1074,0.06350157409906387,0.06456682354211807
1075,0.06394027173519135,0.06454770050942898
1076,0.06384250521659851,0.06452731780707836
1077,0.06349837779998779,0.06450624719262123
1078,0.0634523555636406,0.06448712013661861
1079,0.06385668367147446,0.06447291865944862
1080,0.06374520063400269,0.06445722088217735
1081,0.06343648582696915,0.06444161608815194
1082,0.0633813813328743,0.06442417122423649
1083,0.06372234225273132,0.06440708369016647
1084,0.06364170461893082,0.06439221926033496
1085,0.06339814513921738,0.06437487803399562
1086,0.06336234509944916,0.06435568816959858
1087,0.06356123089790344,0.06434074930846691
1088,0.06347030401229858,0.06432483680546283
1089,0.06346674263477325,0.06430904202163219
1090,0.06344857066869736,0.06429566487669945
1091,0.06340343505144119,0.06427680663764476
1092,0.06339163333177567,0.06425541743636132
1093,0.06335851550102234,0.06423631876707077
1094,0.06324201077222824,0.06421982593834401
1095,0.06359933316707611,0.06420773528516292
1096,0.06355997174978256,0.06419621482491493
1097,0.06320160627365112,0.0641779949516058
1098,0.06326808780431747,0.06416204199194908
1099,0.06329182535409927,0.06414091549813747
1100,0.06310506165027618,0.06411714062094688
1101,0.06377950310707092,0.06410404622554779
1102,0.06386664509773254,0.06409293130040168
1103,0.06345387548208237,0.06407773494720459
1104,0.06339704245328903,0.064064616933465
1105,0.06334591656923294,0.06404732793569565
1106,0.06325914710760117,0.06402750112116337
1107,0.06328053772449493,0.06401102565228939
1108,0.06330924481153488,0.06399830147624015
1109,0.06319066882133484,0.06398279786109924
1110,0.06314977258443832,0.0639658311754465
1111,0.063065305352211,0.06394988685846328
1112,0.06299471855163574,0.06393352098762989
1113,0.06313522905111313,0.06392008751630783
1114,0.06312543153762817,0.06390584945678711
1115,0.0629379153251648,0.0638880717754364
1116,0.06298195570707321,0.0638719955086708
1117,0.06313733756542206,0.06385808721184731
1118,0.06306935101747513,0.0638443649560213
1119,0.06289829313755035,0.06382814697921275
1120,0.06286364793777466,0.06380968943238258
1121,0.06284945458173752,0.06379253521561623
1122,0.06297221034765244,0.06377857141196727
1123,0.06285473704338074,0.06376016356050968
1124,0.06291472911834717,0.06374409548938274
1125,0.0629771277308464,0.06372919887304306
1126,0.06294135004281998,0.06371187590062619
1127,0.06282127648591995,0.06369291976094246
1128,0.06277760863304138,0.06367591887712479
1129,0.06281042098999023,0.06365831956267357
1130,0.06272993236780167,0.06363955773413181
1131,0.06288065016269684,0.06362250439822674
1132,0.06272966414690018,0.06360571272671223
1133,0.0628441795706749,0.06359145030379296
1134,0.0626019760966301,0.06357483215630054
1135,0.06334042549133301,0.06356586270034313
1136,0.06371361762285233,0.06356216460466385
1137,0.06304801255464554,0.06354863576591015
1138,0.06332090497016907,0.06354047529399395
1139,0.0636911541223526,0.06352941654622554
1140,0.06310901045799255,0.06351407878100872
1141,0.06275399774312973,0.06349712297320366
1142,0.06271475553512573,0.06348132230341434
1143,0.06270919740200043,0.06346553690731525
1144,0.06266584992408752,0.06345039412379265
1145,0.06271304190158844,0.06343402490019798
1146,0.06271825730800629,0.06341707557439805
1147,0.06254439800977707,0.06339854463934898
1148,0.0627058744430542,0.06338234782218934
1149,0.06255889683961868,0.06336658470332622
1150,0.06283259391784668,0.06335458479821682
1151,0.06280940026044846,0.06334160089492798
1152,0.06300871074199677,0.0633316271007061
1153,0.06296972930431366,0.06331959664821625
1154,0.06285279244184494,0.06330755747854709
1155,0.06260593235492706,0.06329236693680286
1156,0.06316748261451721,0.06328348718583583
1157,0.06315381079912186,0.06327525645494461
1158,0.06272433698177338,0.0632640240341425
1159,0.06253929436206818,0.06324898399412632
1160,0.06283757090568542,0.06323786817491055
1161,0.06268404424190521,0.06322378225624561
1162,0.06270483136177063,0.06321106523275376
1163,0.06257781386375427,0.0631984806060791
1164,0.06261907517910004,0.06318693369626999
1165,0.06254637986421585,0.06317252106964588
1166,0.06259222328662872,0.06315961174666881
1167,0.062480680644512177,0.06314684070646763
1168,0.06231912970542908,0.06313309229910374
1169,0.06221671774983406,0.06311663161963224
1170,0.06252340972423553,0.0631044625863433
1171,0.06247466057538986,0.06309049803763628
1172,0.062256522476673126,0.06307489540427923
1173,0.062170468270778656,0.06306069564074278
1174,0.06237560510635376,0.06304943595081568
1175,0.06229682266712189,0.06303300146013498
1176,0.06226421520113945,0.0630172185599804
1177,0.062180470675230026,0.06300403948873282
1178,0.062181826680898666,0.0629913341999054
1179,0.06210888549685478,0.0629738562181592
1180,0.06225543096661568,0.06295895852148532
1181,0.06214899569749832,0.06294608362019062
1182,0.0621553510427475,0.06293382331728935
1183,0.06211930513381958,0.06291779294610024
1184,0.06201837956905365,0.06290155969560146
1185,0.06192101538181305,0.06288678839802742
1186,0.06216053292155266,0.06287477027624845
1187,0.062096137553453445,0.06286011934280396
1188,0.06201200187206268,0.0628455363214016
1189,0.06189843267202377,0.0628298532217741
1190,0.062090180814266205,0.06281626932322978
1191,0.06205430254340172,0.0628027779981494
1192,0.06197316199541092,0.06278859328478575
1193,0.061956632882356644,0.06277457445859909
1194,0.061820097267627716,0.06276035532355309
1195,0.061717212200164795,0.06274153411388397
1196,0.06211847811937332,0.06272711917757988
1197,0.06194603443145752,0.06271456345915795
1198,0.06197013333439827,0.06270158391445875
1199,0.06193917989730835,0.06268805745989084
1200,0.06170099601149559,0.06267401680350304
1201,0.061661724001169205,0.06265283901244402
1202,0.06197648495435715,0.06263393741101027
1203,0.061877667903900146,0.06261817533522844
1204,0.061830922961235046,0.0626025141403079
1205,0.06187058240175247,0.0625877607986331
1206,0.06165127456188202,0.06257168207317591
1207,0.06159377098083496,0.0625548144057393
1208,0.06174744665622711,0.06253919642418623
1209,0.06156577542424202,0.06252294749021531
1210,0.061962541192770004,0.06251107517629861
1211,0.06184444576501846,0.06249886658042669
1212,0.06164514273405075,0.06248537082225084
1213,0.06177915632724762,0.06247181009501219
1214,0.06156191974878311,0.06245617497712374
1215,0.06152534484863281,0.06244204927235842
1216,0.06161392480134964,0.06242836896330118
1217,0.0614151768386364,0.06241114735603333
1218,0.06179026514291763,0.06239835649728775
1219,0.06152833253145218,0.06238465689122677
1220,0.06163119524717331,0.06237233236432076
1221,0.06166762113571167,0.062360514029860495
1222,0.061367619782686234,0.062344468124210836
1223,0.06135407090187073,0.062329461462795735
1224,0.06158825755119324,0.06231619674712419
1225,0.0614933967590332,0.06230135943740606
1226,0.06146617978811264,0.06228660773485899
1227,0.061355289071798325,0.062271947860717776
1228,0.061617765575647354,0.06226034943014383
1229,0.06150904297828674,0.0622473356500268
1230,0.061389051377773285,0.06223392684012651
1231,0.061315931379795074,0.062218279652297495
1232,0.06126059591770172,0.06220358897000551
1233,0.06116984039545059,0.06218684557825327
1234,0.061392221599817276,0.06217474803328514
1235,0.061313845217227936,0.06215448223054409
1236,0.061341121792793274,0.0621307572722435
1237,0.06133526563644409,0.06211362980306148
1238,0.06124534457921982,0.06209287419915199
1239,0.061201199889183044,0.0620679746568203
1240,0.06114273518323898,0.06204831190407276
1241,0.06104371324181557,0.06203120905905962
1242,0.061314623802900314,0.062017207741737364
1243,0.06114792451262474,0.06200159501284361
1244,0.06123744323849678,0.0619873109459877
1245,0.0611276850104332,0.06197145737707615
1246,0.06119820475578308,0.06195625685155392
1247,0.06103140860795975,0.061941126957535744
1248,0.06115775555372238,0.06192564576864243
1249,0.061157047748565674,0.0619116272777319
1250,0.0610186904668808,0.06189348824322224
1251,0.06093594431877136,0.06187475368380547
1252,0.06104951351881027,0.0618551617115736
1253,0.060971930623054504,0.06183518372476101
1254,0.06095513701438904,0.06181620717048645
1255,0.06082531064748764,0.061798400953412054
1256,0.06108251214027405,0.06177755124866963
1257,0.06095084920525551,0.06175552163273096
1258,0.060859937220811844,0.06173687763512135
1259,0.06077113747596741,0.061719196066260334
1260,0.06096334755420685,0.061700453832745555
1261,0.06096510961651802,0.06168326448649168
1262,0.06089860200881958,0.06166520219296217
1263,0.060758691281080246,0.06164701096713543
1264,0.06079160049557686,0.0616287362203002
1265,0.060709353536367416,0.06161036595702171
1266,0.060926228761672974,0.06159370601177216
1267,0.06076290085911751,0.06157652821391821
1268,0.06073964387178421,0.06156073335558176
1269,0.060671187937259674,0.061545278057456014
1270,0.06065379083156586,0.06152658186852932
1271,0.060569338500499725,0.06150752864778042
1272,0.06066971272230148,0.0614916605502367
1273,0.060626883059740067,0.06147622469812632
1274,0.06059713661670685,0.061458440013229844
1275,0.06066266447305679,0.0614420984312892
1276,0.06043775752186775,0.06142383385449648
1277,0.0604613721370697,0.061406642869114875
1278,0.060340091586112976,0.06138822551816702
1279,0.060342662036418915,0.06137056328356266
1280,0.06029966473579407,0.061351005621254444
1281,0.060356803238391876,0.061333083696663376
1282,0.06013120338320732,0.06131284222006798
1283,0.06064789742231369,0.06129812814295292
1284,0.06052824482321739,0.061283226795494555
1285,0.06042126566171646,0.06126822929829359
1286,0.06076584756374359,0.0612542824447155
1287,0.060382138937711716,0.06123714245855808
1288,0.060307279229164124,0.061220095232129096
1289,0.06013970822095871,0.06120250798761845
1290,0.060421183705329895,0.06118581801652909
1291,0.06031797453761101,0.06116845473647117
1292,0.05986859276890755,0.061147409044206145
1293,0.06005910784006119,0.06112843379378319
1294,0.06026792898774147,0.061112912110984324
1295,0.05986920744180679,0.06109443206340075
1296,0.05967990309000015,0.061070046313107015
1297,0.059532374143600464,0.06104590971022844
1298,0.0596172958612442,0.0610223813354969
1299,0.05934622883796692,0.060996451824903486
1300,0.05884840711951256,0.06096792593598366
1301,0.05785626918077469,0.060929871387779715
1302,0.05674254894256592,0.0608775320276618
1303,0.05667770653963089,0.060825532414019105
1304,0.0559922531247139,0.0607671457156539
1305,0.05649956315755844,0.060713435523211956
1306,0.05532073602080345,0.06065013013780117
1307,0.05466892197728157,0.060580881647765636
1308,0.05524914339184761,0.06051589861512184
1309,0.05482548102736473,0.06044849567115307
1310,0.05510900914669037,0.06037996035069227
1311,0.0550437793135643,0.06031195368617773
1312,0.054309628903865814,0.06023859854787588
1313,0.05420152097940445,0.06016282219439745
1314,0.05377268046140671,0.06008492980152368
1315,0.053534526377916336,0.06000502161681652
1316,0.05350116640329361,0.05992389403283596
1317,0.05312157794833183,0.05984095804393291
1318,0.05317259579896927,0.05975478135049343
1319,0.05285831168293953,0.059668081142008306
1320,0.05309802293777466,0.05958274941891432
1321,0.052653323858976364,0.05949260644614696
1322,0.05301380902528763,0.05940906833857298
1323,0.052983358502388,0.059325361214578154
1324,0.052447572350502014,0.05923395436257124
1325,0.05262555927038193,0.05914527598768473
1326,0.052078574895858765,0.05905139993876219
1327,0.05289934575557709,0.05896684050559998
1328,0.05289146676659584,0.05887957751750946
1329,0.051969196647405624,0.05878417905420065
1330,0.052727583795785904,0.05869756437838078
1331,0.052659399807453156,0.058610999062657355
1332,0.05172347277402878,0.05851562783122063
1333,0.05222072824835777,0.0584261367097497
1334,0.05203564465045929,0.058332570940256116
1335,0.05135887861251831,0.05823302127420902
1336,0.051270805299282074,0.05813231810927391
1337,0.05133964121341705,0.05803236186504364
1338,0.051020290702581406,0.057930111326277255
1339,0.05140553414821625,0.05783215466886759
1340,0.05121971666812897,0.05773292448371649
1341,0.051048800349235535,0.057632975354790686
1342,0.050965435802936554,0.05752948347479105
1343,0.05071214586496353,0.05742512568831444
1344,0.05091727524995804,0.05732192400842905
1345,0.05063025653362274,0.05721694972366095
1346,0.050831861793994904,0.05711328629404307
1347,0.050781551748514175,0.05701078772544861
1348,0.05048583820462227,0.05690406855195761
1349,0.050617799162864685,0.0567986760661006
1350,0.05044183135032654,0.05669290747493506
1351,0.050659485161304474,0.05659014288336039
1352,0.05045929178595543,0.05648424066603184
1353,0.05042172968387604,0.05637873865664005
1354,0.05042006075382233,0.05627338789403438
1355,0.05026436969637871,0.0561677784845233
1356,0.05009784549474716,0.05605793181806803
1357,0.0502060130238533,0.055950483456254
1358,0.05013991519808769,0.05584328323602676
1359,0.049828462302684784,0.05573385648429394
1360,0.04994281008839607,0.05562365110963583
1361,0.04957316070795059,0.05550973162055015
1362,0.04987280070781708,0.055399473607540134
1363,0.0495552197098732,0.05528743889182806
1364,0.049790557473897934,0.05517742846161127
1365,0.04980436712503433,0.05506837859749794
1366,0.04952360317111015,0.054954352341592315
1367,0.04938657954335213,0.05484058912843466
1368,0.049252837896347046,0.05472572106868029
1369,0.04919446259737015,0.05461095381528139
1370,0.049129195511341095,0.05449570786207914
1371,0.04897559434175491,0.0543797704204917
1372,0.049066927284002304,0.054263742566108705
1373,0.04885303974151611,0.054146004132926466
1374,0.048885807394981384,0.05402889084070921
1375,0.04883073270320892,0.05391057152301073
1376,0.04892529174685478,0.0537954468652606
1377,0.048694808036088943,0.05367778122425079
1378,0.048772454261779785,0.05356210485100746
1379,0.04858303815126419,0.05344450861215591
1380,0.04866239055991173,0.05332813587039709
1381,0.048610620200634,0.053210674040019515
1382,0.04841525852680206,0.05309351459145546
1383,0.048412907868623734,0.05297116469591856
1384,0.04817532002925873,0.05284763544797897
1385,0.04854969680309296,0.052728919759392735
1386,0.04837685823440552,0.052605029866099356
1387,0.0483209565281868,0.052484418042004106
1388,0.04834340512752533,0.05236477930098772
1389,0.047943271696567535,0.05224281493574381
1390,0.04877106100320816,0.05212631370872259
1391,0.04895531386137009,0.052012687101960185
1392,0.04797957092523575,0.05189379688352346
1393,0.04804619774222374,0.05177366778254509
1394,0.048171062022447586,0.05165269911289215
1395,0.04766823351383209,0.0515306893736124
1396,0.048435524106025696,0.051418245583772657
1397,0.048646897077560425,0.05130939081311226
1398,0.04813745617866516,0.05119459241628647
1399,0.04791220277547836,0.05108025215566158
1400,0.04782659932971001,0.05097003407776356
1401,0.04758583754301071,0.050867329761385915
1402,0.0477609820663929,0.05077751409262419
1403,0.047556500881910324,0.05068630203604698
1404,0.04748310521245003,0.05060121055692434
1405,0.04749976843595505,0.05051121260970831
1406,0.04737871512770653,0.05043179240077734
1407,0.0471285879611969,0.05035638906061649
1408,0.04745963215827942,0.05027849394828081
1409,0.04718974977731705,0.05020213663578033
1410,0.04751499742269516,0.05012619651854038
1411,0.047430723905563354,0.05005006596446037
1412,0.04714105650782585,0.04997838024049997
1413,0.047224294394254684,0.049908607974648474
1414,0.04696059972047806,0.04984048716723919
1415,0.04690463840961456,0.04977418828755617
1416,0.046867597848176956,0.049707852602005005
1417,0.04658060148358345,0.04964244283735752
1418,0.04722759127616882,0.049582992792129514
1419,0.04705524444580078,0.049524962119758126
1420,0.04663906618952751,0.04946037255227566
1421,0.046802718192338943,0.049401866495609285
1422,0.046501729637384415,0.04933674570173025
1423,0.0465736910700798,0.04927264902740717
1424,0.04663418233394623,0.04921451512724161
1425,0.04660353809595108,0.049154294915497304
1426,0.046312086284160614,0.04909663002938032
1427,0.04625667631626129,0.049030203334987164
1428,0.046291179955005646,0.04896420046687126
1429,0.046098582446575165,0.04890549432486296
1430,0.046498239040374756,0.04884320087730885
1431,0.046368569135665894,0.04878029257059097
1432,0.04603421315550804,0.048723399974405765
1433,0.046507515013217926,0.04866626784205437
1434,0.04628199338912964,0.048608731329441074
1435,0.04595693200826645,0.048554711863398554
1436,0.04600699990987778,0.04850207380950451
1437,0.04566970095038414,0.04844537440687418
1438,0.04643949121236801,0.048399566411972045
1439,0.046360116451978683,0.04834911223500967
1440,0.046332769095897675,0.048300242759287355
1441,0.045981086790561676,0.04824956562370062
1442,0.04627298563718796,0.04820264112204313
1443,0.04619700834155083,0.04815748974680901
1444,0.04610104113817215,0.04810932740569115
1445,0.04578305780887604,0.04806085541844368
1446,0.04609905928373337,0.04801352739334106
1447,0.04595992714166641,0.04796531114727259
1448,0.045977942645549774,0.047920232191681865
1449,0.04586652293801308,0.047872719429433344
1450,0.045789267867803574,0.04782619379460812
1451,0.0456937812268734,0.047776536755263804
1452,0.04579746723175049,0.047729918509721754
1453,0.04558449238538742,0.04768154613673687
1454,0.045757994055747986,0.047634925469756124
1455,0.04564100131392479,0.047588691785931586
1456,0.04550882428884506,0.04754280157387256
1457,0.045360781252384186,0.04749434925615788
1458,0.04553201049566269,0.04744827020913363
1459,0.04534909501671791,0.047403476536273956
1460,0.045659516006708145,0.04736064359545708
1461,0.045573096722364426,0.04732064295560121
1462,0.04533102363348007,0.04727522518485785
1463,0.045252151787281036,0.04723219450563192
1464,0.045287057757377625,0.04718715950846672
1465,0.04518997669219971,0.04714101560413837
1466,0.0452934131026268,0.04709871370345354
1467,0.04516332596540451,0.047056481167674066
1468,0.04529380425810814,0.04701689083129167
1469,0.045187730342149734,0.04697682350873947
1470,0.044953957200050354,0.046935071125626567
1471,0.04486791044473648,0.04689399428665638
1472,0.04515288770198822,0.04685485389083624
1473,0.04496729373931885,0.046815996430814265
1474,0.044968463480472565,0.04677682299166918
1475,0.04487774893641472,0.046737293154001235
1476,0.044868431985378265,0.046696724556386474
1477,0.04483020305633545,0.046658078506588936
1478,0.044701606035232544,0.046617370024323465
1479,0.044744521379470825,0.046578984856605526
1480,0.04451141133904457,0.04653747506439686
1481,0.04465567693114281,0.04649792563170194
1482,0.04465240240097046,0.04646029707044363
1483,0.04442141205072403,0.04642038211226463
1484,0.044710222631692886,0.04638573113828898
1485,0.04443122446537018,0.046344546414911744
1486,0.0450424924492836,0.04631120275706053
1487,0.044843193143606186,0.04627642512321472
1488,0.044703178107738495,0.04624002285301685
1489,0.044799529016017914,0.046208585426211354
1490,0.04457402974367142,0.04616661511361599
1491,0.04483705759048462,0.04612543255090713
1492,0.044509559869766235,0.04609073244035244
1493,0.04525050148367882,0.04606277547776699
1494,0.04515320807695389,0.046032596938312055
1495,0.04428713023662567,0.04599878590553999
1496,0.0451672337949276,0.04596610300242901
1497,0.0447109080851078,0.045926743112504484
1498,0.04436280578374863,0.04588899660855532
1499,0.044353701174259186,0.04585341159254312
1500,0.04418516159057617,0.045816997215151783
1501,0.04398687556385994,0.04578100759536028
1502,0.04440626502037048,0.045747460424900056
1503,0.04403549060225487,0.0457122503221035
1504,0.04474840685725212,0.04568490333855152
1505,0.044688642024993896,0.04565679207444191
1506,0.04420897737145424,0.045625094696879386
1507,0.04456667602062225,0.04559947557747364
1508,0.04413182660937309,0.045566197521984576
1509,0.044879477471113205,0.04554309479892254
1510,0.045268185436725616,0.04552062667906284
1511,0.04447443038225174,0.045491063743829725
1512,0.04435186833143234,0.04546317186206579
1513,0.044323571026325226,0.045434164628386495
1514,0.04438559338450432,0.04540841456502676
1515,0.04397467523813248,0.04537911493331194
1516,0.04396190494298935,0.04535005800426006
1517,0.04377942532300949,0.045322046242654325
1518,0.044295039027929306,0.04529272072017193
1519,0.04422396421432495,0.04526440791785717
1520,0.04441099613904953,0.04524212721735239
1521,0.04431547224521637,0.045217254757881166
1522,0.04401244968175888,0.045192361958324906
1523,0.04382005333900452,0.04516482558101416
1524,0.04385101795196533,0.04513699393719435
1525,0.04393254965543747,0.04511028405278921
1526,0.04347158968448639,0.04508187908679247
1527,0.043669916689395905,0.045056011490523816
1528,0.04343097284436226,0.04502740941941738
1529,0.043969810009002686,0.04500612169504166
1530,0.043694887310266495,0.04497808817774057
1531,0.043846093118190765,0.044952863417565825
1532,0.04402603581547737,0.04493278164416552
1533,0.04376719892024994,0.044905378483235836
1534,0.04353855550289154,0.04487794410437346
1535,0.0441165566444397,0.04485954035073519
1536,0.043772369623184204,0.044837194047868255
1537,0.043704308569431305,0.044817540124058725
1538,0.04375716298818588,0.0447907168418169
1539,0.043345749378204346,0.044760573171079156
1540,0.043389640748500824,0.04473114188760519
1541,0.04313258081674576,0.04470265682786703
1542,0.043475884944200516,0.04467468582093716
1543,0.043517790734767914,0.044647893644869326
1544,0.04299342632293701,0.044616817496716976
1545,0.043771278113126755,0.04459669969975948
1546,0.04355580359697342,0.044571267142891884
1547,0.04374895244836807,0.044549157395958904
1548,0.04367784410715103,0.04452615641057491
1549,0.04393324255943298,0.04450682360678911
1550,0.04379839077591896,0.044486914835870264
1551,0.0428972989320755,0.044458950012922285
1552,0.043193519115448,0.04443291053175926
1553,0.04289530962705612,0.04440601870417595
1554,0.04327269643545151,0.04438116572797299
1555,0.04321177303791046,0.044356873445212844
1556,0.04323700815439224,0.04433415528386831
1557,0.043020591139793396,0.0443107533827424
1558,0.043381571769714355,0.04428924899548292
1559,0.04365166276693344,0.04427227467298508
1560,0.042818307876586914,0.044243862591683863
1561,0.044095296412706375,0.044229084588587285
1562,0.044406674802303314,0.04421984110027552
1563,0.04289732873439789,0.04419629286974668
1564,0.04374436289072037,0.044180865921080115
1565,0.0444779172539711,0.04417374532669783
1566,0.043098513036966324,0.04415179632604122
1567,0.04314018413424492,0.044131564907729626
1568,0.043579645454883575,0.04411442331969738
1569,0.04291030019521713,0.044091649018228055
1570,0.043157510459423065,0.04407368455082178
1571,0.04320306330919266,0.044057036079466344
1572,0.04275612533092499,0.04403306845575571
1573,0.04307671636343002,0.04401416268199682
1574,0.04277801886200905,0.04399225823581219
1575,0.04287009313702583,0.0439721816778183
1576,0.043172337114810944,0.04395522072911263
1577,0.04264012724161148,0.04393331997096538
1578,0.0432804599404335,0.043919108510017395
1579,0.043673448264598846,0.04390839777886867
1580,0.04304758459329605,0.04389375951141119
1581,0.042598895728588104,0.043873191699385646
1582,0.04370979592204094,0.04386376563459635
1583,0.04361807554960251,0.04385573226958513
1584,0.04293781518936157,0.04383800819516182
1585,0.042606420814991,0.04381976015865803
1586,0.04332185536623001,0.04380255378782749
1587,0.04291783273220062,0.04378330018371344
1588,0.04351227357983589,0.04377139113843441
1589,0.043485790491104126,0.043758253753185275
1590,0.04262663424015045,0.043738779798150065
1591,0.04255550727248192,0.04371596429497004
1592,0.042732950299978256,0.043698198199272155
1593,0.04247347265481949,0.043670427910983564
1594,0.043311022222042084,0.043652006052434446
1595,0.043278325349092484,0.04364191800355911
1596,0.04245465248823166,0.043614792190492156
1597,0.04243524372577667,0.04359203554689884
1598,0.04259539395570755,0.04357436142861843
1599,0.042300499975681305,0.043553829416632654
1600,0.04311610758304596,0.04354313887655735
1601,0.04318008944392204,0.04353507101535797
1602,0.04220525920391083,0.04351306095719337
1603,0.042038898915052414,0.04349309504032135
1604,0.04269332438707352,0.043472544215619566
1605,0.042141854763031006,0.043447076342999935
1606,0.04322449862957001,0.043437231555581095
1607,0.043622974306344986,0.04342779453843832
1608,0.0426374226808548,0.04341285049915314
1609,0.04222636669874191,0.04338631939142942
1610,0.0423821359872818,0.043357458896934986
1611,0.04210300371050835,0.04333374463021755
1612,0.042031098157167435,0.043310536928474905
1613,0.04196576029062271,0.043286958821117875
1614,0.04212673753499985,0.04326437026262284
1615,0.0422927625477314,0.04324755113571882
1616,0.04183665290474892,0.04322629861533642
1617,0.04217763990163803,0.0432102807611227
1618,0.042143285274505615,0.043188763223588465
1619,0.041768185794353485,0.04316420543938875
1620,0.04237022250890732,0.04314379770308733
1621,0.04221127927303314,0.043122755773365495
1622,0.041994448751211166,0.04310257576406002
1623,0.0420675203204155,0.04308505043387413
1624,0.04230917990207672,0.043069632053375245
1625,0.041601479053497314,0.043046321347355844
1626,0.04351647198200226,0.043046770170331004
1627,0.04396212100982666,0.04304969221353531
1628,0.042112335562705994,0.04303650584071875
1629,0.04331983998417854,0.043030006140470506
1630,0.04377543553709984,0.043030811622738835
1631,0.04317740350961685,0.043024124726653096
1632,0.04252476617693901,0.043009112030267714
1633,0.04251794517040253,0.04299661949276924
1634,0.04260867089033127,0.04298732064664364
1635,0.04224228858947754,0.04296857796609402
1636,0.04226412624120712,0.04295349553227425
1637,0.04209810867905617,0.0429374335333705
1638,0.04243979975581169,0.04292425990104675
1639,0.04239073395729065,0.042914709746837615
1640,0.0421442985534668,0.042902256324887277
1641,0.04196731746196747,0.04289060369133949
1642,0.04178141802549362,0.04287365902215243
1643,0.04211930185556412,0.042859674133360386
1644,0.04210454598069191,0.042850785329937933
1645,0.04202105849981308,0.0428332831338048
1646,0.042247503995895386,0.042820200137794015
1647,0.04196389019489288,0.04280234951525927
1648,0.041614778339862823,0.04278171885758639
1649,0.041475117206573486,0.04275713760405779
1650,0.04148650914430618,0.04273401878774166
1651,0.0415424220263958,0.04272047001868486
1652,0.04141911864280701,0.042702726013958456
1653,0.04131276533007622,0.04268690057098865
1654,0.04121910035610199,0.04266636461019516
1655,0.04157079756259918,0.04264995485544205
1656,0.041292183101177216,0.0426305066049099
1657,0.041522249579429626,0.04261552318930626
1658,0.041612766683101654,0.042597835138440135
1659,0.04128844290971756,0.042574202939867974
1660,0.04158184304833412,0.04256183829158545
1661,0.04157942533493042,0.04253667958080769
1662,0.041292592883110046,0.04250553876161575
1663,0.04150490462779999,0.042491614520549774
1664,0.0412018746137619,0.04246618963778019
1665,0.04135211929678917,0.04243493165820837
1666,0.04167719557881355,0.04242071848362684
1667,0.04111648350954056,0.0424004814773798
1668,0.04148190841078758,0.04237950410693884
1669,0.04176924377679825,0.04236809354275465
1670,0.0412631593644619,0.04234915003180504
1671,0.041454583406448364,0.04233166523277759
1672,0.04140593111515045,0.042318163290619853
1673,0.04102226719260216,0.04229761879891157
1674,0.04151561111211777,0.04228499472141266
1675,0.04152410849928856,0.04227153487503529
1676,0.04119342193007469,0.042251745723187926
1677,0.04154461622238159,0.04224079061299563
1678,0.041464656591415405,0.04222263257950545
1679,0.04121983051300049,0.04219809640198946
1680,0.041616518050432205,0.04218378573656082
1681,0.04158422350883484,0.04217363901436329
1682,0.04098264127969742,0.04214636746793985
1683,0.041720278561115265,0.04212738949805498
1684,0.04159489646553993,0.04211396031081677
1685,0.04192178323864937,0.04210711393505335
1686,0.041691675782203674,0.042090812139213084
1687,0.04160672798752785,0.04207770109176636
1688,0.04170595481991768,0.042059637904167176
1689,0.04127451032400131,0.04203752510249615
1690,0.04094887152314186,0.04202074747532606
1691,0.04168805480003357,0.04201207295060158
1692,0.04157596454024315,0.042000503093004224
1693,0.04155915975570679,0.0419913599640131
1694,0.04127643257379532,0.041971014067530635
1695,0.04117334261536598,0.041949964240193365
1696,0.04097016155719757,0.04193511933088303
1697,0.041428342461586,0.04192505031824112
1698,0.04123428091406822,0.04191143918782472
1699,0.041109368205070496,0.041899527870118615
1700,0.041046492755413055,0.041878831721842286
1701,0.04088297486305237,0.04185586057603359
1702,0.04066251963376999,0.04184043318033218
1703,0.041219018399715424,0.041832234375178814
1704,0.04106241092085838,0.041815925240516666
1705,0.040978118777275085,0.041804287880659104
1706,0.040720123797655106,0.04177924413233995
1707,0.040985263884067535,0.04175286702811718
1708,0.04086274653673172,0.041735120266675946
1709,0.04099825769662857,0.04172283917665481
1710,0.040838830173015594,0.041707406118512154
1711,0.0407806821167469,0.04169418290257454
1712,0.04073728621006012,0.04168124478310346
1713,0.040636204183101654,0.04166794922202825
1714,0.0404973067343235,0.041651654914021494
1715,0.040710028260946274,0.04163582757115364
1716,0.040548212826251984,0.04162294317036867
1717,0.04106362909078598,0.04161180306226015
1718,0.04071731120347977,0.04159754332154989
1719,0.04068154841661453,0.0415866769477725
1720,0.04082181304693222,0.04157119285315275
1721,0.04060738906264305,0.04155515395104885
1722,0.04042908549308777,0.04153950031846762
1723,0.04066555202007294,0.04152548063546419
1724,0.04059366509318352,0.04150832548737526
1725,0.04058638960123062,0.04149817459285259
1726,0.04046476632356644,0.041467657536268236
1727,0.040475450456142426,0.04143279083073139
1728,0.040394775569438934,0.04141561523079872
1729,0.040442563593387604,0.04138684246689081
1730,0.04032985866069794,0.04135238669812679
1731,0.04020269215106964,0.04132263958454132
1732,0.04038209840655327,0.04130121290683746
1733,0.039962038397789,0.04127565383911133
1734,0.04132913053035736,0.04126285843551159
1735,0.04137272387742996,0.04125416278839111
1736,0.040258750319480896,0.04123410902917385
1737,0.04067260026931763,0.04121985394507646
1738,0.04069757089018822,0.04120243165642023
1739,0.04020792990922928,0.041180603615939615
1740,0.04070033133029938,0.041166163943707944
1741,0.04031091928482056,0.04114959996193648
1742,0.04106156527996063,0.04114240143448114
1743,0.0413069911301136,0.04113427832722664
1744,0.04024188965559006,0.04111565176397562
1745,0.04049941897392273,0.041100435368716715
1746,0.040502291172742844,0.04108298324048519
1747,0.04027091711759567,0.04106605350971222
1748,0.04040210694074631,0.041053926795721056
1749,0.040049873292446136,0.04103967435657978
1750,0.040412962436676025,0.04102893888950348
1751,0.040382735431194305,0.041017342023551465
1752,0.04027006775140762,0.04100585151463747
1753,0.04008655995130539,0.040993589460849765
1754,0.04034243896603584,0.0409848228469491
1755,0.040072567760944366,0.04096984054893255
1756,0.04059132561087608,0.04096283197402954
1757,0.0403304323554039,0.040950913801789286
1758,0.040831394493579865,0.04094310007989407
1759,0.0409625768661499,0.04093984141945839
1760,0.03976477310061455,0.04092167071998119
1761,0.04004717990756035,0.04090634826570749
1762,0.039961762726306915,0.04089303996413946
1763,0.03965224325656891,0.040874513350427154
1764,0.0403716005384922,0.04086621060967446
1765,0.040136657655239105,0.040854055993258954
1766,0.04054941236972809,0.040842778161168096
1767,0.04052814096212387,0.040836894735693935
1768,0.039892345666885376,0.04082099910825491
1769,0.04003263637423515,0.04080363303422928
1770,0.03998164087533951,0.04079081784933805
1771,0.03970247879624367,0.040773296803236006
1772,0.040143176913261414,0.04076066926121712
1773,0.039766520261764526,0.040748111791908743
1774,0.039952363818883896,0.0407324793189764
1775,0.03989491984248161,0.04071618743240833
1776,0.03996172547340393,0.04070387046784162
1777,0.03985776752233505,0.04068700198084116
1778,0.039715975522994995,0.040669515170156954
1779,0.03969879448413849,0.040654304809868334
1780,0.03983753174543381,0.04063651494681835
1781,0.039454106241464615,0.04061521377414465
1782,0.04047385975718498,0.040610125958919524
1783,0.040350958704948425,0.040596432760357855
1784,0.03991610184311867,0.04057964481413365
1785,0.04018726944923401,0.04056229967623949
1786,0.03978396952152252,0.040543222613632676
1787,0.04030558094382286,0.04053021114319563
1788,0.04018142819404602,0.04051496587693691
1789,0.03981655091047287,0.04050038628280163
1790,0.039897412061691284,0.04048987168818712
1791,0.0396755114197731,0.040469746254384514
1792,0.03983134776353836,0.04045230008661747
1793,0.039416901767253876,0.04043087750673294
1794,0.040163133293390274,0.04041974451392889
1795,0.039938248693943024,0.04040739357471466
1796,0.03983449935913086,0.04039603695273399
1797,0.039798229932785034,0.04037973582744599
1798,0.039867956191301346,0.040366072580218314
1799,0.0394628569483757,0.040349607467651365
1800,0.04002133011817932,0.04033935584127903
1801,0.03966020792722702,0.04032712817192077
1802,0.039962779730558395,0.04032013077288866
1803,0.040084317326545715,0.04030878376215696
1804,0.03940191864967346,0.040292178839445116
1805,0.0392969511449337,0.0402753671631217
1806,0.03941052407026291,0.040262271165847775
1807,0.039124809205532074,0.040243666619062424
1808,0.039956677705049515,0.0402346059307456
1809,0.039914168417453766,0.04022376503795386
1810,0.039767421782016754,0.040213050954043865
1811,0.039363183081150055,0.040198875963687895
1812,0.03980228304862976,0.040189525932073596
1813,0.039369046688079834,0.04017685435712338
1814,0.039980798959732056,0.04017168927937746
1815,0.040163442492485046,0.04016622342169285
1816,0.03942573070526123,0.04015499860048294
1817,0.039356254041194916,0.04013792484998703
1818,0.03961718827486038,0.04012692362070083
1819,0.03934752941131592,0.04011358343064785
1820,0.03922637179493904,0.04009762901812792
1821,0.039321646094322205,0.04008477158844471
1822,0.039367470890283585,0.040074155442416666
1823,0.03898444399237633,0.0400573443621397
1824,0.03969157487154007,0.04004832345992327
1825,0.03931441903114319,0.040035603754222396
1826,0.03964216634631157,0.040027377754449846
1827,0.03962022811174393,0.04001882553100586
1828,0.03898252174258232,0.04000470299273729
1829,0.039064884185791016,0.039990926198661327
1830,0.039133112877607346,0.03997895874083042
1831,0.03898349776864052,0.03996676679700613
1832,0.03932882100343704,0.03995623402297497
1833,0.03908379375934601,0.03994745157659054
1834,0.03955528140068054,0.03992971308529377
1835,0.039517469704151154,0.03991116054356098
1836,0.0390595868229866,0.03989916890859604
1837,0.03898782655596733,0.03988232117146254
1838,0.03908465802669525,0.039866192042827604
1839,0.03868403658270836,0.039850953109562395
1840,0.039605144411325455,0.03984000124037266
1841,0.039463721215724945,0.039831529259681704
1842,0.038909245282411575,0.039810006059706214
1843,0.038857147097587585,0.039785507619380954
1844,0.03909548372030258,0.039774043560028075
1845,0.03897654637694359,0.039758814834058284
1846,0.03898390009999275,0.03974363092333078
1847,0.038965970277786255,0.03973058145493269
1848,0.03883632272481918,0.03971492361277342
1849,0.0387335866689682,0.03970176074653864
1850,0.03895917534828186,0.039687222875654696
1851,0.038665395230054855,0.039670049473643304
1852,0.03905128315091133,0.03965786162763834
1853,0.03899700567126274,0.03964696608483791
1854,0.03878296911716461,0.0396313713863492
1855,0.03868137300014496,0.039617459438741204
1856,0.03878256678581238,0.03959937185049057
1857,0.03865722194314003,0.03958263974636793
1858,0.038767024874687195,0.039561996050179
1859,0.03880057483911514,0.039540376029908654
1860,0.03861624002456665,0.03952889069914818
1861,0.038657475262880325,0.03951499365270138
1862,0.038642577826976776,0.039501801803708075
1863,0.03850173577666283,0.03949029672890902
1864,0.03854231536388397,0.03947200387716293
1865,0.03859391808509827,0.039456576481461524
1866,0.038424596190452576,0.03943532831966877
1867,0.0384703055024147,0.03941474996507168
1868,0.03849512338638306,0.039400777742266656
1869,0.03827124461531639,0.039383163824677464
1870,0.0387880764901638,0.03937122818082571
1871,0.03855365514755249,0.0393597399443388
1872,0.03862687200307846,0.03934457689523697
1873,0.038545046001672745,0.03933236215263605
1874,0.038392677903175354,0.03931676529347897
1875,0.038256026804447174,0.03930037636309862
1876,0.03854009881615639,0.03928616009652615
1877,0.038474880158901215,0.03927233122289181
1878,0.03851190209388733,0.03926029048860073
1879,0.03842482343316078,0.03924755077809095
1880,0.038392066955566406,0.03923309613019228
1881,0.03826373070478439,0.03922119237482548
1882,0.03823672607541084,0.03919882103800774
1883,0.038113512098789215,0.03917644657194615
1884,0.03834855556488037,0.03916077110916376
1885,0.038352273404598236,0.0391424211487174
1886,0.038226790726184845,0.03912684936076403
1887,0.03804890438914299,0.03910428259521723
1888,0.038358792662620544,0.03908605623990297
1889,0.038113072514534,0.039069021455943584
1890,0.03832074627280235,0.039053254798054694
1891,0.03824862837791443,0.03903898596763611
1892,0.038066595792770386,0.039021338447928426
1893,0.03811674565076828,0.03900833688676357
1894,0.03787417709827423,0.03898544732481241
1895,0.038027480244636536,0.03896633964031935
1896,0.037870489060878754,0.03894669953733683
1897,0.03772657364606857,0.03892598297446966
1898,0.03780439496040344,0.03890534736216068
1899,0.03771837055683136,0.03888790249824524
1900,0.03771105408668518,0.0388647997379303
1901,0.037562526762485504,0.038843822926282884
1902,0.03765532374382019,0.0388207483664155
1903,0.037616096436977386,0.03879606615751982
1904,0.03766805678606033,0.03877872753888369
1905,0.03771240636706352,0.03876288209110498
1906,0.03751354664564133,0.03874391231685877
1907,0.037399645894765854,0.03872666068375111
1908,0.03744421899318695,0.03870153609663248
1909,0.037491075694561005,0.038677305169403556
1910,0.037419259548187256,0.03865382354706526
1911,0.03744925931096077,0.038634684309363364
1912,0.03738991171121597,0.038610560595989225
1913,0.037409137934446335,0.03859096150845289
1914,0.037284545600414276,0.038563998974859716
1915,0.03716523200273514,0.03853401686996222
1916,0.03749942034482956,0.0385147537663579
1917,0.037092424929142,0.03849211547523737
1918,0.03805951774120331,0.0384765387699008
1919,0.03804028034210205,0.03846346627920866
1920,0.03815600275993347,0.0384527625888586
1921,0.037928566336631775,0.0384388317912817
1922,0.03784004598855972,0.03842355754226446
1923,0.03757402300834656,0.03840945333242416
1924,0.03789398446679115,0.038391477428376675
1925,0.037659116089344025,0.03837492439895868
1926,0.03787995129823685,0.038357302248477936
1927,0.03768939897418022,0.0383379939571023
1928,0.03779207542538643,0.03832608949393034
1929,0.03752198815345764,0.03831066053360701
1930,0.037577733397483826,0.03829510673880577
1931,0.037377942353487015,0.03827905118465424
1932,0.037731412798166275,0.03826307710260153
1933,0.03766530007123947,0.038248892165720465
1934,0.037285007536411285,0.03822618942707777
1935,0.03709869086742401,0.0382020016387105
1936,0.03753135725855827,0.038186719343066215
1937,0.03728770464658737,0.038169718123972414
1938,0.037620559334754944,0.03815507713705301
1939,0.037758078426122665,0.038145817555487155
1940,0.03719669580459595,0.038121733069419864
1941,0.037243667989969254,0.038099532537162306
1942,0.03707306087017059,0.038081170693039894
1943,0.036961816251277924,0.038062217384576796
1944,0.03761671483516693,0.03804742969572544
1945,0.0373167023062706,0.03803083125501871
1946,0.037376269698143005,0.038014754951000214
1947,0.03739546984434128,0.03799904994666577
1948,0.03729313984513283,0.0379836181178689
1949,0.037046901881694794,0.037966751269996164
1950,0.03717702627182007,0.03794892977923155
1951,0.03709038347005844,0.03793317966163159
1952,0.03703952208161354,0.037913062050938605
1953,0.03688553348183632,0.03789194732904434
1954,0.03725064918398857,0.03787662412971258
1955,0.036945026367902756,0.03785926066339016
1956,0.037548407912254333,0.03784691907465458
1957,0.03739720582962036,0.037834318913519384
1958,0.03701592981815338,0.037816807962954044
1959,0.03743463009595871,0.03780314851552248
1960,0.0368029847741127,0.03778501596301794
1961,0.03816911205649376,0.03778013233095408
1962,0.03849664330482483,0.03777867298573256
1963,0.03720955550670624,0.03776575118303299
1964,0.037377264350652695,0.03775410067290068
1965,0.0375169962644577,0.03774333145469427
1966,0.037325404584407806,0.03773233953863382
1967,0.03737739473581314,0.03772141043096781
1968,0.03733433037996292,0.037709802500903604
1969,0.037360601127147675,0.037700696066021916
1970,0.03720903396606445,0.037684905640780926
1971,0.03674042224884033,0.03766677331179381
1972,0.037105463445186615,0.03765155922621489
1973,0.037014055997133255,0.03763624932616949
1974,0.03714444488286972,0.03762376699596644
1975,0.037006862461566925,0.03761127535253763
1976,0.03651804104447365,0.037591054774820803
1977,0.03718690201640129,0.0375781749933958
1978,0.037511132657527924,0.03756816729903221
1979,0.037052951753139496,0.037554448582231996
1980,0.03703358769416809,0.03754086378961802
1981,0.036837540566921234,0.037526601888239385
1982,0.0367489717900753,0.03751172434538603
1983,0.03641437366604805,0.03749473296105862
1984,0.03686084598302841,0.037479855865240094
1985,0.03674505650997162,0.03746378369629383
1986,0.03655335307121277,0.03744704931974411
1987,0.0367974191904068,0.03743453446775675
1988,0.03662779927253723,0.03741722453385592
1989,0.036278508603572845,0.0373988788947463
1990,0.03677724301815033,0.037383443862199786
1991,0.03638827055692673,0.037364840283989904
1992,0.037521131336688995,0.037359385639429095
1993,0.037587471306324005,0.03735409289598465
1994,0.03720716014504433,0.03734742272645235
1995,0.036839913576841354,0.0373355470597744
1996,0.03644140809774399,0.03732125625014305
1997,0.03654591739177704,0.03730944968760014
1998,0.0363348126411438,0.03729475386440754
1999,0.03611466661095619,0.037278716824948786
2000,0.035935178399086,0.037260958068072794
2001,0.036144040524959564,0.03724677320569754
2002,0.035976264625787735,0.03722998261451721
2003,0.03597104549407959,0.03721353210508824
2004,0.03578023612499237,0.03719465389847756
2005,0.036007288843393326,0.03717760272324085
2006,0.035652339458465576,0.03715899065136909
2007,0.03663747012615204,0.03715136889368296
2008,0.036529622972011566,0.037142222933471206
2009,0.035709530115127563,0.03712440747767687
2010,0.03600680083036423,0.03711028289049864
2011,0.035686179995536804,0.0370926520973444
2012,0.03562997281551361,0.037075052708387374
2013,0.035621508955955505,0.03705717641860247
2014,0.03566207364201546,0.03704095169901848
2015,0.03544273227453232,0.037023726701736454
2016,0.035586342215538025,0.037004595920443535
2017,0.035351622849702835,0.036987187899649145
2018,0.03579525277018547,0.03696454524993897
2019,0.035620659589767456,0.03694034904241562
2020,0.03620525449514389,0.03692084155976772
2021,0.03613436967134476,0.03690289959311485
2022,0.03610118478536606,0.03688551098108292
2023,0.03593376278877258,0.036869108378887176
2024,0.03641427308320999,0.036854311265051364
2025,0.036514390259981155,0.036842864006757736
2026,0.03562188893556595,0.03682028338313103
2027,0.0358901247382164,0.03680229064077139
2028,0.03558157756924629,0.03678018566220999
2029,0.03551773726940155,0.03676014315336942
2030,0.03545593470335007,0.03673892516642809
2031,0.03507925570011139,0.036715938299894335
2032,0.034975409507751465,0.03668837826699019
2033,0.03510162606835365,0.03666274152696133
2034,0.034962184727191925,0.036639513298869136
2035,0.034940142184495926,0.036617927812039854
2036,0.03463558852672577,0.03658897012472153
2037,0.03561687469482422,0.03657226182520389
2038,0.03554822504520416,0.03655153848230839
2039,0.03536764532327652,0.03652763415127993
2040,0.035350408405065536,0.03650917127728462
2041,0.0350123755633831,0.036486858353018764
2042,0.03499320149421692,0.03646605975925923
2043,0.03503353148698807,0.036446776911616324
2044,0.034800220280885696,0.036418611966073516
2045,0.03513253852725029,0.03639677032828331
2046,0.03496340662240982,0.03637264169752598
2047,0.03518422693014145,0.03635052926838398
2048,0.035160087049007416,0.03632919874042272
2049,0.0346459224820137,0.03630518894642591
2050,0.03467096760869026,0.03628012835979462
2051,0.03444390371441841,0.03625366356223822
2052,0.03491697460412979,0.036232438087463376
2053,0.03445035219192505,0.03620808627456427
2054,0.03501289710402489,0.03618570875376463
2055,0.03558266535401344,0.036172085143625736
2056,0.03477676957845688,0.03614436876028776
2057,0.03536747768521309,0.03612407147884369
2058,0.03580784797668457,0.036111990660429
2059,0.03525253012776375,0.03609016966074705
2060,0.03553656116127968,0.03607750542461872
2061,0.03540137782692909,0.03604982808232307
2062,0.03485005348920822,0.03601336218416691
2063,0.035195112228393555,0.03599321775138378
2064,0.0349479541182518,0.03596892464905977
2065,0.03461454063653946,0.03593990009278059
2066,0.034703075885772705,0.03591367680579424
2067,0.03447693586349487,0.035884672217071055
2068,0.034401316195726395,0.03585534207522869
2069,0.03446631133556366,0.035826399177312854
2070,0.03440428525209427,0.03579835169017315
2071,0.03416500240564346,0.03577259749174118
2072,0.0340634249150753,0.035742177106440065
2073,0.0343371219933033,0.035715407766401766
2074,0.0340522937476635,0.035684486255049705
2075,0.03408088535070419,0.03565522648394108
2076,0.033945679664611816,0.03562950287014246
2077,0.03397943079471588,0.035597428157925604
2078,0.03408536687493324,0.03556317050009966
2079,0.03365495800971985,0.035529190562665465
2080,0.03439958393573761,0.035502850525081155
2081,0.03416066616773605,0.035476081781089304
2082,0.034534938633441925,0.03545394144952297
2083,0.034169264137744904,0.03543149035423994
2084,0.034346871078014374,0.0354063506051898
2085,0.034195996820926666,0.03538086000829935
2086,0.034366101026535034,0.03535898748785257
2087,0.034722551703453064,0.035338238812983036
2088,0.034058667719364166,0.0353125474974513
2089,0.03405788540840149,0.03529034126549959
2090,0.034011468291282654,0.03526268351823091
2091,0.033946506679058075,0.03523826587945223
2092,0.03383570909500122,0.03520141165703535
2093,0.03403167426586151,0.03516585368663073
2094,0.03375689312815666,0.03513135101646185
2095,0.03373612463474274,0.035100313127040865
2096,0.03381726145744324,0.035074071660637855
2097,0.03375505656003952,0.03504616305232048
2098,0.033668894320726395,0.03501950386911631
2099,0.03355066850781441,0.03499386388808489
2100,0.033500511199235916,0.03496951721608639
2101,0.03371778130531311,0.03494525462388992
2102,0.03348150849342346,0.03492030706256628
2103,0.033460237085819244,0.03489519897848368
2104,0.03345301002264023,0.03487192671746016
2105,0.03325289487838745,0.034844382777810094
2106,0.03326961398124695,0.03482055552303791
2107,0.03352513164281845,0.034789432138204575
2108,0.03339490666985512,0.03475808497518301
2109,0.03328467905521393,0.034733836464583875
2110,0.033393099904060364,0.03470769945532084
2111,0.033353131264448166,0.03468436896800995
2112,0.033265773206949234,0.03466072697192431
2113,0.033136509358882904,0.03463587697595358
2114,0.03324364125728607,0.034611692652106285
2115,0.03340864181518555,0.034591351747512815
2116,0.03287704288959503,0.03456425875425339
2117,0.03423570096492767,0.03455309953540563
2118,0.0341164693236351,0.03453631170094013
2119,0.03394951671361923,0.03451960027217865
2120,0.03345213085412979,0.034492069035768506
2121,0.03375145047903061,0.034468239843845366
2122,0.03333013504743576,0.03444052934646606
2123,0.03411257266998291,0.03442231744527817
2124,0.034177809953689575,0.03439995281398296
2125,0.033119313418865204,0.0343660020455718
2126,0.03384655714035034,0.03434824872761965
2127,0.03333690017461777,0.034322716481983664
2128,0.033547479659318924,0.03430237550288439
2129,0.03362519294023514,0.03428345005959273
2130,0.03334080055356026,0.03426229871809482
2131,0.03341452404856682,0.03424565140157938
2132,0.03309815004467964,0.03422687880694866
2133,0.033164285123348236,0.03420750539749861
2134,0.033018939197063446,0.03418807294219732
2135,0.03326115757226944,0.03417128309607506
2136,0.03299661725759506,0.034154893383383754
2137,0.03345751017332077,0.03413329973816872
2138,0.0335882231593132,0.034113699719309803
2139,0.033449623733758926,0.03409451950341463
2140,0.03324124589562416,0.03407342787832022
2141,0.03309599310159683,0.034054264053702356
2142,0.033021681010723114,0.03403454884886742
2143,0.03347459435462952,0.03401895947754383
2144,0.03294218331575394,0.03400037910789251
2145,0.03314545005559921,0.033980508223176005
2146,0.03291494771838188,0.03396002363413572
2147,0.032862965017557144,0.03393681101500988
2148,0.03290345519781113,0.03391424469649792
2149,0.032960131764411926,0.0338973867893219
2150,0.032611213624477386,0.03387678924947977
2151,0.03346218168735504,0.03386697202920914
2152,0.033213697373867035,0.03384993925690651
2153,0.03264516592025757,0.03383188739418983
2154,0.03286901116371155,0.0338104485347867
2155,0.032318115234375,0.03377780303359032
2156,0.032641325145959854,0.033756448589265346
2157,0.032306887209415436,0.03372584268450737
2158,0.03311040252447128,0.03369886822998524
2159,0.032372791320085526,0.033670070841908456
2160,0.034246161580085754,0.033657166846096515
2161,0.03455277159810066,0.033648680783808234
2162,0.034081149846315384,0.033640991747379306
2163,0.033161479979753494,0.033620655424892905
2164,0.03439004346728325,0.033615076318383216
2165,0.034252412617206573,0.03361145503818989
2166,0.03383466228842735,0.03360277090221644
2167,0.03333910554647446,0.03359139259904623
2168,0.03333725780248642,0.03358075201511383
2169,0.03320378065109253,0.03356812670826912
2170,0.033404380083084106,0.03355812765657902
2171,0.03312036767601967,0.03354768130928278
2172,0.03337017446756363,0.03354074880480766
2173,0.03329760208725929,0.03353035360574722
2174,0.033016450703144073,0.03351999517530203
2175,0.03284406661987305,0.03350762698799372
2176,0.03305778652429581,0.03349874805659056
2177,0.032839857041835785,0.033487352319061754
2178,0.0331570990383625,0.03347806964069605
2179,0.033083416521549225,0.03347235422581434
2180,0.03273756802082062,0.033455734066665174
2181,0.03243986889719963,0.03343852609395981
2182,0.032641343772411346,0.0334195901453495
2183,0.03261552006006241,0.033404052704572675
2184,0.03273503854870796,0.033387934379279616
2185,0.03230494260787964,0.033369023837149146
2186,0.03319103270769119,0.033357273153960705
2187,0.03282882273197174,0.033338335864245894
2188,0.03251935541629791,0.03332294274121523
2189,0.032394129782915115,0.03330630518496037
2190,0.03260904923081398,0.03329228099435568
2191,0.03222881257534027,0.0332751040533185
2192,0.0329420305788517,0.033266167268157
2193,0.03274676948785782,0.03325331822037697
2194,0.03236479312181473,0.03323939722031355
2195,0.03236689791083336,0.033225704953074454
2196,0.03221280127763748,0.0332096603512764
2197,0.03200498968362808,0.03319215968251228
2198,0.032433830201625824,0.03317980904132128
2199,0.032153964042663574,0.03316584199666977
2200,0.03261358290910721,0.03315697271376848
2201,0.032354071736335754,0.03314333561807871
2202,0.032453812658786774,0.033133058659732345
2203,0.032245706766843796,0.03312091335654259
2204,0.032232657074928284,0.033108709827065465
2205,0.03205845132470131,0.03309676539152861
2206,0.03230410814285278,0.03308711033314467
2207,0.03216664493083954,0.03307352546602488
2208,0.03237471729516983,0.03306332357227802
2209,0.03215944021940231,0.03305207118391991
2210,0.032543934881687164,0.033043579533696174
2211,0.03242551162838936,0.033034303337335584
2212,0.032064132392406464,0.03302228692919016
2213,0.03196556121110916,0.03301057744771242
2214,0.03235476091504097,0.03300168864428997
2215,0.03188095986843109,0.032986411824822426
2216,0.03264935687184334,0.03298413496464491
2217,0.032491110265254974,0.032966689057648185
2218,0.032044313848018646,0.03294596750289202
2219,0.03204125165939331,0.03292688485234976
2220,0.03209618106484413,0.0329133253544569
2221,0.03202776610851288,0.03289608851075172
2222,0.03188478201627731,0.03288163498044014
2223,0.03190632164478302,0.03285957247018814
2224,0.031837448477745056,0.0328361688554287
2225,0.03165233135223389,0.032821499034762384
2226,0.031851522624492645,0.032801548689603804
2227,0.0314081571996212,0.03278226125985384
2228,0.03257805109024048,0.03277256697416306
2229,0.032038114964962006,0.03275669619441032
2230,0.03227795287966728,0.03274606771767139
2231,0.03230912983417511,0.032735013775527476
2232,0.0323566235601902,0.03272759851068258
2233,0.03197608143091202,0.03271571647375822
2234,0.03248826414346695,0.032710409723222256
2235,0.031982846558094025,0.032697626613080503
2236,0.03198355808854103,0.03268749602138996
2237,0.03199121356010437,0.0326728330552578
2238,0.031744301319122314,0.03265439383685589
2239,0.03176276013255119,0.032637525200843814
2240,0.03208247199654579,0.03262593746185303
2241,0.031667210161685944,0.032611649632453915
2242,0.03168301284313202,0.03259826295077801
2243,0.03146837651729584,0.03257820077240467
2244,0.031911805272102356,0.03256789699196815
2245,0.03178399056196213,0.032554282397031786
2246,0.03181461617350578,0.032543279081583026
2247,0.03200230747461319,0.032534672506153585
2248,0.0315573550760746,0.03252121150493622
2249,0.031864266842603683,0.03251025285571814
2250,0.03177262470126152,0.03250186696648598
2251,0.031906649470329285,0.03248631164431572
2252,0.0317230299115181,0.03247140496969223
2253,0.031609855592250824,0.03246105186641216
2254,0.03153006732463837,0.03244766242802143
2255,0.031933337450027466,0.032443814650177955
2256,0.03125486522912979,0.032429950051009654
2257,0.03189792484045029,0.03242586042732001
2258,0.03198997676372528,0.03241465616971254
2259,0.03179767727851868,0.03240890502929687
2260,0.031798265874385834,0.032384426072239875
2261,0.03174508363008499,0.03235634919255972
2262,0.03156230226159096,0.03233116071671247
2263,0.0315384566783905,0.032314930483698844
2264,0.031782183796167374,0.032288851886987685
2265,0.031228866428136826,0.03225861642509699
2266,0.03193077817559242,0.03223957758396864
2267,0.031500451266765594,0.03222119104117155
2268,0.031748536974191666,0.0322053038328886
2269,0.03165405988693237,0.032189806625247
2270,0.03157810866832733,0.032171543911099436
2271,0.031442828476428986,0.032154768519103524
2272,0.03146432340145111,0.032135710008442404
2273,0.031637780368328094,0.03211911179125309
2274,0.030996419489383698,0.032098911479115484
2275,0.031899936497211456,0.03208947017788887
2276,0.031632713973522186,0.032075219452381135
2277,0.03169744461774826,0.03206379532814026
2278,0.0317203551530838,0.03204942788928747
2279,0.03126707673072815,0.03203126449137926
2280,0.031515516340732574,0.03201904397457838
2281,0.031395234167575836,0.03200859762728214
2282,0.031043589115142822,0.03199262008070946
2283,0.031056813895702362,0.031977033019065855
2284,0.03126886859536171,0.0319623713195324
2285,0.031148545444011688,0.03195080734789371
2286,0.03132975101470947,0.031932194530963895
2287,0.03105485625565052,0.03191445486620068
2288,0.031628549098968506,0.031905546803027394
2289,0.03141885995864868,0.03189579410478473
2290,0.03157695382833481,0.03188547315075994
2291,0.03194522112607956,0.03188263723626733
2292,0.03152911365032196,0.03186850806698203
2293,0.03160974383354187,0.03185713781043887
2294,0.031289294362068176,0.031846382822841406
2295,0.031659066677093506,0.031839304510504006
2296,0.03194939345121384,0.03183667043223977
2297,0.031025029718875885,0.03182687083259225
2298,0.03138156607747078,0.0318163481913507
2299,0.03159130737185478,0.03181072162464261
2300,0.030909331515431404,0.03179367911070585
2301,0.03252479434013367,0.03179538633674383
2302,0.03282957524061203,0.03179914396256209
2303,0.03225168213248253,0.03179920371621847
2304,0.03261786699295044,0.03180305581539869
2305,0.03196340054273605,0.03180210530757904
2306,0.03180626034736633,0.03179712682962418
2307,0.03197667375206947,0.03179522711783647
2308,0.031151125207543373,0.03178299119696021
2309,0.0323437936604023,0.03178483473137021
2310,0.03292896971106529,0.031788685079663995
2311,0.03190729394555092,0.03178350290283561
2312,0.032058149576187134,0.031783443074673415
2313,0.03228385001420975,0.03178662596270442
2314,0.03137679770588875,0.031776846330612896
2315,0.032518792897462845,0.03178322466090321
2316,0.033299967646598816,0.03178973076865077
2317,0.032482363283634186,0.03178964329883456
2318,0.03196500986814499,0.03178885025903583
2319,0.032041627913713455,0.03178885402157903
2320,0.03162344917654991,0.031784126702696085
2321,0.032000645995140076,0.031783855501562354
2322,0.03205899894237518,0.03178559767082333
2323,0.031503841280937195,0.03178157286718488
2324,0.03162165731191635,0.03177941495552659
2325,0.03153214231133461,0.0317782130651176
2326,0.031009964644908905,0.03176979748532176
2327,0.031870342791080475,0.03177441934123635
2328,0.03228331357240677,0.031771471966058014
2329,0.03163181245326996,0.03176740894094109
2330,0.031503111124038696,0.03175966052338481
2331,0.031228069216012955,0.03174884991720319
2332,0.03131440281867981,0.03173842770978808
2333,0.031448282301425934,0.031733149718493225
2334,0.031021934002637863,0.03171848641708493
2335,0.031043365597724915,0.03170909160748124
2336,0.031245792284607887,0.031701713949441906
2337,0.030583754181861877,0.031687639355659485
2338,0.03146471828222275,0.03168484352529049
2339,0.03166252747178078,0.03168384119868278
2340,0.031079832464456558,0.03167381480336189
2341,0.0319746769964695,0.03167688947170973
2342,0.031663596630096436,0.031676695309579374
2343,0.03237413614988327,0.031685752905905244
2344,0.032671116292476654,0.031693346016108986
2345,0.03179894760251045,0.03169349558651447
2346,0.03190864622592926,0.031694435887038706
2347,0.03179878741502762,0.03169240068644285
2348,0.031279608607292175,0.03168962322175503
2349,0.0316368006169796,0.031687348559498785
2350,0.031220344826579094,0.031681825760751965
2351,0.031545549631118774,0.03167821476235986
2352,0.031547266989946365,0.03167645713314414
2353,0.03129325434565544,0.03167329112067819
2354,0.030980771407485008,0.03166779816150665
2355,0.03167451545596123,0.03166520994156599
2356,0.03092275559902191,0.03166188884526491
2357,0.03176432475447655,0.03166055284440517
2358,0.03178675100207329,0.031658520586788655
2359,0.03134810924530029,0.03165402490645647
2360,0.031131945550441742,0.03164736170321703
2361,0.030875960364937782,0.03163867047056556
2362,0.031049810349941254,0.03163354555144906
2363,0.030553830787539482,0.03162369929254055
2364,0.031088922172784805,0.03161676667630672
2365,0.03063695877790451,0.0316108475998044
2366,0.03127387911081314,0.03160427860915661
2367,0.03116692788898945,0.031600943375378845
2368,0.031074434518814087,0.03159420235082507
2369,0.03094405308365822,0.03158710228279233
2370,0.031071489676833153,0.03158203609287739
2371,0.030853504315018654,0.031576142851263284
2372,0.030788138508796692,0.03156938100233674
2373,0.03107825294137001,0.03156378572806716
2374,0.03064209222793579,0.03156024245545268
2375,0.030493834987282753,0.03154618144035339
2376,0.03028685227036476,0.03153272282332182
2377,0.03084174543619156,0.03152416583150625
2378,0.030362118035554886,0.03151058346033096
2379,0.03146178647875786,0.03151253055781126
2380,0.031437233090400696,0.03151174772530794
2381,0.030446000397205353,0.03150225538760423
2382,0.0306196641176939,0.031498016137629745
2383,0.03046575002372265,0.03149210549890995
2384,0.030308008193969727,0.03148249689489603
2385,0.030524035915732384,0.03147625179961324
2386,0.03019772469997406,0.03146493153646588
2387,0.03041151538491249,0.0314584981277585
2388,0.03010825626552105,0.03144329519942403
2389,0.03065519407391548,0.0314356585405767
2390,0.03062848560512066,0.03142617385834456
2391,0.030155625194311142,0.03140827789902687
2392,0.030568398535251617,0.03139867074787617
2393,0.030221164226531982,0.03138478495180607
2394,0.030494607985019684,0.03137683808803558
2395,0.030389122664928436,0.03136413864791393
2396,0.030458174645900726,0.0313492264598608
2397,0.030641458928585052,0.03134539075195789
2398,0.03027987852692604,0.031334373876452444
2399,0.030629131942987442,0.03132475212216377
2400,0.030166177079081535,0.031317320577800276
2401,0.030217837542295456,0.03129425100982189
2402,0.03007764369249344,0.03126673169434071
2403,0.030148740857839584,0.031245702281594276
2404,0.0303499735891819,0.03122302334755659
2405,0.029999269172549248,0.031203382033854723
2406,0.030042609199881554,0.031185745522379876
2407,0.03024999052286148,0.031168478690087795
2408,0.029956446960568428,0.031156531907618044
2409,0.030367150902748108,0.031136765480041503
2410,0.030197471380233765,0.03110945049673319
2411,0.030114877969026566,0.031091526336967944
2412,0.030501503497362137,0.031075959876179695
2413,0.029890350997447968,0.031052024886012077
2414,0.03016207553446293,0.03103987766429782
2415,0.030416902154684067,0.031018858756870032
2416,0.029982324689626694,0.03098568232730031
2417,0.030808672308921814,0.030968945417553188
2418,0.030421851202845573,0.03095351383090019
2419,0.03130977600812912,0.030946195311844348
2420,0.030939072370529175,0.030939351543784143
2421,0.03190923482179642,0.030938437432050703
2422,0.032262347638607025,0.030940470919013023
2423,0.03082440048456192,0.03093367651104927
2424,0.030910508707165718,0.030926565025001764
2425,0.031196849420666695,0.030923212096095085
2426,0.030679550021886826,0.030919907949864864
2427,0.030302921310067177,0.030904233735054732
2428,0.03024463728070259,0.03088384697213769
2429,0.030243895947933197,0.03086996780708432
2430,0.029918788000941277,0.030854124575853348
2431,0.03021533600986004,0.030843997243791818
2432,0.029952868819236755,0.030830381903797388
2433,0.03059261292219162,0.030821825210005045
2434,0.03066646121442318,0.0308182704821229
2435,0.030261028558015823,0.030810447111725807
2436,0.030314072966575623,0.030801129918545486
2437,0.030056234449148178,0.030795854721218346
2438,0.030244722962379456,0.030783654768019916
2439,0.029803665354847908,0.030765066146850584
2440,0.030315838754177094,0.030757426209747793
2441,0.030166668817400932,0.030739346127957104
2442,0.030139107257127762,0.03072410123422742
2443,0.030548226088285446,0.030705842133611442
2444,0.03030458092689514,0.030682176779955626
2445,0.02968195453286171,0.03066100684925914
2446,0.030492577701807022,0.030646846164017916
2447,0.030285634100437164,0.030631714630872012
2448,0.030000248923897743,0.030618921034038068
2449,0.02991154044866562,0.030601668432354928
2450,0.03032374195754528,0.030592702403664587
2451,0.030031053349375725,0.03057755744084716
2452,0.02997969090938568,0.03056188168004155
2453,0.03021181747317314,0.030551067311316727
2454,0.029727831482887268,0.03053853791207075
2455,0.03001203015446663,0.030521913059055807
2456,0.02955249324440956,0.03050821043550968
2457,0.029690653085708618,0.030487473718822003
2458,0.02964162826538086,0.030466022491455077
2459,0.029830202460289,0.030450843423604965
2460,0.029860854148864746,0.030438132509589197
2461,0.030019212514162064,0.030429565031081438
2462,0.02949768304824829,0.03041404375806451
2463,0.030161593109369278,0.030410121381282806
2464,0.0301805529743433,0.03040103768929839
2465,0.02985634282231331,0.03039323152974248
2466,0.029671546071767807,0.030377208199352027
2467,0.0297790989279747,0.030363329909741877
2468,0.03006543591618538,0.03035323992371559
2469,0.02957550808787346,0.030339554473757743
2470,0.031224597245454788,0.03034108554944396
2471,0.03159350901842117,0.030348485596477986
2472,0.030037611722946167,0.03034098032861948
2473,0.030467158183455467,0.030334869381040335
2474,0.030121222138404846,0.030329660680145025
2475,0.030152732506394386,0.030326249655336143
2476,0.030080590397119522,0.030324187036603688
2477,0.029943078756332397,0.030315200369805097
2478,0.029776927083730698,0.030309348460286857
2479,0.029556063935160637,0.030290291234850882
2480,0.029787715524435043,0.030273796059191227
2481,0.029433099552989006,0.030263667050749062
2482,0.02972443215548992,0.030254714731127022
2483,0.02929503098130226,0.030243007540702818
2484,0.030707262456417084,0.030247000083327293
2485,0.030843518674373627,0.030250194910913707
2486,0.030263546854257584,0.03025085313245654
2487,0.030238550156354904,0.030249123480170965
2488,0.030401837080717087,0.030252059288322926
2489,0.029734458774328232,0.030242851935327053
2490,0.029948685318231583,0.03023605393245816
2491,0.029866356402635574,0.030233161244541406
2492,0.029705211520195007,0.03022452937439084
2493,0.03002028539776802,0.0302225205861032
2494,0.029645513743162155,0.030214029643684626
2495,0.029597502201795578,0.030206113439053297
2496,0.02927272953093052,0.030194258987903594
2497,0.02991412952542305,0.030186985693871973
2498,0.0297987163066864,0.03018217407166958
2499,0.029331646859645844,0.030169199220836163
2500,0.029363596811890602,0.030161173418164253
2501,0.029380379244685173,0.03015279883518815
2502,0.02926081232726574,0.030144630521535872
2503,0.029396016150712967,0.030137103274464606
2504,0.029743868857622147,0.030131042227149008
2505,0.028972450643777847,0.030120774041861295
2506,0.030275708064436913,0.030123105030506848
2507,0.030918683856725693,0.030129791963845493
2508,0.030412420630455017,0.03013435170054436
2509,0.030939022079110146,0.030140070412307977
2510,0.03037394769489765,0.030141835175454615
2511,0.03143296390771866,0.03015501603484154
2512,0.03191658854484558,0.030169166885316373
2513,0.03126252070069313,0.030182888582348823
2514,0.030620114877820015,0.030187468975782394
2515,0.03012418933212757,0.03018454184755683
2516,0.03031359240412712,0.030187854524701834
2517,0.02980237640440464,0.030177791565656663
2518,0.02989085018634796,0.030172481555491685
2519,0.029761243611574173,0.030156996231526137
2520,0.02982174977660179,0.030145823005586863
2521,0.029361193999648094,0.03012034259736538
2522,0.02984284609556198,0.030096147581934928
2523,0.029712330549955368,0.030085026882588864
2524,0.02937646210193634,0.03006968641653657
2525,0.030049119144678116,0.030058209113776685
2526,0.02944563329219818,0.030045869946479797
2527,0.03051578626036644,0.03004799859598279
2528,0.030651357024908066,0.030052065793424846
2529,0.03008677065372467,0.03005049454048276
2530,0.029520686715841293,0.030046513527631758
2531,0.03046921268105507,0.03004905229434371
2532,0.029956085607409477,0.03004908446222544
2533,0.029750816524028778,0.030040666498243808
2534,0.029760530218482018,0.030031607188284397
2535,0.030072668567299843,0.030029723588377237
2536,0.02977398782968521,0.030024322737008332
2537,0.0300460085272789,0.030024220477789642
2538,0.02990860305726528,0.030020859278738498
2539,0.029116351157426834,0.030013986136764287
2540,0.028865449130535126,0.02999948224052787
2541,0.030321570113301277,0.03000103125348687
2542,0.030118662863969803,0.030000826809555292
2543,0.029727734625339508,0.029992621894925832
2544,0.029458342120051384,0.029984159506857396
2545,0.029856132343411446,0.029985901284962892
2546,0.02951757423579693,0.029976151250302792
2547,0.02964470349252224,0.02996974194422364
2548,0.029450420290231705,0.029964243657886983
2549,0.02948564663529396,0.029959984719753266
2550,0.02941235713660717,0.029950870871543883
2551,0.029479974880814552,0.02994536008685827
2552,0.02925931289792061,0.02993815630674362
2553,0.029284998774528503,0.029928888119757177
2554,0.02908909320831299,0.029922500737011432
2555,0.029428210109472275,0.02991666253656149
2556,0.029251445084810257,0.029913652054965496
2557,0.02929404005408287,0.029909685924649237
2558,0.02923458069562912,0.02990561544895172
2559,0.029118524864315987,0.02989849867299199
2560,0.028850741684436798,0.02988839754834771
2561,0.029708635061979294,0.029885291773825883
2562,0.029552794992923737,0.02988584289327264
2563,0.02886338159441948,0.02987286077812314
2564,0.028752870857715607,0.029858583956956862
2565,0.029552455991506577,0.029855545088648797
2566,0.029330678284168243,0.0298521364107728
2567,0.028969338163733482,0.02984403880313039
2568,0.028924306854605675,0.02983262751251459
2569,0.029116135090589523,0.02982803378254175
2570,0.02891828864812851,0.02980497069656849
2571,0.029216866940259933,0.029781204275786878
2572,0.029093796387314796,0.029771766122430564
2573,0.0288914255797863,0.02975600879639387
2574,0.02868865430355072,0.02974168311804533
2575,0.029407529160380363,0.02973423108458519
2576,0.02910349890589714,0.029724460169672964
2577,0.028924794867634773,0.02971427733078599
2578,0.028779879212379456,0.02970430685207248
2579,0.029055889695882797,0.029699305109679698
2580,0.028790796175599098,0.02968933591619134
2581,0.029192965477705002,0.0296869345754385
2582,0.02910233847796917,0.029680713638663293
2583,0.02878323197364807,0.02967559564858675
2584,0.02880777418613434,0.029656600765883924
2585,0.02879919856786728,0.029636157564818858
2586,0.028621550649404526,0.029619737602770327
2587,0.029139619320631027,0.02960874829441309
2588,0.02889910154044628,0.02959372093901038
2589,0.028936095535755157,0.02958573730662465
2590,0.028967315331101418,0.02957592360675335
2591,0.028777997940778732,0.02956504002213478
2592,0.02866380847990513,0.02955462599173188
2593,0.028778942301869392,0.029542212560772895
2594,0.028637083247303963,0.029532128255814315
2595,0.029015567153692245,0.02952630890533328
2596,0.028900977224111557,0.029522591382265092
2597,0.02894655428826809,0.02951291562989354
2598,0.029075339436531067,0.029505681861191988
2599,0.028769996017217636,0.029500065352767706
2600,0.029251819476485252,0.029498947579413654
2601,0.028684403747320175,0.029491987824440003
2602,0.029369348660111427,0.02949307318776846
2603,0.028938643634319305,0.029488499462604522
2604,0.02949642762541771,0.02948602505028248
2605,0.029590465128421783,0.029492205195128917
2606,0.02912888117134571,0.029480736926198004
2607,0.029554422944784164,0.029467094317078592
2608,0.029230020940303802,0.029455270320177078
2609,0.029163559898734093,0.02943751569837332
2610,0.029148194938898087,0.02942525817081332
2611,0.029225297272205353,0.029403181504458187
2612,0.028850331902503967,0.02937251893803477
2613,0.029283985495567322,0.029352733585983514
2614,0.02959470823407173,0.029342479519546032
2615,0.028873261064291,0.029329970236867665
2616,0.02959403581917286,0.029322774671018122
2617,0.029367901384830475,0.029318429920822384
2618,0.029451515525579453,0.0293140365742147
2619,0.02905307337641716,0.029306954871863126
2620,0.030252963304519653,0.029311267007142306
2621,0.02970934845507145,0.029314748551696537
2622,0.030422784388065338,0.029320547934621573
2623,0.030438635498285294,0.029327810984104873
2624,0.029460571706295013,0.029328652080148458
2625,0.029596664011478424,0.02932412752881646
2626,0.029406007379293442,0.029323731269687413
2627,0.02918596938252449,0.029310433100908993
2628,0.02910059690475464,0.02929492549970746
2629,0.02889818325638771,0.02928303962573409
2630,0.029323862865567207,0.02928107138723135
2631,0.02884421870112419,0.029264821447432043
2632,0.029753893613815308,0.029262799527496098
2633,0.029284529387950897,0.02925813665613532
2634,0.02953549101948738,0.029255886264145374
2635,0.029357729479670525,0.02924873687326908
2636,0.029339943081140518,0.029244396425783633
2637,0.029138829559087753,0.029235324636101723
2638,0.029342547059059143,0.02922966407611966
2639,0.028877541422843933,0.029227275978773833
2640,0.029546577483415604,0.029234087262302637
2641,0.029558992013335228,0.029226461481302975
2642,0.028961367905139923,0.029214888531714677
2643,0.02902410365641117,0.029207852222025394
2644,0.029060248285531998,0.0292038712836802
2645,0.028695225715637207,0.029192262217402457
2646,0.029164481908082962,0.029188731294125317
2647,0.028820697218179703,0.029180491231381892
2648,0.02945665270090103,0.029180553555488587
2649,0.029331833124160767,0.029179015420377253
2650,0.02896822616457939,0.02917457411065698
2651,0.028821317479014397,0.029167987536638976
2652,0.029069408774375916,0.029166088495403527
2653,0.028977956622838974,0.029163018073886632
2654,0.028714798390865326,0.029159275125712158
2655,0.028585031628608704,0.02915084334090352
2656,0.028747202828526497,0.029145800918340684
2657,0.02852948196232319,0.029138155337423085
2658,0.028686176985502243,0.02913267130032182
2659,0.028561342507600784,0.029127099476754667
2660,0.02902493253350258,0.029128841385245324
2661,0.028955522924661636,0.029121310263872147
2662,0.028814595192670822,0.02911392826586962
2663,0.02887731045484543,0.029114067554473877
2664,0.02856074646115303,0.02911214631050825
2665,0.02852882817387581,0.029101910032331944
2666,0.028597023338079453,0.029094573482871054
2667,0.028373725712299347,0.029088617358356713
2668,0.029105501249432564,0.029090429302304984
2669,0.029095953330397606,0.029090227484703066
2670,0.028552409261465073,0.02908656869083643
2671,0.029207389801740646,0.029086473919451235
2672,0.028423115611076355,0.029079767111688852
2673,0.029098160564899445,0.029081834461539984
2674,0.02939114347100258,0.0290888593532145
2675,0.028715740889310837,0.029081941470503806
2676,0.028792236000299454,0.02907882884144783
2677,0.028715718537569046,0.029076738078147174
2678,0.02889304794371128,0.029077869765460493
2679,0.028490567579865456,0.029072216544300318
2680,0.02877151221036911,0.02907202370464802
2681,0.028412871062755585,0.029064222760498522
2682,0.028753213584423065,0.029060731511563062
2683,0.028553258627653122,0.029058431778103112
2684,0.028396766632795334,0.029054321702569722
2685,0.028448373079299927,0.02905081344768405
2686,0.028514323756098747,0.02904974117875099
2687,0.028215352445840836,0.02904049851000309
2688,0.02880583517253399,0.029039565846323966
2689,0.02927689626812935,0.029042973853647708
2690,0.02812429703772068,0.0290345436707139
2691,0.0301227830350399,0.029047991521656512
2692,0.03053482621908188,0.02906670169904828
2693,0.029503153637051582,0.029073943812400103
2694,0.028925882652401924,0.029076831806451084
2695,0.029920659959316254,0.029085882734507323
2696,0.02907116524875164,0.029087584614753723
2697,0.02902272157371044,0.029088346287608147
2698,0.02916451171040535,0.02908923801034689
2699,0.028721079230308533,0.029088748842477797
2700,0.028537657111883163,0.029081607218831778
2701,0.02923884615302086,0.029087151642888786
2702,0.02889334037899971,0.029082391560077667
2703,0.029258940368890762,0.029085594527423382
2704,0.02904309332370758,0.02908106118440628
2705,0.028726015239953995,0.0290724166855216
2706,0.028558608144521713,0.029066713955253363
2707,0.02864106371998787,0.0290575803630054
2708,0.02836962789297104,0.029048976432532073
2709,0.02895434945821762,0.029046884328126906
2710,0.028757482767105103,0.029042977206408978
2711,0.028488468378782272,0.029035608917474746
2712,0.028245294466614723,0.029029558543115855
2713,0.028803300112485886,0.02902475168928504
2714,0.028452616184949875,0.02901333076879382
2715,0.028831031173467636,0.02901290846988559
2716,0.028763823211193085,0.02900460634380579
2717,0.028137437999248505,0.028992301709949972
2718,0.028006859123706818,0.028977855145931243
2719,0.028727155178785324,0.028974595963954925
2720,0.028346579521894455,0.028955532126128673
2721,0.028658729046583176,0.028945025932043792
2722,0.028474409133195877,0.028925542179495098
2723,0.028235267847776413,0.02890350850299001
2724,0.028085658326745033,0.02888975936919451
2725,0.028427820652723312,0.028878070935606955
2726,0.028020191937685013,0.028864212781190873
2727,0.028990495949983597,0.028862258046865465
2728,0.029125647619366646,0.02886250855401158
2729,0.02806418016552925,0.028854168523102998
2730,0.029067564755678177,0.028851605542004107
2731,0.028432335704565048,0.028847486712038517
2732,0.02862883172929287,0.02883623609319329
2733,0.028827587142586708,0.02883166667073965
2734,0.02804698795080185,0.028816781640052795
2735,0.028390569612383842,0.028807110041379928
2736,0.027996834367513657,0.02879367895424366
2737,0.028482528403401375,0.028787115942686795
2738,0.028408316895365715,0.028777773641049862
2739,0.028118498623371124,0.028770183213055134
2740,0.028582239523530006,0.028760539833456278
2741,0.028009610250592232,0.02874504601582885
2742,0.028683651238679886,0.028742268849164247
2743,0.029022710397839546,0.02874225491657853
2744,0.028508387506008148,0.028736736308783293
2745,0.028241336345672607,0.028732197415083646
2746,0.028230760246515274,0.02872286019846797
2747,0.02825857140123844,0.028717238940298557
2748,0.02816939726471901,0.028704366385936736
2749,0.027719460427761078,0.02868824265897274
2750,0.029163869097828865,0.028690199088305234
2751,0.028961535543203354,0.028691601268947126
2752,0.02910582348704338,0.0286919654160738
2753,0.029381491243839264,0.0286960007622838
2754,0.028886761516332626,0.028697720393538476
2755,0.028461307287216187,0.02869648315012455
2756,0.028930440545082092,0.028698315527290106
2757,0.029073592275381088,0.028703756630420685
2758,0.028515182435512543,0.02870204668492079
2759,0.0279884971678257,0.028696318231523035
2760,0.029124654829502106,0.028697315454483032
2761,0.028696194291114807,0.028694722168147564
2762,0.02904989756643772,0.028697075191885232
2763,0.029004182666540146,0.02869834391400218
2764,0.028400514274835587,0.028696741592139006
2765,0.028482332825660706,0.028696276638656856
2766,0.028204254806041718,0.02869234895333648
2767,0.02818925306200981,0.028690504226833582
2768,0.028326328843832016,0.028682712502777576
2769,0.027959279716014862,0.02867134576663375
2770,0.02884458564221859,0.028674267530441284
2771,0.028674742206931114,0.028668941054493188
2772,0.028289033100008965,0.028667600229382514
2773,0.028276482596993446,0.028659383449703455
2774,0.028312036767601967,0.02864859238266945
2775,0.028020016849040985,0.02864163514226675
2776,0.028446044772863388,0.02863817322999239
2777,0.028197044506669044,0.02863298648968339
2778,0.02849506586790085,0.028629006668925285
2779,0.02839391678571701,0.0286280401609838
2780,0.02804836444556713,0.02862080868333578
2781,0.02828696370124817,0.028619549609720706
2782,0.027847932651638985,0.028610496800392866
2783,0.028349805623292923,0.028608462270349265
2784,0.02795332670211792,0.02860402787104249
2785,0.02840152010321617,0.028603559341281653
2786,0.02828310988843441,0.02860124720260501
2787,0.028270617127418518,0.028601799849420784
2788,0.02810532972216606,0.028594794794917108
2789,0.028173698112368584,0.0285837628133595
2790,0.02801593951880932,0.028582679238170386
2791,0.02801010012626648,0.02856155240908265
2792,0.027879241853952408,0.028534996565431358
2793,0.02802666835486889,0.02852023171260953
2794,0.02810240164399147,0.028511996902525424
2795,0.027739042416214943,0.028490180727094413
2796,0.02776232361793518,0.028477092310786246
2797,0.027765002101659775,0.02846451511606574
2798,0.027684345841407776,0.028449713457375764
2799,0.028018523007631302,0.02844268789514899
2800,0.02767074480652809,0.02843401877209544
2801,0.028293034061789513,0.02842456065118313
2802,0.028483901172876358,0.028420466259121896
2803,0.027636945247650146,0.028404246307909487
2804,0.028946779668331146,0.028403283171355723
2805,0.028764482587575912,0.028403667844831944
2806,0.028708884492516518,0.02840517060831189
2807,0.028555050492286682,0.02840431047603488
2808,0.02818974107503891,0.02840251160785556
2809,0.028187936171889305,0.028394847474992276
2810,0.0283434446901083,0.028390707094222308
2811,0.02765919826924801,0.028382414393126963
2812,0.02912164479494095,0.028391177896410227
2813,0.028972003608942032,0.028392864931374787
2814,0.02807827852666378,0.028389121554791927
2815,0.02843269146978855,0.028385138157755136
2816,0.027995571494102478,0.02837745564058423
2817,0.02796993963420391,0.028375780656933785
2818,0.027792517095804214,0.02837363723665476
2819,0.027928736060857773,0.028365653045475482
2820,0.02774551697075367,0.028359642419964075
2821,0.02785145491361618,0.028351569678634406
2822,0.027687562629580498,0.028343701213598253
2823,0.027630949392914772,0.028337658029049636
2824,0.027775343507528305,0.028334554880857468
2825,0.02766598016023636,0.0283269364759326
2826,0.027463294565677643,0.028321367502212525
2827,0.027513395994901657,0.028306596502661704
2828,0.027653034776449203,0.02829187037423253
2829,0.027330055832862854,0.028284529130905865
2830,0.027585718780755997,0.028269710671156644
2831,0.02744760923087597,0.028259863406419755
2832,0.02739948220551014,0.028247569911181925
2833,0.02765822224318981,0.02823587626218796
2834,0.027205616235733032,0.02822746254503727
2835,0.028150534257292747,0.02822506219148636
2836,0.02866968885064125,0.028231790736317635
2837,0.028338495641946793,0.02823035040870309
2838,0.027846217155456543,0.028224729411304
2839,0.027908332645893097,0.028222627751529217
2840,0.028260115534067154,0.028219406511634588
2841,0.028032440692186356,0.02821963481605053
2842,0.027659252285957336,0.028209390826523306
2843,0.027828723192214966,0.02819745095446706
2844,0.02792058326303959,0.028191572912037374
2845,0.02791118249297142,0.028188271373510362
2846,0.027766864746809006,0.028183632418513297
2847,0.02760898321866989,0.028177136536687613
2848,0.02759845182299614,0.028171427082270384
2849,0.027562253177165985,0.028169855009764433
2850,0.027564873918890953,0.028153865057975055
2851,0.027728190645575523,0.028141531608998776
2852,0.02730078063905239,0.028123481180518866
2853,0.02780178189277649,0.028107684087008238
2854,0.02792900800704956,0.028098106551915407
2855,0.027912911027669907,0.028092622589319945
2856,0.027878982946276665,0.02808210801333189
2857,0.02753571979701519,0.028066729288548233
2858,0.027714256197214127,0.028058720026165246
2859,0.027704989537596703,0.028055884949862955
2860,0.027607329189777374,0.02804071169346571
2861,0.02769903652369976,0.02803074011579156
2862,0.027445852756500244,0.028014699667692183
2863,0.027790233492851257,0.028002560175955295
2864,0.02747083269059658,0.027993263360112906
2865,0.027414781972765923,0.02798258785158396
2866,0.027661411091685295,0.027977159414440393
2867,0.02716841921210289,0.027966951075941323
2868,0.028347250074148178,0.027967160288244485
2869,0.028174296021461487,0.027969310451298954
2870,0.02808573469519615,0.027961721941828728
2871,0.027888044714927673,0.027953854966908692
2872,0.027774497866630554,0.02794870961457491
2873,0.028068026527762413,0.0279466250538826
2874,0.027580855414271355,0.027939313240349293
2875,0.028465215116739273,0.027943765223026277
2876,0.028443429619073868,0.02794373907148838
2877,0.02846682444214821,0.027946436870843173
2878,0.02821699157357216,0.027943656127899886
2879,0.028134901076555252,0.027941065970808268
2880,0.027958784252405167,0.02794017016887665
2881,0.028062205761671066,0.027937922589480878
2882,0.02797120064496994,0.027939155269414186
2883,0.02771022543311119,0.02793275946751237
2884,0.02761971391737461,0.027929423339664937
2885,0.027440521866083145,0.027919813357293606
2886,0.028029972687363625,0.0279172819852829
2887,0.027630314230918884,0.0279108789563179
2888,0.028183043003082275,0.027911656089127063
2889,0.02826276235282421,0.02791254673153162
2890,0.027709517627954483,0.027909482512623072
2891,0.028464043512940407,0.02791402194648981
2892,0.02782854065299034,0.02791351493448019
2893,0.027806151658296585,0.027911309767514467
2894,0.027865398675203323,0.027908939737826585
2895,0.02748432382941246,0.02790639255195856
2896,0.027570193633437157,0.02790447125211358
2897,0.027358194813132286,0.027900403179228307
2898,0.027545608580112457,0.027899015806615354
2899,0.02714063972234726,0.027890236973762514
2900,0.02799946255981922,0.027893524151295424
2901,0.027837473899126053,0.02788896854966879
2902,0.027353933081030846,0.027877668868750333
2903,0.0274303387850523,0.027875602804124357
2904,0.027362266555428505,0.02785975767299533
2905,0.0274549201130867,0.027846662048250436
2906,0.02706235833466053,0.02783019678667188
2907,0.027545493096113205,0.02782010121271014
2908,0.027294911444187164,0.027811152916401623
2909,0.027349717915058136,0.027802770733833315
2910,0.02731183171272278,0.027792454604059456
2911,0.027196597307920456,0.027787828594446184
2912,0.02708916738629341,0.027767503820359706
2913,0.02735564112663269,0.027751340195536614
2914,0.027036184445023537,0.02774091925472021
2915,0.027278143912553787,0.027729373779147862
2916,0.02714899554848671,0.027720908019691706
2917,0.027336910367012024,0.027714577727019785
2918,0.02709861844778061,0.02770763874053955
2919,0.0273805670440197,0.02770215705037117
2920,0.027446724474430084,0.027699169125407933
2921,0.026944953948259354,0.027690104115754365
2922,0.027582798153162003,0.02768905647099018
2923,0.027276616543531418,0.027685513142496346
2924,0.027101051062345505,0.02767877021804452
2925,0.02768830955028534,0.02767899351194501
2926,0.027018597349524498,0.027674546539783476
2927,0.027759548276662827,0.02767700806260109
2928,0.028118155896663666,0.027681659273803234
2929,0.027344195172190666,0.027681800667196513
2930,0.02765633538365364,0.027682506833225488
2931,0.02745717763900757,0.027682602517306806
2932,0.027792595326900482,0.02768653364852071
2933,0.027996249496936798,0.027689913921058178
2934,0.027999911457300186,0.02769785687327385
2935,0.027118314057588577,0.027687534671276808
2936,0.028050938621163368,0.02768134716898203
2937,0.028048187494277954,0.02767844408750534
2938,0.028030937537550926,0.027680291291326285
2939,0.02770499512553215,0.027678257916122675
2940,0.027694694697856903,0.027672603707760573
2941,0.02796618454158306,0.027671941146254538
2942,0.027525758370757103,0.027670606207102537
2943,0.027768421918153763,0.027670003194361924
2944,0.027607673779129982,0.02766687409952283
2945,0.02783263847231865,0.0276660886593163
2946,0.02750016748905182,0.02766342168673873
2947,0.027667243033647537,0.027664004284888508
2948,0.02770334854722023,0.027665053252130745
2949,0.027961328625679016,0.027669044006615878
2950,0.027271386235952377,0.027666109129786492
2951,0.028330296277999878,0.027672130186110734
2952,0.02823483571410179,0.027681470736861228
2953,0.02781716361641884,0.02768162455409765
2954,0.028494350612163544,0.02768727798014879
2955,0.027700720354914665,0.02768515607342124
2956,0.027984056621789932,0.027686206810176372
2957,0.027808886021375656,0.027688938472419978
2958,0.027531081810593605,0.027687106728553772
2959,0.0272243432700634,0.027682300265878437
2960,0.027365058660507202,0.027679877560585736
2961,0.02712060883641243,0.027674093283712863
2962,0.02783372439444065,0.02767797200009227
2963,0.027494505047798157,0.027675014715641738
2964,0.027352631092071533,0.027673832699656488
2965,0.027578093111515045,0.02767546581104398
2966,0.027093227952718735,0.027669783979654312
2967,0.027116404846310616,0.02766926383599639
2968,0.026872679591178894,0.027654518131166695
2969,0.02719036303460598,0.02764467880129814
2970,0.026835646480321884,0.0276321779191494
2971,0.027600251138210297,0.027629299983382226
2972,0.02730513922870159,0.027624606397002937
2973,0.02736656181514263,0.027617591749876737
2974,0.027461960911750793,0.02761640280485153
2975,0.02688736841082573,0.027600624337792395
2976,0.027355052530765533,0.027589740566909313
2977,0.026896117255091667,0.027574033495038747
2978,0.02753381058573723,0.0275672016851604
2979,0.02709290198981762,0.02755678169429302
2980,0.027365993708372116,0.02755085378885269
2981,0.027396339923143387,0.027544195130467415
2982,0.027165349572896957,0.027536136619746684
2983,0.02727184072136879,0.027531752772629262
2984,0.026841631159186363,0.02752397194504738
2985,0.027884962037205696,0.027528416346758604
2986,0.028159653767943382,0.027529713157564403
2987,0.027499496936798096,0.027528404984623195
2988,0.027460530400276184,0.027521179858595132
2989,0.027164064347743988,0.02751019287854433
2990,0.027964875102043152,0.027512746453285216
2991,0.02745392546057701,0.027502645272761583
2992,0.02774120680987835,0.027501771934330465
2993,0.027973778545856476,0.027503448203206063
2994,0.02746715396642685,0.027499465756118297
2995,0.02737215906381607,0.027498344108462334
2996,0.027637694031000137,0.027499019112437965
2997,0.02704675681889057,0.027495904732495545
2998,0.028147347271442413,0.027501922119408845
2999,0.028011158108711243,0.027510627303272486
3000,0.027376556769013405,0.027504398245364426
3001,0.027373481541872025,0.027499758321791887
3002,0.027263378724455833,0.027498852778226137
3003,0.027150839567184448,0.027496057786047457
3004,0.027252310886979103,0.027494958229362966
3005,0.027199270203709602,0.027492401730269192
3006,0.026964794844388962,0.027491426095366478
3007,0.026937559247016907,0.027485346756875514
3008,0.026901602745056152,0.027481413669884203
3009,0.026713902130723,0.027475055512040852
3010,0.027005158364772797,0.027471988778561354
3011,0.026805853471159935,0.02746808134019375
3012,0.02685391530394554,0.02746572881937027
3013,0.026595599949359894,0.02745812840759754
3014,0.0265796035528183,0.02745356259867549
3015,0.026872875168919563,0.027449509911239147
3016,0.0266402754932642,0.027444422710686922
3017,0.02707245573401451,0.027441778164356948
3018,0.02656448446214199,0.02743643682450056
3019,0.027695540338754654,0.02743958655744791
3020,0.02762541174888611,0.02744137343019247
3021,0.027388986200094223,0.02744581375271082
3022,0.027317248284816742,0.027443158254027367
3023,0.027240894734859467,0.027442801035940646
3024,0.02716212347149849,0.027443411760032177
3025,0.026824066415429115,0.027434769328683616
3026,0.027051687240600586,0.027435100227594374
3027,0.02659301832318306,0.027423434928059577
3028,0.027516230940818787,0.02741741567850113
3029,0.02714593894779682,0.02741543311625719
3030,0.028097476810216904,0.027419844530522822
3031,0.028355836868286133,0.02742883112281561
3032,0.02764614298939705,0.027427366599440575
3033,0.027218643575906754,0.027419590540230274
3034,0.027926433831453323,0.027418855763971805
3035,0.02735242247581482,0.02742119684815407
3036,0.02750416286289692,0.027415729090571404
3037,0.027404801920056343,0.027409295234829188
3038,0.027437366545200348,0.02740335952490568
3039,0.026834091171622276,0.027394650485366583
3040,0.028220567852258682,0.0273999092169106
3041,0.028191208839416504,0.027402159459888935
3042,0.02675507962703705,0.027394452672451733
3043,0.027157513424754143,0.02738834358751774
3044,0.0268262829631567,0.027380529679358005
3045,0.026565875858068466,0.027367862053215505
3046,0.027209999039769173,0.027364960368722678
3047,0.026653680950403214,0.027354824747890236
3048,0.02849685773253441,0.027362759839743376
3049,0.02884610928595066,0.027371607646346094
3050,0.026684977114200592,0.027365743555128573
3051,0.027909841388463974,0.027361539006233216
3052,0.027853935956954956,0.02735773000866175
3053,0.0268283449113369,0.027347841821610926
3054,0.02735515683889389,0.02733644988387823
3055,0.02689737267792225,0.027328416407108307
3056,0.02698603644967079,0.027318436205387115
3057,0.026956835761666298,0.02730991570279002
3058,0.026646148413419724,0.027301066368818284
3059,0.026757456362247467,0.027296397499740124
3060,0.026543254032731056,0.02728817945346236
3061,0.026914212852716446,0.027286115493625404
3062,0.026446335017681122,0.02727224159985781
3063,0.027037490159273148,0.027267671450972558
3064,0.0269160158932209,0.02726330529898405
3065,0.026717793196439743,0.0272547022998333
3066,0.027074718847870827,0.027254517208784818
3067,0.02659285068511963,0.027249281667172907
3068,0.026906143873929977,0.02724961631000042
3069,0.02685912698507309,0.027246303949505092
3070,0.02649712935090065,0.02724291877821088
3071,0.026853037998080254,0.027235446646809578
3072,0.026509247720241547,0.027227487731724977
3073,0.02691119723021984,0.027222934085875748
3074,0.02703358232975006,0.02721865030005574
3075,0.02671804651618004,0.027216957081109286
3076,0.026769042015075684,0.027211096975952385
3077,0.026843978092074394,0.027210575584322213
3078,0.026501087471842766,0.02720024835318327
3079,0.02655903995037079,0.0271949097327888
3080,0.026424281299114227,0.027185492608696224
3081,0.02675449103116989,0.02717907411977649
3082,0.026603147387504578,0.027173452097922563
3083,0.026431594043970108,0.027165049631148578
3084,0.02677008882164955,0.02716433420777321
3085,0.026468999683856964,0.02715017458423972
3086,0.02651103213429451,0.027133688367903232
3087,0.02640252187848091,0.02712271861732006
3088,0.026817841455340385,0.027116291727870702
3089,0.026660047471523285,0.027111251559108495
3090,0.026587190106511116,0.027097474709153177
3091,0.026683080941438675,0.02708976626396179
3092,0.02656848169863224,0.02707803901284933
3093,0.02662019245326519,0.02706450315192342
3094,0.026497147977352142,0.027054803092032672
3095,0.02670387364923954,0.027048120237886907
3096,0.02629980817437172,0.02703474137932062
3097,0.027213193476200104,0.027036405745893718
3098,0.027087710797786713,0.02702580938115716
3099,0.026779374107718468,0.027013491541147232
3100,0.027019139379262924,0.02700991736724973
3101,0.02652307040989399,0.027001413255929946
3102,0.027040531858801842,0.02699918478727341
3103,0.02710086666047573,0.02699868505820632
3104,0.026874378323554993,0.02699490573257208
3105,0.026734819635748863,0.02699026122689247
3106,0.02723688818514347,0.026992982160300015
3107,0.026627182960510254,0.02698987839743495
3108,0.027666062116622925,0.026997522991150616
3109,0.02748839184641838,0.027005267888307573
3110,0.027082130312919617,0.027006037607789038
3111,0.02690800279378891,0.027007059101015328
3112,0.027072835713624954,0.027009248305112123
3113,0.026630211621522903,0.027009594421833753
3114,0.02718411386013031,0.027015639524906872
3115,0.02720721811056137,0.02701898295432329
3116,0.026935676112771034,0.02702193696051836
3117,0.02652435190975666,0.027016455922275782
3118,0.027436695992946625,0.02702517803758383
3119,0.027233852073550224,0.027020561154931785
3120,0.026470957323908806,0.027009016610682012
3121,0.026448294520378113,0.02699960969388485
3122,0.026725344359874725,0.02699369065463543
3123,0.02649102732539177,0.026986191980540752
3124,0.027332136407494545,0.026987892109900713
3125,0.02692164108157158,0.026988867856562137
3126,0.026935560628771782,0.02698770659044385
3127,0.02695804089307785,0.026991356816142797
3128,0.026618165895342827,0.02698237616568804
3129,0.026685573160648346,0.026977772507816553
3130,0.02673729509115219,0.026964170690625906
3131,0.02653556503355503,0.026945967972278596
3132,0.026702847331762314,0.026936535015702246
3133,0.026628749445080757,0.02693063607439399
3134,0.02645990252494812,0.026915970761328935
3135,0.026640843600034714,0.026908854972571134
3136,0.026199031621217728,0.026895803660154344
3137,0.026539577171206474,0.026887151412665844
3138,0.025975316762924194,0.026872530914843082
3139,0.027270767837762833,0.02687689768150449
3140,0.0269477479159832,0.026864169482141733
3141,0.02686416357755661,0.026850899029523135
3142,0.027161158621311188,0.026854959819465875
3143,0.026541274040937424,0.026848797425627707
3144,0.026705168187618256,0.026847586277872326
3145,0.026339299976825714,0.026845320519059898
3146,0.02639581449329853,0.02683717867359519
3147,0.026259412989020348,0.026833235993981363
3148,0.026451537385582924,0.026812782790511847
3149,0.02654873952269554,0.026789809092879296
3150,0.02606779895722866,0.026783637311309574
3151,0.02635332942008972,0.026768072191625834
3152,0.025931792333722115,0.026748850755393506
3153,0.026519067585468292,0.02674575798213482
3154,0.026063192635774612,0.026732838340103628
3155,0.027316225692629814,0.026737026870250702
3156,0.027600854635238647,0.02674317505210638
3157,0.026135198771953583,0.026734958682209254
3158,0.027662232518196106,0.02674511952325702
3159,0.02747414819896221,0.026752286441624164
3160,0.026506759226322174,0.026751921493560076
3161,0.026892246678471565,0.026751701831817628
3162,0.02658957615494728,0.02675313424319029
3163,0.02659442275762558,0.026748703569173814
3164,0.026249103248119354,0.026742034442722797
3165,0.026647698134183884,0.026741333492100238
3166,0.026734553277492523,0.026737931836396455
3167,0.026020009070634842,0.026732203420251607
3168,0.026631172746419907,0.026729453708976506
3169,0.0261787511408329,0.026722649950534104
3170,0.02638242393732071,0.026721502896398307
3171,0.02660742588341236,0.026719046775251627
3172,0.02633480727672577,0.02671730237081647
3173,0.02644152007997036,0.026712605599313974
3174,0.02633579447865486,0.026705627720803024
3175,0.026095589622855186,0.026699403151869774
3176,0.02633804827928543,0.02669509321451187
3177,0.02630404755473137,0.026689693909138442
3178,0.026256311684846878,0.02668724615126848
3179,0.02605932205915451,0.02668224897235632
3180,0.026856033131480217,0.026686566490679978
3181,0.02618660219013691,0.02668088760226965
3182,0.027241405099630356,0.026687270179390907
3183,0.027304448187351227,0.026695998720824718
3184,0.02669708803296089,0.02669526871293783
3185,0.02622992731630802,0.026692877989262342
3186,0.027198273688554764,0.026699750404804944
3187,0.0266185961663723,0.02670191114768386
3188,0.02709517814218998,0.026704684514552355
3189,0.027223026379942894,0.026710314303636552
3190,0.02615605853497982,0.026706002987921237
3191,0.026159871369600296,0.026700770892202855
3192,0.026677478104829788,0.02670186085626483
3193,0.026049893349409103,0.026696157865226267
3194,0.027570392936468124,0.02670689031481743
3195,0.027786120772361755,0.02671771278604865
3196,0.02593768760561943,0.02671409158036113
3197,0.027042441070079803,0.026712384056299925
3198,0.027060672640800476,0.026712113674730063
3199,0.026368051767349243,0.02670800045132637
3200,0.02704770304262638,0.026708286087960005
3201,0.026697568595409393,0.02671003106981516
3202,0.0262809619307518,0.02670243537053466
3203,0.02637801691889763,0.02669520687311888
3204,0.026336446404457092,0.0266898275539279
3205,0.026308009400963783,0.02668555945158005
3206,0.025945279747247696,0.02667264336720109
3207,0.026771411299705505,0.02667408565059304
3208,0.026594005525112152,0.026663365084677936
3209,0.02623971924185753,0.026650878358632325
3210,0.026673687621951103,0.026646793931722642
3211,0.026145797222852707,0.02663917187601328
3212,0.026379292830824852,0.02663223644718528
3213,0.026403220370411873,0.026629966534674167
3214,0.026113640516996384,0.026619261801242827
3215,0.026280179619789124,0.026609991416335105
3216,0.02591121941804886,0.026599746849387883
3217,0.026864707469940186,0.026603150404989718
3218,0.026709916070103645,0.02659588260576129
3219,0.02656226046383381,0.026589166689664125
3220,0.026753004640340805,0.026591987162828446
3221,0.02650303766131401,0.026592534594237806
3222,0.026193618774414062,0.026587217338383196
3223,0.026558971032500267,0.026587896775454284
3224,0.02649695798754692,0.026579544991254807
3225,0.02625586837530136,0.026572887264192106
3226,0.02645551785826683,0.026568086836487054
3227,0.026221469044685364,0.02656072111800313
3228,0.02584002912044525,0.026552939750254155
3229,0.026743609458208084,0.026553520113229753
3230,0.026158872991800308,0.026547735892236232
3231,0.026608875021338463,0.026548468992114067
3232,0.026597049087285995,0.026547411009669303
3233,0.025870146229863167,0.026539824977517126
3234,0.025986550375819206,0.02653509145602584
3235,0.025790220126509666,0.02652658522129059
3236,0.02611258253455162,0.02652572073042393
3237,0.026093080639839172,0.026521255765110253
3238,0.025720711797475815,0.02651870971545577
3239,0.0256611630320549,0.02650261366739869
3240,0.02608182653784752,0.026493954453617335
3241,0.025808852165937424,0.026483401339501143
3242,0.026319162920117378,0.026474981382489205
3243,0.026075713336467743,0.026470325775444507
3244,0.026241471990942955,0.026465688813477755
3245,0.025967223569750786,0.026461968049407005
3246,0.0264589861035347,0.026462599765509368
3247,0.026750247925519943,0.026467508114874364
3248,0.02606878988444805,0.026463680639863013
3249,0.026643553748726845,0.02646462878212333
3250,0.026450417935848236,0.026468454971909524
3251,0.026157023385167122,0.026466491911560298
3252,0.026788828894495964,0.026475062277168036
3253,0.026359902694821358,0.026473470628261567
3254,0.026280980557203293,0.026475648507475854
3255,0.02683301270008087,0.026470816377550364
3256,0.026184137910604477,0.026456649210304023
3257,0.02652328461408615,0.026460530068725348
3258,0.026962511241436005,0.026453532855957747
3259,0.026168618351221085,0.026440477557480337
3260,0.026820264756679535,0.02644361261278391
3261,0.027174949645996094,0.026446439642459154
3262,0.027015451341867447,0.026450698394328356
3263,0.026182161644101143,0.02644657578319311
3264,0.027916744351387024,0.026463252194225788
3265,0.028352659195661545,0.026480301804840563
3266,0.02665523812174797,0.02647950865328312
3267,0.027018923312425613,0.026489497795701027
3268,0.026935875415802002,0.026492544822394846
3269,0.027254618704319,0.02650330349802971
3270,0.026726432144641876,0.02650674358010292
3271,0.02669498696923256,0.02650761919096112
3272,0.026850849390029907,0.026512779612094164
3273,0.02636146917939186,0.02651197910308838
3274,0.026168514043092728,0.026510306298732758
3275,0.02630659192800522,0.02651241632178426
3276,0.02606499381363392,0.026509685777127742
3277,0.026109332218766212,0.026507738623768092
3278,0.026244696229696274,0.026507622469216584
3279,0.02600186876952648,0.026507047936320305
3280,0.025769518688321114,0.026496182791888714
3281,0.02635944075882435,0.02649791117757559
3282,0.025843879207968712,0.026483935918658972
3283,0.02736443653702736,0.026484535802155734
3284,0.027630535885691643,0.026493870280683042
3285,0.026301175355911255,0.026494582761079074
3286,0.026674751192331314,0.02648934753611684
3287,0.026519721373915672,0.026488358788192272
3288,0.026690229773521423,0.026484309304505585
3289,0.026315663009881973,0.026475235670804977
3290,0.026621529832482338,0.026479890383780003
3291,0.026682745665311813,0.02648511912673712
3292,0.026124831289052963,0.02647959265857935
3293,0.026018507778644562,0.026479278802871705
3294,0.026221495121717453,0.0264657898247242
3295,0.02584810182452202,0.0264464096352458
3296,0.026606500148773193,0.02645309776067734
3297,0.026495251804590225,0.02644762586802244
3298,0.02660347893834114,0.02644305393099785
3299,0.026545777916908264,0.02644483119249344
3300,0.0258115716278553,0.02643246987834573
3301,0.02632218226790428,0.026428716015070675
3302,0.025919442996382713,0.026425100825726987
3303,0.02613353356719017,0.02642265599220991
3304,0.02585432305932045,0.026417834758758543
3305,0.026367219164967537,0.026418426856398582
3306,0.026105035096406937,0.026420024409890174
3307,0.026270149275660515,0.026415011789649726
3308,0.026175836101174355,0.026410830095410346
3309,0.026016034185886383,0.026408593244850634
3310,0.02650645561516285,0.026406920924782754
3311,0.025721680372953415,0.02640267975628376
3312,0.027003245428204536,0.026408919282257557
3313,0.027364755049347878,0.026418534629046916
3314,0.026083175092935562,0.02641822997480631
3315,0.026647478342056274,0.02642190296202898
3316,0.02672753296792507,0.02643006609752774
3317,0.02570793218910694,0.02641849834471941
3318,0.026442376896739006,0.026415822952985765
3319,0.026188060641288757,0.026412080954760313
3320,0.026021398603916168,0.02640476489439607
3321,0.02656152844429016,0.02640534980222583
3322,0.02576855756342411,0.026401099190115927
3323,0.02616128884255886,0.026397122368216515
3324,0.02600308135151863,0.02639218360185623
3325,0.025702591985464096,0.02638665083795786
3326,0.02598569169640541,0.026381952576339244
3327,0.025467466562986374,0.026374412551522255
3328,0.026220589876174927,0.02637821815907955
3329,0.026253454387187958,0.02637331660836935
3330,0.025819752365350723,0.026369925402104855
3331,0.026731954887509346,0.026371156200766563
3332,0.026172176003456116,0.026366907469928265
3333,0.0266735702753067,0.0263749417103827
3334,0.026867855340242386,0.026383754760026933
3335,0.026976924389600754,0.026395621802657844
3336,0.025984864681959152,0.026394344624131916
3337,0.026998218148946762,0.026403395999222992
3338,0.0270424522459507,0.026416613403707743
3339,0.026204459369182587,0.02642204636707902
3340,0.026307949796319008,0.026424307599663733
3341,0.026262326166033745,0.026428842339664697
3342,0.02599305287003517,0.026425581239163876
3343,0.02598578855395317,0.02642468199133873
3344,0.025879809632897377,0.026421065367758276
3345,0.02583211287856102,0.026419714260846376
3346,0.02592664770781994,0.026414390876889227
3347,0.025683123618364334,0.02640371963381767
3348,0.02573344111442566,0.02640036614611745
3349,0.025821376591920853,0.026392144374549387
3350,0.025543203577399254,0.0263830722309649
3351,0.026120878756046295,0.02638271078467369
3352,0.025737468153238297,0.026372197177261116
3353,0.026415949687361717,0.026372757647186516
3354,0.0265501756221056,0.02637544959783554
3355,0.02653939090669155,0.02637251337990165
3356,0.025819972157478333,0.026368871722370388
3357,0.026633694767951965,0.026369975823909046
3358,0.026622537523508072,0.026366576086729765
3359,0.02605898678302765,0.02636547977104783
3360,0.025944147258996964,0.026356718596071006
3361,0.026259878650307655,0.026347567886114122
3362,0.02631388232111931,0.026340552195906638
3363,0.025566812604665756,0.026334398705512286
3364,0.025717727839946747,0.02631240854039788
3365,0.02581023797392845,0.02628698432818055
3366,0.02532820776104927,0.026273714024573566
3367,0.02689560130238533,0.026272480804473163
3368,0.026857944205403328,0.026271701492369175
3369,0.025965578854084015,0.026258811093866824
3370,0.026127755641937256,0.02625282432883978
3371,0.025769472122192383,0.026243569180369377
3372,0.026505600661039352,0.026240116693079473
3373,0.02642141841351986,0.026240716185420752
3374,0.026087569072842598,0.02623990673571825
3375,0.025995545089244843,0.026236796267330647
3376,0.025980642065405846,0.026235952749848367
3377,0.026059143245220184,0.026235450860112905
3378,0.025507822632789612,0.026228082124143837
3379,0.026466740295290947,0.026232730839401485
3380,0.025856904685497284,0.026233604699373244
3381,0.026397138833999634,0.026233981680124998
3382,0.026781290769577026,0.02624335579574108
3383,0.026059260591864586,0.026230304036289454
3384,0.02599465474486351,0.02621394522488117
3385,0.0263671875,0.02621460534632206
3386,0.025590747594833374,0.026203765310347082
3387,0.026400920003652573,0.02620257729664445
3388,0.02608455903828144,0.02619652058929205
3389,0.026318950578570366,0.026196553464978935
3390,0.02602008730173111,0.02619053903967142
3391,0.026282895356416702,0.02618654053658247
3392,0.02622205764055252,0.026187512800097467
3393,0.025686198845505714,0.026184189710766078
3394,0.02599884197115898,0.02618196317926049
3395,0.02592453360557556,0.026182727497071026
3396,0.02549457922577858,0.026171608287841083
3397,0.02570853754878044,0.026163741145282984
3398,0.025749631226062775,0.0261552026681602
3399,0.025232205167412758,0.026142066940665246
3400,0.02615749090909958,0.02614552613347769
3401,0.025700632482767105,0.026139310635626314
3402,0.02672504633665085,0.026147366669028997
3403,0.02667885459959507,0.026152819879353046
3404,0.02596382051706314,0.026153914853930472
3405,0.025977900251746178,0.02615002166479826
3406,0.026127491146326065,0.02615024622529745
3407,0.025375498458743095,0.026141299717128277
3408,0.026607085019350052,0.026145612206310034
3409,0.026366541162133217,0.0261491172760725
3410,0.026163779199123383,0.02614569051191211
3411,0.02605094015598297,0.026148983109742403
3412,0.026216644793748856,0.026141117103397848
3413,0.025954240933060646,0.026127011962234974
3414,0.02616262063384056,0.026127806417644023
3415,0.02619856595993042,0.026123317293822765
3416,0.02565883658826351,0.02611263033002615
3417,0.025509163737297058,0.02611064264550805
3418,0.025925815105438232,0.026105477027595043
3419,0.025702059268951416,0.02610061701387167
3420,0.025819983333349228,0.026098602861166
3421,0.02565290592610836,0.026089516635984182
3422,0.02597743645310402,0.02609160542488098
3423,0.025533264502882957,0.026085325181484223
3424,0.026316672563552856,0.026088461093604565
3425,0.02625344693660736,0.026093969643115996
3426,0.025292200967669487,0.02608703473582864
3427,0.02524445205926895,0.026084804590791464
3428,0.02623257413506508,0.026084924433380365
3429,0.025927536189556122,0.026081665251404047
3430,0.025698816403746605,0.026080455891788007
3431,0.02559628337621689,0.026069099176675083
3432,0.025535494089126587,0.026062732357531787
3433,0.02533208578824997,0.026049317512661218
3434,0.026145851239562035,0.026042097471654414
3435,0.026029443368315697,0.026032622661441563
3436,0.025310330092906952,0.026025877315551043
3437,0.02512500062584877,0.026007145140320063
3438,0.02633877471089363,0.026000108364969493
3439,0.02612319216132164,0.025999295692890882
3440,0.025340821593999863,0.02598962441086769
3441,0.02541319653391838,0.02598113311454654
3442,0.025377526879310608,0.025974977854639293
3443,0.025041593238711357,0.025965535901486873
3444,0.026205845177173615,0.025968796256929636
3445,0.02586856111884117,0.025969160739332437
3446,0.02590811997652054,0.025968975462019442
3447,0.02593236044049263,0.025971467830240725
3448,0.025265656411647797,0.02596678998321295
3449,0.02562647871673107,0.02596484100446105
3450,0.02527683600783348,0.025962177328765393
3451,0.025593720376491547,0.025956905744969845
3452,0.025187544524669647,0.025951406508684157
3453,0.02605251967906952,0.025947772208601238
3454,0.02570273168385029,0.025939297769218682
3455,0.025734536349773407,0.0259312492236495
3456,0.025846291333436966,0.02593151241540909
3457,0.025471791625022888,0.0259198933839798
3458,0.02575470134615898,0.025911215022206308
3459,0.025493115186691284,0.025905556306242944
3460,0.025432273745536804,0.02590043757110834
3461,0.025563884526491165,0.025893477629870175
3462,0.025087682530283928,0.025881215631961822
3463,0.025874609127640724,0.025884293597191573
3464,0.02562469244003296,0.025883363243192434
3465,0.025741761550307274,0.02588267847895622
3466,0.025384563952684402,0.025883242040872573
3467,0.025390848517417908,0.0258681945130229
3468,0.025203589349985123,0.025851650964468717
3469,0.025711452588438988,0.025849109701812267
3470,0.02502000331878662,0.02583803217858076
3471,0.02687261253595352,0.025849063582718372
3472,0.027195002883672714,0.025855957604944704
3473,0.025813981890678406,0.025849883239716293
3474,0.02689678780734539,0.02585797542706132
3475,0.02687445655465126,0.025866764541715385
3476,0.025983864441514015,0.025866796765476464
3477,0.026175394654273987,0.025867959279567004
3478,0.02574615366756916,0.0258703425899148
3479,0.026145150884985924,0.02586712669581175
3480,0.025758016854524612,0.025866137817502022
3481,0.025743015110492706,0.02585959658026695
3482,0.0259254090487957,0.02585103776305914
3483,0.02532382495701313,0.025843683406710626
3484,0.0254945307970047,0.025838682167232035
3485,0.025345247238874435,0.02582846276462078
3486,0.025490663945674896,0.025827461928129195
3487,0.025340044870972633,0.025816853176802396
3488,0.025442752987146378,0.025810435116291046
3489,0.025690604001283646,0.02580415165051818
3490,0.025193840265274048,0.02579588918015361
3491,0.02556787058711052,0.025788738932460545
3492,0.0254376120865345,0.025780894476920366
3493,0.025636933743953705,0.025780401825904846
3494,0.02575235813856125,0.025777936987578867
3495,0.025455065071582794,0.02577324230223894
3496,0.02540799416601658,0.02577237645164132
3497,0.02552466280758381,0.025770537704229355
3498,0.025505956262350082,0.025768100954592227
3499,0.025406215339899063,0.02576984105631709
3500,0.0254085473716259,0.025762351620942356
3501,0.02525028958916664,0.025757848192006348
3502,0.025778133422136307,0.025748379062861204
3503,0.025246668606996536,0.02573405720293522
3504,0.026220422238111496,0.025736623220145704
3505,0.026283860206604004,0.02573968281969428
3506,0.025624718517065048,0.02573465509340167
3507,0.025886431336402893,0.02573976442217827
3508,0.025548294186592102,0.02572917651385069
3509,0.025670934468507767,0.025722220446914433
3510,0.025930680334568024,0.02571988945826888
3511,0.025468887761235237,0.025714068934321405
3512,0.02537045255303383,0.025705607011914253
3513,0.025365978479385376,0.025699724387377502
3514,0.02526938170194626,0.025690791998058557
3515,0.025321798399090767,0.02568202432245016
3516,0.02508450113236904,0.025676280967891218
3517,0.025222433730959892,0.025673413667827844
3518,0.025043828412890434,0.025664593800902368
3519,0.0254195723682642,0.025661768931895493
3520,0.025781888514757156,0.025661387983709573
3521,0.025102434679865837,0.025655883271247147
3522,0.025579946115612984,0.025651908367872237
3523,0.025617089122533798,0.025652746614068748
3524,0.02535140886902809,0.0256430939771235
3525,0.025464629754424095,0.025635205805301667
3526,0.025257620960474014,0.02563486000522971
3527,0.025241127237677574,0.0256348267570138
3528,0.025175878778100014,0.025624259803444148
3529,0.025104044005274773,0.025616024881601335
3530,0.025423139333724976,0.025613268110901116
3531,0.025171812623739243,0.02560902340337634
3532,0.025226935744285583,0.02560593781992793
3533,0.025477707386016846,0.0256073940359056
3534,0.025055525824427605,0.025596490781754255
3535,0.025569036602973938,0.02559188671410084
3536,0.025782497599720955,0.025596608389168978
3537,0.02528991550207138,0.025598257537931202
3538,0.025815516710281372,0.025593024957925082
3539,0.025938132777810097,0.025591174364089964
3540,0.02555055171251297,0.025593271665275096
3541,0.025419756770133972,0.025593337267637253
3542,0.025732815265655518,0.0255968901515007
3543,0.025154035538434982,0.025598014574497938
3544,0.026172082871198654,0.02559767695143819
3545,0.02594836987555027,0.02559847503900528
3546,0.025990350171923637,0.02559929734095931
3547,0.025684628635644913,0.025596820022910832
3548,0.025539398193359375,0.02559955744072795
3549,0.025790631771087646,0.025601198971271513
3550,0.025180218741297722,0.025600232798606157
3551,0.025549639016389847,0.02559979198500514
3552,0.025435831397771835,0.025602274853736163
3553,0.02522551454603672,0.025594004802405833
3554,0.02533905953168869,0.025590368080884218
3555,0.02504168078303337,0.025583439525216817
3556,0.02509782463312149,0.025575954858213665
3557,0.025094039738178253,0.025572177339345217
3558,0.024814851582050323,0.02556277884170413
3559,0.024994611740112305,0.02555779380723834
3560,0.025225792080163956,0.02555572899058461
3561,0.025011353194713593,0.025550203677266837
3562,0.02481946162879467,0.025547521468251944
3563,0.025195937603712082,0.025540734753012658
3564,0.02494530752301216,0.02553394090384245
3565,0.024779530242085457,0.02552431859076023
3566,0.024785537272691727,0.025518328323960303
3567,0.025488637387752533,0.02551930621266365
3568,0.025321125984191895,0.02552048157900572
3569,0.025702547281980515,0.025520392525941134
3570,0.025721780955791473,0.025527410302311183
3571,0.02617676369845867,0.025520451813936234
3572,0.025762122124433517,0.02550612300634384
3573,0.02608293481171131,0.02550881253555417
3574,0.025638194754719734,0.025496226605027913
3575,0.02579234540462494,0.025485405493527652
3576,0.025642123073339462,0.025481988079845905
3577,0.02584756538271904,0.025478709787130356
3578,0.025306643918156624,0.02547431468963623
3579,0.026021532714366913,0.02547307850793004
3580,0.025895288214087486,0.025474451221525668
3581,0.025230057537555695,0.025469321645796298
3582,0.024920426309108734,0.02545927181839943
3583,0.025963835418224335,0.02546567192301154
3584,0.025829985737800598,0.0254690264724195
3585,0.025589754804968834,0.025471471548080445
3586,0.02542394958436489,0.025470804404467345
3587,0.0253544170409441,0.02547094812616706
3588,0.0252872072160244,0.02546939266845584
3589,0.02496732957661152,0.025462159924209117
3590,0.024822406470775604,0.025458445586264134
3591,0.02575898915529251,0.025460356771945955
3592,0.025384854525327682,0.025459829196333886
3593,0.025419730693101883,0.025457657165825365
3594,0.025432204827666283,0.02545445563271642
3595,0.024920934811234474,0.025449114330112935
3596,0.02485523745417595,0.02544358676299453
3597,0.025191111490130424,0.025440251249819995
3598,0.024949871003627777,0.02543469039723277
3599,0.02545442059636116,0.025435172449797393
3600,0.025347866117954254,0.025434565637260674
3601,0.02497144229710102,0.02543177716434002
3602,0.02492969110608101,0.025423292741179465
3603,0.02505272626876831,0.025421353317797185
3604,0.024807993322610855,0.02540722902864218
3605,0.025398626923561096,0.02539837669581175
3606,0.025306841358542442,0.025395197924226523
3607,0.024824295192956924,0.025384576562792062
3608,0.024876179173588753,0.02537785541266203
3609,0.024844961240887642,0.02536959568038583
3610,0.024839205667376518,0.025358680933713913
3611,0.02497658133506775,0.025353757869452237
3612,0.024712085723876953,0.025347174201160668
3613,0.025422880426049232,0.025347743220627307
3614,0.025400886312127113,0.025349058266729115
3615,0.024729816243052483,0.025343138445168733
3616,0.025171376764774323,0.025344007201492786
3617,0.02485552802681923,0.02534033814445138
3618,0.024846211075782776,0.025338361971080303
3619,0.02465226501226425,0.025330688897520305
3620,0.024861421436071396,0.025321484226733446
3621,0.02465604990720749,0.025317020379006863
3622,0.02516726404428482,0.02531289355829358
3623,0.024947013705968857,0.025306192804127933
3624,0.024951284751296043,0.02530219156295061
3625,0.024913586676120758,0.025296681132167577
3626,0.024843931198120117,0.025292544234544037
3627,0.024842804297804832,0.025288561005145312
3628,0.024799685925245285,0.025284799076616765
3629,0.02482486516237259,0.025282007288187743
3630,0.024833131581544876,0.025276107210665942
3631,0.024536222219467163,0.02526975130662322
3632,0.02499116025865078,0.02526739355176687
3633,0.024517251178622246,0.025257788989692928
3634,0.02561083808541298,0.02526334211230278
3635,0.025658145546913147,0.025264233201742172
3636,0.02503920905292034,0.025256800316274166
3637,0.025235630571842194,0.025256257466971875
3638,0.02501959353685379,0.0252482982352376
3639,0.02510342188179493,0.025239951126277447
3640,0.024971332401037216,0.02523415893316269
3641,0.02476613223552704,0.02522762268781662
3642,0.025006579235196114,0.025220360327512025
3643,0.02468186430633068,0.025215638615190984
3644,0.02498277835547924,0.025203745570033787
3645,0.025188516825437546,0.02519614703953266
3646,0.024804309010505676,0.02518428662791848
3647,0.02483171597123146,0.02517575750127435
3648,0.02530757710337639,0.02517343929037452
3649,0.024609535932540894,0.02516162833198905
3650,0.02530709281563759,0.02516289707273245
3651,0.025428393855690956,0.02516168462112546
3652,0.02510574832558632,0.025158383790403603
3653,0.024840952828526497,0.0251545381732285
3654,0.02516029216349125,0.025152750499546527
3655,0.025417542085051537,0.02515650911256671
3656,0.02467101812362671,0.02515224104747176
3657,0.025050556287169456,0.025151806212961675
3658,0.025303103029727936,0.02515668872743845
3659,0.02502659521996975,0.025157008562237026
3660,0.024988573044538498,0.02515463637188077
3661,0.024610057473182678,0.025150623414665462
3662,0.02562352642416954,0.02515866406261921
3663,0.025376921519637108,0.02516047390177846
3664,0.025059035047888756,0.025161611177027227
3665,0.025247711688280106,0.025166292991489172
3666,0.024861391633749008,0.025167051535099745
3667,0.025077683851122856,0.025162941999733447
3668,0.02474505826830864,0.025157181322574617
3669,0.02491817995905876,0.025149337649345398
3670,0.02500106953084469,0.02514213053509593
3671,0.02456538751721382,0.02512601677328348
3672,0.025476478040218353,0.02512316033244133
3673,0.02567875385284424,0.02511911852285266
3674,0.02471514418721199,0.025109888017177583
3675,0.02582481876015663,0.0251102127507329
3676,0.02611229568719864,0.02511491447687149
3677,0.025108397006988525,0.025107522793114186
3678,0.025211835280060768,0.025106574706733227
3679,0.02522081881761551,0.02509856756776571
3680,0.02488601580262184,0.025088474843651055
3681,0.024935178458690643,0.025085526052862406
3682,0.02457094006240368,0.025082031190395357
3683,0.024808887392282486,0.025070481710135938
3684,0.02476104535162449,0.025059792306274177
3685,0.024698609486222267,0.02505088085308671
3686,0.025098273530602455,0.025047624092549084
3687,0.02446553483605385,0.025038735270500184
3688,0.025626033544540405,0.025042123533785342
3689,0.025530412793159485,0.025047754365950824
3690,0.02552804723381996,0.025054810773581265
3691,0.02495594322681427,0.025046780314296482
3692,0.02639169991016388,0.025056848768144846
3693,0.026383012533187866,0.025066481586545706
3694,0.024701759219169617,0.025059177130460738
3695,0.025073835626244545,0.02506070613861084
3696,0.024906806647777557,0.025061221830546855
3697,0.024738295003771782,0.02505669366568327
3698,0.024649426341056824,0.02505368921905756
3699,0.025048643350601196,0.02504963144659996
3700,0.024592261761426926,0.025042075403034686
3701,0.025629721581935883,0.025048658195883037
3702,0.025365270674228668,0.025053013991564514
3703,0.026180703192949295,0.025064293760806322
3704,0.025866979733109474,0.02507488362491131
3705,0.02516622468829155,0.025072559602558612
3706,0.025404853746294975,0.02507353972643614
3707,0.025262795388698578,0.025077924728393555
3708,0.024921134114265442,0.02507837427780032
3709,0.024978522211313248,0.02507970988750458
3710,0.024856306612491608,0.025079880896955727
3711,0.025494325906038284,0.025085058342665435
3712,0.02493368089199066,0.02508727429434657
3713,0.025948375463485718,0.025092529244720937
3714,0.02618926763534546,0.02510041305795312
3715,0.025064419955015182,0.025103759095072745
3716,0.025092408061027527,0.02510296940803528
3717,0.0250118188560009,0.025104532316327095
3718,0.02469697594642639,0.025103039965033533
3719,0.02530343271791935,0.025109551642090083
3720,0.02498454414308071,0.025110782869160176
3721,0.02503501996397972,0.0251145725697279
3722,0.025140848010778427,0.025114308409392834
3723,0.024791710078716278,0.02511275537312031
3724,0.024543732404708862,0.025108679849654435
3725,0.025441644713282585,0.025113960430026054
3726,0.025044750422239304,0.025115968622267247
3727,0.025416623800992966,0.02512170681729913
3728,0.02517186477780342,0.025125428605824708
3729,0.024894408881664276,0.025126124043017627
3730,0.024678047746419907,0.025124573204666375
3731,0.02509158104658127,0.025130126792937517
3732,0.02469000220298767,0.025127115212380886
3733,0.02553517185151577,0.02513729441910982
3734,0.0256369449198246,0.025137555487453937
3735,0.024483418092131615,0.025125808212906123
3736,0.02459840662777424,0.02512140018865466
3737,0.02481302060186863,0.025117174088954926
3738,0.024567170068621635,0.025112649854272605
3739,0.025373563170433044,0.025115351267158983
3740,0.025109006091952324,0.025116728004068136
3741,0.024934232234954834,0.025118409004062415
3742,0.02509450726211071,0.025119288284331562
3743,0.02466585859656334,0.025119128227233885
3744,0.024838732555508614,0.02511768776923418
3745,0.02453852817416191,0.025111187882721424
3746,0.024591771885752678,0.025109062511473892
3747,0.024645445868372917,0.02510719981044531
3748,0.02449088916182518,0.025099032931029795
3749,0.024602755904197693,0.025098965130746366
3750,0.024408647790551186,0.0250899806804955
3751,0.024873029440641403,0.025084427036345006
3752,0.02464372292160988,0.02507980678230524
3753,0.024938318878412247,0.0250807804428041
3754,0.024837210774421692,0.0250775496289134
3755,0.02450653165578842,0.025068439524620772
3756,0.024677183479070663,0.02506850117817521
3757,0.024290064349770546,0.025060896258801223
3758,0.024651117622852325,0.025054376404732466
3759,0.024374358355998993,0.02504785403609276
3760,0.024717818945646286,0.025045146495103837
3761,0.024413123726844788,0.025043177157640456
3762,0.02501174993813038,0.025037059392780066
3763,0.024584470316767693,0.025029134880751373
3764,0.025110576301813126,0.025029650293290615
3765,0.02500985376536846,0.025027271714061498
3766,0.024562539532780647,0.025024283193051815
3767,0.025139354169368744,0.025024899896234274
3768,0.024546300992369652,0.025022912323474884
3769,0.025099944323301315,0.02502472996711731
3770,0.02522370219230652,0.025026956293731927
3771,0.024603987112641335,0.025027342289686203
3772,0.024977482855319977,0.025022352337837218
3773,0.024667758494615555,0.025012242384254934
3774,0.024689199402928352,0.025011982936412096
3775,0.02452905848622322,0.02499902533367276
3776,0.024555450305342674,0.0249834568798542
3777,0.02485748566687107,0.02498094776645303
3778,0.024343501776456833,0.02497226443141699
3779,0.025173846632242203,0.024971794709563254
3780,0.025218540802598,0.024975119959563016
3781,0.02465677261352539,0.024972335901111364
3782,0.025274019688367844,0.024979366697371008
3783,0.025004394352436066,0.024981321766972542
3784,0.02475167065858841,0.02498122802004218
3785,0.02525860071182251,0.024986827932298183
3786,0.024626579135656357,0.024982110988348724
3787,0.02519131451845169,0.024989368785172703
3788,0.02569390833377838,0.02499004753306508
3789,0.024813171476125717,0.02498287511989474
3790,0.024562818929553032,0.024973222836852074
3791,0.024758249521255493,0.024971245899796487
3792,0.024431541562080383,0.02495164431631565
3793,0.024831388145685196,0.024936128072440625
3794,0.024397168308496475,0.024933082163333894
3795,0.024951841682195663,0.024931862223893403
3796,0.025115851312875748,0.024933952670544386
3797,0.02472730726003647,0.024933842793107033
3798,0.02466423436999321,0.024933990873396396
3799,0.02486668899655342,0.02493217132985592
3800,0.024537067860364914,0.0249316193908453
3801,0.02449633926153183,0.024920285567641257
3802,0.02454228326678276,0.0249120556935668
3803,0.0244809128344059,0.024895057789981367
3804,0.02444506622850895,0.02488083865493536
3805,0.02439935877919197,0.024873169995844366
3806,0.024368377402424812,0.024862805232405662
3807,0.024435389786958694,0.024854531176388264
3808,0.024181075394153595,0.024847130589187146
3809,0.024678044021129608,0.02484412580728531
3810,0.02444741502404213,0.024840036891400814
3811,0.02457422763109207,0.02483083590865135
3812,0.02453577145934105,0.024826856814324855
3813,0.024357708171010017,0.024810950141400098
3814,0.02456013299524784,0.024794658794999123
3815,0.024453770369291306,0.024788552299141883
3816,0.02435426041483879,0.024781170822679995
3817,0.024549584835767746,0.024776548482477664
3818,0.024630554020404816,0.02477588426321745
3819,0.024158162996172905,0.024764431565999986
3820,0.02447790466248989,0.024759365171194078
3821,0.02428593672811985,0.024751874338835477
3822,0.024312671273946762,0.02474359257146716
3823,0.02444443292915821,0.02474011979997158
3824,0.024385688826441765,0.02473853936418891
3825,0.024105269461870193,0.024725175611674786
3826,0.02475338615477085,0.0247222619690001
3827,0.024372387677431107,0.024711819607764484
3828,0.025314852595329285,0.02471324948593974
3829,0.025222886353731155,0.024716534260660408
3830,0.024982690811157227,0.024719580691307783
3831,0.02522452548146248,0.024720910135656596
3832,0.02467670477926731,0.02472077716141939
3833,0.024875417351722717,0.024714179616421462
3834,0.024677036330103874,0.024704580530524253
3835,0.024568021297454834,0.024705426562577487
3836,0.024534419178962708,0.02470478668808937
3837,0.024540580809116364,0.02470206229016185
3838,0.024515323340892792,0.02470154382288456
3839,0.024342883378267288,0.0246912370249629
3840,0.02433071658015251,0.024683454129844903
3841,0.02427639812231064,0.024676875788718463
3842,0.02438504435122013,0.024669781159609556
3843,0.02413211204111576,0.024664443694055082
3844,0.02479499951004982,0.024664006363600492
3845,0.024612486362457275,0.024664745945483447
3846,0.024642927572131157,0.02466525750234723
3847,0.02475777082145214,0.024666380751878023
3848,0.024469653144478798,0.02466616839170456
3849,0.024331584572792053,0.024663456678390504
3850,0.024456139653921127,0.0246639315970242
3851,0.02422305755317211,0.02465743187814951
3852,0.02420922741293907,0.0246530869230628
3853,0.02450399473309517,0.02464874368160963
3854,0.024317119270563126,0.024643542766571044
3855,0.024127263575792313,0.024639750085771083
3856,0.024158179759979248,0.02463456004858017
3857,0.024192161858081818,0.02463358102366328
3858,0.024068400263786316,0.024627753850072622
3859,0.02449442446231842,0.024628954511135816
3860,0.024053849279880524,0.024622314814478158
3861,0.025248941034078598,0.024630672987550496
3862,0.02525336667895317,0.024633089154958723
3863,0.02503390610218048,0.024637583512812852
3864,0.0246284119784832,0.024632761869579554
3865,0.025216616690158844,0.02463482949882746
3866,0.024846864864230156,0.024637672752141952
3867,0.025092244148254395,0.02463720165193081
3868,0.024802517145872116,0.024639763813465835
3869,0.02486586570739746,0.024637423027306794
3870,0.024636678397655487,0.024631552789360286
3871,0.025052882730960846,0.02463604174554348
3872,0.025004640221595764,0.024636313319206238
3873,0.024787094444036484,0.024637506678700447
3874,0.02460484765470028,0.024636663161218167
3875,0.024817440658807755,0.024639546982944013
3876,0.024632181972265244,0.024640314299613237
3877,0.024629689753055573,0.02463803634047508
3878,0.024475524201989174,0.024639356564730406
3879,0.02471908926963806,0.024634808991104363
3880,0.024357398971915245,0.024626197572797538
3881,0.024900812655687332,0.024628637973219156
3882,0.024644702672958374,0.024622344803065063
3883,0.024471817538142204,0.024617019034922125
3884,0.024485673755407333,0.024614359065890313
3885,0.02437324821949005,0.024605505540966986
3886,0.024104250594973564,0.02460028225556016
3887,0.024558091536164284,0.024593950025737287
3888,0.024060964584350586,0.024577620588243008
3889,0.02488488145172596,0.02457833768799901
3890,0.02471286430954933,0.02457983814179897
3891,0.02431604266166687,0.024575416073203085
3892,0.024408243596553802,0.024575183093547823
3893,0.024262484163045883,0.024569494053721427
3894,0.024079319089651108,0.024566315561532975
3895,0.024726152420043945,0.024564058668911457
3896,0.024620454758405685,0.024559104703366755
3897,0.02425367943942547,0.024554368425160646
3898,0.024441678076982498,0.02455214286223054
3899,0.023924149572849274,0.024542717467993497
3900,0.023747388273477554,0.024534820672124626
3901,0.02442224882543087,0.024534079767763613
3902,0.02415674552321434,0.02453022439032793
3903,0.02445443719625473,0.02452995963394642
3904,0.02455689013004303,0.02453107787296176
3905,0.024220310151576996,0.02452928738668561
3906,0.024540813639760017,0.024531011749058963
3907,0.024078216403722763,0.024527440015226602
3908,0.024773024022579193,0.024533359501510858
3909,0.024895362555980682,0.02453553268685937
3910,0.024418175220489502,0.024535240288823843
3911,0.024715861305594444,0.024536656625568868
3912,0.024415969848632812,0.024535458609461783
3913,0.024453558027744293,0.02453641710802913
3914,0.024435771629214287,0.024535173494368793
3915,0.024862676858901978,0.024539262559264897
3916,0.02483559399843216,0.024544075895100832
3917,0.024650130420923233,0.02454508135095239
3918,0.024552425369620323,0.02454430006444454
3919,0.02451115846633911,0.024547830019146205
3920,0.02425817772746086,0.024545632749795914
3921,0.024603210389614105,0.024548805486410856
3922,0.024711085483431816,0.024552789628505708
3923,0.02441982924938202,0.024552543591707946
3924,0.024033715948462486,0.024549023862928152
3925,0.02467767894268036,0.024554747957736253
3926,0.024842089042067528,0.02455563498660922
3927,0.024042876437306404,0.024552339874207973
3928,0.025070149451494217,0.02454989284276962
3929,0.025145411491394043,0.02454911809414625
3930,0.024922925978899002,0.02454852044582367
3931,0.024933669716119766,0.02454561188817024
3932,0.024594265967607498,0.024544787500053643
3933,0.024917809292674065,0.024545211419463156
3934,0.024802062660455704,0.024546461682766675
3935,0.024606045335531235,0.02454684192314744
3936,0.024494599550962448,0.02454644372686744
3937,0.02435467019677162,0.02454458462074399
3938,0.024363864213228226,0.024543070029467345
3939,0.024299852550029755,0.024542639721184967
3940,0.024153687059879303,0.024540869425982235
3941,0.02402450516819954,0.024538350496441125
3942,0.024198124185204506,0.02453648129478097
3943,0.024051483720541,0.024535675011575223
3944,0.024068232625722885,0.024528407342731953
3945,0.024153726175427437,0.024523819740861656
3946,0.024215493351221085,0.024519545398652552
3947,0.02393510565161705,0.024511318746954204
3948,0.024165958166122437,0.02450828179717064
3949,0.024006733670830727,0.024505033288151026
3950,0.025080181658267975,0.024511273708194493
3951,0.02472318522632122,0.024516274984925986
3952,0.025156650692224503,0.02452574921771884
3953,0.025275520980358124,0.024533464480191468
3954,0.02518119104206562,0.024542105197906495
3955,0.025013886392116547,0.024550971426069736
3956,0.02493271790444851,0.024558716807514428
3957,0.02454957738518715,0.024562290962785484
3958,0.024437829852104187,0.02456598525866866
3959,0.024336136877536774,0.024564402382820844
3960,0.024486223235726357,0.024568726122379304
3961,0.0243542343378067,0.024559779055416585
3962,0.024334166198968887,0.024550587050616742
3963,0.024178892374038696,0.024542036913335324
3964,0.02450016513466835,0.024540754444897176
3965,0.02407163195312023,0.02452930459752679
3966,0.024758655577898026,0.02452842250466347
3967,0.024457145482301712,0.02452207151800394
3968,0.02461143396794796,0.024520160686224698
3969,0.024468187242746353,0.024516183901578188
3970,0.024255594238638878,0.024512373059988022
3971,0.024342814460396767,0.02450527237728238
3972,0.02390250377357006,0.024494251012802126
3973,0.024224594235420227,0.024488626010715962
3974,0.02378625050187111,0.02448044003918767
3975,0.02449069358408451,0.02447717256844044
3976,0.02402443252503872,0.024471095073968174
3977,0.024669304490089417,0.02447149122133851
3978,0.02461213245987892,0.02447285730391741
3979,0.024183638393878937,0.024467502795159815
3980,0.024519681930541992,0.024469125624746083
3981,0.023710183799266815,0.02445721933618188
3982,0.024834228679537773,0.024459114596247673
3983,0.024427279829978943,0.024458669219166042
3984,0.025089262053370476,0.02446470510214567
3985,0.024864647537469864,0.02446961909532547
3986,0.024855587631464005,0.024477132465690374
3987,0.02457418479025364,0.024477293398231268
3988,0.024412229657173157,0.024480806048959493
3989,0.024572860449552536,0.02447768583893776
3990,0.02431338280439377,0.024473691023886204
3991,0.024183977395296097,0.024472370371222497
3992,0.024355262517929077,0.024471840560436248
3993,0.02411527931690216,0.024470368511974813
3994,0.024449415504932404,0.024474069476127625
3995,0.02424861304461956,0.02446929408237338
3996,0.024153947830200195,0.024464629013091325
3997,0.024091241881251335,0.024463004637509583
3998,0.023973572999238968,0.02445832358673215
3999,0.024167070165276527,0.024460752792656422
4000,0.02387235499918461,0.024462002459913493
4001,0.02437848411500454,0.024461564812809228
4002,0.024212852120399475,0.02446212587878108
4003,0.023883633315563202,0.024456417839974164
4004,0.024394188076257706,0.02445479081943631
4005,0.0239911749958992,0.024452499467879533
4006,0.02473970502614975,0.024454488381743432
4007,0.024789880961179733,0.024461605027318
4008,0.024477649480104446,0.024458651281893253
4009,0.0240783728659153,0.0244504813849926
4010,0.024756526574492455,0.02445386489853263
4011,0.024394983425736427,0.02445065611973405
4012,0.024519294500350952,0.02445168936625123
4013,0.024452650919556618,0.024451680295169354
4014,0.024673517793416977,0.02445405775681138
4015,0.024412665516138077,0.024449557643383742
4016,0.024381615221500397,0.024445017855614423
4017,0.02410099282860756,0.024439526479691265
4018,0.024510979652404785,0.02443911202251911
4019,0.02452457696199417,0.024439246207475663
4020,0.024451296776533127,0.024441177397966383
4021,0.02422262914478779,0.024437371585518123
4022,0.024394135922193527,0.024434202089905738
4023,0.024264492094516754,0.024432648718357087
4024,0.024179864674806595,0.024434110205620526
4025,0.023980144411325455,0.024427134860306978
4026,0.024305272847414017,0.024421766698360443
4027,0.024116607382893562,0.024422504007816315
4028,0.02452237159013748,0.02441702622920275
4029,0.02427452616393566,0.024408317375928162
4030,0.02421746775507927,0.024401262793689968
4031,0.024063516408205032,0.024392561260610818
4032,0.02422996610403061,0.02438891826197505
4033,0.024028928950428963,0.0243800294585526
4034,0.02436394803225994,0.02437564831227064
4035,0.024287357926368713,0.024372461438179015
4036,0.02395167201757431,0.024367032162845133
4037,0.023973194882273674,0.024363217409700155
4038,0.024001138284802437,0.0243595901504159
4039,0.023891953751444817,0.02435551116243005
4040,0.02426445297896862,0.02435661882162094
4041,0.024042481556534767,0.024356798585504293
4042,0.023985955864191055,0.024354676902294158
4043,0.02380683273077011,0.02435223039239645
4044,0.02442711964249611,0.024355819262564183
4045,0.02423880062997341,0.024356670007109643
4046,0.023949718102812767,0.024354012254625558
4047,0.024039670825004578,0.024355057906359435
4048,0.023872647434473038,0.02435212479904294
4049,0.023807693272829056,0.024350134395062922
4050,0.02387380227446556,0.0243380706012249
4051,0.023554600775241852,0.024326384756714104
4052,0.024891994893550873,0.02432373819872737
4053,0.024797748774290085,0.02431896047666669
4054,0.023684151470661163,0.024303990080952645
4055,0.02421664074063301,0.02429601762443781
4056,0.02358575165271759,0.0242825479619205
4057,0.02465992048382759,0.024283651392906905
4058,0.02440766431391239,0.024283349737524985
4059,0.02444438822567463,0.024284432251006363
4060,0.024393122643232346,0.024283501245081426
4061,0.024604802951216698,0.024286006931215524
4062,0.024332400411367416,0.02428598927333951
4063,0.02447430044412613,0.024288943354040384
4064,0.024217357859015465,0.024286115281283854
4065,0.024122145026922226,0.024286620412021877
4066,0.02399492636322975,0.024278983119875194
4067,0.024282950907945633,0.02427724117413163
4068,0.02429216355085373,0.024274048469960688
4069,0.02408253774046898,0.024270191974937915
4070,0.02378145605325699,0.024265450593084097
4071,0.024970967322587967,0.02427173212170601
4072,0.024818500503897667,0.024280892089009284
4073,0.024058371782302856,0.02427922986447811
4074,0.024162394925951958,0.02428299130871892
4075,0.02392447739839554,0.02427732914686203
4076,0.02383594959974289,0.02427544431760907
4077,0.023656010627746582,0.024265311378985643
4078,0.024194464087486267,0.024261134695261716
4079,0.02385523170232773,0.024257850628346206
4080,0.024841252714395523,0.02426106633618474
4081,0.024851350113749504,0.024272477999329568
4082,0.024223467335104942,0.02426637038588524
4083,0.02428818866610527,0.024264979474246502
4084,0.024261413142085075,0.024256700985133647
4085,0.024016084149479866,0.02424821535125375
4086,0.024060893803834915,0.024240268412977457
4087,0.02409793622791767,0.024235505927354097
4088,0.02416362054646015,0.02423301983624697
4089,0.023895975202322006,0.024226250983774664
4090,0.024109266698360443,0.024224209822714327
4091,0.023918455466628075,0.024221554603427647
4092,0.024364052340388298,0.024221642501652242
4093,0.024022743105888367,0.024220717139542103
4094,0.024463005363941193,0.024220853038132192
4095,0.02464628778398037,0.0242248297855258
4096,0.02426038682460785,0.024225894175469876
4097,0.024119336158037186,0.024226175118237735
4098,0.02416539192199707,0.024228093307465316
4099,0.023943990468978882,0.02422586251050234
4100,0.023892007768154144,0.024226059038192034
4101,0.023909125477075577,0.024221365451812745
4102,0.02361215651035309,0.02421535849571228
4103,0.024122897535562515,0.024217751137912275
4104,0.023948555812239647,0.024213294815272093
4105,0.02404533140361309,0.02421383637934923
4106,0.024162091314792633,0.024208060242235662
4107,0.023858891800045967,0.024198750350624323
4108,0.024178020656108856,0.02419575406238437
4109,0.023611219599843025,0.024191082529723643
4110,0.025001589208841324,0.024193533156067135
4111,0.025248698890209198,0.02420207031071186
4112,0.024549830704927444,0.024202375672757626
4113,0.02413860708475113,0.02419923523440957
4114,0.024567535147070885,0.02419817540794611
4115,0.024211138486862183,0.024196160137653352
4116,0.02451089210808277,0.024197452906519173
4117,0.024204686284065247,0.024198489841073752
4118,0.02451600693166256,0.02419854011386633
4119,0.0244915708899498,0.024198210053145885
4120,0.024321308359503746,0.024196910168975592
4121,0.024154366925358772,0.0241962275467813
4122,0.023922137916088104,0.024191507566720248
4123,0.02398819848895073,0.024188744630664588
4124,0.023773057386279106,0.02418467655777931
4125,0.023786379024386406,0.02418273890390992
4126,0.024011071771383286,0.024179796893149613
4127,0.02366788312792778,0.024175309650599955
4128,0.023959679529070854,0.02416968272998929
4129,0.023827282711863518,0.02416521029546857
4130,0.023947499692440033,0.024162510614842175
4131,0.023637831211090088,0.024158253762871028
4132,0.024098530411720276,0.024156939405947923
4133,0.023920603096485138,0.024155856147408485
4134,0.02381933107972145,0.024150409977883102
4135,0.023983951658010483,0.02414737591519952
4136,0.023610292002558708,0.024143962115049364
4137,0.02367410622537136,0.02414097122848034
4138,0.023457273840904236,0.024135532584041358
4139,0.024265604093670845,0.024139269087463618
4140,0.024159539490938187,0.024138219952583313
4141,0.02363930083811283,0.024134188145399093
4142,0.023762717843055725,0.02413195576518774
4143,0.02369053289294243,0.024130792766809465
4144,0.023509450256824493,0.024121616072952747
4145,0.023910455405712128,0.024118332620710135
4146,0.023706231266260147,0.024115897752344607
4147,0.023771237581968307,0.024113213419914247
4148,0.023839037865400314,0.024112877324223517
4149,0.02344628795981407,0.02410926327109337
4150,0.02406429499387741,0.024111168198287486
4151,0.023902442306280136,0.02411464661359787
4152,0.023772388696670532,0.024103450551629067
4153,0.023968113586306572,0.02409515419974923
4154,0.023816939443349838,0.02409648207947612
4155,0.02355085127055645,0.024089824184775354
4156,0.02371010184288025,0.02409106768667698
4157,0.023637646809220314,0.024080844949930905
4158,0.023525159806013107,0.024072019904851912
4159,0.023733485490083694,0.024064910877496005
4160,0.023571070283651352,0.024056690353900193
4161,0.023505371063947678,0.024045696035027504
4162,0.02361181750893593,0.02403849020600319
4163,0.02360633760690689,0.024029810577630997
4164,0.023439260199666023,0.0240220296010375
4165,0.02386718988418579,0.024019480049610138
4166,0.023497531190514565,0.024014506097882984
4167,0.02361898683011532,0.024007866457104683
4168,0.023471198976039886,0.023999656811356546
4169,0.024469520896673203,0.024003526642918587
4170,0.024697639048099518,0.024012688472867014
4171,0.02405420131981373,0.02400352081283927
4172,0.024220634251832962,0.023997542150318622
4173,0.023983828723430634,0.0239967967197299
4174,0.024003785103559494,0.023995210621505975
4175,0.02378184348344803,0.0239937842823565
4176,0.02371140941977501,0.023992538880556823
4177,0.02366744726896286,0.023992653246968986
4178,0.023576907813549042,0.023986477684229613
4179,0.023855959996581078,0.023986484967172147
4180,0.023490769788622856,0.02397298013791442
4181,0.02421688474714756,0.0239666354842484
4182,0.02417151816189289,0.02396611599251628
4183,0.023866984993219376,0.02396190395578742
4184,0.024169201031327248,0.023960981834679842
4185,0.024041401222348213,0.023961235005408525
4186,0.024200551211833954,0.023962631579488514
4187,0.02407418191432953,0.023962394036352634
4188,0.02450552210211754,0.02396581305190921
4189,0.024055376648902893,0.023967407066375016
4190,0.0247057918459177,0.02397337231785059
4191,0.024463672190904617,0.023978824485093354
4192,0.02412513643503189,0.02397643532603979
4193,0.024328889325261116,0.02397949678823352
4194,0.023610761389136314,0.02397097434848547
4195,0.02479018270969391,0.023972413297742606
4196,0.024460041895508766,0.023974409848451613
4197,0.024279098957777023,0.023976007476449013
4198,0.02421368658542633,0.023976490423083304
4199,0.023920945823192596,0.023976259976625443
4200,0.02404719963669777,0.02397781189531088
4201,0.023758914321660995,0.023976309783756734
4202,0.02388383075594902,0.023979026526212692
4203,0.02358931303024292,0.023973690681159496
4204,0.024184398353099823,0.023976049106568097
4205,0.023709747940301895,0.023972693271934985
4206,0.02483714371919632,0.023979443795979022
4207,0.024758916348218918,0.023988444041460753
4208,0.02388123795390129,0.023985476214438677
4209,0.02395017072558403,0.023988865725696088
4210,0.023941032588481903,0.023978260159492493
4211,0.023616326972842216,0.023961936440318823
4212,0.02382533624768257,0.023954691495746375
4213,0.023795515298843384,0.023951260577887296
4214,0.023484285920858383,0.023940428085625173
4215,0.024050552397966385,0.023938822224736214
4216,0.02369708940386772,0.023930684197694063
4217,0.024622295051813126,0.02393486028537154
4218,0.024332230910658836,0.023933022525161506
4219,0.02430593967437744,0.02393116621300578
4220,0.024236438795924187,0.023930317517369987
4221,0.02388658933341503,0.023927639741450547
4222,0.02406316250562668,0.023929049987345935
4223,0.023812297731637955,0.023927290979772805
4224,0.023608369752764702,0.02392564410343766
4225,0.023892592638731003,0.023926706239581107
4226,0.02370009571313858,0.023923596478998662
4227,0.0236129742115736,0.02392304738983512
4228,0.0235854871571064,0.023919305466115474
4229,0.02343033067882061,0.023915335945785047
4230,0.02332143299281597,0.023909075278788806
4231,0.02347438782453537,0.02390744084492326
4232,0.023565223440527916,0.023902107775211335
4233,0.023246940225362778,0.02389537114650011
4234,0.023692160844802856,0.023894099444150926
4235,0.023341502994298935,0.02388767495751381
4236,0.02441827580332756,0.023895754795521498
4237,0.0243125781416893,0.023902139514684676
4238,0.02361638844013214,0.023903730660676956
4239,0.023735642433166504,0.023898431044071914
4240,0.023506099358201027,0.02389189664274454
4241,0.023425105959177017,0.023889754693955184
4242,0.02368517592549324,0.023888979274779558
4243,0.02369035594165325,0.023888977505266668
4244,0.023668188601732254,0.023890564888715743
4245,0.023382972925901413,0.02388529006391764
4246,0.02399589866399765,0.02388818673789501
4247,0.023727858439087868,0.02388775294646621
4248,0.023861385881900787,0.02388797642663121
4249,0.023931164294481277,0.023892825189977884
4250,0.023693954572081566,0.023889121785759925
4251,0.02366805449128151,0.02388677790760994
4252,0.023654118180274963,0.023885595202445983
4253,0.023382611572742462,0.023879740182310344
4254,0.02367229014635086,0.023878293689340354
4255,0.02358027920126915,0.02387858796864748
4256,0.023530004546046257,0.02387678699567914
4257,0.023326069116592407,0.023873671218752862
4258,0.023655597120523453,0.023874975591897964
4259,0.023689106106758118,0.02387453179806471
4260,0.02338743768632412,0.023872695472091435
4261,0.02339218184351921,0.02387156357988715
4262,0.023349549621343613,0.02386894090101123
4263,0.023743562400341034,0.02387031314894557
4264,0.023350078612565994,0.02386942133307457
4265,0.02375992387533188,0.02386834867298603
4266,0.024032101035118103,0.023873694371432067
4267,0.02367524802684784,0.02387425698339939
4268,0.02356649748980999,0.023875209968537092
4269,0.023351389914751053,0.02386402865871787
4270,0.02357340417802334,0.02385278631001711
4271,0.023667357861995697,0.023848917875438927
4272,0.023310497403144836,0.023839816506952046
4273,0.023692389950156212,0.023836902119219305
4274,0.023556198924779892,0.023832426257431507
4275,0.023578952997922897,0.023830397352576256
4276,0.02361185848712921,0.023829401843249796
4277,0.023487329483032227,0.02382760066539049
4278,0.023409858345985413,0.023825930170714854
4279,0.023277580738067627,0.023820146378129722
4280,0.023378293961286545,0.023819021619856356
4281,0.023561924695968628,0.02381247201934457
4282,0.023446977138519287,0.023805226609110833
4283,0.02357056364417076,0.023802262395620347
4284,0.02332703024148941,0.023793840687721966
4285,0.02330281026661396,0.023786454778164625
4286,0.023453181609511375,0.0237789810821414
4287,0.02352229692041874,0.02377346223220229
4288,0.023330863565206528,0.02376171564683318
4289,0.023576926440000534,0.023756931144744156
4290,0.023237789049744606,0.023742251116782426
4291,0.02411510795354843,0.023738765474408865
4292,0.024524720385670662,0.023742761313915253
4293,0.02380363643169403,0.023737508784979582
4294,0.023959103971719742,0.023740992210805417
4295,0.023963037878274918,0.023732720762491225
4296,0.023831170052289963,0.02372643204405904
4297,0.02384977415204048,0.02372213879600167
4298,0.0238677766174078,0.023718679696321486
4299,0.02348474971950054,0.023714317735284568
4300,0.02352048084139824,0.02370905054733157
4301,0.02380148321390152,0.02370947623625398
4302,0.023493358865380287,0.02370557151734829
4303,0.02361365780234337,0.023705814965069294
4304,0.023486360907554626,0.02369883459061384
4305,0.02375398948788643,0.02369927700608969
4306,0.023235991597175598,0.02368326548486948
4307,0.024740491062402725,0.023683081232011318
4308,0.02485164999961853,0.02369278535246849
4309,0.024137049913406372,0.023694654144346714
4310,0.024041226133704185,0.023695656079798937
4311,0.024285048246383667,0.02370234329253435
4312,0.023923909291625023,0.023703329022973774
4313,0.023962266743183136,0.023704996537417172
4314,0.024423770606517792,0.023714391384273767
4315,0.023592740297317505,0.02370981326326728
4316,0.024268124252557755,0.023715523611754177
4317,0.0246024988591671,0.02371532564982772
4318,0.023692341521382332,0.023708926755934955
4319,0.024133233353495598,0.023707199692726135
4320,0.02469654381275177,0.02371180074289441
4321,0.023752542212605476,0.023710460271686315
4322,0.024141231551766396,0.023711240962147714
4323,0.02429358847439289,0.023716053869575263
4324,0.023546230047941208,0.023715432472527026
4325,0.023913782089948654,0.023715644367039202
4326,0.02362421527504921,0.02371488556265831
4327,0.02352030947804451,0.02371395891532302
4328,0.023471295833587646,0.02371281700208783
4329,0.02368692308664322,0.023715382926166057
4330,0.023545512929558754,0.023717623725533484
4331,0.023451494053006172,0.023717394787818192
4332,0.02368748001754284,0.023718617353588343
4333,0.023532522842288017,0.023721473179757594
4334,0.02327725850045681,0.023717324156314133
4335,0.023225702345371246,0.023716166149824858
4336,0.02330351620912552,0.023705018553882837
4337,0.023297233507037163,0.023694865107536316
4338,0.023429863154888153,0.023692999854683875
4339,0.02327769249677658,0.023688420355319977
4340,0.023304158821702003,0.023686400949954986
4341,0.023066502064466476,0.02368281491100788
4342,0.02331111580133438,0.023679074309766294
4343,0.023394104093313217,0.023676111791282893
4344,0.023083336651325226,0.023670263271778822
4345,0.02359943836927414,0.02367242792621255
4346,0.023458460345864296,0.023667053543031214
4347,0.023275237530469894,0.023662527333945037
4348,0.023566357791423798,0.023659577053040268
4349,0.023317378014326096,0.023653439190238715
4350,0.023762911558151245,0.02365412876009941
4351,0.02390339784324169,0.023656482193619013
4352,0.02385684847831726,0.023658509496599436
4353,0.023370463401079178,0.023658388014882802
4354,0.02373930625617504,0.023659058175981046
4355,0.02396286465227604,0.023662884030491115
4356,0.023917755112051964,0.02366676153615117
4357,0.023593949154019356,0.02366944033652544
4358,0.024141959846019745,0.023674303963780403
4359,0.02427937090396881,0.02368020661175251
4360,0.023349763825535774,0.023679829873144626
4361,0.02445930242538452,0.02369050107896328
4362,0.023996978998184204,0.023696975372731684
4363,0.02425399422645569,0.023702079690992833
4364,0.024503275752067566,0.02371361166238785
4365,0.02367091178894043,0.023712721541523932
4366,0.023659925907850266,0.023708999790251255
4367,0.023765068501234055,0.023709897994995118
4368,0.023300472646951675,0.023707237746566533
4369,0.02361832931637764,0.0237099071405828
4370,0.023602567613124847,0.023710198774933813
4371,0.02360905148088932,0.02370961571112275
4372,0.023581460118293762,0.02371232533827424
4373,0.023202762007713318,0.023707429058849813
4374,0.023243289440870285,0.023704299964010717
4375,0.02342059276998043,0.02370271636173129
4376,0.02325022965669632,0.023699100073426963
4377,0.02318604476749897,0.02369608722627163
4378,0.023411182686686516,0.02369610046967864
4379,0.023160401731729507,0.02369492867961526
4380,0.02329397387802601,0.023694085478782653
4381,0.02315959706902504,0.02369006220251322
4382,0.02339024469256401,0.023689494878053666
4383,0.023452775552868843,0.023688316997140645
4384,0.023395508527755737,0.02368900178000331
4385,0.02303813397884369,0.023686355017125606
4386,0.023487992584705353,0.023686703126877547
4387,0.023251498118042946,0.02368399513885379
4388,0.023530740290880203,0.023685993906110526
4389,0.02336782217025757,0.023683902863413094
4390,0.023408688604831696,0.023685611858963965
4391,0.02357511967420578,0.02368021197617054
4392,0.02311716601252556,0.02366613643243909
4393,0.023559313267469406,0.023663693200796844
4394,0.023329969495534897,0.023657401856034994
4395,0.02345716953277588,0.023652343172580005
4396,0.023689797148108482,0.02365092944353819
4397,0.023318547755479813,0.023645617179572583
4398,0.023692738264799118,0.023643866796046496
4399,0.023704733699560165,0.02364606663584709
4400,0.02330949902534485,0.023643956817686558
4401,0.023715050891041756,0.02364309249445796
4402,0.023263780400156975,0.023640796709805727
4403,0.023834388703107834,0.023643004018813373
4404,0.023998845368623734,0.023648128863424062
4405,0.023545484989881516,0.023646043818444012
4406,0.02331722155213356,0.023646856117993595
4407,0.023426583036780357,0.02363371703773737
4408,0.02306615561246872,0.02361586209386587
4409,0.023472949862480164,0.02360922109335661
4410,0.023082541301846504,0.023599634245038033
4411,0.024339132010936737,0.023600175082683562
4412,0.024643756449222565,0.02360737355425954
4413,0.023740094155073166,0.02360515182837844
4414,0.023546472191810608,0.023596378844231367
4415,0.02371217869222164,0.02359757322818041
4416,0.02355170249938965,0.023590409010648728
4417,0.023217380046844482,0.0235765578225255
4418,0.02409524843096733,0.02358058689162135
4419,0.02349347248673439,0.02357418928295374
4420,0.024267837405204773,0.02356990221887827
4421,0.024456823244690895,0.023576945029199124
4422,0.023574942722916603,0.023571282140910626
4423,0.023569680750370026,0.023564043063670395
4424,0.023858552798628807,0.023567166291177274
4425,0.023549258708953857,0.023563521057367323
4426,0.023931315168738365,0.023566592056304216
4427,0.02383318543434143,0.023569720815867185
4428,0.023876167833805084,0.02357376953586936
4429,0.02373417280614376,0.023574242033064366
4430,0.023695874959230423,0.023575745653361083
4431,0.02341078780591488,0.023575338590890168
4432,0.02380974218249321,0.023576561212539673
4433,0.023519329726696014,0.023576429281383753
4434,0.023951511830091476,0.0235831718146801
4435,0.023783033713698387,0.02358874512836337
4436,0.02360864356160164,0.023591796401888132
4437,0.02368861623108387,0.0235957102291286
4438,0.0236685611307621,0.02359809720888734
4439,0.023579008877277374,0.023601110372692347
4440,0.023594334721565247,0.023604012131690978
4441,0.023413002490997314,0.023607477135956286
4442,0.023519953712821007,0.023609565515071155
4443,0.02340577356517315,0.02360968220978975
4444,0.02350948005914688,0.02361394364386797
4445,0.023256514221429825,0.023610514402389527
4446,0.023562977090477943,0.023611559569835662
4447,0.02341631054878235,0.023612970300018788
4448,0.023451106622815132,0.0236118177883327
4449,0.023298993706703186,0.02361163394525647
4450,0.023507550358772278,0.023609080333262682
4451,0.023424623534083366,0.0236042925901711
4452,0.023384984582662582,0.02359957395121455
4453,0.023130377754569054,0.02359717309474945
4454,0.02373184636235237,0.023597098495811222
4455,0.023458991199731827,0.023592059761285783
4456,0.02336808666586876,0.02358656307682395
4457,0.0233595110476017,0.023584218695759773
4458,0.023280752822756767,0.023575606625527143
4459,0.02312382310628891,0.023564051147550346
4460,0.023470256477594376,0.02356525607407093
4461,0.023201249539852142,0.023552675545215607
4462,0.0235579926520586,0.02354828568175435
4463,0.023653753101825714,0.02354228327050805
4464,0.02304111234843731,0.02352766163647175
4465,0.022950902581214905,0.023520461544394494
4466,0.023219725117087364,0.023516059536486864
4467,0.023032451048493385,0.023508733361959456
4468,0.023500798270106316,0.023510736618191003
4469,0.02328898385167122,0.023507443163543938
4470,0.023457292467355728,0.023505990412086248
4471,0.02350708842277527,0.023504970781505107
4472,0.023152336478233337,0.023500679545104503
4473,0.023255273699760437,0.023501204662024974
4474,0.022888056933879852,0.02349765233695507
4475,0.023105496540665627,0.023494501374661924
4476,0.022903744131326675,0.023491036519408225
4477,0.022958483546972275,0.02348876090720296
4478,0.022981513291597366,0.02348446421325207
4479,0.02283221110701561,0.023481182307004928
4480,0.023404624313116074,0.02348228881135583
4481,0.022976545616984367,0.023480458296835423
4482,0.023953387513756752,0.02348608972504735
4483,0.024075673893094063,0.023492318708449603
4484,0.023409023880958557,0.023492453861981632
4485,0.023586763069033623,0.02349794015288353
4486,0.023359905928373337,0.02349665928632021
4487,0.02352933958172798,0.02349943770095706
4488,0.023343229666352272,0.02349756259471178
4489,0.023433217778801918,0.023498216550797223
4490,0.02339858189225197,0.023498115483671426
4491,0.023163726553320885,0.023494001552462576
4492,0.023450512439012527,0.023497335016727447
4493,0.023099802434444427,0.023492739908397196
4494,0.02320757508277893,0.023491515964269637
4495,0.023143645375967026,0.02348838072270155
4496,0.02293495461344719,0.023480832297354936
4497,0.023074563592672348,0.023478392455726863
4498,0.02326766774058342,0.023474141750484706
4499,0.022845663130283356,0.023465551044791935
4500,0.023032117635011673,0.023462777230888604
4501,0.02320437878370285,0.023457670509815218
4502,0.022949445992708206,0.02345452716574073
4503,0.02292480692267418,0.02344543134793639
4504,0.023221652954816818,0.023437659423798322
4505,0.022956114262342453,0.02343176571652293
4506,0.023591015487909317,0.02343450365588069
4507,0.023255566135048866,0.023432793486863376
4508,0.024065079167485237,0.02344278272241354
4509,0.02410518378019333,0.02344910506159067
4510,0.023302484303712845,0.023451304491609336
4511,0.02321675419807434,0.02344008071348071
4512,0.02342379465699196,0.023427881095558406
4513,0.023168643936514854,0.02342216659337282
4514,0.02341287210583687,0.023420830592513084
4515,0.0234402883797884,0.023418111689388753
4516,0.02311580628156662,0.02341375272721052
4517,0.023432554677128792,0.023415904473513365
4518,0.02318870648741722,0.023406839054077862
4519,0.023045174777507782,0.023402356076985598
4520,0.02312188595533371,0.023390896562486888
4521,0.022943846881389618,0.023375766798853875
4522,0.023302840068936348,0.023373045772314072
4523,0.023034658282995224,0.023367695547640323
4524,0.023819196969270706,0.023367301989346743
4525,0.02369542047381401,0.023368763606995344
4526,0.023226751014590263,0.023361717965453863
4527,0.023161590099334717,0.023355002012103797
4528,0.02318202704191208,0.023348060604184866
4529,0.023025885224342346,0.023340977728366852
4530,0.02342771738767624,0.02333829615265131
4531,0.02314196154475212,0.023335607890039682
4532,0.023570504039525986,0.02333321550861001
4533,0.023383453488349915,0.02333185674622655
4534,0.023173492401838303,0.023324076551944017
4535,0.023139778524637222,0.023317644000053407
4536,0.022987324744462967,0.023311430811882018
4537,0.022923752665519714,0.023303782176226376
4538,0.02327173389494419,0.023299813903868198
4539,0.023176871240139008,0.023295792527496816
4540,0.023297689855098724,0.023292826078832148
4541,0.02320254221558571,0.023290721476078035
4542,0.023197922855615616,0.02328750116750598
4543,0.023048486560583115,0.02328392829746008
4544,0.02309187687933445,0.023279752265661955
4545,0.022826747968792915,0.023275454603135584
4546,0.023193642497062683,0.023271761257201432
4547,0.02308906987309456,0.023268488850444555
4548,0.023508885875344276,0.023269066642969845
4549,0.023385144770145416,0.02326992815360427
4550,0.023125123232603073,0.023266103882342577
4551,0.023179206997156143,0.023263649716973304
4552,0.022788163274526596,0.023257681503891944
4553,0.023113928735256195,0.023257517013698815
4554,0.02271999605000019,0.023247398510575293
4555,0.02353394776582718,0.02324814807623625
4556,0.023208102211356163,0.023246548231691123
4557,0.023503921926021576,0.02324799234047532
4558,0.023520847782492638,0.02325039329007268
4559,0.023176277056336403,0.023250917829573156
4560,0.023205991834402084,0.02324827518314123
4561,0.023391395807266235,0.02325017664581537
4562,0.022890008985996246,0.02324349680915475
4563,0.023952804505825043,0.02324648732319474
4564,0.023812517523765564,0.023254201374948026
4565,0.02452341467142105,0.023269926495850086
4566,0.024585483595728874,0.0232835840806365
4567,0.02383677288889885,0.023291627299040555
4568,0.023716948926448822,0.023293788805603982
4569,0.023571252822875977,0.02329661149531603
4570,0.023387756198644638,0.023295916132628918
4571,0.023365605622529984,0.023294501304626465
4572,0.02303440496325493,0.02329332198947668
4573,0.023700017482042313,0.0232977694272995
4574,0.0235290490090847,0.023304179348051547
4575,0.02379775047302246,0.023311101887375115
4576,0.02351289428770542,0.023317193388938905
4577,0.024032825604081154,0.023327936809509994
4578,0.023624416440725327,0.02333436584100127
4579,0.023451274260878563,0.0233405564725399
4580,0.023221896961331367,0.023338729199022055
4581,0.023577388375997543,0.023344737626612187
4582,0.023174842819571495,0.023336952179670335
4583,0.023811550810933113,0.023334310948848726
4584,0.023795364424586296,0.023338174354285
4585,0.02313902974128723,0.023333697021007536
4586,0.022979725152254105,0.023329895213246344
4587,0.023521490395069122,0.023329816721379758
4588,0.023386724293231964,0.023330251667648554
4589,0.02323153242468834,0.023328234814107417
4590,0.023211905732750893,0.023326368052512408
4591,0.023135384544730186,0.0233260846324265
4592,0.022899925708770752,0.023320578765124084
4593,0.023411795496940613,0.023323698695749046
4594,0.02319318987429142,0.02332355484366417
4595,0.023215267807245255,0.02332427106797695
4596,0.023007042706012726,0.023324991948902606
4597,0.023429863154888153,0.023328544944524764
4598,0.023226764053106308,0.023328135907649993
4599,0.023079464212059975,0.02333047391846776
4600,0.022902915254235268,0.023329181894659996
4601,0.02336922287940979,0.023330830335617066
4602,0.02321331761777401,0.023333469051867724
4603,0.023104045540094376,0.023335261438041925
4604,0.023023400455713272,0.02333327891305089
4605,0.023135289549827576,0.02333507066592574
4606,0.023009851574897766,0.023329259026795626
4607,0.023032046854496002,0.023327023833990098
4608,0.02286936528980732,0.023315066695213316
4609,0.02318868786096573,0.023305901736021043
4610,0.023100662976503372,0.023303883522748946
4611,0.022939763963222504,0.023301113620400427
4612,0.02280030958354473,0.023294878769665957
4613,0.02315288409590721,0.02329472117125988
4614,0.022970691323280334,0.023290299363434314
4615,0.02295539528131485,0.02328545043244958
4616,0.0228045005351305,0.023282337374985217
4617,0.023233914747834206,0.023280350975692272
4618,0.023087186738848686,0.023279335778206588
4619,0.022913847118616104,0.02327802250161767
4620,0.022871913388371468,0.02327552277594805
4621,0.02292780391871929,0.023275362346321344
4622,0.02278123050928116,0.023270146250724794
4623,0.023089691996574402,0.023270696587860584
4624,0.02290487103164196,0.023261553328484296
4625,0.022975824773311615,0.023254357371479274
4626,0.022873524576425552,0.023250825107097625
4627,0.022864926606416702,0.023247858472168446
4628,0.022838957607746124,0.023244427777826787
4629,0.022584661841392517,0.023240015543997287
4630,0.0225895456969738,0.023231633827090262
4631,0.022620297968387604,0.023226417191326617
4632,0.0223013237118721,0.02321372538805008
4633,0.024006877094507217,0.023219959624111653
4634,0.023807605728507042,0.02322630075737834
4635,0.0228191576898098,0.023223094549030064
4636,0.023003404960036278,0.023223255351185797
4637,0.02306424453854561,0.023224660269916056
4638,0.022680312395095825,0.023218746054917572
4639,0.023212771862745285,0.023219105061143636
4640,0.0228346548974514,0.023214474711567165
4641,0.02305859699845314,0.023213035259395838
4642,0.02294222079217434,0.023210478238761423
4643,0.02297544851899147,0.02320974785834551
4644,0.02274221181869507,0.023206251207739115
4645,0.023152431473135948,0.023209508042782545
4646,0.02266494557261467,0.023204221073538065
4647,0.02374393120408058,0.023210769686847925
4648,0.023807764053344727,0.02321375846862793
4649,0.022922175005078316,0.02320912877097726
4650,0.023449137806892395,0.023212368916720152
4651,0.023151693865656853,0.02321209378540516
4652,0.023470215499401093,0.023218914307653903
4653,0.02339460328221321,0.023221721053123475
4654,0.02315405011177063,0.023226061593741177
4655,0.0234204288572073,0.02322492640465498
4656,0.02301068603992462,0.023222952242940666
4657,0.02318532019853592,0.02321976622566581
4658,0.023058388382196426,0.023215141631662845
4659,0.023238655179739,0.023215765412896872
4660,0.02317255735397339,0.023215431068092585
4661,0.023294204846024513,0.023214459158480166
4662,0.023035524412989616,0.0232159143127501
4663,0.023094799369573593,0.023207334261387588
4664,0.023105718195438385,0.023200266268104314
4665,0.02263491600751877,0.023181381281465293
4666,0.02341528609395027,0.023169679306447505
4667,0.022972028702497482,0.023161031864583494
4668,0.023531939834356308,0.023159181773662565
4669,0.02343033254146576,0.023157772570848466
4670,0.02296595834195614,0.02315355459228158
4671,0.02293255925178528,0.023149224128574133
4672,0.02332814410328865,0.02315216151997447
4673,0.02281089685857296,0.023143270313739778
4674,0.023988904431462288,0.023147868867963554
4675,0.02388044074177742,0.023148695770651102
4676,0.022696223109960556,0.023140529058873652
4677,0.0226997509598732,0.023127198312431575
4678,0.022792167961597443,0.023118875827640294
4679,0.02254728227853775,0.023109835907816886
4680,0.022977661341428757,0.02310739355161786
4681,0.022604897618293762,0.023097668644040822
4682,0.02367638610303402,0.02310268407687545
4683,0.02372179552912712,0.023101786524057387
4684,0.023557955399155617,0.02309941243380308
4685,0.02313937246799469,0.023099415861070158
4686,0.023508653044700623,0.02310470513999462
4687,0.023352716118097305,0.023103017397224902
4688,0.023207049816846848,0.023101220652461053
4689,0.02310318872332573,0.023099937215447425
4690,0.023467788472771645,0.023102496042847632
4691,0.023080740123987198,0.023101949598640203
4692,0.02354656159877777,0.023108415957540273
4693,0.02332715503871441,0.02310756955295801
4694,0.023062292486429214,0.02310626057907939
4695,0.02291974425315857,0.02310330534353852
4696,0.023091576993465424,0.02310415068641305
4697,0.02285982482135296,0.023098450303077698
4698,0.02304954081773758,0.02309667807072401
4699,0.02286381646990776,0.023094521593302487
4700,0.023237906396389008,0.023097871504724025
4701,0.023128144443035126,0.02309546072036028
4702,0.02291204035282135,0.023092447947710752
4703,0.02286866307258606,0.02309009412303567
4704,0.02289414033293724,0.02308880152180791
4705,0.02273571491241455,0.02308480577543378
4706,0.022935722023248672,0.023084064479917288
4707,0.02268439345061779,0.023080587945878507
4708,0.023046616464853287,0.023082360457628966
4709,0.022867854684591293,0.02307915212586522
4710,0.023033345118165016,0.023078478947281836
4711,0.022909846156835556,0.023078179769217968
4712,0.02274290844798088,0.02307760575786233
4713,0.022716466337442398,0.02307324158027768
4714,0.02290908247232437,0.023072625491768122
4715,0.022794224321842194,0.023071013782173397
4716,0.022828781977295876,0.02307125659659505
4717,0.02261047437787056,0.023065022192895412
4718,0.023034850135445595,0.02306449882686138
4719,0.02306998148560524,0.023066060170531272
4720,0.02250351943075657,0.023062376230955126
4721,0.023607708513736725,0.023069175276905298
4722,0.022662203758955002,0.023067985009402037
4723,0.02417021244764328,0.023078790213912726
4724,0.024788757786154747,0.023097629081457852
4725,0.023357488214969635,0.023101445715874434
4726,0.02346348762512207,0.0231073453463614
4727,0.024191617965698242,0.023120612259954213
4728,0.023407120257616043,0.023126293886452914
4729,0.023144353181123734,0.023131890799850226
4730,0.02342098020017147,0.0231402051448822
4731,0.022876126691699028,0.023142763432115316
4732,0.023223016411066055,0.023151980359107257
4733,0.023324424400925636,0.02314515583217144
4734,0.02306843176484108,0.02313776409253478
4735,0.022928573191165924,0.02313885824754834
4736,0.022784922271966934,0.02313667342066765
4737,0.022915158420801163,0.023135182559490205
4738,0.022912651300430298,0.02313750594854355
4739,0.022583451122045517,0.02313121274113655
4740,0.02299082837998867,0.023132774475961924
4741,0.02284856140613556,0.023130674120038747
4742,0.02267959527671337,0.02312804786488414
4743,0.022868920117616653,0.02312698258087039
4744,0.02263817749917507,0.02312594223767519
4745,0.02296990156173706,0.0231241169385612
4746,0.022756950929760933,0.023125036992132662
4747,0.022717196494340897,0.02311476964503527
4748,0.023052476346492767,0.023107216767966746
4749,0.022501632571220398,0.023103011343628167
4750,0.023275645449757576,0.02310127642005682
4751,0.023414647206664085,0.023103905953466893
4752,0.02288646250963211,0.023098068423569203
4753,0.02299153432250023,0.023094037733972072
4754,0.022878795862197876,0.023091285191476345
4755,0.02253175899386406,0.023082398492842913
4756,0.022742632776498795,0.023079717960208655
4757,0.02267376333475113,0.023074602391570807
4758,0.02262178249657154,0.023070236332714558
4759,0.0225653238594532,0.0230635030195117
4760,0.02245340123772621,0.02305631145834923
4761,0.022461947053670883,0.023047988880425693
4762,0.02260662615299225,0.023043699897825717
4763,0.02247561886906624,0.023037508092820645
4764,0.02235465496778488,0.02302999746054411
4765,0.022647695615887642,0.023030125256627797
4766,0.022419176995754242,0.023020164165645837
4767,0.022731520235538483,0.02301775908097625
4768,0.02300255000591278,0.023012465182691812
4769,0.02255522832274437,0.0230037141405046
4770,0.02299506962299347,0.02300400525331497
4771,0.022920779883861542,0.023003887459635733
4772,0.023087535053491592,0.023001481369137763
4773,0.023109685629606247,0.023004469256848098
4774,0.023195132613182068,0.022996531538665294
4775,0.02285597287118435,0.022986286859959362
4776,0.022783521562814713,0.022987159844487907
4777,0.022741589695215225,0.022987578231841325
4778,0.022965433076024055,0.022989310882985593
4779,0.02265186980366707,0.022990356758236886
4780,0.023206252604722977,0.022992642670869826
4781,0.02301206812262535,0.022996714375913142
4782,0.023170359432697296,0.022991654109209777
4783,0.02320777252316475,0.022986513879150152
4784,0.02286842279136181,0.022979618553072213
4785,0.022957686334848404,0.02297780169174075
4786,0.022587498649954796,0.022968590147793292
4787,0.02257687598466873,0.022960831746459007
4788,0.022773291915655136,0.022956494167447092
4789,0.022377490997314453,0.022949237190186978
4790,0.022867895662784576,0.022943238262087107
4791,0.022759221494197845,0.022940023075789212
4792,0.02262146584689617,0.022930772118270396
4793,0.022711381316184998,0.022924614381045105
4794,0.022471662610769272,0.022918708082288505
4795,0.022366955876350403,0.02291318019852042
4796,0.022465119138360023,0.022906915619969367
4797,0.022631604224443436,0.022904633414000272
4798,0.022380642592906952,0.022897944431751967
4799,0.022846106439828873,0.02289776733145118
4800,0.02275000885128975,0.022892888356000184
4801,0.022586684674024582,0.02288747375831008
4802,0.022645052522420883,0.022884803880006074
4803,0.02231708914041519,0.022879288140684365
4804,0.022902775555849075,0.022879374492913485
4805,0.02263031154870987,0.022878320459276437
4806,0.022736452519893646,0.022876327764242886
4807,0.022998247295618057,0.02287946630269289
4808,0.022504635155200958,0.022874046489596365
4809,0.02287198230624199,0.022874087765812873
4810,0.023005329072475433,0.022873807605355977
4811,0.022620946168899536,0.022870918605476617
4812,0.022682707756757736,0.022870316598564387
4813,0.02266169711947441,0.022869768906384706
4814,0.022497396916151047,0.022865652050822975
4815,0.022744566202163696,0.022865155469626187
4816,0.02258753404021263,0.022862742990255355
4817,0.022438164800405502,0.022861019894480705
4818,0.022448236122727394,0.022855153754353524
4819,0.022647887468338013,0.022850932814180852
4820,0.022915106266736984,0.022855048682540655
4821,0.02248058095574379,0.022843777406960725
4822,0.022846251726150513,0.022845617886632683
4823,0.023166513070464134,0.02283558089286089
4824,0.022762356325984,0.022815316878259183
4825,0.02271251380443573,0.022808867134153844
4826,0.022714579477906227,0.022801378052681686
4827,0.022402144968509674,0.0227834833227098
4828,0.022616814821958542,0.022775580268353225
4829,0.02264651656150818,0.02277060190215707
4830,0.022294314578175545,0.02275933524593711
4831,0.022620609030127525,0.022756780069321393
4832,0.022389791905879974,0.022748447824269533
4833,0.022776402533054352,0.02274296760559082
4834,0.022864479571580887,0.02274092808365822
4835,0.022599216550588608,0.022737634517252445
4836,0.02261669933795929,0.022735952287912368
4837,0.02253744937479496,0.02273217519745231
4838,0.022411158308386803,0.02272716026753187
4839,0.022569991648197174,0.02272702567279339
4840,0.022360820323228836,0.02272072559222579
4841,0.022520214319229126,0.022717442121356724
4842,0.022530175745487213,0.022715947926044464
4843,0.02233584225177765,0.022710617147386074
4844,0.02255738154053688,0.022709809187799693
4845,0.02230244129896164,0.02270313458517194
4846,0.022855769842863083,0.02270412277430296
4847,0.023075619712471962,0.02270770700648427
4848,0.02270698733627796,0.02270425211638212
4849,0.02249402180314064,0.022704176008701324
4850,0.022899026051163673,0.022700409814715387
4851,0.022587530314922333,0.022692138645797968
4852,0.022666892036795616,0.022689942941069602
4853,0.022629132494330406,0.022686318922787906
4854,0.02286771684885025,0.02268620813265443
4855,0.022598961368203163,0.022686880156397818
4856,0.023141220211982727,0.022690866030752658
4857,0.022720128297805786,0.022691329680383204
4858,0.022560181096196175,0.022690713666379453
4859,0.02266024239361286,0.02269166285172105
4860,0.022457284852862358,0.02269170168787241
4861,0.022450115531682968,0.02269158337265253
4862,0.022587142884731293,0.022691388539969923
4863,0.02225675992667675,0.022689199950546027
4864,0.022793684154748917,0.022693590242415667
4865,0.022597432136535645,0.022693087607622148
4866,0.022623306140303612,0.02269512889906764
4867,0.02274206466972828,0.02269523434340954
4868,0.022565383464097977,0.02269086267799139
4869,0.022369027137756348,0.02268900066614151
4870,0.02233736962080002,0.022682423666119576
4871,0.022277800366282463,0.022675993870943784
4872,0.022546321153640747,0.022670581731945277
4873,0.022431358695030212,0.022663798462599517
4874,0.02249288186430931,0.02265677595511079
4875,0.02230170927941799,0.022651233319193123
4876,0.02253795973956585,0.022648777700960635
4877,0.022414997220039368,0.02264551177620888
4878,0.02232321724295616,0.022639089617878198
4879,0.022323856130242348,0.02263580948114395
4880,0.022495590150356293,0.022628702856600284
4881,0.022336279973387718,0.02262194497510791
4882,0.02239285409450531,0.022614169921725987
4883,0.02251395955681801,0.02260723179206252
4884,0.022158650681376457,0.022600134070962667
4885,0.02280018851161003,0.022598559092730282
4886,0.022502675652503967,0.022597710862755777
4887,0.022572562098503113,0.02259766772389412
4888,0.02294970490038395,0.022599431853741407
4889,0.022303592413663864,0.0225986928679049
4890,0.022823620587587357,0.02259825011715293
4891,0.022701198235154152,0.022597669884562493
4892,0.022256530821323395,0.022594020534306765
4893,0.02262561023235321,0.022593162823468446
4894,0.02216261997818947,0.022590072397142648
4895,0.023040851578116417,0.02259681135416031
4896,0.023346690461039543,0.022605627067387103
4897,0.02254554256796837,0.022604766450822354
4898,0.02263374626636505,0.022607297487556934
4899,0.022639673203229904,0.022605233155190946
4900,0.022376764565706253,0.02260150071233511
4901,0.022585416212677956,0.022601488027721644
4902,0.02228701300919056,0.02259790763258934
4903,0.022388888522982597,0.022598625626415014
4904,0.022488601505756378,0.022594483885914087
4905,0.022084049880504608,0.022589021269232033
4906,0.022744150832295418,0.02258909825235605
4907,0.022632842883467674,0.022585444208234547
4908,0.022266190499067307,0.022583059761673213
4909,0.02237924002110958,0.022578132338821888
4910,0.02228051982820034,0.02257088424637914
4911,0.022581711411476135,0.022570491898804904
4912,0.02236732840538025,0.02256733810529113
4913,0.022487975656986237,0.022565600890666247
4914,0.02280823513865471,0.022568709272891282
4915,0.022363435477018356,0.02256489796563983
4916,0.0221759844571352,0.022560782469809054
4917,0.022193387150764465,0.022558334693312646
4918,0.022354505956172943,0.0225573973916471
4919,0.02221323922276497,0.02255305090919137
4920,0.022416450083255768,0.022548064347356556
4921,0.022271906957030296,0.022545977607369424
4922,0.022379504516720772,0.022541310135275126
4923,0.022330448031425476,0.02253294948488474
4924,0.022170335054397583,0.022527029272168875
4925,0.022326016798615456,0.02252316430211067
4926,0.022269930690526962,0.02251871781423688
4927,0.0221514031291008,0.02251621039584279
4928,0.022502616047859192,0.022515068408101798
4929,0.021992670372128487,0.022508529946208
4930,0.022855572402477264,0.022514142524451018
4931,0.022775985300540924,0.022515696287155152
4932,0.02295174077153206,0.022521315775811672
4933,0.02262696996331215,0.02251982145011425
4934,0.023457739502191544,0.022525754049420355
4935,0.02327321469783783,0.022532494030892847
4936,0.02282533049583435,0.022534580342471598
4937,0.022823482751846313,0.022537440676242113
4938,0.022504739463329315,0.02253837648779154
4939,0.0227334126830101,0.022540010698139667
4940,0.022291433066129684,0.022539316825568676
4941,0.023891184478998184,0.022553026527166366
4942,0.023685351014137268,0.02256457827985287
4943,0.022480323910713196,0.022566023096442223
4944,0.02246425673365593,0.022565091848373412
4945,0.02226727083325386,0.022564740143716334
4946,0.022567084059119225,0.022561853285878897
4947,0.022038165479898453,0.022551478743553163
4948,0.02351725473999977,0.02255958141759038
4949,0.02361532673239708,0.022570794466882944
4950,0.022640790790319443,0.0225682121142745
4951,0.022330699488520622,0.022565643806010484
4952,0.02272738516330719,0.0225662487372756
4953,0.022658023983240128,0.0225665376521647
4954,0.022754326462745667,0.022565403748303653
4955,0.02248644456267357,0.022564278580248356
4956,0.022613761946558952,0.02255900399759412
4957,0.022562742233276367,0.022557430136948824
4958,0.022233329713344574,0.02255416162312031
4959,0.02272077649831772,0.022554766964167357
4960,0.022255193442106247,0.022552746050059795
4961,0.023564152419567108,0.022563886418938636
4962,0.023318331688642502,0.02257119830697775
4963,0.02255926840007305,0.022574223391711713
4964,0.022562725469470024,0.02257191380485892
4965,0.022475164383649826,0.022570691127330064
4966,0.022286735475063324,0.022567325420677662
4967,0.022895727306604385,0.022568862047046424
4968,0.02260410413146019,0.022569249253720045
4969,0.02283063903450966,0.022573865372687577
4970,0.02270795777440071,0.022577571254223584
4971,0.022626813501119614,0.022581061385571956
4972,0.0223737433552742,0.02257933560758829
4973,0.022665131837129593,0.022581673339009286
4974,0.022542737424373627,0.02258217189460993
4975,0.022461790591478348,0.022583772707730532
4976,0.022358668968081474,0.022581979800015688
4977,0.0227709598839283,0.022585539426654578
4978,0.022712744772434235,0.022589434701949358
4979,0.022286446765065193,0.022589060608297587
4980,0.0222918838262558,0.02258702354505658
4981,0.022243106737732887,0.022586091812700035
4982,0.02197941765189171,0.022581957448273897
4983,0.02289869636297226,0.02258580481633544
4984,0.022741885855793953,0.022591637168079614
4985,0.022436080500483513,0.02258799608796835
4986,0.022446362301707268,0.022587432954460383
4987,0.02218744158744812,0.022583581749349834
4988,0.0222034715116024,0.022576119415462018
4989,0.022343698889017105,0.02257652048021555
4990,0.02216845005750656,0.022569968774914743
4991,0.022296791896224022,0.02256592471152544
4992,0.02217324823141098,0.022565091885626318
4993,0.022071553394198418,0.02255955131724477
4994,0.022183246910572052,0.022559757586568596
4995,0.022042525932192802,0.022549774330109358
4996,0.022034287452697754,0.02253665030002594
4997,0.02220039814710617,0.022533198855817317
4998,0.02178514376282692,0.022524712830781935
4999,0.023295925930142403,0.02253127535805106
5000,0.023079242557287216,0.02253830013796687
5001,0.022790946066379547,0.022540355436503887
5002,0.02268945425748825,0.022544379848986863
5003,0.022308312356472015,0.022543574087321758
5004,0.022108180448412895,0.022539769876748324
5005,0.022940345108509064,0.022548332829028368
5006,0.022773124277591705,0.022548622563481332
5007,0.022570017725229263,0.022547994311898946
5008,0.022530093789100647,0.02255063334479928
5009,0.022371985018253326,0.02255056079477072
5010,0.022243890911340714,0.022550194505602122
5011,0.02246198058128357,0.022548997197300195
5012,0.022153055295348167,0.022546854466199875
5013,0.022964339703321457,0.022551618106663226
5014,0.022753532975912094,0.0225510710850358
5015,0.022230230271816254,0.02254973903298378
5016,0.022125961259007454,0.022549238801002503
5017,0.022323260083794594,0.022550537530332804
5018,0.022127971053123474,0.022548272181302308
5019,0.02244076505303383,0.022550547439605
5020,0.022167092189192772,0.022548053860664368
5021,0.02279018610715866,0.022553236652165652
5022,0.022771956399083138,0.022557161170989274
5023,0.022152531892061234,0.022555382009595632
5024,0.022165553644299507,0.02255533419549465
5025,0.022099163383245468,0.02255306566134095
5026,0.022267047315835953,0.02255303682759404
5027,0.022016121074557304,0.022551684007048607
5028,0.022514527663588524,0.0225518031232059
5029,0.02207191474735737,0.02255259556695819
5030,0.022911975160241127,0.022553159594535827
5031,0.023008501157164574,0.022555484753102064
5032,0.022088410332798958,0.022546851448714732
5033,0.02234436199069023,0.022544025368988516
5034,0.02220761589705944,0.022531524132937193
5035,0.022061731666326523,0.02251940930262208
5036,0.022256100550293922,0.022513717003166674
5037,0.022089160978794098,0.022506373785436153
5038,0.022153709083795547,0.022502863481640815
5039,0.022092804312705994,0.022496457397937774
5040,0.022094499319791794,0.022494488060474396
5041,0.021803323179483414,0.022473609447479247
5042,0.022765886038541794,0.022464414797723292
5043,0.022657476365566254,0.022466186322271823
5044,0.022352876141667366,0.02246507251635194
5045,0.022369766607880592,0.022466097474098206
5046,0.022674910724163055,0.022467175740748645
5047,0.022423600777983665,0.022471030093729496
5048,0.02243107184767723,0.02246016826480627
5049,0.0222819522023201,0.0224468345195055
5050,0.022259175777435303,0.02244301836937666
5051,0.022232457995414734,0.0224420359544456
5052,0.022317277267575264,0.022437934875488282
5053,0.022085338830947876,0.02243220802396536
5054,0.02248542383313179,0.02242951899766922
5055,0.022308411076664925,0.022427738662809133
5056,0.02230951562523842,0.022424696199595927
5057,0.022276490926742554,0.02242183368653059
5058,0.022227194160223007,0.022421772330999373
5059,0.022115282714366913,0.022415717393159867
5060,0.022272776812314987,0.022415893226861952
5061,0.022225281223654747,0.02240250451490283
5062,0.022177910432219505,0.0223911003023386
5063,0.021967565640807152,0.02238518327474594
5064,0.022521276026964188,0.022384768780320884
5065,0.02229299582540989,0.022382947094738485
5066,0.022268325090408325,0.022382762990891935
5067,0.022205792367458344,0.022375863641500474
5068,0.022057879716157913,0.02237040139734745
5069,0.02203076332807541,0.022362402640283108
5070,0.022261034697294235,0.022357933409512042
5071,0.02225003018975258,0.022354165576398372
5072,0.022016558796167374,0.022350593730807305
5073,0.02200612798333168,0.022344003692269326
5074,0.022292789071798325,0.022341504208743573
5075,0.02236071601510048,0.022340493462979793
5076,0.021930940449237823,0.022336216177791357
5077,0.022216763347387314,0.022330674212425947
5078,0.021869953721761703,0.022322246301919223
5079,0.022390251979231834,0.022323284354060887
5080,0.022179948166012764,0.022322164997458458
5081,0.022014828398823738,0.022319882214069366
5082,0.021971698850393295,0.022319805026054382
5083,0.022044513374567032,0.02231126319617033
5084,0.02207760699093342,0.022304620407521725
5085,0.02185608074069023,0.022298820409923793
5086,0.022101666778326035,0.02229537345468998
5087,0.0217444971203804,0.0222909440100193
5088,0.02232702076435089,0.022292179502546788
5089,0.022025004029273987,0.022288992553949356
5090,0.022446155548095703,0.022291769608855247
5091,0.022415686398744583,0.022292958553880454
5092,0.022195320576429367,0.022293179277330637
5093,0.022416995838284492,0.0222966337017715
5094,0.022023893892765045,0.02229504017159343
5095,0.022140245884656906,0.022296017371118068
5096,0.021993231028318405,0.022295606806874275
5097,0.021971240639686584,0.02229331523180008
5098,0.021877974271774292,0.022294243536889552
5099,0.02215641550719738,0.022282848432660103
5100,0.02177778072655201,0.02226983381435275
5101,0.02305089682340622,0.022272433321923017
5102,0.023543458431959152,0.022280973363667727
5103,0.022534243762493134,0.022283232677727936
5104,0.022860996425151825,0.022290760837495326
5105,0.02319229021668434,0.02229328028857708
5106,0.022916043177247047,0.022294709477573633
5107,0.022781778126955032,0.022296827081590892
5108,0.02273619920015335,0.022298888135701418
5109,0.022625677287578583,0.02230142505839467
5110,0.02286529168486595,0.02230763906612992
5111,0.02235960215330124,0.0223066152818501
5112,0.023222947493195534,0.022317314203828573
5113,0.023223072290420532,0.022319901529699565
5114,0.022697433829307556,0.02231934053823352
5115,0.022275306284427643,0.022319791298359634
5116,0.022834941744804382,0.0223268811032176
5117,0.022386636584997177,0.022327514868229627
5118,0.02279704436659813,0.022334205601364374
5119,0.02263718843460083,0.022336169835180043
5120,0.02304019406437874,0.022344900853931905
5121,0.022933529689908028,0.022346334289759396
5122,0.02237531915307045,0.02234236791729927
5123,0.0223134383559227,0.022343976981937887
5124,0.0224709864705801,0.02234703131020069
5125,0.022321196272969246,0.022349251639097928
5126,0.022630106657743454,0.022352882232517003
5127,0.022292286157608032,0.02235564388334751
5128,0.022811144590377808,0.022358610052615403
5129,0.02281598560512066,0.022366050761193038
5130,0.02220769226551056,0.022359007932245732
5131,0.022099174559116364,0.02234991466626525
5132,0.022192489355802536,0.022350955456495285
5133,0.02199135534465313,0.022347425390034915
5134,0.022506795823574066,0.02235041718930006
5135,0.0221952386200428,0.02235175225883722
5136,0.02237887494266033,0.022352980002760887
5137,0.022283675149083138,0.02235492514446378
5138,0.022359266877174377,0.022356980722397567
5139,0.022062232717871666,0.022356675006449223
5140,0.02247242070734501,0.022360454220324753
5141,0.022357186302542686,0.02236599285155535
5142,0.022104360163211823,0.022359377592802047
5143,0.021940361708402634,0.022352206446230413
5144,0.022345125675201416,0.02235212894156575
5145,0.022087249904870987,0.022349303774535655
5146,0.022209467366337776,0.022344649340957402
5147,0.0220186747610569,0.022340600080788135
5148,0.022186487913131714,0.02233815424144268
5149,0.02207031473517418,0.02233603786677122
5150,0.02214612066745758,0.022334907315671445
5151,0.02204972505569458,0.02233307998627424
5152,0.022015048190951347,0.022330057695508002
5153,0.021830320358276367,0.02232750751078129
5154,0.022416207939386368,0.022326815351843835
5155,0.02243036963045597,0.022328034937381745
5156,0.02187170833349228,0.022323656864464282
5157,0.022168345749378204,0.02232257541269064
5158,0.021793182939291,0.02231823530048132
5159,0.0225115567445755,0.022322198040783406
5160,0.022139526903629303,0.022320865541696547
5161,0.022420503199100494,0.022322817761451005
5162,0.022502351552248,0.02232606217265129
5163,0.021697809919714928,0.022323364615440367
5164,0.02192866802215576,0.022317438535392285
5165,0.021760230883955956,0.022312110885977746
5166,0.021754667162895203,0.022306974306702615
5167,0.02173871174454689,0.0223023035004735
5168,0.021738659590482712,0.02229911129921675
5169,0.021655172109603882,0.02229535538703203
5170,0.021579675376415253,0.022288541793823242
5171,0.021835248917341232,0.02228439398109913
5172,0.02163618803024292,0.022280590273439885
5173,0.02180154249072075,0.022278544418513777
5174,0.021636219695210457,0.022271978724747895
5175,0.021877368912100792,0.0222671452537179
5176,0.02166161686182022,0.022264452017843724
5177,0.022126898169517517,0.022263553366065024
5178,0.021900493651628494,0.022263858765363694
5179,0.022214455530047417,0.022262100800871848
5180,0.02224119007587433,0.022262713219970465
5181,0.021856026723980904,0.022261125203222036
5182,0.02185252495110035,0.022259933464229106
5183,0.02182953990995884,0.022257783729583026
5184,0.022016024217009544,0.022257167901843785
5185,0.021867090836167336,0.02225727800279856
5186,0.022188954055309296,0.02225815087556839
5187,0.02208849787712097,0.022261590883135795
5188,0.02204989269375801,0.022258819602429866
5189,0.02205909788608551,0.022259160540997983
5190,0.02204618975520134,0.022255160883069038
5191,0.02189687266945839,0.022249972745776177
5192,0.022468620911240578,0.022252705749124288
5193,0.022398389875888824,0.02225251968950033
5194,0.022069519385695457,0.022252975944429636
5195,0.022432178258895874,0.022255895268172024
5196,0.021812820807099342,0.022254091165959836
5197,0.02301545813679695,0.02226453334093094
5198,0.023219220340251923,0.022277945801615715
5199,0.022310642525553703,0.02227948807179928
5200,0.022162944078445435,0.022283339705318213
5201,0.022498764097690582,0.022277818378061056
5202,0.021883076056838036,0.022261214554309846
5203,0.022817468270659447,0.022264046799391507
5204,0.022475894540548325,0.022260195780545472
5205,0.02303273230791092,0.02225860020145774
5206,0.022762933745980263,0.02225706910714507
5207,0.022335046902298927,0.02225260179489851
5208,0.022299081087112427,0.0222482306137681
5209,0.022282397374510765,0.022244797814637424
5210,0.02191653847694397,0.022235310282558204
5211,0.022338390350341797,0.022235098164528608
5212,0.022358981892466545,0.02222645850852132
5213,0.022410351783037186,0.022218331303447483
5214,0.021943911910057068,0.02221079608425498
5215,0.022703327238559723,0.0222150762937963
5216,0.022646091878414154,0.0222131877951324
5217,0.021942343562841415,0.02220874486491084
5218,0.02178695984184742,0.022198644019663333
5219,0.022313669323921204,0.02219540882855654
5220,0.022032737731933594,0.022185334265232087
5221,0.022319599986076355,0.02217919496819377
5222,0.022117694839835167,0.022176618725061416
5223,0.02237442135810852,0.022177228555083275
5224,0.02219749242067337,0.022174493614584206
5225,0.022016946226358414,0.0221714511141181
5226,0.021838907152414322,0.02216353911906481
5227,0.022115545347332954,0.022161771710962057
5228,0.021869640797376633,0.022152356673032045
5229,0.022376950830221176,0.022147966325283052
5230,0.022212009876966476,0.02214800950139761
5231,0.022116269916296005,0.022148180454969406
5232,0.022050686180591583,0.022146762423217295
5233,0.02184641733765602,0.022145313043147326
5234,0.021702880039811134,0.022137273885309696
5235,0.022139903157949448,0.022136720530688762
5236,0.021922752261161804,0.02213215930387378
5237,0.022095460444688797,0.022130277156829834
5238,0.022099416702985764,0.022127678655087947
5239,0.021970240399241447,0.022126758731901647
5240,0.021852612495422363,0.02212056064978242
5241,0.022058753296732903,0.02211757631972432
5242,0.021986082196235657,0.022116393540054558
5243,0.02195657044649124,0.022116555627435447
5244,0.02186383306980133,0.022111742701381446
5245,0.02179134078323841,0.02210878361016512
5246,0.02175559103488922,0.022104244846850633
5247,0.021860551089048386,0.02210266361013055
5248,0.021526452153921127,0.022096063252538444
5249,0.022436022758483887,0.02209972033277154
5250,0.022197561338543892,0.022100234739482402
5251,0.021839873865246773,0.022098136227577926
5252,0.022000277414917946,0.02209798851981759
5253,0.021575704216957092,0.022095442358404396
5254,0.021720927208662033,0.022088489551097153
5255,0.02172458916902542,0.02208143174648285
5256,0.021557152271270752,0.022078286185860635
5257,0.021689463406801224,0.022073497362434864
5258,0.021670714020729065,0.022072272673249245
5259,0.021643776446580887,0.0220635948702693
5260,0.02159268595278263,0.022058126460760833
5261,0.021734368056058884,0.022051265109330417
5262,0.02143026888370514,0.022040544282644986
5263,0.02252325974404812,0.02204879878088832
5264,0.022584032267332077,0.022055352423340082
5265,0.02177249826490879,0.02205547509714961
5266,0.022032957524061203,0.02205825800076127
5267,0.02182716131210327,0.022059142496436833
5268,0.02210589125752449,0.02206281481310725
5269,0.02196621522307396,0.022065925244241953
5270,0.02191677689552307,0.022069296259433033
5271,0.021854780614376068,0.02206949157640338
5272,0.021846193820238113,0.02207159163430333
5273,0.021622590720653534,0.022069802116602658
5274,0.022127317264676094,0.022074713092297315
5275,0.022060837596654892,0.022076547779142856
5276,0.02181892842054367,0.022078120894730092
5277,0.021999014541506767,0.022076842058449984
5278,0.02152443304657936,0.02207308145239949
5279,0.02242077887058258,0.022075144685804845
5280,0.022458240389823914,0.02207731518894434
5281,0.022445566952228546,0.022083210591226816
5282,0.02249228209257126,0.022089608162641525
5283,0.02223556488752365,0.022093668412417174
5284,0.022267095744609833,0.022096179127693176
5285,0.02212722972035408,0.022098780516535042
5286,0.022205794230103493,0.022098948918282985
5287,0.021856948733329773,0.022096633426845074
5288,0.022199507802724838,0.022098129577934743
5289,0.02214086428284645,0.022098947241902353
5290,0.021991631016135216,0.02209840165451169
5291,0.02197178825736046,0.02209915081039071
5292,0.02212168276309967,0.022095681428909303
5293,0.021775538101792336,0.022089452911168338
5294,0.022129125893115997,0.022090048976242543
5295,0.022001119330525398,0.022085738386958837
5296,0.02222786843776703,0.022089888863265513
5297,0.022242678329348564,0.02208216106519103
5298,0.02204662188887596,0.02207043508067727
5299,0.022171135991811752,0.022069040015339852
5300,0.02209458127617836,0.02206835638731718
5301,0.02172257751226425,0.022060594521462917
5302,0.02188950777053833,0.02206065883859992
5303,0.021755952388048172,0.02205004367977381
5304,0.021808013319969177,0.022043364867568017
5305,0.021882733330130577,0.022031864877790214
5306,0.02153724431991577,0.022019607983529567
5307,0.02199888974428177,0.022016246411949394
5308,0.021626081317663193,0.022009516414254904
5309,0.022595329210162163,0.022012645732611417
5310,0.023065611720085144,0.02202413646504283
5311,0.022469505667686462,0.022025447618216277
5312,0.02188601717352867,0.022020717971026896
5313,0.0226606372743845,0.02202322082594037
5314,0.022565867751836777,0.022029440384358168
5315,0.02208740822970867,0.022023281194269658
5316,0.0221671424806118,0.022018491700291635
5317,0.022101357579231262,0.022020081840455532
5318,0.021822329610586166,0.02202043553814292
5319,0.02200666256248951,0.022017365470528603
5320,0.02181711606681347,0.022015209253877403
5321,0.02218066155910492,0.02201381986960769
5322,0.02257598005235195,0.022018402721732853
5323,0.022048145532608032,0.02201513996347785
5324,0.022143978625535965,0.022014604825526477
5325,0.02204061672091484,0.02201484153047204
5326,0.02183065190911293,0.022014758978039027
5327,0.022270463407039642,0.022016308158636092
5328,0.021884122863411903,0.022016452979296445
5329,0.02221095561981201,0.022014793027192354
5330,0.02286873385310173,0.022021360266953706
5331,0.02221442200243473,0.022022341787815095
5332,0.022010378539562225,0.0220219387114048
5333,0.02227160334587097,0.02202619057148695
5334,0.021864930167794228,0.02202781107276678
5335,0.022178245708346367,0.02202819449827075
5336,0.022317374125123024,0.022032140716910363
5337,0.022479845210909843,0.022035984564572574
5338,0.02181001380085945,0.02203309053555131
5339,0.02324676886200905,0.022045855820178987
5340,0.02357105165719986,0.02206304021179676
5341,0.02220325917005539,0.022064485270529986
5342,0.022997399792075157,0.022074598446488382
5343,0.022753434255719185,0.02208256708458066
5344,0.022650301456451416,0.02209043176844716
5345,0.02244114875793457,0.022096929848194124
5346,0.021868806332349777,0.022098062001168726
5347,0.022274760529398918,0.022102204095572234
5348,0.02225431613624096,0.022109482735395432
5349,0.0219268761575222,0.022104391269385813
5350,0.022090258076786995,0.022103318236768244
5351,0.02208147756755352,0.022105734273791314
5352,0.021737810224294662,0.02210310960188508
5353,0.021628526970744133,0.02210363782942295
5354,0.021939322352409363,0.022105821780860423
5355,0.02167005091905594,0.02210527639836073
5356,0.02204142138361931,0.022110119089484216
5357,0.021966472268104553,0.02211288917809725
5358,0.02210497483611107,0.02211723178625107
5359,0.021825585514307022,0.02211904987692833
5360,0.02202361635863781,0.02212335918098688
5361,0.021844547241926193,0.022124460972845553
5362,0.021747982129454613,0.02212763810530305
5363,0.021650634706020355,0.022118911854922773
5364,0.021722115576267242,0.022110292688012123
5365,0.021654019132256508,0.0221091078966856
5366,0.02181127294898033,0.02210689105093479
5367,0.021550077944993973,0.022104120217263698
5368,0.022010035812854767,0.022103161662817002
5369,0.021786784753203392,0.022101367358118296
5370,0.021809866651892662,0.02210029825568199
5371,0.021634399890899658,0.022098094448447226
5372,0.02184736728668213,0.022098106183111667
5373,0.0217122882604599,0.022099003158509732
5374,0.021960841491818428,0.022097338400781156
5375,0.021994400769472122,0.022096674032509325
5376,0.021603723987936974,0.02209452198818326
5377,0.02186449244618416,0.022093176767230036
5378,0.021568400785326958,0.02209361644461751
5379,0.02173124998807907,0.022086721155792476
5380,0.02169257402420044,0.02207906449213624
5381,0.02156248688697815,0.022070233691483736
5382,0.021959494799375534,0.022064905818551778
5383,0.021366171538829803,0.02205621188506484
5384,0.02246641367673874,0.02205820506438613
5385,0.0229615680873394,0.022066548448055983
5386,0.022549550980329514,0.022069986015558242
5387,0.02214736118912697,0.022072890140116215
5388,0.022236589342355728,0.022073260955512524
5389,0.022084292024374008,0.0220726952329278
5390,0.021785924211144447,0.022070638164877893
5391,0.021832549944519997,0.022069245781749486
5392,0.021590709686279297,0.022063936050981284
5393,0.021908238530158997,0.02206526305526495
5394,0.021727584302425385,0.022061247639358045
5395,0.022094450891017914,0.02206218095496297
5396,0.02243155427277088,0.022064217813313008
5397,0.022349350154399872,0.02206528453156352
5398,0.0221264585852623,0.022066082898527385
5399,0.022415854036808014,0.022068530078977345
5400,0.022212041541934013,0.022069704681634904
5401,0.022094260901212692,0.022073421515524386
5402,0.022239573299884796,0.022076922170817852
5403,0.02222539857029915,0.022081616632640362
5404,0.021823469549417496,0.022081771194934846
5405,0.022170357406139374,0.022084647435694934
5406,0.021993856877088547,0.02208921356126666
5407,0.022109314799308777,0.02209031781181693
5408,0.022128503769636154,0.02209534203633666
5409,0.021956294775009155,0.02208895169198513
5410,0.021781880408525467,0.022076114378869534
5411,0.02177460864186287,0.0220691654086113
5412,0.021703671663999557,0.022067341953516006
5413,0.02165577933192253,0.02205729337409139
5414,0.021478746086359024,0.02204642215743661
5415,0.021888911724090576,0.022044437192380428
5416,0.021838027983903885,0.02204114604741335
5417,0.021675843745470047,0.022036890909075738
5418,0.021694784983992577,0.022035615462809802
5419,0.02168034017086029,0.022032352238893507
5420,0.021601039916276932,0.022030191477388144
5421,0.021819427609443665,0.022026579137891533
5422,0.021950554102659225,0.022020324878394604
5423,0.0215653944760561,0.022015497367829085
5424,0.021634727716445923,0.022010404858738186
5425,0.021526701748371124,0.022005265709012747
5426,0.02147953025996685,0.022001754492521286
5427,0.021596159785985947,0.021995011456310748
5428,0.021482793614268303,0.021990998163819313
5429,0.021636784076690674,0.0219852564483881
5430,0.021395064890384674,0.02197051975876093
5431,0.02145260199904442,0.021962901558727026
5432,0.021434182301163673,0.02195713959634304
5433,0.02169177308678627,0.021951341293752192
5434,0.02177455648779869,0.021950437556952238
5435,0.021414566785097122,0.021942800767719747
5436,0.021347874775528908,0.021933105774223804
5437,0.021574070677161217,0.02192404802888632
5438,0.02144363895058632,0.021920384280383585
5439,0.021657776087522507,0.02190449435263872
5440,0.021430063992738724,0.02188308447599411
5441,0.021740427240729332,0.02187845615670085
5442,0.021715503185987473,0.021865637190639973
5443,0.021410979330539703,0.021852212641388178
5444,0.021540552377700806,0.021841115150600672
5445,0.021550005301833153,0.021832203716039656
5446,0.021447913721203804,0.0218279947899282
5447,0.02133253961801529,0.021818572580814363
5448,0.02165248617529869,0.02181255428120494
5449,0.021342717111110687,0.021806712690740825
5450,0.022108960896730423,0.02180689971894026
5451,0.022062381729483604,0.021806708760559557
5452,0.021854247897863388,0.021807873137295247
5453,0.021790027618408203,0.021809488143771885
5454,0.022165246307849884,0.021811747383326294
5455,0.021809186786413193,0.021813138741999864
5456,0.022115709260106087,0.02181388162076473
5457,0.021969586610794067,0.021813912764191628
5458,0.0215638168156147,0.021808501183986664
5459,0.021839935332536697,0.021808644682168962
5460,0.021394331008195877,0.02180235182866454
5461,0.021790001541376114,0.02180180637165904
5462,0.02157209813594818,0.021800047531723977
5463,0.021967634558677673,0.021803217530250548
5464,0.021892741322517395,0.02180492378771305
5465,0.021782787516713142,0.02180621147155762
5466,0.021842550486326218,0.021806524246931077
5467,0.021555986255407333,0.02180658333003521
5468,0.021357368677854538,0.02180005665868521
5469,0.021942690014839172,0.021801615711301566
5470,0.02166544273495674,0.021800171472132205
5471,0.02198442816734314,0.021803671754896642
5472,0.022247347980737686,0.021807671561837196
5473,0.02148529887199402,0.02180540166795254
5474,0.02212423086166382,0.021807035561650992
5475,0.021885085850954056,0.02180594241246581
5476,0.02221316285431385,0.02181203680112958
5477,0.022182468324899673,0.021815216559916736
5478,0.02194882184267044,0.02181902077049017
5479,0.021787216886878014,0.02181958043947816
5480,0.022014714777469635,0.02182280184701085
5481,0.021524179726839066,0.02182241877540946
5482,0.02264912985265255,0.02182931512594223
5483,0.022169185802340508,0.02183734526857734
5484,0.021849900484085083,0.0218311801366508
5485,0.0217682346701622,0.021819246802479028
5486,0.021822325885295868,0.021811974551528692
5487,0.02154981531202793,0.0218059990927577
5488,0.02199183776974678,0.02180355157703161
5489,0.021833661943674088,0.021801045276224614
5490,0.021633632481098175,0.02179952235892415
5491,0.02155609428882599,0.02179675780236721
5492,0.02184707298874855,0.021799321435391903
5493,0.02155468240380287,0.02179578587412834
5494,0.021900653839111328,0.0217975165694952
5495,0.02172776870429516,0.021793849747627974
5496,0.021662816405296326,0.021786162368953227
5497,0.021535899490118027,0.02177802786231041
5498,0.021757330745458603,0.02177433658391237
5499,0.021594898775219917,0.021766127031296493
5500,0.02165726199746132,0.021760579235851764
5501,0.021623747423291206,0.02175587410107255
5502,0.021501220762729645,0.021748490575701
5503,0.021375790238380432,0.02173999449238181
5504,0.021630991250276566,0.021738069709390403
5505,0.021497970446944237,0.021731345839798452
5506,0.02152593433856964,0.021726666614413262
5507,0.02134677767753601,0.021719041243195535
5508,0.021632079035043716,0.02171407699584961
5509,0.021467678248882294,0.02170919083058834
5510,0.021605705842375755,0.021707429084926844
5511,0.02153388224542141,0.021705021820962428
5512,0.021451590582728386,0.021702501010149717
5513,0.021534327417612076,0.021701286491006614
5514,0.02129935473203659,0.021699492577463387
5515,0.021494202315807343,0.021695545483380554
5516,0.02112746611237526,0.02168843986466527
5517,0.021796390414237976,0.02168964533135295
5518,0.021392744034528732,0.02168662492185831
5519,0.02211065962910652,0.021690928116440772
5520,0.022197790443897247,0.021696895621716977
5521,0.02145553007721901,0.02169325664639473
5522,0.022066563367843628,0.021694416739046575
5523,0.02161271497607231,0.021694889944046735
5524,0.021577224135398865,0.021694314908236267
5525,0.021516285836696625,0.021694210749119522
5526,0.021595288068056107,0.021695368327200412
5527,0.021371962502598763,0.02169312635436654
5528,0.02182576432824135,0.02169655606150627
5529,0.02191392332315445,0.02169932745397091
5530,0.021200992166996002,0.021697386726737024
5531,0.022313078865408897,0.021705991495400666
5532,0.02201106585562229,0.021711760330945254
5533,0.02205001935362816,0.021715342793613673
5534,0.021902162581682205,0.02171661885455251
5535,0.021929651498794556,0.021721769701689483
5536,0.021826043725013733,0.02172655139118433
5537,0.021731888875365257,0.02172812957316637
5538,0.021720046177506447,0.02173089364543557
5539,0.021960541605949402,0.02173392130061984
5540,0.02178030088543892,0.021737423669546844
5541,0.022186221554875374,0.021741881612688304
5542,0.02196890488266945,0.021744415629655123
5543,0.021692954003810883,0.021747235376387834
5544,0.02148180454969406,0.021746647898107766
5545,0.02187582105398178,0.021749906055629254
5546,0.021673589944839478,0.02175216281786561
5547,0.021666832268238068,0.02175550574436784
5548,0.02149554155766964,0.021753936298191546
5549,0.021726101636886597,0.021757770143449307
5550,0.021519992500543594,0.02175188045948744
5551,0.021662507206201553,0.021747881714254617
5552,0.02155907452106476,0.021744929980486633
5553,0.021544989198446274,0.02174247959628701
5554,0.021402183920145035,0.021734848972409963
5555,0.021700337529182434,0.021733760479837657
5556,0.02145279198884964,0.021727131307125093
5557,0.021639522165060043,0.02172383066266775
5558,0.02167535200715065,0.02172494601458311
5559,0.021197203546762466,0.021718518696725368
5560,0.02115684747695923,0.021716143861413004
5561,0.02144128642976284,0.02171265671029687
5562,0.02113804966211319,0.021708316225558518
5563,0.022039782255887985,0.02170903770253062
5564,0.022009240463376045,0.02171020269393921
5565,0.021207528188824654,0.021704450100660324
5566,0.02145562320947647,0.021700580827891825
5567,0.021221211180090904,0.021697233077138663
5568,0.021314378827810287,0.02169680317863822
5569,0.02109876647591591,0.021688363943248988
5570,0.02117997780442238,0.021683509293943644
5571,0.021057482808828354,0.021674239840358496
5572,0.02117033302783966,0.021663469690829516
5573,0.021111635491251945,0.021659733057022096
5574,0.020975323393940926,0.021648243982344866
5575,0.02130279690027237,0.021642421092838048
5576,0.02111721597611904,0.0216314616240561
5577,0.021357422694563866,0.021623211167752742
5578,0.021032826974987984,0.02161405121907592
5579,0.022357452660799026,0.02161975357681513
5580,0.0225633904337883,0.021625240333378315
5581,0.02181587740778923,0.021628157310187815
5582,0.021802153438329697,0.021619687546044587
5583,0.022058170288801193,0.021618577390909194
5584,0.02162272483110428,0.021616305634379388
5585,0.021698087453842163,0.021615604162216185
5586,0.021892502903938293,0.021616305932402612
5587,0.021409474313259125,0.021614902522414922
5588,0.02153065614402294,0.021610290706157685
5589,0.02133864164352417,0.021605340503156184
5590,0.021399205550551414,0.021602996233850716
5591,0.021761083975434303,0.0216050461307168
5592,0.021153900772333145,0.021598114408552648
5593,0.021849162876605988,0.021601059213280677
5594,0.02243993803858757,0.02160645205527544
5595,0.021400321274995804,0.021603177580982447
5596,0.022461403161287308,0.021611163448542355
5597,0.023242168128490448,0.02162822613492608
5598,0.022225048393011093,0.021632903311401604
5599,0.021456846967339516,0.0216315227933228
5600,0.02241639792919159,0.021639114152640103
5601,0.022411979734897614,0.02164699647575617
5602,0.02170969545841217,0.021649081222712994
5603,0.02209404483437538,0.021656263768672943
5604,0.02195357345044613,0.021659489590674638
5605,0.02148612216114998,0.021659371107816697
5606,0.021612592041492462,0.021660237684845925
5607,0.021704401820898056,0.021663813926279543
5608,0.021546101197600365,0.02166295414790511
5609,0.02159746177494526,0.021664251983165742
5610,0.021557092666625977,0.021663765851408244
5611,0.021131664514541626,0.021659743674099445
5612,0.021836042404174805,0.02166358819231391
5613,0.02149508148431778,0.021663195732980967
5614,0.022255713120102882,0.02167275931686163
5615,0.02261080965399742,0.02168392539024353
5616,0.02214142680168152,0.021694064997136595
5617,0.021951783448457718,0.02169561892747879
5618,0.021777309477329254,0.021699464581906795
5619,0.021925488486886024,0.021697612870484592
5620,0.02200464904308319,0.02169568145647645
5621,0.02138298749923706,0.02169495603069663
5622,0.022506743669509888,0.021699357833713292
5623,0.023008126765489578,0.021713311951607465
5624,0.02221843972802162,0.021719724107533693
5625,0.022053241729736328,0.02172509366646409
5626,0.022458594292402267,0.02173372672870755
5627,0.021608658134937286,0.021736093685030936
5628,0.022073974832892418,0.021738575790077447
5629,0.02184714563190937,0.021737908013164997
5630,0.021505437791347504,0.021740952469408513
5631,0.02187015488743782,0.021736523229628803
5632,0.021560151129961014,0.02173201408237219
5633,0.021732456982135773,0.021728838458657265
5634,0.021559089422225952,0.021725407727062704
5635,0.021632086485624313,0.021722432076931
5636,0.02164061926305294,0.02172057783231139
5637,0.02116880565881729,0.021714947000145913
5638,0.021750962361693382,0.021715256161987783
5639,0.02139638364315033,0.02170961458235979
5640,0.021749593317508698,0.02170930750668049
5641,0.021917546167969704,0.02170662075281143
5642,0.021561726927757263,0.02170254897326231
5643,0.021705983206629753,0.0217026792652905
5644,0.021476004272699356,0.021702621262520552
5645,0.02124936506152153,0.02169635670259595
5646,0.021216023713350296,0.021691781040281057
5647,0.02116859145462513,0.021686798632144927
5648,0.021259870380163193,0.021684441920369862
5649,0.02125725895166397,0.021679753493517636
5650,0.021232150495052338,0.021676875073462724
5651,0.021066127344965935,0.02167091127485037
5652,0.021336974576115608,0.021668690275400877
5653,0.02138093300163746,0.02166704971343279
5654,0.02097848430275917,0.02166281271725893
5655,0.021631494164466858,0.021662124283611774
5656,0.021357152611017227,0.021661167889833452
5657,0.022110993042588234,0.021665882598608733
5658,0.022277606651186943,0.021671905145049096
5659,0.021857956424355507,0.021678512673825024
5660,0.021553022786974907,0.021682474426925183
5661,0.021655557677149773,0.02168461713939905
5662,0.02119137905538082,0.02168515043333173
5663,0.022277167066931725,0.021687524281442164
5664,0.02259993739426136,0.02169343125075102
5665,0.021917056292295456,0.021700526531785728
5666,0.021694909781217575,0.02170291939750314
5667,0.02178012579679489,0.021708508543670176
5668,0.021681886166334152,0.021712183617055417
5669,0.021789543330669403,0.021719091385602952
5670,0.0214824378490448,0.021722115986049177
5671,0.021983562037348747,0.02173137677833438
5672,0.02202748879790306,0.021739948336035014
5673,0.02153339982032776,0.021744165979325773
5674,0.021588515490293503,0.021750297900289296
5675,0.02162441797554493,0.021753514111042024
5676,0.021421704441308975,0.021756558995693922
5677,0.021557271480560303,0.021758557483553886
5678,0.02138524129986763,0.021762081626802682
5679,0.02138814702630043,0.021752388570457696
5680,0.021445561200380325,0.02174121027812362
5681,0.02170995995402336,0.02174015110358596
5682,0.02143174037337303,0.02173644697293639
5683,0.021935895085334778,0.02173522422090173
5684,0.021768182516098022,0.021736678797751666
5685,0.021474681794643402,0.021734444741159677
5686,0.02206414006650448,0.02173616111278534
5687,0.02153770811855793,0.021737443450838327
5688,0.02169465646147728,0.021739083454012872
5689,0.021684467792510986,0.021742541715502738
5690,0.021440405398607254,0.0217429537139833
5691,0.021361393854022026,0.021738956812769175
5692,0.02145053632557392,0.02174192316830158
5693,0.021295223385095596,0.021736383773386478
5694,0.021380748599767685,0.021725791878998278
5695,0.021086908876895905,0.02172265775501728
5696,0.021720778197050095,0.02171525150537491
5697,0.021420203149318695,0.02169703185558319
5698,0.02151447720825672,0.021689926143735647
5699,0.02187192440032959,0.021694076918065547
5700,0.021125726401805878,0.02168117020279169
5701,0.021906746551394463,0.02167611787095666
5702,0.02192029356956482,0.021678223852068187
5703,0.021686851978302002,0.021674151923507454
5704,0.02160969190299511,0.02167071310803294
5705,0.02187436819076538,0.021674595568329097
5706,0.0212736576795578,0.02167120622470975
5707,0.022228118032217026,0.02167644338682294
5708,0.022080644965171814,0.021681788824498654
5709,0.021602950990200043,0.021681843716651203
5710,0.021319232881069183,0.021679465118795635
5711,0.02178143337368965,0.021685962807387115
5712,0.021549656987190247,0.021683098953217267
5713,0.021783409640192986,0.02168598223477602
5714,0.021624349057674408,0.021679668594151734
5715,0.021490568295121193,0.02166846618056297
5716,0.021422812715172768,0.021661280039697885
5717,0.021438628435134888,0.021656148489564656
5718,0.02116566151380539,0.021650032009929418
5719,0.02188299037516117,0.02164960702881217
5720,0.02182256244122982,0.021647786162793635
5721,0.02130865305662155,0.02164704281836748
5722,0.021179724484682083,0.021633772626519204
5723,0.021465066820383072,0.021618342027068138
5724,0.021288059651851654,0.02160903822630644
5725,0.021540524438023567,0.02160391105338931
5726,0.021365560591220856,0.021592980716377497
5727,0.02139786258339882,0.021590872760862113
5728,0.021290194243192673,0.021583034954965115
5729,0.021341029554605484,0.021577973794192077
5730,0.021079588681459427,0.021573715303093197
5731,0.02175953797996044,0.02157260913401842
5732,0.021765192970633507,0.021574659552425147
5733,0.021058959886431694,0.021567924581468105
5734,0.021037686616182327,0.02156271055340767
5735,0.021302755922079086,0.021559417247772217
5736,0.021018417552113533,0.021553195230662823
5737,0.021704502403736115,0.02155855219811201
5738,0.02173873782157898,0.021558429952710866
5739,0.02120852842926979,0.021556551400572062
5740,0.021244436502456665,0.02155149983242154
5741,0.021177101880311966,0.021544095389544965
5742,0.021045371890068054,0.021538931839168073
5743,0.020803777500987053,0.021529909782111646
5744,0.021324876695871353,0.021528398506343364
5745,0.021011509001255035,0.0215260199457407
5746,0.02187330648303032,0.0215325927734375
5747,0.021909592673182487,0.021540002785623073
5748,0.021217428147792816,0.02153957836329937
5749,0.02100307308137417,0.02153703650459647
5750,0.02132757008075714,0.02153799070045352
5751,0.021053023636341095,0.02153785966336727
5752,0.021564358845353127,0.021540133506059645
5753,0.021670259535312653,0.021543026771396398
5754,0.0214126817882061,0.021547368746250867
5755,0.021413296461105347,0.021545186769217253
5756,0.021203311160206795,0.02154364835470915
5757,0.021134942770004272,0.02153388785198331
5758,0.0210177693516016,0.021521289478987456
5759,0.021101756021380424,0.021513727474957705
5760,0.020798515528440475,0.02150618240237236
5761,0.020996548235416412,0.021499592307955027
5762,0.02088478021323681,0.021496526319533586
5763,0.02101222053170204,0.02148387685418129
5764,0.021040599793195724,0.021468283478170633
5765,0.020958568900823593,0.021458698604255914
5766,0.020898040384054184,0.02145072991028428
5767,0.020802121609449387,0.021440949868410827
5768,0.020930234342813492,0.02143343335017562
5769,0.021047713235020638,0.021426015049219132
5770,0.02090958133339882,0.021420286484062672
5771,0.020804518833756447,0.02140849605202675
5772,0.020700616762042046,0.02139522733166814
5773,0.021120231598615646,0.021391095649451016
5774,0.020784152671694756,0.02138305202126503
5775,0.02136450633406639,0.021380452904850245
5776,0.021187063306570053,0.021378106493502854
5777,0.02143794670701027,0.021376913245767355
5778,0.021802347153425217,0.02138108430430293
5779,0.021319344639778137,0.021380396280437707
5780,0.02107306756079197,0.021376671344041823
5781,0.02117108553647995,0.02137128259986639
5782,0.021142620593309402,0.021368391402065753
5783,0.020893242210149765,0.021357964873313904
5784,0.02142786607146263,0.02135456170886755
5785,0.021159520372748375,0.0213514100946486
5786,0.02106134034693241,0.021341382097452878
5787,0.021286237984895706,0.021338867396116255
5788,0.02079794555902481,0.02132990028709173
5789,0.021195875480771065,0.021325014363974333
5790,0.02092515118420124,0.021319861821830273
5791,0.021544713526964188,0.021321695018559694
5792,0.021727683022618294,0.021324466485530137
5793,0.02101678028702736,0.021321682054549457
5794,0.021517448127269745,0.021323049049824475
5795,0.0211874358355999,0.021324054319411517
5796,0.021168608218431473,0.02131853261962533
5797,0.02116667479276657,0.021315997336059808
5798,0.021295025944709778,0.02131380282342434
5799,0.021063487976789474,0.021305718459188938
5800,0.021216051653027534,0.021306621711701154
5801,0.020926430821418762,0.0212968185544014
5802,0.0211404487490654,0.021289020106196405
5803,0.021416405215859413,0.021286315638571977
5804,0.020821865648031235,0.02127843737602234
5805,0.021649397909641266,0.021276187673211096
5806,0.021547799929976463,0.021278929095715285
5807,0.021671004593372345,0.021273357961326837
5808,0.021599426865577698,0.021268545780330897
5809,0.021583598107099533,0.02126835225149989
5810,0.021466271951794624,0.021269822642207146
5811,0.021128840744495392,0.021263296715915203
5812,0.021101228892803192,0.02125881243497133
5813,0.021174460649490356,0.021252722945064306
5814,0.020878460258245468,0.021245264057070015
5815,0.021498210728168488,0.02124534048140049
5816,0.021629109978675842,0.02124740345403552
5817,0.021134354174137115,0.021244360711425544
5818,0.0211979690939188,0.021244683787226677
5819,0.021107658743858337,0.02123693047091365
5820,0.020923111587762833,0.02122793596237898
5821,0.021101707592606544,0.02122586650773883
5822,0.020991714671254158,0.02122398640960455
5823,0.021177204325795174,0.02122110778465867
5824,0.02095033973455429,0.021217730585485695
5825,0.02139516919851303,0.02121627703309059
5826,0.021248653531074524,0.021215107962489127
5827,0.021199341863393784,0.02121312275528908
5828,0.021233147010207176,0.02121255228295922
5829,0.02079126052558422,0.02120705459266901
5830,0.021106060594320297,0.021207319311797618
5831,0.021002478897571564,0.02119974872097373
5832,0.02082788199186325,0.021190375611186026
5833,0.021468767896294594,0.021194473691284656
5834,0.02135826274752617,0.021197679452598095
5835,0.021362457424402237,0.021198276467621326
5836,0.021474167704582214,0.021202833969146014
5837,0.02115371637046337,0.021197326108813287
5838,0.021361496299505234,0.02119355369359255
5839,0.02122410759329796,0.02119370948523283
5840,0.021167710423469543,0.02119294222444296
5841,0.021274078637361526,0.021193911992013453
5842,0.021021440625190735,0.021193672679364683
5843,0.02122076414525509,0.021197842545807363
5844,0.020758889615535736,0.021192182675004004
5845,0.021543355658650398,0.021197501141577958
5846,0.021561458706855774,0.021194382663816215
5847,0.02093924582004547,0.021184679195284842
5848,0.021333277225494385,0.02118583768606186
5849,0.02086176723241806,0.021184424627572297
5850,0.0216047503054142,0.02118719642981887
5851,0.021799784153699875,0.021194664034992455
5852,0.021258050575852394,0.02119160095229745
5853,0.021514330059289932,0.021190041657537222
5854,0.02125703915953636,0.021188485231250526
5855,0.02157129906117916,0.021190065257251263
5856,0.021737270057201385,0.02119540484622121
5857,0.0210752934217453,0.02119480835273862
5858,0.021425094455480576,0.02119888160377741
5859,0.021704163402318954,0.021204905677586795
5860,0.021107453852891922,0.02120799506083131
5861,0.02108781971037388,0.021208907775580883
5862,0.021053683012723923,0.021210596803575753
5863,0.021050535142421722,0.02121097994968295
5864,0.0210427176207304,0.021211001127958297
5865,0.021052883937954903,0.02121194427832961
5866,0.020900480449199677,0.021211968678981067
5867,0.02103370428085327,0.021214284505695104
5868,0.02102053351700306,0.021215187497437
5869,0.021334484219551086,0.021218055207282305
5870,0.02120514027774334,0.02122101079672575
5871,0.021086115390062332,0.02122382676228881
5872,0.02117985114455223,0.02122861910611391
5873,0.021084606647491455,0.02122826285660267
5874,0.021231256425380707,0.02123273389413953
5875,0.020881904289126396,0.021227907873690128
5876,0.022018607705831528,0.021236223317682743
5877,0.022216778248548508,0.021244011633098126
5878,0.021445902064442635,0.0212404471822083
5879,0.021530142053961754,0.021242555156350137
5880,0.021405363455414772,0.021245878115296365
5881,0.021249929443001747,0.021246666554361582
5882,0.021150803193449974,0.021246748380362987
5883,0.02115653082728386,0.021249381266534327
5884,0.021001121029257774,0.02124511381611228
5885,0.021252023056149483,0.02124603884294629
5886,0.021132372319698334,0.02124674916267395
5887,0.02073548175394535,0.021241241600364447
5888,0.021496286615729332,0.02124822501093149
5889,0.021119456738233566,0.021247460823506117
5890,0.021319132298231125,0.021251400634646415
5891,0.021527554839849472,0.02125122904777527
5892,0.02086106687784195,0.021242562886327504
5893,0.021257881075143814,0.02124497389420867
5894,0.021190263330936432,0.021241702046245335
5895,0.020840974524617195,0.02123823743313551
5896,0.02124651148915291,0.021239016465842725
5897,0.020880548283457756,0.021236155200749635
5898,0.02137080579996109,0.021236912999302148
5899,0.021469060331583023,0.021240968722850084
5900,0.021140849217772484,0.021240216698497533
5901,0.021352091804146767,0.021244473308324813
5902,0.02106684073805809,0.02124373722821474
5903,0.02101864293217659,0.02123975960537791
5904,0.02106482908129692,0.02124218923971057
5905,0.02114715985953808,0.02123716685920954
5906,0.020836982876062393,0.021230058688670398
5907,0.020913835614919662,0.02122248699888587
5908,0.02107943594455719,0.021217287089675664
5909,0.020694736391305923,0.02120839847251773
5910,0.021920284256339073,0.021212938595563172
5911,0.021997082978487015,0.02122162101790309
5912,0.021329177543520927,0.021223900504410267
5913,0.021529782563447952,0.021227453723549842
5914,0.02119719237089157,0.021230641044676302
5915,0.021411126479506493,0.021229770202189684
5916,0.021129515022039413,0.02122477425262332
5917,0.02132045477628708,0.021226635258644818
5918,0.021172720938920975,0.021226382777094842
5919,0.021581605076789856,0.021231122240424158
5920,0.021285859867930412,0.02123474972322583
5921,0.021542102098464966,0.021239153668284418
5922,0.02178514376282692,0.021247087959200144
5923,0.021188311278820038,0.02124719902873039
5924,0.020900994539260864,0.021246705576777457
5925,0.02114003337919712,0.021244154218584298
5926,0.020770389586687088,0.021239371579140423
5927,0.0215936116874218,0.021243314277380704
5928,0.021260708570480347,0.021243589892983437
5929,0.02136797085404396,0.021249356996268034
5930,0.021286465227603912,0.021251161042600872
5931,0.020969603210687637,0.021250832285732033
5932,0.020786907523870468,0.021250422541052104
5933,0.021076105535030365,0.021246495917439462
5934,0.02068055421113968,0.021239718832075597
5935,0.02169615775346756,0.02124305583536625
5936,0.021325020119547844,0.021241564359515904
5937,0.0213053897023201,0.021243081092834473
5938,0.02128119021654129,0.021242278032004833
5939,0.020957503467798233,0.021239611990749835
5940,0.0208063255995512,0.02123599814251065
5941,0.02116568014025688,0.021234914157539607
5942,0.020972609519958496,0.021234425846487284
5943,0.021221183240413666,0.02123443003743887
5944,0.020986484363675117,0.021236705984920265
5945,0.021050594747066498,0.021231778375804426
5946,0.020863942801952362,0.021224803216755392
5947,0.021116800606250763,0.02122657876461744
5948,0.021031290292739868,0.021223558895289898
5949,0.02087455242872238,0.021223686747252942
5950,0.020879533141851425,0.021216434575617314
5951,0.02101411670446396,0.021208577901124955
5952,0.02073976956307888,0.02120339509099722
5953,0.02091960608959198,0.02119744785130024
5954,0.02081417664885521,0.02119301922619343
5955,0.021018685773015022,0.021187493093311787
5956,0.020692089572548866,0.021177041288465263
5957,0.02106017991900444,0.021176890153437853
5958,0.020919643342494965,0.021171835642308
5959,0.020928073674440384,0.02116407474502921
5960,0.02077259123325348,0.021160726118832827
5961,0.02100975811481476,0.021159945502877236
5962,0.02083684504032135,0.02115777712315321
5963,0.02082999236881733,0.021155571695417166
5964,0.02058819681406021,0.021151026487350465
5965,0.02098032832145691,0.021150300931185483
5966,0.02074410766363144,0.0211487372033298
5967,0.020966509357094765,0.021148065254092217
5968,0.020772170275449753,0.021145581621676682
5969,0.02103850618004799,0.021142621841281652
5970,0.02099558711051941,0.021140526309609414
5971,0.02061230130493641,0.021135788168758152
5972,0.020753417164087296,0.021131523828953506
5973,0.020540054887533188,0.02112607831135392
5974,0.020955931395292282,0.021123325061053036
5975,0.020365668460726738,0.02111816270276904
5976,0.021733324974775314,0.02111530987545848
5977,0.021469775587320328,0.021107839848846198
5978,0.02106010541319847,0.021103981882333755
5979,0.021209457889199257,0.02110077504068613
5980,0.020796477794647217,0.021094686184078455
5981,0.020845875144004822,0.021090645641088486
5982,0.020990343764424324,0.021089041046798228
5983,0.020803797990083694,0.02108551371842623
5984,0.02097487822175026,0.021085251290351152
5985,0.020771648734807968,0.021080447547137737
5986,0.020736828446388245,0.021076492108404635
5987,0.020635204389691353,0.021075489334762096
5988,0.02064087614417076,0.02106693523004651
5989,0.020592976361513138,0.021061670426279308
5990,0.02060631848871708,0.021054542288184167
5991,0.020476657897233963,0.02104403331875801
5992,0.02089526504278183,0.02104437530040741
5993,0.020534072071313858,0.02103713721036911
5994,0.021626660600304604,0.02104150118306279
5995,0.02170436829328537,0.021050135120749474
5996,0.020652182400226593,0.021044191829860212
5997,0.02123847045004368,0.021047771051526068
5998,0.02100452221930027,0.021044108215719462
5999,0.02092011272907257,0.021038618739694356
6000,0.021189887076616287,0.021039109118282794
6001,0.020547864958643913,0.021031066849827765
6002,0.021477755159139633,0.02103517599403858
6003,0.02133551612496376,0.021038344725966454
6004,0.021382607519626617,0.021041522510349752
6005,0.0214376263320446,0.021044427175074817
6006,0.021191086620092392,0.021047968212515117
6007,0.021081356331706047,0.02104964341968298
6008,0.020955704152584076,0.02104840610176325
6009,0.0210716649889946,0.021052175387740134
6010,0.020842421799898148,0.021041396763175724
6011,0.021035131067037582,0.02103177724406123
6012,0.020579352974891663,0.02102427899837494
6013,0.021067418158054352,0.021019655354321
6014,0.02131745032966137,0.0210208579339087
6015,0.020626626908779144,0.021013012938201427
6016,0.021357916295528412,0.02101529695093632
6017,0.02171122096478939,0.021019204612821342
6018,0.020893026143312454,0.021016407664865254
6019,0.021632056683301926,0.021016912180930377
6020,0.021812893450260162,0.021022182516753675
6021,0.020982325077056885,0.021016584746539592
6022,0.021089423447847366,0.021009627543389798
6023,0.02126031368970871,0.021010347567498686
6024,0.02077024057507515,0.021009040027856828
6025,0.020999129861593246,0.021007630992680788
6026,0.021013334393501282,0.02101006044074893
6027,0.02086273580789566,0.021002751681953667
6028,0.02092810906469822,0.020999425686895848
6029,0.021195262670516968,0.020997698605060577
6030,0.020921600982546806,0.020994049962610006
6031,0.021579895168542862,0.02100015288218856
6032,0.021822484210133553,0.02101050864905119
6033,0.021118951961398125,0.02101093711331487
6034,0.021151088178157806,0.02101564245298505
6035,0.021307066082954407,0.02101175153627992
6036,0.021122032776474953,0.021009721662849187
6037,0.02110302448272705,0.021007698010653258
6038,0.021042559295892715,0.02100531170144677
6039,0.020920895040035248,0.021004945617169143
6040,0.020666057243943214,0.021003542933613062
6041,0.021199673414230347,0.021003882866352797
6042,0.02101375162601471,0.02100429428741336
6043,0.021204378455877304,0.021004126239567995
6044,0.02123204432427883,0.021006581839174032
6045,0.02142205461859703,0.021010296437889337
6046,0.020907467231154442,0.021010731682181358
6047,0.021365996450185776,0.021013223640620707
6048,0.02106921561062336,0.021013602893799544
6049,0.021403297781944275,0.021018890347331762
6050,0.02138153463602066,0.021023910362273454
6051,0.02113935351371765,0.02102516273036599
6052,0.021114926785230637,0.02102891430258751
6053,0.021095681935548782,0.021030675061047076
6054,0.020678304135799408,0.02102931633591652
6055,0.02083757519721985,0.021027505230158568
6056,0.02069009840488434,0.021027485318481923
6057,0.020609956234693527,0.021022983081638812
6058,0.02096312865614891,0.021023417934775353
6059,0.020547037944197655,0.021019607577472926
6060,0.02122502401471138,0.021024131905287503
6061,0.02108119986951351,0.02102484632283449
6062,0.021219171583652496,0.021028669588267802
6063,0.02107168734073639,0.021031086537986993
6064,0.021386001259088516,0.021039064582437275
6065,0.021266981959342957,0.021041931118816137
6066,0.021488357335329056,0.021049373615533114
6067,0.02128041535615921,0.021052512675523757
6068,0.021113205701112747,0.021055923029780387
6069,0.02113201469182968,0.021056858114898203
6070,0.021016482263803482,0.021057067066431047
6071,0.021024540066719055,0.021061189454048872
6072,0.020812151953577995,0.02106177680194378
6073,0.020613884553313255,0.02106251509860158
6074,0.02080879546701908,0.021061043739318847
6075,0.020622044801712036,0.0210636075027287
6076,0.02116958051919937,0.02105797005817294
6077,0.021216437220573425,0.021055436674505473
6078,0.020781006664037704,0.021052645687013864
6079,0.02096862718462944,0.021050237379968167
6080,0.02089126966893673,0.021051185298711063
6081,0.020813988521695137,0.021050866432487964
6082,0.020618952810764313,0.021047152522951366
6083,0.020903557538986206,0.02104815011844039
6084,0.020776405930519104,0.021046165395528078
6085,0.020712964236736298,0.02104557855054736
6086,0.020631732419133186,0.021044527590274812
6087,0.020607899874448776,0.021044254545122387
6088,0.020623043179512024,0.0210440762154758
6089,0.020502310246229172,0.02104316955432296
6090,0.02053779363632202,0.021042484305799008
6091,0.02036437578499317,0.0210413614846766
6092,0.020601511001586914,0.02103842394426465
6093,0.020387083292007446,0.021036954056471588
6094,0.020208613947033882,0.02102277358993888
6095,0.02091037482023239,0.02101483365520835
6096,0.020507825538516045,0.021013390086591244
6097,0.021509941667318344,0.02101610479876399
6098,0.021490169689059258,0.02102096127346158
6099,0.020763155072927475,0.02101939169690013
6100,0.02111309953033924,0.02101862382143736
6101,0.02121034637093544,0.021025248635560274
6102,0.020692193880677223,0.02101739302277565
6103,0.020987307652831078,0.021013910938054322
6104,0.02076059579849243,0.021007690820842983
6105,0.02097947522997856,0.02100310930982232
6106,0.02082197740674019,0.0209994182176888
6107,0.02071133255958557,0.020995717979967594
6108,0.020659837871789932,0.020992759317159652
6109,0.020583031699061394,0.02098787298426032
6110,0.020553171634674072,0.02098498048260808
6111,0.020364316180348396,0.020978272333741187
6112,0.02082659676671028,0.020980744771659374
6113,0.020425543189048767,0.020974326021969317
6114,0.021833211183547974,0.020979483630508184
6115,0.022038865834474564,0.02099360601976514
6116,0.021763529628515244,0.020997662153095006
6117,0.02129351906478405,0.020993485134094953
6118,0.02118520438671112,0.02099640691652894
6119,0.020954906940460205,0.020989635419100525
6120,0.02125762775540352,0.020984082762151957
6121,0.020856458693742752,0.020982824098318816
6122,0.021442072466015816,0.0209863505885005
6123,0.021198133006691933,0.02098572878167033
6124,0.02108776941895485,0.02098890407010913
6125,0.021130496636033058,0.020990217737853527
6126,0.02074718475341797,0.020987556241452696
6127,0.02069655805826187,0.020985894463956357
6128,0.02089748904109001,0.020985588263720274
6129,0.020684778690338135,0.020980483423918485
6130,0.021188542246818542,0.020983152836561204
6131,0.020917974412441254,0.020976533629000187
6132,0.020981427282094955,0.0209681230597198
6133,0.020835116505622864,0.020965284705162048
6134,0.020774323493242264,0.02096151705831289
6135,0.020634246990084648,0.020954788867384194
6136,0.020914066582918167,0.020952709205448627
6137,0.020865578204393387,0.02095033474266529
6138,0.020827919244766235,0.020948188342154027
6139,0.020506776869297028,0.020944047160446642
6140,0.02097298949956894,0.0209471164830029
6141,0.02099325880408287,0.020945052336901426
6142,0.020685460418462753,0.020941769424825906
6143,0.020726868882775307,0.020936994329094887
6144,0.020610816776752472,0.020930782053619625
6145,0.020567648112773895,0.020922237988561392
6146,0.020750515162944794,0.020920668467879294
6147,0.02060873806476593,0.020913095884025096
6148,0.020470183342695236,0.020907105561345816
6149,0.020411822944879532,0.02089719081297517
6150,0.02057221159338951,0.020889097582548855
6151,0.02031528763473034,0.020880856923758982
6152,0.021173641085624695,0.020881444066762924
6153,0.021186847239732742,0.020882355719804763
6154,0.021466489881277084,0.02089023757725954
6155,0.02128567174077034,0.020894718542695045
6156,0.021274864673614502,0.020900566205382345
6157,0.02101042866706848,0.020904570929706098
6158,0.020701561123132706,0.020901955254375933
6159,0.020733879879117012,0.02090382367372513
6160,0.020722776651382446,0.02089880120009184
6161,0.02048978954553604,0.020892887096852063
6162,0.020845267921686172,0.020889148060232402
6163,0.020560918375849724,0.020884040370583536
6164,0.021319182589650154,0.02088337218388915
6165,0.021196557208895683,0.02088266793638468
6166,0.020704522728919983,0.02087482959032059
6167,0.021222718060016632,0.02087425261735916
6168,0.020660560578107834,0.020869726166129112
6169,0.02147744968533516,0.02087318051606417
6170,0.021520249545574188,0.020878218188881872
6171,0.020516620948910713,0.02087313899770379
6172,0.021196790039539337,0.020876985378563404
6173,0.021143745630979538,0.020882283989340066
6174,0.02079346962273121,0.02088213073089719
6175,0.02067933790385723,0.02088270366191864
6176,0.020730551332235336,0.020878313370049
6177,0.02075076475739479,0.020873656645417214
6178,0.020712662488222122,0.020872973203659058
6179,0.020646581426262856,0.02086975274607539
6180,0.02060277760028839,0.020866867825388907
6181,0.020434126257896423,0.02086306920275092
6182,0.020508985966444016,0.020861969534307717
6183,0.020441994071006775,0.020857353899627923
6184,0.02041979879140854,0.020853787828236818
6185,0.020215170457959175,0.020848809890449047
6186,0.020726148039102554,0.020849754046648742
6187,0.020605087280273438,0.020849725920706986
6188,0.020830020308494568,0.020851795691996813
6189,0.021145083010196686,0.020858223419636487
6190,0.020630627870559692,0.020859151761978865
6191,0.02100592665374279,0.020865567270666362
6192,0.02078961953520775,0.020867448356002568
6193,0.020538488402962685,0.020868962407112123
6194,0.020619351416826248,0.020873069781810045
6195,0.020267076790332794,0.02086663680151105
6196,0.020861096680164337,0.02087016951292753
6197,0.020662842318415642,0.020861698519438504
6198,0.021016033366322517,0.020856957156211137
6199,0.02106071263551712,0.020859932731837033
6200,0.020823154598474503,0.020857033282518388
6201,0.02075384184718132,0.020852468237280847
6202,0.020922083407640457,0.020854767132550477
6203,0.02037231996655464,0.020848617255687714
6204,0.02111123502254486,0.02085212364792824
6205,0.021207841113209724,0.02085440730676055
6206,0.021074075251817703,0.020856928285211324
6207,0.02109014429152012,0.02086071640253067
6208,0.021107297390699387,0.020865190997719763
6209,0.021150514483451843,0.02087086582556367
6210,0.02106548845767975,0.020875988993793726
6211,0.020657643675804138,0.02087892226874828
6212,0.020861318334937096,0.02087926948443055
6213,0.020771268755197525,0.02088272674009204
6214,0.020756732672452927,0.02087196195498109
6215,0.02106638066470623,0.020862237103283405
6216,0.020654112100601196,0.020851142928004263
6217,0.020729562267661095,0.020845503360033036
6218,0.020799055695533752,0.02084164187312126
6219,0.020446743816137314,0.020836560241878032
6220,0.02096031978726387,0.020833587162196635
6221,0.020629506558179855,0.020831317640841007
6222,0.021160081028938293,0.020828497726470233
6223,0.02117391675710678,0.02082825556397438
6224,0.020977120846509933,0.02082714907824993
6225,0.02056833542883396,0.02082152746617794
6226,0.021241547539830208,0.02082647109404206
6227,0.02107415162026882,0.020830247029662134
6228,0.02094956673681736,0.020830767806619407
6229,0.020652614533901215,0.020830446165055038
6230,0.02099641039967537,0.020828524846583606
6231,0.020898209884762764,0.02082832720130682
6232,0.021006079390645027,0.02082857372239232
6233,0.020830869674682617,0.02082853125408292
6234,0.020874010398983955,0.020829528123140335
6235,0.02082253247499466,0.020831410977989434
6236,0.020648811012506485,0.020828758422285317
6237,0.020492341369390488,0.02082502605393529
6238,0.021068649366497993,0.020827433355152608
6239,0.020968753844499588,0.02083205312490463
6240,0.020576240494847298,0.020828085634857416
6241,0.02047773264348507,0.020822930373251437
6242,0.02083086036145687,0.02082438437268138
6243,0.020623190328478813,0.020823347587138413
6244,0.02089865133166313,0.02082622593268752
6245,0.020630624145269394,0.020826855693012476
6246,0.02072766423225403,0.02082662718370557
6247,0.020658761262893677,0.020827127415686847
6248,0.020598918199539185,0.020828414764255284
6249,0.02047591283917427,0.02082905566319823
6250,0.02060546912252903,0.020829388238489628
6251,0.020351441577076912,0.020829749777913093
6252,0.020893411710858345,0.02082694748416543
6253,0.02063641883432865,0.020821443200111388
6254,0.020595956593751907,0.02081273786723614
6255,0.020501982420682907,0.020804900974035263
6256,0.02056746371090412,0.02079782696440816
6257,0.02038419246673584,0.020791564602404833
6258,0.02055889181792736,0.02079013790935278
6259,0.020383987575769424,0.020786638986319304
6260,0.020731179043650627,0.020786723010241984
6261,0.020507698878645897,0.020786902103573084
6262,0.020441284403204918,0.020782862268388273
6263,0.02041674219071865,0.02078142050653696
6264,0.020372342318296432,0.020771952103823422
6265,0.020625051110982895,0.020766237042844294
6266,0.020150814205408096,0.020760699957609176
6267,0.02067938633263111,0.02075526664033532
6268,0.020371414721012115,0.020752375181764364
6269,0.021302171051502228,0.020750622395426035
6270,0.021291065961122513,0.02074833055958152
6271,0.020899657160043716,0.02075216092169285
6272,0.02106492593884468,0.0207508422806859
6273,0.020537670701742172,0.020744781531393527
6274,0.020920244976878166,0.020746049284934998
6275,0.020746450871229172,0.02074672041460872
6276,0.020528018474578857,0.02074469508603215
6277,0.02062910422682762,0.020743478480726482
6278,0.020596688613295555,0.020742318741977215
6279,0.02044479176402092,0.020740300845354796
6280,0.020374013110995293,0.020738013200461865
6281,0.020475301891565323,0.020738424956798552
6282,0.020321832969784737,0.02073655342683196
6283,0.020317532122135162,0.020735308807343245
6284,0.020339827984571457,0.020734509099274875
6285,0.020225228741765022,0.020734609682112933
6286,0.02004023641347885,0.020727750565856694
6287,0.020571056753396988,0.02072741026058793
6288,0.02038641646504402,0.020722974222153426
6289,0.02054760791361332,0.020716999471187592
6290,0.02040708437561989,0.020714764036238193
6291,0.02059372141957283,0.020710641983896494
6292,0.020765269175171852,0.020710398480296134
6293,0.020321134477853775,0.020708224941045045
6294,0.020522285252809525,0.02070725427940488
6295,0.020342068746685982,0.02070800419896841
6296,0.020520415157079697,0.020704597383737564
6297,0.020249098539352417,0.020700459945946933
6298,0.02096259966492653,0.02069992560893297
6299,0.02105553075671196,0.02069987379014492
6300,0.020766736939549446,0.02069930961355567
6301,0.020814429968595505,0.02069991549476981
6302,0.020548831671476364,0.020696182977408172
6303,0.020626191049814224,0.020698721688240766
6304,0.02060924842953682,0.020693701822310687
6305,0.02037743292748928,0.02068539774045348
6306,0.020542211830615997,0.020680079106241464
6307,0.020410405471920967,0.020673281718045472
6308,0.02044910565018654,0.020666699800640346
6309,0.02068927139043808,0.020662087369710206
6310,0.020293623208999634,0.020654368717223405
6311,0.02090483158826828,0.020656840596348047
6312,0.021040190011262894,0.020658629313111306
6313,0.020474009215831757,0.020655656717717647
6314,0.020724032074213028,0.020655329711735247
6315,0.020565424114465714,0.020650320146232845
6316,0.020304858684539795,0.02064682761207223
6317,0.02088833414018154,0.020648415330797434
6318,0.020593654364347458,0.02064636131748557
6319,0.020480284467339516,0.020646696723997594
6320,0.020784150809049606,0.02064493503421545
6321,0.020426124334335327,0.020642901211977004
6322,0.020437903702259064,0.02063567943871021
6323,0.020750604569911957,0.020631446316838265
6324,0.02034522220492363,0.0206251273304224
6325,0.020416948944330215,0.020623613465577364
6326,0.02054598741233349,0.020616657864302397
6327,0.020275264978408813,0.020608668997883797
6328,0.020749246701598167,0.020606665797531606
6329,0.020708158612251282,0.020607221238315106
6330,0.02026236243546009,0.020599880758672952
6331,0.020459303632378578,0.02059549169614911
6332,0.02074268087744713,0.020592857711017133
6333,0.02054988592863083,0.020590047873556613
6334,0.02020660787820816,0.020583373848348855
6335,0.020356319844722748,0.020578711722046138
6336,0.020573250949382782,0.0205779561214149
6337,0.0207314845174551,0.020580347552895548
6338,0.02060823142528534,0.02057574337348342
6339,0.020675580948591232,0.020572811644524337
6340,0.020193805918097496,0.02056898729875684
6341,0.020347960293293,0.020567689575254917
6342,0.020303798839449883,0.020562418960034846
6343,0.020572559908032417,0.020561912655830385
6344,0.020201735198497772,0.02055494349449873
6345,0.021007627248764038,0.020558713525533675
6346,0.020885396748781204,0.020560290850698947
6347,0.021075516939163208,0.02056445840746164
6348,0.02126922644674778,0.02057116148993373
6349,0.020580094307661057,0.0205722033046186
6350,0.02090626209974289,0.020575211234390735
6351,0.020670270547270775,0.020578399524092673
6352,0.02064509503543377,0.02057591635733843
6353,0.020745594054460526,0.020577008109539746
6354,0.020543809980154037,0.02057648664340377
6355,0.02073816955089569,0.020578848514705896
6356,0.02056064084172249,0.02057878028601408
6357,0.020259786397218704,0.02057753622531891
6358,0.020402751863002777,0.02057597482576966
6359,0.02031753584742546,0.020575310308486222
6360,0.02057778649032116,0.02057377638295293
6361,0.02053341269493103,0.02057403352111578
6362,0.02070964314043522,0.020576717108488084
6363,0.020443134009838104,0.020576981026679278
6364,0.02090679109096527,0.020582325514405964
6365,0.020964007824659348,0.020585715081542732
6366,0.02026597037911415,0.02058686664327979
6367,0.020668603479862213,0.020586758814752103
6368,0.020477108657360077,0.02058781575411558
6369,0.020533684641122818,0.02058013089001179
6370,0.02067018672823906,0.020573922097682953
6371,0.020706981420516968,0.020571995340287686
6372,0.02032444067299366,0.020564590487629174
6373,0.02038498781621456,0.0205630636587739
6374,0.02013930305838585,0.020555254239588976
6375,0.02070781961083412,0.020554867926985024
6376,0.020657364279031754,0.020556161385029553
6377,0.020298220217227936,0.020552852544933557
6378,0.020340774208307266,0.020550293400883674
6379,0.020411279052495956,0.020549958273768425
6380,0.020225871354341507,0.020548476856201887
6381,0.020355146378278732,0.02054727530106902
6382,0.020272519439458847,0.020546782165765762
6383,0.020238272845745087,0.020545989573001862
6384,0.020149268209934235,0.02054408397525549
6385,0.02018987387418747,0.020543730426579712
6386,0.02033509500324726,0.0205466790124774
6387,0.020320529118180275,0.02054417373612523
6388,0.019951190799474716,0.020539821479469537
6389,0.02039927989244461,0.02053833819925785
6390,0.020243585109710693,0.02053670320659876
6391,0.02049306407570839,0.020535696633160114
6392,0.020541153848171234,0.02053345547989011
6393,0.0205196812748909,0.02053544094786048
6394,0.020490612834692,0.020535124223679303
6395,0.020498337224125862,0.020536686908453703
6396,0.02031460776925087,0.020534628834575415
6397,0.020480157807469368,0.020536939427256585
6398,0.02039818838238716,0.02053129531443119
6399,0.02024037390947342,0.020523143745958806
6400,0.020114656537771225,0.020516622941941023
6401,0.020107880234718323,0.020509557444602252
6402,0.020230120047926903,0.020506370328366757
6403,0.02005981281399727,0.020500706546008586
6404,0.020175397396087646,0.020496368035674097
6405,0.019991528242826462,0.020492508988827467
6406,0.02018396183848381,0.020488926488906146
6407,0.019991599023342133,0.020484738424420355
6408,0.02007366716861725,0.020480984039604664
6409,0.0200398750603199,0.020474490076303482
6410,0.020250990986824036,0.020474063754081725
6411,0.02012939192354679,0.02046630935743451
6412,0.02025003731250763,0.02045840783044696
6413,0.020026907324790955,0.020453936811536552
6414,0.020133988931775093,0.02044803638011217
6415,0.020070692524313927,0.020443089064210652
6416,0.020225949585437775,0.020442299973219634
6417,0.020389851182699203,0.02043731514364481
6418,0.019858133047819138,0.020429959930479528
6419,0.021197084337472916,0.02043712792918086
6420,0.021202510222792625,0.02044131152331829
6421,0.02116471342742443,0.020448697414249182
6422,0.020738594233989716,0.02045170431956649
6423,0.021136457100510597,0.020455562844872474
6424,0.020835023373365402,0.02046046085655689
6425,0.02052322030067444,0.020461523570120335
6426,0.020348085090517998,0.02045954454690218
6427,0.020847011357545853,0.02046526201069355
6428,0.02060846984386444,0.020463854242116213
6429,0.020885217934846878,0.02046562483534217
6430,0.020760510116815567,0.020470606312155724
6431,0.02065219171345234,0.020472535192966462
6432,0.020383384078741074,0.0204689422249794
6433,0.020689330995082855,0.02047033667564392
6434,0.020647207275032997,0.02047474266961217
6435,0.02046694979071617,0.020475848969072105
6436,0.02035301923751831,0.020473646651953458
6437,0.020611155778169632,0.020472443364560604
6438,0.020401978865265846,0.020470380838960408
6439,0.020761903375387192,0.02047124406322837
6440,0.020681386813521385,0.02047611987218261
6441,0.020270131528377533,0.020475341584533454
6442,0.020440561696887016,0.020476709213107826
6443,0.020198531448841095,0.02047296892851591
6444,0.020130489021539688,0.02047225646674633
6445,0.0200051199644804,0.020462231393903494
6446,0.019940506666898727,0.02045278249308467
6447,0.020106561481952667,0.020443092938512562
6448,0.019792087376117706,0.02042832154780626
6449,0.02042253315448761,0.02042674593627453
6450,0.02010386809706688,0.02041872199624777
6451,0.021290957927703857,0.020424928870052098
6452,0.021652037277817726,0.02043499829247594
6453,0.0206708163022995,0.02043425051495433
6454,0.02079923078417778,0.020436804722994566
6455,0.0206222552806139,0.020435645580291747
6456,0.021045681089162827,0.020440495982766153
6457,0.021007873117923737,0.020447976849973203
6458,0.020304445177316666,0.02044699378311634
6459,0.020819993689656258,0.02045201836153865
6460,0.020462308079004288,0.02045086357742548
6461,0.020175492390990257,0.020447284374386074
6462,0.02045528218150139,0.020444740764796732
6463,0.02012660913169384,0.02044157551601529
6464,0.020270977169275284,0.02043521737679839
6465,0.020120609551668167,0.02042678339406848
6466,0.02036244235932827,0.02042774811387062
6467,0.02049683779478073,0.020426030457019805
6468,0.020482543855905533,0.02042608480900526
6469,0.02041715383529663,0.020424919500947
6470,0.020314283668994904,0.020421360470354557
6471,0.02084536850452423,0.02042274434119463
6472,0.020241357386112213,0.020421913508325815
6473,0.020871391519904137,0.02042677754536271
6474,0.02097567915916443,0.020435141306370495
6475,0.020418498665094376,0.0204322480969131
6476,0.020839547738432884,0.02043406993150711
6477,0.02053728699684143,0.020436460599303246
6478,0.020623978227376938,0.02043929263949394
6479,0.020840827375650406,0.020443588122725488
6480,0.02013009786605835,0.020442630387842654
6481,0.02100464701652527,0.02044912539422512
6482,0.02120385691523552,0.020458438768982887
6483,0.02040094882249832,0.020460065528750418
6484,0.02053191512823105,0.020463891997933387
6485,0.020326346158981323,0.020465256720781325
6486,0.020414771512150764,0.020466053485870363
6487,0.02051812782883644,0.020468029472976924
6488,0.020476460456848145,0.020473282169550657
6489,0.020277511328458786,0.0204720644839108
6490,0.020143721252679825,0.02047106584534049
6491,0.0203511044383049,0.020469646248966456
6492,0.019893087446689606,0.020463165584951638
6493,0.02063436433672905,0.02046431241557002
6494,0.020774617791175842,0.02046715246513486
6495,0.02026175521314144,0.020464786645025015
6496,0.020947366952896118,0.020471114236861467
6497,0.020737210288643837,0.020473684761673213
6498,0.021136879920959473,0.020481071677058937
6499,0.02101806364953518,0.020488848574459553
6500,0.02124982513487339,0.020500200260430576
6501,0.021097645163536072,0.020510097909718753
6502,0.020637638866901398,0.020514173097908497
6503,0.020422175526618958,0.020517796725034714
6504,0.020369889214634895,0.020519741643220187
6505,0.0204332135617733,0.020524158496409654
6506,0.02035992592573166,0.020525918137282134
6507,0.020184213295578957,0.020527844280004502
6508,0.02061586081981659,0.020533266216516494
6509,0.02030840888619423,0.020535951554775236
6510,0.02116633579134941,0.02054510500282049
6511,0.02123740315437317,0.020556185115128755
6512,0.020252088084816933,0.020556205622851847
6513,0.020827490836381912,0.02056421145796776
6514,0.020158063620328903,0.020564452204853298
6515,0.02073998749256134,0.020571145154535772
6516,0.020716894418001175,0.020576054602861403
6517,0.020173024386167526,0.020573886334896086
6518,0.02024933136999607,0.020577798318117856
6519,0.019928233698010445,0.020565109811723232
6520,0.020633062347769737,0.020559415332973004
6521,0.020548507571220398,0.020553253274410963
6522,0.020525824278593063,0.020551125574856995
6523,0.02060280367732048,0.020545789040625095
6524,0.02043617144227028,0.020541800521314144
6525,0.0202551931142807,0.020539120249450208
6526,0.020470118150115013,0.02054034058004618
6527,0.020100053399801254,0.02053287100046873
6528,0.02038472518324852,0.020530633553862573
6529,0.02021808736026287,0.020523962248116732
6530,0.020131316035985947,0.020517670307308434
6531,0.01995794288814068,0.02051072781905532
6532,0.020391210913658142,0.02051080608740449
6533,0.020215652883052826,0.02050606930628419
6534,0.020027805119752884,0.02049987528473139
6535,0.020192667841911316,0.020497132465243338
6536,0.019890988245606422,0.02049251215532422
6537,0.020156899467110634,0.02048796959221363
6538,0.020074855536222458,0.020484698358923196
6539,0.019969727843999863,0.020476776603609324
6540,0.019782017916440964,0.020467782914638518
6541,0.020067308098077774,0.020465754680335523
6542,0.019992390647530556,0.020461272969841956
6543,0.02003580890595913,0.020459645744413137
6544,0.02000105381011963,0.020458351392298936
6545,0.019822262227535248,0.020456522814929486
6546,0.019914742559194565,0.020456265173852444
6547,0.019858036190271378,0.02045377992093563
6548,0.01989351399242878,0.02045479418709874
6549,0.019951649010181427,0.02045008534565568
6550,0.01978803239762783,0.02044692698866129
6551,0.019996345043182373,0.020433980859816073
6552,0.019646339118480682,0.020413923878222703
6553,0.02053879201412201,0.02041260363534093
6554,0.02045254409313202,0.02040913676843047
6555,0.020140811800956726,0.0204043223336339
6556,0.020436465740203857,0.02039823018014431
6557,0.020180733874440193,0.020389958787709474
6558,0.02017642930150032,0.02038867862895131
6559,0.020293980836868286,0.020383418500423432
6560,0.019818753004074097,0.02037698294967413
6561,0.020484475418925285,0.02038007277995348
6562,0.020191922783851624,0.02037743918597698
6563,0.020251331850886345,0.02037868641316891
6564,0.020240461453795433,0.02037838125601411
6565,0.019920988008379936,0.020376385040581226
6566,0.020089630037546158,0.020373656917363404
6567,0.019900452345609665,0.020367693062871693
6568,0.020161114633083344,0.02036447877064347
6569,0.019913937896490097,0.020359446611255407
6570,0.02005915716290474,0.020356895346194507
6571,0.019842147827148438,0.02034686313942075
6572,0.020510217174887657,0.020349551737308503
6573,0.02046710066497326,0.020345508828759195
6574,0.020261965692043304,0.020338371694087982
6575,0.02031448855996132,0.02033733159303665
6576,0.020236138254404068,0.020331297498196364
6577,0.020237542688846588,0.020328300055116415
6578,0.020354103296995163,0.020325601305812596
6579,0.02015230804681778,0.02031871611252427
6580,0.020381689071655273,0.02032123202458024
6581,0.02017321065068245,0.020312917660921814
6582,0.020131655037403107,0.020302195642143486
6583,0.020039498805999756,0.0202985811419785
6584,0.01999436691403389,0.02029320565983653
6585,0.020099030807614326,0.02029093250632286
6586,0.019797641783952713,0.02028476120904088
6587,0.0200471393764019,0.020280051324516535
6588,0.01975351944565773,0.020272821914404632
6589,0.02000392973423004,0.020270086098462342
6590,0.019945697858929634,0.020268105864524842
6591,0.019663505256175995,0.020261229872703554
6592,0.019844740629196167,0.02026074640452862
6593,0.019732408225536346,0.020251726843416692
6594,0.0197357889264822,0.020241338554769756
6595,0.019829630851745605,0.020237017311155795
6596,0.019968487322330475,0.020227228514850138
6597,0.01980649307370186,0.02021792134270072
6598,0.0198708213865757,0.02020526075735688
6599,0.019862987101078033,0.02019370999187231
6600,0.02008872851729393,0.020182099025696516
6601,0.0199082400649786,0.02017020497471094
6602,0.019808080047369003,0.020161909386515617
6603,0.02003597468137741,0.0201580473780632
6604,0.020279698073863983,0.020157145466655493
6605,0.01980113796889782,0.02015082471072674
6606,0.020588381215929985,0.020153109263628722
6607,0.02041979320347309,0.020155465062707663
6608,0.020692594349384308,0.020156232398003338
6609,0.02059415727853775,0.020159089881926776
6610,0.020831191912293434,0.020155738443136215
6611,0.02064676396548748,0.02014983205124736
6612,0.020544398576021194,0.0201527551561594
6613,0.020262189209461212,0.020147102139890193
6614,0.02099170908331871,0.02015543859452009
6615,0.02064420096576214,0.0201544807292521
6616,0.02046678029000759,0.020151979587972164
6617,0.020325081422924995,0.02015350015833974
6618,0.020274747163057327,0.020153754316270353
6619,0.019848424941301346,0.02015295622870326
6620,0.02089841663837433,0.020155609771609306
6621,0.021052788943052292,0.020160652585327624
6622,0.020097270607948303,0.020156367048621178
6623,0.020209558308124542,0.020152434594929217
6624,0.02041953057050705,0.020152268186211585
6625,0.02002117410302162,0.020149927996098996
6626,0.020454097539186478,0.02014976778998971
6627,0.020138893276453018,0.02015015618875623
6628,0.02066945843398571,0.0201530035212636
6629,0.02062028832733631,0.020157025530934333
6630,0.01996142789721489,0.020155326649546623
6631,0.019881142303347588,0.02015455864369869
6632,0.02035728096961975,0.020154219344258307
6633,0.020127203315496445,0.020153334848582744
6634,0.020361516624689102,0.020156671963632106
6635,0.020155318081378937,0.020156298466026783
6636,0.02023874595761299,0.020159776043146848
6637,0.020020866766572,0.02015841571614146
6638,0.02027735859155655,0.020160440746694805
6639,0.019888881593942642,0.02015963228419423
6640,0.020660504698753357,0.020168417152017355
6641,0.020651165395975113,0.02017425572499633
6642,0.01987888291478157,0.020173120647668838
6643,0.019918452948331833,0.020171947088092567
6644,0.02000979334115982,0.02017203448340297
6645,0.01972896233201027,0.02017110148444772
6646,0.020741509273648262,0.020179369151592255
6647,0.02058904618024826,0.020186679251492024
6648,0.019930869340896606,0.0201870528049767
6649,0.01978742703795433,0.02018541058525443
6650,0.02036360651254654,0.02019116632640362
6651,0.0201110802590847,0.02019231367856264
6652,0.020403103902935982,0.020199881326407196
6653,0.020384585484862328,0.020198339261114598
6654,0.019800841808319092,0.020191822238266467
6655,0.019795972853899002,0.02018837384879589
6656,0.02007215842604637,0.020184730775654317
6657,0.01981748826801777,0.020181098319590092
6658,0.02077660895884037,0.02018710011616349
6659,0.02083364687860012,0.02019249677658081
6660,0.019911721348762512,0.020193426460027693
6661,0.02012423612177372,0.02018982406705618
6662,0.01979212835431099,0.020185826122760774
6663,0.020059119910001755,0.020183904003351925
6664,0.019589558243751526,0.020177394971251487
6665,0.020190149545669556,0.020180086586624384
6666,0.019827552139759064,0.020177465807646514
6667,0.020666763186454773,0.020185128916054965
6668,0.020837683230638504,0.020191894602030514
6669,0.01995668187737465,0.02019232204183936
6670,0.02045873925089836,0.020196317862719297
6671,0.020336592569947243,0.020201262310147284
6672,0.02023361437022686,0.020198496282100676
6673,0.020281238481402397,0.020196637660264968
6674,0.020017288625240326,0.02019419088959694
6675,0.020390585064888,0.020194951854646207
6676,0.019829820841550827,0.020190888680517674
6677,0.020268002524971962,0.020191193278878927
6678,0.020136883482336998,0.020189021080732346
6679,0.02019750326871872,0.020189473032951356
6680,0.020609058439731598,0.02019174672663212
6681,0.019928347319364548,0.02018929809331894
6682,0.020488079637289047,0.0201928623393178
6683,0.020227164030075073,0.02019473899155855
6684,0.020056605339050293,0.020195361375808716
6685,0.02035764418542385,0.02019794750958681
6686,0.020190488547086716,0.02020187597721815
6687,0.02009737119078636,0.020202378295361995
6688,0.020094607025384903,0.02020578917115927
6689,0.01980091817677021,0.02020375905558467
6690,0.02009529061615467,0.02020525498315692
6691,0.019900396466255188,0.020207623895257713
6692,0.01982329785823822,0.02020740946754813
6693,0.01985730603337288,0.0202086584456265
6694,0.02012408897280693,0.020212541446089746
6695,0.019985703751444817,0.020214102175086738
6696,0.019923217594623566,0.020213649477809667
6697,0.02035139687359333,0.02021909851580858
6698,0.01977396383881569,0.02021812994033098
6699,0.02062031254172325,0.020225703194737436
6700,0.021231159567832947,0.020237127505242824
6701,0.02042071707546711,0.02024225227534771
6702,0.020345069468021393,0.020247622169554235
6703,0.020606882870197296,0.020253331251442432
6704,0.02017476223409176,0.02025228189304471
6705,0.02061172015964985,0.02026038771495223
6706,0.020648151636123657,0.02026098541915417
6707,0.02028854563832283,0.020259672943502664
6708,0.020201928913593292,0.020254766289144754
6709,0.02060816064476967,0.020254906322807072
6710,0.020172111690044403,0.020248315520584582
6711,0.021156728267669678,0.020253415163606407
6712,0.021172503009438515,0.02025969620794058
6713,0.02038532868027687,0.020260927602648734
6714,0.020421944558620453,0.02025522995740175
6715,0.020641367882490158,0.020255201626569033
6716,0.020589735358953476,0.02025643117725849
6717,0.02025308459997177,0.02025571120902896
6718,0.021121283993124962,0.020264176577329637
6719,0.02115565352141857,0.020277248863130808
6720,0.020426059141755104,0.020272525288164617
6721,0.020283028483390808,0.020264827683568
6722,0.0204609464854002,0.02026846444234252
6723,0.020418617874383926,0.020270555038005112
6724,0.019854813814163208,0.020264907870441676
6725,0.02089633420109749,0.020273659471422435
6726,0.020698484033346176,0.02027610333636403
6727,0.021392151713371277,0.020288635920733215
6728,0.02130773663520813,0.020295018702745436
6729,0.02037106268107891,0.020292526446282863
6730,0.02060355618596077,0.020298947729170323
6731,0.020500939339399338,0.02030514569953084
6732,0.020565645769238472,0.020307229347527028
6733,0.020167429000139236,0.020307631604373454
6734,0.02080986648797989,0.020312115103006362
6735,0.021034106612205505,0.02032090298831463
6736,0.02020898461341858,0.020320605374872684
6737,0.02036282606422901,0.020324024967849255
6738,0.020216770470142365,0.02032341908663511
6739,0.020160134881734848,0.020326131619513035
6740,0.020075742155313492,0.020320283994078637
6741,0.020210526883602142,0.020315877608954907
6742,0.02011304721236229,0.020318219251930714
6743,0.019946465268731117,0.020318499375134705
6744,0.020248550921678543,0.020320886950939893
6745,0.019850226119160652,0.0203220995888114
6746,0.019964363425970078,0.020314328130334614
6747,0.019737131893634796,0.02030580898746848
6748,0.020293865352869034,0.020309438947588205
6749,0.019938811659812927,0.02031095279380679
6750,0.02069064788520336,0.020314223207533358
6751,0.020794229581952095,0.020321054700762033
6752,0.020444806665182114,0.020321471728384496
6753,0.020187269896268845,0.02031949857249856
6754,0.020764656364917755,0.020329136718064546
6755,0.02010733261704445,0.020332250315696
6756,0.02070734091103077,0.020338602140545847
6757,0.02092507854104042,0.020349678043276073
6758,0.02013828232884407,0.02034329477697611
6759,0.020092004910111427,0.020335878357291223
6760,0.02031434327363968,0.020339904576539992
6761,0.019928038120269775,0.020337942596524952
6762,0.020457718521356583,0.02034459849819541
6763,0.02068808302283287,0.02035088812932372
6764,0.020264647901058197,0.02035763902589679
6765,0.02012474462389946,0.020356984976679086
6766,0.020195597782731056,0.020360665433108806
6767,0.020412951707839966,0.02035812731832266
6768,0.019994808360934258,0.020349698569625617
6769,0.020381681621074677,0.020353948567062616
6770,0.02062167413532734,0.020355577915906906
6771,0.020169558003544807,0.02035390757024288
6772,0.0200892873108387,0.020352464299649
6773,0.02020627073943615,0.020351714622229337
6774,0.020284540951251984,0.020354387145489455
6775,0.01963052526116371,0.02034678654745221
6776,0.02082720957696438,0.020356760434806345
6777,0.020785214379429817,0.020361932553350927
6778,0.020092405378818512,0.02036148777231574
6779,0.020200230181217194,0.020361515041440726
6780,0.020102202892303467,0.020356446485966444
6781,0.02035227045416832,0.020360685717314482
6782,0.019718870520591736,0.02035299362614751
6783,0.02070837840437889,0.020357805769890547
6784,0.02081247791647911,0.020365364495664836
6785,0.019978385418653488,0.02036157190799713
6786,0.020105816423892975,0.020360725186765193
6787,0.02014169469475746,0.020361168421804906
6788,0.020174846053123474,0.02036197081208229
6789,0.02000516653060913,0.02036401329562068
6790,0.019614826887845993,0.020359208658337593
6791,0.019632168114185333,0.020356526374816896
6792,0.01976351998746395,0.02035592859610915
6793,0.019562240689992905,0.020352977942675352
6794,0.019857250154018402,0.020350309554487467
6795,0.019769545644521713,0.020348147973418235
6796,0.01973017118871212,0.02034621750935912
6797,0.01969011500477791,0.020339604690670966
6798,0.019723273813724518,0.020339097790420056
6799,0.01958460360765457,0.02032874070107937
6800,0.0198181364685297,0.020314610470086335
6801,0.01978657953441143,0.020308269094675778
6802,0.01952933892607689,0.020300111789256333
6803,0.01960846409201622,0.020290127601474525
6804,0.01992831379175186,0.020287663117051123
6805,0.01963392086327076,0.020277885124087333
6806,0.02041047066450119,0.02027550831437111
6807,0.02023155614733696,0.02027493841946125
6808,0.020374078303575516,0.020276659913361073
6809,0.02031617984175682,0.020273740105330944
6810,0.020037299022078514,0.020272391978651286
6811,0.019994579255580902,0.020260770488530398
6812,0.020030096173286438,0.020249346420168877
6813,0.019926264882087708,0.020244755782186985
6814,0.020279381424188614,0.020243330150842665
6815,0.019927190616726875,0.020236188378185034
6816,0.02049516700208187,0.020235242694616316
6817,0.02047395147383213,0.020237451363354923
6818,0.02006068453192711,0.020226845368742943
6819,0.01986784115433693,0.020213967245072125
6820,0.019810494035482407,0.0202078115940094
6821,0.019775791093707085,0.02020273922011256
6822,0.02003299444913864,0.020198459699749947
6823,0.01981307379901409,0.02019240425899625
6824,0.020274080336093903,0.020196596924215555
6825,0.020098881796002388,0.020188622400164603
6826,0.02019568718969822,0.020183594431728125
6827,0.020509090274572372,0.020174763817340135
6828,0.019686490297317505,0.02015855135396123
6829,0.02095012366771698,0.02016434196382761
6830,0.02079717069864273,0.020166278108954428
6831,0.020360905677080154,0.02016487777233124
6832,0.02049991488456726,0.020164220463484525
6833,0.02040666900575161,0.02016661286354065
6834,0.019955642521381378,0.020158070623874664
6835,0.020787883549928665,0.020155608393251895
6836,0.020661983639001846,0.02016013838350773
6837,0.020191561430692673,0.020158425737172365
6838,0.020055903121829033,0.02015681706368923
6839,0.020177561789751053,0.020156991332769394
6840,0.020015288144350052,0.02015638679265976
6841,0.020230896770954132,0.020156590491533278
6842,0.019780965521931648,0.020153269674628972
6843,0.020578647032380104,0.020159591492265462
6844,0.02057298645377159,0.020162835847586394
6845,0.01984545588493347,0.020162788145244123
6846,0.019680801779031754,0.020159952528774738
6847,0.020374899730086327,0.020166330207139253
6848,0.020135581493377686,0.02016474736854434
6849,0.020050132647156715,0.02016586057841778
6850,0.019897466525435448,0.020157928764820098
6851,0.020166661590337753,0.020151653084903954
6852,0.019834375008940697,0.020145548768341542
6853,0.02025429718196392,0.020146219041198492
6854,0.020026318728923798,0.020138835664838553
6855,0.020112767815589905,0.020138890016824007
6856,0.019958296790719032,0.02013139957562089
6857,0.019894329831004143,0.020121092088520528
6858,0.01977383717894554,0.020117447637021543
6859,0.020098866894841194,0.02011751625686884
6860,0.019997945055365562,0.0201143522746861
6861,0.019711332395672798,0.02011218521744013
6862,0.019556161016225815,0.02010316964238882
6863,0.020267300307750702,0.020098961815238
6864,0.02005881443619728,0.02009690348058939
6865,0.019758746027946472,0.02009324349462986
6866,0.01970766857266426,0.020088364202529192
6867,0.019894925877451897,0.02008318394422531
6868,0.01978836953639984,0.02008111955597997
6869,0.01983543485403061,0.020075657088309527
6870,0.019731029868125916,0.020066750645637513
6871,0.019843317568302155,0.020063488241285087
6872,0.019776927307248116,0.02006036464124918
6873,0.019645093008875847,0.02005475286394358
6874,0.019459424540400505,0.020046501699835063
6875,0.020204465836286545,0.02005224110558629
6876,0.020094826817512512,0.02004491727799177
6877,0.019515568390488625,0.02003222081810236
6878,0.019435925409197807,0.020025656018406154
6879,0.019882485270500183,0.020022478569298983
6880,0.019607093185186386,0.020017527472227813
6881,0.02009826898574829,0.020014987457543612
6882,0.020281346514821053,0.020020612217485904
6883,0.019451092928647995,0.020008039362728595
6884,0.020373692736029625,0.020003651510924102
6885,0.019931066781282425,0.02000317832455039
6886,0.020083531737327576,0.020002955477684735
6887,0.019877268001437187,0.020000311210751534
6888,0.019957710057497025,0.01999813985079527
6889,0.019990185275673866,0.019997990038245917
6890,0.019837580621242523,0.020000217575579883
6891,0.019733097404241562,0.020001226868480444
6892,0.019573450088500977,0.019999326169490815
6893,0.01977650076150894,0.020001468770205973
6894,0.019678479060530663,0.019999681059271097
6895,0.019703572615981102,0.01999902132898569
6896,0.01949768140912056,0.019996696431189776
6897,0.019715115427970886,0.019996946435421704
6898,0.0195979792624712,0.01999569348990917
6899,0.01974775269627571,0.019997324980795383
6900,0.01976722851395607,0.019996815901249645
6901,0.01950806751847267,0.019994030781090258
6902,0.019851693883538246,0.019997254330664873
6903,0.019717451184988022,0.01999834420159459
6904,0.01971466839313507,0.01999620774760842
6905,0.019864406436681747,0.01999851260334253
6906,0.019601566717028618,0.019990423563867807
6907,0.01959739625453949,0.019984081964939834
6908,0.01947997510433197,0.0199751409329474
6909,0.019633349031209946,0.01996831262484193
6910,0.019639169797301292,0.019964331332594155
6911,0.01931476965546608,0.01995753323659301
6912,0.019734345376491547,0.01995457572862506
6913,0.01968737505376339,0.019952186830341816
6914,0.01975736767053604,0.01994696669280529
6915,0.019586417824029922,0.01994355896487832
6916,0.019772663712501526,0.019936333931982516
6917,0.01977994106709957,0.01992939382791519
6918,0.02001449465751648,0.019928931929171084
6919,0.019909614697098732,0.019929349664598705
6920,0.01972765102982521,0.01992852123454213
6921,0.01988016813993454,0.019929565005004406
6922,0.019711270928382874,0.01992634776979685
6923,0.019675761461257935,0.019924974646419288
6924,0.019599881023168564,0.019918232653290034
6925,0.019499879330396652,0.019912242628633975
6926,0.019689297303557396,0.019907178729772566
6927,0.01970195397734642,0.019899107366800308
6928,0.019528143107891083,0.019897523894906045
6929,0.01963989809155464,0.01988442163914442
6930,0.019942494109272957,0.019875874873250723
6931,0.01949463225901127,0.019867212139070035
6932,0.02039416879415512,0.019866154678165913
6933,0.020369017496705055,0.019865778163075446
6934,0.020471442490816116,0.019870936162769793
6935,0.020240042358636856,0.019865457750856876
6936,0.02000783197581768,0.019858916234225036
6937,0.019881101325154305,0.01985581163316965
6938,0.01981038972735405,0.0198533564992249
6939,0.01962045580148697,0.01984778543934226
6940,0.020297519862651825,0.01985060775652528
6941,0.019969794899225235,0.019847996737807988
6942,0.020076550543308258,0.019850952588021754
6943,0.020125094801187515,0.019846417065709828
6944,0.01974361762404442,0.01983812337741256
6945,0.019619528204202652,0.019835864100605248
6946,0.019659968093037605,0.019835655763745307
6947,0.019388332962989807,0.019825790096074342
6948,0.020139040425419807,0.019825824685394764
6949,0.01992131397128105,0.019824536498636008
6950,0.01992921158671379,0.01982485394924879
6951,0.019882459193468094,0.019822011925280093
6952,0.019667280837893486,0.01982034098356962
6953,0.01973383128643036,0.019815136324614287
6954,0.019609609618782997,0.019810969233512877
6955,0.019466599449515343,0.01980450754985213
6956,0.01985546201467514,0.019803479202091693
6957,0.019554508849978447,0.019800080992281435
6958,0.020085610449314117,0.01980319872498512
6959,0.019973522052168846,0.0198019452765584
6960,0.01966165378689766,0.01979858236387372
6961,0.019557682797312737,0.01979704586789012
6962,0.01981668546795845,0.019799651112407446
6963,0.019561752676963806,0.019792595636099575
6964,0.020044930279254913,0.019792456794530153
6965,0.02002885192632675,0.019795157853513955
6966,0.019655946642160416,0.019794640634208917
6967,0.01960943639278412,0.01979178573936224
6968,0.019578970968723297,0.019789691753685473
6969,0.019382202997803688,0.019785159435123205
6970,0.019952645525336266,0.01978737559169531
6971,0.01978546753525734,0.019786797091364862
6972,0.02004919946193695,0.01978951981291175
6973,0.02026187628507614,0.019795687645673753
6974,0.01939389482140541,0.0197950323484838
6975,0.020405638962984085,0.019797044079750775
6976,0.02028515934944153,0.019798947405070065
6977,0.0203421488404274,0.019807213209569453
6978,0.020422251895070076,0.019817076474428177
6979,0.019796710461378098,0.019816218726336956
6980,0.019925309345126152,0.019819400887936354
6981,0.019831031560897827,0.019816728513687848
6982,0.019641678780317307,0.01981033183634281
6983,0.019526444375514984,0.019811085350811483
6984,0.01945318654179573,0.01980188028886914
6985,0.019359560683369637,0.019796165227890013
6986,0.019612252712249756,0.019791452437639235
6987,0.019403960555791855,0.019786719363182784
6988,0.019467294216156006,0.019781815204769373
6989,0.0193493589758873,0.019775406941771507
6990,0.019506219774484634,0.019772093333303927
6991,0.019312262535095215,0.019767884984612464
6992,0.02017580345273018,0.01977390851825476
6993,0.020181357860565186,0.019777957089245318
6994,0.020057106390595436,0.019781743362545966
6995,0.020169299095869064,0.019786400627344845
6996,0.020302992314100266,0.019794453736394643
6997,0.020126305520534515,0.01979856563732028
6998,0.020107712596654892,0.019803662970662116
6999,0.01993718557059765,0.019805557299405335
7000,0.020135655999183655,0.019809241574257612
7001,0.019842088222503662,0.01981258178129792
7002,0.020299158990383148,0.01981705643236637
7003,0.020085996016860008,0.01982074188068509
7004,0.019755152985453606,0.019821146726608275
7005,0.019826136529445648,0.019820764027535916
7006,0.020113319158554077,0.01982588155195117
7007,0.019395630806684494,0.01982386389747262
7008,0.020144496113061905,0.01983050910755992
7009,0.02020353451371193,0.01983621096238494
7010,0.019741889089345932,0.019837238155305387
7011,0.019682422280311584,0.019840914681553842
7012,0.019850173965096474,0.01984207296743989
7013,0.019725944846868515,0.019842458665370943
7014,0.019907813519239426,0.019843963123857975
7015,0.02008182927966118,0.01984891723841429
7016,0.019794397056102753,0.0198491345718503
7017,0.019721295684576035,0.019848548118025066
7018,0.019904330372810364,0.019847446475178002
7019,0.019838130101561546,0.01984673162922263
7020,0.01976434886455536,0.019847098607569932
7021,0.019603829830884933,0.019844335224479436
7022,0.019823480397462845,0.019845457319170236
7023,0.019953936338424683,0.019848239067941906
7024,0.019741643220186234,0.01984965668991208
7025,0.019622135907411575,0.01985087925568223
7026,0.01988481730222702,0.019852834455668926
7027,0.01940102130174637,0.019849825128912927
7028,0.020603667944669724,0.019860580377280713
7029,0.020923612639307976,0.019873417522758244
7030,0.02040841057896614,0.019878076687455178
7031,0.020051952451467514,0.01988364988937974
7032,0.019945606589317322,0.019879164267331363
7033,0.020052336156368256,0.019875997453927995
7034,0.019778680056333542,0.01986906982958317
7035,0.020047640427947044,0.01986714581027627
7036,0.01979430764913559,0.01986501056700945
7037,0.020426612347364426,0.01987046567723155
7038,0.02043677121400833,0.019876729492098094
7039,0.019971225410699844,0.019880237188190222
7040,0.02028534561395645,0.01988011544570327
7041,0.019885851070284843,0.019879276007413862
7042,0.019885584712028503,0.019877366349101068
7043,0.01998557522892952,0.019875971153378486
7044,0.01951383240520954,0.019873673301190137
7045,0.01972590573132038,0.019874737076461316
7046,0.019517576321959496,0.019873313158750534
7047,0.019553689286112785,0.019874966721981763
7048,0.01932782307267189,0.019866854548454285
7049,0.019691288471221924,0.019864554293453695
7050,0.019376466050744057,0.019859026838093995
7051,0.019740737974643707,0.019857609625905753
7052,0.019732879474759102,0.019858265612274408
7053,0.019357062876224518,0.01985449792817235
7054,0.01941857859492302,0.01985258761793375
7055,0.019496193155646324,0.01985288355499506
7056,0.019602062180638313,0.01985034955665469
7057,0.01939031481742859,0.019848707616329193
7058,0.019391033798456192,0.019841761849820613
7059,0.01923934742808342,0.01983442010357976
7060,0.01967499405145645,0.019834553506225348
7061,0.01942121610045433,0.019833188839256763
7062,0.019619055092334747,0.019831212535500527
7063,0.019660595804452896,0.019832200966775418
7064,0.019497185945510864,0.019826723523437978
7065,0.019469652324914932,0.01982113152742386
7066,0.019372200593352318,0.019818294066935777
7067,0.019428659230470657,0.019816486295312644
7068,0.01936241053044796,0.01981432069092989
7069,0.019208136945962906,0.019812580030411482
7070,0.01956675574183464,0.019808721132576465
7071,0.0193546861410141,0.019804413318634032
7072,0.019366823136806488,0.01979758955538273
7073,0.01934722065925598,0.019788442999124526
7074,0.019508345052599907,0.019789587501436473
7075,0.019518807530403137,0.019780719187110662
7076,0.019229138270020485,0.01977015897631645
7077,0.019555918872356415,0.019762296676635743
7078,0.01940741389989853,0.019752148296684025
7079,0.019405260682106018,0.019748233798891304
7080,0.019470060244202614,0.01974368130788207
7081,0.019119514152407646,0.01973656613379717
7082,0.01955052837729454,0.019735654629766942
7083,0.01955973543226719,0.019735987540334465
7084,0.019293304532766342,0.01973438872024417
7085,0.0191683117300272,0.019732476230710744
7086,0.019276300445199013,0.01972911670804024
7087,0.019371844828128815,0.01972879555076361
7088,0.019281256943941116,0.019726935178041458
7089,0.019326750189065933,0.019726709090173246
7090,0.019073456525802612,0.019722381457686424
7091,0.019698387011885643,0.01972624270245433
7092,0.019530821591615677,0.019719792883843183
7093,0.019810937345027924,0.01971608867868781
7094,0.019930336624383926,0.019714820981025696
7095,0.019553516060113907,0.019708663150668146
7096,0.020219821482896805,0.01970783144235611
7097,0.02018570527434349,0.0197084254398942
7098,0.01956341229379177,0.01970298243686557
7099,0.02014053985476494,0.019705015979707242
7100,0.019885919988155365,0.01970251861959696
7101,0.019687123596668243,0.019700968973338603
7102,0.02004307135939598,0.019698408097028733
7103,0.0198652446269989,0.01969620058313012
7104,0.019700754433870316,0.019695656597614287
7105,0.0194832943379879,0.01969222817569971
7106,0.019463496282696724,0.019685729946941136
7107,0.019807279109954834,0.01968984642997384
7108,0.019329223781824112,0.019681693706661462
7109,0.019616778939962387,0.019675826150923968
7110,0.019934389740228653,0.019677751157432796
7111,0.019329309463500977,0.019674220029264687
7112,0.019453294575214386,0.01967025123536587
7113,0.019203439354896545,0.019665026180446146
7114,0.01964373141527176,0.01966238535940647
7115,0.01995272934436798,0.01966109436005354
7116,0.01909654587507248,0.019654115848243236
7117,0.02090764045715332,0.01966597929596901
7118,0.021739093586802483,0.019684326928108932
7119,0.020794633775949478,0.01969389196485281
7120,0.020351985469460487,0.01969976833090186
7121,0.02125520631670952,0.019716282095760106
7122,0.021164201200008392,0.01972968930378556
7123,0.020571596920490265,0.01973586590960622
7124,0.020599443465471268,0.019744443912059068
7125,0.02075158804655075,0.01975573843345046
7126,0.020244920626282692,0.019759339466691016
7127,0.02027963101863861,0.01976812556385994
7128,0.020197004079818726,0.01976405892521143
7129,0.020283164456486702,0.01975765444338322
7130,0.020138345658779144,0.019754953794181348
7131,0.01990044303238392,0.01975343869999051
7132,0.019930044189095497,0.019753283075988292
7133,0.019670136272907257,0.019749461077153682
7134,0.02016875147819519,0.019753361791372298
7135,0.019526729360222816,0.019748152680695057
7136,0.0215365719050169,0.01976557532325387
7137,0.02215411514043808,0.019782850351184607
7138,0.020826905965805054,0.019786751698702573
7139,0.02069227583706379,0.01979396220296621
7140,0.02066659927368164,0.019797774739563467
7141,0.020811744034290314,0.01980703366920352
7142,0.020443972200155258,0.01981261754408479
7143,0.020883910357952118,0.019821600895375012
7144,0.02069755643606186,0.019833438135683536
7145,0.02036619931459427,0.019839841071516276
7146,0.019823195412755013,0.01984289726242423
7147,0.02026085928082466,0.01984996896237135
7148,0.02032621018588543,0.019859952833503485
7149,0.02045634761452675,0.01986760342493653
7150,0.02043953910470009,0.019878234155476092
7151,0.020350351929664612,0.0198843302950263
7152,0.019982602447271347,0.019886827524751426
7153,0.020228039473295212,0.01989553729072213
7154,0.019701004028320312,0.019898361545056104
7155,0.020413976162672043,0.019907539375126362
7156,0.020544465631246567,0.019916963409632445
7157,0.019874829798936844,0.019921808559447526
7158,0.019578304141759872,0.019923681262880563
7159,0.019950268790125847,0.01993079047650099
7160,0.019687917083501816,0.01993091970682144
7161,0.02015194296836853,0.019938226975500583
7162,0.019985444843769073,0.019941890873014928
7163,0.019990764558315277,0.019945192560553552
7164,0.019849300384521484,0.019948713704943655
7165,0.019743770360946655,0.019951454885303973
7166,0.019821831956505775,0.01995595119893551
7167,0.019505342468619347,0.019956718031316996
7168,0.019502142444252968,0.019958115350455045
7169,0.019565755501389503,0.01996169153600931
7170,0.01950957253575325,0.019961119703948496
7171,0.019484899938106537,0.01996242184191942
7172,0.019409142434597015,0.019962845034897328
7173,0.019450629130005836,0.019963879119604826
7174,0.019352799281477928,0.019962323661893606
7175,0.019770555198192596,0.019964841138571502
7176,0.019497975707054138,0.019967529512941836
7177,0.019859591498970985,0.019970566239207982
7178,0.019635580480098724,0.019972847905009986
7179,0.019919276237487793,0.019977988060563803
7180,0.02000799961388111,0.01998336745426059
7181,0.019436074420809746,0.01998653305694461
7182,0.019596600905060768,0.01998699378222227
7183,0.019471406936645508,0.019986110497266053
7184,0.019632255658507347,0.019989500008523464
7185,0.019382942467927933,0.019991646315902473
7186,0.020057277753949165,0.019999456088989974
7187,0.01985066756606102,0.020004244316369296
7188,0.01966467872262001,0.020008078534156083
7189,0.019708652049303055,0.020011897552758454
7190,0.01958811655640602,0.02001704415306449
7191,0.019281866028904915,0.020012878943234683
7192,0.019873103126883507,0.02001630175858736
7193,0.0196840800344944,0.020015033185482024
7194,0.01957722008228302,0.020011502020061016
7195,0.019465794786810875,0.020010624807327987
7196,0.019654259085655212,0.02000496918335557
7197,0.01963041163980961,0.01999941624701023
7198,0.019430702552199364,0.019998089149594306
7199,0.01941441185772419,0.0199908278696239
7200,0.01928197592496872,0.019984788428992033
7201,0.019498948007822037,0.01998290667310357
7202,0.01925598457455635,0.019975035805255174
7203,0.019719045609235764,0.01997357381507754
7204,0.0192812979221344,0.019969379249960183
7205,0.019903305917978287,0.019973579365760087
7206,0.019878411665558815,0.01997772851958871
7207,0.019459769129753113,0.019974253419786692
7208,0.019510522484779358,0.019976066406816245
7209,0.01977258175611496,0.01997762443497777
7210,0.01960308849811554,0.019974311422556637
7211,0.019731644541025162,0.01997833477333188
7212,0.01978917419910431,0.01998169356957078
7213,0.019617315381765366,0.019985832329839467
7214,0.019390638917684555,0.019983301404863596
7215,0.019694607704877853,0.019980720188468696
7216,0.019426269456744194,0.019984017424285412
7217,0.01950656995177269,0.019970006719231607
7218,0.019278760999441147,0.019945403393357992
7219,0.01957668922841549,0.01993322394788265
7220,0.019463293254375458,0.019924337025731802
7221,0.019299406558275223,0.019904779028147458
7222,0.019234566017985344,0.01988548267632723
7223,0.019338607788085938,0.019873152785003186
7224,0.019189875572919846,0.01985905710607767
7225,0.019680645316839218,0.019848347678780555
7226,0.019699007272720337,0.019842888545244932
7227,0.019146237522363663,0.019831554610282184
7228,0.019354667514562607,0.019823131244629623
7229,0.019060607999563217,0.019810905680060387
7230,0.019155405461788177,0.01980107627809048
7231,0.019163750112056732,0.019793709348887203
7232,0.01902119442820549,0.019784620851278304
7233,0.019071321934461594,0.01977863270789385
7234,0.01897449418902397,0.019766690135002138
7235,0.01911400817334652,0.019762562923133373
7236,0.018930766731500626,0.01973650487139821
7237,0.01933586597442627,0.019708322379738092
7238,0.019216202199459076,0.01969221534207463
7239,0.019138606265187263,0.019676678646355868
7240,0.019300559535622597,0.019663018248975275
7241,0.019173402339220047,0.019646634832024574
7242,0.019168466329574585,0.019633879773318767
7243,0.019265886396169662,0.019617699533700943
7244,0.019154082983732224,0.019602264799177645
7245,0.019042223691940308,0.019589025042951107
7246,0.01915259100496769,0.019582318998873235
7247,0.01930980570614338,0.01957280846312642
7248,0.01896132156252861,0.019559159576892853
7249,0.019712546840310097,0.019551721569150686
7250,0.01981513202190399,0.019545477498322725
7251,0.01966315694153309,0.01953860554844141
7252,0.01998089626431465,0.019538588486611844
7253,0.01970597170293331,0.019533367808908225
7254,0.01958170160651207,0.019532174784690142
7255,0.01950855925679207,0.019523120615631342
7256,0.019415829330682755,0.019511834252625704
7257,0.019521135836839676,0.01950829731300473
7258,0.019417840987443924,0.019506692681461574
7259,0.01937643252313137,0.01950095431879163
7260,0.019425537437200546,0.019498330522328616
7261,0.019190557301044464,0.019488716665655374
7262,0.019546683877706528,0.01948432905599475
7263,0.019145779311656952,0.019475879203528165
7264,0.019850319251418114,0.019475889392197132
7265,0.019921302795410156,0.019477664716541766
7266,0.019730761647224426,0.019476754013448953
7267,0.019623590633273125,0.01947793649509549
7268,0.019635550677776337,0.019479270577430725
7269,0.019590631127357483,0.019479519333690406
7270,0.019382014870643616,0.01947824375703931
7271,0.019494369626045227,0.019478338453918696
7272,0.019261112436652184,0.019476858153939246
7273,0.019604193046689034,0.019478393793106077
7274,0.01915832981467247,0.019476449098438025
7275,0.019797882065176964,0.019476722367107867
7276,0.020042184740304947,0.019482164457440377
7277,0.019745614379644394,0.01948102468624711
7278,0.01956602931022644,0.019480329174548387
7279,0.019836463034152985,0.01947950104251504
7280,0.01964111626148224,0.019475832208991052
7281,0.019507087767124176,0.019476542342454196
7282,0.019456947222352028,0.019475145805627106
7283,0.019875796511769295,0.019479189701378345
7284,0.019842298701405525,0.019481290131807327
7285,0.01937871426343918,0.01948124784976244
7286,0.01976073905825615,0.01947828246280551
7287,0.019378092139959335,0.019473556708544493
7288,0.01981901377439499,0.019475100059062243
7289,0.01988258585333824,0.019476839397102593
7290,0.019464528188109398,0.019475603513419627
7291,0.019625190645456314,0.019479036759585143
7292,0.01944885402917862,0.019474794268608094
7293,0.019526394084095955,0.01947321740910411
7294,0.019077062606811523,0.019468215834349392
7295,0.020028725266456604,0.01947384513914585
7296,0.0198410302400589,0.01947571285068989
7297,0.019564546644687653,0.019475054200738667
7298,0.019686955958604813,0.019477616734802722
7299,0.01988932490348816,0.01948236586526036
7300,0.019564243033528328,0.019485188536345958
7301,0.02005666308104992,0.019490765687078238
7302,0.020070206373929977,0.019498907905071975
7303,0.019452374428510666,0.01949624119326472
7304,0.01946916989982128,0.01949811991304159
7305,0.019530821591615677,0.019494395069777966
7306,0.019280852749943733,0.019488419480621813
7307,0.01972261443734169,0.0194910479336977
7308,0.019365809857845306,0.01948960080742836
7309,0.01983606442809105,0.01949023563414812
7310,0.01991834118962288,0.019493388161063194
7311,0.01941099390387535,0.019490181654691695
7312,0.019226834177970886,0.019484558254480363
7313,0.019442610442638397,0.01948281120508909
7314,0.01920926198363304,0.019480997435748576
7315,0.019404245540499687,0.019478093814104796
7316,0.019443463534116745,0.019478265754878522
7317,0.019341064617037773,0.019476610701531172
7318,0.019092164933681488,0.019474744740873576
7319,0.019249126315116882,0.01947146911174059
7320,0.019318755716085434,0.01947002373635769
7321,0.018929412588477135,0.019466323796659708
7322,0.01914491131901741,0.019465427249670028
7323,0.01939404010772705,0.01946598157286644
7324,0.019021358340978622,0.01946429640054703
7325,0.020034408196806908,0.019467834029346705
7326,0.020101536065340042,0.0194718593172729
7327,0.01954551786184311,0.019475852120667696
7328,0.019593778997659683,0.01947824323549867
7329,0.01966106705367565,0.019484247826039792
7330,0.019385885447263718,0.019486552625894545
7331,0.01943790353834629,0.019489294160157444
7332,0.019364889711141586,0.019492731112986803
7333,0.019633203744888306,0.01949834993109107
7334,0.019617926329374313,0.019504784252494575
7335,0.01936369016766548,0.019507281072437762
7336,0.019529232755303383,0.01951326573267579
7337,0.01912786439061165,0.019511185716837645
7338,0.019386466592550278,0.019512888360768556
7339,0.019520167261362076,0.019516703970730305
7340,0.019164742901921272,0.01951534580439329
7341,0.019238198176026344,0.019515993762761353
7342,0.01924317330121994,0.019516740832477807
7343,0.019123632460832596,0.019515318293124438
7344,0.019453465938568115,0.019518312122672795
7345,0.0191718190908432,0.019519608076661824
7346,0.019536854699254036,0.019523450713604687
7347,0.01983591727912426,0.019528711829334498
7348,0.019300997257232666,0.019532108586281537
7349,0.019552631303668022,0.019530509430915118
7350,0.019549869000911713,0.019527856800705193
7351,0.019322047010064125,0.019524445701390506
7352,0.019623426720499992,0.01952087100595236
7353,0.019226375967264175,0.019516075048595666
7354,0.019604012370109558,0.01951629815623164
7355,0.019781626760959625,0.01951902883127332
7356,0.019363246858119965,0.01951850300654769
7357,0.019874364137649536,0.01952203528955579
7358,0.01951967179775238,0.019523053597658872
7359,0.01958850584924221,0.01952517433091998
7360,0.019960200414061546,0.01953052096068859
7361,0.019668862223625183,0.0195353040099144
7362,0.019238758832216263,0.019532224759459496
7363,0.0202539823949337,0.019543306790292262
7364,0.01989225670695305,0.019543726164847612
7365,0.020223433151841164,0.019546747468411924
7366,0.020386386662721634,0.019553303718566895
7367,0.01937456801533699,0.019550813492387534
7368,0.01997629925608635,0.019554220978170632
7369,0.020079731941223145,0.01955911198630929
7370,0.019588731229305267,0.019561179149895906
7371,0.01961795799434185,0.019562415033578872
7372,0.01920522004365921,0.01956185610964894
7373,0.019355610013008118,0.019559370279312135
7374,0.01948378048837185,0.01956262478604913
7375,0.019571226090192795,0.019560358226299285
7376,0.019364599138498306,0.01955358237028122
7377,0.019337192177772522,0.0195494981482625
7378,0.019368305802345276,0.01954752091318369
7379,0.01917700096964836,0.019540926292538643
7380,0.019044168293476105,0.01953495681285858
7381,0.019361253827810287,0.019533498473465444
7382,0.019180364906787872,0.0195307326503098
7383,0.01949979178607464,0.019526972603052854
7384,0.019289039075374603,0.019521440006792547
7385,0.019342266023159027,0.019521075524389742
7386,0.01934101991355419,0.019516878332942723
7387,0.019096210598945618,0.019514059517532586
7388,0.019428594037890434,0.019510155320167543
7389,0.018953273072838783,0.019500862192362547
7390,0.019712068140506744,0.01950333759188652
7391,0.01980604976415634,0.01950514618307352
7392,0.01943707838654518,0.019505028426647187
7393,0.019340701401233673,0.019503171499818565
7394,0.019706353545188904,0.019509464409202336
7395,0.01944580301642418,0.019503635186702013
7396,0.019274825230240822,0.01949797313660383
7397,0.01925995573401451,0.0194949272274971
7398,0.019221577793359756,0.019490273445844652
7399,0.019333984702825546,0.019484720043838024
7400,0.019180553033947945,0.01948088314384222
7401,0.019376389682292938,0.01947408040985465
7402,0.019381733611226082,0.01946719568222761
7403,0.019244052469730377,0.019465112462639808
7404,0.01934628002345562,0.019463883563876152
7405,0.019116386771202087,0.019459739215672015
7406,0.01958915963768959,0.019462822284549475
7407,0.01938440464437008,0.01945944018661976
7408,0.01972673460841179,0.019463049434125423
7409,0.019865412265062332,0.019463342912495137
7410,0.01913665235042572,0.019455526024103165
7411,0.01969522424042225,0.019458368327468632
7412,0.01961786486208439,0.019462278634309767
7413,0.019507253542542458,0.01946292506530881
7414,0.01933278515934944,0.019464160297065974
7415,0.01940491981804371,0.019464167039841412
7416,0.01934381201863289,0.019463170524686574
7417,0.019320400431752205,0.01946296388283372
7418,0.01920420676469803,0.019464084301143884
7419,0.01934916526079178,0.019465084690600633
7420,0.01891116239130497,0.019461008757352828
7421,0.019483502954244614,0.019466549661010503
7422,0.019391562789678574,0.019469016175717117
7423,0.019205866381525993,0.019467134438455106
7424,0.019175127148628235,0.0194686721265316
7425,0.019123714417219162,0.019459565188735723
7426,0.019101953133940697,0.01944956935942173
7427,0.019416874274611473,0.019448282923549415
7428,0.019173771142959595,0.019444082845002413
7429,0.01965535432100296,0.019444025717675686
7430,0.01996554806828499,0.019449822343885897
7431,0.019041452556848526,0.01944585783407092
7432,0.019904449582099915,0.019451253432780504
7433,0.019928323104977608,0.019454204626381397
7434,0.01949826441705227,0.019453008007258177
7435,0.019599003717303276,0.019455361142754556
7436,0.019311483949422836,0.019453183654695748
7437,0.019373105838894844,0.01945563606917858
7438,0.01934136636555195,0.019455185066908597
7439,0.019256820902228355,0.01945255160331726
7440,0.019612349569797516,0.019457027669996022
7441,0.019113846123218536,0.019455784149467945
7442,0.01920907571911812,0.019455443173646926
7443,0.019252214580774307,0.019456728994846344
7444,0.01902850717306137,0.019452479407191275
7445,0.019005918875336647,0.01945082040503621
7446,0.019075050950050354,0.019446202367544175
7447,0.01938185840845108,0.01944166177883744
7448,0.01905963569879532,0.01943924816325307
7449,0.019800152629613876,0.019441723376512527
7450,0.01989683508872986,0.019445193037390708
7451,0.019597027450799942,0.019447942841798068
7452,0.019709512591362,0.019448803700506688
7453,0.019497189670801163,0.019451511837542058
7454,0.01926959492266178,0.01944816766306758
7455,0.019305339083075523,0.01944340478628874
7456,0.019147224724292755,0.019441244564950465
7457,0.01946963742375374,0.019437197297811508
7458,0.019381750375032425,0.01943581808358431
7459,0.018974842503666878,0.019429681450128557
7460,0.019306842237710953,0.019423147868365048
7461,0.019224178045988083,0.01941870102658868
7462,0.019277621060609818,0.019419089648872612
7463,0.019086580723524094,0.019407415632158517
7464,0.019117865711450577,0.01939967172220349
7465,0.01919720508158207,0.0193894094415009
7466,0.019116586074233055,0.019376711435616017
7467,0.019029323011636734,0.019373258985579015
7468,0.019165674224495888,0.01936515273526311
7469,0.01909128949046135,0.019355268310755493
7470,0.018990956246852875,0.019349290560930966
7471,0.019004464149475098,0.0193431556224823
7472,0.01903376169502735,0.01934144103899598
7473,0.018858084455132484,0.019336465783417224
7474,0.01886313036084175,0.019330259282141923
7475,0.01897832565009594,0.019324330277740956
7476,0.01876179501414299,0.0193183022364974
7477,0.018898293375968933,0.019313913248479368
7478,0.01884949579834938,0.01930872514843941
7479,0.018774356693029404,0.019304698705673216
7480,0.01886063814163208,0.01930286340415478
7481,0.018770374357700348,0.019296954609453677
7482,0.018909234553575516,0.019294243305921555
7483,0.01869850791990757,0.019286230467259885
7484,0.018879130482673645,0.019282131381332876
7485,0.01891440525650978,0.019277852773666383
7486,0.018915103748440742,0.019273593612015246
7487,0.018848925828933716,0.019271120764315128
7488,0.01869986765086651,0.019263833500444888
7489,0.019270535558462143,0.019267006125301123
7490,0.019110821187496185,0.019260993655771018
7491,0.019259734079241753,0.019255530498921872
7492,0.019203538075089455,0.019253195095807314
7493,0.01920275390148163,0.019251815620809794
7494,0.01908426359295845,0.01924559472128749
7495,0.01944769360125065,0.019245613627135755
7496,0.019174298271536827,0.019244608357548713
7497,0.019609913229942322,0.01924810793250799
7498,0.019599031656980515,0.019251882471144198
7499,0.019731072708964348,0.01925585335120559
7500,0.019502196460962296,0.01925906978547573
7501,0.019776616245508194,0.019263072051107884
7502,0.019440945237874985,0.01926366416737437
7503,0.01952812448143959,0.019266504887491466
7504,0.0193793885409832,0.019266835972666742
7505,0.01942446269094944,0.019269916731864213
7506,0.019346199929714203,0.01926748713478446
7507,0.019182614982128143,0.01926546923816204
7508,0.019001193344593048,0.019258213825523854
7509,0.019481264054775238,0.01925437234342098
7510,0.01916174590587616,0.019254623278975487
7511,0.01969321444630623,0.019254603181034325
7512,0.019591400399804115,0.019254338536411522
7513,0.019368546083569527,0.019252951461821793
7514,0.019193626940250397,0.019251559879630804
7515,0.01919497177004814,0.019249460399150847
7516,0.019209738820791245,0.019248119667172433
7517,0.019252175465226173,0.01924743741750717
7518,0.019014200195670128,0.01924553735181689
7519,0.019155962392687798,0.019243605323135852
7520,0.018824420869350433,0.019242737907916307
7521,0.019658301025629044,0.01924448588863015
7522,0.01957467943429947,0.01924631705507636
7523,0.01909603178501129,0.019245218709111212
7524,0.019171733409166336,0.019245184771716595
7525,0.0190364308655262,0.019244311936199666
7526,0.019065558910369873,0.019243947993963957
7527,0.019037052989006042,0.019240149781107902
7528,0.018749738112092018,0.019235909450799227
7529,0.01951349899172783,0.019234490897506475
7530,0.01936325803399086,0.019228467997163535
7531,0.019662540405988693,0.019234678875654936
7532,0.019690830260515213,0.01923254268243909
7533,0.019501943141222,0.01922827888280153
7534,0.019315551966428757,0.019226451758295297
7535,0.019356174394488335,0.019224023465067148
7536,0.019071022048592567,0.019221618846058844
7537,0.01954551786184311,0.019223342966288328
7538,0.0194544717669487,0.019224474020302296
7539,0.019776906818151474,0.019229674879461527
7540,0.019819973036646843,0.01923175111413002
7541,0.019036810845136642,0.0192309807613492
7542,0.019098300486803055,0.019229873009026052
7543,0.018982473760843277,0.01922717560082674
7544,0.018732652068138123,0.019224217049777507
7545,0.019767409190535545,0.019231831952929497
7546,0.019760074093937874,0.01923868218436837
7547,0.01923745684325695,0.01923723816871643
7548,0.01911061629652977,0.019237747974693777
7549,0.019248025491833687,0.019232226703315973
7550,0.01898224651813507,0.019223080817610025
7551,0.019641824066638947,0.019223528783768415
7552,0.019395407289266586,0.01922038773074746
7553,0.019485823810100555,0.019220274072140456
7554,0.019618142396211624,0.019223759546875954
7555,0.019216341897845268,0.01922286957502365
7556,0.019123900681734085,0.019222636334598066
7557,0.019118133932352066,0.019219121299684047
7558,0.019182652235031128,0.019217130318284033
7559,0.018989145755767822,0.019217273350805045
7560,0.018803998827934265,0.019212244916707276
7561,0.01891685463488102,0.019209171682596206
7562,0.018926482647657394,0.01920566029846668
7563,0.01871970295906067,0.019201991520822047
7564,0.019360724836587906,0.01920442011207342
7565,0.019099615514278412,0.019203444216400384
7566,0.019653119146823883,0.019208809547126292
7567,0.01975589245557785,0.019216075241565704
7568,0.019168175756931305,0.019216100256890058
7569,0.019162237644195557,0.0192168097384274
7570,0.019197318702936172,0.019218873362988234
7571,0.018824197351932526,0.019217070695012807
7572,0.019281931221485138,0.019219552390277384
7573,0.01938016340136528,0.019224773179739713
7574,0.019064053893089294,0.01922678241506219
7575,0.01900789886713028,0.019227078147232533
7576,0.019347622990608215,0.019232936426997183
7577,0.018963076174259186,0.019233584254980087
7578,0.019498541951179504,0.01924007471650839
7579,0.019505398347973824,0.019247385133057834
7580,0.0187980979681015,0.019246759731322526
7581,0.018902642652392387,0.01924808241426945
7582,0.019005276262760162,0.019249042831361293
7583,0.018779069185256958,0.019249848444014787
7584,0.019100867211818695,0.01925206581130624
7585,0.01887243054807186,0.019251646064221858
7586,0.019189687445759773,0.01925439190119505
7587,0.019095897674560547,0.019256861619651316
7588,0.01927671581506729,0.019262630101293324
7589,0.019214102998375893,0.019262065775692463
7590,0.018972689285874367,0.019260684456676246
7591,0.018899764865636826,0.019257084764540196
7592,0.018873654305934906,0.01925378592684865
7593,0.01883588545024395,0.019250117242336273
7594,0.018828555941581726,0.019247560165822505
7595,0.018823647871613503,0.019241319708526133
7596,0.018682587891817093,0.019236402604728937
7597,0.018687615171074867,0.019227179624140264
7598,0.018932921811938286,0.01922051852568984
7599,0.018719827756285667,0.019210406076163054
7600,0.018984442576766014,0.01920522853732109
7601,0.01880299113690853,0.019195492286235093
7602,0.019115177914500237,0.019192234613001347
7603,0.018889281898736954,0.01918584618717432
7604,0.019068919122219086,0.01918274149298668
7605,0.01899125427007675,0.019178409408777953
7606,0.018780138343572617,0.019172748792916538
7607,0.018832482397556305,0.019169247467070816
7608,0.018796738237142563,0.019167202915996315
7609,0.018749315291643143,0.019159883428364992
7610,0.018590956926345825,0.019154175538569688
7611,0.018809041008353233,0.01914533380419016
7612,0.018829932436347008,0.01913771912455559
7613,0.018766436725854874,0.01913169803097844
7614,0.018788060173392296,0.01912764236330986
7615,0.01857399381697178,0.019121432583779095
7616,0.018866220489144325,0.019117997400462626
7617,0.01856391318142414,0.019111114777624606
7618,0.01876695640385151,0.01910864233970642
7619,0.018681421875953674,0.01910389693453908
7620,0.019219404086470604,0.01910784676671028
7621,0.01908426731824875,0.01910210642963648
7622,0.01891333982348442,0.019095493033528328
7623,0.01937159150838852,0.0190982486307621
7624,0.018943091854453087,0.01909596221521497
7625,0.01929674670100212,0.01909856537356973
7626,0.019627559930086136,0.01910418538376689
7627,0.019254416227340698,0.019106359016150237
7628,0.019076155498623848,0.019109623190015555
7629,0.019298529252409935,0.019107473492622377
7630,0.019207824021577835,0.019105919152498246
7631,0.01886468008160591,0.019097940549254417
7632,0.019177548587322235,0.019092807732522487
7633,0.018743015825748444,0.019085218459367753
7634,0.019638191908597946,0.019088444858789445
7635,0.020061615854501724,0.019095499273389577
7636,0.01972014456987381,0.01910199049860239
7637,0.01943809725344181,0.019100916292518377
7638,0.01987355947494507,0.019105107169598342
7639,0.019852031022310257,0.01910585841163993
7640,0.019329169765114784,0.01910095037892461
7641,0.019058572128415108,0.019101167991757394
7642,0.019289979711174965,0.019103084784001113
7643,0.018996965140104294,0.01910322969779372
7644,0.01918436586856842,0.019107746835798026
7645,0.019172105938196182,0.019101793803274633
7646,0.01928650215268135,0.019097058083862067
7647,0.018893327564001083,0.01909361679106951
7648,0.01919383555650711,0.01909444898366928
7649,0.019010968506336212,0.019092078413814308
7650,0.01941581629216671,0.019096414111554622
7651,0.019185278564691544,0.019091848656535147
7652,0.01941111497581005,0.019092005733400582
7653,0.019318649545311928,0.019090333990752696
7654,0.019214145839214325,0.019086294025182724
7655,0.01897858828306198,0.019083916489034892
7656,0.018950536847114563,0.019082182850688696
7657,0.01874435506761074,0.01907844506204128
7658,0.01936793327331543,0.019080297872424126
7659,0.01922060176730156,0.01908261243253946
7660,0.019339676946401596,0.019087969213724135
7661,0.019410625100135803,0.019092906918376683
7662,0.018861131742596626,0.019092253409326077
7663,0.019316164776682854,0.0190982180275023
7664,0.018763812258839607,0.019092248901724816
7665,0.019856762140989304,0.019099820367991925
7666,0.019897552207112312,0.019102264698594808
7667,0.019462917000055313,0.01909933494403958
7668,0.019089587032794952,0.01909854905679822
7669,0.019614767283201218,0.019103074353188275
7670,0.019458496943116188,0.019105686135590078
7671,0.01922852173447609,0.019109729379415512
7672,0.01907164230942726,0.019107626490294932
7673,0.019378503784537315,0.019107609894126652
7674,0.019169142469763756,0.0191086607798934
7675,0.019175363704562187,0.01911033542826772
7676,0.019038349390029907,0.019107242692261935
7677,0.01928974688053131,0.019110509399324654
7678,0.01923353597521782,0.019107859339565037
7679,0.019381703808903694,0.019106622394174336
7680,0.019113950431346893,0.01910978091880679
7681,0.01910654827952385,0.019111819975078107
7682,0.01892184466123581,0.019110985659062864
7683,0.019122783094644547,0.019114422798156738
7684,0.018832232803106308,0.019111736454069616
7685,0.01917523890733719,0.019114764537662268
7686,0.01912558078765869,0.019114123471081258
7687,0.01882164366543293,0.01911138093098998
7688,0.018825728446245193,0.019106871057301758
7689,0.018895843997597694,0.01910368846729398
7690,0.018728848546743393,0.019101250059902666
7691,0.019187288358807564,0.019104125294834375
7692,0.019086524844169617,0.019106254000216722
7693,0.018848774954676628,0.01910638289526105
7694,0.01885298267006874,0.01910662716254592
7695,0.018811853602528572,0.01910650921985507
7696,0.018898330628871918,0.019108666647225617
7697,0.018688470125198364,0.019108675196766855
7698,0.01883682981133461,0.019107714276760817
7699,0.018583640456199646,0.019106352403759956
7700,0.018517889082431793,0.019101686868816616
7701,0.01849195919930935,0.019098576549440624
7702,0.01846618391573429,0.01909208660945296
7703,0.018817942589521408,0.019091373216360806
7704,0.018562383949756622,0.019086307864636182
7705,0.01898963749408722,0.019086291696876288
7706,0.019032426178455353,0.019088814575225113
7707,0.018661517649888992,0.01908710492774844
7708,0.01864476688206196,0.019085585214197634
7709,0.0188637375831604,0.019086729437112808
7710,0.018616847693920135,0.01908698834478855
7711,0.01916583441197872,0.019090556278824805
7712,0.018958458676934242,0.01909184154123068
7713,0.01899537816643715,0.0190941309556365
7714,0.01921156421303749,0.019098365996032953
7715,0.01877051591873169,0.019100331217050553
7716,0.019040200859308243,0.01910207102075219
7717,0.018973838537931442,0.019106170274317266
7718,0.01895217038691044,0.019108022414147854
7719,0.018774379044771194,0.01910895198583603
7720,0.01899995468556881,0.01910675749182701
7721,0.018738919869065285,0.019103304017335176
7722,0.0189370084553957,0.01910354070365429
7723,0.019344693049788475,0.01910327171906829
7724,0.01857416331768036,0.019099582433700562
7725,0.01994641125202179,0.019106079079210758
7726,0.02042783983051777,0.019114081878215075
7727,0.019451983273029327,0.01911605754867196
7728,0.019296426326036453,0.019118260256946087
7729,0.019258633255958557,0.019117861296981575
7730,0.019140373915433884,0.019117186795920133
7731,0.01938566565513611,0.019122396651655434
7732,0.019082749262452126,0.019121448658406735
7733,0.019429486244916916,0.019128313362598418
7734,0.01941669173538685,0.019126098360866307
7735,0.01908726990222931,0.019116354901343585
7736,0.01951247826218605,0.019114278238266707
7737,0.019245805218815804,0.019112355317920448
7738,0.019165292382240295,0.0191052726469934
7739,0.01944470964372158,0.01910119943320751
7740,0.019193194806575775,0.01909983968362212
7741,0.01888960413634777,0.01909815000370145
7742,0.019095085561275482,0.019096201062202455
7743,0.019167259335517883,0.01909790400415659
7744,0.01874210685491562,0.01909348141402006
7745,0.01921665295958519,0.01909392688423395
7746,0.01918938383460045,0.01909295570105314
7747,0.019266566261649132,0.019096688088029622
7748,0.01941612735390663,0.019098911006003617
7749,0.018846435472369194,0.019097265675663947
7750,0.018983660265803337,0.019092944115400315
7751,0.018762875348329544,0.019088720083236695
7752,0.01883517950773239,0.019082960728555916
7753,0.01868438720703125,0.01907661810517311
7754,0.019078128039836884,0.019075257927179335
7755,0.019257927313447,0.019078051317483188
7756,0.01905183494091034,0.019079064298421145
7757,0.019116360694169998,0.019082784354686737
7758,0.01879683881998062,0.01907707341015339
7759,0.01878802478313446,0.019072747640311718
7760,0.01897934451699257,0.01906914431601763
7761,0.018736183643341064,0.01906239990144968
7762,0.018648412078619003,0.019060272704809905
7763,0.018954776227474213,0.01905665881931782
7764,0.018600109964609146,0.019055021796375513
7765,0.019161857664585114,0.01904807275161147
7766,0.019113123416900635,0.019040228463709355
7767,0.01952175609767437,0.019040816854685547
7768,0.019631914794445038,0.019046240132302047
7769,0.019893750548362732,0.01904902996495366
7770,0.019876934587955475,0.019053214341402055
7771,0.019124649465084076,0.019052175618708134
7772,0.01947593316435814,0.019056218527257442
7773,0.019030794501304626,0.019052741434425115
7774,0.019465530291199684,0.019055705312639476
7775,0.019454944878816605,0.01905850112438202
7776,0.019288815557956696,0.019061005786061288
7777,0.019320495426654816,0.019061313271522523
7778,0.019028399139642715,0.01905926190316677
7779,0.019521767273545265,0.019060662537813185
7780,0.01892147958278656,0.019058737829327585
7781,0.019490743055939674,0.01906257977709174
7782,0.01933169737458229,0.019066678304225208
7783,0.019028421491384506,0.019065734688192604
7784,0.019274219870567322,0.019070154558867215
7785,0.019025765359401703,0.01906865982338786
7786,0.01914302632212639,0.019068834278732537
7787,0.018747128546237946,0.01906808912754059
7788,0.019442051649093628,0.019074252359569072
7789,0.019079750403761864,0.019076091423630714
7790,0.01955118030309677,0.01908431474119425
7791,0.019982853904366493,0.019092270396649836
7792,0.01932385191321373,0.019094643667340278
7793,0.019161254167556763,0.01909776845946908
7794,0.019868500530719757,0.01910792363807559
7795,0.019394705072045326,0.01911375215277076
7796,0.019131891429424286,0.019116087760776283
7797,0.01908602938055992,0.019120063353329896
7798,0.01873064786195755,0.019119001533836125
7799,0.01880350336432457,0.019121200162917375
7800,0.01908993534743786,0.019126920625567437
7801,0.018864715471863747,0.01913064818829298
7802,0.018695317208766937,0.019132939521223306
7803,0.018823586404323578,0.01913299595937133
7804,0.018573621287941933,0.019133108332753182
7805,0.018733138218522072,0.01913054333999753
7806,0.01865965873003006,0.01912681566551328
7807,0.018866267055273056,0.01912886315956712
7808,0.018676752224564552,0.019129183012992143
7809,0.019384518265724182,0.01913439081981778
7810,0.01975419372320175,0.019145764280110597
7811,0.01888621225953102,0.019142968058586122
7812,0.019104784354567528,0.019144431315362455
7813,0.018680719658732414,0.019141284730285407
7814,0.019122665748000145,0.019140395745635034
7815,0.019234612584114075,0.019145036712288857
7816,0.018779952079057693,0.01914243422448635
7817,0.0190082136541605,0.01914277797564864
7818,0.01853175088763237,0.019138573780655862
7819,0.019620390608906746,0.019147033896297218
7820,0.019852036610245705,0.019155554715543987
7821,0.01913808472454548,0.01915954636409879
7822,0.01917819306254387,0.01916195821017027
7823,0.019177839159965515,0.01916028967127204
7824,0.01891397312283516,0.019163687769323586
7825,0.018856273964047432,0.019152786396443845
7826,0.018875159323215485,0.01913725959137082
7827,0.01884401962161064,0.019131179954856633
7828,0.018474042415618896,0.01912295611575246
7829,0.019189422950148582,0.01912226401269436
7830,0.018983718007802963,0.01912069745361805
7831,0.019601434469223022,0.019122855141758918
7832,0.01942562498152256,0.019126283898949624
7833,0.020039688795804977,0.019132385924458505
7834,0.02000640518963337,0.01913828305900097
7835,0.01909000799059868,0.019138310439884662
7836,0.019072461873292923,0.01913391027599573
7837,0.01890680566430092,0.01913052028045058
7838,0.018819095566868782,0.019127058312296868
7839,0.018882112577557564,0.019121432341635228
7840,0.0188286229968071,0.01911778662353754
7841,0.019035756587982178,0.019119248148053884
7842,0.018852556124329567,0.019116822853684424
7843,0.018818683922290802,0.019113337099552156
7844,0.01872030273079872,0.019113119058310986
7845,0.018633723258972168,0.019107289761304855
7846,0.018413415178656578,0.019099530074745418
7847,0.01895180530846119,0.019096382465213536
7848,0.01892354153096676,0.01909145660698414
7849,0.018501531332731247,0.019088007565587758
7850,0.019010525196790695,0.019088276214897632
7851,0.018626611679792404,0.01908691357821226
7852,0.01933923177421093,0.019091954100877048
7853,0.019344085827469826,0.01909855108708143
7854,0.01889980398118496,0.019096767846494913
7855,0.018844325095415115,0.019092631824314595
7856,0.018863284960389137,0.019090746324509383
7857,0.018661988899111748,0.0190862026065588
7858,0.018701717257499695,0.01908525139093399
7859,0.018514353781938553,0.019082514680922032
7860,0.01854417845606804,0.019078163020312785
7861,0.018742533400654793,0.019078226517885922
7862,0.018710650503635406,0.019078848902136087
7863,0.018678445369005203,0.0190760855935514
7864,0.018418841063976288,0.019074272904545067
7865,0.01872945763170719,0.01906994890421629
7866,0.018987154588103294,0.019068689215928317
7867,0.018808292225003242,0.019061554577201604
7868,0.018614284694194794,0.019051378276199103
7869,0.018707673996686935,0.019039517510682346
7870,0.018469829112291336,0.0190254464559257
7871,0.018436137586832047,0.01901856133714318
7872,0.018786262720823288,0.019011664632707835
7873,0.018690142780542374,0.01900825811550021
7874,0.01870569959282875,0.019000659808516503
7875,0.018489394336938858,0.018991004303097726
7876,0.018822673708200455,0.018986342884600164
7877,0.018769724294543266,0.018980835173279045
7878,0.018618451431393623,0.018976735696196557
7879,0.018567314371466637,0.01896719116717577
7880,0.018611809238791466,0.018964094463735818
7881,0.018451817333698273,0.018953705206513405
7882,0.018640808761119843,0.01894679632037878
7883,0.018656820058822632,0.018943080306053163
7884,0.018364746123552322,0.01893398556858301
7885,0.018675167113542557,0.01893047958612442
7886,0.018735161051154137,0.0189264009334147
7887,0.018379783257842064,0.01892272748053074
7888,0.018612125888466835,0.01891442822292447
7889,0.01859133690595627,0.018909544087946414
7890,0.018780581653118134,0.01890183810144663
7891,0.01841917634010315,0.018886201325803997
7892,0.019719766452908516,0.018890160471200942
7893,0.019752293825149536,0.018896070867776872
7894,0.018982965499162674,0.0188872155174613
7895,0.019619226455688477,0.01888946073129773
7896,0.018841754645109177,0.01888655936345458
7897,0.01934979110956192,0.0188891969807446
7898,0.019454289227724075,0.018896433394402265
7899,0.01889381930232048,0.018897336553782226
7900,0.018970809876918793,0.018896145299077034
7901,0.018823664635419846,0.018895734790712593
7902,0.01906786486506462,0.018899460267275573
7903,0.018854234367609024,0.018899766746908426
7904,0.019007548689842224,0.01890410602092743
7905,0.019100841134786606,0.018907783050090075
7906,0.01877133920788765,0.01890889985486865
7907,0.018759511411190033,0.01890783229842782
7908,0.018562305718660355,0.01890668783336878
7909,0.018768781796097755,0.018900530468672513
7910,0.018519993871450424,0.018888188470155002
7911,0.019112881273031235,0.018890455160290004
7912,0.019182883203029633,0.018891236148774623
7913,0.018786748871207237,0.018892296440899372
7914,0.01907070353627205,0.01889177681878209
7915,0.018557246774435043,0.0188850031606853
7916,0.019061047583818436,0.01888781411573291
7917,0.018992332741618156,0.018887655306607486
7918,0.019103867933154106,0.018893376477062702
7919,0.0195944644510746,0.01889311721548438
7920,0.01881583034992218,0.018882755152881146
7921,0.018942859023809433,0.018880802895873783
7922,0.01911957561969757,0.018880216721445322
7923,0.0185859277844429,0.018874297607690094
7924,0.01888095587491989,0.018873967435210942
7925,0.018895000219345093,0.01887435469776392
7926,0.018653325736522675,0.018872136361896993
7927,0.01906367391347885,0.018874332904815674
7928,0.018821431323885918,0.018877806793898343
7929,0.01862860471010208,0.01887219861149788
7930,0.019144443795084953,0.018873805869370697
7931,0.018868913874030113,0.01886648066341877
7932,0.01852826587855816,0.018857507072389125
7933,0.019076641649007797,0.018847876600921153
7934,0.01871613599359989,0.018834973908960818
7935,0.018427757546305656,0.018828351404517888
7936,0.018783103674650192,0.018825457822531463
7937,0.018936406821012497,0.01882575383409858
7938,0.018692974001169205,0.01882449261844158
7939,0.01865866594016552,0.018822258152067662
7940,0.018974367529153824,0.018823715597391127
7941,0.018827293068170547,0.01882163096219301
7942,0.01872139796614647,0.01882031938061118
7943,0.01857759617269039,0.018817908503115176
7944,0.018749583512544632,0.018818201310932637
7945,0.01866879314184189,0.018818552009761333
7946,0.018503474071621895,0.018819452598690986
7947,0.018621377646923065,0.018816148322075607
7948,0.018775995820760727,0.018814672864973545
7949,0.018483346328139305,0.018814491014927624
7950,0.018568608909845352,0.01881007185205817
7951,0.01880999282002449,0.01881190566346049
7952,0.01862773299217224,0.018804790675640105
7953,0.018515173345804214,0.01879650155082345
7954,0.018493523821234703,0.01879243874922395
7955,0.018904391676187515,0.018793039415031673
7956,0.018434245139360428,0.018788749016821385
7957,0.019311022013425827,0.018795239347964524
7958,0.019527722150087357,0.0188034993968904
7959,0.01934054121375084,0.018811761271208524
7960,0.019332077354192734,0.01881964026018977
7961,0.018992064520716667,0.01882213557139039
7962,0.01868850737810135,0.01882191414013505
7963,0.019105449318885803,0.018826184179633856
7964,0.018800148740410805,0.018829997256398202
7965,0.01894778572022915,0.01883218053728342
7966,0.01884562149643898,0.018830765206366777
7967,0.018799232318997383,0.018830674607306717
7968,0.018942780792713165,0.018833959568291904
7969,0.01868300698697567,0.01883371289819479
7970,0.018661556765437126,0.018835630174726246
7971,0.018972374498844147,0.018840992543846368
7972,0.01893455721437931,0.01884247548878193
7973,0.018851596862077713,0.018844090029597284
7974,0.018734892830252647,0.01884438196197152
7975,0.018611447885632515,0.01884560249745846
7976,0.018611136823892593,0.018843487128615378
7977,0.018607519567012787,0.018841865081340073
7978,0.018405219539999962,0.018839732762426138
7979,0.018735449761152267,0.018841414116322994
7980,0.01855899766087532,0.018840886000543833
7981,0.01905728504061699,0.01884694067761302
7982,0.019240232184529305,0.018852934911847113
7983,0.018717989325523376,0.01885354660451412
7984,0.019097212702035904,0.018860871270298958
7985,0.018780838698148727,0.01886192798614502
7986,0.01927700638771057,0.018867346439510584
7987,0.01968449540436268,0.01888039356097579
7988,0.018927697092294693,0.01888354927301407
7989,0.019062547013163567,0.01888826137408614
7990,0.01894145831465721,0.018889870140701533
7991,0.018757253885269165,0.018893250916153192
7992,0.01929253712296486,0.018888978622853755
7993,0.018640685826539993,0.01887786254286766
7994,0.019149629399180412,0.01887952918186784
7995,0.01919703371822834,0.018875307254493236
7996,0.019235767424106598,0.01887924738228321
7997,0.018837690353393555,0.018874126374721526
7998,0.019160982221364975,0.018871193304657936
7999,0.01892567239701748,0.018871511835604905
8000,0.019199896603822708,0.018873802702873945
8001,0.01912139728665352,0.01887678002938628
8002,0.019461343064904213,0.018880714811384678
8003,0.019219279289245605,0.018884365260601044
8004,0.018993280827999115,0.018884222581982614
8005,0.01868842914700508,0.018880098462104797
8006,0.01944061554968357,0.018886791225522757
8007,0.019066713750362396,0.01888986324891448
8008,0.01896647736430168,0.018893904965370894
8009,0.01887556165456772,0.018894972763955593
8010,0.018953299149870872,0.0188993058167398
8011,0.01895454153418541,0.01889772241935134
8012,0.018896061927080154,0.018894854206591843
8013,0.018558163195848465,0.018892568349838258
8014,0.018974199891090393,0.01889160331338644
8015,0.01903051882982254,0.018896336033940316
8016,0.018507972359657288,0.018890805281698703
8017,0.01837850734591484,0.01888466702774167
8018,0.018844444304704666,0.018882072791457177
8019,0.018503334373235703,0.018871161490678787
8020,0.019495807588100433,0.01887796126306057
8021,0.019460298120975494,0.01888313565403223
8022,0.01856151595711708,0.018877555057406424
8023,0.018668949604034424,0.01887838527560234
8024,0.01878448948264122,0.018877420611679553
8025,0.018406808376312256,0.018872538693249227
8026,0.019124340265989304,0.018877248838543893
8027,0.019046319648623466,0.01887707529589534
8028,0.01874491199851036,0.018876310102641583
8029,0.018607739359140396,0.018876101449131967
8030,0.018900111317634583,0.018873658124357463
8031,0.018683303147554398,0.018871802017092706
8032,0.018743516877293587,0.01887395452708006
8033,0.018519267439842224,0.018868380784988405
8034,0.018773332238197327,0.018868952747434376
8035,0.01875811070203781,0.018872256278991698
8036,0.018580198287963867,0.018870227225124835
8037,0.018494000658392906,0.01886580316349864
8038,0.018655776977539062,0.01886543119326234
8039,0.018433434888720512,0.01886317888274789
8040,0.019024528563022614,0.018863680493086576
8041,0.01894592121243477,0.01886486677452922
8042,0.01860993355512619,0.018863752130419017
8043,0.018639951944351196,0.018864375688135624
8044,0.018481023609638214,0.01886169008910656
8045,0.018567917868494987,0.01886068133637309
8046,0.01825690269470215,0.018858215622603893
8047,0.018625110387802124,0.018858252950012686
8048,0.018197104334831238,0.01885246403515339
8049,0.01927792653441429,0.01886040983721614
8050,0.019240882247686386,0.01886713257059455
8051,0.018585529178380966,0.018864887934178114
8052,0.01860562339425087,0.0188646668381989
8053,0.01877189613878727,0.01886723406612873
8054,0.018409136682748795,0.01886639019474387
8055,0.018522795289754868,0.018862574230879545
8056,0.018269382417201996,0.01886092560365796
8057,0.01894441246986389,0.01885725950822234
8058,0.01863534189760685,0.018848335705697536
8059,0.018938638269901276,0.01884431667625904
8060,0.018985453993082047,0.018840850442647935
8061,0.018708180636167526,0.018838011603802444
8062,0.019045446068048477,0.018841580990701913
8063,0.018572557717561722,0.018836252074688673
8064,0.019351394847035408,0.01884176453575492
8065,0.019701451063156128,0.018849301189184188
8066,0.01858733780682087,0.018846718352288006
8067,0.018954716622829437,0.018848273195326327
8068,0.018738651648163795,0.018846231903880836
8069,0.018575645983219147,0.01884515829384327
8070,0.018713494762778282,0.01884567767381668
8071,0.018418842926621437,0.018840142358094454
8072,0.01868601143360138,0.018837656900286673
8073,0.018745573237538338,0.01883659666404128
8074,0.018249506130814552,0.0188317427970469
8075,0.018928904086351395,0.018834917359054088
8076,0.018739618360996246,0.018836202174425123
8077,0.018953584134578705,0.018839662820100786
8078,0.019399747252464294,0.018849608097225426
8079,0.01876486837863922,0.018849902283400298
8080,0.019013285636901855,0.018854445163160562
8081,0.019020942971110344,0.018854081742465497
8082,0.018710879608988762,0.01884878821671009
8083,0.018758803606033325,0.01884919635951519
8084,0.018483757972717285,0.018843061812222003
8085,0.01862521842122078,0.018841505609452726
8086,0.018783681094646454,0.018836572356522082
8087,0.01856573298573494,0.018825384732335807
8088,0.0184285007417202,0.01882039276883006
8089,0.01845935545861721,0.018814360853284598
8090,0.018592027947306633,0.018810866549611092
8091,0.01859506405889988,0.0188092446513474
8092,0.018427357077598572,0.018800592850893735
8093,0.018410172313451767,0.018798287715762852
8094,0.018500151112675667,0.018791792932897806
8095,0.01831718347966671,0.01878299443051219
8096,0.019070886075496674,0.01878134561702609
8097,0.018725799396634102,0.018780226707458495
8098,0.019302386790513992,0.018781640753149986
8099,0.019546840339899063,0.018787852432578803
8100,0.01854529231786728,0.018781306389719248
8101,0.01938653364777565,0.018783957753330468
8102,0.019144434481859207,0.01878078866750002
8103,0.018809514120221138,0.018776691015809775
8104,0.018778033554553986,0.018774538543075325
8105,0.018663102760910988,0.018774285279214382
8106,0.01882602460682392,0.018768139369785785
8107,0.018384765833616257,0.018761319890618324
8108,0.018920227885246277,0.01876085739582777
8109,0.01886293664574623,0.018760731145739555
8110,0.018696343526244164,0.01875816158950329
8111,0.018612634390592575,0.01875474251806736
8112,0.018722867593169212,0.01875301057472825
8113,0.018391497433185577,0.01875134391710162
8114,0.018918152898550034,0.01875078344717622
8115,0.018879620358347893,0.01874927446246147
8116,0.018545517697930336,0.018749649915844203
8117,0.01866118237376213,0.018752476666122675
8118,0.01840876415371895,0.01874811986461282
8119,0.018352892249822617,0.018746615443378686
8120,0.018521316349506378,0.018736870530992746
8121,0.018319685012102127,0.018725464399904013
8122,0.018706519156694412,0.018726914431899788
8123,0.01834745518863201,0.01872369948774576
8124,0.019201770424842834,0.01872787229716778
8125,0.019257906824350357,0.01873638328164816
8126,0.018696371465921402,0.01873210359364748
8127,0.019452283158898354,0.018736163228750227
8128,0.018762173131108284,0.01873633584007621
8129,0.018893152475357056,0.018739189971238374
8130,0.019353676587343216,0.01874372562393546
8131,0.018420934677124023,0.018741101939231158
8132,0.019129522144794464,0.018744961991906166
8133,0.018890434876084328,0.018748673666268586
8134,0.01872628927230835,0.0187482032366097
8135,0.018858615309000015,0.01874920828267932
8136,0.018293701112270355,0.018746343310922384
8137,0.01870400458574295,0.018748443350195886
8138,0.018633661791682243,0.018748222198337317
8139,0.018371328711509705,0.01874760113656521
8140,0.01829349622130394,0.01874029081314802
8141,0.01835218444466591,0.018734353445470333
8142,0.018538204953074455,0.018733636159449816
8143,0.0182851180434227,0.01873008782044053
8144,0.01840706169605255,0.018729348201304674
8145,0.01832481659948826,0.018726917188614606
8146,0.01870245486497879,0.018731372710317374
8147,0.01883193664252758,0.018733440972864626
8148,0.01829748973250389,0.018734444826841355
8149,0.01875656470656395,0.01872923120856285
8150,0.018576882779598236,0.018722591213881968
8151,0.018478985875844955,0.018721525780856608
8152,0.018511004745960236,0.018720579594373704
8153,0.018547628074884415,0.018718336913734673
8154,0.018333634361624718,0.018717581890523433
8155,0.018416941165924072,0.018716523349285127
8156,0.01833183690905571,0.018717147894203662
8157,0.018705077469348907,0.018714754544198513
8158,0.01876441016793251,0.01871604522690177
8159,0.018485890701413155,0.018711517751216888
8160,0.018579985946416855,0.018707463070750236
8161,0.01829884573817253,0.018703369721770287
8162,0.01878160424530506,0.018700731303542852
8163,0.01881464570760727,0.018703152183443306
8164,0.01860589161515236,0.018695697151124478
8165,0.018460191786289215,0.018683284558355807
8166,0.018724113702774048,0.01868465231731534
8167,0.018396053463220596,0.01867906568571925
8168,0.01856447383761406,0.018677323907613754
8169,0.01869083195924759,0.01867847576737404
8170,0.018401913344860077,0.018675359953194855
8171,0.01828002743422985,0.01867397179827094
8172,0.01837284117937088,0.018670840095728634
8173,0.01871969923377037,0.018670581355690954
8174,0.018454764038324356,0.018672633934766054
8175,0.018259618431329727,0.01866594107821584
8176,0.01833925023674965,0.01866193739697337
8177,0.018476136028766632,0.01865716291591525
8178,0.018398720771074295,0.01864715265110135
8179,0.018431035801768303,0.01864381432533264
8180,0.018347859382629395,0.018637160062789915
8181,0.018567845225334167,0.018632629085332156
8182,0.018729617819190025,0.018632816467434168
8183,0.01835615187883377,0.01862878995016217
8184,0.018677476793527603,0.018630727138370277
8185,0.01841139793395996,0.018628588933497666
8186,0.018868641927838326,0.018629438541829586
8187,0.018902424722909927,0.018632805459201335
8188,0.01854899153113365,0.01863401036709547
8189,0.018587268888950348,0.0186352895013988
8190,0.01910843700170517,0.018640453591942788
8191,0.01849595084786415,0.01863946245983243
8192,0.018846910446882248,0.018643657993525267
8193,0.019168321043252945,0.018651239480823277
8194,0.018384825438261032,0.018650086224079133
8195,0.018724190071225166,0.018654156289994717
8196,0.018896233290433884,0.01865240976214409
8197,0.018355662003159523,0.018648708388209343
8198,0.01871144026517868,0.01864279892295599
8199,0.018771082162857056,0.01863504134118557
8200,0.01827320083975792,0.018632320426404475
8201,0.01891089603304863,0.018627564050257207
8202,0.018819715827703476,0.01862431686371565
8203,0.018909770995378494,0.018625319432467223
8204,0.01870095357298851,0.018624548632651568
8205,0.019478807225823402,0.01863270567730069
8206,0.01917625032365322,0.018636207934468983
8207,0.01873229630291462,0.01863968323916197
8208,0.018689407035708427,0.01863737503066659
8209,0.018501553684473038,0.018633761201053856
8210,0.01838071644306183,0.018630604930222033
8211,0.019012367352843285,0.018634602259844542
8212,0.0186291616410017,0.018633665200322867
8213,0.01886759325861931,0.018638426158577203
8214,0.018788669258356094,0.018637131322175263
8215,0.01853552833199501,0.018633690401911734
8216,0.018327409401535988,0.018631509318947793
8217,0.018789805471897125,0.01863279554992914
8218,0.018689151853322983,0.018635599426925182
8219,0.018424702808260918,0.018636317532509564
8220,0.018230434507131577,0.01863340871408582
8221,0.018804414197802544,0.01863825600594282
8222,0.018634742125868797,0.018637538235634566
8223,0.018414177000522614,0.01863820545375347
8224,0.018271513283252716,0.01862890288233757
8225,0.01852506399154663,0.018621574454009533
8226,0.0182439424097538,0.018617050163447856
8227,0.01886526122689247,0.0186111799441278
8228,0.0187457837164402,0.018611016049981118
8229,0.018327360972762108,0.018605358134955167
8230,0.01846194453537464,0.018596440814435483
8231,0.018140556290745735,0.018593637030571698
8232,0.018266472965478897,0.018585006538778544
8233,0.01804416812956333,0.018576543871313335
8234,0.01840326376259327,0.018573313616216183
8235,0.01804390922188759,0.01856516655534506
8236,0.018627449870109558,0.01856850404292345
8237,0.01838383451104164,0.01856530234217644
8238,0.018698059022426605,0.01856594631448388
8239,0.018782060593366623,0.01857005363330245
8240,0.018382828682661057,0.018570946957916022
8241,0.01840984635055065,0.01857152357697487
8242,0.018348855897784233,0.018569630086421967
8243,0.018311448395252228,0.01856989338994026
8244,0.018466079607605934,0.018570483569055794
8245,0.017952952533960342,0.018566764928400516
8246,0.018546514213085175,0.01856520552188158
8247,0.01820032298564911,0.018558889385312794
8248,0.01873266138136387,0.018563241101801395
8249,0.018608056008815765,0.018561756014823915
8250,0.018561871722340584,0.018561605904251335
8251,0.018496405333280563,0.018561780098825694
8252,0.018718689680099487,0.018563856948167087
8253,0.018338901922106743,0.01856176968663931
8254,0.01879953220486641,0.018566428665071726
8255,0.018635936081409454,0.01856861861422658
8256,0.01852046698331833,0.018570504914969206
8257,0.018585361540317535,0.01856930775567889
8258,0.018273185938596725,0.018564395513385533
8259,0.018290124833583832,0.01856243785470724
8260,0.018472738564014435,0.018561365380883217
8261,0.01819799467921257,0.01856035687029362
8262,0.01835215464234352,0.018556062374264003
8263,0.018081901594996452,0.018548734933137894
8264,0.01911626011133194,0.01855383861809969
8265,0.0192518662661314,0.01856175536289811
8266,0.018488096073269844,0.01855939518660307
8267,0.0192304365336895,0.01856773901730776
8268,0.01885577291250229,0.018570652008056642
8269,0.01852433569729328,0.018568987045437097
8270,0.018581412732601166,0.018570782039314507
8271,0.01823817938566208,0.01857036355882883
8272,0.018471647053956985,0.018571351617574693
8273,0.018598901107907295,0.01857014363631606
8274,0.018132280558347702,0.018566918801516296
8275,0.01861531287431717,0.01857047574594617
8276,0.018400445580482483,0.018571087699383496
8277,0.018605642020702362,0.018572382759302855
8278,0.018945543095469475,0.018577850982546808
8279,0.018074575811624527,0.01857428638264537
8280,0.018651772290468216,0.018577325511723756
8281,0.01851169392466545,0.01857676399871707
8282,0.018550841137766838,0.018574976231902837
8283,0.019077669829130173,0.018582191411405803
8284,0.018660861998796463,0.01858202526345849
8285,0.018533756956458092,0.01858324885368347
8286,0.01837834157049656,0.018578345850110055
8287,0.018324337899684906,0.018572564981877804
8288,0.018327850848436356,0.01857035357505083
8289,0.01849452033638954,0.018569426089525224
8290,0.01840628683567047,0.018562404587864876
8291,0.018138805404305458,0.01855883313342929
8292,0.018462127074599266,0.01855498529970646
8293,0.018521441146731377,0.018548516500741245
8294,0.01824946328997612,0.018547162879258394
8295,0.018160685896873474,0.01854152783751488
8296,0.01828771084547043,0.018535442613065244
8297,0.01850639469921589,0.018536949940025808
8298,0.018348801881074905,0.01853332355618477
8299,0.018144667148590088,0.018527059406042098
8300,0.018271848559379578,0.018527045883238315
8301,0.018343254923820496,0.018521369472146033
8302,0.018178153783082962,0.01851495385169983
8303,0.01823054440319538,0.018508161585777998
8304,0.01799706742167473,0.01850112272426486
8305,0.01848987117409706,0.018491233363747597
8306,0.0182294063270092,0.018481764923781157
8307,0.018261868506669998,0.01847706064581871
8308,0.018441274762153625,0.018474579323083162
8309,0.018108781427145004,0.018470651600509883
8310,0.018544845283031464,0.01847229288890958
8311,0.018143678084015846,0.018463605996221304
8312,0.018801886588335037,0.01846533324569464
8313,0.018974559381604195,0.018466402906924487
8314,0.018410803750157356,0.0184626242518425
8315,0.018348030745983124,0.01846074927598238
8316,0.018565312027931213,0.01846312830224633
8317,0.018128596246242523,0.018456516209989785
8318,0.018632225692272186,0.01845594694837928
8319,0.018315821886062622,0.018454858139157294
8320,0.018683137372136116,0.01845938516780734
8321,0.018712706863880157,0.018458468094468116
8322,0.018616266548633575,0.018458283338695765
8323,0.018662389367818832,0.018460765462368727
8324,0.01828632317483425,0.018460913561284542
8325,0.018366528674960136,0.018459328208118676
8326,0.018183913081884384,0.018458727914839983
8327,0.01817530393600464,0.018451828341931105
8328,0.01821790635585785,0.018446549568325282
8329,0.018093710765242577,0.018444213066250086
8330,0.018068047240376472,0.018440274093300103
8331,0.018168052658438683,0.018440549056977035
8332,0.01808055117726326,0.018438689839094878
8333,0.017989464104175568,0.018438142798840998
8334,0.018053025007247925,0.018434640411287548
8335,0.018025662750005722,0.018434457946568727
8336,0.01821913942694664,0.0184303748421371
8337,0.017883487045764923,0.01842537136748433
8338,0.018878936767578125,0.018427180144935846
8339,0.018921412527561188,0.018428573664277793
8340,0.01860222965478897,0.018430767673999073
8341,0.018618237227201462,0.01843285158276558
8342,0.01854315586388111,0.01843479458242655
8343,0.01845116913318634,0.01843619178980589
8344,0.01830260269343853,0.018434557020664214
8345,0.018138058483600616,0.01843640808016062
8346,0.018438993021845818,0.018435332868248226
8347,0.018004953861236572,0.0184333791770041
8348,0.019335880875587463,0.018439411371946334
8349,0.019662298262119293,0.01844995379447937
8350,0.01851613074541092,0.018449496384710072
8351,0.01858842559158802,0.01845041658729315
8352,0.01875445432960987,0.018450774233788252
8353,0.01868845522403717,0.018454269766807557
8354,0.01833946630358696,0.01844966910779476
8355,0.01873353123664856,0.018450645059347154
8356,0.01867303065955639,0.018452170696109535
8357,0.01851409673690796,0.018451458048075436
8358,0.018373049795627594,0.018452456686645746
8359,0.01816733181476593,0.018451228756457567
8360,0.01836344227194786,0.018450135793536902
8361,0.018178213387727737,0.018449937980622052
8362,0.018068846315145493,0.01844710489735007
8363,0.018170922994613647,0.018447995111346246
8364,0.0184936486184597,0.018441768996417522
8365,0.018139991909265518,0.018430650252848863
8366,0.018412815406918526,0.01842989744618535
8367,0.018087852746248245,0.01841847160831094
8368,0.018701298162341118,0.018416926860809327
8369,0.01854645647108555,0.01841714806854725
8370,0.01879863254725933,0.01841932026669383
8371,0.018967118114233017,0.01842660965397954
8372,0.01840486377477646,0.018425941821187734
8373,0.01864689402282238,0.018426421750336885
8374,0.018368937075138092,0.01842878831550479
8375,0.0188921932131052,0.01843155711889267
8376,0.01862376183271408,0.018433790281414987
8377,0.018805447965860367,0.018435788340866566
8378,0.01874830573797226,0.018433815967291593
8379,0.0185047909617424,0.01843811811879277
8380,0.018405724316835403,0.018435657639056444
8381,0.018454894423484802,0.01843508964404464
8382,0.018403256312012672,0.018433613795787097
8383,0.01814556121826172,0.01842429270967841
8384,0.018671590834856033,0.018424399998039007
8385,0.018775416538119316,0.01842681659385562
8386,0.018315065652132034,0.018426183834671973
8387,0.01835952140390873,0.018426535669714212
8388,0.018442239612340927,0.01842767955735326
8389,0.018358170986175537,0.018426316063851117
8390,0.018132859840989113,0.018423581793904305
8391,0.01826276257634163,0.018424821365624667
8392,0.018582958728075027,0.018426029682159423
8393,0.0179736390709877,0.018420551661401986
8394,0.019007697701454163,0.018428134005516766
8395,0.019209200516343117,0.018438619151711463
8396,0.018939215689897537,0.018445134200155734
8397,0.018404865637421608,0.01844411890953779
8398,0.019435405731201172,0.018454984948039054
8399,0.019300013780593872,0.018466538414359093
8400,0.01892491988837719,0.01847306912764907
8401,0.01876775361597538,0.01847731411457062
8402,0.018510833382606506,0.01848064091056585
8403,0.01825345680117607,0.01848087003454566
8404,0.018728725612163544,0.018488186616450547
8405,0.01865069381892681,0.018489794842898845
8406,0.01912653259932995,0.018498766105622053
8407,0.01881704106926918,0.018504317831248045
8408,0.01901821792125702,0.01851008726283908
8409,0.01900089904665947,0.018519008439034222
8410,0.018338629975914955,0.018516946285963058
8411,0.018147218972444534,0.018516981694847345
8412,0.01885683462023735,0.018517531175166368
8413,0.01860896870493889,0.018513875268399715
8414,0.018708698451519012,0.018516854215413332
8415,0.018705418333411217,0.01852042809128761
8416,0.01842951774597168,0.018519070148468018
8417,0.018289225175976753,0.01852067643776536
8418,0.018547365441918373,0.01851982783526182
8419,0.018271522596478462,0.01851938484236598
8420,0.0188492089509964,0.01852104555815458
8421,0.018799498677253723,0.01852191347628832
8422,0.018367338925600052,0.018519424200057984
8423,0.018207315355539322,0.01851487345993519
8424,0.01844961568713188,0.018516506385058164
8425,0.018205178901553154,0.018514892887324094
8426,0.018876411020755768,0.01852181786671281
8427,0.018639525398612022,0.01852646008133888
8428,0.018327932804822922,0.018527560345828534
8429,0.018173299729824066,0.018528356235474348
8430,0.018439283594489098,0.018532068599015475
8431,0.018284887075424194,0.01853323694318533
8432,0.018658999353647232,0.01853902142494917
8433,0.018717840313911438,0.018546305187046527
8434,0.018092729151248932,0.018546702228486537
8435,0.018207907676696777,0.018548524677753447
8436,0.018331870436668396,0.018549651987850666
8437,0.018122170120477676,0.018552038818597794
8438,0.018496034666895866,0.018548209797590972
8439,0.01819903403520584,0.018540986012667418
8440,0.018816545605659485,0.018543129172176123
8441,0.01886066235601902,0.018545553423464298
8442,0.018061155453324318,0.018540733419358732
8443,0.018133392557501793,0.018537555653601885
8444,0.018391914665699005,0.01853844877332449
8445,0.01821373775601387,0.01853920556604862
8446,0.018543176352977753,0.01854024739935994
8447,0.018351871520280838,0.018543716575950383
8448,0.018381409347057343,0.018534171860665083
8449,0.01825307123363018,0.01852007959038019
8450,0.018223773688077927,0.01851715601980686
8451,0.017984749749302864,0.01851111926138401
8452,0.01851705089211464,0.018508745227009057
8453,0.018489588052034378,0.01850675655528903
8454,0.018087057396769524,0.018504232466220856
8455,0.017993826419115067,0.01849683541804552
8456,0.018168434500694275,0.018491789456456898
8457,0.018053751438856125,0.01848718600347638
8458,0.018343308940529823,0.018486888594925404
8459,0.018218565732240677,0.018487400934100152
8460,0.018166756257414818,0.01848543407395482
8461,0.01816360279917717,0.018485287968069315
8462,0.018171297386288643,0.018486312478780745
8463,0.018333369866013527,0.018487936947494746
8464,0.018003741279244423,0.018483037874102593
8465,0.018148377537727356,0.01848312173038721
8466,0.0179641954600811,0.018478635530918837
8467,0.01850643940269947,0.01848282139748335
8468,0.017976168543100357,0.01847557010129094
8469,0.018830541521310806,0.018478410951793194
8470,0.018834730610251427,0.018478771932423116
8471,0.018192347139120102,0.018471024222671984
8472,0.018523918464779854,0.018472214769572018
8473,0.018166234716773033,0.018467408176511525
8474,0.018313903361558914,0.018466857839375735
8475,0.018243420869112015,0.018460370115935803
8476,0.018187277019023895,0.018456005267798902
8477,0.01808132976293564,0.018448764085769655
8478,0.018219560384750366,0.018443476632237433
8479,0.01801391690969467,0.018438567891716957
8480,0.018183303996920586,0.01843634368851781
8481,0.01787041872739792,0.01843049893155694
8482,0.018862074241042137,0.018435087110847233
8483,0.018841858953237534,0.018442050088196993
8484,0.01821756362915039,0.018437509816139938
8485,0.018383167684078217,0.018433587327599525
8486,0.01823735609650612,0.018432810232043267
8487,0.018190115690231323,0.018431116174906493
8488,0.018250415101647377,0.018429197929799558
8489,0.01865123212337494,0.01843212854117155
8490,0.018376115709543228,0.018434561099857093
8491,0.018488088622689247,0.018436814360320568
8492,0.01842552423477173,0.018435240015387534
8493,0.018363093957304955,0.018439134564250708
8494,0.018539519980549812,0.018434452787041665
8495,0.018084373325109482,0.018423204515129327
8496,0.018746621906757355,0.018421278577297927
8497,0.01829684153199196,0.01842019833624363
8498,0.018863003700971603,0.018414474315941332
8499,0.019307728856801987,0.018414551466703413
8500,0.018437616527080536,0.018409678433090448
8501,0.01858631893992424,0.018407864086329936
8502,0.018509414047002792,0.0184078498929739
8503,0.01821361482143402,0.01840745147317648
8504,0.01859884336590767,0.018406152650713922
8505,0.018136169761419296,0.018401007410138847
8506,0.018729858100414276,0.01839704066514969
8507,0.018931325525045395,0.018398183509707452
8508,0.018259882926940918,0.01839060015976429
8509,0.018426425755023956,0.018384855426847934
8510,0.018332896754145622,0.018384798094630242
8511,0.018060214817523956,0.018383928053081037
8512,0.01836632937192917,0.018379023000597954
8513,0.018096713349223137,0.018373900447040795
8514,0.01881595328450203,0.018374972995370626
8515,0.018799640238285065,0.018375915214419364
8516,0.01907016895711422,0.01838232172653079
8517,0.018694356083869934,0.01838637303560972
8518,0.018747476860880852,0.018388374149799346
8519,0.018505871295928955,0.01839071763679385
8520,0.018393293023109436,0.018386158477514982
8521,0.018332693725824356,0.018381490428000687
8522,0.018583994358778,0.018383656982332467
8523,0.018337106332182884,0.018384954892098904
8524,0.018904155120253563,0.01838950028643012
8525,0.018648574128746986,0.01839393423870206
8526,0.01825037971138954,0.018387673925608396
8527,0.018166616559028625,0.01838294483721256
8528,0.018208125606179237,0.018381746765226126
8529,0.018177011981606483,0.01838178388774395
8530,0.018325626850128174,0.018380647320300342
8531,0.01804441399872303,0.018378242589533328
8532,0.018083753064274788,0.018372490126639603
8533,0.017909955233335495,0.018364411275833846
8534,0.018359748646616936,0.018367081470787524
8535,0.017922421917319298,0.01836422661319375
8536,0.019085116684436798,0.018371759075671436
8537,0.019251566380262375,0.01838305303826928
8538,0.018397968262434006,0.018382072374224664
8539,0.01843920163810253,0.01838447405025363
8540,0.018712084740400314,0.018383429441601037
8541,0.018120499327778816,0.018376027811318637
8542,0.018379470333456993,0.018379210960119963
8543,0.018302757292985916,0.018380904607474803
8544,0.01789272204041481,0.018375912681221962
8545,0.018417373299598694,0.01837794903665781
8546,0.018329977989196777,0.01837581705302
8547,0.018298346549272537,0.01837528180330992
8548,0.018464544788002968,0.018376113157719375
8549,0.01810402050614357,0.018374622650444507
8550,0.01852905936539173,0.018377675507217646
8551,0.018811499699950218,0.01838594300672412
8552,0.01848577708005905,0.018385630268603563
8553,0.01841002330183983,0.018384834621101617
8554,0.019181426614522934,0.01839577831327915
8555,0.01876874640583992,0.0184035275131464
8556,0.01833590678870678,0.018405202236026527
8557,0.018775707110762596,0.01841242179274559
8558,0.018217355012893677,0.01841116225346923
8559,0.018148884177207947,0.0184104654379189
8560,0.0181427039206028,0.01841022491455078
8561,0.017999611794948578,0.018408585004508496
8562,0.018128573894500732,0.018408157769590615
8563,0.01795315556228161,0.018404355626553296
8564,0.018172837793827057,0.018406046591699123
8565,0.017957031726837158,0.018404133133590222
8566,0.018102899193763733,0.01840552017092705
8567,0.018170448020100594,0.01840216025710106
8568,0.018087510019540787,0.018403273671865464
8569,0.017933988943696022,0.018394308146089316
8570,0.018524352461099625,0.018391204364597798
8571,0.018311267718672752,0.018392393570393323
8572,0.018250148743391037,0.018389655873179436
8573,0.018149010837078094,0.018389483634382486
8574,0.018069051206111908,0.018387035112828017
8575,0.017877332866191864,0.018383374232798816
8576,0.018261771649122238,0.0183841191790998
8577,0.017982304096221924,0.01838312892243266
8578,0.018473196774721146,0.01838566528633237
8579,0.018473029136657715,0.018390256408602
8580,0.017965877428650856,0.0183880821429193
8581,0.01813390851020813,0.018390717040747403
8582,0.017871607095003128,0.018380812369287014
8583,0.01819116622209549,0.018374305441975592
8584,0.01807958073914051,0.018372925613075495
8585,0.018085990101099014,0.0183699538372457
8586,0.01790931075811386,0.01836667338386178
8587,0.01803857833147049,0.018365158010274173
8588,0.017863046377897263,0.018361284323036672
8589,0.018685370683670044,0.018361625708639622
8590,0.01873571053147316,0.018365221656858922
8591,0.017997806891798973,0.018360318839550017
8592,0.018520087003707886,0.01836126446723938
8593,0.01804610714316368,0.018358094599097968
8594,0.018094411119818687,0.018353643510490656
8595,0.018189361318945885,0.01835469339042902
8596,0.01798182725906372,0.018347045443952083
8597,0.018177051097154617,0.01834584753960371
8598,0.01793118380010128,0.018336529340595008
8599,0.017952797934412956,0.018322980031371117
8600,0.017815787345170975,0.01831676173955202
8601,0.018033716827630997,0.01831123571842909
8602,0.018046945333480835,0.01830661103129387
8603,0.01807655394077301,0.018305240422487257
8604,0.01790018007159233,0.018298253789544104
8605,0.01828564517199993,0.01829974854364991
8606,0.01839519292116165,0.018296401891857387
8607,0.017977681010961533,0.01828686544671655
8608,0.018508899956941605,0.018289355617016553
8609,0.01822829246520996,0.018287374284118415
8610,0.018427774310112,0.018288323059678077
8611,0.01857374608516693,0.018293458372354507
8612,0.018479278311133385,0.01829458786174655
8613,0.018322858959436417,0.018296849317848682
8614,0.018226951360702515,0.018290959298610687
8615,0.01804695650935173,0.018283432461321355
8616,0.0182398222386837,0.01827512899413705
8617,0.01788514293730259,0.018267036862671376
8618,0.01840628683567047,0.018263624962419272
8619,0.018076706677675247,0.018259333316236734
8620,0.018430110067129135,0.01825970148667693
8621,0.018619142472743988,0.018262565974146126
8622,0.018296383321285248,0.0182596898637712
8623,0.018175989389419556,0.018258078694343566
8624,0.018368709832429886,0.018252724241465332
8625,0.018321804702281952,0.01824945654720068
8626,0.018116749823093414,0.01824812024831772
8627,0.018442530184984207,0.018250879384577274
8628,0.017988068982958794,0.01824867881834507
8629,0.018632235005497932,0.018253231048583986
8630,0.01874307543039322,0.018257405534386636
8631,0.01814725436270237,0.01825843393802643
8632,0.01827472262084484,0.01826034363359213
8633,0.018036827445030212,0.018261612355709077
8634,0.018115445971488953,0.018259169328957797
8635,0.018069947138428688,0.01826064458116889
8636,0.018030215054750443,0.018250095564872025
8637,0.01805468276143074,0.01823812672868371
8638,0.018001694232225418,0.018234163988381624
8639,0.018064074218273163,0.018230412714183332
8640,0.01808902435004711,0.018224182110279798
8641,0.0178347397595644,0.018221324514597653
8642,0.018142705783247948,0.018218956869095564
8643,0.017848264425992966,0.018214411940425633
8644,0.018378471955657005,0.018219269439578058
8645,0.0184224434196949,0.018219320140779018
8646,0.018047954887151718,0.018216499909758568
8647,0.01830359362065792,0.01821655238047242
8648,0.01787654310464859,0.018210672363638877
8649,0.018573299050331116,0.018215365149080752
8650,0.018361017107963562,0.01821368472650647
8651,0.018267950043082237,0.01820824922993779
8652,0.018319616094231606,0.01820658762007952
8653,0.01806579902768135,0.018203145377337932
8654,0.01805754005908966,0.0181919065117836
8655,0.01819366216659546,0.018186155669391156
8656,0.01808505691587925,0.01818364717066288
8657,0.018228229135274887,0.018178172390908003
8658,0.017946962267160416,0.01817546846345067
8659,0.018550394102931023,0.0181794835627079
8660,0.01845858432352543,0.018182642366737126
8661,0.018236735835671425,0.018185013607144355
8662,0.018635950982570648,0.018190087378025056
8663,0.018186921253800392,0.018192425034940243
8664,0.01816662587225437,0.018192362915724517
8665,0.018282655626535416,0.0181956191547215
8666,0.017936859279870987,0.018193958755582572
8667,0.018626844510436058,0.018198522720485926
8668,0.018412631005048752,0.018201773930341007
8669,0.018009256571531296,0.01820252660661936
8670,0.018260015174746513,0.018199883233755827
8671,0.01786132901906967,0.018195383846759797
8672,0.018538255244493484,0.01819826491177082
8673,0.01875726878643036,0.018204347491264344
8674,0.018359582871198654,0.01820725280791521
8675,0.018179576843976974,0.018210275247693062
8676,0.018007395789027214,0.018207731489092112
8677,0.01806173101067543,0.018208525758236647
8678,0.01807689666748047,0.01820456275716424
8679,0.017743349075317383,0.018197265956550836
8680,0.018111541867256165,0.01819872260093689
8681,0.01788771152496338,0.01819626063108444
8682,0.018151231110095978,0.01819905687123537
8683,0.018245890736579895,0.018199604116380216
8684,0.01784675568342209,0.01819727586582303
8685,0.017749883234500885,0.01819391479715705
8686,0.017895154654979706,0.01819377323612571
8687,0.017867058515548706,0.018192058037966488
8688,0.018038257956504822,0.018193810153752564
8689,0.01786169596016407,0.018185573406517507
8690,0.017803825438022614,0.018176254555583
8691,0.017755215987563133,0.018173828646540643
8692,0.01774061843752861,0.01816603396087885
8693,0.01769961044192314,0.018162568993866444
8694,0.018146786838769913,0.018163092751055956
8695,0.017786432057619095,0.01815906345844269
8696,0.018265001475811005,0.01816189520061016
8697,0.01851654052734375,0.01816529009491205
8698,0.01790512725710869,0.018165029529482127
8699,0.018750159069895744,0.018173003140836953
8700,0.018461667001247406,0.01817946193739772
8701,0.0182536281645298,0.018181661050766705
8702,0.018345482647418976,0.01818464642390609
8703,0.01820993237197399,0.018185980208218096
8704,0.017855176702141762,0.018185530174523592
8705,0.0181016456335783,0.018183690179139376
8706,0.018170131370425224,0.01818143956363201
8707,0.017849408090114594,0.018180156834423544
8708,0.018208488821983337,0.01817715272307396
8709,0.017984364181756973,0.01817471344023943
8710,0.018206927925348282,0.018172504976391793
8711,0.018280044198036194,0.018169567957520484
8712,0.018503766506910324,0.018169812839478255
8713,0.018437422811985016,0.01817095847800374
8714,0.018519729375839233,0.01817388625815511
8715,0.018541421741247177,0.01817883091047406
8716,0.01803256943821907,0.018176758382469415
8717,0.018472984433174133,0.018182636797428132
8718,0.01813858188688755,0.018179959747940302
8719,0.018752124160528183,0.01818671392276883
8720,0.018824342638254166,0.018190656248480083
8721,0.01838485151529312,0.01818831333890557
8722,0.01840544305741787,0.0181894039362669
8723,0.01858457736670971,0.018193489816039802
8724,0.01829937845468521,0.018192796502262354
8725,0.01842833310365677,0.018193861786276102
8726,0.018276028335094452,0.01819545457139611
8727,0.018643859773874283,0.018197467867285013
8728,0.018113398924469948,0.018198721166700123
8729,0.01891815848648548,0.01820158040151
8730,0.01892371103167534,0.01820338675752282
8731,0.01801859773695469,0.018202100191265346
8732,0.017914369702339172,0.018198496662080288
8733,0.018314264714717865,0.018201271034777165
8734,0.017826125025749207,0.018198377825319766
8735,0.01874706894159317,0.018205149043351413
8736,0.018723705783486366,0.01821208395063877
8737,0.018857145681977272,0.018220108579844237
8738,0.018661092966794968,0.01822670256718993
8739,0.018179696053266525,0.018227858785539865
8740,0.018089208751916885,0.018227860629558564
8741,0.01841624081134796,0.0182336756400764
8742,0.018080703914165497,0.018233055621385573
8743,0.018202481791377068,0.018236597795039416
8744,0.018114760518074036,0.018233960680663585
8745,0.018346518278121948,0.018233201429247857
8746,0.018217897042632103,0.01823490085080266
8747,0.018052399158477783,0.018232388906180858
8748,0.01782495528459549,0.01823187302798033
8749,0.01859266310930252,0.01823206666857004
8750,0.01850425824522972,0.018233499079942702
8751,0.017863530665636063,0.018229454886168242
8752,0.017829667776823044,0.018224555402994155
8753,0.018237730488181114,0.018226274717599154
8754,0.01809893175959587,0.018226688634604214
8755,0.01821504533290863,0.018226902466267347
8756,0.018148763105273247,0.018227539528161286
8757,0.01806035079061985,0.018225860744714738
8758,0.017795298248529434,0.018224344104528428
8759,0.018287422135472298,0.01822171438485384
8760,0.01813434809446335,0.018218472022563218
8761,0.018142256885766983,0.018217527233064176
8762,0.01814393699169159,0.018212607093155385
8763,0.017824169248342514,0.018208979573100807
8764,0.017721321433782578,0.018204526528716087
8765,0.018282059580087662,0.01820452056825161
8766,0.018071409314870834,0.018205866068601608
8767,0.018065553158521652,0.018200253155082464
8768,0.017967596650123596,0.018195802811533213
8769,0.017972510308027267,0.018195435348898174
8770,0.017989397048950195,0.01819272916764021
8771,0.017872706055641174,0.018192842938005924
8772,0.017688365653157234,0.01818434404209256
8773,0.018119510263204575,0.018177966456860303
8774,0.017887547612190247,0.01817324610427022
8775,0.018084194511175156,0.018172292280942203
8776,0.018068725243210793,0.01817290557548404
8777,0.017793502658605576,0.018170223291963338
8778,0.018004462122917175,0.018169498946517707
8779,0.017780719324946404,0.018169872649013995
8780,0.01784389466047287,0.018167196176946163
8781,0.01759038120508194,0.01816422287374735
8782,0.018249403685331345,0.018165204599499704
8783,0.018018092960119247,0.018162926621735097
8784,0.01795443519949913,0.018164003416895867
8785,0.0179806649684906,0.018166311234235764
8786,0.01774562895298004,0.018164815977215767
8787,0.017712660133838654,0.018163271993398667
8788,0.017701681703329086,0.01815990623086691
8789,0.017559876665472984,0.018156888037919997
8790,0.018032226711511612,0.018159172050654888
8791,0.017629403620958328,0.01815791392698884
8792,0.018492160364985466,0.018165429346263407
8793,0.01860690675675869,0.018174502309411766
8794,0.01759166270494461,0.01816895106807351
8795,0.018176566809415817,0.018172852415591478
8796,0.01814153790473938,0.01817161777988076
8797,0.01820092275738716,0.018168461602181198
8798,0.018180526793003082,0.01817121559754014
8799,0.018037108704447746,0.01816408509388566
8800,0.017805829644203186,0.018157526720315217
8801,0.01794171705842018,0.01815440760925412
8802,0.01779940165579319,0.018148946799337862
8803,0.01790929026901722,0.018145940378308297
8804,0.017940565943717957,0.01814679427072406
8805,0.018032658845186234,0.018146104402840136
8806,0.017990611493587494,0.01814430920407176
8807,0.017956363037228584,0.0181453787535429
8808,0.017705850303173065,0.018140352368354797
8809,0.017988307401537895,0.018140391800552606
8810,0.01785733364522457,0.01813689585775137
8811,0.017696131020784378,0.018131056725978853
8812,0.017869606614112854,0.018124715127050876
8813,0.017768338322639465,0.018118024282157422
8814,0.01801774464547634,0.018113004434853794
8815,0.017829734832048416,0.018105887565761803
8816,0.01842361129820347,0.018109797984361648
8817,0.018525656312704086,0.018110324703156946
8818,0.018045637756586075,0.018109395261853935
8819,0.018276959657669067,0.01810464361682534
8820,0.0181775763630867,0.01809817595407367
8821,0.01786692813038826,0.01809299672022462
8822,0.018294762820005417,0.018091889917850493
8823,0.017767678946256638,0.018083720933645964
8824,0.0183555968105793,0.018084283117204905
8825,0.01866067945957184,0.018086606580764057
8826,0.01783573068678379,0.01808220360428095
8827,0.018341947346925735,0.018079184480011463
8828,0.01814674586057663,0.01807951794937253
8829,0.01770319789648056,0.01806736834347248
8830,0.01835671067237854,0.018061698339879514
8831,0.0178539901971817,0.018060052264481784
8832,0.01860778033733368,0.018066986370831727
8833,0.019043155014514923,0.0180742752738297
8834,0.01861010491847992,0.018082115072757005
8835,0.017956595867872238,0.018074210342019795
8836,0.019108980894088745,0.01807806309312582
8837,0.01915353164076805,0.018081026952713727
8838,0.018008656799793243,0.01807450259104371
8839,0.01828444004058838,0.018075550030916928
8840,0.01847246289253235,0.018079382572323083
8841,0.018034856766462326,0.018075568731874228
8842,0.01772894710302353,0.018072051163762808
8843,0.018386851996183395,0.01807389486581087
8844,0.01797841489315033,0.018072531409561634
8845,0.018611440435051918,0.018075180631130935
8846,0.01844770275056362,0.01807747868821025
8847,0.01841442845761776,0.018081098981201648
8848,0.018497565761208534,0.01808782508596778
8849,0.018017202615737915,0.018082070481032133
8850,0.018009668216109276,0.018077124580740928
8851,0.017888907343149185,0.01807737834751606
8852,0.017924748361110687,0.018078329153358937
8853,0.018057771027088165,0.018076529558748007
8854,0.017705801874399185,0.01807259825989604
8855,0.017852993682026863,0.018068977743387223
8856,0.018338289111852646,0.018070873003453017
8857,0.01780320703983307,0.018068301565945147
8858,0.0182187519967556,0.01807253610342741
8859,0.018373683094978333,0.018073398713022472
8860,0.018205814063549042,0.018074113372713328
8861,0.0180917140096426,0.018073607943952085
8862,0.017921501770615578,0.018071383591741322
8863,0.018075481057167053,0.01807389670982957
8864,0.018028628081083298,0.018076969776302576
8865,0.017938170582056046,0.01807353088632226
8866,0.017873594537377357,0.018071552738547325
8867,0.01800042763352394,0.018070901483297347
8868,0.017800938338041306,0.018069234900176524
8869,0.018072225153446198,0.018070232048630716
8870,0.018344029784202576,0.01807377837598324
8871,0.017789093777537346,0.0180729422532022
8872,0.01823221892118454,0.018078380785882472
8873,0.017998211085796356,0.018077167794108392
8874,0.018555080518126488,0.018083843123167753
8875,0.01860368624329567,0.018089038040488958
8876,0.018435604870319366,0.018092706836760043
8877,0.018467023968696594,0.018099442049860956
8878,0.018325768411159515,0.01810265511274338
8879,0.018115200102329254,0.018105999920517205
8880,0.018728621304035187,0.018114847186952828
8881,0.018672946840524673,0.018125672843307256
8882,0.018021730706095695,0.0181233961135149
8883,0.01849791593849659,0.018128194343298674
8884,0.01816863939166069,0.01813033638522029
8885,0.01794852502644062,0.01813001498579979
8886,0.018155537545681,0.018134114071726798
8887,0.01800800859928131,0.018137067556381226
8888,0.017708543688058853,0.018137136176228523
8889,0.01801745593547821,0.018141711968928574
8890,0.01771022565662861,0.018138491958379747
8891,0.017701219767332077,0.01813921011984348
8892,0.017872793599963188,0.01813301645219326
8893,0.017662514001131058,0.018123572524636984
8894,0.01822398416697979,0.018129895739257336
8895,0.017866214737296104,0.01812679221853614
8896,0.018469765782356262,0.01813007449731231
8897,0.01884041540324688,0.018136469423770906
8898,0.017964079976081848,0.018134304955601692
8899,0.018338974565267563,0.01813732361420989
8900,0.01817636936903,0.018141029011458157
8901,0.018110476434230804,0.018142716605216266
8902,0.018546409904956818,0.0181501866877079
8903,0.017847653478384018,0.018149570319801567
8904,0.01841389760375023,0.018154303636401893
8905,0.01878131926059723,0.018161790240556003
8906,0.018337246030569077,0.018165256585925816
8907,0.01825263537466526,0.018168219309300185
8908,0.01841600611805916,0.018175320867449045
8909,0.018102284520864487,0.01817646063864231
8910,0.0179084911942482,0.018176972214132548
8911,0.01797817274928093,0.018179792631417512
8912,0.018010377883911133,0.018181200344115495
8913,0.018057240173220634,0.01818408936262131
8914,0.017879998311400414,0.018182711899280547
8915,0.01804133877158165,0.01818482793867588
8916,0.017941858619451523,0.01818001041188836
8917,0.017721865326166153,0.01817197250202298
8918,0.017966721206903458,0.018171183336526155
8919,0.01806139200925827,0.018169027660042046
8920,0.017857208847999573,0.018165823984891177
8921,0.01774171181023121,0.018164571821689606
8922,0.01768806204199791,0.01815850481390953
8923,0.017752647399902344,0.018158354498445987
8924,0.017749957740306854,0.018152298107743263
8925,0.017572134733200073,0.018141412660479545
8926,0.01808999292552471,0.018143955282866955
8927,0.01767878048121929,0.01813732361420989
8928,0.0182968620210886,0.01813882477581501
8929,0.018166078254580498,0.01814345357939601
8930,0.018132496625185013,0.018141211438924075
8931,0.018187791109085083,0.01814454944804311
8932,0.017868250608444214,0.018137154150754214
8933,0.017840085551142693,0.018125123456120492
8934,0.0177902951836586,0.018116925358772278
8935,0.01812438853085041,0.01811860328540206
8936,0.01775093749165535,0.018105022851377727
8937,0.018059030175209045,0.018094077836722136
8938,0.017964748665690422,0.018093638755381107
8939,0.01792609691619873,0.01809005532413721
8940,0.018192628398537636,0.018087256979197264
8941,0.017639603465795517,0.018083304446190596
8942,0.018008816987276077,0.01808610314503312
8943,0.017899032682180405,0.018081224951893092
8944,0.017885448411107063,0.018080295287072657
8945,0.01798345521092415,0.01807401543483138
8946,0.017696106806397438,0.01806649947538972
8947,0.018169838935136795,0.01806405358016491
8948,0.017781559377908707,0.018056893516331912
8949,0.017995525151491165,0.018056676741689443
8950,0.018018990755081177,0.018056769967079164
8951,0.01772608794271946,0.018055141773074865
8952,0.01777646690607071,0.018053658958524465
8953,0.017502330243587494,0.018048104550689458
8954,0.018005939200520515,0.01805110592395067
8955,0.01811099424958229,0.018053685929626227
8956,0.0178376454859972,0.01804867949336767
8957,0.017923586070537567,0.01804988328367472
8958,0.0177816990762949,0.01804551275447011
8959,0.01769300550222397,0.018038705978542565
8960,0.01792539283633232,0.018035901766270398
8961,0.017653048038482666,0.0180315151065588
8962,0.017961498349905014,0.018031915072351693
8963,0.017874041572213173,0.018029900677502157
8964,0.01788625493645668,0.018028476946055888
8965,0.017805898562073708,0.018027154225856067
8966,0.017671262845396996,0.018025130908936263
8967,0.01757519319653511,0.018020878564566373
8968,0.01772031933069229,0.018020072374492883
8969,0.01744970679283142,0.018013847190886736
8970,0.018411174416542053,0.018014518637210132
8971,0.018303658813238144,0.018019664287567138
8972,0.017947711050510406,0.018016819208860398
8973,0.018099753186106682,0.0180178346298635
8974,0.017661213874816895,0.018008895963430405
8975,0.01805892400443554,0.018003448341041804
8976,0.017957892268896103,0.01799867121502757
8977,0.017729759216308594,0.01799129856750369
8978,0.01783546432852745,0.01798639552667737
8979,0.017841171473264694,0.017983655240386726
8980,0.017554810270667076,0.01797191713005304
8981,0.017677422612905502,0.01796196188777685
8982,0.017599279060959816,0.017957737371325493
8983,0.017703358083963394,0.01794979179278016
8984,0.017917122691869736,0.01794727662578225
8985,0.01749221235513687,0.017942713499069216
8986,0.01771927811205387,0.017938350904732944
8987,0.017826903611421585,0.017936539854854345
8988,0.017779279500246048,0.017937247212976216
8989,0.017567768692970276,0.017932750340551137
8990,0.017738156020641327,0.017933029644191266
8991,0.017595387995243073,0.017931971326470376
8992,0.01765575259923935,0.017929800916463137
8993,0.017607737332582474,0.01792925314977765
8994,0.017675209790468216,0.017923765406012534
8995,0.017574062570929527,0.01792084388434887
8996,0.017704978585243225,0.01791319601237774
8997,0.01760249212384224,0.017900816779583693
8998,0.017535759136080742,0.017896533571183683
8999,0.017669716849923134,0.017889840994030237
9000,0.017499662935733795,0.017883073929697277
9001,0.017455849796533585,0.017876527663320305
9002,0.017449766397476196,0.017865561228245497
9003,0.017546575516462326,0.01786255044862628
9004,0.017700085416436195,0.01785541232675314
9005,0.017360471189022064,0.01784120384603739
9006,0.017837438732385635,0.017836205773055554
9007,0.01792367920279503,0.01783291621133685
9008,0.01751316525042057,0.017823887802660466
9009,0.01791974902153015,0.017822062447667122
9010,0.018027519807219505,0.017823252733796834
9011,0.017763182520866394,0.01782110283151269
9012,0.01773584634065628,0.01781835751608014
9013,0.01812371239066124,0.01781902223825455
9014,0.01788737252354622,0.017819095980376006
9015,0.018430184572935104,0.01782298443838954
9016,0.01843692734837532,0.017827935125678776
9017,0.018380559980869293,0.01783452207222581
9018,0.018174730241298676,0.01783660216256976
9019,0.018012307584285736,0.017836111318320035
9020,0.01772797293961048,0.017834818959236144
9021,0.01801840215921402,0.017837585862725974
9022,0.017939627170562744,0.017840101514011622
9023,0.01816597580909729,0.01784423479810357
9024,0.01796766184270382,0.01784641183912754
9025,0.018076006323099136,0.01785145055502653
9026,0.018036626279354095,0.017850916888564824
9027,0.01798420026898384,0.01785397108644247
9028,0.017708199098706245,0.01784808445721865
9029,0.018119201064109802,0.01784761568531394
9030,0.017765983939170837,0.017843950558453798
9031,0.018153997138142586,0.017843612618744373
9032,0.017950303852558136,0.017844433151185512
9033,0.017940185964107513,0.01784543415531516
9034,0.01768479496240616,0.017844379153102635
9035,0.018022112548351288,0.017843356393277644
9036,0.01776040717959404,0.01784345109015703
9037,0.018048198893666267,0.017843342777341606
9038,0.017977921292185783,0.017843474503606557
9039,0.01769442670047283,0.0178411578014493
9040,0.017548441886901855,0.017834715936332943
9041,0.01797858625650406,0.017838105764240025
9042,0.017852868884801865,0.017836546283215283
9043,0.017899736762046814,0.01783655332401395
9044,0.01783374696969986,0.017836036309599877
9045,0.017683357000350952,0.017833035327494143
9046,0.017651792615652084,0.01783259218558669
9047,0.01764201931655407,0.017827313989400864
9048,0.017416518181562424,0.0178236635774374
9049,0.018269401043653488,0.017826402336359026
9050,0.01819145493209362,0.017828126978129147
9051,0.01755034551024437,0.017826369553804396
9052,0.017644016072154045,0.01782504504546523
9053,0.017658786848187447,0.01782660961151123
9054,0.017619505524635315,0.017822745274752378
9055,0.01776094175875187,0.017819244749844074
9056,0.017530914396047592,0.017816177438944578
9057,0.01806989498436451,0.017817640528082847
9058,0.017959710210561752,0.017819420639425515
9059,0.017659148201346397,0.01781908206641674
9060,0.017700934782624245,0.017816837485879658
9061,0.01766207069158554,0.01781692771241069
9062,0.017665613442659378,0.017813968863338234
9063,0.017631497234106064,0.017811543419957162
9064,0.017490249127149582,0.01780758336186409
9065,0.01780821569263935,0.017807606533169748
9066,0.017737526446580887,0.017808269169181587
9067,0.017713233828544617,0.01780964957550168
9068,0.017718303948640823,0.017809629421681166
9069,0.017475081607699394,0.017809883169829847
9070,0.017500663176178932,0.017800778057426213
9071,0.017482757568359375,0.017792569044977426
9072,0.017760448157787323,0.017790696416050196
9073,0.017393797636032104,0.01778363686054945
9074,0.0182990450412035,0.017790015172213316
9075,0.018049955368041992,0.01778992548584938
9076,0.017970886081457138,0.01779005542397499
9077,0.018013127148151398,0.017792889103293418
9078,0.017621805891394615,0.01779075251892209
9079,0.017515122890472412,0.017787492033094168
9080,0.01767069101333618,0.017788650840520857
9081,0.017468497157096863,0.01778656158596277
9082,0.017749324440956116,0.017788062039762735
9083,0.01744377240538597,0.01778546618297696
9084,0.01811228133738041,0.017787417769432066
9085,0.018173497170209885,0.0177942306175828
9086,0.017506837844848633,0.017792106214910744
9087,0.01750851795077324,0.017788922358304263
9088,0.01756480149924755,0.017786777578294277
9089,0.01741839200258255,0.0177852838113904
9090,0.01762351766228676,0.017784137427806854
9091,0.01747104525566101,0.017782894000411033
9092,0.01775290071964264,0.017783865481615067
9093,0.01764293760061264,0.01778421748429537
9094,0.01801927387714386,0.017787658125162125
9095,0.017832988873124123,0.01779024738818407
9096,0.01784137263894081,0.017791611328721046
9097,0.01792413368821144,0.01779482774436474
9098,0.017498183995485306,0.017794451992958784
9099,0.017346445471048355,0.017791219279170035
9100,0.0177253820002079,0.017793476469814776
9101,0.017460593953728676,0.01779352391138673
9102,0.01793711632490158,0.01779839741066098
9103,0.017672443762421608,0.017799656093120574
9104,0.017853377386927605,0.01780118901282549
9105,0.017964575439691544,0.017807230055332184
9106,0.017407327890396118,0.017802928946912287
9107,0.017453685402870178,0.01779822900891304
9108,0.01773276925086975,0.01780042504891753
9109,0.017592772841453552,0.017797155287116766
9110,0.0175766758620739,0.017792646847665308
9111,0.017409544438123703,0.017789110466837885
9112,0.017856819555163383,0.017790320198982953
9113,0.01740206591784954,0.017783103734254836
9114,0.01836070977151394,0.017787837106734514
9115,0.01857518032193184,0.01778928706422448
9116,0.01778562366962433,0.01778277402743697
9117,0.018247202038764954,0.01778144044801593
9118,0.017825495451688766,0.01777794810011983
9119,0.01815555803477764,0.017779380604624747
9120,0.018089594319462776,0.017782996818423272
9121,0.01809871196746826,0.017783799916505815
9122,0.018083015456795692,0.017785233799368142
9123,0.01789093017578125,0.017782483343034984
9124,0.017745379358530045,0.017780260518193244
9125,0.01773427426815033,0.017776843197643756
9126,0.01774364337325096,0.017773913368582726
9127,0.0176397617906332,0.01777046898379922
9128,0.017712704837322235,0.01777051404118538
9129,0.017468854784965515,0.017764010578393937
9130,0.01789264753460884,0.017765277214348316
9131,0.017920836806297302,0.017762945611029864
9132,0.017476573586463928,0.01775820830836892
9133,0.01767958700656891,0.017755602318793536
9134,0.017817184329032898,0.017756926212459802
9135,0.017953068017959595,0.017756235767155886
9136,0.017590010538697243,0.017754531800746917
9137,0.018106121569871902,0.017755111027508975
9138,0.01788307912647724,0.01775416260585189
9139,0.017927292734384537,0.017756491266191006
9140,0.018148737028241158,0.0177624942176044
9141,0.01750168576836586,0.01775772521272302
9142,0.01815163716673851,0.017760712895542385
9143,0.018134016543626785,0.017763055693358183
9144,0.018010210245847702,0.01776482032611966
9145,0.018141333013772964,0.01776940008625388
9146,0.01766323670744896,0.01776951452717185
9147,0.01816195622086525,0.01777471389621496
9148,0.018553249537944794,0.017786081209778787
9149,0.01789986342191696,0.01778238583356142
9150,0.018118567764759064,0.017781656961888076
9151,0.01798464171588421,0.017785999923944473
9152,0.01807187683880329,0.017790278531610967
9153,0.018298888579010963,0.0177966795489192
9154,0.01796717941761017,0.01780015628784895
9155,0.01785927265882492,0.01780113959684968
9156,0.017834030091762543,0.01780417075380683
9157,0.017533710226416588,0.01779880890622735
9158,0.017836324870586395,0.017797575052827596
9159,0.017725493758916855,0.0177982385084033
9160,0.0173784289509058,0.017795013450086116
9161,0.017868738621473312,0.017797080129384996
9162,0.01757683977484703,0.01779619239270687
9163,0.018019501119852066,0.01780007243156433
9164,0.018254276365041733,0.017807712703943254
9165,0.01784520596265793,0.01780808260664344
9166,0.017767921090126038,0.01780838655307889
9167,0.017908837646245956,0.0178103425912559
9168,0.01773817464709282,0.017810541298240425
9169,0.017770832404494286,0.01781349880620837
9170,0.017815545201301575,0.017816647626459597
9171,0.017545383423566818,0.017817273885011673
9172,0.017704736441373825,0.01781671676784754
9173,0.01748797483742237,0.01781765853986144
9174,0.017668098211288452,0.01781134907156229
9175,0.01759031042456627,0.017806752622127532
9176,0.017473211511969566,0.017801775876432658
9177,0.017626289278268814,0.01779790749773383
9178,0.017594214528799057,0.017797631584107874
9179,0.017619945108890533,0.01779867980629206
9180,0.017442457377910614,0.017796397469937802
9181,0.0176413431763649,0.01779812593013048
9182,0.017642555758357048,0.017797058243304492
9183,0.017408467829227448,0.017796705197542905
9184,0.017420543357729912,0.0177897878177464
9185,0.017408862709999084,0.017782141473144292
9186,0.017438698559999466,0.0177814600802958
9187,0.017546679824590683,0.017781841699033976
9188,0.017371462658047676,0.017779908310621977
9189,0.017651408910751343,0.017782238479703665
9190,0.01743301749229431,0.01778033347800374
9191,0.017839718610048294,0.017784020211547614
9192,0.018093958497047424,0.01778743078932166
9193,0.017682980746030807,0.017787831220775843
9194,0.017902664840221405,0.01778666513040662
9195,0.017832797020673752,0.017786663211882114
9196,0.018138106912374496,0.01778963055461645
9197,0.018105806782841682,0.017791447285562752
9198,0.018494239076972008,0.01780140783637762
9199,0.018270019441843033,0.01781064357608557
9200,0.018234970048069954,0.017815739456564186
9201,0.018167365342378616,0.017822807170450688
9202,0.017839716747403145,0.017821833174675703
9203,0.01765531674027443,0.017821661904454233
9204,0.01815083622932434,0.017824636492878198
9205,0.017852144315838814,0.017823512181639672
9206,0.018257662653923035,0.01783201552927494
9207,0.01826837658882141,0.01784016244113445
9208,0.017862604930996895,0.017841460797935724
9209,0.017622005194425583,0.017841753121465444
9210,0.01814594678580761,0.01784744583070278
9211,0.017909951508045197,0.017852449901401998
9212,0.018037840723991394,0.017854260113090277
9213,0.018197353929281235,0.017862212993204594
9214,0.017740216106176376,0.017856008056551218
9215,0.017606351524591446,0.017846319768577815
9216,0.018029026687145233,0.017848753798753024
9217,0.017901821061968803,0.017845299988985062
9218,0.017609592527151108,0.017843140959739684
9219,0.01749890111386776,0.017836574390530588
9220,0.017835518345236778,0.017834033630788327
9221,0.017603948712348938,0.017829085998237133
9222,0.017805330455303192,0.017826309148222207
9223,0.017484625801444054,0.017822246104478835
9224,0.017952758818864822,0.017824319899082185
9225,0.01786154694855213,0.0178255926258862
9226,0.017595918849110603,0.0178241153806448
9227,0.017515718936920166,0.01782287495210767
9228,0.017651237547397614,0.017822260279208423
9229,0.017498329281806946,0.017822555024176834
9230,0.01766344904899597,0.017820263039320706
9231,0.01747523993253708,0.017815807070583105
9232,0.01773039624094963,0.01781834529712796
9233,0.017556635662913322,0.017817115783691405
9234,0.01768239215016365,0.017815767861902712
9235,0.017806388437747955,0.0178143010661006
9236,0.017502455040812492,0.01781342551112175
9237,0.017422780394554138,0.017806592099368572
9238,0.017359821125864983,0.017801359519362448
9239,0.01729583367705345,0.01779504492878914
9240,0.017637191340327263,0.01778992947191
9241,0.01741010509431362,0.017789013665169478
9242,0.018118135631084442,0.01778867864981294
9243,0.018077362328767776,0.017788112107664348
9244,0.01747530698776245,0.017782763075083495
9245,0.017442606389522552,0.01777577580884099
9246,0.017428699880838394,0.017773430440574885
9247,0.017354436218738556,0.01776535524055362
9248,0.017595360055565834,0.017755776345729828
9249,0.017352674156427383,0.017750304453074933
9250,0.01785893365740776,0.01774770811200142
9251,0.017897620797157288,0.01774683790281415
9252,0.017528090626001358,0.01774140004068613
9253,0.017593158408999443,0.017734342738986015
9254,0.017351238057017326,0.017728183325380086
9255,0.017486289143562317,0.01772445349022746
9256,0.01735222153365612,0.017719635404646397
9257,0.017335310578346252,0.017717651408165693
9258,0.017307177186012268,0.017712359931319952
9259,0.017215479165315628,0.01770725978538394
9260,0.017574533820152283,0.017709220834076403
9261,0.017467103898525238,0.017705204486846923
9262,0.01768568903207779,0.01770629297941923
9263,0.017583167180418968,0.0177019296400249
9264,0.01759006455540657,0.01769528752192855
9265,0.01745862141251564,0.017691421676427125
9266,0.017625581473112106,0.017689998280256986
9267,0.01737639680504799,0.017684673871845007
9268,0.017786318436264992,0.01768515530973673
9269,0.01785040646791458,0.01768595105037093
9270,0.017494942992925644,0.01768274502828717
9271,0.01765676587820053,0.01768385885283351
9272,0.017470750957727432,0.017681518997997046
9273,0.017434490844607353,0.017680984158068895
9274,0.017368700355291367,0.017677990179508926
9275,0.017451107501983643,0.017676598150283097
9276,0.017290854826569557,0.017674774583429097
9277,0.017697181552648544,0.017675483506172894
9278,0.01758885383605957,0.0176754298992455
9279,0.017770960927009583,0.01767694005742669
9280,0.017903491854667664,0.01768155040219426
9281,0.017493953928351402,0.017680076509714128
9282,0.01762278564274311,0.017679878808557987
9283,0.01748485304415226,0.017680642660707235
9284,0.017412327229976654,0.017680560499429704
9285,0.017578383907675743,0.01768225571140647
9286,0.017382394522428513,0.01768169267103076
9287,0.017380952835083008,0.017680035401135684
9288,0.017879866063594818,0.017685119435191153
9289,0.01747114583849907,0.01768331680446863
9290,0.017376426607370377,0.01768275089561939
9291,0.017607463523745537,0.017680428344756364
9292,0.017403189092874527,0.017673520650714637
9293,0.017451655119657516,0.017671207394450904
9294,0.017281368374824524,0.017664994429796934
9295,0.017676591873168945,0.017663432378321887
9296,0.017853345721960068,0.017660584766417742
9297,0.01760515198111534,0.01765557821840048
9298,0.017568442970514297,0.017646320257335903
9299,0.017519839107990265,0.017638818453997375
9300,0.017594482749700546,0.01763241358101368
9301,0.017578985542058945,0.01762652978301048
9302,0.017508424818515778,0.01762321686372161
9303,0.017488548532128334,0.017621549181640148
9304,0.01750325784087181,0.017615073397755622
9305,0.01754358783364296,0.017611987832933666
9306,0.017852524295449257,0.017607936449348927
9307,0.01748388446867466,0.017600091528147458
9308,0.017826654016971588,0.017599732019007205
9309,0.017877304926514626,0.017602285016328097
9310,0.01769324392080307,0.017597757987678053
9311,0.01760810986161232,0.017594739571213724
9312,0.01810391992330551,0.017595400363206865
9313,0.01760849729180336,0.017589511796832085
9314,0.018676012754440308,0.017598869763314724
9315,0.018741058185696602,0.017610216829925775
9316,0.0180492140352726,0.01761041870340705
9317,0.01818988285958767,0.01761329932138324
9318,0.018020953983068466,0.017617412935942413
9319,0.017850320786237717,0.017620927132666112
9320,0.018012933433055878,0.017622701283544304
9321,0.017648588865995407,0.017623147685080765
9322,0.018402405083179474,0.01762911843135953
9323,0.018279215320944786,0.017637064326554538
9324,0.017730236053466797,0.017634839098900557
9325,0.01787797175347805,0.017635003346949816
9326,0.01772969402372837,0.017636341098695992
9327,0.01764712668955326,0.017637655176222324
9328,0.017804503440856934,0.017639187835156916
9329,0.017702220007777214,0.01764122674241662
9330,0.01771821826696396,0.0176417744345963
9331,0.01755863055586815,0.01764260834082961
9332,0.01782332733273506,0.017643537651747466
9333,0.017529644072055817,0.01764326773583889
9334,0.01813393272459507,0.017647783141583204
9335,0.01824278011918068,0.01765214705839753
9336,0.017637895420193672,0.017653501462191343
9337,0.017978206276893616,0.017659055721014737
9338,0.017553281038999557,0.017660990320146085
9339,0.017715860158205032,0.0176651905849576
9340,0.017656654119491577,0.017665385212749244
9341,0.01757921278476715,0.017667076289653777
9342,0.017572032287716866,0.017661615256220103
9343,0.017468856647610664,0.01765553019940853
9344,0.017422977834939957,0.017655006907880307
9345,0.017323821783065796,0.017653819061815738
9346,0.017430797219276428,0.017653840035200118
9347,0.017346017062664032,0.017653755843639374
9348,0.01738610863685608,0.017651663329452276
9349,0.01714099943637848,0.017649546582251787
9350,0.017528904601931572,0.017646246291697025
9351,0.0174601748585701,0.017641871832311154
9352,0.0173506960272789,0.017640097886323928
9353,0.017457937821745872,0.017638745680451394
9354,0.017207548022270203,0.017637308780103923
9355,0.017723198980093002,0.017639677878469227
9356,0.017706248909235,0.017643218152225016
9357,0.017713598906993866,0.017647001035511492
9358,0.01775370165705681,0.01765146628022194
9359,0.01749982126057148,0.017654309701174497
9360,0.017476003617048264,0.017653324399143456
9361,0.01739027351140976,0.017652556095272304
9362,0.017408570274710655,0.01764978490769863
9363,0.017381511628627777,0.01764776835218072
9364,0.017485324293375015,0.017646720949560404
9365,0.017257340252399445,0.017644708137959243
9366,0.017838917672634125,0.017646841499954463
9367,0.017850518226623535,0.01765158271417022
9368,0.017537325620651245,0.01764909278601408
9369,0.017404373735189438,0.01764463245868683
9370,0.017581701278686523,0.017645500041544436
9371,0.017653169110417366,0.017645464073866607
9372,0.017291013151407242,0.017643666695803403
9373,0.017610982060432434,0.017645431607961656
9374,0.01751117780804634,0.017646856382489206
9375,0.01739424094557762,0.017646287716925144
9376,0.017553212121129036,0.01764891128987074
9377,0.01721790060400963,0.01764411848038435
9378,0.017536917701363564,0.01764359911903739
9379,0.01732228696346283,0.01763911237940192
9380,0.017729133367538452,0.01763736879453063
9381,0.01782945543527603,0.017640723809599877
9382,0.017447499558329582,0.01763897094875574
9383,0.017854079604148865,0.017642663214355706
9384,0.017734427005052567,0.017645884212106465
9385,0.01734340563416481,0.017643534429371357
9386,0.01770493946969509,0.017646759878844023
9387,0.017531542107462883,0.01764826577156782
9388,0.01751863956451416,0.017644653506577016
9389,0.017713965848088264,0.017647081706672906
9390,0.01720818132162094,0.017645399253815412
9391,0.018258869647979736,0.017651913315057756
9392,0.01848328486084938,0.017662714272737502
9393,0.01792461797595024,0.01766744390130043
9394,0.018154136836528778,0.01767617158591747
9395,0.018177274614572525,0.01768117841333151
9396,0.01771717704832554,0.017679816726595163
9397,0.017832621932029724,0.01768209142610431
9398,0.017659425735473633,0.0176830012537539
9399,0.01760440692305565,0.017683846931904553
9400,0.01762976497411728,0.01768419975414872
9401,0.017577141523361206,0.017684181313961746
9402,0.017284942790865898,0.017681946493685246
9403,0.017417848110198975,0.017681239489465952
9404,0.01771608367562294,0.017683367747813462
9405,0.017293905839323997,0.017680870927870275
9406,0.017800310626626015,0.017680348791182042
9407,0.01826964132487774,0.017688206359744073
9408,0.017735231667757034,0.017687292136251927
9409,0.017665516585111618,0.017685174252837898
9410,0.01800284907221794,0.017688270304352046
9411,0.017793044447898865,0.01769011965021491
9412,0.01755244843661785,0.017684604935348035
9413,0.017661428079009056,0.01768513424322009
9414,0.017958369106054306,0.01767795780673623
9415,0.017352722585201263,0.017664074450731277
9416,0.01842806488275528,0.017667862959206103
9417,0.019148286432027817,0.017677446994930505
9418,0.01866503804922104,0.017683887835592032
9419,0.01852627471089363,0.01769064737483859
9420,0.018027888610959053,0.01769079692661762
9421,0.01819826290011406,0.01769629366695881
9422,0.01779545471072197,0.017690224163234233
9423,0.017878105863928795,0.017686213068664074
9424,0.01787208393216133,0.01768763154745102
9425,0.01796772889792919,0.01768852911889553
9426,0.017750006169080734,0.017688732240349055
9427,0.01761101558804512,0.017688371129333972
9428,0.017388269305229187,0.017684208787977697
9429,0.017681341618299484,0.01768400000408292
9430,0.017517998814582825,0.017681997809559105
9431,0.017536433413624763,0.01768177583813667
9432,0.017355816438794136,0.017677100729197263
9433,0.01823621243238449,0.017684166412800552
9434,0.01829655095934868,0.017685792595148086
9435,0.017732135951519012,0.01768068615347147
9436,0.01783054880797863,0.01768261268734932
9437,0.01752553880214691,0.017678086012601853
9438,0.01749158836901188,0.017677469085901974
9439,0.017537059262394905,0.017675681076943874
9440,0.017253953963518143,0.01767165407538414
9441,0.017663318663835526,0.017672495134174824
9442,0.017537161707878113,0.017672146428376435
9443,0.01736154407262802,0.01767107330262661
9444,0.017303280532360077,0.01766987632960081
9445,0.017438504844903946,0.017671023160219193
9446,0.01722842827439308,0.017668999470770358
9447,0.017712857574224472,0.017672667875885964
9448,0.01762002892792225,0.017675007078796625
9449,0.017449071630835533,0.017678087800741194
9450,0.01777460426092148,0.017680544797331096
9451,0.017252054065465927,0.01767846358940005
9452,0.01764173060655594,0.017681373935192823
9453,0.01754295453429222,0.017682224102318286
9454,0.017656546086072922,0.017686714082956315
9455,0.017487293109297752,0.017684355024248363
9456,0.017654970288276672,0.017683842238038778
9457,0.01772915944457054,0.017683997843414546
9458,0.017380423843860626,0.017680265065282582
9459,0.01769617572426796,0.017682228609919547
9460,0.01773536577820778,0.017684822231531144
9461,0.017345959320664406,0.01768437908962369
9462,0.01733255386352539,0.017683618925511835
9463,0.017540402710437775,0.017685207836329937
9464,0.017287954688072205,0.017683234140276907
9465,0.01742628961801529,0.017684923633933067
9466,0.017370793968439102,0.017680242396891116
9467,0.01723301410675049,0.017674067355692387
9468,0.017721518874168396,0.017675909288227556
9469,0.017414521425962448,0.017676010765135287
9470,0.017838988453149796,0.01767858363687992
9471,0.017772605642676353,0.01767977800220251
9472,0.017942382022738457,0.017686291690915824
9473,0.01780039817094803,0.01768818585202098
9474,0.01756640151143074,0.01768873808905482
9475,0.017536628991365433,0.017690161969512702
9476,0.017411649227142334,0.017688746340572836
9477,0.017240721732378006,0.01768897455185652
9478,0.017474934458732605,0.01768835471943021
9479,0.017410334199666977,0.01768923519179225
9480,0.017314661294221878,0.017685090471059085
9481,0.017397072166204453,0.01768076663836837
9482,0.017183765769004822,0.01767812930047512
9483,0.01778271794319153,0.017677415683865546
9484,0.01743938773870468,0.01767446529120207
9485,0.018187757581472397,0.017682908810675146
9486,0.018358850851655006,0.01768944792449474
9487,0.017915941774845123,0.017693291921168565
9488,0.01801895722746849,0.01769829509779811
9489,0.01750611513853073,0.017696216590702533
9490,0.01798352412879467,0.01770397001877427
9491,0.017861418426036835,0.017699995506554843
9492,0.01767600327730179,0.017691922690719366
9493,0.017880670726299286,0.017691483218222857
9494,0.017308469861745834,0.017683026548475027
9495,0.01864287257194519,0.017687682528048754
9496,0.0182722806930542,0.01769323356449604
9497,0.017886675894260406,0.01769377410411835
9498,0.01797429844737053,0.017696922831237315
9499,0.018230754882097244,0.01770318631082773
9500,0.017754551023244858,0.01770443417131901
9501,0.017981741577386856,0.017708480171859265
9502,0.01794658601284027,0.01771509660407901
9503,0.017473828047513962,0.017715656403452157
9504,0.017452873289585114,0.01771302429959178
9505,0.017847975715994835,0.01771856499835849
9506,0.01745833456516266,0.017715145237743854
9507,0.018052436411380768,0.017712973188608885
9508,0.01791107840836048,0.01771473165601492
9509,0.017800506204366684,0.01771608155220747
9510,0.01747538521885872,0.01771080691367388
9511,0.017832323908805847,0.017711199708282947
9512,0.01754470355808735,0.01771112225949764
9513,0.01774059608578682,0.01771191393956542
9514,0.017761074006557465,0.01770994098857045
9515,0.01755131222307682,0.017711926884949207
9516,0.01758207008242607,0.017703466936945914
9517,0.01753569021821022,0.01768734097480774
9518,0.01723724976181984,0.017673063091933727
9519,0.017809778451919556,0.017665898129343986
9520,0.017695752903819084,0.017662576772272585
9521,0.017185816541314125,0.017652452308684587
9522,0.01720408909022808,0.01764653865247965
9523,0.01749420538544655,0.017642699647694826
9524,0.017210550606250763,0.01763608431443572
9525,0.017510531470179558,0.017631512340158223
9526,0.017253341153264046,0.017626545690000057
9527,0.017658567056059837,0.017627021204680203
9528,0.017455169931054115,0.017627690210938452
9529,0.017550809308886528,0.017626384887844324
9530,0.01737683080136776,0.017624973207712172
9531,0.017575498670339584,0.01762536386027932
9532,0.0174954105168581,0.01762675980105996
9533,0.01730351895093918,0.017617432866245508
9534,0.017168540507555008,0.01760615276172757
9535,0.01732783578336239,0.017602109760046006
9536,0.017150044441223145,0.01759530471637845
9537,0.01768065243959427,0.017596855852752925
9538,0.017363686114549637,0.017595576830208303
9539,0.017564624547958374,0.017595852483063935
9540,0.01757635921239853,0.01759907653555274
9541,0.017318107187747955,0.017595624420791864
9542,0.017270930111408234,0.017592962104827164
9543,0.01713830605149269,0.01759072972461581
9544,0.01713848114013672,0.017589081730693578
9545,0.016993993893265724,0.017584636621177197
9546,0.016938043758273125,0.017581732776015997
9547,0.01752086728811264,0.01757981287315488
9548,0.01704539731144905,0.017574066556990148
9549,0.01857885532081127,0.017585364393889902
9550,0.01873423531651497,0.017594960704445838
9551,0.017381250858306885,0.01759625267237425
9552,0.01813577488064766,0.017601193115115165
9553,0.018125386908650398,0.017607017438858747
9554,0.017401551827788353,0.0176044674962759
9555,0.018118252977728844,0.017610777094960214
9556,0.01782495528459549,0.017612476944923402
9557,0.017579156905412674,0.017610976919531823
9558,0.01774854026734829,0.0176146580837667
9559,0.017539648339152336,0.01761309280991554
9560,0.017434488981962204,0.01761008404195309
9561,0.017427578568458557,0.01761090023443103
9562,0.01714705117046833,0.017609045207500458
9563,0.017279043793678284,0.017606431618332863
9564,0.01714077591896057,0.017604959830641746
9565,0.017580881714820862,0.017606505751609804
9566,0.017353985458612442,0.017606337666511537
9567,0.017565805464982986,0.017609665580093862
9568,0.017544370144605637,0.017607894092798233
9569,0.01727563515305519,0.01760650523006916
9570,0.01722492277622223,0.017600364573299884
9571,0.01727360486984253,0.017595374565571545
9572,0.01706906408071518,0.017586641386151312
9573,0.017723465338349342,0.017585872057825327
9574,0.017519544810056686,0.017585403490811585
9575,0.01758836954832077,0.01758592089638114
9576,0.01749555394053459,0.01758675994351506
9577,0.017503440380096436,0.017589387129992248
9578,0.017439618706703186,0.017589033972471954
9579,0.01732546277344227,0.017588185258209706
9580,0.017252061516046524,0.017587559260427953
9581,0.0174889974296093,0.017588478513062
9582,0.017276674509048462,0.017589407600462438
9583,0.017405150458216667,0.017585631925612688
9584,0.017370659857988358,0.017584944646805524
9585,0.01741105504333973,0.0175771776214242
9586,0.017653653398156166,0.01757012564688921
9587,0.017122328281402588,0.017562189511954783
9588,0.017282072454690933,0.01755482066422701
9589,0.017109613865613937,0.017550855651497842
9590,0.01727985590696335,0.017543818969279527
9591,0.01699099689722061,0.017535114753991367
9592,0.01749292016029358,0.017533283922821285
9593,0.017318865284323692,0.01752766586840153
9594,0.01749284751713276,0.017529509644955397
9595,0.01767047308385372,0.017519785650074483
9596,0.01727091521024704,0.01750977199524641
9597,0.017526309937238693,0.017506168335676194
9598,0.017292631790041924,0.01749935166910291
9599,0.017279721796512604,0.01748984133824706
9600,0.017142072319984436,0.017483716551214456
9601,0.01712874323129654,0.017475186567753553
9602,0.017228445038199425,0.017468005158007144
9603,0.017058491706848145,0.017463851794600485
9604,0.017356637865304947,0.017462889440357687
9605,0.01701177842915058,0.017454527467489243
9606,0.017459895461797714,0.017454543076455595
9607,0.01740150898694992,0.017448033802211285
9608,0.01728617213666439,0.017441784739494325
9609,0.01759590581059456,0.0174397387355566
9610,0.017078865319490433,0.01743577353656292
9611,0.017630139365792274,0.017433751691132784
9612,0.01775858923792839,0.017435890547931196
9613,0.017419850453734398,0.01743268309161067
9614,0.017624694854021072,0.017431319300085305
9615,0.01766948215663433,0.017432500999420883
9616,0.017266880720853806,0.01742934910580516
9617,0.017815744504332542,0.017432149648666382
9618,0.01795671507716179,0.0174393443018198
9619,0.0175861194729805,0.01743710771203041
9620,0.017552319914102554,0.017435673382133244
9621,0.0175018347799778,0.017438833564519883
9622,0.01758449710905552,0.017442637644708155
9623,0.01729915291070938,0.017440687119960784
9624,0.017536960542201996,0.017443951219320297
9625,0.017116937786340714,0.01744001528248191
9626,0.01784246601164341,0.017445906531065702
9627,0.017827939242124557,0.01744760025292635
9628,0.017459481954574585,0.017447643373161556
9629,0.017553862184286118,0.01744767390191555
9630,0.017366547137498856,0.017447571065276862
9631,0.01747867278754711,0.017446602806448937
9632,0.017145909368991852,0.017443107794970273
9633,0.01741356961429119,0.017444208301603793
9634,0.017341678962111473,0.01744593968614936
9635,0.017212610691785812,0.017444787435233592
9636,0.017229832708835602,0.01744558531790972
9637,0.01695326901972294,0.017438311483711003
9638,0.01693284511566162,0.017434003073722126
9639,0.017189983278512955,0.017430256661027668
9640,0.017001453787088394,0.017424507606774567
9641,0.01755785197019577,0.017426905054599047
9642,0.0172953549772501,0.017427149303257464
9643,0.01798243075609207,0.01743559055030346
9644,0.018243886530399323,0.017446644604206085
9645,0.01736355386674404,0.01745034020394087
9646,0.017706511542201042,0.017458024881780148
9647,0.017438387498259544,0.017457200083881616
9648,0.017770566046237946,0.017464451771229506
9649,0.01792100816965103,0.017457873299717902
9650,0.0174881499260664,0.017445412445813418
9651,0.017469316720962524,0.017446293104439972
9652,0.017574219033122063,0.01744067754596472
9653,0.0174100399017334,0.01743352407589555
9654,0.017221594229340553,0.01743172449991107
9655,0.01721973530948162,0.017422739323228596
9656,0.017183411866426468,0.017416323889046906
9657,0.017097923904657364,0.017411511559039354
9658,0.017312757670879364,0.017407153733074665
9659,0.017024584114551544,0.017402003090828656
9660,0.017300494015216827,0.017400663141161204
9661,0.01711847446858883,0.017397572100162507
9662,0.017518065869808197,0.017401282247155904
9663,0.01767791621387005,0.01740527097135782
9664,0.017194151878356934,0.017405804730951786
9665,0.017428141087293625,0.017404277324676514
9666,0.017141610383987427,0.017402153573930264
9667,0.017345523461699486,0.017399950753897428
9668,0.017159033566713333,0.017396097388118505
9669,0.01739751175045967,0.01739731615409255
9670,0.01719067059457302,0.017396973632276058
9671,0.017528362572193146,0.017399521209299565
9672,0.017566855996847153,0.017404499128460885
9673,0.017218563705682755,0.01739945011213422
9674,0.01734822243452072,0.017397736888378857
9675,0.017337985336780548,0.017395233046263458
9676,0.016971305012702942,0.01738999055698514
9677,0.017545098438858986,0.017390407137572766
9678,0.017280763015151024,0.017388818580657245
9679,0.017711114138364792,0.01739267509430647
9680,0.017832301557064056,0.017398477494716645
9681,0.01710694283246994,0.01739465694874525
9682,0.017336849123239517,0.017395258694887162
9683,0.017310958355665207,0.01739431677386165
9684,0.01704215630888939,0.017391031738370658
9685,0.017362281680107117,0.017390544004738332
9686,0.01725022681057453,0.017386509738862514
9687,0.017270486801862717,0.017387991324067115
9688,0.017279956489801407,0.01738797016441822
9689,0.017063703387975693,0.017387511059641838
9690,0.01712970808148384,0.017386009581387044
9691,0.017441606149077415,0.01739051567390561
9692,0.016956603154540062,0.017385152503848075
9693,0.017517942935228348,0.017387143280357124
9694,0.01753123104572296,0.017387527115643023
9695,0.01743939146399498,0.017385216299444436
9696,0.01780916377902031,0.01739059878513217
9697,0.017238058149814606,0.01738771626725793
9698,0.017266273498535156,0.01738745268434286
9699,0.017202826216816902,0.017386683728545904
9700,0.01715312898159027,0.01738679429516196
9701,0.017374297603964806,0.017389249838888645
9702,0.017216932028532028,0.01738913470879197
9703,0.017132604494690895,0.0173898758366704
9704,0.01696772128343582,0.017385986670851707
9705,0.017149798572063446,0.017387366872280836
9706,0.017089705914258957,0.01738366497680545
9707,0.01695275492966175,0.017379177436232567
9708,0.016946902498602867,0.017375784739851952
9709,0.01689865067601204,0.017368812188506125
9710,0.017247088253498077,0.017370494417846202
9711,0.016921479254961014,0.01736340781673789
9712,0.01752149686217308,0.01736103689298034
9713,0.017610173672437668,0.01736294012516737
9714,0.017559271305799484,0.017362285889685154
9715,0.017493687570095062,0.017360527943819763
9716,0.0173121839761734,0.017360980976372956
9717,0.01750406250357628,0.017357864156365393
9718,0.01720038428902626,0.01735030084848404
9719,0.017163753509521484,0.017346077188849448
9720,0.017399948090314865,0.017344553470611573
9721,0.01705588959157467,0.01734009401872754
9722,0.01741708442568779,0.017338419891893865
9723,0.01702483370900154,0.017335676699876786
9724,0.01795843429863453,0.01733989143744111
9725,0.018010184168815613,0.01734882390126586
9726,0.017656249925494194,0.017346961740404367
9727,0.01771576702594757,0.017345840018242596
9728,0.017415456473827362,0.017345399763435125
9729,0.017376147210597992,0.017343622613698245
9730,0.0174860842525959,0.017344817984849215
9731,0.01717754639685154,0.01734180672094226
9732,0.017358044162392616,0.017343928068876267
9733,0.017293011769652367,0.01734272249042988
9734,0.0172489732503891,0.017341795433312653
9735,0.017466720193624496,0.01734433652833104
9736,0.017310835421085358,0.01734514655545354
9737,0.017179004848003387,0.017347403913736344
9738,0.017087630927562714,0.017348951771855355
9739,0.016847021877765656,0.017345522157847883
9740,0.017716173082590103,0.0173526693508029
9741,0.017503980547189713,0.017352130636572836
9742,0.0179012231528759,0.017358189318329095
9743,0.017959047108888626,0.017357955481857062
9744,0.017343835905194283,0.01734895497560501
9745,0.017398223280906677,0.017349301669746638
9746,0.017429819330573082,0.017346534747630357
9747,0.01716199703514576,0.01734377084299922
9748,0.017322208732366562,0.017339287269860507
9749,0.017094403505325317,0.01733102122321725
9750,0.017675841227173805,0.017332898136228323
9751,0.017428867518901825,0.017332493644207716
9752,0.01747012883424759,0.01733145274221897
9753,0.017659496515989304,0.01733394730836153
9754,0.016977425664663315,0.01733150562271476
9755,0.01786293461918831,0.017337937615811826
9756,0.01750658079981804,0.017341169305145742
9757,0.01821286231279373,0.017352318689227104
9758,0.018099918961524963,0.01736019030213356
9759,0.017509877681732178,0.017365043237805366
9760,0.017803728580474854,0.017370075583457947
9761,0.017373019829392433,0.017372621037065984
9762,0.01715848036110401,0.017369025181978942
9763,0.017949454486370087,0.01737174056470394
9764,0.01730034500360489,0.01737280249595642
9765,0.01808629371225834,0.017379384022206068
9766,0.018319163471460342,0.017391159553080796
9767,0.017301728948950768,0.01739072160795331
9768,0.017278172075748444,0.01739191299304366
9769,0.01769377291202545,0.01739487560465932
9770,0.01693226397037506,0.01739229153841734
9771,0.018423529341816902,0.017401243206113578
9772,0.018408140167593956,0.017409656047821045
9773,0.017929187044501305,0.017416762281209232
9774,0.01798301190137863,0.01742311017587781
9775,0.017373040318489075,0.017423460725694895
9776,0.017396077513694763,0.017427708450704814
9777,0.01755543053150177,0.01742781177163124
9778,0.017155412584543228,0.017426558267325164
9779,0.017646424472332,0.017425911370664834
9780,0.017579413950443268,0.017423382494598627
9781,0.01748911663889885,0.017427204232662915
9782,0.01729869470000267,0.017426822688430547
9783,0.01781257428228855,0.017431838847696782
9784,0.017316797748208046,0.017434585262089967
9785,0.017895840108394623,0.017439920846372844
9786,0.017714854329824448,0.017444567121565342
9787,0.01729367859661579,0.017444799039512873
9788,0.017135795205831528,0.017443357426673176
9789,0.017641503363847733,0.017449135426431894
9790,0.017495349049568176,0.017452791836112737
9791,0.017377736046910286,0.017452153135091065
9792,0.017483428120613098,0.017457421384751797
9793,0.017197657376527786,0.017454218529164792
9794,0.017053794115781784,0.01744944415986538
9795,0.01762334257364273,0.017451283670961857
9796,0.01734943687915802,0.017446686401963233
9797,0.017268609255552292,0.017446991913020612
9798,0.017157504335045815,0.017445904221385717
9799,0.01726759597659111,0.01744655191898346
9800,0.017156723886728287,0.017446587868034838
9801,0.017414582893252373,0.017446990720927716
9802,0.017217382788658142,0.017446995228528977
9803,0.017200671136379242,0.01744767589494586
9804,0.017097922042012215,0.017448977902531623
9805,0.017252283170819283,0.017450002748519183
9806,0.017134618014097214,0.017450451869517564
9807,0.017303941771388054,0.017453963737934827
9808,0.01712595671415329,0.017455754280090333
9809,0.017258675768971443,0.017459354531019926
9810,0.01710374467074871,0.01745792109519243
9811,0.0172298401594162,0.017461004704236983
9812,0.017164845019578934,0.017457438185811042
9813,0.01721923239529133,0.01745352877303958
9814,0.01720418408513069,0.017449977900832893
9815,0.017000403255224228,0.017445045057684183
9816,0.01690833829343319,0.01744100660085678
9817,0.01731208898127079,0.017439086865633727
9818,0.01714148372411728,0.017438497859984636
9819,0.017270902171730995,0.01743956934660673
9820,0.01720593497157097,0.017437629215419293
9821,0.017080694437026978,0.017437877263873816
9822,0.016977613791823387,0.01743348255753517
9823,0.01729569397866726,0.017436191160231828
9824,0.01708207279443741,0.017427427545189857
9825,0.01724865287542343,0.017419812232255937
9826,0.01717301830649376,0.017414979916065932
9827,0.01712796464562416,0.017409101892262697
9828,0.01695830188691616,0.017404530346393585
9829,0.017410501837730408,0.01740487389266491
9830,0.017367243766784668,0.017403685487806797
9831,0.017059793695807457,0.017402507960796357
9832,0.017192333936691284,0.017400850858539343
9833,0.016969313845038414,0.017397613879293203
9834,0.017116349190473557,0.01739628763869405
9835,0.01704568788409233,0.017392077315598727
9836,0.017040828242897987,0.017389377243816853
9837,0.016838438808918,0.017385971583426
9838,0.017199471592903137,0.017387089990079402
9839,0.01695803552865982,0.017388200126588343
9840,0.017588458955287933,0.01738692298531532
9841,0.01754814013838768,0.0173873645812273
9842,0.01698821783065796,0.01737823452800512
9843,0.016842126846313477,0.01736706532537937
9844,0.017237816005945206,0.01736600512638688
9845,0.016979457810521126,0.017361817471683024
9846,0.01739305444061756,0.01736144982278347
9847,0.017313700169324875,0.01736296685412526
9848,0.01702992245554924,0.01736004399135709
9849,0.016999313607811928,0.017359093092381955
9850,0.01682649739086628,0.01735059965401888
9851,0.016801241785287857,0.01734432339668274
9852,0.017193276435136795,0.017341554872691633
9853,0.01694308966398239,0.01733439080417156
9854,0.01749730110168457,0.017339589558541774
9855,0.017480261623859406,0.017335762828588487
9856,0.016946133226156235,0.017330158352851868
9857,0.017503604292869568,0.017323065772652625
9858,0.01697288081049919,0.01731179539114237
9859,0.017799176275730133,0.017314688377082346
9860,0.018182439729571342,0.017318475488573314
9861,0.01709677278995514,0.01731571301817894
9862,0.01769198477268219,0.01732104806229472
9863,0.01771535724401474,0.01731870708987117
9864,0.01708085462450981,0.017316512186080216
9865,0.0173504501581192,0.017309153750538826
9866,0.017122330144047737,0.0172971854172647
9867,0.017140429466962814,0.01729557242244482
9868,0.017181940376758575,0.01729461010545492
9869,0.016930481418967247,0.01728697719052434
9870,0.017016030848026276,0.01728781485930085
9871,0.01693110540509224,0.017272890619933604
9872,0.01691865734755993,0.017257995791733264
9873,0.016998209059238434,0.017248686011880635
9874,0.016788730397820473,0.017236743196845053
9875,0.017156897112727165,0.017234581764787437
9876,0.017005302011966705,0.017230674009770155
9877,0.017243629321455956,0.017227555997669695
9878,0.017090676352381706,0.017226908635348082
9879,0.017053671181201935,0.01722098110243678
9880,0.017074797302484512,0.017215934935957192
9881,0.01705612801015377,0.017211605049669742
9882,0.016860168427228928,0.017207219786942004
9883,0.017009858042001724,0.017199192624539138
9884,0.017185259610414505,0.0171978772431612
9885,0.017139418050646782,0.017190313022583722
9886,0.016950659453868866,0.017182671073824166
9887,0.01712396740913391,0.01718097396194935
9888,0.01719263195991516,0.017181542329490186
9889,0.0168365016579628,0.017173492312431336
9890,0.017253439873456955,0.017171073220670224
9891,0.0170956552028656,0.017168252412229777
9892,0.017755279317498207,0.017170970924198628
9893,0.018024317920207977,0.01717923752963543
9894,0.017813771963119507,0.017186837308108806
9895,0.017774734646081924,0.0171883512288332
9896,0.01744796335697174,0.017189336493611335
9897,0.017662031576037407,0.017193270716816186
9898,0.017187541350722313,0.01719357108697295
9899,0.017809871584177017,0.01719899384304881
9900,0.017935462296009064,0.01720678122714162
9901,0.017691731452941895,0.017209552712738514
9902,0.01744793727993965,0.017211858257651327
9903,0.017876610159873962,0.017218617647886278
9904,0.01760021410882473,0.0172236405685544
9905,0.017822053283452988,0.01722933826968074
9906,0.01747051253914833,0.017232697214931248
9907,0.017621826380491257,0.01723587606102228
9908,0.01767643541097641,0.017241380847990512
9909,0.017186341807246208,0.01724065750837326
9910,0.017123229801654816,0.017240852359682323
9911,0.01761721447110176,0.017244726102799177
9912,0.017369646579027176,0.01724677411839366
9913,0.017240511253476143,0.017246986906975507
9914,0.016994597390294075,0.017244891040027143
9915,0.017742257565259933,0.017252309583127498
9916,0.01747826114296913,0.017258008811622857
9917,0.0173864234238863,0.017258752156049013
9918,0.01726543717086315,0.017259991690516473
9919,0.017052877694368362,0.017257811445742847
9920,0.016818758100271225,0.017253939677029848
9921,0.017655685544013977,0.017259689588099716
9922,0.017417095601558685,0.01726408440619707
9923,0.017462745308876038,0.01726575491949916
9924,0.01741301640868187,0.017269064355641604
9925,0.01704060658812523,0.017266983892768623
9926,0.017002006992697716,0.01726527377963066
9927,0.017144210636615753,0.017265436239540577
9928,0.016978580504655838,0.017265639025717972
9929,0.017298568040132523,0.017264519687741994
9930,0.017109153792262077,0.01726193878799677
9931,0.017210189253091812,0.017263442743569613
9932,0.017066534608602524,0.017262184750288723
9933,0.017031710594892502,0.017262808717787265
9934,0.016887428238987923,0.01726051950827241
9935,0.01731407642364502,0.017263203393667936
9936,0.017203237861394882,0.017264827489852905
9937,0.01705668307840824,0.017267009932547806
9938,0.016970235854387283,0.01726471757516265
9939,0.017139414325356483,0.017266531363129615
9940,0.017096906900405884,0.017261615842580794
9941,0.01707727089524269,0.017256907150149346
9942,0.016939012333750725,0.017256415095180274
9943,0.017121342942118645,0.017259207256138324
9944,0.01704367622733116,0.017257265858352185
9945,0.01702100783586502,0.017257681358605625
9946,0.01691809669137001,0.01725293178111315
9947,0.017199305817484856,0.017251787837594748
9948,0.01726336032152176,0.017254122216254473
9949,0.016779644414782524,0.01725192552432418
9950,0.016797075048089027,0.017251631300896405
9951,0.017122764140367508,0.0172548465244472
9952,0.01698046177625656,0.0172527183778584
9953,0.017181266099214554,0.01725510014221072
9954,0.017165951430797577,0.01725178664550185
9955,0.017031366005539894,0.017247297689318656
9956,0.01689497008919716,0.017246786057949066
9957,0.01733296737074852,0.017245079688727856
9958,0.01731114089488983,0.01724846228957176
9959,0.016891924664378166,0.017239389773458243
9960,0.01689448207616806,0.01722651019692421
9961,0.016920939087867737,0.017224751859903336
9962,0.016901545226573944,0.017216847464442252
9963,0.01684333011507988,0.017208127193152904
9964,0.016699841246008873,0.017204317059367896
9965,0.017081797122955322,0.017201630529016257
9966,0.01672973856329918,0.01719770461320877
9967,0.01765311509370804,0.017202831469476224
9968,0.017738595604896545,0.017208398021757602
9969,0.016840437427163124,0.01720749758183956
9970,0.017521297559142113,0.01721255024895072
9971,0.017051663249731064,0.017213755827397106
9972,0.01761699840426445,0.017220739237964154
9973,0.01772422157227993,0.01722799936309457
9974,0.01716523990035057,0.01723176445811987
9975,0.01727931760251522,0.01723298866301775
9976,0.01705450564622879,0.01723348069936037
9977,0.0172882117331028,0.01723392652347684
9978,0.01692931167781353,0.017232312876731156
9979,0.017337581142783165,0.01723515197634697
9980,0.01740049012005329,0.01723840890452266
9981,0.017321458086371422,0.017241062205284832
9982,0.017265276983380318,0.017245113290846346
9983,0.017135538160800934,0.01724637009203434
9984,0.0171218179166317,0.01724573567509651
9985,0.01681913249194622,0.017242532819509507
9986,0.017091192305088043,0.0172439381480217
9987,0.016819121316075325,0.017240889687091112
9988,0.017720956355333328,0.017246172931045294
9989,0.01775645837187767,0.017255372498184443
9990,0.017420358955860138,0.017257041689008476
9991,0.01754780299961567,0.017261563166975975
9992,0.017230087891221046,0.017256311252713204
9993,0.017136892303824425,0.01724743699654937
9994,0.017118584364652634,0.0172404851205647
9995,0.01694346033036709,0.01723217237740755
9996,0.017136573791503906,0.017229058481752872
9997,0.017074119299650192,0.017223179358989
9998,0.017179954797029495,0.01722310349345207
9999,0.016990935429930687,0.01721491413190961
