step,loss,moving_avg
0,0.1874571293592453,0.1874571293592453
1,0.15634647011756897,0.17190179973840714
2,0.14790309965610504,0.16390223304430643
3,0.14211831986904144,0.1584562547504902
4,0.13543930649757385,0.15385286509990692
5,0.1307171881198883,0.1499969189365705
6,0.126459002494812,0.1466343594448907
7,0.12394104897975922,0.14379769563674927
8,0.12210137397050858,0.1413869932293892
9,0.12036491930484772,0.13928478583693504
10,0.11830790340900421,0.13737779652530496
11,0.11571477353572845,0.13557254460950693
12,0.11321517825126648,0.1338527471973346
13,0.11061280965805054,0.1321927516588143
14,0.10772701352834702,0.13056170245011647
15,0.10633394122123718,0.12904746737331152
16,0.1053125411272049,0.1276512952411876
17,0.10418886691331863,0.12634782700075042
18,0.10285916179418564,0.12511158146356283
19,0.10156451165676117,0.12393422797322273
20,0.10045470297336578,0.12281615535418193
21,0.09947456419467926,0.1217551739378409
22,0.09863100200891495,0.12074977515832237
23,0.0979883149266243,0.11980138098200162
24,0.0967811644077301,0.11888057231903076
25,0.09552200138568878,0.11798216574467145
26,0.09459011256694794,0.11711579340475577
27,0.09386764466762543,0.11628550237842969
28,0.0932929515838623,0.11549265579930668
29,0.09289426356554031,0.11473937605818113
30,0.09255795925855637,0.11402384648399969
31,0.09214901924133301,0.11334025813266635
32,0.09177757799625397,0.1126868435830781
33,0.09147769212722778,0.1120630450108472
34,0.09118763357400894,0.1114666046840804
35,0.09089677780866623,0.11089522060420778
36,0.0906163901090622,0.11034714410433898
37,0.09035982191562653,0.10982116194147813
38,0.09006644785404205,0.10931463081103104
39,0.08974628895521164,0.10882542226463557
40,0.08944685757160187,0.10835277434529328
41,0.0891847088932991,0.10789639183453151
42,0.0889463871717453,0.10745569405167602
43,0.08874290436506271,0.10703040337698026
44,0.0885515883564949,0.10661976304319169
45,0.08836687356233597,0.1062229610979557
46,0.08815145492553711,0.10583846096662765
47,0.08793419599533081,0.1054654554463923
48,0.08772516250610352,0.10510340865169253
49,0.08751971274614334,0.10475173473358154
50,0.08732111752033234,0.10440995792547862
51,0.08714105188846588,0.10407786357861298
52,0.08695715665817261,0.10375483137256694
53,0.0867675319314003,0.10344025175328608
54,0.08658821880817413,0.10313385115428404
55,0.08642825484275818,0.10283553693443537
56,0.08628852665424347,0.10254523850846708
57,0.08612365275621414,0.10226210771963515
58,0.08592689782381058,0.10198523975529913
59,0.08575060963630676,0.10171466258664925
60,0.08560317754745483,0.1014505398810887
61,0.08544918894767761,0.10119245357571109
62,0.0852300226688385,0.1009390816565544
63,0.0850258469581604,0.10069043736439198
64,0.08485016226768494,0.10044674082444265
65,0.08470375835895538,0.10020821078708678
66,0.08458356559276581,0.09997500712747004
67,0.08434062451124191,0.09974508973605492
68,0.08419689536094666,0.09951975358569104
69,0.08409762382507324,0.09929943744625364
70,0.08359061181545258,0.0990781863810311
71,0.08212046325206757,0.09884266244868438
72,0.08108894526958466,0.09859946084349122
73,0.08141657710075378,0.09836725971183262
74,0.08171869069337845,0.09814527879158656
75,0.08120449632406235,0.09792237375911914
76,0.0820653960108757,0.09771643898316792
77,0.08267387747764587,0.09752358563053302
78,0.08157353103160858,0.09732168620523018
79,0.080772265791893,0.09711481845006346
80,0.08088333159685135,0.0969144297234806
81,0.08037785440683365,0.09671276417083857
82,0.08097775280475616,0.0965231857206448
83,0.08140739798545837,0.09634323586665448
84,0.0804714635014534,0.09615650913294624
85,0.08015962690114975,0.09597049887443698
86,0.08041389286518097,0.09579168731111219
87,0.07989880442619324,0.09561108636923811
88,0.08028611540794373,0.09543889568427975
89,0.08065348118543625,0.09527461330095927
90,0.07998238503932953,0.09510656683654575
91,0.07975597679615021,0.09493971259697624
92,0.07999483495950699,0.0947790149879712
93,0.07950015366077423,0.09461647391002229
94,0.07972177863121033,0.09445968764392954
95,0.07999595999717712,0.09430902381427586
96,0.07935498654842377,0.09415485848163821
97,0.0793849527835846,0.09400414515818868
98,0.079727903008461,0.09385994069202981
99,0.07916947454214096,0.09371303603053092
100,0.07915861904621124,0.09263005092740059
101,0.0794372633099556,0.09186095885932445
102,0.07889857143163681,0.09117091357707978
103,0.0790272057056427,0.09054000243544578
104,0.0793074369430542,0.08997868373990059
105,0.07872504740953445,0.08945876233279705
106,0.07883956283330917,0.08898256793618202
107,0.07917878776788712,0.08853494532406331
108,0.07859048247337341,0.08809983640909196
109,0.0785740464925766,0.08768192768096923
110,0.07883166521787643,0.08728716529905796
111,0.07831834256649017,0.08691320098936557
112,0.07851273566484451,0.08656617656350135
113,0.07886046916246414,0.08624865315854549
114,0.07824808359146118,0.08595386385917664
115,0.07822223007678986,0.08567274674773216
116,0.07848826050758362,0.08540450394153595
117,0.07798320800065994,0.08514244735240936
118,0.0781850814819336,0.08489570654928684
119,0.07851782441139221,0.08466523967683315
120,0.07792124897241592,0.08443990513682366
121,0.07786189019680023,0.08422377839684486
122,0.07809486240148544,0.08401841700077056
123,0.07762929797172546,0.08381482683122159
124,0.07786362618207932,0.08362565144896507
125,0.07815994322299957,0.08345203086733818
126,0.07755820453166962,0.0832817117869854
127,0.07755915820598602,0.083118626922369
128,0.07786965370178223,0.08296439394354821
129,0.07735596597194672,0.08280901096761227
130,0.07735408842563629,0.08265697225928306
131,0.07760278135538101,0.08251150988042355
132,0.07709978520870209,0.08236473195254802
133,0.07733908295631409,0.08222334586083889
134,0.07772087305784225,0.08208867825567723
135,0.07708258926868439,0.08195053637027741
136,0.07696032524108887,0.08181397572159767
137,0.07718983292579651,0.08168227583169937
138,0.07674664258956909,0.08154907777905464
139,0.07705763727426529,0.08142219126224517
140,0.07742992788553238,0.08130202196538448
141,0.07679945230484009,0.0811781693994999
142,0.07658183574676514,0.08105452388525008
143,0.07676828652620316,0.0809347777068615
144,0.07635101675987244,0.08081277199089527
145,0.0768667533993721,0.08069777078926563
146,0.07734547555446625,0.08058971099555493
147,0.07658147811889648,0.08047618381679059
148,0.07617657631635666,0.08036069795489312
149,0.07633450627326965,0.08024884589016437
150,0.07598641514778137,0.08013549886643886
151,0.07645830512046814,0.08002867139875888
152,0.07677171379327774,0.07992681697010993
153,0.0760139673948288,0.07981928132474422
154,0.07595579326152802,0.07971295706927777
155,0.07629203796386719,0.07961159490048886
156,0.07576704025268555,0.07950638003647327
157,0.07574499398469925,0.07940259344875812
158,0.07594997435808182,0.07930282421410084
159,0.07546434551477432,0.07919996157288552
160,0.07583128660917282,0.07910224266350269
161,0.07621803134679794,0.07900993108749389
162,0.07553671300411224,0.07891299799084664
163,0.07528571784496307,0.07881559669971466
164,0.07552268356084824,0.07872232191264629
165,0.07507602870464325,0.07862604461610317
166,0.0754176676273346,0.07853438563644886
167,0.07576490938663483,0.07844862848520279
168,0.07511883974075317,0.07835784792900086
169,0.07490728795528412,0.07826594457030296
170,0.07514460384845734,0.07818148449063302
171,0.07470185309648514,0.07810729838907719
172,0.07494636625051498,0.07804587259888648
173,0.07522422075271606,0.07798394903540612
174,0.0746348574757576,0.0779131107032299
175,0.07469853013753891,0.07784805104136466
176,0.0750173032283783,0.0777775701135397
177,0.07444418221712112,0.07769527316093444
178,0.07450203597545624,0.07762455821037292
179,0.07476022839546204,0.07756443783640861
180,0.0742456465959549,0.07749806098639965
181,0.07444152235984802,0.0774386976659298
182,0.07481517642736435,0.07737707190215587
183,0.07423268258571625,0.07730532474815846
184,0.07407161593437195,0.07724132627248764
185,0.07426068186759949,0.07718233682215214
186,0.07384616136550903,0.07711665950715542
187,0.07424579560756683,0.07706012941896916
188,0.0746595710515976,0.07700386397540569
189,0.07395746558904648,0.0769369038194418
190,0.07371567189693451,0.07687423668801785
191,0.07392631471157074,0.07681594006717204
192,0.07351396977901459,0.07675113141536713
193,0.07390158623456955,0.07669514574110509
194,0.07429348677396774,0.07664086282253266
195,0.07360426336526871,0.07657694585621357
196,0.07339593768119812,0.07651735536754131
197,0.07359426468610764,0.07645944848656655
198,0.07318823039531708,0.07639405176043511
199,0.07358850538730621,0.07633824206888676
200,0.07392963021993637,0.076285952180624
201,0.07325747609138489,0.0762241543084383
202,0.07307445257902145,0.07616591311991215
203,0.07330179214477539,0.07610865898430347
204,0.07285378873348236,0.07604412250220775
205,0.0732298493385315,0.07598917052149773
206,0.07361440360546112,0.07593691892921925
207,0.072927325963974,0.07587440431118012
208,0.07274801284074783,0.07581597961485385
209,0.07299743592739105,0.075760213509202
210,0.07253986597061157,0.07569729551672935
211,0.07283845543861389,0.07564249664545059
212,0.0732259601354599,0.07558962889015675
213,0.07258224487304688,0.07552684664726257
214,0.07240265607833862,0.07546839237213135
215,0.07261969149112701,0.07541236698627472
216,0.07218991219997406,0.07534938350319863
217,0.07253801077604294,0.07529493153095246
218,0.07287956774234772,0.07524187639355659
219,0.07221364974975586,0.07517883464694024
220,0.07215304672718048,0.07512115262448787
221,0.07238785922527313,0.07506641231477261
222,0.0719006210565567,0.07500446990132331
223,0.07217653095722198,0.07494994223117829
224,0.07252757251262665,0.07489658169448375
225,0.07186879962682724,0.07483367025852203
226,0.07183163613080978,0.07477640457451344
227,0.07211944460868835,0.07472200743854046
228,0.07160063832998276,0.07465931728482246
229,0.07180823385715485,0.07460383996367455
230,0.07216574251651764,0.07455195650458336
231,0.07156427204608917,0.07449157141149045
232,0.07147213816642761,0.0744352949410677
233,0.0717511922121048,0.0743794160336256
234,0.07127764821052551,0.07431498378515243
235,0.07148480415344238,0.07425900593400002
236,0.07184641063213348,0.07420786678791046
237,0.07123513519763947,0.07414831981062889
238,0.07116763293743134,0.07409252971410751
239,0.07143622636795044,0.07403631560504437
240,0.07093886286020279,0.07397140495479107
241,0.07109785079956055,0.07391438893973827
242,0.07142773270606995,0.07386284790933133
243,0.07081259787082672,0.07380329102277755
244,0.07084054499864578,0.07374818630516529
245,0.07111331820487976,0.07369065195322037
246,0.07059276103973389,0.07362312480807304
247,0.07072794437408447,0.07356458947062493
248,0.07102598249912262,0.07351308353245259
249,0.07046464085578918,0.07345438487827778
250,0.0705823004245758,0.07340034373104572
251,0.07085125893354416,0.07334427326917649
252,0.07030774652957916,0.0732796335965395
253,0.07044203579425812,0.07322391428053379
254,0.07073696702718735,0.07317172601819039
255,0.07015392184257507,0.07311034485697747
256,0.07032465934753418,0.07305592104792595
257,0.07067747414112091,0.07300524584949017
258,0.07006245851516724,0.07294637069106102
259,0.07010184973478317,0.07289274573326111
260,0.07044002413749695,0.07283883310854435
261,0.06989538669586182,0.07277560666203499
262,0.06998656690120697,0.07272010520100594
263,0.07033628225326538,0.07267061084508895
264,0.06976333260536194,0.0726130173355341
265,0.0698012113571167,0.07256026916205884
266,0.07013975083827972,0.07250748999416828
267,0.06960319727659225,0.07244587287306786
268,0.06966862827539444,0.07239137075841427
269,0.0699668675661087,0.07234196655452252
270,0.06944386661052704,0.07228495918214321
271,0.069493867456913,0.07223287932574748
272,0.06980769336223602,0.0721814925968647
273,0.06924982368946075,0.07212174862623215
274,0.06936928629875183,0.07206909291446209
275,0.06966662406921387,0.07201877385377883
276,0.06911084800958633,0.07195970930159092
277,0.06920945644378662,0.07190736204385757
278,0.06954154372215271,0.07185775712132454
279,0.06896272301673889,0.0717997820675373
280,0.06905198097229004,0.07174784541130066
281,0.06933249533176422,0.07169675514101982
282,0.06880538165569305,0.0716366571933031
283,0.06893274933099747,0.07158365786075592
284,0.06925728917121887,0.07153551459312439
285,0.06866657733917236,0.07147957354784013
286,0.0687909796833992,0.07142902173101902
287,0.06908771395683289,0.07137744091451168
288,0.06853502988815308,0.07131619550287724
289,0.06862394511699677,0.07126286029815673
290,0.0689290389418602,0.07121499396860599
291,0.06837543100118637,0.07115948513150215
292,0.06848131120204926,0.07110915854573249
293,0.06878888607025146,0.07105803154408932
294,0.06823966652154922,0.07099749334156513
295,0.06831331551074982,0.07094458386301994
296,0.06862703710794449,0.07089689485728741
297,0.06808498501777649,0.0708418020606041
298,0.06819505989551544,0.07079187035560608
299,0.06852193176746368,0.07074120461940765
300,0.06797181814908981,0.07068162649869919
301,0.06802909076213837,0.07062934264540673
302,0.06834076344966888,0.07058200575411319
303,0.06780293583869934,0.07052701719105244
304,0.06792819499969482,0.07047776125371456
305,0.06824342906475067,0.07042789705097675
306,0.0676913931965828,0.07036866694688797
307,0.06774111837148666,0.07031680487096309
308,0.06805717945098877,0.0702698965370655
309,0.06752142310142517,0.07021513640880585
310,0.0676305741071701,0.07016604349017143
311,0.06794001162052155,0.0701170590519905
312,0.06739120930433273,0.07005871154367924
313,0.06747544556856155,0.07000764355063438
314,0.06777027249336243,0.06996131971478463
315,0.06553788483142853,0.06989050164818764
316,0.0643693208694458,0.06981229573488236
317,0.06450344622135162,0.06973195008933544
318,0.06400565803050995,0.06964321099221707
319,0.06435969471931458,0.06956467144191265
320,0.06455935537815094,0.06948873452842236
321,0.0640476793050766,0.06940533272922039
322,0.0643567144870758,0.06932989366352559
323,0.06468705832958221,0.06925499893724918
324,0.06407685577869415,0.06917049176990986
325,0.06393931806087494,0.06909119695425034
326,0.06418910622596741,0.06901477165520191
327,0.06372496485710144,0.06893082685768605
328,0.06368701159954071,0.06885169059038163
329,0.06375093758106232,0.0687711176276207
330,0.06329793483018875,0.06868243955075741
331,0.06362063437700272,0.06860300317406655
332,0.06395190954208374,0.0685278008878231
333,0.06336124986410141,0.06844390146434307
334,0.06319560110569,0.06836308099329472
335,0.06339938938617706,0.06828222684562206
336,0.06296923011541367,0.06819345504045486
337,0.06314213573932648,0.06811252504587173
338,0.06334517896175385,0.06803430050611496
339,0.06277979165315628,0.06794773615896701
340,0.06294764578342438,0.06786782398819924
341,0.0633411705493927,0.06779025718569756
342,0.06278780102729797,0.06770385786890984
343,0.06258922070264816,0.06762162409722805
344,0.06276218593120575,0.06754084050655365
345,0.06234247237443924,0.06745313204824925
346,0.06275739520788193,0.06737477838993072
347,0.06318172812461853,0.06729931622743607
348,0.06254737079143524,0.06721453011035919
349,0.06224381923675537,0.06713232189416886
350,0.06238473206758499,0.06705034621059895
351,0.062037479132413864,0.06696220841258764
352,0.06240181624889374,0.06688314910978078
353,0.06258441507816315,0.06680457290261983
354,0.062058452516794205,0.06671778775751591
355,0.062335047870874405,0.0666395990177989
356,0.06271518766880035,0.06656350430101156
357,0.06214165315032005,0.06647814609110356
358,0.062045805156230927,0.0663979795575142
359,0.062060631811618805,0.06631756737828255
360,0.061672285199165344,0.06622988998889923
361,0.06213148310780525,0.06615225095301866
362,0.06238957867026329,0.06607628107070923
363,0.06170842424035072,0.06599000249058008
364,0.06180021911859512,0.06591037135571241
365,0.06222502887248993,0.06583460953086614
366,0.06168738380074501,0.0657500858604908
367,0.06143593043088913,0.06566841319203377
368,0.06162255257368088,0.06558795243501664
369,0.06127641722559929,0.06550104793161154
370,0.061769574880599976,0.06542430501431226
371,0.06224397197365761,0.06535180605947971
372,0.061601147055625916,0.0652697405964136
373,0.061181988567113876,0.06518906224519014
374,0.06133045628666878,0.0651086739450693
375,0.06104498356580734,0.06502245754003524
376,0.06139462813735008,0.06494529534131288
377,0.06165973097085953,0.06486979808658361
378,0.061050593852996826,0.06478488858789205
379,0.06119178608059883,0.06470717921853066
380,0.06157548353075981,0.06463241424411535
381,0.06097353622317314,0.06454882465302944
382,0.060881830751895905,0.06446958914399147
383,0.06111487001180649,0.06439141035079957
384,0.060683444142341614,0.06430567190051079
385,0.06093531474471092,0.06422835927456617
386,0.061307504773139954,0.06415352452546358
387,0.06071937829256058,0.06406984116882086
388,0.06068173795938492,0.06399130824953318
389,0.06087427958846092,0.06391381159424782
390,0.06043749675154686,0.06382889617234469
391,0.060670364648103714,0.06375184550881385
392,0.06091265007853508,0.06367615889757872
393,0.060353800654411316,0.06359180804342031
394,0.06056929752230644,0.06351510435342789
395,0.06093050539493561,0.06344127625226975
396,0.060337819159030914,0.0633583840727806
397,0.060231830924749374,0.06327985253185034
398,0.0605023019015789,0.06320292495191097
399,0.06005030870437622,0.0631182087212801
400,0.06030505523085594,0.06304154109209775
401,0.06068331003189087,0.06296808328479528
402,0.06010422855615616,0.06288571793586016
403,0.05992545560002327,0.0628069431334734
404,0.06013856083154678,0.06272904679179192
405,0.05973299592733383,0.06264394246041775
406,0.06013086438179016,0.06256833717226983
407,0.06049751490354538,0.06249590113759041
408,0.05984790250658989,0.06241380836814642
409,0.05969094857573509,0.06233550362288952
410,0.05993952229619026,0.06225859310477972
411,0.05950670316815376,0.06217426002025604
412,0.05978573113679886,0.0620982052385807
413,0.06015072762966156,0.062024958059191705
414,0.05956129729747772,0.061942868307232855
415,0.059460628777742386,0.061882095746695995
416,0.05978325381875038,0.061836235076189044
417,0.05931428074836731,0.0617843434214592
418,0.059381820261478424,0.061738105043768886
419,0.05966510623693466,0.06169115915894508
420,0.05918315798044205,0.061637397184967996
421,0.05925588309764862,0.06158947922289371
422,0.0595407709479332,0.06154131978750229
423,0.05901779606938362,0.0614846271649003
424,0.059131450951099396,0.06143517311662436
425,0.059384915977716446,0.06138962909579277
426,0.05886735022068024,0.0613364115357399
427,0.059054113924503326,0.06128970302641392
428,0.05941256880760193,0.06124695859849453
429,0.05881448835134506,0.06119759410619736
430,0.05876573175191879,0.061152272075414654
431,0.05901520699262619,0.06110621780157089
432,0.05854862183332443,0.0610521849244833
433,0.05879450589418411,0.061006517484784126
434,0.059156741946935654,0.06096612889319658
435,0.05855321139097214,0.060917667113244534
436,0.05845438688993454,0.060872518680989744
437,0.05870426073670387,0.06082813993096352
438,0.05826413631439209,0.0607773295044899
439,0.05854015052318573,0.060734933093190197
440,0.05892224609851837,0.06069467909634113
441,0.05831928551197052,0.06064446024596691
442,0.05815272778272629,0.060598109513521195
443,0.058380819857120514,0.06055602550506592
444,0.05798708647489548,0.060508274510502814
445,0.058248575776815414,0.060467335544526574
446,0.05860001593828201,0.06042576175183058
447,0.058020979166030884,0.060374154262244704
448,0.05792723596096039,0.060327952913939956
449,0.058186884969472885,0.06028738357126713
450,0.057801567018032074,0.0602415519207716
451,0.05784538760781288,0.06019963100552559
452,0.05810432881116867,0.06015665613114834
453,0.05766984820365906,0.0601075104624033
454,0.057808056473731995,0.060065006501972676
455,0.058160215616226196,0.06002325817942619
456,0.05778331682085991,0.059973939470946785
457,0.057447440922260284,0.05992699734866619
458,0.057661134749650955,0.05988315064460039
459,0.05751916021108627,0.059837735928595065
460,0.05739320069551468,0.05979494508355856
461,0.057587455958127975,0.05974950481206179
462,0.05737323686480522,0.059699341394007205
463,0.05708686262369156,0.05965312577784061
464,0.057257030159235,0.059607693888247014
465,0.057031743228435516,0.059555761031806466
466,0.05720333009958267,0.059510920494794846
467,0.057268671691417694,0.05946924790740013
468,0.056977152824401855,0.05942279390990734
469,0.056807246059179306,0.05937810219824314
470,0.057057786732912064,0.05933098431676626
471,0.05702200531959534,0.05927876465022564
472,0.056622911244630814,0.059228982292115685
473,0.05654647946357727,0.05918262720108032
474,0.056593865156173706,0.05913526128977537
475,0.05636285990476608,0.05908844005316496
476,0.05630820244550705,0.05903757579624653
477,0.056296542286872864,0.058983943909406665
478,0.05602998286485672,0.05893373779952526
479,0.056033216416835785,0.05888215210288763
480,0.0559099018573761,0.05882549628615379
481,0.05573849380016327,0.0587731458619237
482,0.05565102398395538,0.058720837794244286
483,0.055535316467285156,0.05866504225879907
484,0.05536412075161934,0.05861184902489185
485,0.05531678721308708,0.05855566374957562
486,0.05514868348836899,0.058494075536727905
487,0.055052824318408966,0.05843740999698639
488,0.054907917976379395,0.058379671797156335
489,0.0547691248357296,0.05831862024962902
490,0.05462269484996796,0.05826047223061323
491,0.05451422557234764,0.05819891083985567
492,0.05438530445098877,0.05813363738358021
493,0.05432496219873428,0.05807334899902344
494,0.05417881906032562,0.05800944421440363
495,0.054047416895627975,0.057940613329410556
496,0.05394473671913147,0.05787668250501156
497,0.05379887670278549,0.05781235296279192
498,0.05369787663221359,0.057744308710098266
499,0.05363631993532181,0.05768016882240772
500,0.05343008413910866,0.05761141911149025
501,0.05340582877397537,0.0575386442989111
502,0.05325794219970703,0.0574701814353466
503,0.0531255304813385,0.05740218218415975
504,0.053006671369075775,0.057330863289535045
505,0.05296851322054863,0.057263218462467194
506,0.05276649445295334,0.057189574763178826
507,0.05262554809451103,0.05711085509508848
508,0.052495844662189484,0.05703733451664448
509,0.052372097969055176,0.05696414601057768
510,0.05229804664850235,0.0568877312541008
511,0.0522107370197773,0.05681477159261703
512,0.052000511437654495,0.05673691939562559
513,0.05203282833099365,0.05665574040263891
514,0.051775529980659485,0.05657788272947073
515,0.05176886171102524,0.05650096505880356
516,0.051597341895103455,0.05641910593956709
517,0.051490843296051025,0.05634087156504393
518,0.0514511838555336,0.05626156520098448
519,0.05126126855611801,0.05617752682417631
520,0.05127089470624924,0.05609840419143439
521,0.05109530687332153,0.05601679842919111
522,0.050954632461071014,0.05593093704432249
523,0.050817206501960754,0.055848931148648265
524,0.05082481727004051,0.05576586481183767
525,0.05068200081586838,0.055678835660219195
526,0.050598613917827606,0.055596148297190666
527,0.0505514033138752,0.05551112119108439
528,0.05031953006982803,0.055420190803706644
529,0.050453849136829376,0.05533658441156149
530,0.05031280964612961,0.0552520551905036
531,0.05021236464381218,0.055164026767015456
532,0.05006130039691925,0.0550791535526514
533,0.05012102797627449,0.05499241877347231
534,0.050017423927783966,0.05490102559328079
535,0.04978269711136818,0.05481332045048475
536,0.04968898743391037,0.05472566645592451
537,0.049719713628292084,0.05463582098484039
538,0.04951537400484085,0.05454833336174488
539,0.049577753990888596,0.05445870939642191
540,0.049494802951812744,0.054364434964954855
541,0.049256570637226105,0.05427380781620741
542,0.049137894064188004,0.054183659479022026
543,0.049226563423871994,0.05409211691468954
544,0.049105558544397354,0.05400330163538456
545,0.04894503578543663,0.05391026623547077
546,0.04885845631361008,0.05381285063922405
547,0.04872804880142212,0.053719921335577965
548,0.04862358793616295,0.05362688485532999
549,0.04864276945590973,0.05353144370019436
550,0.04849398881196976,0.053438367918133736
551,0.04862009733915329,0.05334611501544714
552,0.04858848825097084,0.05325095660984516
553,0.04817935824394226,0.053156051710247995
554,0.04815902188420296,0.053059561364352706
555,0.048012420535087585,0.052958083413541315
556,0.04806528240442276,0.05286090306937694
557,0.047786615788936615,0.052764294818043705
558,0.048084236681461334,0.05266852583736181
559,0.04807034134864807,0.05257403764873743
560,0.04763305187225342,0.05247643616050482
561,0.047765955328941345,0.05237822115421295
562,0.04756656289100647,0.052280154414474964
563,0.04745453968644142,0.05218383118510246
564,0.04742472618818283,0.052085508145391944
565,0.04706373065710068,0.05198582801967859
566,0.04724999517202377,0.051886294670403
567,0.04701912775635719,0.0517837992310524
568,0.047147542238235474,0.051685503125190733
569,0.047092095017433167,0.05158835161477327
570,0.0466284304857254,0.051484058052301405
571,0.04695775359869003,0.051383415535092354
572,0.04675599932670593,0.0512847464159131
573,0.0463111586868763,0.0511823932081461
574,0.04640082269906998,0.05108046278357506
575,0.04608888179063797,0.05097772300243378
576,0.046184394508600235,0.05087648492306471
577,0.04610192030668259,0.0507745387032628
578,0.045545630156993866,0.05066969517618418
579,0.04570034146308899,0.05056636642664671
580,0.04546339064836502,0.0504619013145566
581,0.04528897628188133,0.05035740613937378
582,0.04511885344982147,0.05025208443403244
583,0.044922471046447754,0.05014595597982407
584,0.04474593698978424,0.050039774142205715
585,0.044712133705616,0.049933727607131
586,0.04440432786941528,0.049826284050941465
587,0.044510118663311005,0.04972085699439049
588,0.04420117288827896,0.049613789543509486
589,0.044283442199230194,0.04950893271714449
590,0.0441337451338768,0.049404043219983575
591,0.04390513524413109,0.049297952316701414
592,0.04383309930562973,0.04919243026524782
593,0.04366956278681755,0.049085876271128655
594,0.04360236972570419,0.04898011177778244
595,0.04343128949403763,0.048873950503766535
596,0.04331700876355171,0.04876767322421074
597,0.043281517922878265,0.048662499636411664
598,0.04319341480731964,0.04855745501816273
599,0.04296863079071045,0.048450778126716616
600,0.042867545038461685,0.04834515273571014
601,0.04276061803102493,0.04823870062828064
602,0.042589958757162094,0.04813202079385519
603,0.04269804805517197,0.04802774596959353
604,0.04258730635046959,0.04792355231940746
605,0.04232267290353775,0.047817093916237355
606,0.04223089665174484,0.04771173793822527
607,0.04220103845000267,0.04760749284178019
608,0.04204418137669563,0.04750297620892525
609,0.04212682694196701,0.04740052349865437
610,0.04200051724910736,0.047297548204660415
611,0.04186652600765228,0.04719410609453917
612,0.041735321283340454,0.04709145419299603
613,0.041761063039302826,0.04698873654007912
614,0.041539840400218964,0.04688637964427471
615,0.0417313277721405,0.046786004304885866
616,0.04159294813871384,0.04668596036732197
617,0.04134756326675415,0.046584527567029
618,0.04124666005373001,0.04648248232901096
619,0.0412028431892395,0.04638189807534218
620,0.04101240634918213,0.046279313191771504
621,0.0412520207464695,0.04618088033050299
622,0.041152022778987885,0.046082854233682156
623,0.04082101583480835,0.04598289232701063
624,0.04074522480368614,0.04588209640234709
625,0.04070331156253815,0.04578230950981379
626,0.04050172492861748,0.045681340619921684
627,0.04073355346918106,0.04558316212147474
628,0.0406450554728508,0.04548641737550497
629,0.04024963825941086,0.04538437526673079
630,0.04024004191160202,0.04528364758938551
631,0.04009324312210083,0.045182456374168393
632,0.039945803582668304,0.045081301406025884
633,0.04007872939109802,0.04498087842017412
634,0.039860330522060394,0.04487930748611688
635,0.04001174494624138,0.04478159796446562
636,0.040008947253227234,0.044684797562658786
637,0.03957322984933853,0.04458333272486925
638,0.03966648504137993,0.04448484383523464
639,0.03958282247185707,0.04438489452004433
640,0.03933447226881981,0.0442832912132144
641,0.03935423493385315,0.04418426785618067
642,0.03917067125439644,0.04408459562808275
643,0.03926633298397064,0.04398499332368374
644,0.0391947478055954,0.04388588521629572
645,0.03898095339536667,0.04378624439239502
646,0.03901807218790054,0.043687840551137926
647,0.038788795471191406,0.04358844801783562
648,0.03895574063062668,0.043491769544780255
649,0.0388864241540432,0.04339420609176159
650,0.03869031369686127,0.04329616934061051
651,0.03858092427253723,0.04319577760994434
652,0.03865094110369682,0.0430964021384716
653,0.03846494108438492,0.04299925796687603
654,0.038441747426986694,0.04290208522230387
655,0.038335323333740234,0.0428053142502904
656,0.03825894370675087,0.04270725086331367
657,0.03814559802412987,0.042610840685665605
658,0.038200993090867996,0.042512008249759675
659,0.03811374306678772,0.04241244226694107
660,0.0380631685256958,0.042316743433475495
661,0.03800996020436287,0.04221918348222971
662,0.03785550966858864,0.04212207295000553
663,0.037745848298072815,0.04202498603612184
664,0.0378929004073143,0.04192966777831316
665,0.037818461656570435,0.04183721508830786
666,0.037643834948539734,0.04174115348607302
667,0.037540048360824585,0.04164636269211769
668,0.037653617560863495,0.041551423445343974
669,0.0375414602458477,0.041455917097628116
670,0.03746393322944641,0.04136427212506533
671,0.03739122301340103,0.04126860681921243
672,0.037375308573246,0.041174799911677835
673,0.037276286631822586,0.0410844511911273
674,0.037317968904972076,0.04099362265318632
675,0.03724240884184837,0.04090515792369843
676,0.03714420646429062,0.04081475604325533
677,0.037088800221681595,0.04072462484240532
678,0.03706931322813034,0.04063986167311669
679,0.03698965907096863,0.04055275484919548
680,0.036991484463214874,0.04046803578734398
681,0.03691831976175308,0.0403843292221427
682,0.036898836493492126,0.040302129052579405
683,0.036852434277534485,0.04022142868489027
684,0.03676538169384003,0.04014162313193083
685,0.03672954440116882,0.04006179723888636
686,0.03668270632624626,0.03998458102345467
687,0.03664766997098923,0.03990595653653145
688,0.036545757204294205,0.0398294023796916
689,0.03654941916465759,0.039752062149345874
690,0.036393389105796814,0.039674658589065076
691,0.03668981045484543,0.03960250534117222
692,0.03658587113022804,0.0395300330594182
693,0.036270737648010254,0.03945604480803013
694,0.036215707659721375,0.039382178187370304
695,0.03631002455949783,0.039310965538024906
696,0.03618520498275757,0.03923964750021696
697,0.03622572496533394,0.03916908957064152
698,0.036212533712387085,0.03909928075969219
699,0.03602442145347595,0.039029838666319844
700,0.03607625514268875,0.03896192576736212
701,0.03591050207614899,0.03889342460781336
702,0.036001794040203094,0.038827542960643766
703,0.03591375797986984,0.038759700059890746
704,0.03578413277864456,0.0386916683241725
705,0.03577026352286339,0.038626144230365755
706,0.03567487746477127,0.03856058403849602
707,0.0356498621404171,0.03849507227540016
708,0.035543181002140045,0.0384300622716546
709,0.03553828224539757,0.038364176824688914
710,0.035435184836387634,0.03829852350056171
711,0.03556413576006889,0.03823549959808588
712,0.035542115569114685,0.03817356754094362
713,0.03532782196998596,0.038109235130250455
714,0.035434070974588394,0.038048177435994146
715,0.03521307557821274,0.03798299491405487
716,0.03523404151201248,0.03791940584778786
717,0.03515879064798355,0.03785751812160015
718,0.03502790257334709,0.03779533054679632
719,0.035216446965932846,0.037735466584563254
720,0.03501834720373154,0.03767552599310875
721,0.03513757884502411,0.037614381574094295
722,0.035132795572280884,0.037554189302027224
723,0.03486940264701843,0.037494673170149324
724,0.03488631546497345,0.0374360840767622
725,0.03481420874595642,0.03737719304859638
726,0.03473106026649475,0.037319486401975153
727,0.034745436161756516,0.037259605228900906
728,0.03465341404080391,0.03719968881458044
729,0.03456791490316391,0.03714287158101797
730,0.03457264602184296,0.03708619762212038
731,0.03444701433181763,0.03702973533421755
732,0.034607402980327606,0.03697635132819414
733,0.034560613334178925,0.03692117016762495
734,0.03441093862056732,0.03686667624861002
735,0.03441944718360901,0.036810753270983695
736,0.0343262255191803,0.03675392605364323
737,0.034272126853466034,0.0367009150236845
738,0.034178346395492554,0.03664603363722563
739,0.0342118963599205,0.03659232437610626
740,0.03402826935052872,0.036539262346923354
741,0.034495577216148376,0.0364906757697463
742,0.034549079835414886,0.036444459855556485
743,0.033994462341070175,0.036391741149127486
744,0.03414701670408249,0.036341263838112356
745,0.03416457772254944,0.03629310008138418
746,0.03406830132007599,0.036243602372705935
747,0.03402696177363396,0.036195984035730364
748,0.03381234407424927,0.036144550070166585
749,0.033991001546382904,0.03609559584408999
750,0.03376394510269165,0.036046332158148287
751,0.03400480002164841,0.0360005709156394
752,0.03420611470937729,0.035956122651696204
753,0.03381118178367615,0.03590958505868912
754,0.0337236151099205,0.03586240373551845
755,0.03378312289714813,0.035816881731152536
756,0.03361116722226143,0.03577040396630764
757,0.03366132080554962,0.03572556119412184
758,0.033587872982025146,0.03567942999303341
759,0.03356441110372543,0.03563393667340278
760,0.033514946699142456,0.03558845445513725
761,0.03358100727200508,0.03554416492581367
762,0.0334000289440155,0.03549961011856794
763,0.033451419323682785,0.03545666582882404
764,0.03344032168388367,0.03541214004158974
765,0.03325319290161133,0.035366487354040146
766,0.033128418028354645,0.035321333184838294
767,0.033326249569654465,0.03527919519692659
768,0.03322666883468628,0.03523492570966482
769,0.033087968826293945,0.03519039079546928
770,0.03306595981121063,0.03514641106128693
771,0.03309359773993492,0.03510343480855226
772,0.032970987260341644,0.03505939159542322
773,0.033118683844804764,0.03501781556755304
774,0.03307395428419113,0.03497537542134523
775,0.0327814444899559,0.034930765777826306
776,0.03271583095192909,0.0348864820227027
777,0.03296947479248047,0.034845288768410684
778,0.032828837633132935,0.034802884012460705
779,0.032821185886859894,0.034761199280619624
780,0.032803721725940704,0.03471932165324688
781,0.03260212764143944,0.03467615973204374
782,0.03254483640193939,0.03463261973112822
783,0.03264274448156357,0.034590522833168505
784,0.03254204988479614,0.034548289515078066
785,0.03258590027689934,0.03450685307383537
786,0.032538603991270065,0.03446541205048561
787,0.032407067716121674,0.03442300602793694
788,0.03233508765697479,0.034380899332463744
789,0.03246611729264259,0.03434006631374359
790,0.03240378946065903,0.03430017031729221
791,0.032268743962049484,0.034255959652364255
792,0.03223108872771263,0.0342124118283391
793,0.0322507843375206,0.034172212295234206
794,0.0321822315454483,0.03413187753409147
795,0.03216776251792908,0.03409045491367579
796,0.03210151940584183,0.03404961805790663
797,0.03209967166185379,0.03400835752487183
798,0.03201077878475189,0.03396633997559548
799,0.03207779303193092,0.033926873691380026
800,0.03203325718641281,0.03388644371181727
801,0.03191222995519638,0.03384646099060774
802,0.03185788169503212,0.03380502186715603
803,0.031904976814985275,0.033764934055507186
804,0.03181127831339836,0.03372520551085472
805,0.03186634182929993,0.03368616629391909
806,0.03181198239326477,0.03364753734320402
807,0.03171516954898834,0.033608190417289734
808,0.031643096357584,0.03356918957084418
809,0.03178773075342178,0.03353168405592442
810,0.031742267310619354,0.033494754880666736
811,0.03153630718588829,0.033454476594924926
812,0.03148863464593887,0.033413941785693166
813,0.031644608825445175,0.03337710965424776
814,0.0315617173910141,0.03333838611841202
815,0.031422555446624756,0.033300480917096136
816,0.03136173635721207,0.033261757865548136
817,0.031473129987716675,0.03322490125894546
818,0.03137423098087311,0.033188364543020724
819,0.031348202377557755,0.03314968209713697
820,0.031300194561481476,0.03311250057071447
821,0.03122842311859131,0.03307340901345015
822,0.03115426003932953,0.03303362365812063
823,0.03124266490340233,0.032997356280684474
824,0.031167026609182358,0.03296016339212656
825,0.031091174110770226,0.0329229330457747
826,0.031024914234876633,0.03288587158545852
827,0.03107660822570324,0.032849183306097984
828,0.03099634498357773,0.032812612615525726
829,0.030984366312623024,0.032776777129620314
830,0.030928663909435272,0.03274033730849624
831,0.030884534120559692,0.032704712506383654
832,0.03081648424267769,0.032666803319007155
833,0.030887555330991745,0.03263007273897529
834,0.030824929475784302,0.03259421264752746
835,0.03072838857769966,0.03255730206146836
836,0.03067031130194664,0.032520742919296027
837,0.030759740620851517,0.03248561905696988
838,0.03067966178059578,0.032450632210820916
839,0.030620869249105453,0.03241472193971276
840,0.030579037964344025,0.032380229625850916
841,0.030559958890080452,0.032340873442590234
842,0.03049028106033802,0.03230028545483947
843,0.030527785420417786,0.03226561868563294
844,0.03044806979596615,0.03222862921655178
845,0.03043879196047783,0.03219137135893106
846,0.030360344797372818,0.032154291793704035
847,0.030390217900276184,0.032117924354970455
848,0.030310455709695816,0.03208290547132492
849,0.030318398028612137,0.03204617943614721
850,0.03025137260556221,0.03201105371117592
851,0.030230343341827393,0.03197330914437771
852,0.030162613838911057,0.03193287413567305
853,0.030187854543328285,0.03189664086326957
854,0.030111687257885933,0.031860521584749224
855,0.03010314702987671,0.031823721826076505
856,0.030031170696020126,0.0317879218608141
857,0.030067823827266693,0.031751986891031266
858,0.030003078281879425,0.03171613894402981
859,0.029966112226247787,0.03168015595525503
860,0.029913699254393578,0.031644143480807546
861,0.029914312064647675,0.03160747652873397
862,0.02985512465238571,0.03157202748581767
863,0.029856838285923004,0.03153608167544007
864,0.029796384274959564,0.031499642301350834
865,0.029779542237520218,0.031464905794709924
866,0.029696404933929443,0.03143058566376567
867,0.02979028783738613,0.03139522604644299
868,0.029711715877056122,0.03136007651686668
869,0.029608160257339478,0.03132527843117714
870,0.029536619782447815,0.03128998503088951
871,0.029648566618561745,0.03125553471967578
872,0.029552079737186432,0.031221345644444228
873,0.02951977774500847,0.031185356583446264
874,0.029485803097486496,0.031149475071579218
875,0.029410630464553833,0.031115766931325197
876,0.029342837631702423,0.031082036998122932
877,0.029493197798728943,0.031047274228185415
878,0.029456526041030884,0.031013551112264396
879,0.029216162860393524,0.030977500881999732
880,0.02916264533996582,0.03094109011813998
881,0.0294366255402565,0.030909435097128152
882,0.0293531846255064,0.030877518579363824
883,0.029095984995365143,0.030842050984501837
884,0.02908221259713173,0.030807452611625194
885,0.029146084561944008,0.030773054454475642
886,0.029063772410154343,0.030738306138664483
887,0.02910485863685608,0.030705284047871827
888,0.029113899916410446,0.030673072170466185
889,0.028886951506137848,0.030637280512601138
890,0.028921160846948624,0.030602454226464033
891,0.028849219903349876,0.030568258985877037
892,0.028730623424053192,0.030533254332840442
893,0.028938360512256622,0.030500130094587803
894,0.02876385487616062,0.030465946327894927
895,0.02890980802476406,0.030433366782963277
896,0.02891472727060318,0.03040149886161089
897,0.028590384870767593,0.030366405993700028
898,0.0286739319562912,0.03033303752541542
899,0.0286187082529068,0.030298446677625178
900,0.02848988212645054,0.030263012927025556
901,0.02851508930325508,0.030229041520506143
902,0.02845625951886177,0.03019502529874444
903,0.028461717069149017,0.030160592701286078
904,0.028326889500021935,0.030125748813152314
905,0.0284380242228508,0.03009146563708782
906,0.028361141681671143,0.030056957229971884
907,0.02832193300127983,0.0300230248644948
908,0.02826628088951111,0.02998925670981407
909,0.028172912076115608,0.02995310852304101
910,0.02826775424182415,0.029918363392353056
911,0.028182536363601685,0.02988482568413019
912,0.02821017988026142,0.02985204113647342
913,0.028282659128308296,0.02981842163950205
914,0.028076615184545517,0.029783570617437364
915,0.028416521847248077,0.029753510281443594
916,0.028235070407390594,0.02972224362194538
917,0.02800336852669716,0.029687546007335187
918,0.028027579188346863,0.029654079489409922
919,0.028000520542263985,0.029620602671056987
920,0.02784060314297676,0.029586006756871938
921,0.02792217582464218,0.029552944283932448
922,0.028009098023176193,0.029521492663770913
923,0.028094569221138954,0.02949001170694828
924,0.02791176550090313,0.029457459095865487
925,0.027572661638259888,0.029422273971140386
926,0.027581609785556793,0.029387840926647188
927,0.02755168452858925,0.029352591689676046
928,0.0274304561316967,0.029316932801157235
929,0.027509940788149834,0.029282188545912503
930,0.027366306632757187,0.029246564973145723
931,0.02749311923980713,0.029212650824338198
932,0.027449388056993484,0.029178979862481354
933,0.02719518542289734,0.02914205616340041
934,0.027272209525108337,0.029106528963893652
935,0.027066342532634735,0.029069908503443
936,0.027367986738681793,0.029036885257810355
937,0.027302131056785583,0.029002309162169695
938,0.02738979645073414,0.028969410508871078
939,0.027284719049930573,0.02893604900687933
940,0.027018070220947266,0.028900439329445363
941,0.02700211852788925,0.028864860925823452
942,0.026988161727786064,0.02882983973249793
943,0.02689964510500431,0.028793558329343796
944,0.02708103135228157,0.02875988794490695
945,0.02703917771577835,0.028725891802459956
946,0.02695043757557869,0.028691792730242013
947,0.02699992060661316,0.028657889757305384
948,0.026786554604768753,0.028622650746256112
949,0.026752956211566925,0.02858699632808566
950,0.0267905592918396,0.028552388194948434
951,0.026604216545820236,0.028516126926988364
952,0.026876967400312424,0.028483270462602378
953,0.02679390087723732,0.028449330925941468
954,0.026672158390283585,0.028414935637265444
955,0.026609625667333603,0.028380000423640014
956,0.026519905775785446,0.028344887774437666
957,0.02646109089255333,0.028308820445090532
958,0.026629004627466202,0.0282750797085464
959,0.02654922753572464,0.02824091086164117
960,0.02651391178369522,0.028206912986934184
961,0.026483483612537384,0.028172604702413083
962,0.02636350691318512,0.028137688525021076
963,0.026325583457946777,0.028102375976741315
964,0.02642121911048889,0.028068624325096606
965,0.026362795382738113,0.028034456856548786
966,0.026285113766789436,0.028000343944877385
967,0.026226133108139038,0.027964702397584914
968,0.026290401816368103,0.027930489256978035
969,0.026197709143161774,0.027896384745836257
970,0.02619519829750061,0.027862970530986787
971,0.026126418262720108,0.02782774904742837
972,0.02614142745733261,0.027793642524629833
973,0.026071609929203987,0.027759160846471786
974,0.02602311223745346,0.027724533937871457
975,0.025959469377994537,0.02769002232700586
976,0.025979679077863693,0.027656390741467477
977,0.025915540754795074,0.027620614171028138
978,0.02591520920395851,0.027585201002657413
979,0.02584715746343136,0.027551510948687793
980,0.02588488534092903,0.027518733348697425
981,0.025833891704678535,0.027482706010341643
982,0.02577003464102745,0.027446874510496856
983,0.025729931890964508,0.027413213979452847
984,0.02573976293206215,0.027379789482802154
985,0.02569010481238365,0.02734522968530655
986,0.02565116435289383,0.027311103604733943
987,0.025599123910069466,0.027276046257466078
988,0.025633499026298523,0.02724124224856496
989,0.025581419467926025,0.027208186928182842
990,0.025517210364341736,0.027174147423356772
991,0.02545873634517193,0.02714024258777499
992,0.025516126304864883,0.02710809761658311
993,0.02546178549528122,0.027073331866413353
994,0.02535868063569069,0.027039280124008656
995,0.02529149129986763,0.02700309695675969
996,0.02541413903236389,0.0269680910743773
997,0.0253522377461195,0.026935709603130818
998,0.025183282792568207,0.026900803111493586
999,0.025118287652730942,0.02686579890549183
1000,0.02529660239815712,0.026833866108208895
1001,0.02518315240740776,0.026800546739250423
1002,0.025088854134082794,0.02676687268540263
1003,0.024997618049383163,0.026732231695204972
1004,0.025078339502215385,0.026699746195226907
1005,0.024965187534689903,0.026665017828345298
1006,0.024969015270471573,0.026631096564233302
1007,0.0248788520693779,0.026596665754914282
1008,0.024894604459404945,0.026562948990613223
1009,0.024797555059194565,0.02652919542044401
1010,0.02483057975769043,0.026494823675602675
1011,0.024738989770412445,0.026460388209670782
1012,0.02477467805147171,0.026426033191382883
1013,0.02471490204334259,0.026390355620533226
1014,0.02464510127902031,0.026356040481477976
1015,0.02457774057984352,0.02631765266880393
1016,0.02465546317398548,0.02628185659646988
1017,0.024603653699159622,0.026247859448194504
1018,0.0244709812104702,0.026212293468415738
1019,0.02442275732755661,0.026176515836268663
1020,0.02452809363603592,0.026143390741199254
1021,0.0244333166629076,0.026108502149581908
1022,0.024344585835933685,0.026071857027709484
1023,0.02429029904305935,0.02603381432592869
1024,0.024261532351374626,0.025997311994433402
1025,0.02418927475810051,0.02596347812563181
1026,0.02426917664706707,0.02593035379424691
1027,0.024227388203144073,0.02589711083099246
1028,0.02409391477704048,0.025863745417445898
1029,0.024089748039841652,0.025829543489962817
1030,0.024031538516283035,0.025796195808798075
1031,0.02398848533630371,0.02576114946976304
1032,0.02408715896308422,0.02572752717882395
1033,0.023983154445886612,0.02569540686905384
1034,0.023985739797353745,0.025662542171776295
1035,0.023999974131584167,0.02563187848776579
1036,0.023805703967809677,0.025596255660057066
1037,0.024476895108819008,0.025568003300577402
1038,0.02463388629257679,0.02554044419899583
1039,0.023928426206111908,0.02550688127055764
1040,0.024324774742126465,0.025479948315769434
1041,0.02427125722169876,0.02545263970270753
1042,0.023721592500805855,0.02541997401043773
1043,0.024232633411884308,0.025393303893506528
1044,0.024137092754244804,0.02536386450752616
1045,0.02386278659105301,0.025332100596278904
1046,0.02382839098572731,0.025300880130380392
1047,0.024094820022583008,0.02527182912454009
1048,0.02383134514093399,0.02524227702990174
1049,0.023771628737449646,0.02521246375516057
1050,0.023848341777920723,0.02518304158002138
1051,0.023676946759223938,0.025153768882155418
1052,0.023643776774406433,0.025121436975896357
1053,0.023498155176639557,0.025088479518890382
1054,0.023523377254605293,0.0250569917075336
1055,0.023600559681653976,0.0250269010476768
1056,0.02337896078824997,0.024995491597801445
1057,0.023465381935238838,0.0249655345082283
1058,0.023516900837421417,0.024934413470327856
1059,0.02334257960319519,0.02490234699100256
1060,0.0233298372477293,0.0248705062456429
1061,0.023263677954673767,0.024838308189064264
1062,0.023220442235469818,0.024806877542287113
1063,0.023211386054754257,0.024775735568255186
1064,0.02323400415480137,0.02474386341869831
1065,0.023040160536766052,0.02471063707023859
1066,0.023300839588046074,0.024680794328451158
1067,0.023285549134016037,0.024651388488709926
1068,0.023207949474453926,0.024620563965290786
1069,0.023036621510982513,0.024588953088968992
1070,0.023166976869106293,0.024558670874685048
1071,0.023047585040330887,0.024527882542461157
1072,0.022953398525714874,0.02449600225314498
1073,0.022964388132095337,0.024464930035173894
1074,0.022948473691940308,0.024434183649718763
1075,0.02292069047689438,0.02440379586070776
1076,0.02281065285205841,0.024372105598449708
1077,0.02279837802052498,0.024340933971107006
1078,0.022672738879919052,0.02430850926786661
1079,0.02275681309401989,0.0242776058241725
1080,0.022588271647691727,0.024244639687240124
1081,0.022958047688007355,0.024215881247073412
1082,0.022986434400081635,0.024188045244663954
1083,0.0226481594145298,0.024157227519899606
1084,0.022517332807183266,0.02412500321865082
1085,0.02264033630490303,0.024094505533576012
1086,0.02251075580716133,0.024063101448118688
1087,0.022673383355140686,0.024033844042569398
1088,0.022691668942570686,0.02400442574173212
1089,0.02260759100317955,0.023974687457084656
1090,0.022433100268244743,0.023943846356123687
1091,0.022475484758615494,0.02391401384025812
1092,0.022459201514720917,0.02388344459235668
1093,0.02243177220225334,0.023853144459426403
1094,0.02234133705496788,0.023822971023619174
1095,0.02246679551899433,0.023794724065810444
1096,0.022369591519236565,0.02376427859067917
1097,0.02226494625210762,0.02373340567573905
1098,0.022222954779863358,0.023703802395612
1099,0.022367466241121292,0.023676294181495906
1100,0.022299494594335556,0.02364632310345769
1101,0.022178124636411667,0.023616272825747728
1102,0.022134272381663322,0.023586727008223535
1103,0.022167734801769257,0.023558428175747395
1104,0.022087901830673218,0.02352852379903197
1105,0.022181950509548187,0.023500691428780557
1106,0.022121861577033997,0.02347221989184618
1107,0.022036336362361908,0.02344379473477602
1108,0.021975185722112656,0.023414600547403096
1109,0.022072765976190567,0.023387352656573056
1110,0.021972935646772385,0.023358776215463877
1111,0.022049888968467712,0.02333188520744443
1112,0.02192768082022667,0.023303415235131977
1113,0.022040002048015594,0.023276666235178708
1114,0.021980032324790955,0.023250015545636417
1115,0.021915435791015625,0.023223392497748137
1116,0.021910427138209343,0.023195942137390374
1117,0.02187475562095642,0.023168653156608342
1118,0.021853944286704063,0.02314248278737068
1119,0.021818697452545166,0.023116442188620568
1120,0.02178269624710083,0.023088988214731217
1121,0.021778855472803116,0.023062443602830173
1122,0.021721769124269485,0.02303621543571353
1123,0.021786294877529144,0.02301117539405823
1124,0.021714970469474792,0.02298570977523923
1125,0.021723531186580658,0.02296105233952403
1126,0.02163900062441826,0.022934750579297544
1127,0.021754130721092224,0.022910018004477024
1128,0.02166762948036194,0.02288575515151024
1129,0.02166372537612915,0.022861494924873115
1130,0.021613657474517822,0.022837316114455462
1131,0.021617986261844635,0.022813611123710872
1132,0.021563837304711342,0.022788377907127143
1133,0.02159375324845314,0.022764483895152808
1134,0.021555379033088684,0.022740180287510157
1135,0.021517278626561165,0.02271535333245993
1136,0.02146880142390728,0.022691984307020904
1137,0.021529950201511383,0.022662514857947826
1138,0.021486788988113403,0.022631043884903192
1139,0.021431803703308105,0.022606077659875153
1140,0.02138930931687355,0.022576723005622624
1141,0.021439991891384125,0.02254841035231948
1142,0.021373793482780457,0.022524932362139226
1143,0.021405629813671112,0.02249666232615709
1144,0.021357541903853416,0.02246886681765318
1145,0.021317292004823685,0.022443411871790886
1146,0.02126648649573326,0.022417792826890947
1147,0.021359194070100784,0.022390436567366123
1148,0.02127239666879177,0.0223648470826447
1149,0.02129582315683365,0.022340089026838542
1150,0.02125750482082367,0.02231418065726757
1151,0.021209996193647385,0.022289511151611804
1152,0.021160844713449478,0.022264681831002234
1153,0.021236222237348557,0.022242062501609327
1154,0.021162841469049454,0.022218457143753766
1155,0.021153518930077553,0.022193986736238003
1156,0.021091431379318237,0.022171111442148686
1157,0.02115042880177498,0.022147961910814046
1158,0.021077802404761314,0.022123570926487444
1159,0.021099643781781197,0.022101141568273305
1160,0.021049588918685913,0.02207833908498287
1161,0.021041616797447205,0.022056118473410605
1162,0.02097593992948532,0.02203367345035076
1163,0.02107512205839157,0.022012310810387136
1164,0.02105516940355301,0.02199052246287465
1165,0.020878732204437256,0.021968908179551362
1166,0.02089759334921837,0.021944875717163085
1167,0.02090252935886383,0.021921045519411562
1168,0.020846117287874222,0.02189742719754577
1169,0.020965617150068283,0.021876717153936624
1170,0.020932573825120926,0.02185437312349677
1171,0.020741431042551994,0.021831311583518982
1172,0.020709216594696045,0.021808869764208795
1173,0.020850570872426033,0.0217877315916121
1174,0.020792845636606216,0.02176617531105876
1175,0.020720049738883972,0.021744168903678654
1176,0.02080143801867962,0.02172407675534487
1177,0.020559076219797134,0.02170168373733759
1178,0.020756281912326813,0.021682519167661667
1179,0.020510930567979813,0.021660060342401265
1180,0.021016772836446762,0.021644345354288816
1181,0.021103259176015854,0.0216257974691689
1182,0.02064717561006546,0.02160240488126874
1183,0.020713448524475098,0.021583057772368193
1184,0.020682573318481445,0.021564710177481173
1185,0.020621567964553833,0.02154452249407768
1186,0.0207435954362154,0.021526850890368224
1187,0.02080448716878891,0.021508161928504705
1188,0.020992232486605644,0.021491167563945056
1189,0.020720697939395905,0.02147229863330722
1190,0.020576968789100647,0.021453737318515777
1191,0.020625386387109756,0.021435236334800722
1192,0.020557038486003876,0.02141621470451355
1193,0.0205027237534523,0.02139692422002554
1194,0.02037985809147358,0.021377309430390595
1195,0.020457925274968147,0.021357220727950335
1196,0.020394794642925262,0.021337472759187223
1197,0.020336372777819633,0.02131818702444434
1198,0.02042141743004322,0.02130017165094614
1199,0.02025475725531578,0.021279044561088086
1200,0.02041642554104328,0.021260213870555163
1201,0.020181000232696533,0.02124024262651801
1202,0.020407479256391525,0.021222974695265292
1203,0.020534884184598923,0.02120664618909359
1204,0.020201727747917175,0.02118778444826603
1205,0.020210325717926025,0.021168068200349808
1206,0.020151101052761078,0.02114836059510708
1207,0.020054876804351807,0.021128545999526977
1208,0.020056435838341713,0.02110935850068927
1209,0.02018418163061142,0.021090472657233475
1210,0.019961807876825333,0.021070361379534008
1211,0.020060863345861435,0.021050471123307945
1212,0.02013496309518814,0.02103254394605756
1213,0.02003582939505577,0.02101250221952796
1214,0.020065318793058395,0.020993355084210633
1215,0.020076727494597435,0.02097496800124645
1216,0.019952479749917984,0.02095538852736354
1217,0.019928842782974243,0.020935929398983717
1218,0.019924476742744446,0.02091663472354412
1219,0.01977863535284996,0.02089623410254717
1220,0.019762124866247177,0.020876028388738633
1221,0.019959120079874992,0.02085783103480935
1222,0.019940460100769997,0.020840017944574355
1223,0.01988714560866356,0.020821026451885702
1224,0.019866816699504852,0.020802544914186
1225,0.01972128264605999,0.020782522428780793
1226,0.019745297729969025,0.0207635853998363
1227,0.019603993743658066,0.02074208403006196
1228,0.019983410835266113,0.020725241843611002
1229,0.01993858814239502,0.02070799047127366
1230,0.0197119303047657,0.02068897319957614
1231,0.019570786505937576,0.02066850120201707
1232,0.019680235534906387,0.02064966518431902
1233,0.019638005644083023,0.02063010770827532
1234,0.0194801464676857,0.020609355382621288
1235,0.01964646391570568,0.020590647235512734
1236,0.019442278891801834,0.02057038201019168
1237,0.019792506471276283,0.020553007572889328
1238,0.01974392682313919,0.020535578951239586
1239,0.019741319119930267,0.020518674105405806
1240,0.019573800265789032,0.020500519014894962
1241,0.019745927304029465,0.020483578369021416
1242,0.01981227844953537,0.020467963218688965
1243,0.0195215605199337,0.02044912252575159
1244,0.019531942903995514,0.02043086653575301
1245,0.01945967972278595,0.020412290412932636
1246,0.019398121163249016,0.02039360675960779
1247,0.01936839148402214,0.020373698733747007
1248,0.01931259036064148,0.020354100670665502
1249,0.019431278109550476,0.020335455220192672
1250,0.019361454993486404,0.0203164947219193
1251,0.019435007125139236,0.020298744831234217
1252,0.01933358982205391,0.02028047228232026
1253,0.01936880126595497,0.020261798072606325
1254,0.01930725760757923,0.020243242233991623
1255,0.019404347985982895,0.020225750524550678
1256,0.019255584105849266,0.020207392051815987
1257,0.01934133842587471,0.020189301148056983
1258,0.01924567110836506,0.02017097983509302
1259,0.019237851724028587,0.020152361914515495
1260,0.019115347415208817,0.020133019499480723
1261,0.01941136084496975,0.02011671693995595
1262,0.019349468871951103,0.020100452229380606
1263,0.019114188849925995,0.02008084289729595
1264,0.019098103046417236,0.020061272233724593
1265,0.019259795546531677,0.020045082867145538
1266,0.019219083711504936,0.020028297770768404
1267,0.019134843721985817,0.020010620914399625
1268,0.019148655235767365,0.019993646293878554
1269,0.019045528024435043,0.019974445402622224
1270,0.019000213593244553,0.019955121800303458
1271,0.01914495974779129,0.01993915708735585
1272,0.01908150687813759,0.019922879990190268
1273,0.019009217619895935,0.019904466457664968
1274,0.018943581730127335,0.01988597381860018
1275,0.019069528207182884,0.019869468603283168
1276,0.018994592130184174,0.019851400144398214
1277,0.018986165523529053,0.019835671037435533
1278,0.018960069864988327,0.01981770891696215
1279,0.018933812156319618,0.019801937732845543
1280,0.018872756510972977,0.019780497569590806
1281,0.018972454592585564,0.019759189523756503
1282,0.018900781869888306,0.019741725586354734
1283,0.01890578866004944,0.019723648987710476
1284,0.01882975548505783,0.01970512080937624
1285,0.01893157884478569,0.019688220918178557
1286,0.018848270177841187,0.019669267665594816
1287,0.018885845318436623,0.01965008124709129
1288,0.01882256381213665,0.019628384560346605
1289,0.018846992403268814,0.019609647504985332
1290,0.018783824518322945,0.019591716062277557
1291,0.01882564090192318,0.01957371860742569
1292,0.01873818039894104,0.019555530026555062
1293,0.018852991983294487,0.019539032708853484
1294,0.018775390461087227,0.01952298803254962
1295,0.018760401755571365,0.019506012797355653
1296,0.018705133348703384,0.019489116184413433
1297,0.018756713718175888,0.019473319593816995
1298,0.018676260486245155,0.019455868024379014
1299,0.0187484472990036,0.019440804924815893
1300,0.018682600930333138,0.01942346667870879
1301,0.018680384382605553,0.019408460520207883
1302,0.01862894371151924,0.01939067516475916
1303,0.01863924413919449,0.019371718764305115
1304,0.01856965199112892,0.01935539800673723
1305,0.018650531768798828,0.01933980006724596
1306,0.018550191074609756,0.019323790967464446
1307,0.01861591450870037,0.019309401344507933
1308,0.018528014421463013,0.019294117130339145
1309,0.01858031377196312,0.019278078451752664
1310,0.018491381779313087,0.01926337419077754
1311,0.018565461039543152,0.01924842016771436
1312,0.018474774435162544,0.019231818281114102
1313,0.018507592380046844,0.019216535910964012
1314,0.018414054065942764,0.019200023263692856
1315,0.01852046512067318,0.019184460639953615
1316,0.018445760011672974,0.019169393442571164
1317,0.018424060195684433,0.019154345616698265
1318,0.018373318016529083,0.01913883402943611
1319,0.018428124487400055,0.01912532892078161
1320,0.018374906852841377,0.019111456740647556
1321,0.018371574580669403,0.0190955812856555
1322,0.01832864060997963,0.019079463090747595
1323,0.01833214983344078,0.019063913132995366
1324,0.018265068531036377,0.01904789565131068
1325,0.018323205411434174,0.019033914878964425
1326,0.018266327679157257,0.019019125178456307
1327,0.01826515793800354,0.01900573682039976
1328,0.018232258036732674,0.018988225292414427
1329,0.01823771931231022,0.018971216604113578
1330,0.018194183707237244,0.018956039138138293
1331,0.01822967641055584,0.018942628037184477
1332,0.018187478184700012,0.018927700463682414
1333,0.018160320818424225,0.018912923615425827
1334,0.01811521127820015,0.01889927426353097
1335,0.018163567408919334,0.018884445298463105
1336,0.018116505816578865,0.018871187567710876
1337,0.018104955554008484,0.0188543120585382
1338,0.01805666647851467,0.018837439455091955
1339,0.018103159964084625,0.018821057863533497
1340,0.018039757385849953,0.018805717434734106
1341,0.018077164888381958,0.01878902981057763
1342,0.01803378388285637,0.01877124486491084
1343,0.018008878454566002,0.018756118044257163
1344,0.01796063780784607,0.01874040499329567
1345,0.018017739057540894,0.01872598558664322
1346,0.017975788563489914,0.018711762260645626
1347,0.017926832661032677,0.018697346672415734
1348,0.01787429302930832,0.0186829636991024
1349,0.018004262819886208,0.018668693546205758
1350,0.017981672659516335,0.01865489572286606
1351,0.017791349440813065,0.018638459146022798
1352,0.017976239323616028,0.018624885641038418
1353,0.01776423677802086,0.018608839996159077
1354,0.01844443939626217,0.018600211814045906
1355,0.01868145354092121,0.01859298286959529
1356,0.018078194931149483,0.01858120897784829
1357,0.01831101067364216,0.018570905700325966
1358,0.019032079726457596,0.01856876978650689
1359,0.01836923137307167,0.018560083582997322
1360,0.018074551597237587,0.01854967562481761
1361,0.01850084774196148,0.018540570493787528
1362,0.018383029848337173,0.01853090610355139
1363,0.01798146404325962,0.018519578855484723
1364,0.018110360950231552,0.018509701434522866
1365,0.0182842668145895,0.018499946147203447
1366,0.01814696192741394,0.018489224929362537
1367,0.018136991187930107,0.018479246404021977
1368,0.01833071932196617,0.018471067044883965
1369,0.018375232815742493,0.01846436409279704
1370,0.01805160380899906,0.018454877994954585
1371,0.0178009495139122,0.018441437892615795
1372,0.018070537596940994,0.01843132819980383
1373,0.01801769994199276,0.0184214130230248
1374,0.01811544969677925,0.018413131702691318
1375,0.018155289813876152,0.018403989318758248
1376,0.017686188220977783,0.018390905279666185
1377,0.018016407266259193,0.018381207697093487
1378,0.018042314797639847,0.018372030146420002
1379,0.018058912828564644,0.018363281153142452
1380,0.01802145689725876,0.01835476815700531
1381,0.017731528729200363,0.018342358898371457
1382,0.01772318035364151,0.01833058288320899
1383,0.01755344495177269,0.018317059446126223
1384,0.017672374844551086,0.018305485639721154
1385,0.01760176196694374,0.018292187470942734
1386,0.017615949735045433,0.01827986426651478
1387,0.01752522960305214,0.018266258109360934
1388,0.017641566693782806,0.018254448138177396
1389,0.017587075009942055,0.018241848964244127
1390,0.017540160566568375,0.018229412324726583
1391,0.017453521490097046,0.018215691130608322
1392,0.017549222335219383,0.018203801549971102
1393,0.01742801070213318,0.01818955173715949
1394,0.01754799857735634,0.018177277818322183
1395,0.017461195588111877,0.018164285756647587
1396,0.017381791025400162,0.018151052333414554
1397,0.0173378624022007,0.0181368638202548
1398,0.017363641411066055,0.018123737629503013
1399,0.0173071026802063,0.01810932418331504
1400,0.01735582947731018,0.01809605646878481
1401,0.017322368919849396,0.01808247631415725
1402,0.017294449731707573,0.01806913137435913
1403,0.01726546511054039,0.01805539358407259
1404,0.017253195866942406,0.018042229022830723
1405,0.01717565953731537,0.01802748030051589
1406,0.017314253374934196,0.018015120923519135
1407,0.01723058521747589,0.01800126763060689
1408,0.017224792391061783,0.017988235410302877
1409,0.017210032790899277,0.01797453260049224
1410,0.01712595671415329,0.017960878349840642
1411,0.017092660069465637,0.017946150340139865
1412,0.017205476760864258,0.017933457363396882
1413,0.01711665466427803,0.017919547986239195
1414,0.017239805310964584,0.01790780549868941
1415,0.017251912504434586,0.01789511997252703
1416,0.01699080504477024,0.017880570422858
1417,0.01706402748823166,0.01786697009578347
1418,0.016927264630794525,0.017852509561926126
1419,0.017124919220805168,0.01783947750926018
1420,0.017024971544742584,0.01782597815617919
1421,0.017110131680965424,0.01781336372718215
1422,0.017140155658125877,0.01780147887766361
1423,0.016939058899879456,0.017787547968328
1424,0.017022039741277695,0.017775117680430413
1425,0.016863761469721794,0.01776052324101329
1426,0.017158985137939453,0.01774944981560111
1427,0.01686118170619011,0.017735410053282975
1428,0.01777735911309719,0.017730861064046623
1429,0.018086440861225128,0.017729348279535772
1430,0.016961555927991867,0.017717022001743316
1431,0.01763531193137169,0.017711078356951473
1432,0.01799973100423813,0.017709200885146856
1433,0.017219755798578262,0.0176997952349484
1434,0.017174454405903816,0.017690387666225434
1435,0.017391907051205635,0.017682671062648297
1436,0.017134947702288628,0.017672855481505392
1437,0.016984663903713226,0.01766165256500244
1438,0.016978062689304352,0.01765086652711034
1439,0.016850437968969345,0.017638339307159186
1440,0.0170455165207386,0.01762839689850807
1441,0.017102699726819992,0.017618652246892453
1442,0.016762888059020042,0.01760594328865409
1443,0.017046023160219193,0.01759631473571062
1444,0.01704813726246357,0.017587189730256796
1445,0.01674789935350418,0.017574491333216428
1446,0.016821296885609627,0.017562946416437627
1447,0.016855206340551376,0.017552230153232814
1448,0.016832439228892326,0.017541811615228654
1449,0.017090672627091408,0.017532675713300704
1450,0.01664789393544197,0.01751933792605996
1451,0.016892563551664352,0.017510350067168473
1452,0.016766566783189774,0.017498253341764212
1453,0.01665651425719261,0.017487176116555928
1454,0.016700003296136856,0.017469731755554677
1455,0.016593869775533676,0.0174488559179008
1456,0.01685497909784317,0.017436623759567737
1457,0.01673506386578083,0.017420864291489126
1458,0.016707122325897217,0.01739761471748352
1459,0.016947289928793907,0.01738339530304074
1460,0.016606800258159637,0.017368717789649962
1461,0.016823016107082367,0.017351939473301173
1462,0.01703328639268875,0.017338442038744687
1463,0.016697444021701813,0.01732560183852911
1464,0.016686726361513138,0.017311365492641926
1465,0.017087718471884727,0.01729940000921488
1466,0.017201397567987442,0.01728994436562061
1467,0.016716428101062775,0.01727573873475194
1468,0.016804449260234833,0.017260476034134626
1469,0.01681307703256607,0.017244854476302862
1470,0.016803568229079247,0.017232374120503664
1471,0.01670803874731064,0.01722144501283765
1472,0.01686827465891838,0.01720942238345742
1473,0.016985680907964706,0.01719910219311714
1474,0.016546539962291718,0.017183413095772267
1475,0.016823608428239822,0.017170096281915903
1476,0.016884539276361465,0.01716207979246974
1477,0.016502369195222855,0.017146939411759377
1478,0.016790088266134262,0.01713441714644432
1479,0.016688792034983635,0.017120715938508512
1480,0.016816042363643646,0.01710866179317236
1481,0.016807449981570244,0.01709942100569606
1482,0.0164947547018528,0.01708713674917817
1483,0.016727004200220108,0.017078872341662645
1484,0.016578366979956627,0.0170679322630167
1485,0.016476772725582123,0.017056682370603083
1486,0.016480015590786934,0.017045323029160498
1487,0.016358159482479095,0.01703365232795477
1488,0.01651516556739807,0.017022388316690923
1489,0.016269922256469727,0.0170092167891562
1490,0.01678953319787979,0.017001710515469313
1491,0.016998622566461563,0.016997161526232957
1492,0.016514258459210396,0.016986811887472867
1493,0.016600720584392548,0.016978538986295463
1494,0.01672336831688881,0.016970292683690786
1495,0.01640445366501808,0.016959725264459848
1496,0.016707096248865128,0.016952978316694498
1497,0.016935497522354126,0.016948954667896032
1498,0.01649610698223114,0.016940279323607685
1499,0.016522113233804703,0.016932429429143667
1500,0.016913242638111115,0.016928003560751678
1501,0.01641932874917984,0.016918973159044982
1502,0.016610141843557358,0.016912130080163477
1503,0.01694255694746971,0.01690890099853277
1504,0.016439080238342285,0.01690075984224677
1505,0.01639062538743019,0.01689290950074792
1506,0.01648997887969017,0.016884666755795478
1507,0.016205880790948868,0.016874419711530208
1508,0.01647418737411499,0.01686691366136074
1509,0.016711117699742317,0.01686192451044917
1510,0.016300104558467865,0.016853665988892316
1511,0.016224905848503113,0.016844988446682693
1512,0.016420435160398483,0.016837138030678035
1513,0.016161834821105003,0.016827589832246304
1514,0.016253795474767685,0.016817729733884335
1515,0.01636234112083912,0.01680883402004838
1516,0.016162991523742676,0.016800555884838104
1517,0.016254723072052002,0.016792462840676307
1518,0.016373971477150917,0.01678692990913987
1519,0.016239607706665993,0.01677807679399848
1520,0.016107099130749702,0.01676889806985855
1521,0.016303641721606255,0.016760833170264958
1522,0.01623358763754368,0.016751767490059136
1523,0.016209064051508904,0.016744467541575433
1524,0.016097312793135643,0.016735220272094013
1525,0.01633024774491787,0.01672988513484597
1526,0.016188953071832657,0.016720184814184903
1527,0.01615973189473152,0.01671317031607032
1528,0.016181157901883125,0.016697208303958176
1529,0.016148414462804794,0.016677828039973974
1530,0.016086000949144363,0.0166690724901855
1531,0.016074351966381073,0.016653462890535594
1532,0.01603562757372856,0.016633821856230496
1533,0.015987899154424667,0.016621503289788963
1534,0.015921905636787415,0.0166089778020978
1535,0.016068894416093826,0.01659574767574668
1536,0.015943381935358047,0.016583832018077373
1537,0.0161474347114563,0.016575459726154804
1538,0.016112735494971275,0.016566806454211474
1539,0.015860337764024734,0.016556905452162027
1540,0.015808191150426865,0.01654453219845891
1541,0.016246551647782326,0.016535970717668533
1542,0.016226591542363167,0.016530607752501966
1543,0.01577923074364662,0.01651793982833624
1544,0.01582113653421402,0.016505669821053743
1545,0.015952259302139282,0.016497713420540093
1546,0.015849169343709946,0.0164879921451211
1547,0.016083795577287674,0.01648027803748846
1548,0.016155218705534935,0.016473505832254886
1549,0.015744345262646675,0.01646004255861044
1550,0.016010282561182976,0.01645366644486785
1551,0.01581391505897045,0.016442879959940912
1552,0.015925319865345955,0.016434467490762474
1553,0.015828149393200874,0.016426183842122556
1554,0.015812214463949203,0.016417305953800677
1555,0.015748728066682816,0.016408854536712168
1556,0.015852130949497223,0.01639882605522871
1557,0.015789471566677094,0.016389370132237673
1558,0.015791399404406548,0.016380212903022766
1559,0.015788597986102104,0.01636862598359585
1560,0.01572302170097828,0.016359788198024035
1561,0.01572158932685852,0.016348773930221796
1562,0.015751011669635773,0.016335951182991266
1563,0.01570405252277851,0.016326017268002032
1564,0.015763835981488228,0.016316788364201786
1565,0.015719503164291382,0.01630310621112585
1566,0.01569063775241375,0.016287998612970114
1567,0.0156212467700243,0.01627704679965973
1568,0.015754543244838715,0.01626654773950577
1569,0.01567973755300045,0.01625521434471011
1570,0.015661757439374924,0.016243796236813067
1571,0.0155751071870327,0.01623246692121029
1572,0.01578180119395256,0.01622160218656063
1573,0.015722112730145454,0.01620896650478244
1574,0.015561729669570923,0.01619911840185523
1575,0.015518566593527794,0.01618606798350811
1576,0.01579151675105095,0.016175137758255007
1577,0.015721075236797333,0.01616732481867075
1578,0.015542620792984962,0.016154850143939258
1579,0.015563725493848324,0.016143599478527903
1580,0.015473982319235802,0.016130178878083826
1581,0.01542989257723093,0.016116403304040433
1582,0.015557562932372093,0.016107031386345626
1583,0.01547536812722683,0.016094515025615694
1584,0.015628129243850708,0.016085012648254633
1585,0.015546826645731926,0.016075713187456132
1586,0.015655716881155968,0.016067470200359823
1587,0.015721706673502922,0.016061105672270058
1588,0.015483377501368523,0.016050787791609764
1589,0.01565568707883358,0.016044645439833402
1590,0.015587510541081429,0.016032625213265417
1591,0.015580130741000175,0.016018440295010806
1592,0.015618140809237957,0.01600947911851108
1593,0.015506871975958347,0.015998540632426738
1594,0.01545795053243637,0.015985886454582213
1595,0.01551026850938797,0.015976944603025914
1596,0.015380888245999813,0.01596368252299726
1597,0.015469642356038094,0.0159490239713341
1598,0.015440765768289566,0.015938470559194683
1599,0.015449687838554382,0.015927746305242182
1600,0.015515489503741264,0.015913768773898482
1601,0.01542501337826252,0.01590382562018931
1602,0.015440592542290688,0.01589213012717664
1603,0.01553208939731121,0.01587802545167506
1604,0.015410189516842365,0.015867736544460057
1605,0.015538908541202545,0.015859219375997782
1606,0.01549132727086544,0.015849232859909534
1607,0.01537482813000679,0.015840922333300114
1608,0.015392004512250423,0.015830100504681466
1609,0.01532113179564476,0.01581620064564049
1610,0.015256638638675213,0.015805765986442566
1611,0.01542922668159008,0.015797809194773436
1612,0.015343672595918179,0.01578704156912863
1613,0.015286730602383614,0.015778290526941418
1614,0.015229492448270321,0.015768047496676443
1615,0.015364049933850765,0.015758064584806563
1616,0.015323061496019363,0.015749665284529327
1617,0.015262199565768242,0.015739740049466492
1618,0.015238151885569096,0.015728381853550674
1619,0.015280110761523247,0.015718786884099244
1620,0.015219857916235924,0.015709914471954106
1621,0.015314317308366299,0.015700021227821707
1622,0.01520287711173296,0.015689714122563602
1623,0.015329994261264801,0.01568092342466116
1624,0.015193911269307137,0.015671889409422875
1625,0.01523630041629076,0.015660949936136603
1626,0.015146894380450249,0.01565052934922278
1627,0.015295743942260742,0.01564188946969807
1628,0.015229940414428711,0.015632377294823526
1629,0.01516197994351387,0.015622512949630619
1630,0.015129264444112778,0.015612945584580302
1631,0.015175225213170052,0.015603954317048191
1632,0.015145998448133469,0.015595058025792242
1633,0.01511511392891407,0.015586330173537135
1634,0.015100505203008652,0.015578116169199347
1635,0.015098964795470238,0.015568416872993112
1636,0.015069829300045967,0.015559681346639992
1637,0.015122763812541962,0.015549434637650848
1638,0.015085690654814243,0.015539164189249277
1639,0.015087027102708817,0.015531431082636118
1640,0.015031130984425545,0.015523660480976104
1641,0.015060493722558022,0.015511799901723862
1642,0.014992406591773033,0.01549945805221796
1643,0.015152888372540474,0.0154931946285069
1644,0.01508195698261261,0.015485802832990885
1645,0.014969268813729286,0.015475972928106785
1646,0.01491028442978859,0.01546658407896757
1647,0.01518938597291708,0.015457639982923866
1648,0.015049031935632229,0.015446578115224839
1649,0.01496732234954834,0.015438807886093855
1650,0.014959920197725296,0.015428304262459279
1651,0.014988476410508156,0.015420049875974656
1652,0.014993072487413883,0.015410727402195335
1653,0.014980047941207886,0.015402246387675405
1654,0.01493831630796194,0.015393507406115533
1655,0.014995474368333817,0.015385974869132043
1656,0.014976141974329948,0.015377214979380369
1657,0.014895286411046982,0.015368273127824067
1658,0.014873947948217392,0.015359098613262177
1659,0.014929370954632759,0.015350506342947483
1660,0.014886019751429558,0.015342136323451995
1661,0.014917464926838875,0.0153340950794518
1662,0.014928027987480164,0.015325865242630243
1663,0.014816762879490852,0.015316992346197367
1664,0.014804819598793983,0.015307402182370424
1665,0.014970127493143082,0.015299908425658941
1666,0.014859991148114204,0.015291601959615946
1667,0.014854501001536846,0.015283934501931072
1668,0.014865120872855186,0.015275040278211235
1669,0.014713339507579803,0.01526537629775703
1670,0.01497628353536129,0.015258521558716893
1671,0.014729727990925312,0.01525006776675582
1672,0.01533958688378334,0.015245645623654127
1673,0.015365785919129848,0.015242082355543972
1674,0.015003025531768799,0.01523649531416595
1675,0.015023814514279366,0.015231547793373466
1676,0.015026526525616646,0.015223897891119123
1677,0.015004297718405724,0.015216730115935207
1678,0.015001842752099037,0.015211322335526347
1679,0.014950581826269627,0.01520519089885056
1680,0.014988290145993233,0.015200333977118135
1681,0.014903931878507137,0.015195074370130896
1682,0.014893913641571999,0.015188437877222896
1683,0.014788862317800522,0.015181572819128632
1684,0.014953591860830784,0.015174827445298434
1685,0.014856375753879547,0.01516792293637991
1686,0.014884067699313164,0.015160206444561482
1687,0.014875812456011772,0.01515174750238657
1688,0.014834867790341377,0.015145262405276298
1689,0.014704741537570953,0.015135752949863673
1690,0.014894619584083557,0.015128824040293693
1691,0.014714579097926617,0.015120168523862958
1692,0.014811988919973373,0.015112107004970312
1693,0.014685120433568954,0.015103889489546418
1694,0.014833264984190464,0.015097642634063959
1695,0.01469025481492281,0.015089442497119307
1696,0.01486857421696186,0.015084319356828928
1697,0.01476895809173584,0.015077312514185905
1698,0.01470918022096157,0.015069996658712625
1699,0.014613540843129158,0.015061635188758374
1700,0.014710227027535439,0.015053582563996314
1701,0.014551909640431404,0.015044851526618004
1702,0.014916920103132725,0.015039614802226424
1703,0.014815457165241241,0.015032448479905725
1704,0.014584388583898544,0.015024190470576286
1705,0.014508549124002457,0.015013886876404285
1706,0.014703846536576748,0.015006012069061398
1707,0.014519335702061653,0.014997457144781947
1708,0.014813189394772053,0.014991668993607163
1709,0.014720074832439423,0.014985658423975111
1710,0.014566379599273205,0.01497875583358109
1711,0.014485073275864124,0.01496931429952383
1712,0.014639878645539284,0.014962276360020042
1713,0.014491535723209381,0.0149543244112283
1714,0.014740582555532455,0.01494943531230092
1715,0.014636760577559471,0.014942162418738008
1716,0.01451465766876936,0.014934078380465508
1717,0.014374194666743279,0.014925198331475258
1718,0.014863932505249977,0.014921456137672066
1719,0.014713607728481293,0.014915791107341647
1720,0.01446144562214613,0.014908206984400749
1721,0.014434905722737312,0.01489941286854446
1722,0.014558551833033562,0.014892969615757465
1723,0.014428157359361649,0.014883951246738435
1724,0.014577250927686691,0.014877784643322229
1725,0.01454978622496128,0.014870919501408935
1726,0.014379704371094704,0.014863247601315379
1727,0.014306566677987576,0.014853355828672648
1728,0.014580219984054565,0.014846858624368907
1729,0.014471013098955154,0.014839948955923318
1730,0.01440394576638937,0.014832695769146085
1731,0.014374981634318829,0.014824693333357572
1732,0.01439606212079525,0.014817193970084191
1733,0.014300612732768059,0.01480904895812273
1734,0.014477986842393875,0.014802823774516582
1735,0.014444725587964058,0.01479628138244152
1736,0.01428769901394844,0.014788460079580545
1737,0.014236969873309135,0.014779602140188218
1738,0.014381728135049343,0.014772562514990569
1739,0.014282338321208954,0.014764515627175569
1740,0.01432754285633564,0.014757479745894671
1741,0.014292474836111069,0.0147497995570302
1742,0.014243345707654953,0.01474230894818902
1743,0.014184064231812954,0.014732620706781744
1744,0.014290934428572655,0.014724710481241346
1745,0.014203149825334549,0.014717049291357398
1746,0.014257412403821945,0.014710520571097731
1747,0.014231037348508835,0.01470093708485365
1748,0.014162680134177208,0.014692073566839098
1749,0.01410925853997469,0.014683492928743363
1750,0.014248978346586227,0.014676383510231972
1751,0.014195161871612072,0.014668450364843011
1752,0.014111362397670746,0.014659633263945579
1753,0.014069737866520882,0.01465053016319871
1754,0.014137228950858116,0.01464251928962767
1755,0.014065580442547798,0.014633220350369812
1756,0.014140943996608257,0.014624868370592594
1757,0.014118576422333717,0.014617101270705462
1758,0.014027592726051807,0.014608637718483806
1759,0.014009566977620125,0.01459943967871368
1760,0.014093159697949886,0.014591511078178883
1761,0.01403274480253458,0.014582663876935839
1762,0.01405629888176918,0.01457394658587873
1763,0.014033830724656582,0.014566117264330387
1764,0.013986263424158096,0.014557931702584029
1765,0.013931773602962494,0.014547548163682223
1766,0.01410004124045372,0.014539948664605618
1767,0.014024133794009686,0.014531644992530346
1768,0.013965222984552383,0.014522646013647318
1769,0.013933360576629639,0.014514846224337817
1770,0.013993745669722557,0.014505020845681428
1771,0.01392575167119503,0.014496981082484126
1772,0.01399851031601429,0.014483570316806436
1773,0.013954820111393929,0.014469460658729076
1774,0.013918260112404823,0.014458613004535437
1775,0.013891820795834064,0.014447293067350984
1776,0.013925250619649887,0.014436280308291315
1777,0.013861080631613731,0.014424848137423396
1778,0.013945799320936203,0.014414287703111768
1779,0.01388541143387556,0.014403635999187828
1780,0.013865340501070023,0.014392406502738595
1781,0.01380946021527052,0.014381461786106229
1782,0.013904518447816372,0.014371567834168673
1783,0.013807923533022404,0.014361758446320892
1784,0.013917746022343636,0.01435139998793602
1785,0.013884644955396652,0.01434168267995119
1786,0.01376299373805523,0.014330471940338612
1787,0.01381407119333744,0.014319854527711869
1788,0.013743864372372627,0.014308944493532181
1789,0.01378978043794632,0.014299794882535934
1790,0.01371693704277277,0.014288018057122827
1791,0.013668132945895195,0.014277553595602512
1792,0.014066968113183975,0.014270103387534618
1793,0.013771194964647293,0.014260964132845402
1794,0.014270969666540623,0.014255341179668903
1795,0.014421462081372738,0.014252653252333403
1796,0.013673795387148857,0.014240705464035273
1797,0.014498146250844002,0.014237997345626354
1798,0.014656271785497665,0.014237468261271716
1799,0.013829933479428291,0.014229632187634707
1800,0.014082876965403557,0.014223358687013387
1801,0.014131926000118256,0.014219158850610257
1802,0.01392357237637043,0.014209225373342634
1803,0.013850828632712364,0.014199579088017344
1804,0.014056477695703506,0.014194299979135395
1805,0.013747286051511765,0.014186687348410488
1806,0.013943479396402836,0.014179083677008748
1807,0.013853870332241058,0.014172429023310541
1808,0.013987199403345585,0.014164169123396277
1809,0.01390773430466652,0.014156045718118548
1810,0.013756836764514446,0.01414795028977096
1811,0.01375560648739338,0.014140655621886253
1812,0.013822666369378567,0.014132483499124646
1813,0.01374796498566866,0.014125047791749239
1814,0.013627603650093079,0.014113918002694846
1815,0.01386383455246687,0.01410618874244392
1816,0.013870209455490112,0.014099744260311126
1817,0.013664674945175648,0.014092649063095451
1818,0.013782985508441925,0.01408183959312737
1819,0.013617942109704018,0.014070882936939597
1820,0.01385701633989811,0.014064838644117117
1821,0.013945827260613441,0.014059947859495879
1822,0.013923052698373795,0.01405359286814928
1823,0.014073563739657402,0.014050046931952238
1824,0.013852570205926895,0.01404280012473464
1825,0.013854228891432285,0.01403584455139935
1826,0.01378848310559988,0.014029932338744402
1827,0.013714808970689774,0.014024014761671423
1828,0.013787850737571716,0.014016091069206595
1829,0.013599750585854053,0.014007378444075584
1830,0.013635747134685516,0.013999696457758545
1831,0.013620116747915745,0.013992147808894516
1832,0.013488744385540485,0.013983074631541968
1833,0.013674898073077202,0.013976817484945059
1834,0.013637527823448181,0.013968412894755602
1835,0.013655154965817928,0.01396051718853414
1836,0.013589821755886078,0.013953538415953516
1837,0.013592779636383057,0.013947096513584256
1838,0.013561150059103966,0.013938890732824803
1839,0.013485279865562916,0.013930920148268341
1840,0.013436397537589073,0.013922008695080876
1841,0.013549327850341797,0.013914577225223183
1842,0.013474412262439728,0.013906887890771031
1843,0.013512687757611275,0.013900174126029015
1844,0.013453777879476547,0.013891802560538053
1845,0.013471032492816448,0.013884481387212872
1846,0.013458911329507828,0.01387649637646973
1847,0.013420063070952892,0.013868386633694172
1848,0.013403469696640968,0.01386079452931881
1849,0.013477540574967861,0.01385447734966874
1850,0.013400157913565636,0.013845989145338536
1851,0.013496613129973412,0.013839003657922148
1852,0.013448076322674751,0.01383237079717219
1853,0.01334918662905693,0.013825165284797549
1854,0.013307658955454826,0.013816869584843516
1855,0.013391847722232342,0.013810132257640361
1856,0.013261951506137848,0.013801342332735658
1857,0.013603007420897484,0.013796186642721295
1858,0.013635377399623394,0.013792264489457012
1859,0.01330045610666275,0.013785173380747438
1860,0.013601269572973251,0.013780254479497671
1861,0.013536663725972176,0.013775293668732046
1862,0.01344950869679451,0.0137692257668823
1863,0.013451458886265755,0.013763402048498392
1864,0.013387537561357021,0.013757414789870382
1865,0.013315385207533836,0.013751250905916095
1866,0.013328418135643005,0.013743534674867988
1867,0.013338619843125343,0.013736679535359144
1868,0.013216941617429256,0.013729196721687913
1869,0.013422666117548943,0.013724089777097105
1870,0.01335822232067585,0.01371773454360664
1871,0.013445282354950905,0.013712929850444198
1872,0.01344488188624382,0.013707393566146493
1873,0.01326661929488182,0.013700511557981371
1874,0.013265043497085571,0.01369397939182818
1875,0.013263234868645668,0.013687693532556295
1876,0.013183021917939186,0.013680271245539189
1877,0.013375092297792435,0.013675411362200976
1878,0.013271600008010864,0.013668669369071722
1879,0.0133774783462286,0.013663590038195252
1880,0.013291710987687111,0.013657853743061422
1881,0.01325402781367302,0.013652299419045449
1882,0.013212958350777626,0.013645383818075061
1883,0.013312483206391335,0.01364042941480875
1884,0.013301967643201351,0.013634271631017327
1885,0.01317102462053299,0.01362713542766869
1886,0.013120004907250404,0.013620705539360643
1887,0.01325109601020813,0.01361507578752935
1888,0.013185523450374603,0.013609492378309369
1889,0.013212265446782112,0.013603717228397727
1890,0.013160512782633305,0.013598152985796332
1891,0.013213230296969414,0.013593603959307074
1892,0.013168750330805779,0.013584621781483293
1893,0.01320364885032177,0.013578946320340037
1894,0.013208400458097458,0.013568320628255606
1895,0.013129051774740219,0.01355539652518928
1896,0.01309883687645197,0.01354964694008231
1897,0.013186055235564709,0.013536526029929519
1898,0.013134870678186417,0.013521312018856407
1899,0.013115381821990013,0.013514166502282023
1900,0.013075641356408596,0.013504094146192074
1901,0.013167054392397404,0.013494445430114865
1902,0.013110524043440819,0.01348631494678557
1903,0.013114083558321,0.013478947496041655
1904,0.013091259635984898,0.01346929531544447
1905,0.013098332099616528,0.013462805775925518
1906,0.013072311878204346,0.013454094100743531
1907,0.013095063157379627,0.013446506028994918
1908,0.01306702010333538,0.013437304235994816
1909,0.013065155595541,0.01342887844890356
1910,0.013029530644416809,0.013421605387702585
1911,0.013086866587400436,0.013414917988702655
1912,0.013045731000602245,0.013407148635014892
1913,0.013059958815574646,0.013400268573313952
1914,0.013029985129833221,0.013394292388111352
1915,0.013042056933045387,0.013386074611917138
1916,0.013016029261052608,0.013377532809972763
1917,0.013038935139775276,0.01337127541191876
1918,0.013014543801546097,0.013363590994849801
1919,0.013009952381253242,0.013357511097565293
1920,0.012977007776498795,0.0133487110119313
1921,0.013038034550845623,0.013339633084833623
1922,0.013005368411540985,0.013330456241965294
1923,0.012974090874195099,0.013319461513310671
1924,0.01293808501213789,0.01331031666137278
1925,0.013033505529165268,0.01330210942775011
1926,0.01298893429338932,0.013294113939628005
1927,0.012962300330400467,0.013286588853225112
1928,0.012926356866955757,0.013277973914518952
1929,0.013018762692809105,0.013272164035588502
1930,0.012974744662642479,0.013265554010868073
1931,0.012948269955813885,0.013258835542947054
1932,0.012920351698994637,0.013253151616081595
1933,0.012984437867999077,0.013246247014030814
1934,0.012956507503986359,0.013239436810836195
1935,0.012921562418341637,0.013232100885361434
1936,0.012905411422252655,0.013225256782025099
1937,0.012946316972374916,0.013218792155385017
1938,0.012919547036290169,0.01321237612515688
1939,0.012908212840557098,0.013206605454906822
1940,0.012885438278317451,0.013201095862314105
1941,0.012919255532324314,0.01319479513913393
1942,0.012885823845863342,0.013188909254968167
1943,0.012901456095278263,0.013182796938344836
1944,0.012870016507804394,0.013176959324628115
1945,0.012900490313768387,0.013171253902837634
1946,0.01286526769399643,0.01316531746648252
1947,0.012891199439764023,0.01316002883017063
1948,0.012856697663664818,0.01315456110984087
1949,0.01288010273128748,0.013148586731404066
1950,0.012853283435106277,0.013143117986619473
1951,0.012858698144555092,0.01313673883676529
1952,0.012827087193727493,0.013130528945475816
1953,0.012871849350631237,0.01312575557269156
1954,0.0128530478104949,0.013121209461241961
1955,0.012817124836146832,0.013115462232381105
1956,0.012801717035472393,0.01311085988767445
1957,0.012850438244640827,0.013103334195911885
1958,0.012830894440412521,0.013095289366319776
1959,0.012793109752237797,0.013090215902775527
1960,0.01277799904346466,0.01308198319748044
1961,0.012827055528759956,0.013074887115508319
1962,0.012809636071324348,0.013068488389253617
1963,0.012773741036653519,0.013061711210757493
1964,0.012769335880875587,0.01305552919395268
1965,0.012792873196303844,0.01305030407384038
1966,0.012781182304024696,0.013044831715524197
1967,0.012762692756950855,0.013039072444662451
1968,0.012747750617563725,0.013034380534663796
1969,0.012776544317603111,0.013027919316664338
1970,0.012756308540701866,0.013021900178864598
1971,0.012754665687680244,0.013014994012191892
1972,0.012749608606100082,0.013008041279390455
1973,0.012742789462208748,0.013002802981063724
1974,0.01274487841874361,0.012997601330280304
1975,0.012726344168186188,0.012992232423275709
1976,0.012732986360788345,0.0129877320677042
1977,0.01272709108889103,0.012981252055615186
1978,0.012744179926812649,0.012975977854803205
1979,0.012692106887698174,0.0129691241402179
1980,0.012714754790067673,0.012963354578241706
1981,0.012700963765382767,0.012957823937758803
1982,0.012723799794912338,0.012952932352200151
1983,0.0126770855858922,0.012946578375995159
1984,0.012707782909274101,0.012940636528655887
1985,0.012661520391702652,0.012935541486367583
1986,0.012702141888439655,0.012931362856179476
1987,0.012643245980143547,0.01292528435587883
1988,0.012669996358454227,0.012920129084959627
1989,0.012674763798713684,0.012914754068478942
1990,0.012704165652394295,0.012910190597176551
1991,0.012618242762982845,0.012904240721836687
1992,0.012643281370401382,0.012898986032232641
1993,0.01266617700457573,0.012893611313775182
1994,0.012686509639024734,0.012888392405584455
1995,0.012620396912097931,0.012883305856958032
1996,0.012629522010684013,0.012878612708300352
1997,0.012652382254600525,0.01287327597849071
1998,0.012663246132433414,0.012868559733033181
1999,0.012612219899892807,0.012863528113812209
2000,0.012626782059669495,0.012859039520844818
2001,0.01261879038065672,0.01285355688072741
2002,0.012633096426725388,0.012848782604560256
2003,0.012595068663358688,0.012843592455610633
2004,0.012617232277989388,0.012838852182030678
2005,0.012601090595126152,0.012833879766985775
2006,0.012621784582734108,0.012829374494031072
2007,0.012586487457156181,0.012824288737028837
2008,0.012616254389286041,0.012819781079888343
2009,0.012582248076796532,0.012814952004700899
2010,0.012627980671823025,0.012810936504974961
2011,0.012528397142887115,0.012805351810529829
2012,0.012608151882886887,0.012800976019352674
2013,0.012509230524301529,0.012795468736439943
2014,0.012600759044289589,0.012791176475584507
2015,0.012488165870308876,0.012785637564957143
2016,0.012531700544059277,0.012780794277787208
2017,0.012505841441452503,0.012775463340803981
2018,0.012631457298994064,0.01277163247577846
2019,0.012409616261720657,0.012765629114583135
2020,0.012599639594554901,0.012761855432763695
2021,0.01240302249789238,0.012755505312234162
2022,0.012775121256709099,0.012753202840685844
2023,0.012567024677991867,0.012749132178723812
2024,0.013348056003451347,0.012753231888636947
2025,0.014140283688902855,0.012764299670234323
2026,0.01306232437491417,0.01276503357104957
2027,0.01364947110414505,0.012771905278787016
2028,0.014601136557757854,0.012788653075695038
2029,0.013980322517454624,0.012798268673941493
2030,0.013448375277221203,0.01280300498008728
2031,0.013881425373256207,0.012812336534261703
2032,0.013826219365000725,0.012821395210921764
2033,0.013388177379965782,0.012825432606041432
2034,0.01329305674880743,0.012828798098489642
2035,0.013222919777035713,0.012831811672076582
2036,0.0132425082847476,0.012835182640701532
2037,0.013143801130354404,0.012837157482281328
2038,0.013105263002216816,0.012839014641940594
2039,0.013104958459734917,0.012840982098132371
2040,0.013004740700125694,0.012842175122350453
2041,0.012903813272714615,0.012842020699754358
2042,0.012907329946756363,0.012842235760763288
2043,0.012772276997566223,0.012840943969786167
2044,0.012830769643187523,0.012840551501139998
2045,0.012664475478231907,0.012838191352784634
2046,0.01267988234758377,0.012836337499320507
2047,0.012643557973206043,0.012833861084654927
2048,0.012532679364085197,0.01283062090165913
2049,0.012650325894355774,0.012828323133289814
2050,0.01266753114759922,0.012826465610414743
2051,0.012611627578735352,0.012823994904756546
2052,0.012609908357262611,0.012821823116391897
2053,0.01261407881975174,0.012819245411083102
2054,0.012670230120420456,0.012817417234182359
2055,0.012600996531546116,0.012815255951136351
2056,0.012652162462472916,0.012813760405406356
2057,0.012489994056522846,0.012810155963525176
2058,0.012608778662979603,0.012807934805750846
2059,0.012447694316506386,0.012804480651393533
2060,0.012778371572494507,0.012804484376683831
2061,0.012967690825462341,0.012805890729650856
2062,0.012630666606128216,0.012804101034998894
2063,0.012665856629610062,0.01280302219092846
2064,0.012604501098394394,0.012801373843103647
2065,0.012554017826914787,0.012798985289409757
2066,0.012488845735788345,0.012796061923727392
2067,0.012521108612418175,0.012793646082282067
2068,0.012388774193823338,0.012790056318044663
2069,0.012339210137724876,0.01278568297624588
2070,0.012455607764422894,0.012782675968483091
2071,0.012292856350541115,0.012778057875111699
2072,0.012533361092209816,0.012775895399972797
2073,0.012538159266114235,0.01277384909801185
2074,0.012399643659591675,0.012770396750420332
2075,0.012396279722452164,0.012767096105962992
2076,0.012372286058962345,0.012763489102944732
2077,0.012322630733251572,0.012759444499388338
2078,0.012408245354890823,0.01275608515366912
2079,0.01228119432926178,0.012751976028084755
2080,0.012347268871963024,0.012748301168903709
2081,0.012494072318077087,0.012746232254430652
2082,0.012275365181267262,0.012741747908294201
2083,0.0123831108212471,0.01273880816064775
2084,0.012263603508472443,0.012734366366639733
2085,0.012344209477305412,0.01273119325749576
2086,0.012348519638180733,0.012727657034993171
2087,0.012332828715443611,0.012724552862346172
2088,0.012464245781302452,0.012722495356574654
2089,0.012367336079478264,0.012719421079382301
2090,0.012229785323143005,0.012714677276089787
2091,0.012383718974888325,0.012712332038208842
2092,0.012270390056073666,0.012708603125065564
2093,0.012325955554842949,0.012705200910568237
2094,0.012361472472548485,0.012701950538903474
2095,0.012311615981161594,0.01269886272959411
2096,0.01225065067410469,0.012695074016228318
2097,0.012391900643706322,0.012692469200119376
2098,0.012309091165661812,0.01268892765045166
2099,0.01222930382937193,0.01268509848974645
2100,0.01229907013475895,0.012681821370497346
2101,0.012175137177109718,0.012677384838461876
2102,0.01214488036930561,0.012672502677887679
2103,0.012254269793629646,0.012669094689190388
2104,0.012120255269110203,0.012664124919101596
2105,0.012174416333436966,0.012659858176484705
2106,0.01218106597661972,0.01265545099042356
2107,0.012177826836705208,0.01265136438421905
2108,0.012153247371315956,0.01264673431403935
2109,0.01218477450311184,0.012642759578302503
2110,0.0121243204921484,0.012637722976505757
2111,0.012212522327899933,0.012634564228355884
2112,0.012140834704041481,0.01262989105656743
2113,0.012190498411655426,0.01262670373544097
2114,0.012220021337270737,0.01262289635837078
2115,0.012082550674676895,0.012618840206414461
2116,0.012140831910073757,0.012614931520074606
2117,0.012078789994120598,0.012610661005601287
2118,0.01227700337767601,0.012607116466388107
2119,0.012218326330184937,0.012605203567072749
2120,0.012181183323264122,0.012601019004359842
2121,0.012196648865938187,0.0125989552680403
2122,0.012025086209177971,0.012591454917564988
2123,0.012165307998657227,0.012587437750771641
2124,0.012061811983585358,0.012574575310572982
2125,0.012139879167079926,0.012554571265354753
2126,0.012199130840599537,0.012545939330011606
2127,0.012052368372678757,0.012529968302696943
2128,0.012172523885965347,0.012505682175979018
2129,0.012075299397110939,0.012486631944775582
2130,0.012078629806637764,0.012472934490069747
2131,0.01215105690062046,0.01245563080534339
2132,0.01196352206170559,0.012437003832310438
2133,0.01234812568873167,0.012426603315398098
2134,0.012349901720881462,0.012417171765118837
2135,0.012064814567565918,0.012405590713024139
2136,0.011992204934358597,0.01239308767952025
2137,0.012136394158005714,0.012383013609796762
2138,0.011896083131432533,0.01237092181108892
2139,0.011958243325352669,0.012359454659745098
2140,0.012006727047264576,0.012349474523216487
2141,0.01193551067262888,0.012339791497215629
2142,0.011881427839398384,0.012329532476142048
2143,0.011982208117842674,0.012321631787344814
2144,0.011892331764101982,0.012312247408553958
2145,0.01231851801276207,0.01230878783389926
2146,0.012518378905951977,0.012307172799482942
2147,0.012074108235538006,0.012301478302106261
2148,0.01213302556425333,0.012297481764107943
2149,0.012347269803285599,0.012294451203197242
2150,0.012191852554678917,0.012289694417268038
2151,0.012079237028956413,0.012284370511770249
2152,0.012274811044335365,0.012281019538640976
2153,0.012342163361608982,0.012278300384059549
2154,0.011909803375601768,0.012270696116611362
2155,0.01238122209906578,0.012268498372286558
2156,0.012845347635447979,0.01227043022401631
2157,0.012368829920887947,0.01226921858265996
2158,0.012082109227776527,0.01226395188830793
2159,0.012143549509346485,0.01226091044023633
2160,0.01212913729250431,0.012254418097436428
2161,0.012069464661180973,0.012245435835793614
2162,0.012005886062979698,0.01223918803036213
2163,0.01213559415191412,0.01223388540558517
2164,0.011878814548254013,0.012226628540083766
2165,0.01209991704672575,0.012222087532281876
2166,0.012057021260261536,0.012217769287526608
2167,0.011971674859523773,0.012212274949997664
2168,0.012071722187101841,0.012209104429930449
2169,0.011963346041738987,0.01220534578897059
2170,0.01192367635667324,0.012200026474893093
2171,0.011892108246684074,0.012196018993854522
2172,0.011824710294604301,0.012188932485878467
2173,0.01185423880815506,0.012182093281298876
2174,0.011829283088445663,0.012176389675587415
2175,0.011879700236022472,0.01217122388072312
2176,0.011930005624890327,0.012166801076382398
2177,0.011870111338794231,0.012162275882437824
2178,0.011809631250798702,0.012156289741396905
2179,0.011973973363637924,0.012153217531740666
2180,0.011840438470244408,0.01214814922772348
2181,0.011913792230188847,0.012142346426844596
2182,0.011930705979466438,0.012138899834826588
2183,0.011788144707679749,0.012132950173690916
2184,0.01179584488272667,0.012128272587433457
2185,0.011886322870850563,0.012123693721368909
2186,0.01188354380428791,0.01211904396302998
2187,0.011800088919699192,0.012113716565072536
2188,0.011825572699308395,0.012107329834252596
2189,0.01174923125654459,0.01210114878602326
2190,0.01172508206218481,0.012096101753413677
2191,0.01182992197573185,0.012090563783422112
2192,0.011787788942456245,0.012085737772285937
2193,0.011766869574785233,0.012080146912485362
2194,0.01175439078360796,0.012074076095595956
2195,0.01178695261478424,0.012068829461932183
2196,0.011731265112757683,0.012063635606318712
2197,0.011795345693826675,0.012057670056819916
2198,0.011764146387577057,0.012052220609039068
2199,0.011719483882188797,0.012047122409567236
2200,0.01169340405613184,0.012041065748780966
2201,0.011821368709206581,0.012037528064101934
2202,0.011768097057938576,0.012033760230988264
2203,0.011731114238500595,0.012028528675436974
2204,0.011766664683818817,0.01202499276958406
2205,0.011646978557109833,0.012019718391820788
2206,0.011717958375811577,0.012015087315812707
2207,0.011740002781152725,0.012010709075257182
2208,0.011642498895525932,0.012005601590499283
2209,0.011814795434474945,0.012001901799812913
2210,0.011658382602036,0.01199724242091179
2211,0.011991188861429691,0.011995029086247087
2212,0.012014565989375114,0.011993766399100422
2213,0.011716630309820175,0.01198902771808207
2214,0.012110333889722824,0.011987930843606592
2215,0.01229175552725792,0.011990022892132402
2216,0.01192822027951479,0.011987896775826812
2217,0.011889293789863586,0.011986001813784241
2218,0.012135947123169899,0.01198459125123918
2219,0.01192527636885643,0.011981660751625895
2220,0.011990838684141636,0.011979757305234671
2221,0.012105487287044525,0.011978845689445733
2222,0.012030389159917831,0.011978898718953133
2223,0.011816146783530712,0.011975407106801868
2224,0.011901873163878918,0.011973807718604804
2225,0.011887140572071075,0.011971280332654715
2226,0.011753112077713013,0.011966820145025849
2227,0.011935010552406311,0.011965646566823125
2228,0.011951806955039501,0.011963439397513867
2229,0.011895213276147842,0.011961638536304236
2230,0.01170068047940731,0.011957859043031932
2231,0.011987529695034027,0.011956223770976066
2232,0.011712362989783287,0.011953712180256844
2233,0.012205959297716618,0.011952290516346694
2234,0.012089167721569538,0.011949683176353573
2235,0.011859279125928879,0.011947627821937203
2236,0.011873120442032814,0.011946436977013945
2237,0.011790075339376926,0.011942973788827659
2238,0.011754698120057583,0.011941559938713908
2239,0.011931732296943665,0.011941294828429818
2240,0.011850807815790176,0.011939735636115074
2241,0.011766139417886734,0.011938041923567653
2242,0.011687296442687511,0.011936100609600543
2243,0.011886436492204666,0.011935142893344164
2244,0.011754371225833893,0.011933763287961483
2245,0.011969827115535736,0.01193027637898922
2246,0.011877496726810932,0.01192386755719781
2247,0.011766173876821995,0.01192078821361065
2248,0.011710697785019875,0.011916564935818314
2249,0.011874645948410034,0.011911838697269559
2250,0.011829420924186707,0.011908214380964637
2251,0.011756932362914085,0.011904991334304213
2252,0.01173361949622631,0.011899579418823122
2253,0.011748027987778187,0.011893638065084816
2254,0.011698735877871513,0.011891527390107513
2255,0.011821601539850235,0.011885931184515357
2256,0.011822817847132683,0.011875705886632204
2257,0.011620054952800274,0.011868218136951327
2258,0.01154780387878418,0.011862875083461405
2259,0.011918680742383003,0.011860626395791768
2260,0.01180278044193983,0.011857362827286125
2261,0.011725986376404762,0.011853928044438362
2262,0.011615621857345104,0.011850025402382017
2263,0.011838318780064583,0.01184705264866352
2264,0.011771448887884617,0.011845978992059827
2265,0.01175704039633274,0.011842550225555897
2266,0.011749758385121822,0.0118394775968045
2267,0.011650621891021729,0.01183626706711948
2268,0.01161350030452013,0.011831684848293661
2269,0.011766217648983002,0.011829713564366103
2270,0.011693254113197327,0.011827409341931343
2271,0.01166407112032175,0.01182512897066772
2272,0.011607961729168892,0.011822961485013366
2273,0.01170598529279232,0.011821478949859738
2274,0.01161176897585392,0.011819303808733821
2275,0.011714641004800797,0.011817653216421604
2276,0.011638873256742954,0.01181474189274013
2277,0.011673713102936745,0.011812777910381555
2278,0.011596260592341423,0.011810644203796983
2279,0.011717598885297775,0.011808080459013581
2280,0.01164567843079567,0.011806132858619095
2281,0.011643704026937485,0.01180343197658658
2282,0.011582662351429462,0.01179995154030621
2283,0.011680636554956436,0.011798876458778978
2284,0.011590084061026573,0.011796818850561976
2285,0.011701173149049282,0.011794967353343963
2286,0.011636652983725071,0.011792498445138334
2287,0.011622510850429535,0.01179072266444564
2288,0.01157111581414938,0.011788178095594048
2289,0.01165454275906086,0.011787231210619212
2290,0.011583680287003517,0.011785817192867398
2291,0.011625798419117928,0.011783775957301259
2292,0.011559126898646355,0.01178148933686316
2293,0.011626576073467731,0.011780086401849986
2294,0.011547119356691837,0.011778013687580824
2295,0.011646827682852745,0.01177661243826151
2296,0.011576488614082336,0.011775064673274755
2297,0.01158777717500925,0.011772988988086581
2298,0.011504394002258778,0.011770391464233398
2299,0.011657645925879478,0.011769773084670304
2300,0.011561373248696327,0.01176845277659595
2301,0.011595049872994423,0.011766189588233828
2302,0.01152854785323143,0.011763794096186758
2303,0.011597559787333012,0.01176245855167508
2304,0.011515770107507706,0.01175994960591197
2305,0.011619017459452152,0.011759669994935393
2306,0.011542299762368202,0.01175791340880096
2307,0.011558588594198227,0.011756099266931415
2308,0.011491017416119576,0.01175458445213735
2309,0.011595422402024269,0.011752390721812844
2310,0.011516658589243889,0.011750973481684922
2311,0.011561604216694832,0.011746677635237575
2312,0.011504368856549263,0.011741575663909315
2313,0.011539291590452194,0.011739802276715637
2314,0.01147575955837965,0.011733456533402204
2315,0.011543779633939266,0.011725976774469017
2316,0.011478256434202194,0.011721477136015892
2317,0.01154065877199173,0.011717990785837174
2318,0.011485551483929157,0.011711486829444766
2319,0.011498610489070415,0.011707220170646905
2320,0.01143721491098404,0.01170168393291533
2321,0.011510071344673634,0.011695729773491622
2322,0.01143038459122181,0.011689729727804661
2323,0.011510053649544716,0.011686668796464801
2324,0.011441793292760849,0.01168206799775362
2325,0.011472184211015701,0.011677918434143066
2326,0.011401478201150894,0.011674402095377446
2327,0.011477897875010967,0.011669830968603492
2328,0.011388953775167465,0.011664202436804771
2329,0.011507522314786911,0.011660325527191161
2330,0.011434381827712059,0.01165766254067421
2331,0.011431537568569183,0.011652102619409561
2332,0.011371830478310585,0.011648697294294835
2333,0.01144842617213726,0.01164112196303904
2334,0.011366205289959908,0.011633892338722944
2335,0.01146102137863636,0.011629909761250019
2336,0.011395258828997612,0.011625131145119667
2337,0.011408209800720215,0.0116213124897331
2338,0.011359423398971558,0.011617359742522239
2339,0.011415679007768631,0.01161219920963049
2340,0.011370480060577393,0.011607395932078362
2341,0.011391102336347103,0.011603645561262966
2342,0.011358693242073059,0.01160035952925682
2343,0.011382175609469414,0.011595316920429468
2344,0.011354442685842514,0.011591317635029554
2345,0.01136789470911026,0.0115852983109653
2346,0.011338051408529282,0.011579903857782483
2347,0.011385862715542316,0.011576100746169686
2348,0.01135798916220665,0.011572573659941554
2349,0.011353936046361923,0.011567366560921073
2350,0.011329097673296928,0.011562363328412175
2351,0.011364833451807499,0.01155844233930111
2352,0.011335968971252441,0.011554465834051371
2353,0.011346541345119476,0.011550450967624783
2354,0.01131485030055046,0.011546612111851573
2355,0.011351557448506355,0.011541911670938133
2356,0.011320986784994602,0.011536893360316753
2357,0.011329719796776772,0.011533990008756519
2358,0.011295827105641365,0.01153147024102509
2359,0.011348776519298553,0.011525771198794246
2360,0.011323835700750351,0.011520981751382352
2361,0.01129241194576025,0.011516646007075906
2362,0.011262435466051102,0.011513114143162965
2363,0.011354072019457817,0.011508271675556897
2364,0.011321221478283405,0.011503769401460886
2365,0.011272307485342026,0.01149892207235098
2366,0.011242927983403206,0.011493853768333792
2367,0.011335069313645363,0.011490698242560028
2368,0.011296787299215794,0.011487531112506985
2369,0.011262060143053532,0.01148248953744769
2370,0.011231670156121254,0.01147787369787693
2371,0.011311916634440422,0.011474352153018117
2372,0.01126366388052702,0.011470909174531698
2373,0.011278297752141953,0.011466632299125194
2374,0.011245958507061005,0.011462974194437266
2375,0.011270629242062569,0.011458534076809882
2376,0.011230739764869213,0.011454452741891146
2377,0.011281251907348633,0.011450528129935265
2378,0.011247261427342892,0.011447038138285279
2379,0.011242490261793137,0.011442287052050233
2380,0.011210907250642776,0.011437939340248704
2381,0.011268744245171547,0.011434189742431045
2382,0.011235756799578667,0.011430720686912537
2383,0.011233294382691383,0.011426247265189886
2384,0.011210532858967781,0.011422451753169298
2385,0.011225851252675056,0.011417698534205555
2386,0.011188681237399578,0.011413218816742302
2387,0.01124878041446209,0.011409481512382627
2388,0.011214876547455788,0.011405919119715691
2389,0.01119298581033945,0.011401303550228477
2390,0.011156517080962658,0.011397031918168068
2391,0.011252612806856632,0.011393300062045454
2392,0.011212395504117012,0.01138983274810016
2393,0.011173896491527557,0.01138530595228076
2394,0.011143218725919724,0.011381266945973039
2395,0.011222941800951958,0.011377028087154031
2396,0.011176977306604385,0.011373032974079251
2397,0.011190507560968399,0.011369060277938842
2398,0.01116783544421196,0.011365694692358375
2399,0.01116996444761753,0.011360817877575756
2400,0.011146215721964836,0.01135666630230844
2401,0.011185395531356335,0.01135256975889206
2402,0.011157657951116562,0.011348860859870911
2403,0.011150557547807693,0.011344390837475658
2404,0.01114258449524641,0.011340658981353044
2405,0.011168248951435089,0.011336151296272873
2406,0.011157958768308163,0.011332307886332273
2407,0.011110994964838028,0.011327831950038671
2408,0.01112070307135582,0.011324128806591035
2409,0.011180020868778229,0.011319974791258574
2410,0.011184900999069214,0.011316657215356827
2411,0.01106414943933487,0.011311682667583227
2412,0.011114881373941898,0.011307787792757153
2413,0.011124609038233757,0.01130364096723497
2414,0.01112053170800209,0.011300088688731193
2415,0.011160401627421379,0.011296254908666014
2416,0.011061887256801128,0.011292091216892003
2417,0.01116909645497799,0.011288375593721867
2418,0.011182869784533978,0.011285348776727915
2419,0.011067062616348267,0.011281033298000693
2420,0.011214597150683403,0.011278807120397687
2421,0.011038299649953842,0.01127408940345049
2422,0.011331499554216862,0.01127310055308044
2423,0.011172009631991386,0.011269720112904906
2424,0.01139545813202858,0.011269256761297584
2425,0.011492203921079636,0.011269456958398223
2426,0.011351725086569786,0.011268959427252413
2427,0.011199512518942356,0.011266175573691726
2428,0.01123717613518238,0.011264657797291876
2429,0.011196888983249664,0.011261551463976503
2430,0.011087343096733093,0.011258081076666713
2431,0.011100802570581436,0.011254773726686835
2432,0.011048698797821999,0.01125154240988195
2433,0.011140620335936546,0.011248464351519943
2434,0.011097350157797337,0.011245775800198317
2435,0.011152207851409912,0.011242687664926053
2436,0.011258888989686966,0.011241323966532945
2437,0.011074400506913662,0.01123798587359488
2438,0.011097218841314316,0.011235363828018308
2439,0.011104073375463486,0.011232247771695257
2440,0.010992610827088356,0.011228469079360365
2441,0.01109408400952816,0.011225498896092177
2442,0.010990945622324944,0.011221821419894695
2443,0.011093424633145332,0.011218933910131455
2444,0.011027395725250244,0.011215663440525532
2445,0.010925618931651115,0.01121124068275094
2446,0.011116608045995235,0.011209026249125599
2447,0.010969984345138073,0.011204867465421557
2448,0.0111159672960639,0.01120244724676013
2449,0.01120658777654171,0.011200973764061928
2450,0.0109922019764781,0.011197604807093739
2451,0.011106711812317371,0.011195023590698839
2452,0.011040467768907547,0.01119206857867539
2453,0.011077146045863628,0.01118937462568283
2454,0.011322463862597942,0.011189450761303305
2455,0.01099978294223547,0.011185933016240596
2456,0.01104830577969551,0.011183206206187606
2457,0.011080404743552208,0.01118071305565536
2458,0.0110163614153862,0.011177918398752809
2459,0.01098548248410225,0.011174285458400846
2460,0.011014590039849281,0.011171193001791835
2461,0.01092645525932312,0.011167533434927464
2462,0.010947000235319138,0.011164379082620144
2463,0.010898780077695847,0.011159826163202524
2464,0.01093914732336998,0.01115600542165339
2465,0.010935908183455467,0.011152641428634525
2466,0.010908249765634537,0.011149294646456838
2467,0.010909412056207657,0.01114503807388246
2468,0.010881075635552406,0.011140880957245827
2469,0.010910025797784328,0.011137360613793135
2470,0.010908108204603195,0.011134124994277954
2471,0.010864242911338806,0.011129648257046938
2472,0.010938931256532669,0.011126400930806994
2473,0.010884633287787437,0.01112246428616345
2474,0.011008670553565025,0.01112009140662849
2475,0.011012876406311989,0.011117513878270984
2476,0.011178054846823215,0.011116987029090523
2477,0.011294873431324959,0.011117123244330286
2478,0.011080194264650345,0.011115452572703362
2479,0.011100017465651035,0.01111402784474194
2480,0.0111171193420887,0.0111130899656564
2481,0.010936209931969643,0.01110976462252438
2482,0.010950736701488495,0.01110691442154348
2483,0.010950557887554169,0.011104087056592106
2484,0.01091603934764862,0.011101142121478915
2485,0.010940779000520706,0.011098291398957372
2486,0.010837862268090248,0.011094783209264278
2487,0.010949531570076942,0.011091790720820427
2488,0.01091405376791954,0.011088782493025064
2489,0.010879971086978912,0.01108565234579146
2490,0.010932117700576782,0.0110834083519876
2491,0.010860736481845379,0.011079489588737487
2492,0.010886400006711483,0.011076229633763432
2493,0.01081506721675396,0.011072641341015696
2494,0.010896705090999603,0.011070176204666495
2495,0.010837623849511147,0.011066323025152086
2496,0.010780848562717438,0.011062361737713218
2497,0.01089983806014061,0.01105945504270494
2498,0.01081462949514389,0.01105592298321426
2499,0.010805506259202957,0.011052278401330114
2500,0.010846028104424477,0.01104927652515471
2501,0.010753503069281578,0.011044957600533962
2502,0.010885694995522499,0.011042237970978022
2503,0.010784205980598927,0.011038574455305934
2504,0.011016159318387508,0.011037310203537345
2505,0.011083722114562988,0.011036464935168624
2506,0.010970083996653557,0.011034586187452077
2507,0.01091547030955553,0.011032630940899252
2508,0.010858427733182907,0.011030008187517523
2509,0.010897740721702576,0.011027185386046768
2510,0.010771765373647213,0.011023054029792548
2511,0.010947689414024353,0.011021889429539442
2512,0.010907456278800964,0.011019815178588032
2513,0.010896524414420128,0.011017534332349897
2514,0.010906639508903027,0.011015395410358906
2515,0.010837338864803314,0.011012164782732725
2516,0.010845735669136047,0.011010003266856075
2517,0.01081166509538889,0.011006428953260183
2518,0.0108140604570508,0.01100274085998535
2519,0.01080981083214283,0.011000168342143297
2520,0.010789450258016586,0.010995916873216629
2521,0.010859411209821701,0.010994127988815307
2522,0.010875881649553776,0.010989571809768678
2523,0.010809819214046001,0.010985949905589223
2524,0.010848835110664368,0.010980483675375581
2525,0.010764781385660172,0.010973209450021386
2526,0.010767257772386074,0.010967364776879549
2527,0.01073484681546688,0.010962718119844794
2528,0.010753144510090351,0.010957877803593873
2529,0.01068969164043665,0.010952805830165745
2530,0.010794839821755886,0.010949880797415972
2531,0.010674485936760902,0.010945617631077766
2532,0.010988976806402206,0.010945020411163568
2533,0.01103971153497696,0.010944011323153972
2534,0.010688336566090584,0.010939921187236905
2535,0.01098689530044794,0.010938268061727286
2536,0.010945726186037064,0.010935136433690786
2537,0.010787409730255604,0.010932266525924206
2538,0.01089104637503624,0.010930204801261424
2539,0.010740291327238083,0.010926566980779172
2540,0.010997138917446136,0.010926612261682749
2541,0.010997998528182507,0.010925651406869291
2542,0.01083922665566206,0.010924134217202664
2543,0.010850131511688232,0.010921701285988093
2544,0.010845664888620377,0.010919883977621794
2545,0.01076110266149044,0.010918238814920187
2546,0.010745441541075706,0.010914527149870991
2547,0.010775301605463028,0.010912580322474242
2548,0.010700356215238571,0.010908424211665988
2549,0.010717593133449554,0.010903534265235066
2550,0.010744648054242134,0.010901058726012706
2551,0.010610094293951988,0.010896092550829052
2552,0.010901981964707375,0.010894707692787052
2553,0.01070752739906311,0.010891011506319047
2554,0.011074518784880638,0.010888532055541873
2555,0.011109734885394573,0.010889631574973463
2556,0.010806688107550144,0.01088721539825201
2557,0.010804522782564163,0.01088445657864213
2558,0.010819923132658005,0.010882492195814848
2559,0.010769371874630451,0.01088033108972013
2560,0.01072070561349392,0.010877392245456577
2561,0.010666944086551666,0.010874797133728862
2562,0.010768119245767593,0.010873008323833346
2563,0.010701684281229973,0.010871037365868688
2564,0.01080210693180561,0.010869666961953043
2565,0.010750516317784786,0.010867813043296337
2566,0.010854315012693405,0.010867273695766925
2567,0.010723975487053394,0.010865419330075383
2568,0.010842755436897278,0.010865036128088833
2569,0.010688100010156631,0.010862816870212556
2570,0.010822818614542484,0.010861963974311948
2571,0.010722540318965912,0.010860546948388219
2572,0.010733474045991898,0.010858492376282811
2573,0.010680323466658592,0.010856449278071523
2574,0.010729681700468063,0.010853659389540552
2575,0.010625291615724564,0.010849783541634678
2576,0.010799422860145569,0.010845997221767902
2577,0.010674743913114071,0.010839795926585793
2578,0.010731971822679043,0.01083631370216608
2579,0.010690687224268913,0.010832220399752259
2580,0.01062009111046791,0.01082725011743605
2581,0.010587641969323158,0.010823764437809587
2582,0.01061558909714222,0.010820412961766123
2583,0.010566094890236855,0.010816568331792951
2584,0.010568790137767792,0.010813095839694142
2585,0.0105612026527524,0.01080930007621646
2586,0.010586772114038467,0.010806789174675941
2587,0.010530303232371807,0.01080259689129889
2588,0.010798449628055096,0.010801440849900246
2589,0.01079794205725193,0.010800620559602975
2590,0.010504280216991901,0.010796342184767127
2591,0.010577528737485409,0.010793510107323528
2592,0.010527614504098892,0.010789922252297402
2593,0.010688245296478271,0.010788654033094645
2594,0.010634230449795723,0.010786029286682606
2595,0.010746624320745468,0.010785119291394949
2596,0.010799866169691086,0.010785309467464685
2597,0.010699539445340633,0.010783306481316686
2598,0.01060786284506321,0.010781238814815878
2599,0.010680085979402065,0.01077998461201787
2600,0.010577700100839138,0.010777301331982016
2601,0.010555795393884182,0.010775324255228043
2602,0.01062180195003748,0.010772685324773192
2603,0.010513866320252419,0.010769981928169726
2604,0.01056746207177639,0.010765494955703616
2605,0.010600622743368149,0.010760663961991667
2606,0.010464055463671684,0.010755603676661849
2607,0.010828358121216297,0.010754732554778457
2608,0.010725980624556541,0.010753408083692193
2609,0.010843520984053612,0.010752865886315703
2610,0.010828782804310322,0.010753436060622335
2611,0.010705076158046722,0.010751009928062558
2612,0.010644819587469101,0.01074838356114924
2613,0.010598107241094112,0.01074539938941598
2614,0.010560115799307823,0.010741934152320028
2615,0.010631750337779522,0.01073987826704979
2616,0.010547971352934837,0.010736900623887777
2617,0.01066051609814167,0.010735389133915306
2618,0.010511009022593498,0.010732358619570732
2619,0.010762451216578484,0.01073188502341509
2620,0.010637356899678707,0.01073036408983171
2621,0.01065245270729065,0.0107282945048064
2622,0.010553920641541481,0.010725074894726277
2623,0.010656866244971752,0.010723545365035534
2624,0.010584069415926933,0.01072089770808816
2625,0.010632283985614777,0.010719572734087706
2626,0.010580843314528465,0.01071770858950913
2627,0.01060615573078394,0.0107164216786623
2628,0.010523375123739243,0.010714123984798788
2629,0.010540170595049858,0.010712628774344922
2630,0.010498279705643654,0.010709663173183798
2631,0.010486256331205368,0.010707780877128243
2632,0.010504445061087608,0.010702935559675098
2633,0.010456760413944721,0.010697106048464775
2634,0.010715803131461143,0.01069738071411848
2635,0.010727298445999622,0.010694784745573997
2636,0.010428966954350471,0.010689617153257131
2637,0.010420871898531914,0.010685951774939894
2638,0.010646872222423553,0.010683510033413769
2639,0.010508843697607517,0.010681195557117463
2640,0.010688124224543571,0.010678105410188437
2641,0.010701287537813187,0.010675138300284744
2642,0.010432975366711617,0.01067107578739524
2643,0.010388919152319431,0.010666463663801551
2644,0.010611258447170258,0.01066411959938705
2645,0.010517889633774757,0.010661687469109893
2646,0.01055880170315504,0.010659821070730687
2647,0.010568346828222275,0.01065775152295828
2648,0.010462101548910141,0.010655368976294995
2649,0.01043113972991705,0.01065250444225967
2650,0.010430793277919292,0.010649365894496441
2651,0.010455915704369545,0.010647824108600617
2652,0.010373352095484734,0.010642537809908391
2653,0.01061649527400732,0.010641627488657832
2654,0.010522037744522095,0.010636102678254246
2655,0.010537214577198029,0.010630377475172282
2656,0.010528355836868286,0.010627594152465463
2657,0.010448476299643517,0.010624033687636257
2658,0.010449789464473724,0.010620332350954413
2659,0.010411886498332024,0.01061675749719143
2660,0.01050478219985962,0.010614598263055086
2661,0.010354798287153244,0.010611476805061103
2662,0.010844690725207329,0.0106122425198555
2663,0.010851673781871796,0.010613742414861918
2664,0.01042118202894926,0.010609933165833354
2665,0.010650340467691422,0.01060893140733242
2666,0.010630149394273758,0.010606689751148224
2667,0.010452713817358017,0.01060397713445127
2668,0.010568484663963318,0.01060123442672193
2669,0.010502181947231293,0.010599375246092677
2670,0.010678952559828758,0.01059793658554554
2671,0.010750388726592064,0.0105982150696218
2672,0.010400962084531784,0.010594889950007201
2673,0.010535042732954025,0.010593437142670154
2674,0.010583354160189629,0.01059197386726737
2675,0.010445874184370041,0.010590179692953824
2676,0.01048579066991806,0.01058704337105155
2677,0.010465078987181187,0.010584946721792221
2678,0.01040007546544075,0.010581627758219837
2679,0.010444143787026405,0.010579162323847414
2680,0.010359236039221287,0.010576553773134947
2681,0.010519048199057579,0.01057586783543229
2682,0.01052634697407484,0.010574975414201618
2683,0.010400298982858658,0.010573317455127835
2684,0.010452421382069588,0.010572153767570853
2685,0.010393397882580757,0.010570475719869138
2686,0.010411830618977547,0.010568726304918528
2687,0.010486056096851826,0.010568283833563327
2688,0.01029844768345356,0.010563283814117313
2689,0.010469550266861916,0.010559999896213413
2690,0.010367332026362419,0.010558630414307118
2691,0.010454874485731125,0.010557403871789574
2692,0.010517757385969162,0.010557305300608277
2693,0.010344292968511581,0.01055386577732861
2694,0.010628890246152878,0.010553812375292182
2695,0.010505436919629574,0.010551400501281023
2696,0.01058073528110981,0.01054920919239521
2697,0.010693010874092579,0.01054914390668273
2698,0.01079718116670847,0.010551037089899183
2699,0.010602652095258236,0.010550262751057743
2700,0.010428417474031448,0.010548769924789668
2701,0.010515572503209114,0.010548367695882917
2702,0.010454429313540459,0.010546693969517946
2703,0.010320398025214672,0.010544759286567569
2704,0.010571237653493881,0.010544797042384743
2705,0.010509267449378967,0.010543883489444851
2706,0.010421354323625565,0.01054345647804439
2707,0.010354051366448402,0.010538713410496711
2708,0.010417822748422623,0.010535631831735372
2709,0.010301264934241772,0.010530209271237254
2710,0.010368609800934792,0.010525607541203498
2711,0.010308328084647655,0.010521640060469508
2712,0.010405097156763077,0.010519242836162448
2713,0.010364079847931862,0.010516902562230826
2714,0.01041555404663086,0.010515456944704056
2715,0.010471174493432045,0.010513851186260581
2716,0.010259752161800861,0.01051096899434924
2717,0.010341078974306583,0.01050777462311089
2718,0.010308587923645973,0.010505750412121415
2719,0.010263311676681042,0.010500759016722441
2720,0.010294046252965927,0.010497325910255312
2721,0.010282991454005241,0.01049363129772246
2722,0.010297374799847603,0.01049106583930552
2723,0.010312335565686226,0.010487620532512665
2724,0.010275932028889656,0.010484539158642291
2725,0.010272664949297905,0.010480942968279124
2726,0.010254420340061188,0.010477678738534451
2727,0.010255559347569942,0.010474172774702311
2728,0.010243633762001991,0.010471375361084938
2729,0.010223586112260818,0.010468209516257048
2730,0.010375017300248146,0.010466976892203092
2731,0.010346714407205582,0.010465581472963094
2732,0.010363740846514702,0.010464174430817366
2733,0.010347072035074234,0.010463077547028661
2734,0.010282902978360653,0.010458748545497656
2735,0.010228578001260757,0.010453761341050267
2736,0.010288724675774574,0.010452358918264508
2737,0.010180490091443062,0.01044995510019362
2738,0.0102821234613657,0.010446307612583042
2739,0.010218609124422073,0.010443405266851186
2740,0.010236850008368492,0.010438892524689436
2741,0.010206712409853935,0.010433946773409843
2742,0.010239087045192719,0.010432007890194654
2743,0.010203823447227478,0.010430156933143735
2744,0.010190341621637344,0.010425947764888406
2745,0.010189857333898544,0.010422667441889643
2746,0.0101397093385458,0.010418476518243552
2747,0.010130250826478004,0.01041409555822611
2748,0.010206837207078934,0.010411542914807797
2749,0.010180837474763393,0.01040903989225626
2750,0.010186826810240746,0.010406600227579475
2751,0.010201891884207726,0.010404059989377856
2752,0.010111790150403976,0.010401444369927048
2753,0.010129844769835472,0.01039657786488533
2754,0.010113230906426907,0.010392489796504378
2755,0.010089877992868423,0.010388016430661083
2756,0.010125954635441303,0.010383992418646813
2757,0.01008627936244011,0.010380370449274779
2758,0.01016131229698658,0.010377485677599907
2759,0.010176168754696846,0.010375128500163555
2760,0.010065787471830845,0.010370738552883268
2761,0.010123658925294876,0.010368427159264684
2762,0.010074678808450699,0.010360727040097117
2763,0.010086717084050179,0.0103530774731189
2764,0.01012558676302433,0.010350121520459651
2765,0.010050572454929352,0.010344123840332032
2766,0.010079890489578247,0.010338621251285075
2767,0.010101009160280228,0.010335104204714299
2768,0.010034387931227684,0.010329763237386942
2769,0.010041417554020882,0.010325155593454838
2770,0.010057561099529266,0.010318941678851843
2771,0.01000024750828743,0.010311440266668796
2772,0.010020224377512932,0.010307632889598607
2773,0.01006171852350235,0.010302899647504091
2774,0.009978904388844967,0.010296855149790644
2775,0.010047335177659988,0.010292869759723544
2776,0.009981260634958744,0.010287824459373951
2777,0.010033128783106804,0.010283504957333206
2778,0.009974198415875435,0.010279246186837555
2779,0.010141957551240921,0.010276224324479699
2780,0.010047784075140953,0.010273109804838896
2781,0.010384809225797653,0.010271767415106296
2782,0.010684767737984657,0.010273351622745395
2783,0.010244276374578476,0.010271791396662592
2784,0.010384531691670418,0.010271112499758601
2785,0.010942792519927025,0.010276606446132064
2786,0.010630754753947258,0.010278795687481761
2787,0.010284267365932465,0.010276777800172568
2788,0.01051517017185688,0.0102789450250566
2789,0.010522265918552876,0.010279472181573511
2790,0.010268865153193474,0.01027848751284182
2791,0.010282978415489197,0.010276768552139402
2792,0.010292703285813332,0.010274518011137844
2793,0.010209504514932632,0.010273170126602053
2794,0.010125694796442986,0.010268138172104955
2795,0.010195227339863777,0.010265036076307297
2796,0.010123929008841515,0.010260468013584614
2797,0.01011513452976942,0.010254689250141382
2798,0.010163961909711361,0.01024835705757141
2799,0.010059273801743984,0.010242923274636268
2800,0.010122902691364288,0.010239868126809597
2801,0.010109612718224525,0.010235808528959752
2802,0.01006534043699503,0.010231917640194297
2803,0.010171362198889256,0.010230427281931043
2804,0.010095779784023762,0.010225672703236342
2805,0.010132378898561,0.010221903817728162
2806,0.010123558342456818,0.010218925857916474
2807,0.010080637410283089,0.010216191718354821
2808,0.010100308805704117,0.010213016578927637
2809,0.010131444782018661,0.010211318377405404
2810,0.01002883818000555,0.010207920661196112
2811,0.010103638283908367,0.01020587376318872
2812,0.009999895468354225,0.01020182174630463
2813,0.010037248954176903,0.010198553437367081
2814,0.01000092551112175,0.01019440715201199
2815,0.01000061072409153,0.010189701514318585
2816,0.00997402984648943,0.01018684429116547
2817,0.009980006143450737,0.010183233562856912
2818,0.009955402463674545,0.010179701708257199
2819,0.009955814108252525,0.010176626732572913
2820,0.009951158426702023,0.010173197854310274
2821,0.00998955499380827,0.010170263489708304
2822,0.009965394623577595,0.010166943687945604
2823,0.009950941428542137,0.010163329746574164
2824,0.009906591847538948,0.010159636344760657
2825,0.009897492825984955,0.010155884623527527
2826,0.009883930906653404,0.01015217972919345
2827,0.009900176897644997,0.0101486259046942
2828,0.010008320212364197,0.010146272769197821
2829,0.009898094460368156,0.010143017852678895
2830,0.009919567964971066,0.010138463359326125
2831,0.010019155219197273,0.010135187767446041
2832,0.009858709760010242,0.010130137456580996
2833,0.010116024874150753,0.010127826984971762
2834,0.009998796507716179,0.010124985920265317
2835,0.010258682072162628,0.010125286960974336
2836,0.010226106271147728,0.010124660776928068
2837,0.010068667121231556,0.010123542547225951
2838,0.009981120005249977,0.010120532512664794
2839,0.010025348514318466,0.010118599906563759
2840,0.009969202801585197,0.010115923434495926
2841,0.010058179497718811,0.010114438105374575
2842,0.009995277971029282,0.01011200001463294
2843,0.010126058012247086,0.010111222360283136
2844,0.009982429444789886,0.010109143238514662
2845,0.009997304528951645,0.010107217710465194
2846,0.009931575506925583,0.010105136372148991
2847,0.01000973954796791,0.01010393125936389
2848,0.00990162044763565,0.010100879091769457
2849,0.00998705718666315,0.010098941288888455
2850,0.009914147667586803,0.010096214497461915
2851,0.009936163201928139,0.010093557210639119
2852,0.009897764772176743,0.010091416956856846
2853,0.009941831231117249,0.010089536821469665
2854,0.00988977774977684,0.010087302289903163
2855,0.009874865412712097,0.0100851521641016
2856,0.009869325906038284,0.01008258587680757
2857,0.009853145107626915,0.010080254534259439
2858,0.009824201464653015,0.010076883425936102
2859,0.009946014732122421,0.010074581885710358
2860,0.009872459806501865,0.010072648609057069
2861,0.009942257776856422,0.010070834597572685
2862,0.009887220337986946,0.010068960012868047
2863,0.009888272732496262,0.010066975569352508
2864,0.009829171933233738,0.010064011421054602
2865,0.009887047111988068,0.01006237616762519
2866,0.009829283691942692,0.010059870099648833
2867,0.009910127148032188,0.010057961279526352
2868,0.009882980957627296,0.01005644720979035
2869,0.00985468365252018,0.010054579870775342
2870,0.009850721806287766,0.010052511477842927
2871,0.009855111129581928,0.010051060114055871
2872,0.009830033406615257,0.010049158204346896
2873,0.009868405759334564,0.010047225076705217
2874,0.009853089228272438,0.010045966925099492
2875,0.009810436517000198,0.010043597938492894
2876,0.009790532290935516,0.010041690655052662
2877,0.00986265204846859,0.01003998588770628
2878,0.009817473590373993,0.010038418639451265
2879,0.009850885719060898,0.010035507921129465
2880,0.009824670851230621,0.010033276788890362
2881,0.009817324578762054,0.010027601942420005
2882,0.009781579487025738,0.010018570059910416
2883,0.009870141744613647,0.010014828713610768
2884,0.009835450910031796,0.010009337905794382
2885,0.009810777381062508,0.009998017754405737
2886,0.009799372404813766,0.009989703930914402
2887,0.009827492758631706,0.009985136184841394
2888,0.009806332178413868,0.009978047804906964
2889,0.00982088502496481,0.009971033995971084
2890,0.009813608601689339,0.009966481430456042
2891,0.00979440938681364,0.009961595740169287
2892,0.009783720597624779,0.009956505913287401
2893,0.009817013517022133,0.009952581003308297
2894,0.009803051128983498,0.0099493545666337
2895,0.009790288284420967,0.009945305176079272
2896,0.009780448861420155,0.009941870374605059
2897,0.009801535867154598,0.00993873438797891
2898,0.009780950844287872,0.009934904277324677
2899,0.009796058759093285,0.00993227212689817
2900,0.009771430864930153,0.009928757408633828
2901,0.009799608029425144,0.009925657361745834
2902,0.00977370049804449,0.00992274096235633
2903,0.009794313460588455,0.00991897047497332
2904,0.009769769385457039,0.009915710370987653
2905,0.009792132303118706,0.009912307905033231
2906,0.00976940244436264,0.009908766346052289
2907,0.00978889036923647,0.009905848875641823
2908,0.009768713265657425,0.009902532920241356
2909,0.009773379191756248,0.009898952264338732
2910,0.009751287288963795,0.009896176755428315
2911,0.009792668744921684,0.009893067060038447
2912,0.009770611301064491,0.00989077421836555
2913,0.009760385379195213,0.009888005582615733
2914,0.009739072062075138,0.009885387048125267
2915,0.009797176346182823,0.00988335270434618
2916,0.009777314960956573,0.00988138555549085
2917,0.009748154319822788,0.009879067037254573
2918,0.009736177511513233,0.00987687478773296
2919,0.009794697165489197,0.009875263618305326
2920,0.009775619953870773,0.009873508233577013
2921,0.009741635993123055,0.009871029043570161
2922,0.009739826433360577,0.009868773361667992
2923,0.00976016465574503,0.00986686559394002
2924,0.009742604568600655,0.009865225721150638
2925,0.009764001704752445,0.009863890809938311
2926,0.009762542322278023,0.009862676924094559
2927,0.009725324809551239,0.00986092840321362
2928,0.009705046191811562,0.009857895663008093
2929,0.009793136268854141,0.009856846081092954
2930,0.009772771038115025,0.009855378111824393
2931,0.009704459458589554,0.009852231154218316
2932,0.00969068892300129,0.009850550945848226
2933,0.00979117676615715,0.00984730246476829
2934,0.009768046438694,0.009844994964078068
2935,0.009704062715172768,0.00983944877050817
2936,0.009701704606413841,0.00983420475386083
2937,0.009772565215826035,0.009831243734806776
2938,0.00975137297064066,0.009828946264460682
2939,0.009707595221698284,0.009825768731534481
2940,0.009693356230854988,0.00982301026582718
2941,0.009771088138222694,0.009820139352232218
2942,0.0097495187073946,0.00981768175959587
2943,0.009701309725642204,0.009813434276729822
2944,0.00972048006951809,0.009810814782977104
2945,0.009714581072330475,0.009807987548410892
2946,0.009685700759291649,0.009805528800934554
2947,0.0097659258171916,0.00980309066362679
2948,0.009733631275594234,0.009801410771906376
2949,0.009728953242301941,0.009798829732462764
2950,0.009730491787195206,0.009796993173658848
2951,0.009687572717666626,0.009794507268816232
2952,0.009668279439210892,0.009792212415486574
2953,0.009801135398447514,0.009790805457159877
2954,0.009786335751414299,0.00978977103717625
2955,0.009651998989284039,0.00978754237294197
2956,0.009716685861349106,0.00978601597249508
2957,0.009696826338768005,0.00978445278480649
2958,0.00964573584496975,0.009782668128609657
2959,0.009707730263471603,0.009780285283923149
2960,0.009622188284993172,0.009777782568708062
2961,0.009723473340272903,0.009775594724342227
2962,0.009638146497309208,0.00977310398593545
2963,0.009798446670174599,0.009772205725312233
2964,0.009693806059658527,0.00977085206657648
2965,0.009888818487524986,0.00977086978033185
2966,0.010002681985497475,0.009772603763267398
2967,0.009650755673646927,0.009770010048523545
2968,0.010159503668546677,0.00977277527563274
2969,0.01036272943019867,0.009777855733409524
2970,0.009828774258494377,0.00977763625793159
2971,0.01010689977556467,0.009780154144391418
2972,0.010459157638251781,0.009786445386707783
2973,0.00993647426366806,0.009787126071751117
2974,0.010075446218252182,0.009789349641650916
2975,0.010533053427934647,0.00979657581076026
2976,0.010172363370656967,0.009800394121557475
2977,0.009868402034044266,0.009800451621413232
2978,0.009997663088142872,0.00980225351639092
2979,0.010101291351020336,0.009804757572710513
2980,0.009872408583760262,0.00980523495003581
2981,0.009999161586165428,0.009807053320109844
2982,0.010095086880028248,0.00981018839403987
2983,0.010105520486831665,0.009812542181462049
2984,0.009845745749771595,0.009812645129859448
2985,0.00996250007301569,0.00981416235677898
2986,0.009996995329856873,0.009816138586029411
2987,0.010141587816178799,0.00981927953660488
2988,0.009987125173211098,0.009821087466552853
2989,0.010008372366428375,0.00982296233996749
2990,0.009920788928866386,0.00982403414323926
2991,0.009923689998686314,0.009825326949357987
2992,0.009878098033368587,0.009826270723715424
2993,0.009904712438583374,0.009827147712931037
2994,0.009838521480560303,0.009827502416446804
2995,0.00990796647965908,0.009828679198399186
2996,0.0098223015666008,0.009829097725450993
2997,0.009951961226761341,0.00983060197904706
2998,0.00991846527904272,0.00983197712339461
2999,0.00978090614080429,0.009831825597211718
3000,0.00970742478966713,0.009831185536459088
3001,0.009979693219065666,0.009832986388355494
3002,0.00997503288090229,0.009834999712184071
3003,0.009739640168845654,0.009834452979266644
3004,0.009706570766866207,0.009833820993080736
3005,0.009790731593966484,0.009833806985989213
3006,0.009721556678414345,0.00983332852832973
3007,0.009917002171278,0.009834609646350145
3008,0.00988331064581871,0.009835755620151758
3009,0.009700030088424683,0.009835022129118442
3010,0.00963288452476263,0.00983383810147643
3011,0.009807150810956955,0.009833982922136783
3012,0.00970514863729477,0.009833328295499086
3013,0.00987263210117817,0.009834450762718916
3014,0.009803230874240398,0.009835092350840569
3015,0.009692834690213203,0.009834048934280873
3016,0.009655360132455826,0.009832829385995865
3017,0.009747505187988281,0.00983282289467752
3018,0.009629585780203342,0.00983175697736442
3019,0.00982747320085764,0.009832084737718105
3020,0.009748158976435661,0.009831810127943754
3021,0.009706920012831688,0.009831462968140841
3022,0.009650854393839836,0.009830573247745633
3023,0.009735406376421452,0.009830325664952398
3024,0.009624989703297615,0.009829149516299367
3025,0.009785897098481655,0.009829368470236658
3026,0.009688729420304298,0.009828630341216922
3027,0.009751582518219948,0.009828892918303609
3028,0.00971147883683443,0.009828957244753838
3029,0.009670725092291832,0.009827733132988214
3030,0.009640701115131378,0.009826412433758378
3031,0.009671973064541817,0.0098260875698179
3032,0.009607657790184021,0.009825257258489728
3033,0.009707648307085037,0.009824421973899006
3034,0.009609534405171871,0.009822836853563785
3035,0.009766919538378716,0.009823465421795845
3036,0.00970369577407837,0.00982348533347249
3037,0.009654192253947258,0.009822301603853702
3038,0.00964515469968319,0.009821239421144127
3039,0.009636377915740013,0.009820527248084545
3040,0.009589849039912224,0.009819492176175117
3041,0.00970376841723919,0.009818818978965282
3042,0.009622185491025448,0.00981754564680159
3043,0.009714167565107346,0.009817674225196242
3044,0.009675848297774792,0.009817227907478809
3045,0.009626952931284904,0.009816351626068354
3046,0.009599709883332253,0.00981549171730876
3047,0.009650296531617641,0.00981433542445302
3048,0.009581265971064568,0.009812811771407724
3049,0.009703966788947582,0.009812561906874179
3050,0.009632585570216179,0.009811582844704389
3051,0.009665828198194504,0.009811365399509669
3052,0.009636593982577324,0.009811048544943333
3053,0.009618693962693214,0.00980922413058579
3054,0.009574737399816513,0.009807108147069811
3055,0.009650466963648796,0.00980709282681346
3056,0.009573105722665787,0.009805657025426627
3057,0.009680027142167091,0.009805489033460617
3058,0.009614888578653336,0.009805180560797454
3059,0.009638849645853043,0.009804491754621267
3060,0.009602700360119343,0.009804296875372528
3061,0.009607218205928802,0.009803134324029088
3062,0.009548500180244446,0.00980223786085844
3063,0.009642301127314568,0.00980067640542984
3064,0.009553683921694756,0.009799275184050202
3065,0.009661873802542686,0.00979700573720038
3066,0.009587462991476059,0.009792853547260165
3067,0.009619651362299919,0.009792542504146694
3068,0.009564310312271118,0.009786590570583939
3069,0.009606149978935719,0.00977902477607131
3070,0.009537112899124622,0.009776108162477613
3071,0.009618036448955536,0.009771219529211521
3072,0.00954284518957138,0.009762056404724717
3073,0.00960011687129736,0.00975869283080101
3074,0.009529083967208862,0.009753229208290576
3075,0.009597049094736576,0.009743869164958596
3076,0.009525282308459282,0.009737398354336619
3077,0.009586070664227009,0.009734575040638446
3078,0.009514424949884415,0.009729742659255863
3079,0.009575337171554565,0.009724483117461205
3080,0.009507423266768456,0.009720833264291287
3081,0.009568965062499046,0.009716531299054622
3082,0.009509703144431114,0.00971067746169865
3083,0.00956015381962061,0.00970522379502654
3084,0.009515547193586826,0.009701921809464694
3085,0.009524645283818245,0.009697543261572718
3086,0.009480144828557968,0.00969237475655973
3087,0.0095434058457613,0.009686392936855555
3088,0.009498747065663338,0.009681509155780078
3089,0.009515386074781418,0.009676579292863608
3090,0.009484943933784962,0.009672220842912794
3091,0.009506337344646454,0.009668047316372394
3092,0.009478693827986717,0.009664053274318575
3093,0.009510362520813942,0.009660109775140882
3094,0.009483583271503448,0.009656560393050313
3095,0.009498072788119316,0.009652461456134916
3096,0.009482275694608688,0.009649061197414995
3097,0.00947266723960638,0.009644268257543444
3098,0.009448313154280186,0.00963956673629582
3099,0.009500375017523766,0.009636761425063013
3100,0.009472167119383812,0.009634408848360181
3101,0.00947137363255024,0.009629325652495026
3102,0.009456740692257881,0.009624142730608583
3103,0.009467259049415588,0.009621418919414282
3104,0.009447924792766571,0.009618832459673286
3105,0.00947488285601139,0.009615673972293735
3106,0.009454385377466679,0.009613002259284258
3107,0.009451128542423248,0.009608343522995711
3108,0.00943094864487648,0.009603819902986288
3109,0.009468453004956245,0.009601504132151604
3110,0.009461745619773865,0.009599792743101717
3111,0.009433195926249027,0.009596053194254637
3112,0.009424853138625622,0.009593250239267945
3113,0.009460504166781902,0.009589128959923983
3114,0.009426130913197994,0.009585357960313559
3115,0.00946047157049179,0.009583034329116344
3116,0.009446633979678154,0.009580947067588568
3117,0.009416157379746437,0.009577633589506149
3118,0.009416019544005394,0.00957549792714417
3119,0.009441236965358257,0.009571635564789176
3120,0.009434310719370842,0.009568497082218528
3121,0.009435568004846573,0.009565783562138677
3122,0.009441280737519264,0.00956368782557547
3123,0.009422250092029572,0.009560556262731551
3124,0.009409858845174313,0.009558404954150319
3125,0.009451339952647686,0.00955505938269198
3126,0.009400451555848122,0.009552176604047417
3127,0.009456182830035686,0.009549222607165574
3128,0.009433716535568237,0.009546444984152913
3129,0.009420754387974739,0.009543945277109743
3130,0.009413307532668114,0.00954167134128511
3131,0.00944509357213974,0.009539402546361089
3132,0.009405193850398064,0.00953737790696323
3133,0.009446309879422188,0.0095347645226866
3134,0.009404323995113373,0.009532712418586015
3135,0.009434586390852928,0.009529389087110757
3136,0.009383395314216614,0.00952618608251214
3137,0.00943414680659771,0.009523985628038644
3138,0.009377948939800262,0.009521313570439815
3139,0.009442873299121857,0.009519378524273633
3140,0.009423064067959785,0.00951771067455411
3141,0.009385241195559502,0.009514525402337312
3142,0.009388821199536324,0.009512191759422422
3143,0.009391379542648792,0.009508963879197837
3144,0.009388849139213562,0.009506093887612223
3145,0.009399252012372017,0.009503816878423095
3146,0.009395554661750793,0.00950177532620728
3147,0.009366611018776894,0.009498938471078872
3148,0.009352738037705421,0.009496653191745282
3149,0.009395986795425415,0.00949357339181006
3150,0.009374704211950302,0.0094909945782274
3151,0.009373404085636139,0.009488070337101816
3152,0.009361594915390015,0.009485320346429944
3153,0.009324688464403152,0.009482380291447044
3154,0.009307291358709335,0.009479705831035972
3155,0.009355496615171432,0.009476756127551198
3156,0.00934595800936222,0.009474484650418162
3157,0.009324658662080765,0.009470930965617299
3158,0.009319325909018517,0.00946797533892095
3159,0.009356163442134857,0.009465148476883768
3160,0.009346721693873405,0.00946258869022131
3161,0.009329245425760746,0.009459808962419628
3162,0.00935351848602295,0.009457859145477414
3163,0.0093358950689435,0.009454795084893703
3164,0.009361457079648972,0.009452872816473246
3165,0.009349262341856956,0.009449746701866388
3166,0.009411237202584743,0.009447984443977476
3167,0.009283339604735374,0.00944462132640183
3168,0.009357643313705921,0.009442554656416177
3169,0.00930844433605671,0.009439577599987387
3170,0.009388172999024391,0.009438088200986385
3171,0.009366489946842194,0.009435572735965252
3172,0.009305564686655998,0.009433199930936099
3173,0.009356338530778885,0.009430762147530913
3174,0.009275384247303009,0.009428225150331855
3175,0.009312662295997143,0.00942538128234446
3176,0.009296279400587082,0.009423091253265738
3177,0.009317946620285511,0.009420410012826324
3178,0.009258301928639412,0.009417848782613874
3179,0.009272154420614243,0.00941481695510447
3180,0.009263632819056511,0.009412379050627352
3181,0.009314525872468948,0.00940983465872705
3182,0.00926218181848526,0.00940735944546759
3183,0.00925268605351448,0.00940428476780653
3184,0.009367492981255054,0.009402804225683212
3185,0.00923630315810442,0.009399920804426073
3186,0.009296808391809464,0.00939808744005859
3187,0.009316252544522285,0.009395815907046199
3188,0.00922977365553379,0.009393126172944903
3189,0.009258724749088287,0.009390559559687973
3190,0.009224126115441322,0.009387951381504535
3191,0.009211907163262367,0.009385007079690694
3192,0.009219708852469921,0.009382417229935526
3193,0.009189939126372337,0.00937921299599111
3194,0.00923117995262146,0.00937668896280229
3195,0.009317776188254356,0.00937488599680364
3196,0.009217827580869198,0.009372241515666246
3197,0.009335484355688095,0.009370869686827064
3198,0.00928114540874958,0.009369198009371757
3199,0.009262533858418465,0.009366819597780705
3200,0.009286787360906601,0.009364965800195933
3201,0.00926988571882248,0.009362950921058655
3202,0.009217176586389542,0.00936055527999997
3203,0.009327208623290062,0.009359154775738716
3204,0.00923436414450407,0.009357019169256091
3205,0.009332061745226383,0.009355590958148242
3206,0.009230823256075382,0.009353355336934328
3207,0.009270722046494484,0.009351551271975041
3208,0.009168094024062157,0.009348922725766897
3209,0.009239178150892258,0.009346629977226257
3210,0.009172191843390465,0.009343734439462424
3211,0.00925779901444912,0.009341980470344425
3212,0.009206228889524937,0.009339794227853417
3213,0.009176001884043217,0.00933694920502603
3214,0.009177682921290398,0.009334464725106954
3215,0.009157910011708736,0.009331439109519123
3216,0.00915607251226902,0.009328533494845033
3217,0.00914059579372406,0.009325777878984809
3218,0.009169286116957664,0.009323310544714332
3219,0.009178131818771362,0.009320679493248463
3220,0.00915060006082058,0.00931784238666296
3221,0.009118165820837021,0.009314668364822865
3222,0.009142855182290077,0.009311684109270572
3223,0.009123939089477062,0.009308700999245047
3224,0.009146638214588165,0.009306068792939185
3225,0.009115926921367645,0.009302714662626386
3226,0.009101212956011295,0.009299722276628017
3227,0.009165102615952492,0.009296811474487186
3228,0.009083360433578491,0.009293307913467289
3229,0.009070394560694695,0.009289804315194487
3230,0.00908481702208519,0.009286519410088658
3231,0.009133929386734962,0.00928340776823461
3232,0.00908229872584343,0.009280178816989065
3233,0.009111777879297733,0.009276833496987819
3234,0.009086012840270996,0.009273650385439395
3235,0.009072715416550636,0.009270031675696374
3236,0.00911069568246603,0.009267304679378868
3237,0.009065859019756317,0.009263621801510453
3238,0.009040585719048977,0.00926024816930294
3239,0.009058344177901745,0.00925640287809074
3240,0.009117238223552704,0.00925334461964667
3241,0.009039301425218582,0.00924988522194326
3242,0.009135393425822258,0.00924735094420612
3243,0.009053906425833702,0.009243976213037968
3244,0.009198603220283985,0.009242073753848673
3245,0.00915676448494196,0.00923964887857437
3246,0.00925244577229023,0.009238217789679766
3247,0.009333244524896145,0.009237884124740959
3248,0.009164485149085522,0.009236001595854759
3249,0.00915958546102047,0.00923363758251071
3250,0.009195540100336075,0.009231845941394567
3251,0.009148098528385162,0.009229592885822058
3252,0.009154062718153,0.009227517563849687
3253,0.009140459820628166,0.009225675277411938
3254,0.009133238345384598,0.00922393474727869
3255,0.009094731882214546,0.009221327099949122
3256,0.009137379005551338,0.009219241309911013
3257,0.009074253961443901,0.009216737262904643
3258,0.009142521768808365,0.009214969221502542
3259,0.009126328863203526,0.009212670875713229
3260,0.00910855084657669,0.009210289167240262
3261,0.009143040515482426,0.009208427118137479
3262,0.009040169417858124,0.00920529362745583
3263,0.00916703324764967,0.009203605009242893
3264,0.009072352200746536,0.009200713960453868
3265,0.009163901209831238,0.00919886034913361
3266,0.009202877059578896,0.009196776747703552
3267,0.009105302393436432,0.009194996375590563
3268,0.009211725555360317,0.009193537198007107
3269,0.009054191410541534,0.009190994668751956
3270,0.009185361675918102,0.009188966555520893
3271,0.00919153168797493,0.009187216972932219
3272,0.009032635018229485,0.009184487676247955
3273,0.009180448949337006,0.009182728780433535
3274,0.009110302664339542,0.009181077964603901
3275,0.009146720170974731,0.009179418543353676
3276,0.009274676442146301,0.00917920251376927
3277,0.00911706779152155,0.00917719372548163
3278,0.009209913201630116,0.009176709838211537
3279,0.009208805859088898,0.009176076352596284
3280,0.009105054661631584,0.009174490571022034
3281,0.009302138350903988,0.009174366695806385
3282,0.009335526265203953,0.00917510014027357
3283,0.00908097717911005,0.009173383051529527
3284,0.009166944772005081,0.009171377569437027
3285,0.009200625121593475,0.009171020789071917
3286,0.009075725451111794,0.009168809959664941
3287,0.00912403129041195,0.009166887747123837
3288,0.009111585095524788,0.009165705861523748
3289,0.009035548195242882,0.009163474095985294
3290,0.009163076058030128,0.00916286359541118
3291,0.009129306301474571,0.009162037586793303
3292,0.00906803086400032,0.009160520806908608
3293,0.009088891558349133,0.009159510331228376
3294,0.00907229445874691,0.00915792147628963
3295,0.009018433280289173,0.009154928047209979
3296,0.009114893153309822,0.009153898702934385
3297,0.00908470805734396,0.009151390939950942
3298,0.009019142016768456,0.009148770906031133
3299,0.009028587490320206,0.00914643144235015
3300,0.009015913121402264,0.009143722699955106
3301,0.009004544466733932,0.00914106928743422
3302,0.009057750925421715,0.009139475030824542
3303,0.009003089740872383,0.009136233842000366
3304,0.0090266652405262,0.009134156852960587
3305,0.009018884971737862,0.0091310250852257
3306,0.009011306799948215,0.00912882992066443
3307,0.00897862296551466,0.009125908929854631
3308,0.00899061281234026,0.009124134117737413
3309,0.008934816345572472,0.009121090499684214
3310,0.00900175143033266,0.009119386095553636
3311,0.008980720303952694,0.009116615308448673
3312,0.008982307277619839,0.009114376092329622
3313,0.008960962295532227,0.009112225696444511
3314,0.008969388902187347,0.009110142756253482
3315,0.008949538692831993,0.009108059043064713
3316,0.008983665145933628,0.00910633496940136
3317,0.008970321156084538,0.009104632223024964
3318,0.009032376110553741,0.009103263122960925
3319,0.00904040690511465,0.009101885873824357
3320,0.008917326107621193,0.009099553134292363
3321,0.009018514305353165,0.009098556619137525
3322,0.008921010419726372,0.009096338171511889
3323,0.009002342820167542,0.009095122208818793
3324,0.008956927806138992,0.009093225104734301
3325,0.008964721113443375,0.00909171304665506
3326,0.008907530456781387,0.00908977622166276
3327,0.008984452113509178,0.009087969716638326
3328,0.00890152808278799,0.009086151393130421
3329,0.008988553658127785,0.009085332984104752
3330,0.008954383432865143,0.009084028648212552
3331,0.008943814784288406,0.009082127502188087
3332,0.008911981247365475,0.009080424327403308
3333,0.008943866938352585,0.009078745217993855
3334,0.008899453096091747,0.009076879620552062
3335,0.008968079462647438,0.00907583326101303
3336,0.008968331851065159,0.009074409622699023
3337,0.00885098334401846,0.009072260865941643
3338,0.008887767791748047,0.009070732686668635
3339,0.00885443389415741,0.009068693583831191
3340,0.00885755941271782,0.009066096795722843
3341,0.008865052834153175,0.009064354309812188
3342,0.00890239980071783,0.009062024373561144
3343,0.008887015283107758,0.009060355462133884
3344,0.008845675736665726,0.009056826187297702
3345,0.008856258355081081,0.009053821125999093
3346,0.008900122717022896,0.009050297895446419
3347,0.00886591151356697,0.009045624565333128
3348,0.008841490373015404,0.009042394617572426
3349,0.008923683315515518,0.009040035596117378
3350,0.008842000737786293,0.00903650020249188
3351,0.008922722190618515,0.009034246439114213
3352,0.008902211673557758,0.00903172792866826
3353,0.008838089182972908,0.009028704222291708
3354,0.008929632604122162,0.009026668164879084
3355,0.00885242223739624,0.0090242450684309
3356,0.009049161337316036,0.009023362891748548
3357,0.009021638892591,0.009022836741060018
3358,0.008931674994528294,0.009020728273317218
3359,0.008918261155486107,0.009018647596240043
3360,0.008933279663324356,0.00901689488440752
3361,0.008908139541745186,0.009014545874670148
3362,0.008885501883924007,0.009012999199330806
3363,0.008876107633113861,0.009010089943185449
3364,0.008872494101524353,0.009008091362193226
3365,0.008861396461725235,0.009005066314712167
3366,0.008847774006426334,0.00900151528418064
3367,0.008846019394695759,0.008998922454193235
3368,0.008830162696540356,0.008995106825605035
3369,0.008827230893075466,0.008992837220430374
3370,0.008866269141435623,0.00898964629508555
3371,0.008809976279735565,0.008985830741003155
3372,0.008938336744904518,0.008984887758269906
3373,0.00883263535797596,0.008981409622356296
3374,0.009245188906788826,0.008982758484780789
3375,0.009364815428853035,0.008984939437359571
3376,0.008884609676897526,0.008981038769707083
3377,0.009323779493570328,0.008983105886727571
3378,0.009726285934448242,0.008988269614055753
3379,0.00927033368498087,0.008988884892314673
3380,0.009031973779201508,0.008988154083490373
3381,0.009261280298233032,0.008987745502963662
3382,0.009142296388745308,0.008985813204199077
3383,0.008976886048913002,0.008984772292897104
3384,0.009073127061128616,0.00898383411578834
3385,0.008968701586127281,0.008981514880433679
3386,0.00895087793469429,0.008980266405269504
3387,0.0090084969997406,0.00897911106236279
3388,0.008880998007953167,0.008976805191487074
3389,0.008970391005277634,0.008976153619587422
3390,0.008893705904483795,0.008973459918051959
3391,0.00889046024531126,0.008971071457490326
3392,0.00889197550714016,0.008969310903921723
3393,0.008913123980164528,0.008967553228139878
3394,0.008927572518587112,0.008966106008738279
3395,0.008897477760910988,0.008964896453544497
3396,0.008910756558179855,0.008962855087593197
3397,0.008849590085446835,0.008960503907874227
3398,0.008915363810956478,0.008959466125816107
3399,0.008792741224169731,0.008957107663154601
3400,0.008933765813708305,0.008956286190077663
3401,0.008830801583826542,0.008954548761248588
3402,0.008987195789813995,0.008953843209892511
3403,0.009006580337882042,0.008953878115862608
3404,0.00886746495962143,0.00895228611305356
3405,0.008944602683186531,0.008951543290168047
3406,0.00887652300298214,0.008950195452198386
3407,0.008848628029227257,0.008948895502835513
3408,0.008874481543898582,0.008947734190151095
3409,0.008821496739983559,0.008946600994095206
3410,0.008901295252144337,0.008945596432313322
3411,0.008851990103721619,0.008944309130311013
3412,0.008883200585842133,0.008943318063393236
3413,0.008863914757966995,0.008942347588017582
3414,0.008849929086863995,0.00894115298986435
3415,0.008836676366627216,0.008940024366602302
3416,0.008849682286381721,0.008938684538006782
3417,0.008836247026920319,0.00893734379671514
3418,0.008815878070890903,0.008935178816318511
3419,0.008813359774649143,0.008932908345013858
3420,0.008828751742839813,0.008932022601366043
3421,0.008806005120277405,0.008929897509515285
3422,0.008854054845869541,0.008929227953776717
3423,0.008847793564200401,0.008927682461217046
3424,0.008800925686955452,0.00892612244002521
3425,0.008786218240857124,0.008924337411299348
3426,0.00883888453245163,0.00892365095205605
3427,0.008797358721494675,0.008921780018135905
3428,0.008807407692074776,0.008920838814228773
3429,0.00876457616686821,0.008918599039316178
3430,0.00882628932595253,0.008917318098247052
3431,0.008764059282839298,0.00891552054323256
3432,0.008854512125253677,0.008914945852011443
3433,0.008825408294796944,0.008913761265575885
3434,0.008774138987064362,0.008912508124485612
3435,0.008764225989580154,0.008910469589754938
3436,0.008813186548650265,0.00890891813673079
3437,0.008779628202319145,0.008908204585313797
3438,0.008788026869297028,0.008907207176089288
3439,0.008790845051407814,0.00890657128766179
3440,0.008759098127484322,0.008905586674809457
3441,0.008757437579333782,0.008904510522261261
3442,0.008759638294577599,0.00890308290719986
3443,0.008785496465861797,0.0089020677190274
3444,0.008731098845601082,0.008900921950116754
3445,0.008777515031397343,0.008900134516879916
3446,0.00873689353466034,0.00889850222505629
3447,0.008775994181632996,0.00889760305173695
3448,0.008738810196518898,0.008896576249971986
3449,0.008707238361239433,0.008894411800429224
3450,0.008728761225938797,0.00889327940531075
3451,0.008760763332247734,0.008891659816727042
3452,0.008757256902754307,0.008890210269019008
3453,0.00871692318469286,0.008888998609036207
3454,0.00876095611602068,0.008887311844155192
3455,0.008739553391933441,0.008886183155700564
3456,0.008711818605661392,0.008882809728384018
3457,0.008729915134608746,0.008879892490804196
3458,0.00868610106408596,0.008877436751499773
3459,0.008730191737413406,0.008875556057319045
3460,0.008736254647374153,0.008873585807159544
3461,0.008673615753650665,0.008871240569278597
3462,0.008660242892801762,0.008868987979367375
3463,0.008656091056764126,0.008866787813603878
3464,0.008658772334456444,0.008864650595933199
3465,0.008656213991343975,0.008862598771229387
3466,0.008694170974195004,0.008861062740907073
3467,0.008707309141755104,0.008859675638377666
3468,0.00866656843572855,0.008858039695769548
3469,0.00869846809655428,0.008856752067804336
3470,0.008704323321580887,0.00885513260960579
3471,0.008674869313836098,0.008853781539946794
3472,0.00870633963495493,0.008851461568847299
3473,0.008638376370072365,0.008849518978968263
3474,0.008654541335999966,0.008843612503260373
3475,0.008805740624666214,0.008838021755218506
3476,0.008657805621623993,0.008835753714665771
3477,0.009078066796064377,0.008833296587690711
3478,0.009025832638144493,0.008826292054727673
3479,0.008722350001335144,0.008820812217891216
3480,0.008781823329627514,0.008818310713395476
3481,0.00874047540128231,0.008813102664425969
3482,0.008747906424105167,0.008809158764779567
3483,0.008691499009728432,0.008806304894387723
3484,0.00884266383945942,0.00880400026217103
3485,0.008737570606172085,0.008801688952371479
3486,0.008914139121770859,0.008801321564242244
3487,0.008928971365094185,0.00880052630789578
3488,0.008730005472898483,0.008799016382545233
3489,0.008856428787112236,0.008797876760363579
3490,0.008779186755418777,0.008796731568872928
3491,0.008817797526717186,0.008796004941686988
3492,0.008801358751952648,0.008795098774135113
3493,0.00874876044690609,0.008793455138802529
3494,0.008739499375224113,0.008791574407368899
3495,0.008688744157552719,0.008789487071335316
3496,0.008774347603321075,0.008788122981786727
3497,0.00862569734454155,0.008785884054377675
3498,0.008804282173514366,0.008784773238003253
3499,0.008639679290354252,0.008783242618665098
3500,0.00883462280035019,0.008782251188531518
3501,0.008676617406308651,0.008780709346756338
3502,0.008940115571022034,0.008780238544568419
3503,0.008930273354053497,0.008779475474730134
3504,0.008792225271463394,0.008778723077848554
3505,0.008733533322811127,0.008776612384244799
3506,0.008776489645242691,0.008775612050667405
3507,0.00875118374824524,0.008774637607857586
3508,0.008722145110368729,0.008773114243522286
3509,0.008825534954667091,0.008773154625669122
3510,0.008797818794846535,0.008772119861096144
3511,0.008871052414178848,0.008772310484200716
3512,0.008869417011737823,0.008772172648459673
3513,0.008824778720736504,0.008771781288087368
3514,0.008786015212535858,0.008771142149344087
3515,0.008841151371598244,0.008771186899393798
3516,0.008751695975661278,0.008770207036286592
3517,0.00875477772206068,0.008769392343237996
3518,0.008755503222346306,0.00876878859475255
3519,0.008691936731338501,0.008767574364319443
3520,0.008873619139194489,0.008768023038282991
3521,0.00881386362016201,0.008768101623281836
3522,0.008848937228322029,0.008768050447106362
3523,0.008889012038707733,0.008768462631851435
3524,0.008770660497248173,0.008768159979954362
3525,0.008740310557186604,0.008767700903117657
3526,0.008852111175656319,0.008767833169549703
3527,0.008740255609154701,0.008767262138426303
3528,0.008914931677281857,0.008768337378278375
3529,0.00893417652696371,0.00877003338187933
3530,0.008734911680221558,0.00876911960542202
3531,0.008697853423655033,0.008768457546830177
3532,0.008883067406713963,0.008768743099644781
3533,0.00879017822444439,0.008768390798941254
3534,0.008826720528304577,0.008768916614353656
3535,0.008877353742718697,0.008770047891885043
3536,0.008762272074818611,0.008769538747146725
3537,0.00874175876379013,0.008769160052761436
3538,0.008833084255456924,0.008769610626623035
3539,0.008768589235842228,0.008769388068467379
3540,0.008774656802415848,0.008769543655216695
3541,0.008766427636146545,0.008769633555784822
3542,0.008757335133850574,0.008769610524177551
3543,0.008692199364304543,0.008768677553161979
3544,0.008873557671904564,0.008770102141425014
3545,0.008815901353955269,0.008770486004650593
3546,0.008714845404028893,0.008770265523344279
3547,0.008664257824420929,0.008769148159772158
3548,0.008877048268914223,0.008770530540496112
3549,0.00883068609982729,0.00877176501788199
3550,0.00872972421348095,0.008771774647757411
3551,0.008725086227059364,0.008771417876705528
3552,0.008755259215831757,0.008771397899836301
3553,0.008697828277945518,0.008771206950768828
3554,0.008780434727668762,0.00877140173688531
3555,0.008734961971640587,0.00877135582268238
3556,0.008733011782169342,0.00877156775444746
3557,0.008665140718221664,0.00877092001028359
3558,0.008810793980956078,0.00877216693945229
3559,0.00871863029897213,0.008772051325067878
3560,0.008764421567320824,0.008772332994267345
3561,0.008716324344277382,0.008772760080173612
3562,0.008733902126550674,0.008773496672511101
3563,0.008677387610077858,0.008773709638044238
3564,0.00876849889755249,0.008774806903675198
3565,0.00870891846716404,0.0087753339484334
3566,0.008712902665138245,0.008775521265342832
3567,0.008657911792397499,0.008775027291849256
3568,0.00873902440071106,0.008775751851499081
3569,0.008661303669214249,0.00877538020722568
3570,0.00874350219964981,0.00877577199600637
3571,0.008679855614900589,0.008775821859017015
3572,0.008711460046470165,0.008775873063132166
3573,0.008654722943902016,0.008776036528870464
3574,0.00869841780513525,0.008776475293561816
3575,0.00862633902579546,0.008774681277573108
3576,0.008726236410439014,0.00877536558546126
3577,0.008646711707115173,0.008771052034571767
3578,0.00870942696928978,0.008767887977883219
3579,0.008653156459331512,0.008767196042463184
3580,0.00867212563753128,0.00876609906554222
3581,0.008612899109721184,0.00876482330262661
3582,0.008676046505570412,0.008764104703441262
3583,0.008607881143689156,0.00876326852478087
3584,0.008677533827722073,0.008761617224663495
3585,0.008621320128440857,0.008760454719886185
3586,0.008649266324937344,0.008757805991917849
3587,0.008610332384705544,0.008754619602113963
3588,0.008640116080641747,0.008753720708191394
3589,0.008596176281571388,0.008751118183135986
3590,0.008649785071611404,0.008749824166297913
3591,0.00861264206469059,0.008747772611677647
3592,0.008625173941254616,0.008746010763570667
3593,0.008599290624260902,0.008744516065344215
3594,0.008626675233244896,0.008743387823924422
3595,0.008603942580521107,0.008742539808154107
3596,0.008615192025899887,0.008740948252379895
3597,0.008594343438744545,0.008740634713321925
3598,0.008620541542768478,0.008738797307014465
3599,0.00859967339783907,0.008738397248089313
3600,0.008612697944045067,0.008736177999526262
3601,0.008595052175223827,0.008735362347215414
3602,0.008611729368567467,0.00873207848519087
3603,0.008597442880272865,0.008728750180453063
3604,0.008601575158536434,0.008726843679323793
3605,0.008589391596615314,0.008725402262061834
3606,0.008608913980424404,0.008723726505413651
3607,0.008594734594225883,0.008722162013873458
3608,0.008596492931246758,0.008720905492082239
3609,0.00858505442738533,0.00871850068680942
3610,0.008601195178925991,0.008716534450650215
3611,0.008584480732679367,0.00871366873383522
3612,0.008595606312155724,0.008710930626839399
3613,0.008580814115703106,0.008708490980789066
3614,0.008600031957030296,0.00870663114823401
3615,0.00858723372220993,0.008704091971740126
3616,0.00858302041888237,0.008702405216172337
3617,0.008571535348892212,0.008700572792440653
3618,0.008599163964390755,0.008699009399861098
3619,0.008586672134697437,0.008697956753894686
3620,0.008577890694141388,0.008694999469444156
3621,0.008569125086069107,0.008692552084103227
3622,0.008592485450208187,0.008689987566322088
3623,0.00857886578887701,0.00868688610382378
3624,0.008579615503549576,0.008684975653886795
3625,0.008570581674575806,0.008683278365060687
3626,0.008586435578763485,0.00868062160909176
3627,0.008577205240726471,0.008678991105407477
3628,0.008576886728405952,0.008675610655918717
3629,0.00857563316822052,0.008672025222331285
3630,0.008571750484406948,0.00867039361037314
3631,0.008557474240660667,0.008668989818543195
3632,0.008592654019594193,0.008666085684671998
3633,0.008583934977650642,0.008664023252204061
3634,0.008560920134186745,0.008661365248262881
3635,0.00855316687375307,0.008658123379573225
3636,0.0085836723446846,0.008656337382271886
3637,0.008568277582526207,0.008654602570459247
3638,0.008578259497880936,0.008652054322883487
3639,0.008571475744247437,0.008650083187967538
3640,0.0085613913834095,0.008647950533777475
3641,0.008556010201573372,0.008645846359431743
3642,0.008581647649407387,0.008644089484587312
3643,0.008562304079532623,0.008642790531739592
3644,0.00857640616595745,0.00863981901668012
3645,0.008567512966692448,0.008637335132807494
3646,0.008569782599806786,0.008635884504765273
3647,0.00855937972664833,0.008634835723787546
3648,0.008562044240534306,0.008631685683503747
3649,0.008542485535144806,0.008628803677856922
3650,0.008591088466346264,0.008627417320385576
3651,0.008578040637075901,0.00862594686448574
3652,0.00854983925819397,0.008623892664909363
3653,0.008549574762582779,0.008622410129755736
3654,0.008561728522181511,0.008620223067700862
3655,0.008555456064641476,0.008618428008630871
3656,0.008556656539440155,0.00861666445620358
3657,0.008554795756936073,0.008615561006590724
3658,0.008563967421650887,0.008613092740997672
3659,0.00855888333171606,0.008611495271325112
3660,0.008558560162782669,0.00860943665727973
3661,0.008567392826080322,0.00860794734209776
3662,0.00854382012039423,0.008606046522036195
3663,0.008551555685698986,0.008604788202792406
3664,0.00853329710662365,0.008602436184883117
3665,0.00852762907743454,0.008600623290985822
3666,0.008563533425331116,0.008599129598587751
3667,0.008519647642970085,0.008597746957093477
3668,0.008597217500209808,0.008596328888088464
3669,0.00855168141424656,0.008595232665538789
3670,0.0086176423355937,0.008593974066898227
3671,0.008642977103590965,0.00859360528178513
3672,0.00849736388772726,0.008591464320197702
3673,0.00856933742761612,0.008590610465034842
3674,0.008502940647304058,0.00858865569345653
3675,0.008516756817698479,0.00858755987137556
3676,0.00854367297142744,0.008585734236985445
3677,0.008545249700546265,0.008584719616919756
3678,0.00853804498910904,0.00858300579711795
3679,0.008530499413609505,0.008581779226660728
3680,0.008515512570738792,0.008580213095992804
3681,0.00849727913737297,0.00857905689626932
3682,0.008513189852237701,0.008577428329735994
3683,0.008477647788822651,0.00857612599618733
3684,0.008510182611644268,0.008574452484026551
3685,0.008495226502418518,0.008573191547766328
3686,0.00861428678035736,0.008572841752320528
3687,0.008506760001182556,0.008571806028485299
3688,0.008612421341240406,0.008571529081091284
3689,0.008626582100987434,0.008571833139285445
3690,0.0084809809923172,0.008570145098492504
3691,0.008672716096043587,0.008570745838806033
3692,0.008564472198486328,0.00857013882137835
3693,0.008688405156135559,0.008571029966697096
3694,0.008804382756352425,0.008572807041928173
3695,0.008645474910736084,0.008573222365230322
3696,0.00857819989323616,0.008572852443903685
3697,0.008686915040016174,0.0085737781599164
3698,0.008553339168429375,0.008573106136173009
3699,0.008576963096857071,0.00857287903316319
3700,0.008529635146260262,0.008572048405185342
3701,0.008600404486060143,0.008572101928293704
3702,0.008584251627326012,0.00857182715088129
3703,0.008616283535957336,0.008572015557438134
3704,0.008639796636998653,0.008572397772222757
3705,0.008665705099701881,0.008573160907253623
3706,0.008519882336258888,0.008572270590811969
3707,0.008663224056363106,0.00857295548543334
3708,0.00858337339013815,0.008572824290022254
3709,0.008528131991624832,0.008572255065664648
3710,0.008581158705055714,0.008572054700925947
3711,0.008511077612638474,0.008571320669725538
3712,0.008700823411345482,0.008572372840717435
3713,0.008629209361970425,0.008572856793180109
3714,0.008812938816845417,0.00857498586177826
3715,0.008790576830506325,0.008577019292861223
3716,0.008599469438195229,0.008577183783054353
3717,0.008507710881531239,0.008576545538380742
3718,0.008784348145127296,0.008578397380188108
3719,0.00875130482017994,0.008580043707042932
3720,0.008628340438008308,0.008580548204481602
3721,0.008651752024888992,0.0085813744738698
3722,0.008582426235079765,0.008581273881718516
3723,0.008520622737705708,0.008580691451206802
3724,0.008649885654449463,0.008581394152715803
3725,0.008585281670093536,0.00858154115267098
3726,0.008680840954184532,0.00858248520642519
3727,0.008604777976870537,0.008582760933786631
3728,0.008701849728822708,0.008584010563790798
3729,0.008641095831990242,0.008584665190428496
3730,0.008570043370127678,0.008584648119285703
3731,0.008544845506548882,0.008584521831944586
3732,0.008619891479611397,0.008584794206544757
3733,0.008545001037418842,0.008584404867142438
3734,0.008692128583788872,0.008585716951638461
3735,0.008654951117932796,0.008586734794080257
3736,0.008540617302060127,0.008586304243654013
3737,0.008542180061340332,0.008586043268442154
3738,0.008554665371775627,0.0085858073271811
3739,0.008490768261253834,0.008585000252351165
3740,0.008704006671905518,0.008586426405236125
3741,0.008663183078169823,0.00858749813400209
3742,0.0085304481908679,0.008586986139416695
3743,0.008515417575836182,0.00858651727437973
3744,0.008579421788454056,0.008586547430604696
3745,0.008495468646287918,0.00858582698740065
3746,0.008716602809727192,0.008587295189499855
3747,0.008703983388841152,0.008588741226121783
3748,0.008505204692482948,0.008588172830641269
3749,0.008492017164826393,0.008587668146938086
3750,0.00859479047358036,0.008587705167010427
3751,0.008504470810294151,0.008586969468742609
3752,0.008666712790727615,0.008588138204067945
3753,0.00865662470459938,0.00858920870348811
3754,0.008506525307893753,0.008588656671345235
3755,0.00846347026526928,0.008587736813351511
3756,0.008607348427176476,0.008588243732228875
3757,0.008482759818434715,0.008587523372843861
3758,0.008696421049535275,0.008588847909122706
3759,0.00866902619600296,0.008589949337765574
3760,0.008514320477843285,0.00858950694091618
3761,0.008485369384288788,0.008588686706498266
3762,0.008548859506845474,0.008588737100362778
3763,0.008471392095088959,0.008587935464456678
3764,0.008592216297984123,0.008588524656370283
3765,0.008533935993909836,0.008588587725535035
3766,0.00857740081846714,0.008588726399466395
3767,0.008496463298797607,0.008588494556024671
3768,0.008552130311727524,0.008588043684139847
3769,0.008482133038341999,0.008587348200380802
3770,0.008535105735063553,0.0085865228343755
3771,0.008453182876110077,0.008584624892100691
3772,0.0085523072630167,0.008585174325853586
3773,0.00843726471066475,0.008583853598684072
3774,0.008546272292733192,0.008584286915138364
3775,0.008462877944111824,0.008583748126402497
3776,0.00852353498339653,0.008583546746522189
3777,0.008466800674796104,0.008582762256264687
3778,0.008500766009092331,0.008582389466464519
3779,0.008442937396466732,0.008581513846293092
3780,0.00845322199165821,0.008580890940502286
3781,0.008442727848887444,0.00858034542761743
3782,0.00839933194220066,0.008579206848517061
3783,0.008498633280396461,0.008579416703432798
3784,0.008387974463403225,0.008578194621950388
3785,0.008551569655537605,0.008578758053481579
3786,0.008420650847256184,0.008576821694150567
3787,0.008741133846342564,0.008579165432602167
3788,0.008724626153707504,0.008580287480726837
3789,0.008477738127112389,0.008578799040988088
3790,0.008522389456629753,0.008579213125631212
3791,0.008512409403920174,0.008577610058709979
3792,0.008497888222336769,0.008576944218948484
3793,0.008528823032975197,0.00857534839771688
3794,0.00845259428024292,0.008571830512955785
3795,0.008461613208055496,0.00856999189592898
3796,0.00846488494426012,0.008568858746439218
3797,0.008417461067438126,0.008566164206713437
3798,0.00847744569182396,0.008565405271947385
3799,0.008453993126749992,0.008564175572246313
3800,0.008468667045235634,0.008563565891236066
3801,0.00847707875072956,0.008562332633882761
3802,0.008446184918284416,0.008560951966792345
3803,0.008439522236585617,0.008559184353798628
3804,0.008451166562736034,0.008557298053056002
3805,0.008419548161327839,0.008554836483672262
3806,0.00849439762532711,0.008554581636562943
3807,0.008473624475300312,0.008552685640752315
3808,0.008472957648336887,0.008551581483334302
3809,0.008498589508235455,0.00855128605850041
3810,0.008424676023423672,0.008549721231684088
3811,0.008421197533607483,0.008548822430893778
3812,0.00843293871730566,0.008546143583953381
3813,0.008382715284824371,0.00854367864318192
3814,0.008416732773184776,0.008539716582745313
3815,0.008372044190764427,0.008535531256347895
3816,0.008384590968489647,0.008533382471650839
3817,0.00838465616106987,0.008532151924446224
3818,0.008371947333216667,0.008528027916327119
3819,0.008369749411940575,0.008524212362244725
3820,0.00837557204067707,0.008521684678271413
3821,0.00834253802895546,0.008518592538312077
3822,0.008348342031240463,0.008516251696273685
3823,0.008343915455043316,0.00851448462344706
3824,0.008335486054420471,0.00851134062744677
3825,0.008323893882334232,0.008508726749569177
3826,0.008334580808877945,0.008505264148116112
3827,0.008321181870996952,0.008502428187057376
3828,0.008315005339682102,0.008498559743165969
3829,0.008328326046466827,0.008495432045310735
3830,0.008325153961777687,0.008492983151227236
3831,0.008321927860379219,0.00849075397476554
3832,0.008322078734636307,0.008487775847315788
3833,0.00834506843239069,0.008485776521265507
3834,0.00834699347615242,0.008482325170189143
3835,0.008329794742166996,0.008479073606431485
3836,0.008325670845806599,0.00847692414186895
3837,0.008309717290103436,0.00847459951415658
3838,0.00829608365893364,0.00847201369702816
3839,0.008295297622680664,0.008470058990642428
3840,0.008290944620966911,0.008465928370133042
3841,0.008286232128739357,0.008462158860638738
3842,0.008283393457531929,0.008459688313305378
3843,0.008280285634100437,0.00845733699388802
3844,0.00828314758837223,0.008454374251887203
3845,0.00828019343316555,0.008452221499755979
3846,0.008279388770461082,0.008447849359363317
3847,0.008281387388706207,0.008443623399361968
3848,0.008294688537716866,0.008441518237814307
3849,0.008330199867486954,0.008439900064840912
3850,0.008320661261677742,0.008437158772721887
3851,0.00828394666314125,0.008434953531250358
3852,0.00826971884816885,0.00843098359182477
3853,0.008265472948551178,0.008427072074264288
3854,0.008264507167041302,0.008424651892855763
3855,0.008268982172012329,0.008422707011923193
3856,0.008280233480036259,0.008419435862451792
3857,0.008305354975163937,0.008417661814019085
3858,0.008324818685650826,0.00841394579038024
3859,0.008276994340121746,0.008410025471821427
3860,0.00827331468462944,0.00840761541388929
3861,0.008281665854156017,0.008405578378587962
3862,0.00826817937195301,0.008402771577239036
3863,0.008274818770587444,0.008400805843994021
3864,0.008312903344631195,0.008398012714460492
3865,0.008275885134935379,0.008395432205870747
3866,0.008262156508862972,0.008392279762774705
3867,0.008252119645476341,0.008389836326241493
3868,0.008258044719696045,0.008386895470321178
3869,0.00827796757221222,0.008384853815659881
3870,0.00832095742225647,0.00838271233253181
3871,0.008259451016783714,0.008380775013938547
3872,0.008248147554695606,0.008377733416855335
3873,0.008259531110525131,0.008375956080853939
3874,0.00829034298658371,0.008373396787792444
3875,0.008298610337078571,0.008371754111722111
3876,0.00826127640902996,0.008369131525978447
3877,0.008255776949226856,0.008367021288722753
3878,0.008248899132013321,0.008364502619951964
3879,0.008234593085944653,0.008362419176846743
3880,0.008229704573750496,0.008360184002667666
3881,0.008238186128437519,0.008358138585463167
3882,0.008250636979937553,0.008356651635840534
3883,0.00825059600174427,0.008354171263054013
3884,0.00824725441634655,0.008352764062583446
3885,0.008270779624581337,0.008349956162273884
3886,0.008294178172945976,0.008348691435530782
3887,0.008236441761255264,0.008343644514679909
3888,0.008231568150222301,0.008338713934645057
3889,0.008238788694143295,0.008336324440315367
3890,0.008258447982370853,0.008333685025572777
3891,0.008264371193945408,0.008331204643473028
3892,0.008240634575486183,0.008328632107004524
3893,0.008251231163740158,0.008325856188312173
3894,0.008271634578704834,0.008324046591296793
3895,0.008224647492170334,0.00832167693413794
3896,0.008232884109020233,0.008319356925785542
3897,0.00823553092777729,0.008317537624388933
3898,0.008232280611991882,0.008315085973590612
3899,0.008235720917582512,0.008312903251498938
3900,0.008250357583165169,0.008310720156878233
3901,0.008292775601148605,0.008308877125382424
3902,0.008218217641115189,0.00830659745261073
3903,0.008210789412260056,0.008304310124367475
3904,0.008290930651128292,0.008302707765251398
3905,0.008224762044847012,0.00830075990408659
3906,0.008204939775168896,0.008297865325585008
3907,0.008210869506001472,0.00829523777589202
3908,0.008226180449128151,0.008292770003899932
3909,0.008229955099523067,0.008290083659812809
3910,0.008285772986710072,0.008288694629445672
3911,0.008203476667404175,0.008286517420783639
3912,0.008242958225309849,0.00828461761586368
3913,0.00828235037624836,0.00828361396677792
3914,0.008212544023990631,0.00828157207928598
3915,0.008260970935225487,0.00828046134673059
3916,0.008221994154155254,0.008278835378587247
3917,0.008293434046208858,0.008277923157438636
3918,0.008196946233510971,0.008276173146441579
3919,0.008280318230390549,0.008275278834626079
3920,0.008218695409595966,0.008273710068315267
3921,0.008253874257206917,0.008272823430597782
3922,0.008228517137467861,0.008271625181660056
3923,0.008327840827405453,0.008271464435383678
3924,0.008252331055700779,0.00827063288539648
3925,0.0083856713026762,0.0082712506595999
3926,0.0083370516076684,0.008271275367587805
3927,0.00837239995598793,0.008271787548437715
3928,0.008425967767834663,0.00827289717271924
3929,0.008290081284940243,0.008272514725103975
3930,0.008342850022017956,0.008272691685706378
3931,0.008348602801561356,0.008272958435118199
3932,0.008318740874528885,0.008272925056517125
3933,0.008409617468714714,0.008273570546880365
3934,0.008319500833749771,0.008273295620456337
3935,0.008332772180438042,0.008273325394839048
3936,0.008409351110458374,0.008274162197485566
3937,0.008334208279848099,0.008274407107383013
3938,0.008372134529054165,0.008275167616084218
3939,0.00834423117339611,0.008275656951591373
3940,0.008324379101395607,0.00827599129639566
3941,0.0083283931016922,0.008276412906125187
3942,0.008322620764374733,0.008276805179193616
3943,0.008284226059913635,0.008276844583451747
3944,0.008354095742106438,0.00827755406498909
3945,0.008273433893918991,0.008277486469596624
3946,0.008384587243199348,0.008278538454324007
3947,0.008324410766363144,0.008278968688100576
3948,0.008353529497981071,0.008279557097703219
3949,0.008334659971296787,0.008279601698741318
3950,0.008306579664349556,0.008279460882768035
3951,0.008281724527478218,0.008279438661411405
3952,0.0083338413387537,0.008280079886317253
3953,0.008291629143059254,0.008280341448262334
3954,0.008324969559907913,0.008280946072191
3955,0.008316684514284134,0.008281423095613718
3956,0.008282415568828583,0.00828144491650164
3957,0.008272698149085045,0.008281118348240852
3958,0.008299784734845161,0.008280868008732796
3959,0.008256638422608376,0.008280664449557662
3960,0.008361289277672768,0.008281544195488095
3961,0.008347151800990105,0.008282199054956436
3962,0.008237482979893684,0.008281892091035843
3963,0.008216723799705505,0.008281311141327024
3964,0.008294271305203438,0.008281124820932746
3965,0.00821713637560606,0.008280537333339453
3966,0.008385485969483852,0.008281770627945662
3967,0.008376849815249443,0.008283017929643392
3968,0.008243830874562263,0.008282875791192055
3969,0.008305273950099945,0.008283148854970931
3970,0.008258111774921417,0.008282520398497582
3971,0.008232301101088524,0.008282248899340629
3972,0.008293960243463516,0.008282707026228308
3973,0.008241899311542511,0.008282530708238483
3974,0.008385492488741875,0.008283482203260063
3975,0.008381009101867676,0.008284306190907954
3976,0.00824124738574028,0.008284105900675059
3977,0.008357955142855644,0.008285127682611346
3978,0.008214820176362991,0.008284786893054842
3979,0.008278097957372665,0.008285221941769123
3980,0.008202562108635902,0.008284950517117978
3981,0.00825271476060152,0.008285095803439618
3982,0.008185883983969688,0.008284448273479938
3983,0.008206001482903957,0.008284002328291535
3984,0.008183948695659637,0.008283369271084666
3985,0.008174620568752289,0.008282407680526375
3986,0.008189231157302856,0.008281358210369945
3987,0.008160965517163277,0.008280603447929025
3988,0.008166124112904072,0.008279949007555843
3989,0.008172319270670414,0.008279284313321113
3990,0.008198775351047516,0.00827868758700788
3991,0.008190705440938473,0.008277950929477812
3992,0.008199302479624748,0.008277537608519197
3993,0.008163983933627605,0.00827666513621807
3994,0.008178358897566795,0.008275732379406691
3995,0.008156686089932919,0.008275052765384316
3996,0.008146772161126137,0.008274191645905376
3997,0.008151590824127197,0.008273352244868875
3998,0.008146228268742561,0.008272491721436381
3999,0.008166181854903698,0.008271796330809593
4000,0.008225818164646626,0.008271550936624407
4001,0.008133524097502232,0.008269958421587944
4002,0.00818049255758524,0.008269581170752644
4003,0.008243534713983536,0.008269908623769879
4004,0.008160935714840889,0.008268608674407006
4005,0.008232259191572666,0.008268683645874263
4006,0.008202232420444489,0.008268656572327018
4007,0.008183219470083714,0.00826838007196784
4008,0.008151711896061897,0.008267635386437178
4009,0.00828202348202467,0.008268156070262194
4010,0.008182760328054428,0.008267125943675638
4011,0.008340230211615562,0.00826849347911775
4012,0.008337561041116714,0.00826943950727582
4013,0.00817733071744442,0.00826838931068778
4014,0.008299298584461212,0.008269256856292486
4015,0.00816695112735033,0.008268316658213735
4016,0.008398119360208511,0.008270077910274266
4017,0.008353224024176598,0.008270675810053944
4018,0.008340755477547646,0.008272113902494311
4019,0.008303254842758179,0.008272343268617987
4020,0.008363040164113045,0.008273786716163158
4021,0.008259793743491173,0.008273845911026001
4022,0.008313950151205063,0.008274700241163373
4023,0.008234546519815922,0.008273767298087478
4024,0.008329063653945923,0.00827453462406993
4025,0.008313596248626709,0.008273813873529434
4026,0.008292172104120255,0.008273365078493952
4027,0.00825691968202591,0.008272210275754333
4028,0.00833180919289589,0.008271268690004946
4029,0.008240645751357079,0.008270774334669113
4030,0.008292889222502708,0.00827027472667396
4031,0.00825346540659666,0.008269323352724314
4032,0.0083139818161726,0.008269275762140751
4033,0.008263876661658287,0.008267818354070186
4034,0.008299034088850021,0.008267613686621189
4035,0.00821454357355833,0.008266431400552393
4036,0.00828496366739273,0.008265187526121735
4037,0.008209923282265663,0.00826394467614591
4038,0.00826454907655716,0.008262868821620941
4039,0.008220884948968887,0.008261635359376669
4040,0.008210346102714539,0.008260495029389858
4041,0.008185068145394325,0.00825906177982688
4042,0.008166808634996414,0.008257503658533095
4043,0.008234764449298382,0.008257009042426943
4044,0.008160306140780449,0.008255071146413684
4045,0.008429920300841331,0.008256636010482907
4046,0.00844283401966095,0.008257218478247523
4047,0.008142945356667042,0.008255403824150562
4048,0.008169961161911488,0.008253568140789867
4049,0.00821745302528143,0.008252396071329713
4050,0.008108997717499733,0.008250420251861214
4051,0.008215845562517643,0.008249761462211609
4052,0.00815491657704115,0.008247972214594484
4053,0.008122791536152363,0.008246283838525414
4054,0.00817151740193367,0.008244749316945672
4055,0.00813671387732029,0.008242949610576034
4056,0.008102505467832088,0.008241150509566069
4057,0.008088376373052597,0.008239307291805744
4058,0.008105679415166378,0.008237366238608957
4059,0.008088929578661919,0.008235689150169492
4060,0.008094632998108864,0.008233022587373852
4061,0.008095595985651016,0.008230507029220463
4062,0.008090674877166748,0.008229038948193192
4063,0.008084732107818127,0.008227719031274318
4064,0.008091063238680363,0.008225686950609087
4065,0.008083390071988106,0.008224349487572908
4066,0.008095723576843739,0.008221451863646508
4067,0.008108535781502724,0.00821876872330904
4068,0.008094186894595623,0.008217272283509373
4069,0.008076539263129234,0.008214984936639667
4070,0.00806337594985962,0.008213037578389048
4071,0.008054409176111221,0.008211258659139275
4072,0.008052362129092216,0.008208842677995563
4073,0.008054493926465511,0.008206968624144793
4074,0.008051235228776932,0.008203626051545143
4075,0.00806034542620182,0.008200419414788485
4076,0.008076323196291924,0.008198770172894
4077,0.008086765184998512,0.00819605827331543
4078,0.008061092346906662,0.008194520995020866
4079,0.008060041815042496,0.008192340433597565
4080,0.008082544431090355,0.00819114025682211
4081,0.008054045960307121,0.008189153568819165
4082,0.008040443062782288,0.00818769915960729
4083,0.00803715456277132,0.008186010690405966
4084,0.008052821271121502,0.008184699416160584
4085,0.008104290813207626,0.008183996118605137
4086,0.008050961419939995,0.008182613421231508
4087,0.0080350860953331,0.008181354627013207
4088,0.00803206767886877,0.008180014062672854
4089,0.00804247334599495,0.008178715603426099
4090,0.008070170879364014,0.008177429558709265
4091,0.008052300661802292,0.008176045510917902
4092,0.008043376728892326,0.008174486253410577
4093,0.008064082823693752,0.008173487242311239
4094,0.008082957938313484,0.008172533232718706
4095,0.00802775751799345,0.008171243946999312
4096,0.008030981756746769,0.008170086042955518
4097,0.008102770894765854,0.008169597843661905
4098,0.008054422214627266,0.008168679783120752
4099,0.008049936965107918,0.008167517334222794
4100,0.008031616918742657,0.008165575321763754
4101,0.008049947209656239,0.008164739552885294
4102,0.00810946337878704,0.008164029261097312
4103,0.008026349358260632,0.008161857407540083
4104,0.008059637621045113,0.008160844426602126
4105,0.008095507510006428,0.008159476909786462
4106,0.00802910141646862,0.008157745599746705
4107,0.008084684610366821,0.008156760251149536
4108,0.00804003793746233,0.008155643511563539
4109,0.008112355135381222,0.008153946828097105
4110,0.008033889345824718,0.008152458118274808
4111,0.008138034492731094,0.008150436161085963
4112,0.008028368465602398,0.00814734423533082
4113,0.008182117715477943,0.008147392105311155
4114,0.008064547553658485,0.008145044595003127
4115,0.008262738585472107,0.008146002469584347
4116,0.008240098133683205,0.008144422257319093
4117,0.008117711171507835,0.008142067128792405
4118,0.008169611915946007,0.008140355693176388
4119,0.00810401700437069,0.008138363314792514
4120,0.008105860091745853,0.008135791514068841
4121,0.008109457790851593,0.008134288154542446
4122,0.008087482303380966,0.008132023476064206
4123,0.008112434297800064,0.008130802353844047
4124,0.00806385651230812,0.008128150282427669
4125,0.008162018842995167,0.008126634508371353
4126,0.008067160844802856,0.00812438439577818
4127,0.008105235174298286,0.008122867550700902
4128,0.008027184754610062,0.008119821306318045
4129,0.008098071441054344,0.008118395563215017
4130,0.008031816221773624,0.008115784833207726
4131,0.008097093552350998,0.00811422111466527
4132,0.008007636293768883,0.008111157659441233
4133,0.008049420081079006,0.00810901309363544
4134,0.008037909865379333,0.008106401851400734
4135,0.00804642029106617,0.008104720618575811
4136,0.008008631877601147,0.008101957300677896
4137,0.008021737448871136,0.00810007544234395
4138,0.008027266710996628,0.008097702618688345
4139,0.008068257942795753,0.008096176348626614
4140,0.008008434437215328,0.008094157231971622
4141,0.008012484759092331,0.008092431398108602
4142,0.008033942431211472,0.008091102736070752
4143,0.008003856055438519,0.008088793652132154
4144,0.00800655409693718,0.008087256131693721
4145,0.00808904692530632,0.008083847397938371
4146,0.008004311472177505,0.008079462172463536
4147,0.008232394233345985,0.008080356661230326
4148,0.008196406997740269,0.008080621119588613
4149,0.008093198761343956,0.008079378576949238
4150,0.008054693229496479,0.008078835532069206
4151,0.008106592111289501,0.008077742997556925
4152,0.00800674594938755,0.008076261291280388
4153,0.008119517005980015,0.008076228545978665
4154,0.008050577715039253,0.00807501914910972
4155,0.008259492926299572,0.008076246939599513
4156,0.008390972390770912,0.008079131608828902
4157,0.008090093731880188,0.008079148782417177
4158,0.008286144584417343,0.008080953434109688
4159,0.008499743416905403,0.008085061572492122
4160,0.008253330364823341,0.008086648546159267
4161,0.008143465034663677,0.008087127236649394
4162,0.008328997530043125,0.008089510463178158
4163,0.008114082738757133,0.008089803969487547
4164,0.008197170682251453,0.008090865043923258
4165,0.008240538649260998,0.008092436529695988
4166,0.008097631856799126,0.008092455612495542
4167,0.00823757704347372,0.00809374602511525
4168,0.008143143728375435,0.008094235593453049
4169,0.008141040802001953,0.008094880608841776
4170,0.008167944848537445,0.008095926297828555
4171,0.008176310919225216,0.008097145315259695
4172,0.008167133666574955,0.008098293030634522
4173,0.008190368302166462,0.008099651774391531
4174,0.008183930069208145,0.008100978722795844
4175,0.00817558541893959,0.008102131122723222
4176,0.008122226223349571,0.008102590152993798
4177,0.008140694350004196,0.008103129444643855
4178,0.008088981732726097,0.008103408338502049
4179,0.008106397464871407,0.008103871895000338
4180,0.00808911956846714,0.008103937646374106
4181,0.008115343749523163,0.008104550624266267
4182,0.008081067353487015,0.008104956867173314
4183,0.00814213976264,0.008106006719172
4184,0.008065497502684593,0.008106133481487632
4185,0.00807809829711914,0.008105871556326747
4186,0.008062626235187054,0.008105988204479218
4187,0.008058520965278149,0.008106222553178668
4188,0.00805659219622612,0.008106467798352241
4189,0.008065213449299335,0.008106695199385285
4190,0.008071581833064556,0.00810670930892229
4191,0.008054087869822979,0.008106727181002497
4192,0.008129449561238289,0.008107587909325958
4193,0.008130121976137161,0.008108248300850392
4194,0.008043956011533737,0.008107858281582593
4195,0.008054390549659729,0.008108124611899256
4196,0.008078975602984428,0.008108604550361633
4197,0.008047087118029594,0.00810804771259427
4198,0.0081148287281394,0.008108651777729393
4199,0.008105436339974403,0.008109206771478058
4200,0.008022164925932884,0.00810911225154996
4201,0.008000966161489487,0.008108622441068292
4202,0.008062460459768772,0.008108152411878108
4203,0.00798085518181324,0.008107697470113634
4204,0.00811510719358921,0.008108252165839077
4205,0.008076668716967106,0.008108063777908682
4206,0.008055497892200947,0.008108327742666005
4207,0.008095887489616871,0.008108439771458507
4208,0.007984141819179058,0.008107880810275674
4209,0.007999805733561516,0.008106755316257477
4210,0.008016513660550117,0.00810658155940473
4211,0.007954346016049385,0.008104744674637914
4212,0.008024152368307114,0.008104702513664961
4213,0.007957283407449722,0.008102454170584679
4214,0.008035212755203247,0.008102160822600126
4215,0.007952743209898472,0.00809906086884439
4216,0.008023019880056381,0.008096890086308121
4217,0.007957511581480503,0.008095288090407849
4218,0.008052201941609383,0.008094113990664483
4219,0.007969126105308533,0.00809276508167386
4220,0.00807770062237978,0.0080924834869802
4221,0.008016103878617287,0.008091549947857856
4222,0.00808663759380579,0.008091541500762104
4223,0.00809071958065033,0.008091324353590607
4224,0.00797133706510067,0.008090399159118532
4225,0.008032022975385189,0.008089099200442434
4226,0.00794411264359951,0.0080878687184304
4227,0.007982814684510231,0.008086644513532519
4228,0.007964985445141792,0.008086022520437837
4229,0.007973868399858475,0.008084780490025877
4230,0.007999181747436523,0.008084454145282506
4231,0.007974404841661453,0.008083227258175611
4232,0.007991942577064037,0.008083070321008563
4233,0.007955716922879219,0.008082133289426564
4234,0.007969035767018795,0.00808144454844296
4235,0.007940785959362984,0.008080388205125928
4236,0.00795687921345234,0.00807987067848444
4237,0.007949314080178738,0.008079146444797515
4238,0.007960593327879906,0.008078479710966348
4239,0.0079812528565526,0.008077609660103917
4240,0.00794532522559166,0.00807697856798768
4241,0.00795576348900795,0.008076411355286837
4242,0.007963322103023529,0.008075705152004958
4243,0.007932589389383793,0.00807499248534441
4244,0.007919559255242348,0.008074122536927462
4245,0.007915044203400612,0.008072382509708405
4246,0.007930804044008255,0.008071647435426712
4247,0.007913272827863693,0.00806845622137189
4248,0.007915188558399677,0.008065644036978483
4249,0.007894203066825867,0.008063654080033303
4250,0.007909134030342102,0.00806219848804176
4251,0.007915334776043892,0.008060285914689302
4252,0.007914705201983452,0.008059365507215262
4253,0.007907751016318798,0.00805724784731865
4254,0.007888168096542358,0.008055623751133681
4255,0.00788815412670374,0.008051910363137722
4256,0.007891658693552017,0.008046917226165533
4257,0.007899820804595947,0.00804501449689269
4258,0.007902711629867554,0.008041180167347194
4259,0.007908964529633522,0.008035272378474474
4260,0.007921500131487846,0.008031954076141119
4261,0.007970975711941719,0.0080302291829139
4262,0.007900024764239788,0.008025939455255865
4263,0.007902092300355434,0.00802381955087185
4264,0.007941288873553276,0.008021260732784868
4265,0.007930857129395008,0.008018163917586207
4266,0.007967685349285603,0.008016864452511072
4267,0.00788845494389534,0.008013373231515289
4268,0.007950358092784882,0.008011445375159383
4269,0.007954871281981468,0.008009583679959178
4270,0.007893724367022514,0.008006841475144029
4271,0.0078804362565279,0.008003882728517056
4272,0.007899160496890545,0.008001202996820212
4273,0.007923896424472332,0.00799853827804327
4274,0.00788714736700058,0.007995570451021195
4275,0.007901801727712154,0.00799283261410892
4276,0.007932126522064209,0.007990931617096067
4277,0.007875730283558369,0.007988281976431609
4278,0.007916373200714588,0.007986555891111493
4279,0.007904598489403725,0.007984537901356815
4280,0.007886916399002075,0.007982515869662166
4281,0.007922319695353508,0.00798058562912047
4282,0.007919427007436752,0.007978969225659967
4283,0.007866177707910538,0.007976209605112672
4284,0.007862906903028488,0.007974183699116111
4285,0.007878517732024193,0.007972187893465162
4286,0.007924128323793411,0.007970802914351226
4287,0.007875336334109306,0.007968971068039536
4288,0.007888161577284336,0.007967286761850118
4289,0.007910476066172123,0.007965739388018846
4290,0.007855147123336792,0.007963575040921569
4291,0.007866536267101765,0.007961699524894356
4292,0.007892008870840073,0.007959325117990374
4293,0.00789209920912981,0.0079569448903203
4294,0.00788791198283434,0.007955384450033307
4295,0.007908998057246208,0.007953930525109171
4296,0.007904432713985443,0.007952185096219182
4297,0.007857960648834705,0.007950293831527233
4298,0.007849836722016335,0.007947643911466002
4299,0.007857325486838818,0.007945162802934646
4300,0.007878441363573074,0.00794372556731105
4301,0.007882030680775642,0.00794253621250391
4302,0.00788746029138565,0.007940786210820078
4303,0.007907933555543423,0.00794005699455738
4304,0.007864252664148808,0.007937548449262977
4305,0.007857248187065125,0.007935354243963957
4306,0.00785071775317192,0.007933306442573666
4307,0.007848321460187435,0.007930830782279373
4308,0.007841642946004868,0.00792940579354763
4309,0.007844630628824234,0.007927854042500258
4310,0.00784984789788723,0.007926187384873629
4311,0.007886730134487152,0.007925511226058007
4312,0.007907325401902199,0.007924342956393958
4313,0.007843665778636932,0.00792320678010583
4314,0.007833696901798248,0.00792119162157178
4315,0.007857639342546463,0.00792024058289826
4316,0.00793568603694439,0.00791936724446714
4317,0.007833730429410934,0.007918129432946444
4318,0.007914458401501179,0.007916751997545362
4319,0.007861163467168808,0.007915672371163964
4320,0.007920274510979652,0.007914098110049964
4321,0.007844729349017143,0.007912384364753961
4322,0.007911734282970428,0.007910635331645608
4323,0.007952231913805008,0.007909250454977155
4324,0.007844440639019012,0.007907981490716339
4325,0.007981861010193825,0.007907479871064424
4326,0.007869117893278599,0.007906729923561215
4327,0.007997173815965652,0.007906873514875769
4328,0.007990345358848572,0.007907127114012837
4329,0.007920783013105392,0.007906596260145306
4330,0.007966674864292145,0.007906271191313863
4331,0.007912671193480492,0.007905653854832053
4332,0.007922941818833351,0.007904963847249747
4333,0.00789904035627842,0.007904397081583739
4334,0.007902306504547596,0.007903729788959027
4335,0.007877422496676445,0.007903096154332162
4336,0.007918591611087322,0.00790271327830851
4337,0.007837429642677307,0.007901594433933496
4338,0.00792711228132248,0.007901259623467922
4339,0.007832019589841366,0.007899767290800809
4340,0.007918142713606358,0.007899495465680957
4341,0.007842431776225567,0.007898362148553132
4342,0.007908925414085388,0.007897818181663751
4343,0.007858666591346264,0.007897078953683377
4344,0.007899915799498558,0.007896882519125938
4345,0.00783432088792324,0.007896075285971164
4346,0.007919657044112682,0.007895963815972209
4347,0.00785061251372099,0.007895337212830781
4348,0.007923319935798645,0.007895418526604771
4349,0.007896424271166325,0.007895440738648176
4350,0.007956473156809807,0.007895914129912853
4351,0.007964225485920906,0.007896403037011623
4352,0.007986610755324364,0.007897122092545032
4353,0.008021771907806396,0.007898262301459909
4354,0.007882623933255672,0.00789820685982704
4355,0.007937712594866753,0.007898702444508672
4356,0.007893813773989677,0.007898723995313049
4357,0.007919354364275932,0.007898919330909849
4358,0.007919230498373508,0.007899084519594908
4359,0.00789729505777359,0.007898967824876308
4360,0.007887303829193115,0.00789862586185336
4361,0.007879924960434437,0.007897715354338287
4362,0.007871739566326141,0.007897432502359152
4363,0.00784703902900219,0.007896881969645619
4364,0.007861868478357792,0.007896087765693664
4365,0.007835322059690952,0.007895132414996625
4366,0.007867789827287197,0.00789413345977664
4367,0.00787543598562479,0.007894003270193935
4368,0.007878990843892097,0.007893289597705007
4369,0.00782957673072815,0.007892036652192473
4370,0.007842880673706532,0.007891528215259314
4371,0.007824987173080444,0.007890973724424839
4372,0.007841181010007858,0.007890393929556013
4373,0.007853670045733452,0.007889691665768623
4374,0.007906817831099033,0.007889888370409609
4375,0.007799162063747644,0.007888861973769963
4376,0.007863865233957767,0.007888179360888899
4377,0.007936505600810051,0.007888787114061414
4378,0.007804109249264002,0.00788766447454691
4379,0.008081004954874516,0.007889428539201618
4380,0.00788386631757021,0.0078893980383873
4381,0.008320363238453865,0.007893378473818302
4382,0.008411584421992302,0.007898300047963857
4383,0.007982839830219746,0.00789946666918695
4384,0.008226036094129086,0.007903097961097956
4385,0.008271254599094391,0.007907025329768658
4386,0.008069911040365696,0.007908483156934381
4387,0.007986657321453094,0.007909596366807818
4388,0.008082556538283825,0.007911540316417814
4389,0.007912488654255867,0.00791156044229865
4390,0.008197791874408722,0.007914986889809371
4391,0.008159028366208076,0.007917911810800433
4392,0.007981785573065281,0.007918809577822684
4393,0.007988925091922283,0.00791977783665061
4394,0.008012680336833,0.007921025520190597
4395,0.007964035496115685,0.007921575894579291
4396,0.007995590567588806,0.007922487473115325
4397,0.007927441969513893,0.007923182286322116
4398,0.008018329739570618,0.00792486721649766
4399,0.007940061390399933,0.00792569457553327
4400,0.008038941770792007,0.00792729957960546
4401,0.007971223443746567,0.00792819150723517
4402,0.00801469199359417,0.007929463824257254
4403,0.007944179698824883,0.00792982628569007
4404,0.008003072813153267,0.007931214487180115
4405,0.007905338890850544,0.007931695394217968
4406,0.008085086941719055,0.007934039086103439
4407,0.00802554003894329,0.007935811271890999
4408,0.007966319099068642,0.007937058033421636
4409,0.007925970479846,0.007937871431931854
4410,0.007977432571351528,0.007939147278666497
4411,0.007901200093328953,0.007939291978254914
4412,0.00805654376745224,0.007940784161910415
4413,0.008055775426328182,0.007942905258387327
4414,0.00791104231029749,0.00794367871247232
4415,0.007925883866846561,0.00794436115771532
4416,0.00791662186384201,0.007944170515984297
4417,0.007837668061256409,0.007944209892302751
4418,0.008018005639314651,0.007945245364680886
4419,0.007923136465251446,0.007945865094661712
4420,0.007986805401742458,0.007946530403569341
4421,0.007941385731101036,0.00794749696739018
4422,0.007931720465421677,0.007947696829214692
4423,0.007863041013479233,0.007946804920211435
4424,0.007971728220582008,0.007948077796027065
4425,0.007869849912822247,0.007946957685053348
4426,0.008012072183191776,0.007948387227952481
4427,0.00797770544886589,0.007948192544281482
4428,0.007860684767365456,0.00794689593836665
4429,0.007832706905901432,0.007946015177294612
4430,0.007879129610955715,0.007945139724761248
4431,0.007800793740898371,0.007944020950235426
4432,0.007877029478549957,0.007943561826832592
4433,0.007791387848556042,0.007942485301755368
4434,0.007912514731287956,0.007942587384022773
4435,0.00786498747766018,0.007942463033832609
4436,0.007844675332307816,0.007941723871044814
4437,0.007825350388884544,0.007941603078506887
4438,0.007839320227503777,0.0079407251579687
4439,0.00780965480953455,0.007940501510165631
4440,0.007864030078053474,0.007939960383810103
4441,0.00786038488149643,0.007940139914862811
4442,0.007796956226229668,0.007939020222984254
4443,0.007786778267472982,0.007938301339745522
4444,0.00786502007395029,0.00793795238249004
4445,0.007846662774682045,0.007938075801357627
4446,0.007802754174917936,0.00793690677266568
4447,0.007799072656780481,0.007936391374096274
4448,0.007826638408005238,0.00793542455881834
4449,0.007805137429386377,0.00793451169040054
4450,0.007830189540982246,0.007933248854242266
4451,0.007819839753210545,0.007931804996915162
4452,0.007799260783940554,0.007929931497201323
4453,0.007778952829539776,0.007927503306418657
4454,0.007841836661100388,0.007927095433697105
4455,0.007815275341272354,0.00792587106116116
4456,0.007808188442140818,0.007925014807842672
4457,0.00779697997495532,0.007923791063949465
4458,0.007811517454683781,0.007922713933512569
4459,0.00779601838439703,0.007921701166778802
4460,0.007810821291059256,0.007920936341397464
4461,0.007800929248332977,0.00792014638427645
4462,0.0077959345653653145,0.007919388334266841
4463,0.0077904886566102505,0.007918822830542922
4464,0.007794393692165613,0.007918148082681
4465,0.007779158651828766,0.007917586448602378
4466,0.007809755392372608,0.007917006104253232
4467,0.007798179984092712,0.007916233544237912
4468,0.007781423628330231,0.007915257872082294
4469,0.0077757989056408405,0.00791472009383142
4470,0.007796824909746647,0.007914259536191822
4471,0.00776648847386241,0.007913674549199641
4472,0.00783701054751873,0.007913632844574749
4473,0.007826183922588825,0.007913357983343304
4474,0.0077591524459421635,0.007911881329491735
4475,0.007760169915854931,0.007911491408012807
4476,0.00783582590520382,0.007911211014725267
4477,0.007791717536747456,0.007909763134084641
4478,0.007856911979615688,0.00791029116138816
4479,0.007846185006201267,0.007907942961901426
4480,0.007764227222651243,0.007906746570952236
4481,0.00777531648054719,0.00790129610337317
4482,0.007785174995660782,0.007895032009109855
4483,0.007750628516077995,0.007892709895968438
4484,0.0078065344132483006,0.00788851487915963
4485,0.007757056038826704,0.007883372893556952
4486,0.007835885509848595,0.007881032638251781
4487,0.0077909003011882305,0.007879075068049133
4488,0.007890993729233742,0.007877159439958632
4489,0.007918504998087883,0.007877219603396952
4490,0.007755570113658905,0.007872797385789453
4491,0.007895579561591148,0.007870162897743284
4492,0.007748682517558336,0.007867831867188216
4493,0.007823294028639793,0.00786617555655539
4494,0.007755065802484751,0.007863599411211907
4495,0.00782313384115696,0.00786219039466232
4496,0.007770424243062735,0.00785993873141706
4497,0.007811448071151972,0.00785877879243344
4498,0.00778868468478322,0.007856482341885566
4499,0.007798749953508377,0.00785506922751665
4500,0.00777058070525527,0.007852385616861284
4501,0.007785072550177574,0.007850524107925593
4502,0.0077469199895858765,0.00784784638788551
4503,0.007760701701045036,0.007846011607907712
4504,0.007728921249508858,0.007843270092271268
4505,0.0077378288842737675,0.0078415949922055
4506,0.007720066234469414,0.007837944785133005
4507,0.007719647139310837,0.00783488585613668
4508,0.007711490616202354,0.007832337571308016
4509,0.007710681762546301,0.00783018468413502
4510,0.007700433023273945,0.007827414688654244
4511,0.007704670540988445,0.007825449393130839
4512,0.007693121675401926,0.007821815172210336
4513,0.007700635120272636,0.007818263769149781
4514,0.007696965243667364,0.007816122998483478
4515,0.0077071283012628555,0.007813935442827642
4516,0.007714702282100916,0.007811916247010231
4517,0.007767080795019865,0.007811210374347866
4518,0.007705636788159609,0.007808086685836315
4519,0.007679855450987816,0.007805653875693679
4520,0.007700386457145214,0.007802789686247706
4521,0.007730625569820404,0.0078006820846349
4522,0.007795899640768766,0.007799323876388371
4523,0.007676788605749607,0.007797461352311075
4524,0.007829653099179268,0.007796040601097048
4525,0.0076969461515545845,0.007794311563484371
4526,0.007711766287684441,0.007791308504529297
4527,0.007824713364243507,0.007789778583683074
4528,0.0076887947507202625,0.007788059683516622
4529,0.007772376760840416,0.0077874563820660115
4530,0.007793990895152092,0.007786604994907975
4531,0.00769916083663702,0.0077855886658653615
4532,0.007754374295473099,0.007784362114034593
4533,0.007845284417271614,0.007784901079721749
4534,0.007741806097328663,0.007783193993382156
4535,0.007904444821178913,0.007783588566817343
4536,0.007786314003169537,0.00778300495352596
4537,0.008042151108384132,0.007785172960720957
4538,0.008134018629789352,0.007788119944743812
4539,0.00786517933011055,0.007788675189949572
4540,0.00801689550280571,0.007790203844197094
4541,0.008027165196835995,0.00779187164735049
4542,0.007797655649483204,0.007791878641583026
4543,0.007877127267420292,0.007792782131582498
4544,0.007863922044634819,0.0077927711512893435
4545,0.007819618098437786,0.007792500704526901
4546,0.00789446197450161,0.007793417782522738
4547,0.00793096236884594,0.007794736679643393
4548,0.008151542395353317,0.0077979857195168735
4549,0.00784605648368597,0.00779839491005987
4550,0.007986183278262615,0.007799954847432673
4551,0.008012627251446247,0.00780188272241503
4552,0.007986968383193016,0.007803759798407555
4553,0.00816158764064312,0.007807586146518588
4554,0.00792737863957882,0.007808441566303372
4555,0.007941380143165588,0.007809702614322305
4556,0.007997578009963036,0.007811596510000527
4557,0.007876155897974968,0.007812388269230724
4558,0.007872430607676506,0.00781299740076065
4559,0.007849077694118023,0.007813527993857861
4560,0.007817533798515797,0.007813595118932426
4561,0.007884074002504349,0.00781442656647414
4562,0.0078085255809128284,0.007814552476629615
4563,0.00781769398599863,0.007814824529923499
4564,0.007803689688444138,0.007814917489886284
4565,0.00775621272623539,0.007814688030630351
4566,0.007778739091008902,0.007814377867616714
4567,0.007726721465587616,0.007813663282431662
4568,0.0077415890991687775,0.007813264937140048
4569,0.00772662041708827,0.007812773152254522
4570,0.007718298584222794,0.007811987888999283
4571,0.0076997182331979275,0.007811320186592638
4572,0.0076980930753052235,0.007809931011870504
4573,0.007695465348660946,0.007808623826131225
4574,0.00770092336460948,0.007808041535317898
4575,0.007691389415413141,0.00780735373031348
4576,0.007685965392738581,0.007805855125188828
4577,0.007693678140640259,0.007804874731227755
4578,0.0077251261100173,0.007803556872531771
4579,0.007667937316000462,0.007801774395629763
4580,0.00764536252245307,0.007800585748627782
4581,0.007666394580155611,0.007799496529623866
4582,0.007668026257306337,0.0077983250422403215
4583,0.0077079664915800095,0.007797898421995342
4584,0.0076631223782896996,0.007796464301645756
4585,0.007655137684196234,0.007795445118099451
4586,0.007654269691556692,0.007793628959916532
4587,0.007644059136509895,0.007792160548269748
4588,0.0076321023516356945,0.007789571634493769
4589,0.007649717386811972,0.007786883758381009
4590,0.007683208212256432,0.007786160139366984
4591,0.007661744952201843,0.007783821793273091
4592,0.007662774529308081,0.007782962713390589
4593,0.0076499031856656075,0.0077812288049608465
4594,0.007625196594744921,0.007779930112883448
4595,0.007613098248839378,0.007777829756960273
4596,0.007629714906215668,0.007776422663591802
4597,0.007620453368872404,0.007774512716569006
4598,0.007608769461512566,0.0077727135643363
4599,0.007625878788530827,0.0077709848526865246
4600,0.007641341537237167,0.007769692461006343
4601,0.007682401686906815,0.007768665752373636
4602,0.007657820358872414,0.007767774756066501
4603,0.007635199464857578,0.007766519733704627
4604,0.00762233417481184,0.007765453862957656
4605,0.007600059267133474,0.007764076166786253
4606,0.007607739884406328,0.0077629529032856226
4607,0.007607316132634878,0.007761829593218863
4608,0.00760254543274641,0.007760740141384304
4609,0.007594022899866104,0.007759573552757502
4610,0.00760893477126956,0.007758658570237458
4611,0.007608914282172918,0.007757701007649303
4612,0.0076279956847429276,0.007757049747742713
4613,0.007658122573047876,0.0077566246222704645
4614,0.007626526523381472,0.007755920235067606
4615,0.007611979730427265,0.00775496874935925
4616,0.007592526264488697,0.0077537469891831275
4617,0.007587346713989973,0.007751949648372829
4618,0.007583887781947851,0.0077507321583107115
4619,0.007584196515381336,0.007749775568954647
4620,0.007582941558212042,0.0077486011199653145
4621,0.007580937817692757,0.007747104242444038
4622,0.007591258734464645,0.0077450578333809975
4623,0.007609098684042692,0.007744380934163928
4624,0.007655699271708727,0.007742641395889222
4625,0.007629020605236292,0.0077419621404260395
4626,0.007614537607878447,0.00774098985362798
4627,0.0076004317961633205,0.007738747037947178
4628,0.007599573116749525,0.00773785482160747
4629,0.0075927008874714375,0.0077360580628737805
4630,0.007589814253151417,0.007734016296453774
4631,0.007613884285092354,0.0077331635309383275
4632,0.007651657797396183,0.007732136365957558
4633,0.007607572246342897,0.007729759244248271
4634,0.007593209855258465,0.007728273281827569
4635,0.007589236367493868,0.007725121197290718
4636,0.007596119306981564,0.007723219250328839
4637,0.007574546150863171,0.0077185432007536295
4638,0.00757431797683239,0.00771294619422406
4639,0.00757917994633317,0.007710086200386285
4640,0.007592850364744663,0.007705845749005675
4641,0.007613645400851965,0.007701710551045835
4642,0.007604864425957203,0.007699782638810575
4643,0.007609695196151733,0.007697108318097889
4644,0.007610728032886982,0.007694576377980411
4645,0.007592629641294479,0.007692306493408978
4646,0.007600381970405579,0.007689365693368018
4647,0.007599005475640297,0.007686046124435961
4648,0.007606832776218653,0.007680599028244615
4649,0.0075834402814507484,0.007677972866222262
4650,0.007588204927742481,0.007673993082717061
4651,0.007579632103443146,0.00766966313123703
4652,0.007593486923724413,0.007665728316642344
4653,0.007595409639179707,0.00766006653662771
4654,0.007626992650330067,0.007657062676735223
4655,0.0076165408827364445,0.007653814284130931
4656,0.0075949556194245815,0.007649788060225546
4657,0.007563829887658358,0.00764666480012238
4658,0.007560948375612497,0.00764354997780174
4659,0.007560747675597668,0.007640666677616537
4660,0.007568015716969967,0.007638171496801079
4661,0.007596515119075775,0.007635295907966792
4662,0.007590320892632008,0.007633113861083984
4663,0.007579193916171789,0.007630728860385716
4664,0.007560424041002989,0.007628296203911304
4665,0.0075624180026352406,0.007626358256675303
4666,0.007557806558907032,0.007624148931354284
4667,0.007547891233116388,0.007622360629029572
4668,0.007550260983407497,0.007620447347871959
4669,0.007540949620306492,0.0076185906399041416
4670,0.0075499797239899635,0.007616907451301813
4671,0.007542010862380266,0.007615330377593637
4672,0.007544201333075762,0.007613791460171342
4673,0.007553474511951208,0.007612371551804244
4674,0.007573187351226807,0.007611094191670418
4675,0.007628260646015406,0.007610462903976441
4676,0.0075477901846170425,0.007609081151895225
4677,0.007538728415966034,0.007607531654648483
4678,0.007574062794446945,0.007606021021492779
4679,0.0076576899737119675,0.007605918548069895
4680,0.007536328863352537,0.007604828211478889
4681,0.00761112105101347,0.007604275476187468
4682,0.007624507881700993,0.007603840292431414
4683,0.00755714625120163,0.00760233209002763
4684,0.007539698388427496,0.007601097850129008
4685,0.007625600788742304,0.007600802481174469
4686,0.007606498431414366,0.007600324768573046
4687,0.0075475554913282394,0.007599359732121229
4688,0.007563838269561529,0.007598677091300488
4689,0.007679215632379055,0.007598972073756158
4690,0.007563012186437845,0.0075977701134979725
4691,0.007783997338265181,0.007598992637358606
4692,0.007696941029280424,0.0075993343023583295
4693,0.007666322868317366,0.007599498499184847
4694,0.007672402076423168,0.0075999705540016295
4695,0.007627695333212614,0.007600116524845362
4696,0.007635589689016342,0.007600175272673368
4697,0.00760576780885458,0.00760002841707319
4698,0.007609815336763859,0.0076000388758257036
4699,0.007643831428140402,0.007600218402221799
4700,0.007589690387248993,0.007599701890721917
4701,0.007802235893905163,0.007600900232791901
4702,0.007787558250129223,0.007602197611704469
4703,0.007666715886443853,0.007602512775920331
4704,0.007717625703662634,0.0076034656912088395
4705,0.007630826905369759,0.007603773367591203
4706,0.007671334780752659,0.007604409316554666
4707,0.0076125189661979675,0.007604461344890297
4708,0.0077274264767766,0.007605710155330598
4709,0.007641718257218599,0.007606187108904123
4710,0.007781879045069218,0.00760791655164212
4711,0.007809232920408249,0.007609919738024473
4712,0.0076760537922382355,0.007610400319099426
4713,0.007715491112321615,0.007610974004492164
4714,0.007675836328417063,0.00761146710254252
4715,0.007720553781837225,0.007612552843056619
4716,0.007654199376702309,0.007613169574178755
4717,0.0077695902436971664,0.007614992009475827
4718,0.007816191762685776,0.007617315049283206
4719,0.007619193755090237,0.007617665021680296
4720,0.007781528402119875,0.0076196508901193736
4721,0.0077065215446054935,0.007620906727388501
4722,0.007781555876135826,0.007622809698805213
4723,0.007899011485278606,0.007625708826817572
4724,0.007772896438837051,0.007626880798488856
4725,0.007788598537445068,0.0076284765778109435
4726,0.007848766632378101,0.00763081886805594
4727,0.00771202240139246,0.0076319347741082314
4728,0.007865934632718563,0.007634598389267921
4729,0.007831894792616367,0.007636990328319371
4730,0.007817428559064865,0.007639266471378505
4731,0.007722454145550728,0.007640352169983089
4732,0.007909015752375126,0.0076429257495328785
4733,0.007852230221033096,0.007645372329279781
4734,0.00773597601801157,0.007646799990907311
4735,0.007689523510634899,0.007647802862338722
4736,0.007807084359228611,0.007649912512861192
4737,0.007695535197854042,0.007651122403331101
4738,0.00787811167538166,0.007654160340316594
4739,0.0078514963388443,0.0076568835042417046
4740,0.007719415705651045,0.007658149157650769
4741,0.007696515414863825,0.007658977857790888
4742,0.00770499836653471,0.0076599791971966626
4743,0.00764097087085247,0.00766029195394367
4744,0.007775129750370979,0.00766193597111851
4745,0.0077206529676914215,0.007663216204382479
4746,0.007765766698867083,0.007664870051667094
4747,0.007681742776185274,0.007665697424672544
4748,0.007777899969369173,0.007667408096604049
4749,0.007743979338556528,0.007669013487175107
4750,0.007695090025663376,0.007670082338154316
4751,0.007686340715736151,0.007671149424277246
4752,0.007708124350756407,0.007672295798547566
4753,0.007661706767976284,0.007672958769835532
4754,0.007715652696788311,0.007673845370300114
4755,0.007665237411856651,0.007674332335591316
4756,0.007724791765213013,0.007675630697049201
4757,0.007675863802433014,0.007676751036196947
4758,0.007729497272521257,0.007678436525166035
4759,0.007709000259637833,0.007679919051006436
4760,0.007661272305995226,0.007680851616896689
4761,0.007652239874005318,0.007681408864445984
4762,0.0076887961477041245,0.0076823936169967055
4763,0.007662761025130749,0.007683229288086295
4764,0.007676738314330578,0.007684392430819571
4765,0.007650116458535194,0.007685269415378571
4766,0.007657545618712902,0.007686266805976629
4767,0.007607572712004185,0.007686863620765507
4768,0.007704888004809618,0.007688409890979528
4769,0.007652702275663614,0.0076895274175331
4770,0.007672657258808613,0.007690754192881286
4771,0.007648160681128502,0.0076918156910687685
4772,0.0076400949619710445,0.007692774627357722
4773,0.007590319029986858,0.0076931430725380775
4774,0.007731540594249964,0.00769472660496831
4775,0.00768567668274045,0.00769530076533556
4776,0.007625718601047993,0.00769608004949987
4777,0.0076011773198843,0.007696704538539052
4778,0.007672935724258423,0.007697693267837167
4779,0.007610525470227003,0.007697221622802317
4780,0.007670368533581495,0.007698562019504607
4781,0.0076384153217077255,0.007698834962211549
4782,0.007612005807459354,0.007698709941469133
4783,0.007581236772239208,0.007698950846679509
4784,0.0076349335722625256,0.007699903198517859
4785,0.007566460408270359,0.007699311794713139
4786,0.007681951392441988,0.0077000663243234155
4787,0.007633885834366083,0.007700929627753794
4788,0.0075856829062104225,0.007701148074120283
4789,0.007551950868219137,0.007699875426478684
4790,0.007633212022483349,0.007700577424839139
4791,0.007570412941277027,0.0076984415808692575
4792,0.007635638117790222,0.007697828551754355
4793,0.007617629133164883,0.007697341614402831
4794,0.007555614225566387,0.007696173735894263
4795,0.0075372629798948765,0.007695269412361086
4796,0.007577925454825163,0.007694692770019174
4797,0.007540364284068346,0.007694038734771311
4798,0.007594099268317223,0.0076938815740868445
4799,0.0075789508409798145,0.007693232768215239
4800,0.007547407876700163,0.007692809943109751
4801,0.00753436516970396,0.007690131235867739
4802,0.007600907236337662,0.007688264725729823
4803,0.007584842387586832,0.007687445990741253
4804,0.0075471121817827225,0.007685740855522454
4805,0.007545927073806524,0.007684891857206821
4806,0.0075691454112529755,0.0076838699635118244
4807,0.007556331343948841,0.0076833080872893336
4808,0.007572835311293602,0.0076817621756345034
4809,0.0075806560926139355,0.0076811515539884564
4810,0.007532329298555851,0.007678656056523323
4811,0.007530928589403629,0.0076758730132132766
4812,0.0075979591347277164,0.007675092066638172
4813,0.007579226046800613,0.007673729415982961
4814,0.0075463103130459785,0.007672434155829251
4815,0.0075400834903120995,0.007670629452914
4816,0.007562980055809021,0.007669717259705067
4817,0.007551067043095827,0.0076675320276990535
4818,0.007566940039396286,0.007665039510466158
4819,0.007562665268778801,0.007664474225603044
4820,0.007552327588200569,0.007662182217463851
4821,0.007564414292573929,0.007660761144943535
4822,0.0075447941198945045,0.007658393527381122
4823,0.007532358169555664,0.007654726994223893
4824,0.007598798256367445,0.007652986012399197
4825,0.007587447762489319,0.007650974504649639
4826,0.007537981495261192,0.00764786665327847
4827,0.007525255903601646,0.007645998988300562
4828,0.007574159651994705,0.0076430812384933235
4829,0.007537406403571367,0.007640136354602874
4830,0.00760055985301733,0.007637967667542398
4831,0.007596690207719803,0.007636710028164089
4832,0.007523545995354652,0.007632855330593884
4833,0.007538574747741222,0.0076297187758609655
4834,0.007553949020802975,0.0076278985058888795
4835,0.007502682041376829,0.0076260300911962986
4836,0.007544137537479401,0.007623400622978806
4837,0.007478049024939537,0.007621225761249661
4838,0.007526930887252092,0.007617713953368366
4839,0.007470332086086273,0.007613902310840786
4840,0.007506550755351782,0.007611773661337793
4841,0.0074715702794492245,0.007609524209983647
4842,0.007486927788704634,0.007607343504205346
4843,0.007480136584490538,0.007605735161341727
4844,0.007471127901226282,0.00760269514285028
4845,0.0074911294505000114,0.0076003999076783655
4846,0.007461590226739645,0.007597358142957092
4847,0.007489398587495089,0.00759543470107019
4848,0.007458025123924017,0.007592235952615738
4849,0.007470403797924519,0.007589500197209418
4850,0.0074571529403328896,0.007587120826356113
4851,0.007472122088074684,0.007584978640079498
4852,0.007474011741578579,0.00758263751398772
4853,0.007461485452950001,0.007580635300837457
4854,0.0074685318395495415,0.00757816409226507
4855,0.00744481198489666,0.007575959837995469
4856,0.007463607471436262,0.007573347995057702
4857,0.007438183296471834,0.00757097118999809
4858,0.007462943438440561,0.007568305651657284
4859,0.007446013856679201,0.007565675787627697
4860,0.007449791766703129,0.007563560982234776
4861,0.007444673217833042,0.007561485315673053
4862,0.007442518137395382,0.007559022535569965
4863,0.007442778442054987,0.007556822709739208
4864,0.007432634010910988,0.007554381666705012
4865,0.007440696470439434,0.007552287466824055
4866,0.007431222125887871,0.0075500242318958044
4867,0.007438135799020529,0.0075483298627659675
4868,0.007437919732183218,0.007545660180039704
4869,0.007430011406540871,0.007543433271348476
4870,0.0074411481618881226,0.007541118180379272
4871,0.007437005173414946,0.007539006625302136
4872,0.0074380263686180115,0.007536985939368606
4873,0.007437809370458126,0.007535460842773318
4874,0.007448591757565737,0.007532631354406476
4875,0.007443403825163841,0.00753020862583071
4876,0.0074444119818508625,0.007528395559638738
4877,0.00743319746106863,0.007526715761050582
4878,0.0074305240996181965,0.0075242916448041795
4879,0.007426661904901266,0.007522453009150922
4880,0.00742346653714776,0.007519983989186585
4881,0.007421788293868303,0.00751781771890819
4882,0.007414682302623987,0.0075158444838598374
4883,0.007418397814035416,0.007514216094277799
4884,0.007410273887217045,0.007511969497427344
4885,0.007415462750941515,0.007510459520854056
4886,0.007410173304378986,0.0075077417399734255
4887,0.007412909530103207,0.007505531976930797
4888,0.007408888544887304,0.007503764033317566
4889,0.0074077206663787365,0.007502321731299162
4890,0.007409898564219475,0.007500088596716523
4891,0.007420357316732407,0.007498588040471077
4892,0.007433218415826559,0.00749656384345144
4893,0.0074542490765452385,0.007494930042885244
4894,0.007486955262720585,0.007494243453256786
4895,0.007423254661262035,0.007493103370070458
4896,0.007409719284623861,0.007491421308368444
4897,0.007432122714817524,0.007490338892675936
4898,0.007491265423595905,0.007489310554228723
4899,0.00743202306330204,0.007487841276451945
4900,0.007411888800561428,0.007486486085690558
4901,0.0074270498007535934,0.007485412932001054
4902,0.007455388084053993,0.007483957740478217
4903,0.007500072009861469,0.007483110036700964
4904,0.007405114360153675,0.007481690058484674
4905,0.007451766170561314,0.007480748449452222
4906,0.0075443582609295845,0.0074805005779489874
4907,0.007408087607473135,0.0074790181405842305
4908,0.0075380816124379635,0.007478670603595674
4909,0.007423039525747299,0.007477094437927007
4910,0.0074789985083043575,0.0074765611300244925
4911,0.007427618373185396,0.00747552802786231
4912,0.007483511697500944,0.007474383553490043
4913,0.007403424941003323,0.00747262554243207
4914,0.0074556744657456875,0.007471719183959067
4915,0.007481603883206844,0.007471134387888014
4916,0.00742268655449152,0.0074697314528748395
4917,0.007498981896787882,0.00746921060141176
4918,0.0074448478408157825,0.007467989679425955
4919,0.00752036040648818,0.007467566630803049
4920,0.007437198422849178,0.0074664153391495345
4921,0.0075708902440965176,0.0074664800986647606
4922,0.00744651211425662,0.007465497278608382
4923,0.007593892514705658,0.0074661126220598815
4924,0.007521892432123423,0.007465343563817442
4925,0.007601241115480661,0.007465481497347355
4926,0.007584494072943926,0.007465946623124182
4927,0.0076489532366395,0.007467183596454561
4928,0.007753061130642891,0.007468972611241043
4929,0.007492043077945709,0.007468518977984786
4930,0.007711941376328468,0.007469632793217897
4931,0.007538250647485256,0.007469048397615552
4932,0.0076009975746273994,0.00746982291340828
4933,0.007529329042881727,0.007469730456359684
4934,0.0075195604003965855,0.00746938657015562
4935,0.007509831339120865,0.007469458063133061
4936,0.007496464066207409,0.007468981328420341
4937,0.007498648948967457,0.00746918732766062
4938,0.007474414072930813,0.007468662159517407
4939,0.007470625918358564,0.00746866509784013
4940,0.007467627990990877,0.0074682758701965215
4941,0.007471978198736906,0.007468279949389398
4942,0.007456277497112751,0.007467973446473479
4943,0.007439884357154369,0.007467570924200117
4944,0.007440255489200354,0.007467262200079859
4945,0.007412591949105263,0.007466476825065911
4946,0.007428433746099472,0.007466145260259509
4947,0.007408052682876587,0.007465331801213324
4948,0.007427051663398743,0.0074650220666080715
4949,0.007398219313472509,0.007464300221763551
4950,0.0074095819145441055,0.007463824511505663
4951,0.007391228340566158,0.007463015574030578
4952,0.007401799783110619,0.0074622934544458985
4953,0.007387463003396988,0.007461553229950369
4954,0.007390143815428019,0.007460769349709153
4955,0.007388600613921881,0.007460207235999406
4956,0.007378095760941505,0.0074593521188944575
4957,0.007385972421616316,0.007458830010145903
4958,0.007377712056040764,0.007457977696321905
4959,0.0073735155165195465,0.007457252712920308
4960,0.007373986765742302,0.0074564946629107
4961,0.0073688337579369545,0.007455736268311739
4962,0.007370057515799999,0.007455011662095785
4963,0.007365860976278782,0.007454242487438023
4964,0.007366081699728966,0.007453576964326203
4965,0.007365265395492315,0.007452822653576731
4966,0.0073708416894078255,0.007452218849211931
4967,0.007380209863185883,0.007451639589853585
4968,0.007400047965347767,0.007451260872185231
4969,0.0074273389764130116,0.007451234147883952
4970,0.007390165701508522,0.007450724323280156
4971,0.007363389246165752,0.007449988164007664
4972,0.007355624344199896,0.007449164143763482
4973,0.007359678857028484,0.007448382838629186
4974,0.007376805413514376,0.0074476649751886725
4975,0.0074060410261154175,0.007447291347198189
4976,0.00742642255499959,0.007447111452929676
4977,0.007373912259936333,0.0074465186009183525
4978,0.007354306057095528,0.007445756420493126
4979,0.007372660096734762,0.007445216402411461
4980,0.007414140272885561,0.0074451231397688385
4981,0.0074270302429795265,0.007445175559259951
4982,0.007371225394308567,0.0074447409901767965
4983,0.007358302362263203,0.007444140035659075
4984,0.0073832375928759575,0.007443869672715664
4985,0.007426658179610968,0.007443981627002359
4986,0.007384216412901878,0.0074437220580875875
4987,0.007369323633611202,0.0074432861991226675
4988,0.007368061691522598,0.00744287793058902
4989,0.007377090863883495,0.007442571632564068
4990,0.007371804676949978,0.007442190693691373
4991,0.0073704710230231285,0.00744169183075428
4992,0.007382496725767851,0.007441184613853693
4993,0.007367646787315607,0.007440318590961397
4994,0.007343050092458725,0.007438879539258778
4995,0.007354013621807098,0.007438187128864229
4996,0.0073550911620259285,0.007437640847638249
4997,0.007363511715084314,0.007436954737640917
4998,0.007353750057518482,0.007435579583980143
4999,0.007361900992691517,0.007434878363274038
5000,0.007374223321676254,0.007434501708485186
5001,0.0073881372809410095,0.007434112583287061
5002,0.007362965494394302,0.007433188357390463
5003,0.007353275083005428,0.007431720388121903
5004,0.007348157465457916,0.007431150819174945
5005,0.007348085753619671,0.007430114015005529
5006,0.007339789532124996,0.007428068327717483
5007,0.007330444175750017,0.007427291893400252
5008,0.0073324767872691154,0.007425235845148564
5009,0.007331347558647394,0.0074243189254775644
5010,0.007335276808589697,0.007422881708480418
5011,0.007336953654885292,0.007421975061297417
5012,0.007346231024712324,0.0074206022545695305
5013,0.007345874793827534,0.007420026753097772
5014,0.007359032519161701,0.007419060333631933
5015,0.007370971608906984,0.007417954010888934
5016,0.0073926253244280815,0.0074176533985883
5017,0.007354207336902618,0.007416205652989447
5018,0.00733565166592598,0.007415113691240549
5019,0.007330845110118389,0.007413218538276851
5020,0.007327817380428314,0.007412124727852643
5021,0.007328132167458534,0.007409697147086263
5022,0.007334260269999504,0.007408574628643691
5023,0.007336849346756935,0.007406004196964204
5024,0.00734472181648016,0.007404232490807771
5025,0.0073600830510258675,0.007401820910163223
5026,0.007372191175818443,0.007399697881191969
5027,0.007380596827715635,0.00739701431710273
5028,0.00734912883490324,0.007392974994145334
5029,0.007328548468649387,0.007391340048052371
5030,0.007320143282413483,0.007387422067113221
5031,0.0073482985608279705,0.007385522546246648
5032,0.007387087214738131,0.0073833834426477556
5033,0.007347389589995146,0.007381564048118889
5034,0.0073424153961241245,0.007379792598076165
5035,0.007341890595853329,0.007378113190643489
5036,0.007332837209105492,0.00737647692207247
5037,0.007326589431613684,0.007374756326898932
5038,0.007339421659708023,0.007373406402766704
5039,0.007371223531663418,0.007372412378899753
5040,0.007344110868871212,0.007371177207678556
5041,0.007329857908189297,0.00736975600477308
5042,0.007325216196477413,0.007368445391766727
5043,0.007328571751713753,0.007367332265712321
5044,0.007323724217712879,0.007366166952997446
5045,0.007312465459108353,0.007365165688097477
5046,0.007311446592211723,0.007363995816558599
5047,0.007315776310861111,0.007363073052838445
5048,0.007319058291614056,0.007361993119120598
5049,0.007314413785934448,0.007361155063845218
5050,0.007315673865377903,0.0073602159833535555
5051,0.007323009893298149,0.007359533798880875
5052,0.0073289694264531136,0.0073588054953143
5053,0.00734759122133255,0.007358406777493656
5054,0.007365713361650705,0.0073581624729558825
5055,0.007342948112636805,0.007357705947943032
5056,0.0073332590982317924,0.0073572575813159345
5057,0.007310270331799984,0.007356500560417771
5058,0.007303982973098755,0.007355763269588351
5059,0.007310785818845034,0.007355135972611606
5060,0.0073193274438381195,0.007354589379392564
5061,0.0073207528330385685,0.007354108570143581
5062,0.00732294050976634,0.007353637400083244
5063,0.007337041664868593,0.007353349206969142
5064,0.007360972464084625,0.007353298114612699
5065,0.00733789149671793,0.007353024375624954
5066,0.007310166023671627,0.0073524176189675924
5067,0.007296486757695675,0.007351580387912691
5068,0.007302692160010338,0.007350606829859317
5069,0.007313906215131283,0.007349472502246499
5070,0.007323342375457287,0.007348804268985987
5071,0.007340153679251671,0.007348571913316846
5072,0.007377830799669027,0.007348793977871537
5073,0.007303440943360329,0.007348231598734855
5074,0.0073021166026592255,0.007347484710626304
5075,0.007354108151048422,0.007346965381875634
5076,0.007380427792668343,0.007346505434252321
5077,0.00730771292001009,0.007345843440853059
5078,0.007331719622015953,0.007345617576502264
5079,0.0073918867856264114,0.00734580984339118
5080,0.007300049066543579,0.00734466893132776
5081,0.007410899735987186,0.0073445076262578365
5082,0.007313909474760294,0.007343934467062354
5083,0.00747556472197175,0.007345107090659439
5084,0.007413691841065884,0.0073454116331413384
5085,0.007402617484331131,0.00734517122618854
5086,0.007401627488434315,0.007345345336943865
5087,0.007363953627645969,0.007345291636884212
5088,0.007332936394959688,0.007344940383918583
5089,0.007462511770427227,0.0073457945929840205
5090,0.007438472472131252,0.007346461270935833
5091,0.0073703438974916935,0.007346459999680519
5092,0.0073739392682909966,0.00734637442510575
5093,0.0073956772685050964,0.007346654729917646
5094,0.007376670837402344,0.007346990937367082
5095,0.007404576055705547,0.0073474965617060664
5096,0.007403810974210501,0.007347983759827912
5097,0.007380856201052666,0.007348157204687595
5098,0.007379661779850721,0.007348416321910918
5099,0.007391253486275673,0.0073487098468467595
5100,0.00737350806593895,0.007348702694289386
5101,0.007403802126646042,0.007348859342746436
5102,0.007407353259623051,0.007349303220398724
5103,0.007360749877989292,0.007349377968348563
5104,0.007383428048342466,0.007349730674177408
5105,0.007364923134446144,0.007349899047985673
5106,0.00737923476845026,0.007350293500348925
5107,0.007374309003353119,0.0073507321486249565
5108,0.007362639531493187,0.007351033776067197
5109,0.0074013276025652885,0.0073517335765063765
5110,0.007353288121521473,0.007351913689635694
5111,0.0074321371503174305,0.007352865524590016
5112,0.007356885354965925,0.007352972067892551
5113,0.007456547114998102,0.007354078791104257
5114,0.007407698780298233,0.007354565453715623
5115,0.007440001703798771,0.007355255754664541
5116,0.00749346474185586,0.007356264148838818
5117,0.007341334596276283,0.007356135421432554
5118,0.0074518597684800625,0.007357297502458096
5119,0.007352632936090231,0.007357515380717814
5120,0.007418271154165268,0.007358419918455183
5121,0.0073647936806082726,0.007358786533586681
5122,0.0073876287788152695,0.007359320218674839
5123,0.007349593099206686,0.007359447656199336
5124,0.007369453087449074,0.007359694968909025
5125,0.00735472934320569,0.007359641431830824
5126,0.0073310863226652145,0.007359230383299291
5127,0.007337102200835943,0.007358795437030494
5128,0.007314946502447128,0.007358453613705933
5129,0.007318428251892328,0.007358352411538363
5130,0.007312451023608446,0.007358275488950312
5131,0.0073117539286613464,0.007357910042628646
5132,0.007310544140636921,0.007357144611887634
5133,0.007319672033190727,0.007356867436319589
5134,0.007292754482477903,0.007356370827183128
5135,0.007316161412745714,0.007356113535352051
5136,0.007279967423528433,0.007355584837496281
5137,0.007294667884707451,0.0073552656220272185
5138,0.00727736996486783,0.007354645105078816
5139,0.0072883665561676025,0.007353816535323858
5140,0.007281795144081116,0.007353193378075957
5141,0.007289180066436529,0.00735278659965843
5142,0.007289603818207979,0.007352430475875736
5143,0.0072909570299088955,0.007352054328657686
5144,0.007286857347935438,0.007351685659959912
5145,0.007282842881977558,0.007351389434188604
5146,0.0072793117724359035,0.007351068085990846
5147,0.00727255642414093,0.007350635887123644
5148,0.007263049948960543,0.007350075803697109
5149,0.007264736108481884,0.007349579026922583
5150,0.007260104175657034,0.007349023330025375
5151,0.0072587840259075165,0.007348381071351468
5152,0.007256600074470043,0.007347657377831638
5153,0.007259397767484188,0.007346775443293155
5154,0.007260776124894619,0.007345726070925593
5155,0.007267726585268974,0.007344973855651915
5156,0.007275338750332594,0.007344394652172923
5157,0.007303399033844471,0.007344325939193368
5158,0.007329000160098076,0.007344576111063361
5159,0.007282931823283434,0.007344297571107745
5160,0.007260343991219997,0.007343707736581564
5161,0.007249887101352215,0.0073429990792647
5162,0.007258288562297821,0.0073423525597900155
5163,0.007272170390933752,0.007341703847050667
5164,0.007300839759409428,0.0073411025200039145
5165,0.0073227169923484325,0.00734095077496022
5166,0.007266518194228411,0.007340514296665788
5167,0.007250339258462191,0.007340052821673453
5168,0.007261725142598152,0.007339643151499331
5169,0.007308130152523518,0.007339585390873253
5170,0.00733990129083395,0.00733975098002702
5171,0.007261747494339943,0.007338966918177902
5172,0.007276885211467743,0.00733795746229589
5173,0.007360943127423525,0.007338532484136522
5174,0.007258029188960791,0.007338091609999538
5175,0.007302463985979557,0.007337575168348849
5176,0.00733867147937417,0.007337157605215907
5177,0.007262779399752617,0.007336708270013332
5178,0.007324177771806717,0.00733663285151124
5179,0.007262201979756355,0.007335336003452539
5180,0.007321014069020748,0.007335545653477311
5181,0.007260452024638653,0.007334041176363826
5182,0.007311548106372356,0.007334017562679946
5183,0.007281758822500706,0.007332079503685236
5184,0.007299930788576603,0.007330941893160343
5185,0.007262800820171833,0.0073295437265187505
5186,0.007262660190463066,0.007328154053539038
5187,0.007268317975103855,0.007327197697013617
5188,0.007244298700243235,0.007326311320066452
5189,0.007261008024215698,0.007324296282604337
5190,0.007260091602802277,0.007322512473911047
5191,0.007243592292070389,0.007321244957856834
5192,0.0072666192427277565,0.007320171757601202
5193,0.007252724841237068,0.007318742233328521
5194,0.007254345342516899,0.007317518978379667
5195,0.007258552126586437,0.007316058739088476
5196,0.007242782972753048,0.007314448459073902
5197,0.007243351545184851,0.007313073412515223
5198,0.007241676561534405,0.00731169356033206
5199,0.0072308010421693325,0.007310089035890996
5200,0.007240908686071634,0.007308763042092323
5201,0.007235812954604626,0.007307083150371909
5202,0.007232173345983028,0.0073053313512355085
5203,0.007244814652949572,0.007304171998985112
5204,0.007238973397761583,0.0073027274524793025
5205,0.007240700535476208,0.007301485226489604
5206,0.007234339136630297,0.007300036270171404
5207,0.00723260547965765,0.00729861923493445
5208,0.007231707684695721,0.007297309916466475
5209,0.00723313307389617,0.007295627971179783
5210,0.007221217267215252,0.007294307262636721
5211,0.007227713242173195,0.007292263023555279
5212,0.0072219534777104855,0.007290913704782725
5213,0.0072206719778478146,0.0072885549534112215
5214,0.007223646622151136,0.0072867144318297505
5215,0.0072217402048408985,0.007284531816840172
5216,0.007216154132038355,0.007281758710741997
5217,0.007217378355562687,0.007280519148334861
5218,0.007219303399324417,0.007278193584643305
5219,0.007214677054435015,0.007276814025826753
5220,0.007216745056211948,0.007274798764847219
5221,0.007213642820715904,0.007273287256248295
5222,0.00721127400174737,0.007271523708477616
5223,0.007215600460767746,0.0072701837820932265
5224,0.007215099409222603,0.007268640245310962
5225,0.007209960371255875,0.007267192555591464
5226,0.007210323121398687,0.007265984923578799
5227,0.007215352728962898,0.007264767428860068
5228,0.007221534848213196,0.007263833312317729
5229,0.007245476823300123,0.007263103798031807
5230,0.007288947701454163,0.007262868764810264
5231,0.007238754071295261,0.007262138766236603
5232,0.007219652645289898,0.007261229851283133
5233,0.007219923660159111,0.0072602323675528165
5234,0.007219900377094746,0.007259503826498985
5235,0.007240906357765198,0.00725875127594918
5236,0.007263559848070145,0.007258587200194597
5237,0.00730408588424325,0.007258681380189955
5238,0.007209955248981714,0.007258007233031094
5239,0.007278834469616413,0.007257911912165582
5240,0.00731470063328743,0.007258240967057645
5241,0.0072170402854681015,0.007257519569247961
5242,0.0073321801610291,0.007257945332676172
5243,0.007221129722893238,0.007257247059606016
5244,0.007273756433278322,0.007257116050459445
5245,0.007261770311743021,0.007256905324757099
5246,0.0072392793372273445,0.007256505000405014
5247,0.007281836122274399,0.007256597797386348
5248,0.0072266520000994205,0.007256233817897737
5249,0.007206692360341549,0.007255653380416334
5250,0.00723172165453434,0.007255369555205107
5251,0.007260199636220932,0.007255383711308241
5252,0.0072526875883340836,0.007255344586446881
5253,0.007276061922311783,0.0072555112279951576
5254,0.007213413715362549,0.007255037603899836
5255,0.00720555754378438,0.007254415913484991
5256,0.007240969222038984,0.007254072218202055
5257,0.007277944125235081,0.007253817669115961
5258,0.00721166655421257,0.007252644333057105
5259,0.007224575616419315,0.007252060770988464
5260,0.007278876379132271,0.007252246094867587
5261,0.007210636045783758,0.007251853584311903
5262,0.007254278287291527,0.007251813481561839
5263,0.0072230068035423756,0.007251321845687926
5264,0.007235252298414707,0.007250665971077978
5265,0.007270600646734238,0.007250144807621837
5266,0.007210221141576767,0.00724958183709532
5267,0.007256959564983845,0.007249648040160536
5268,0.0072595952078700066,0.007249626740813256
5269,0.007247108034789562,0.0072490165196359155
5270,0.007299915887415409,0.00724861666560173
5271,0.007197941653430462,0.007247978607192635
5272,0.007270743604749441,0.007247917191125453
5273,0.007278432138264179,0.007247092081233859
5274,0.007243008352816105,0.007246941872872412
5275,0.007301845587790012,0.007246935688890517
5276,0.007198875769972801,0.007245537731796503
5277,0.007260517217218876,0.007245515109971166
5278,0.00728143285959959,0.007245087660849094
5279,0.0072363936342298985,0.00724482957739383
5280,0.007307099178433418,0.007244690428487957
5281,0.007201535161584616,0.007244101259857416
5282,0.00733164930716157,0.007244302271865308
5283,0.007220762316137552,0.0072436923068016764
5284,0.007329871412366629,0.007243991713039577
5285,0.007214261684566736,0.007243506321683526
5286,0.0073488131165504456,0.0072443678509444
5287,0.007202166598290205,0.007243706337176263
5288,0.007358741946518421,0.0072448507696390154
5289,0.007208303082734346,0.007244323720224202
5290,0.0073504820466041565,0.00724522762466222
5291,0.007225245703011751,0.007245044158771634
5292,0.007352298125624657,0.0072459009476006035
5293,0.007223052904009819,0.0072456042282283304
5294,0.007328629959374666,0.007246347074396908
5295,0.0072042495012283325,0.007245804048143328
5296,0.007322893477976322,0.00724660515319556
5297,0.007216399535536766,0.007246335633099079
5298,0.0073035527020692825,0.007246954394504428
5299,0.00722897332161665,0.007246936117298901
5300,0.007325669284909964,0.007247783723287284
5301,0.007255473639816046,0.007247980330139399
5302,0.0072962320409715176,0.007248620917089284
5303,0.007217380218207836,0.007248346572741866
5304,0.007260114420205355,0.007248557982966304
5305,0.007239596918225288,0.007248546946793794
5306,0.007290751673281193,0.007249111072160304
5307,0.007295704446732998,0.007249742061831057
5308,0.007253934629261494,0.007249964331276715
5309,0.0072384849190711975,0.007250017849728465
5310,0.007227323018014431,0.007250078907236457
5311,0.007268959656357765,0.007250491371378303
5312,0.00724859070032835,0.007250757743604481
5313,0.0072434223257005215,0.007250985247083008
5314,0.007203651592135429,0.007250785296782851
5315,0.007214080076664686,0.007250708695501089
5316,0.007193960249423981,0.007250486756674945
5317,0.007229517679661512,0.007250608149915933
5318,0.00720936618745327,0.007250508777797222
5319,0.007220369763672352,0.007250565704889595
5320,0.007191387936472893,0.007250312133692205
5321,0.007193401921540499,0.007250109724700451
5322,0.007179583422839642,0.007249792818911373
5323,0.007193995174020529,0.007249576766043902
5324,0.0071937935426831245,0.0072493637073785065
5325,0.007207266986370087,0.007249336773529649
5326,0.007206794340163469,0.007249301485717297
5327,0.0071867601945996284,0.007249015560373664
5328,0.007193668745458126,0.007248736899346114
5329,0.00716998428106308,0.0072479819739237426
5330,0.007178444415330887,0.00724687694106251
5331,0.00716939615085721,0.007246183361858129
5332,0.007183396257460117,0.0072458207979798316
5333,0.007178296335041523,0.007245404524728656
5334,0.007198929786682129,0.00724519481882453
5335,0.007192540448158979,0.0072447111597284675
5336,0.007202195003628731,0.007244097511284053
5337,0.007204756140708923,0.00724310421384871
5338,0.007186646573245525,0.007242871127091348
5339,0.007171383127570152,0.007241796613670886
5340,0.007159353233873844,0.00724024313967675
5341,0.0071666063740849495,0.007239738800562918
5342,0.007159044034779072,0.0072380074393004175
5343,0.007162265945225954,0.007237418801523745
5344,0.007155432365834713,0.0072362355608493086
5345,0.0071541666984558105,0.007235159524716437
5346,0.00715252012014389,0.007234291932545603
5347,0.007151119410991669,0.007232984765432775
5348,0.007150178775191307,0.007232220033183694
5349,0.007149457465857267,0.007231647684238851
5350,0.007148347795009613,0.007230813945643604
5351,0.007147148717194796,0.007229683436453343
5352,0.007147487252950668,0.007228631433099509
5353,0.007148741744458675,0.007227358231320977
5354,0.007146636489778757,0.007226690459065139
5355,0.0071537490002810955,0.007226172373630106
5356,0.007154534570872784,0.007225308027118444
5357,0.007168733514845371,0.007224215921014548
5358,0.007183907553553581,0.007223938331007957
5359,0.00722118467092514,0.007223904421553015
5360,0.007165472023189068,0.007222770377993583
5361,0.007145971059799194,0.007222123728133738
5362,0.007147346623241901,0.007221054411493242
5363,0.007166839204728603,0.007220492735505104
5364,0.007198333740234375,0.007220123549923301
5365,0.00719821872189641,0.007219399730674922
5366,0.0071806092746555805,0.007219103612005711
5367,0.007168114185333252,0.0072182151582092045
5368,0.007156758569180965,0.007217186791822314
5369,0.007155208382755518,0.007216267795301974
5370,0.007151131518185139,0.007214779951609671
5371,0.007150815799832344,0.00721430869307369
5372,0.007162223570048809,0.007213223492726684
5373,0.007168508134782314,0.007212124252691865
5374,0.007170381024479866,0.007211397979408503
5375,0.007170200347900391,0.007210081527009606
5376,0.007170517463237047,0.007209797943942249
5377,0.007178140804171562,0.007208974179811776
5378,0.007170405238866806,0.0072078639036044475
5379,0.007160474546253681,0.0072071047127246855
5380,0.007148168049752712,0.007205515401437879
5381,0.007144765928387642,0.007204947709105909
5382,0.007148580625653267,0.007203117022290826
5383,0.007154423743486404,0.0072024536365643144
5384,0.007138079032301903,0.007200535712763667
5385,0.007136760279536247,0.007199760698713362
5386,0.007156495004892349,0.007197837517596781
5387,0.007161661051213741,0.007197432462126016
5388,0.007170279510319233,0.007195547837764025
5389,0.007170390337705612,0.0071951687103137376
5390,0.007179774343967438,0.00719346163328737
5391,0.007207899354398251,0.0071932881698012355
5392,0.007165904156863689,0.007191424230113625
5393,0.007136275060474873,0.007190556451678276
5394,0.007144620642066002,0.0071887163585051895
5395,0.007196914404630661,0.007188643007539213
5396,0.007218949031084776,0.007187603563070297
5397,0.007150897290557623,0.007186948540620506
5398,0.007157590240240097,0.007185488916002214
5399,0.007185996510088444,0.007185059147886932
5400,0.007197658997029066,0.007183779045008123
5401,0.0071806772612035275,0.007183031081221997
5402,0.007174678146839142,0.007181815542280674
5403,0.007192282006144524,0.007181564560160041
5404,0.007137100677937269,0.00718033442273736
5405,0.00714234821498394,0.007179361935704946
5406,0.007184966932982206,0.007178304088301957
5407,0.007158275693655014,0.007176929800771177
5408,0.007138892076909542,0.007175779375247657
5409,0.007149045355618,0.007174884979613125
5410,0.0071615539491176605,0.007174227288924157
5411,0.007139129098504782,0.0071729289833456274
5412,0.0071360087022185326,0.007171803163364529
5413,0.00714321993291378,0.007170801139436662
5414,0.007160133216530085,0.007170365955680609
5415,0.007149421144276857,0.00716971936635673
5416,0.007134869694709778,0.007169128460809589
5417,0.007125414442270994,0.007168087428435683
5418,0.007134618703275919,0.00716733995359391
5419,0.007128516212105751,0.007166421418078244
5420,0.007122578099370003,0.007165733319707215
5421,0.007113087922334671,0.007164930179715157
5422,0.007124035619199276,0.007164374701678753
5423,0.007123845163732767,0.0071636732015758755
5424,0.007118110544979572,0.0071629163715988394
5425,0.007119751535356045,0.0071620412170886995
5426,0.007124478928744793,0.007161218062974512
5427,0.007133266422897577,0.007160683125257492
5428,0.007137301843613386,0.007160119456239044
5429,0.0071447924710810184,0.0071598675381392245
5430,0.0071599967777729034,0.0071596830617636446
5431,0.007175558712333441,0.007159744687378407
5432,0.007145162671804428,0.00715936235152185
5433,0.007117212750017643,0.007158751515671611
5434,0.007109375670552254,0.007157855974510312
5435,0.007111297454684973,0.007157043544575572
5436,0.00712291244417429,0.007156250718981028
5437,0.007138881832361221,0.0071555919758975505
5438,0.0071598244830966,0.007155323754996061
5439,0.007170805707573891,0.007155317980796098
5440,0.007133699022233486,0.007155061438679695
5441,0.007111985236406326,0.007154515227302909
5442,0.0071046724915504456,0.0071539715118706226
5443,0.007111736107617617,0.00715346621349454
5444,0.007123174145817757,0.00715314363129437
5445,0.007130532991141081,0.007152907294221222
5446,0.007131424732506275,0.007152696340344846
5447,0.007133547216653824,0.007152520618401468
5448,0.00713568227365613,0.007152375653386116
5449,0.007125198841094971,0.007152133067138493
5450,0.007107838056981564,0.007151727969758212
5451,0.007105193100869656,0.0071513084135949615
5452,0.007111317478120327,0.007150946715846658
5453,0.0071282824501395226,0.007150742122903466
5454,0.007147795520722866,0.007150753713212907
5455,0.007136442698538303,0.007150580650195479
5456,0.007117981556802988,0.007150215120054782
5457,0.007107376586645842,0.007149601550772786
5458,0.007101267576217651,0.007148775150999427
5459,0.0071069467812776566,0.007147632772102952
5460,0.00711007509380579,0.007147078802809119
5461,0.007110176142305136,0.007146720853634179
5462,0.007096720859408379,0.0071462145959958435
5463,0.007093691732734442,0.007145483121275902
5464,0.007098931819200516,0.007144489102065563
5465,0.007111798040568829,0.0071436248952522876
5466,0.007118547335267067,0.007143004275858403
5467,0.007107455283403397,0.007142397686839104
5468,0.007099246606230736,0.007141822567209601
5469,0.00709601491689682,0.007141230632551014
5470,0.007103336043655872,0.0071407526778057215
5471,0.007119134999811649,0.007140435869805515
5472,0.007122580427676439,0.007140039438381791
5473,0.007123652845621109,0.007139590885490179
5474,0.007122920826077461,0.007139116283506155
5475,0.007143794093281031,0.0071388522209599615
5476,0.007162665016949177,0.007138773696497082
5477,0.007108492776751518,0.007138077216222882
5478,0.007096259854733944,0.007137335762381554
5479,0.0071380105800926685,0.007137111122719943
5480,0.007188166491687298,0.00713751110713929
5481,0.00709576066583395,0.007137021054513752
5482,0.007160660345107317,0.007137141851708293
5483,0.007149059325456619,0.007137088207527995
5484,0.007149141281843185,0.007137198830023408
5485,0.007138815708458424,0.00713721938431263
5486,0.0071068149991333485,0.00713672258425504
5487,0.007111473940312862,0.0071362207131460305
5488,0.007148378528654575,0.007136001703329385
5489,0.0071880510076880455,0.007136178310029209
5490,0.0071005551144480705,0.007135386117734015
5491,0.00717307161539793,0.007135037840344012
5492,0.007234805263578892,0.007135726851411164
5493,0.0071227638982236385,0.0071355917397886515
5494,0.007329906336963177,0.0071374445967376235
5495,0.007149394601583481,0.0071369693987071514
5496,0.0076020220294594765,0.007140800128690898
5497,0.0076315272599458694,0.007145606428384781
5498,0.0072981929406523705,0.007147012455388904
5499,0.0074242642149329185,0.007149395132437349
5500,0.007374796085059643,0.0071511665033176545
5501,0.00725632905960083,0.007151923021301627
5502,0.007356214802712202,0.007153738387860358
5503,0.007232067175209522,0.007154136239551008
5504,0.007451229728758335,0.007157277530059219
5505,0.007446409203112125,0.0071603181399405
5506,0.007412292994558811,0.007162591400556266
5507,0.007412837818264961,0.007165137021802366
5508,0.007414903957396746,0.007167897140607238
5509,0.007331807631999254,0.00716972476337105
5510,0.007365812081843615,0.00717176734469831
5511,0.007287211716175079,0.007173248170875013
5512,0.0073741828091442585,0.00717562991194427
5513,0.007286586333066225,0.0071770635759457945
5514,0.007345682475715876,0.007178919068537653
5515,0.007308003958314657,0.00718050489667803
5516,0.00736377015709877,0.00718279390130192
5517,0.0073368181474506855,0.007184907938353718
5518,0.0073331804014742374,0.007186893555335701
5519,0.007286308333277702,0.00718847147654742
5520,0.007340999785810709,0.007190655693411827
5521,0.0073096719570457935,0.007192621533758939
5522,0.007252450101077557,0.007193905678577721
5523,0.007259901612997055,0.007195266243070364
5524,0.007204712368547916,0.007196132261306047
5525,0.0071926424279809,0.007196861170232296
5526,0.0072142211720347404,0.007197758592665196
5527,0.007167092524468899,0.007198096853680908
5528,0.0072920131497085094,0.00719964396674186
5529,0.007224831730127335,0.007200444359332323
5530,0.007347180508077145,0.007202316196635365
5531,0.007380875293165445,0.007204369362443686
5532,0.007176470477133989,0.007204682440496981
5533,0.00719608785584569,0.007205471191555262
5534,0.007240419276058674,0.0072067816276103255
5535,0.007126866839826107,0.0072069373214617375
5536,0.007242933847010136,0.007208137535490096
5537,0.007130741141736507,0.0072080561285838484
5538,0.007174601778388023,0.007208203901536763
5539,0.007149622775614262,0.007207992072217166
5540,0.007101499009877443,0.007207670072093606
5541,0.007149783428758383,0.007208048054017127
5542,0.00711697805672884,0.0072081711096689104
5543,0.007095158565789461,0.007208005334250629
5544,0.007143639959394932,0.007208209992386401
5545,0.007097810506820679,0.007207882767543197
5546,0.007099908776581287,0.007207567607983947
5547,0.0071154567413032055,0.0072073867032304405
5548,0.007086190860718489,0.007206891789101064
5549,0.007077956572175026,0.007206419366411865
5550,0.0070813982747495174,0.007206154968589545
5551,0.007081285119056702,0.007205915888771414
5552,0.00705263065174222,0.007205329020507634
5553,0.00707674864679575,0.007204813682474196
5554,0.007066225633025169,0.007203997983597219
5555,0.0070595163851976395,0.007203228720463813
5556,0.007057256530970335,0.007202621470205486
5557,0.007043486926704645,0.007201982573606074
5558,0.0070412978529930115,0.007201382876373828
5559,0.007047496270388365,0.007200788371264934
5560,0.007037844508886337,0.00720006606541574
5561,0.007030051201581955,0.0071992648160085085
5562,0.007049942389130592,0.00719879703130573
5563,0.007034724112600088,0.007198207355104387
5564,0.0070290532894432545,0.007197508569806815
5565,0.007032429799437523,0.007196714887395501
5566,0.0070298947393894196,0.007195828361436725
5567,0.007025483530014753,0.007195008643902838
5568,0.007036820985376835,0.007194384387694299
5569,0.007048862986266613,0.007193912868387997
5570,0.007051386870443821,0.007193393376655877
5571,0.007054777350276709,0.007192749800160527
5572,0.007038571871817112,0.007191909714601934
5573,0.007024195045232773,0.0071909151365980506
5574,0.007016151212155819,0.007189847440458834
5575,0.007020785938948393,0.007188617358915508
5576,0.007021544501185417,0.00718720615375787
5577,0.0070206294767558575,0.0071863275207579135
5578,0.007015685550868511,0.007185521777719259
5579,0.007024751510471106,0.007184389187023044
5580,0.007028122432529926,0.00718278874643147
5581,0.007014228031039238,0.007181973420083523
5582,0.007010018453001976,0.00718046700116247
5583,0.007012272719293833,0.0071790991351008415
5584,0.007011626847088337,0.007177723990753293
5585,0.007012614980340004,0.007176461983472109
5586,0.007009734865278006,0.007175491182133556
5587,0.007012023124843836,0.007174496673978865
5588,0.007010601926594973,0.007173118907958269
5589,0.007022865116596222,0.007171467049047351
5590,0.007029743865132332,0.007170758936554194
5591,0.007039220537990332,0.007169420425780118
5592,0.00702436501160264,0.007167316023260355
5593,0.007016253657639027,0.007166250920854509
5594,0.007018649484962225,0.0071631383523345
5595,0.007017089985311031,0.007161815306171775
5596,0.007004471495747566,0.007155839800834656
5597,0.00699367793276906,0.007149461307562888
5598,0.007001541554927826,0.007146494793705643
5599,0.0070037548430264,0.007142289699986577
5600,0.007001041434705257,0.007138552153483033
5601,0.007004245184361935,0.0071360313147306445
5602,0.0070078205317258835,0.007132547372020781
5603,0.00701358076184988,0.007130362507887185
5604,0.007021490018814802,0.00712606511078775
5605,0.0070251962170004845,0.007121852980926633
5606,0.00703281257301569,0.007118058176711201
5607,0.007026465609669685,0.007114194454625249
5608,0.007014907896518707,0.007110194494016469
5609,0.007004403974860907,0.007106920457445085
5610,0.007000663783401251,0.007103268974460662
5611,0.007003194186836481,0.0071004287991672755
5612,0.007001078687608242,0.0070966977579519155
5613,0.007002687081694603,0.007093858765438199
5614,0.007013751659542322,0.007090539457276463
5615,0.007022613659501076,0.007087685554288328
5616,0.007010892033576965,0.00708415677305311
5617,0.007010848261415958,0.007080897074192762
5618,0.007000599056482315,0.0070775712607428435
5619,0.007000577170401812,0.007074713949114084
5620,0.007013363763689995,0.007071437588892877
5621,0.007007052190601826,0.007068411391228438
5622,0.006989393383264542,0.007065780824050307
5623,0.006989336106926203,0.007063075168989599
5624,0.006998462602496147,0.007061012671329081
5625,0.007000369019806385,0.007059089937247336
5626,0.006993886083364487,0.007056886586360634
5627,0.00699949637055397,0.007055210624821484
5628,0.007004828192293644,0.007052338775247335
5629,0.007008454762399197,0.007050175005570054
5630,0.007010460365563631,0.007046807804144919
5631,0.00699892733246088,0.007042988324537873
5632,0.00700371153652668,0.0070412607351318
5633,0.007002554833889008,0.007039325404912233
5634,0.007003176957368851,0.0070369529817253355
5635,0.006990326568484306,0.007035587579011917
5636,0.006980753503739834,0.007032965775579214
5637,0.0069909305311739445,0.007031567669473588
5638,0.007001165300607681,0.007029833304695785
5639,0.006991748698055744,0.0070282545639202
5640,0.0069903661496937275,0.0070271432353183625
5641,0.007009540684521198,0.007025740807875991
5642,0.00700517650693655,0.007024622792378068
5643,0.006998036056756973,0.007023651567287743
5644,0.006987996399402618,0.00702209513168782
5645,0.006981811486184597,0.007020935141481459
5646,0.006984971463680267,0.007019785768352449
5647,0.006985296495258808,0.007018484165892005
5648,0.006981625221669674,0.0070174385095015165
5649,0.0069730887189507484,0.007016389830969274
5650,0.0069696344435215,0.007015272192656994
5651,0.006976182572543621,0.007014221167191863
5652,0.006976808421313763,0.007013462944887579
5653,0.006979621015489101,0.007012491668574512
5654,0.006975878495723009,0.00701158819720149
5655,0.006988177075982094,0.007010874804109335
5656,0.007013262715190649,0.007010434865951538
5657,0.007022357080131769,0.0070102235674858095
5658,0.007007354870438576,0.007009884137660265
5659,0.007002209313213825,0.007009431268088519
5660,0.007004347629845142,0.007009096299298107
5661,0.007001359481364489,0.0070088093820959325
5662,0.006981434300541878,0.007008124301210046
5663,0.006985694169998169,0.0070076340017840265
5664,0.006993861868977547,0.007007282087579369
5665,0.006983588449656963,0.007006793674081564
5666,0.0069712926633656025,0.007006207653321325
5667,0.006968830246478319,0.0070056411204859614
5668,0.0069773271679878235,0.007005046182312072
5669,0.006986997090280056,0.007004427523352206
5670,0.006994478404521942,0.007003858438692987
5671,0.007004063576459885,0.007003351300954819
5672,0.007019765209406614,0.0070031632343307134
5673,0.007009934633970261,0.007003020630218088
5674,0.006986984051764011,0.00700272895861417
5675,0.0069695948623120785,0.007002217047847807
5676,0.006978902034461498,0.007001790623180568
5677,0.006993550341576338,0.007001519831828773
5678,0.006991748698055744,0.007001280463300646
5679,0.006985244806855917,0.0070008853962644935
5680,0.006997375749051571,0.00700057792942971
5681,0.0069802794605493546,0.007000238443724811
5682,0.006989289540797472,0.007000031154602766
5683,0.006997991353273392,0.006999888340942562
5684,0.007001590449362993,0.0069997879769653085
5685,0.007015302311629057,0.006999814850278199
5686,0.0069918264634907246,0.006999635766260326
5687,0.006995507050305605,0.0069994706055149436
5688,0.00699699716642499,0.006999334557913244
5689,0.006985451560467482,0.006998960422351957
5690,0.00698766577988863,0.006998539641499519
5691,0.0069671133533120155,0.006997818569652736
5692,0.006978921126574278,0.006997364130802453
5693,0.007007946260273457,0.006997281056828797
5694,0.006982847582548857,0.006996923037804663
5695,0.0069818636402487755,0.006996570774354041
5696,0.006990871392190456,0.006996434773318469
5697,0.006984957493841648,0.006996347568929195
5698,0.006978536956012249,0.00699611752294004
5699,0.006969994865357876,0.0069957799231633545
5700,0.006985878571867943,0.006995628294534981
5701,0.006979390978813171,0.006995379752479494
5702,0.006963430903851986,0.006994935856200754
5703,0.00696089630946517,0.006994409011676908
5704,0.006962416227906942,0.006993818273767829
5705,0.006960621569305658,0.006993172527290881
5706,0.006966942455619574,0.006992513826116919
5707,0.006952286697924137,0.006991772036999464
5708,0.00697688665241003,0.006991391824558377
5709,0.0069975471124053,0.006991323255933821
5710,0.007013197988271713,0.006991448597982525
5711,0.007001186721026897,0.00699142852332443
5712,0.007008133921772242,0.00699149907566607
5713,0.006979403086006641,0.00699126623570919
5714,0.006967185065150261,0.00699080056976527
5715,0.0069647906348109245,0.006990222339518368
5716,0.006963326595723629,0.006989746685139835
5717,0.006965781562030315,0.0069892960181459785
5718,0.006964969914406538,0.00698893972672522
5719,0.006976404692977667,0.006988698001950979
5720,0.006972531788051128,0.006988289682194591
5721,0.006965954788029194,0.006987878708168864
5722,0.006966279819607735,0.006987647572532296
5723,0.006956452503800392,0.006987318736501038
5724,0.006952968426048756,0.006986863794736564
5725,0.0069537837989628315,0.0069863979425281286
5726,0.006945895031094551,0.006985918032005429
5727,0.0069534326903522015,0.006985457395203411
5728,0.006968416273593903,0.006985093276016414
5729,0.006966541986912489,0.006984674148261547
5730,0.006977812387049198,0.006984347668476403
5731,0.006977749988436699,0.006984135895036161
5732,0.006989194080233574,0.0069839907204732295
5733,0.006995268166065216,0.006983917853794992
5734,0.006994413211941719,0.00698383021634072
5735,0.006992718204855919,0.006983854132704437
5736,0.006970605812966824,0.006983752655796707
5737,0.006954697892069817,0.006983390329405665
5738,0.006956745870411396,0.006982946135103703
5739,0.006970514543354511,0.0069827337935566905
5740,0.006985542830079794,0.006982685560360551
5741,0.0069931885227561,0.0069825220387429
5742,0.006968226283788681,0.006982152536511421
5743,0.006985716987401247,0.006982029345817864
5744,0.006978553254157305,0.006981934914365411
5745,0.00695388438180089,0.006981655643321574
5746,0.006950714625418186,0.006981313074938953
5747,0.006943967659026384,0.006980899786576629
5748,0.0069617610424757,0.006980701144784689
5749,0.006959748454391956,0.006980567742139101
5750,0.006948376074433327,0.0069803551584482195
5751,0.0069548808969557285,0.00698014214169234
5752,0.006948302499949932,0.006979857082478702
5753,0.0069349380210042,0.006979410252533853
5754,0.006938017904758453,0.006979031646624207
5755,0.006935635581612587,0.006978506231680512
5756,0.00694791367277503,0.006977852741256356
5757,0.006949803326278925,0.006977127203717828
5758,0.006937312427908182,0.006976426779292524
5759,0.006960979662835598,0.006976014482788741
5760,0.006957945413887501,0.0069755504606291655
5761,0.006975323893129826,0.006975290104746818
5762,0.007002539932727814,0.006975501161068678
5763,0.006956614088267088,0.006975210360251367
5764,0.006963556632399559,0.0069749073078855875
5765,0.006937827914953232,0.00697444970253855
5766,0.006944428663700819,0.006974181062541902
5767,0.006970515474677086,0.00697419791482389
5768,0.006968304514884949,0.006974107688292861
5769,0.006973125971853733,0.006973968977108598
5770,0.006968959234654903,0.0069737137854099275
5771,0.006962420418858528,0.006973297353833913
5772,0.006971550639718771,0.006972815208137036
5773,0.006954879499971867,0.006972264656797051
5774,0.0069388775154948235,0.0069717835914343594
5775,0.0069318246096372604,0.0069714058889076115
5776,0.0069442614912986755,0.006971059483475983
5777,0.006950614973902702,0.006970630129799247
5778,0.006947890855371952,0.006970191551372409
5779,0.0069419387727975845,0.006969758491031826
5780,0.006925636902451515,0.006969041102565825
5781,0.006924713961780071,0.0069684854475781325
5782,0.006930156610906124,0.0069678941182792185
5783,0.006924915127456188,0.006967163356021047
5784,0.006925367750227451,0.006966401129029691
5785,0.006924873683601618,0.006965496842749417
5786,0.006928380578756332,0.006964862383902073
5787,0.006916553247720003,0.006964072845876217
5788,0.006918052677065134,0.0069632834009826184
5789,0.006930799223482609,0.0069627368776127695
5790,0.0069321636110544205,0.006962181855924427
5791,0.006923554930835962,0.006961746271699667
5792,0.0069248611107468605,0.006961205671541393
5793,0.006927512586116791,0.0069604013347998265
5794,0.006940782070159912,0.006959980679675936
5795,0.006943252868950367,0.006959594571962952
5796,0.006969206500798464,0.006959377923049032
5797,0.006986331194639206,0.006959391660057008
5798,0.006948145106434822,0.006959087741561234
5799,0.006935023702681065,0.006958738029934466
5800,0.006932191550731659,0.0069582011597231035
5801,0.006953768897801638,0.006957944938912988
5802,0.0069533153437078,0.006957843783311546
5803,0.006977673154324293,0.006958011551760137
5804,0.0069963145069777966,0.006958350534550846
5805,0.0069350069388747215,0.006958094388246536
5806,0.006945461500436068,0.006957879578694701
5807,0.006940228398889303,0.006957758995704353
5808,0.006964176893234253,0.006957631898112595
5809,0.006989689543843269,0.006957553322426975
5810,0.006929505150765181,0.006956716394051909
5811,0.006933354772627354,0.006956038074567914
5812,0.006947178393602371,0.006955428519286215
5813,0.006988640874624252,0.006955520897172392
5814,0.006934585981070995,0.006955194906331599
5815,0.0069158608093857765,0.006954705608077347
5816,0.0069267526268959045,0.00695433986838907
5817,0.006950876675546169,0.006954190819524229
5818,0.006963187828660011,0.006954172998666764
5819,0.006948988419026136,0.006953898835927248
5820,0.00692166481167078,0.006953390166163444
5821,0.006911950185894966,0.006952850120142102
5822,0.006920633837580681,0.006952393660321831
5823,0.006920925807207823,0.006952038393355906
5824,0.006925289053469896,0.006951761599630117
5825,0.006909613497555256,0.006951319896616042
5826,0.006907440721988678,0.006950935353524983
5827,0.006903525907546282,0.0069504362856969235
5828,0.006906816735863686,0.006949820290319621
5829,0.00690335500985384,0.006949188420549035
5830,0.006901733577251434,0.006948427632451058
5831,0.006904447451233864,0.006947694607079029
5832,0.0069147320464253426,0.006946949986740947
5833,0.006922944448888302,0.006946226749569177
5834,0.006918801926076412,0.006945470636710524
5835,0.006907912902534008,0.006944622583687305
5836,0.006899341009557247,0.006943909935653209
5837,0.0069029079750180244,0.0069433920364826915
5838,0.0069076078943908215,0.006942900656722486
5839,0.006903303787112236,0.006942228549160063
5840,0.006899259053170681,0.006941365711390972
5841,0.006900881417095661,0.006940442640334368
5842,0.006902400869876146,0.0069397843861952425
5843,0.0069021498784422874,0.006938948715105653
5844,0.0068947202526032925,0.0069381103850901125
5845,0.0068890368565917015,0.006937461909838021
5846,0.006893194280564785,0.006936886706389487
5847,0.006899782456457615,0.006936444854363799
5848,0.0068975649774074554,0.006935802893713117
5849,0.006892245262861252,0.0069351278617978095
5850,0.006884673610329628,0.0069344908371567725
5851,0.006888599134981632,0.006933828019537031
5852,0.006896489299833775,0.00693330988753587
5853,0.006885870359838009,0.0069328192109242084
5854,0.0068825287744402885,0.006932264319621026
5855,0.006883059628307819,0.006931738560087979
5856,0.0068874116986989975,0.006931133540347218
5857,0.006887922063469887,0.0069305147277191285
5858,0.0068907355889678,0.0069300489593297245
5859,0.006904464680701494,0.006929483809508383
5860,0.006944633089005947,0.006929350686259567
5861,0.00698521314188838,0.006929449578747153
5862,0.00689889770001173,0.006928413156419993
5863,0.006916381418704987,0.006928010829724372
5864,0.007000896148383617,0.006928384224884212
5865,0.006909475661814213,0.006928100702352822
5866,0.006930145435035229,0.006927957870066166
5867,0.006984866224229336,0.006928101377561688
5868,0.006944023538380861,0.006927858567796648
5869,0.006998730357736349,0.006928114611655474
5870,0.006917435675859451,0.00692759937606752
5871,0.006970626302063465,0.006927681434899568
5872,0.006972623057663441,0.006927692159079016
5873,0.0069410670548677444,0.006927554034627974
5874,0.00695563480257988,0.006927721607498824
5875,0.0069552334025502205,0.006927955695427954
5876,0.006929166615009308,0.006927804746665061
5877,0.006964711472392082,0.006927945711649955
5878,0.0069457427598536015,0.006927924230694771
5879,0.006946053355932236,0.006927965376526117
5880,0.006966260261833668,0.006928371610119939
5881,0.006947356276214123,0.00692859803326428
5882,0.006911047734320164,0.006928406944498419
5883,0.006936090067028999,0.006928518693894148
5884,0.006924527697265148,0.006928510293364525
5885,0.00692161126062274,0.006928477669134736
5886,0.00692053884267807,0.006928399251773953
5887,0.006909437943249941,0.006928328098729253
5888,0.006904084235429764,0.006928188414312899
5889,0.006903966888785362,0.006927920090965926
5890,0.006887869443744421,0.006927477149292827
5891,0.006914776749908924,0.0069273893674835565
5892,0.006903171539306641,0.006927172471769154
5893,0.006898220628499985,0.006926879552192986
5894,0.006885610520839691,0.006926327836699784
5895,0.006888431031256914,0.0069257796183228495
5896,0.006897185929119587,0.00692505941260606
5897,0.0068783145397901535,0.00692397924605757
5898,0.00688455393537879,0.0069233433343470095
5899,0.006883878726512194,0.006922831884585321
5900,0.006890444550663233,0.006922414414584637
5901,0.006890839897096157,0.0069217851245775815
5902,0.006880514323711395,0.006921057114377618
5903,0.006884574890136719,0.0069201261317357425
5904,0.006887589115649462,0.006919038877822459
5905,0.0068778982385993,0.006918467790819704
5906,0.006870875135064125,0.006917721927165985
5907,0.006878879386931658,0.0069171084370464085
5908,0.006870070938020945,0.006916167377494275
5909,0.006880277767777443,0.006915073259733617
5910,0.00688210129737854,0.006914599221199751
5911,0.006870981305837631,0.006913975486531854
5912,0.006874093320220709,0.006913244635798037
5913,0.006876159459352493,0.006912119821645319
5914,0.006883733440190554,0.006911611296236515
5915,0.006881275214254856,0.006911265440285206
5916,0.0068801213055849075,0.0069107991270720955
5917,0.0069122458808124065,0.006910412819124758
5918,0.006924895569682121,0.00691002989653498
5919,0.006918707396835089,0.006909727086313069
5920,0.006924784742295742,0.006909758285619318
5921,0.006910284981131554,0.006909741633571684
5922,0.006927143782377243,0.00690980673301965
5923,0.006899955682456493,0.006909597031772137
5924,0.006888720206916332,0.006909231343306601
5925,0.006889687851071358,0.006909032086841762
5926,0.006883562076836824,0.006908793300390244
5927,0.006877712905406952,0.0069085351703688505
5928,0.006867881864309311,0.006908145821653306
5929,0.006887916009873152,0.0069079914316535
5930,0.0068906876258552074,0.006907880972139537
5931,0.006885002367198467,0.006907686521299183
5932,0.006895523052662611,0.006907494431361556
5933,0.006925947964191437,0.006907524466514587
5934,0.006934793666005135,0.0069076843839138745
5935,0.006895699538290501,0.00690756225027144
5936,0.0068907951936125755,0.006907476792111993
5937,0.006889514159411192,0.0069073428539559245
5938,0.006882211193442345,0.0069070888869464395
5939,0.006901935674250126,0.006907075205817819
5940,0.0069248247891664505,0.006907330863177776
5941,0.0068781254813075066,0.006907103303819895
5942,0.006893016863614321,0.006907009463757277
5943,0.006889126729220152,0.006906879232265056
5944,0.006892409175634384,0.006906856121495366
5945,0.006883254274725914,0.006906798295676708
5946,0.0068985093384981155,0.006906851446256041
5947,0.00688907178118825,0.0069067443395033476
5948,0.006890034303069115,0.006906669032759965
5949,0.00689028762280941,0.006906649456359446
5950,0.00688856840133667,0.0069066884042695165
5951,0.006870369426906109,0.006906506107188761
5952,0.0068765743635594845,0.006906306957826018
5953,0.00686484482139349,0.006906096702441573
5954,0.006877831183373928,0.006906049726530909
5955,0.006862353067845106,0.006905842660926282
5956,0.006872568745166063,0.006905694231390953
5957,0.006871742662042379,0.006905532437376678
5958,0.006883849389851093,0.006905463575385511
5959,0.006888337433338165,0.006905302302911877
5960,0.006898237392306328,0.006904838345944881
5961,0.00689657824113965,0.006903951996937394
5962,0.0069162314757704735,0.0069041253346949815
5963,0.006895099766552448,0.006903912518173456
5964,0.00691219000145793,0.006903025456704199
5965,0.00689284922555089,0.006902859192341566
5966,0.006891239434480667,0.006902470132336021
5967,0.006872400641441345,0.006901345476508141
5968,0.006855121348053217,0.006900456454604864
5969,0.006874655839055777,0.006899215709418058
5970,0.006911482661962509,0.006899156179279089
5971,0.006932232528924942,0.006898772241547704
5972,0.0068746344186365604,0.0068977923551574345
5973,0.0068662273697555065,0.006897043958306312
5974,0.006884690839797258,0.006896334518678486
5975,0.00689669931307435,0.0068957491777837275
5976,0.006900613661855459,0.006895463648252189
5977,0.006913685239851475,0.006894953385926783
5978,0.006891291588544846,0.006894408874213696
5979,0.006866306997835636,0.006893611410632729
5980,0.006882328540086746,0.00689277209341526
5981,0.006924510467797518,0.006892543635331094
5982,0.006891455035656691,0.0068923477083444595
5983,0.006881376262754202,0.006891800570301711
5984,0.00685848668217659,0.006891140160150826
5985,0.006881575100123882,0.006890739798545837
5986,0.0068806009367108345,0.006890340419486165
5987,0.006871470715850592,0.006889960747212171
5988,0.006869924254715443,0.006889619147405029
5989,0.006868734490126371,0.006889266823418438
5990,0.006863616872578859,0.0068890242977067825
5991,0.006864926777780056,0.006888525797985494
5992,0.006849061232060194,0.00688798469491303
5993,0.006853664293885231,0.006887539131566882
5994,0.00686285737901926,0.006887311600148677
5995,0.006862294860184193,0.00688705023843795
5996,0.006856512278318405,0.006886643501929939
5997,0.0068446192890405655,0.006886306549422443
5998,0.006838181056082249,0.006885842820629477
5999,0.006856384687125683,0.006885567880235612
6000,0.006847321055829525,0.006885136645287275
6001,0.006848501972854137,0.006884713266044855
6002,0.006840313319116831,0.006884311255998909
6003,0.0068348427303135395,0.006883813934400677
6004,0.006834926083683968,0.006883287304081023
6005,0.006839462090283632,0.006882902942597866
6006,0.006842220667749643,0.006882616397924721
6007,0.006845529191195965,0.0068822828959673645
6008,0.006837778724730015,0.006881959973834455
6009,0.006833962164819241,0.006881496817804873
6010,0.006836559623479843,0.006881041401065886
6011,0.006848510354757309,0.006880816691555083
6012,0.00686310650780797,0.006880706823430956
6013,0.006851057056337595,0.0068804557994008066
6014,0.006845805328339338,0.006880076518282294
6015,0.0068368325009942055,0.006879632091149688
6016,0.006846543867141008,0.006879296316765249
6017,0.00686037540435791,0.006878777612000704
6018,0.006838766857981682,0.006877916324883699
6019,0.00683960597962141,0.006877125310711563
6020,0.006846762262284756,0.006876345085911453
6021,0.006843979004770517,0.006875682026147843
6022,0.0068457541055977345,0.006874868129380048
6023,0.006839738227427006,0.006874265954829753
6024,0.0068483613431453705,0.0068738623661920425
6025,0.006854010745882988,0.006873505595140159
6026,0.006836989428848028,0.006873039868660271
6027,0.006843001581728458,0.0068726927554234865
6028,0.006842305883765221,0.0068724369956180455
6029,0.006845938041806221,0.006872017215937376
6030,0.006838161498308182,0.0068714919546619055
6031,0.006830024532973766,0.006870942176319659
6032,0.0068381596356630325,0.006870368542149663
6033,0.006838112138211727,0.006869490183889866
6034,0.006841152440756559,0.00686855377163738
6035,0.006828734185546637,0.006867884118109941
6036,0.00682876817882061,0.006867263847962022
6037,0.0068405987694859505,0.006866774694062769
6038,0.006831642240285873,0.006866269004531205
6039,0.006825983989983797,0.006865509487688541
6040,0.006822085008025169,0.006864482089877128
6041,0.0068224165588617325,0.0068639250006526705
6042,0.00682015810161829,0.006863196413032711
6043,0.006820899900048971,0.006862514144740999
6044,0.006814812310039997,0.0068617381760850546
6045,0.006817745044827461,0.0068610830837860706
6046,0.00681578554213047,0.006860255845822394
6047,0.006816606968641281,0.006859531197696924
6048,0.0068161459639668465,0.0068587923143059015
6049,0.0068166740238666534,0.006858056178316474
6050,0.006821553222835064,0.006857386026531458
6051,0.0068280757404863834,0.00685696308966726
6052,0.006842940114438534,0.006856626747176051
6053,0.006860504392534494,0.006856583342887461
6054,0.006906341295689344,0.006856868444010615
6055,0.006825701333582401,0.006856501926667988
6056,0.006832043640315533,0.006856096675619483
6057,0.006889362819492817,0.006856272877193988
6058,0.0068731121718883514,0.00685616550501436
6059,0.006854691542685032,0.006855829046107828
6060,0.006849322002381086,0.006855339892208576
6061,0.0068301246501505375,0.006854675356298685
6062,0.006824270822107792,0.006853755749762058
6063,0.0068304287269711494,0.006853109039366245
6064,0.006830765400081873,0.0068522947933524845
6065,0.006846949458122253,0.006851835795678198
6066,0.006855568382889032,0.006851479085162282
6067,0.006873629055917263,0.006851491369307041
6068,0.006834055297076702,0.006851280708797276
6069,0.0068468693643808365,0.006851002844050527
6070,0.006854095961898565,0.006850428977049888
6071,0.006829875521361828,0.006849405406974256
6072,0.006839673034846783,0.006849055793136358
6073,0.006887706927955151,0.006849270588718355
6074,0.006826709024608135,0.006848690770566463
6075,0.006865842267870903,0.006848382200114429
6076,0.006931358017027378,0.006848689643666148
6077,0.006859464105218649,0.00684814743231982
6078,0.006959864869713783,0.0068488331651315095
6079,0.006882503628730774,0.006848995131440461
6080,0.006995250005275011,0.006850124346092343
6081,0.006873220670968294,0.006849611448124051
6082,0.007002315483987331,0.006850720052607357
6083,0.006860991008579731,0.006850516200065613
6084,0.0069830892607569695,0.0068517622258514165
6085,0.006864544935524464,0.006851591924205422
6086,0.00701714726164937,0.006852957387454808
6087,0.006909867748618126,0.006853341357782483
6088,0.007003007456660271,0.006854672189801931
6089,0.0069354986771941185,0.006855339831672609
6090,0.006916099227964878,0.006855864655226469
6091,0.0069156549870967865,0.006856371937319636
6092,0.006907493341714144,0.006856956258416176
6093,0.006898851599544287,0.0068574081314727664
6094,0.006900385487824678,0.006857783412560821
6095,0.006870349869132042,0.006857863962650299
6096,0.006877379026263952,0.006858072630129755
6097,0.00685780867934227,0.006858204524032772
6098,0.00686020078137517,0.0068584247212857006
6099,0.006852027960121632,0.006858381154015661
6100,0.006851781625300646,0.0068584257597103715
6101,0.0068358127027750015,0.00685829886700958
6102,0.006835835985839367,0.006858254093676805
6103,0.006835249252617359,0.006858258158899844
6104,0.0068449703976511955,0.006858358602039516
6105,0.00684079434722662,0.006858371924608946
6106,0.006840622052550316,0.006858355938456953
6107,0.006829333491623402,0.006858193981461227
6108,0.006823300383985043,0.006858049198053777
6109,0.0068216472864151,0.006857926049269736
6110,0.006822600960731506,0.006857786462642252
6111,0.006820318754762411,0.006857504546642304
6112,0.006816643290221691,0.006857039914466441
6113,0.0068040830083191395,0.006856570173986256
6114,0.006801209412515163,0.006856124214828015
6115,0.006803008262068033,0.0068557859724387524
6116,0.006806899793446064,0.006855389531701803
6117,0.006805690936744213,0.006854842687025666
6118,0.00680359685793519,0.0068544909870252016
6119,0.006803146097809076,0.006854126388207078
6120,0.006812314968556166,0.006853781915269792
6121,0.006836381740868092,0.006853705942630768
6122,0.006885881535708904,0.0068541072169318795
6123,0.006820624694228172,0.006853916081599892
6124,0.006797545589506626,0.006853407924063503
6125,0.006806837394833565,0.00685293619055301
6126,0.006847549695521593,0.006853041793219745
6127,0.006931237876415253,0.0068539241561666134
6128,0.0067983935587108135,0.006853485032916069
6129,0.006919896695762873,0.006854224619455635
6130,0.006866352632641792,0.006854506530798971
6131,0.006803751923143864,0.006854243804700673
6132,0.006817529909312725,0.00685403750743717
6133,0.006844081915915012,0.006854097205214202
6134,0.006881254725158215,0.006854498228058219
6135,0.006825894117355347,0.006854469827376306
6136,0.00680155772715807,0.00685419772285968
6137,0.006800083909183741,0.006853792574256659
6138,0.006822656840085983,0.0068537027202546594
6139,0.006841203197836876,0.00685385491233319
6140,0.006839551031589508,0.006854029572568834
6141,0.006821867078542709,0.006854024077765644
6142,0.006808646023273468,0.0068539089569821954
6143,0.006799736060202122,0.006853697318583727
6144,0.0068011293187737465,0.006853560488671064
6145,0.0068138279020786285,0.0068535213172435765
6146,0.006825145334005356,0.006853614915162325
6147,0.006834232248365879,0.006853791167959571
6148,0.006812842097133398,0.006853758129291236
6149,0.006798609159886837,0.006853577480651438
6150,0.006804852746427059,0.006853410475887358
6151,0.006827023811638355,0.006853399956598878
6152,0.006811224389821291,0.0068530827993527055
6153,0.006802171468734741,0.006852499470114708
6154,0.006805510260164738,0.006851491159759462
6155,0.006803448311984539,0.006851268629543483
6156,0.006792886182665825,0.006850877054966986
6157,0.006802271585911512,0.006850006142631173
6158,0.0068146539852023125,0.006849421560764313
6159,0.006797291338443756,0.0068488475587219
6160,0.006797458045184612,0.006848328919149935
6161,0.006798517424613237,0.006848012846894562
6162,0.0067960540764033794,0.006847730679437518
6163,0.00679378304630518,0.006847364222630858
6164,0.00680013420060277,0.0068470579106360676
6165,0.006786020006984472,0.006846448616124689
6166,0.0067954775877296925,0.006845847708173096
6167,0.006794312968850136,0.006845054547302425
6168,0.006799414753913879,0.006844708141870797
6169,0.00679585849866271,0.006844198033213615
6170,0.006789645180106163,0.006843553525395691
6171,0.006783714052289724,0.006843091910704971
6172,0.006781606934964657,0.006842511249706149
6173,0.006783170159906149,0.006841465882025659
6174,0.00678317341953516,0.006841030525974929
6175,0.006780514493584633,0.006840177248232066
6176,0.006786869373172522,0.006838732361793518
6177,0.006774022243916988,0.006837877943180502
6178,0.006770052015781403,0.006835979814641177
6179,0.006772935390472412,0.006834884132258594
6180,0.0067731644958257675,0.006832663277164102
6181,0.006775971036404371,0.0068316907808184625
6182,0.006768966093659401,0.006829357286915183
6183,0.006774884648621082,0.006828496223315597
6184,0.006772601045668125,0.006826391341164708
6185,0.006771925836801529,0.006825465150177479
6186,0.006770667620003223,0.006823000353761017
6187,0.006765792146325111,0.006821559597738087
6188,0.0067644380033016205,0.0068191739032045
6189,0.006762284319847822,0.006817441759631037
6190,0.00676357839256525,0.006815916551277041
6191,0.006764782592654228,0.006814407827332616
6192,0.006764537189155817,0.0068129782658070326
6193,0.006768256425857544,0.006811672314070165
6194,0.00677226297557354,0.006810391088947654
6195,0.006778876297175884,0.006809476353228092
6196,0.006791966035962105,0.006808622223325074
6197,0.006793381180614233,0.0068079779483377935
6198,0.006801730953156948,0.006807393250055611
6199,0.006820885930210352,0.006807081829756498
6200,0.00682494230568409,0.006806813436560333
6201,0.006812917999923229,0.006806584489531815
6202,0.006803474389016628,0.0068062608735635875
6203,0.00678575225174427,0.006805765903554857
6204,0.006778105162084103,0.006805097251199186
6205,0.006779298651963472,0.006804482294246555
6206,0.006782602518796921,0.00680390209890902
6207,0.006783993914723396,0.00680344870314002
6208,0.00680683646351099,0.0068032840639352795
6209,0.006805366836488247,0.006803121259436011
6210,0.00680369371548295,0.006802932186983526
6211,0.006805793847888708,0.006802786937914789
6212,0.00679714884608984,0.00680259199347347
6213,0.006787299178540707,0.006802424155175686
6214,0.006765814498066902,0.006802070206031203
6215,0.006765146739780903,0.006801691590808332
6216,0.006772660184651613,0.006801349194720387
6217,0.006779245566576719,0.006801084741018712
6218,0.006773454137146473,0.006800783313810826
6219,0.006768281105905771,0.006800434663891792
6220,0.006766756065189838,0.006799979074858129
6221,0.0067785559222102165,0.00679940081667155
6222,0.006770002655684948,0.006798242027871311
6223,0.006768258288502693,0.006797718363814056
6224,0.00676666758954525,0.006797409583814442
6225,0.006777014117687941,0.006797111351042986
6226,0.006788875907659531,0.006796524613164366
6227,0.0067726485431194305,0.006794938719831407
6228,0.0067772576585412025,0.006794727360829711
6229,0.006771606858819723,0.00679324446246028
6230,0.006770488806068897,0.006792285824194551
6231,0.006766072008758783,0.0067919090250507
6232,0.006762926932424307,0.006791362995281816
6233,0.006772232241928577,0.006790644498541951
6234,0.006771025247871876,0.0067895422037690875
6235,0.006758948788046837,0.006788872750476003
6236,0.006763582117855549,0.006788492994382977
6237,0.0067674810998141766,0.006788166966289282
6238,0.006774647161364555,0.006787686869502068
6239,0.006766108330339193,0.006786935920827091
6240,0.006755092181265354,0.006786091332323849
6241,0.006769050844013691,0.006785563169978559
6242,0.006762785371392965,0.006785104563459754
6243,0.00676190247759223,0.0067847262276336555
6244,0.006759861018508673,0.0067843135446310045
6245,0.0067577119916677475,0.006783752385526896
6246,0.00675329752266407,0.006783033907413483
6247,0.006749339867383242,0.006782184983603656
6248,0.006752504967153072,0.006781581612303853
6249,0.006751216948032379,0.006781107690185309
6250,0.006755500566214323,0.0067806141683831814
6251,0.006761576514691114,0.006779959695413709
6252,0.0067670769058167934,0.0067795182205736635
6253,0.006775681395083666,0.006779253319837153
6254,0.006788351573050022,0.006779081732966006
6255,0.006789457052946091,0.006778941820375622
6256,0.006789746694266796,0.006778910425491631
6257,0.0067932200618088245,0.006778819910250604
6258,0.006797553971409798,0.006778648910112679
6259,0.006802287884056568,0.006778698875568807
6260,0.0067807408049702644,0.006778531703166664
6261,0.006780944764614105,0.006778355976566672
6262,0.006781985051929951,0.006778215286321938
6263,0.006787941791117191,0.0067781568737700585
6264,0.006802051328122616,0.006778176045045257
6265,0.006780493073165417,0.006778120775707066
6266,0.006755979731678963,0.006777725797146559
6267,0.006762845441699028,0.006777411121875048
6268,0.006785690784454346,0.006777273882180452
6269,0.006797048728913069,0.006777285784482956
6270,0.006756874732673168,0.006776958080008626
6271,0.006750556640326977,0.006776626505888998
6272,0.006772869266569614,0.006776539129205048
6273,0.006773266475647688,0.006776440092362463
6274,0.006757287308573723,0.006776181231252849
6275,0.006753589957952499,0.0067759119858965275
6276,0.0067654880695044994,0.006775698172859847
6277,0.006776715628802776,0.006775725106708705
6278,0.0067550186067819595,0.006775574772618711
6279,0.006754275411367416,0.006775388172827661
6280,0.006774982437491417,0.006775406352244317
6281,0.006787395104765892,0.006775520592927933
6282,0.00678538903594017,0.00677568482235074
6283,0.006775084882974625,0.006775686824694276
6284,0.006772410124540329,0.006775684915482998
6285,0.006761459168046713,0.006775580248795449
6286,0.006769610568881035,0.006775569678284228
6287,0.006769759580492973,0.006775609352625906
6288,0.006754640489816666,0.006775511377491057
6289,0.006744911428540945,0.006775337648577988
6290,0.0067528956569731236,0.006775230821222067
6291,0.006752911489456892,0.006775112110190094
6292,0.006744657643139362,0.006774913314729929
6293,0.006734686903655529,0.006774577619507909
6294,0.006745127495378256,0.006774306264705956
6295,0.006752226501703262,0.00677403976675123
6296,0.006738869473338127,0.00677350880112499
6297,0.0067324209958314896,0.006772899199277162
6298,0.006745321676135063,0.006772335106506944
6299,0.006738139316439629,0.006771507640369236
6300,0.0067366985604166985,0.006770625202916563
6301,0.006731789093464613,0.006769813913851976
6302,0.006739906966686249,0.006769178239628673
6303,0.006737963762134314,0.006768700354732573
6304,0.00673733139410615,0.006768292617052794
6305,0.006748370360583067,0.006767983334138989
6306,0.006750782951712608,0.006767665138468147
6307,0.00676095113158226,0.006767434710636735
6308,0.006757653318345547,0.00676694287918508
6309,0.006780226249247789,0.0067666914733126755
6310,0.006793047301471233,0.006766585009172559
6311,0.006785998120903969,0.006766387051902712
6312,0.0067630186676979065,0.006766045750118792
6313,0.006773325148969889,0.006765906009823084
6314,0.006782286800444126,0.006766070732846856
6315,0.006752215791493654,0.006765941423363984
6316,0.0067352899350225925,0.006765567720867694
6317,0.006749382242560387,0.00676526908762753
6318,0.006753826513886452,0.00676507281139493
6319,0.006758015602827072,0.0067649701563641425
6320,0.006755857262760401,0.006764861168339849
6321,0.0067519573494791985,0.006764595182612538
6322,0.006745215505361557,0.0067643473111093045
6323,0.006751682609319687,0.006764181554317474
6324,0.00674799270927906,0.006763994805514813
6325,0.006740726064890623,0.00676363192498684
6326,0.006728754378855228,0.006763030709698796
6327,0.006744620390236378,0.006762750428169966
6328,0.006756447721272707,0.006762542328797281
6329,0.00675549078732729,0.006762381168082357
6330,0.0067515261471271515,0.006762191541492939
6331,0.006759632844477892,0.00676212714985013
6332,0.006777510046958923,0.006762272980995476
6333,0.006794788874685764,0.0067624985473230485
6334,0.006743899546563625,0.006762227290309965
6335,0.006748102605342865,0.006762118828482926
6336,0.006744643673300743,0.006761929444037378
6337,0.006754571571946144,0.006761800348758697
6338,0.00677090510725975,0.00676176292821765
6339,0.006762232631444931,0.006761724171228707
6340,0.00676738703623414,0.006761847119778394
6341,0.00675535574555397,0.006761710168793797
6342,0.006752845365554094,0.006761610768735409
6343,0.006747218780219555,0.006761463931761682
6344,0.006733842194080353,0.006761203743517399
6345,0.006734082940965891,0.006760967453010381
6346,0.0067377109080553055,0.006760811586864293
6347,0.006730096414685249,0.006760619152337313
6348,0.006729896180331707,0.006760393064469099
6349,0.006725021172314882,0.006760131106711924
6350,0.006733201444149017,0.006759908115491271
6351,0.006735554430633783,0.006759647894650698
6352,0.0067257508635520935,0.0067592346342280505
6353,0.006722171790897846,0.006758699538186193
6354,0.006719175726175308,0.006758007779717445
6355,0.006716979667544365,0.006757283005863428
6356,0.006716226227581501,0.006756547801196575
6357,0.006719134282320738,0.006755806943401694
6358,0.00672487448900938,0.00675508014857769
6359,0.006737769581377506,0.0067544349655509
6360,0.006750560365617275,0.006754133161157369
6361,0.006770925130695105,0.0067540329648181794
6362,0.006777485366910696,0.006753987967967987
6363,0.006740510929375887,0.006753513659350574
6364,0.006720437668263912,0.006752697522751987
6365,0.006722010672092438,0.006752112698741257
6366,0.006730180233716965,0.006751854703761637
6367,0.00672972621396184,0.006751523511484265
6368,0.006725708022713661,0.006750923683866859
6369,0.006717055104672909,0.0067501237476244565
6370,0.00671379454433918,0.006749692945741117
6371,0.006713124457746744,0.006749318623915315
6372,0.006715443916618824,0.006748744370415807
6373,0.006719687022268772,0.006748208575882018
6374,0.0067275455221533775,0.006747911158017814
6375,0.0067284065298736095,0.0067476593237370255
6376,0.0067264121025800705,0.006747268564067781
6377,0.006721448618918657,0.00674671589396894
6378,0.006720344070345163,0.006746369148604572
6379,0.006721419282257557,0.006746040587313473
6380,0.0067299604415893555,0.0067455903673544525
6381,0.006744329817593098,0.006745159714482724
6382,0.00673698540776968,0.00674467567820102
6383,0.006735396571457386,0.006744278795085847
6384,0.006749422289431095,0.006744048916734755
6385,0.006753358989953995,0.006743967914953828
6386,0.006761659402400255,0.00674388840328902
6387,0.006757920607924461,0.006743770013563335
6388,0.006742292549461126,0.00674364653415978
6389,0.006736780516803265,0.006743565225042403
6390,0.006725768558681011,0.006743293954059482
6391,0.0067144399508833885,0.006742909238673747
6392,0.006724059581756592,0.006742703258059919
6393,0.006718722637742758,0.006742543615400791
6394,0.006716277450323105,0.006742255114950239
6395,0.006707231048494577,0.006741805160418153
6396,0.006714796181768179,0.006741564427502453
6397,0.006716035772114992,0.006741400575265288
6398,0.006707844324409962,0.006741025801748037
6399,0.006710267625749111,0.0067407470848411324
6400,0.006704782135784626,0.0067404279205948115
6401,0.006708111613988876,0.006740191145800054
6402,0.0067075397819280624,0.006739867473952472
6403,0.006700535770505667,0.006739493194036186
6404,0.006707753054797649,0.006739197410643101
6405,0.006708536762744188,0.006738799074664712
6406,0.00671862019225955,0.006738477447070182
6407,0.006719665136188269,0.006738064587116241
6408,0.006711937487125397,0.00673760742880404
6409,0.006717607378959656,0.006736981240101159
6410,0.00671663973480463,0.006736217164434493
6411,0.006716850679367781,0.00673552569001913
6412,0.00672099320217967,0.006735105435363948
6413,0.006718018092215061,0.0067345523647964
6414,0.006723394617438316,0.006733963442966342
6415,0.006734511815011501,0.00673378640320152
6416,0.0067399656400084496,0.006733833160251379
6417,0.006746097467839718,0.006733800312504173
6418,0.006749182473868132,0.006733753872103989
6419,0.006737101823091507,0.006733544734306634
6420,0.006731567904353142,0.006733301840722561
6421,0.00672020623460412,0.00673298432957381
6422,0.006704838015139103,0.006732580554671586
6423,0.006710819900035858,0.006732171927578748
6424,0.006720500532537699,0.006731897005811334
6425,0.006717204116284847,0.006731661786325276
6426,0.006708462722599506,0.0067314588697627185
6427,0.006708253175020218,0.006731095197610557
6428,0.006718419026583433,0.006730714910663665
6429,0.006708819419145584,0.006730248196981847
6430,0.006705797277390957,0.006729790908284485
6431,0.006715200841426849,0.006729346588253975
6432,0.006723507307469845,0.006728806560859084
6433,0.006726254243403673,0.006728121214546263
6434,0.006697968114167452,0.0067276619002223014
6435,0.006709020584821701,0.00672727108001709
6436,0.006727149244397879,0.006727096135728061
6437,0.006707825232297182,0.006726628672331572
6438,0.006705334410071373,0.006725972965359688
6439,0.006704036146402359,0.006725391000509262
6440,0.006708237342536449,0.0067247995035722855
6441,0.006701796315610409,0.006724263909272849
6442,0.006696781143546104,0.00672370326705277
6443,0.0067127482034265995,0.00672335856128484
6444,0.006707268767058849,0.006723092827014625
6445,0.006696471944451332,0.00672271671704948
6446,0.0066963983699679375,0.006722303591668605
6447,0.006705285049974918,0.006722055478021503
6448,0.0067002419382333755,0.006721758935600519
6449,0.006691166665405035,0.006721420390531421
6450,0.006699434481561184,0.0067210827209055425
6451,0.006700659636408091,0.006720733772963286
6452,0.006699949502944946,0.006720475759357214
6453,0.006713564973324537,0.006720389691181481
6454,0.006729496642947197,0.0067204929003491995
6455,0.006738627329468727,0.0067207093769684435
6456,0.006771860644221306,0.006721265721134842
6457,0.006733385846018791,0.006721408236771822
6458,0.006722602061927319,0.0067213855125010016
6459,0.006712542846798897,0.006721133245155215
6460,0.006721603684127331,0.006720843678340316
6461,0.006744973361492157,0.006720584160648286
6462,0.006750031374394894,0.006720309620723128
6463,0.006768750958144665,0.006720592021010816
6464,0.0067173196002841,0.006720560840331018
6465,0.0067185768857598305,0.006720526502467692
6466,0.0067149680107831955,0.006720374380238354
6467,0.006703302729874849,0.0067201101453974845
6468,0.006721497513353825,0.006720068040303886
6469,0.0067163617350161076,0.006720061106607318
6470,0.006716582924127579,0.006720088990405202
6471,0.00672343373298645,0.006720192083157599
6472,0.006731250323355198,0.006720350147224963
6473,0.006720650941133499,0.00672035978641361
6474,0.006720715202391148,0.006720291483215988
6475,0.006690097972750664,0.006719908397644758
6476,0.006701857782900333,0.006719662854447961
6477,0.006704234983772039,0.006719490718096494
6478,0.00671040453016758,0.006719391322694719
6479,0.006717146374285221,0.006719348593614996
6480,0.006717548705637455,0.006719224476255476
6481,0.006706877611577511,0.006718849954195321
6482,0.00671968050301075,0.006718676905147731
6483,0.006745542865246534,0.006718778368085623
6484,0.006702184211462736,0.006718305987305939
6485,0.006691718474030495,0.006717689582146704
6486,0.006723126396536827,0.0067173042520880695
6487,0.0067800069227814674,0.00671752511523664
6488,0.006682821549475193,0.006716930405236781
6489,0.00673489598557353,0.006716911559924483
6490,0.006830612197518349,0.006717959996312857
6491,0.0066953059285879135,0.006717768656089902
6492,0.00693323090672493,0.006719860369339585
6493,0.006767961196601391,0.006720352754928172
6494,0.00716007687151432,0.006724790749140084
6495,0.007276259362697601,0.0067304810322821144
6496,0.006822447292506695,0.006731557543389499
6497,0.007061623968183994,0.006735013425350189
6498,0.0070435479283332825,0.006738370461389423
6499,0.006894303951412439,0.006740210824646055
6500,0.006906009744852781,0.006742223100736737
6501,0.006914908532053232,0.00674429106991738
6502,0.006961907260119915,0.006746834744699299
6503,0.006815711967647076,0.006747986506670713
6504,0.006884709931910038,0.006749756075441838
6505,0.006813656538724899,0.006750807273201645
6506,0.0068715400993824005,0.006752336472272873
6507,0.0068342601880431175,0.0067534824227914216
6508,0.006792654749006033,0.006754289595410228
6509,0.006786776706576347,0.006754981288686394
6510,0.006777944974601269,0.0067555943410843615
6511,0.006788237020373344,0.006756308204494417
6512,0.0067536113783717155,0.006756634386256337
6513,0.00675597507506609,0.006757013956084848
6514,0.006730100139975548,0.00675708101131022
6515,0.006727570667862892,0.006757011599838734
6516,0.006689148023724556,0.006756503423675894
6517,0.0067067998461425304,0.006756110447458923
6518,0.006731169298291206,0.006755930315703154
6519,0.006695004180073738,0.006755509339272976
6520,0.006778883282095194,0.006755982493050396
6521,0.006662207655608654,0.006755402507260442
6522,0.0067216623574495316,0.006755570750683546
6523,0.0067506758496165276,0.006755969310179352
6524,0.006672918796539307,0.006755493492819369
6525,0.006853621918708086,0.006756857670843601
6526,0.006790246814489365,0.0067576755117625
6527,0.0069882250390946865,0.006760475230403244
6528,0.00694228895008564,0.006762713929638267
6529,0.006779956631362438,0.006763425301760435
6530,0.006877293344587088,0.006765140262432396
6531,0.006757982075214386,0.006765568074770272
6532,0.006735021248459816,0.006765683214180172
6533,0.0067936512641608715,0.0067663571843877435
6534,0.006763846147805452,0.006767015964724124
6535,0.00667919497936964,0.006766717708669603
6536,0.006737865973263979,0.006766824875958264
6537,0.0066545745357871056,0.006766292368993163
6538,0.0066759223118424416,0.006765998248010874
6539,0.006649910472333431,0.006765456991270184
6540,0.006638458929955959,0.006764759207144379
6541,0.006671189330518246,0.006764453137293458
6542,0.006658620201051235,0.006764071527868509
6543,0.006620435975492001,0.006763148405589163
6544,0.006630544550716877,0.006762381163425744
6545,0.006686435081064701,0.006762280794791877
6546,0.00666526984423399,0.0067619695095345374
6547,0.006640584208071232,0.006761322501115501
6548,0.006677456200122833,0.006761094643734395
6549,0.006613816600292921,0.006760321143083274
6550,0.0066517554223537445,0.0067598443524912
6551,0.006644450128078461,0.006759282257407903
6552,0.00660398043692112,0.006758322566747665
6553,0.006598292384296656,0.006757169840857387
6554,0.00657356483861804,0.006755610522814095
6555,0.006604180671274662,0.0067542660562321544
6556,0.006582008209079504,0.006752367531880736
6557,0.00656217522919178,0.0067506554257124665
6558,0.0065587423741817474,0.00674901682883501
6559,0.006578832399100065,0.006747679724358022
6560,0.006610540673136711,0.006746569094248116
6561,0.006625662557780743,0.006745375986211002
6562,0.006562138441950083,0.006743497056886554
6563,0.006534341722726822,0.006741152964532375
6564,0.006560921669006348,0.006739588985219598
6565,0.006609953008592129,0.006738502746447921
6566,0.006569367833435535,0.0067370467446744445
6567,0.006536753382533789,0.006735381251201033
6568,0.006532370112836361,0.006733489977195859
6569,0.0065294913947582245,0.00673162127379328
6570,0.006536268629133701,0.006729818130843342
6571,0.006539908237755299,0.00672798287589103
6572,0.006569040939211845,0.006726360782049596
6573,0.006563960574567318,0.006724793878383935
6574,0.006546336226165295,0.006723050088621676
6575,0.006529472768306732,0.006721443836577237
6576,0.006517139263451099,0.006719596651382744
6577,0.006514684297144413,0.006717701144516468
6578,0.006525812670588493,0.006715855225920677
6579,0.006532670464366674,0.0067140104668214915
6580,0.006529650185257196,0.006712131481617689
6581,0.006521063856780529,0.006710273344069719
6582,0.006523594260215759,0.006708312481641769
6583,0.006528432480990887,0.006706141377799213
6584,0.006519555114209652,0.006704315086826682
6585,0.00650425162166357,0.0067024404183030125
6586,0.00650368258357048,0.006700245980173349
6587,0.006510145962238312,0.006697547370567918
6588,0.00651546148583293,0.006695873769931495
6589,0.006510205566883087,0.006693626865744591
6590,0.006498209200799465,0.006690302835777402
6591,0.006500984542071819,0.006688359621912241
6592,0.006508097983896732,0.006684108292683959
6593,0.006507946643978357,0.006681508147157729
6594,0.006503738928586245,0.006674944767728448
6595,0.006503384094685316,0.006667216015048325
6596,0.006500452756881714,0.006663996069692075
6597,0.00650810869410634,0.0066584609169512985
6598,0.006509354803711176,0.006653118985705078
6599,0.0065015521831810474,0.006649191468022763
6600,0.006496588699519634,0.006645097257569432
6601,0.006503074895590544,0.006640978921204806
6602,0.006508727557957172,0.006636447124183178
6603,0.006501182448118925,0.006633301828987897
6604,0.006498083472251892,0.006629435564391315
6605,0.006496547721326351,0.006626264476217329
6606,0.006498672999441624,0.0066225358052179216
6607,0.006501666270196438,0.006619209866039455
6608,0.006504041608422995,0.006616323734633624
6609,0.006504131015390158,0.0066134972777217626
6610,0.006507449317723513,0.006610792321152985
6611,0.006517783738672733,0.006608087788335979
6612,0.006522187031805515,0.006605773544870317
6613,0.0065109822899103165,0.006603323617018759
6614,0.00650545209646225,0.006601077136583627
6615,0.006500855088233948,0.0065988099807873365
6616,0.0065054637379944324,0.006596973137930035
6617,0.006501852534711361,0.006594923664815724
6618,0.006495065521448851,0.0065925626270473
6619,0.0064847636967897415,0.006590460222214461
6620,0.006490509957075119,0.006587576488964259
6621,0.006488468497991562,0.0065858390973880885
6622,0.006484513636678457,0.0065834676101803775
6623,0.006484796293079853,0.006580808814615011
6624,0.006491684354841709,0.006578996470198035
6625,0.006495408248156309,0.006575414333492517
6626,0.006506795063614845,0.006572579815983772
6627,0.006510446779429913,0.006567802033387125
6628,0.006506453268229961,0.006563443676568568
6629,0.006518286652863026,0.006560826976783574
6630,0.006529234349727631,0.006557346386834979
6631,0.006548252888023853,0.006555249094963074
6632,0.006514358799904585,0.006553042470477522
6633,0.006499762646853924,0.006550103584304452
6634,0.006492672022432089,0.006547391843050718
6635,0.00650053983554244,0.006545605291612446
6636,0.006509613245725632,0.006543322764337063
6637,0.00651506008580327,0.006541927619837224
6638,0.006524001248180866,0.0065404084092006085
6639,0.006530996412038803,0.006539219268597662
6640,0.006537694483995438,0.006538211624138058
6641,0.0064856018871068954,0.006536355749703944
6642,0.006485750433057547,0.006534627052024007
6643,0.006519725080579519,0.006533619943074882
6644,0.00655297702178359,0.006532844267785549
6645,0.006488380953669548,0.006530863726511598
6646,0.0065222796984016895,0.006529433825053274
6647,0.006573626771569252,0.006528764250688255
6648,0.006494739092886448,0.006526937079615891
6649,0.006580175366252661,0.006526600667275489
6650,0.006497063208371401,0.006525053745135665
6651,0.0065723261795938015,0.006524332505650818
6652,0.0065214745700359344,0.006523507446981967
6653,0.006535167805850506,0.006522876201197505
6654,0.006511080544441938,0.006522251358255744
6655,0.006508510559797287,0.0065212946571409705
6656,0.006512654013931751,0.0065206011151894925
6657,0.006496856454759836,0.0065199479274451735
6658,0.006484699435532093,0.006519207498058677
6659,0.0064993733540177345,0.006518412907607854
6660,0.006495616864413023,0.006517263669520617
6661,0.006471123546361923,0.006515718279406429
6662,0.006494107190519571,0.006515037966892123
6663,0.0064843581058084965,0.00651453813072294
6664,0.006484687328338623,0.006513775787316263
6665,0.006480695679783821,0.00651248321402818
6666,0.006478792987763882,0.0065115774655714635
6667,0.006487584672868252,0.006511085778474808
6668,0.006481776013970375,0.006510579837486148
6669,0.0064773475751280785,0.006510058399289847
6670,0.006486424710601568,0.006509559960104525
6671,0.006493087857961655,0.006509091756306588
6672,0.006492289248853922,0.00650832423940301
6673,0.006471875589340925,0.006507403389550745
6674,0.006472951266914606,0.006506669539958238
6675,0.006466574966907501,0.006506040561944247
6676,0.006471947766840458,0.00650558864697814
6677,0.006465913727879524,0.006505100941285491
6678,0.006461771205067635,0.006504460526630282
6679,0.006466993130743504,0.006503803753294051
6680,0.00646650604903698,0.006503172311931848
6681,0.0064665270037949085,0.006502626943401992
6682,0.00646442174911499,0.006502035218290985
6683,0.0064737554639577866,0.006501488448120654
6684,0.006474464200437069,0.006501037538982928
6685,0.006478490773588419,0.006500779930502176
6686,0.006494422443211079,0.006500687329098582
6687,0.006502759642899036,0.006500613465905189
6688,0.006516784895211458,0.006500626699998974
6689,0.006528912112116814,0.006500813765451312
6690,0.006511962506920099,0.006500951298512518
6691,0.006482595112174749,0.006500767404213547
6692,0.006459522061049938,0.006500281644985079
6693,0.00646582804620266,0.006499860459007323
6694,0.006490051746368408,0.006499723587185144
6695,0.006501389667391777,0.006499703642912209
6696,0.00649973563849926,0.006499696471728385
6697,0.006498750764876604,0.006499602892436087
6698,0.0064909858629107475,0.006499419203028083
6699,0.006467582657933235,0.006499079507775605
6700,0.006459136493504047,0.006498704985715449
6701,0.006469111889600754,0.006498365355655551
6702,0.006476018577814102,0.00649803826585412
6703,0.006467927247285843,0.006497705713845789
6704,0.006470842752605677,0.006497433306649327
6705,0.006467743776738644,0.0064971452672034505
6706,0.0064531913958489895,0.006496690451167524
6707,0.006455864757299423,0.006496232436038554
6708,0.006468663457781076,0.006495878654532134
6709,0.006458556279540062,0.006495422907173634
6710,0.00646368321031332,0.006494985246099531
6711,0.006466328166425228,0.006494470690377056
6712,0.006452919915318489,0.006493778019212186
6713,0.006447659805417061,0.006493144794367254
6714,0.0064599597826600075,0.006492689871229231
6715,0.00646043149754405,0.0064922856353223325
6716,0.006460719276219606,0.006491838190704584
6717,0.0064773885533213615,0.006491593550890684
6718,0.006463656201958656,0.006491279457695782
6719,0.006455930415540934,0.0064909911248832945
6720,0.006461556535214186,0.0064907015906646845
6721,0.006460736971348524,0.006490424275398254
6722,0.006457637529820204,0.006490155514329672
6723,0.006451237481087446,0.006489819926209748
6724,0.006451345048844814,0.006489416533149779
6725,0.0064428215846419334,0.006488890666514635
6726,0.0064469315111637115,0.006488292030990123
6727,0.006456486880779266,0.006487752432003617
6728,0.006449767854064703,0.006487185577861964
6729,0.006447179242968559,0.00648647450376302
6730,0.006447363644838333,0.006485655796714127
6731,0.006463366560637951,0.006484806933440268
6732,0.006454808637499809,0.00648421143181622
6733,0.0064538088627159595,0.006483751893974841
6734,0.006452119909226894,0.006483346372842789
6735,0.006443770136684179,0.006482778675854206
6736,0.006444879807531834,0.006482131341472268
6737,0.006455942522734404,0.006481540165841579
6738,0.006460424512624741,0.0064809043984860185
6739,0.006459889467805624,0.006480193329043687
6740,0.006443253252655268,0.0064792489167302845
6741,0.006439137738198042,0.006478784275241196
6742,0.006446545477956533,0.006478392225690186
6743,0.0064406851306557655,0.0064776018261909485
6744,0.006441804580390453,0.006476490101777017
6745,0.006446135696023703,0.006476067649200559
6746,0.006442976649850607,0.0064752746187150476
6747,0.006446825340390205,0.0064740066044032575
6748,0.00644270284101367,0.006473486241884529
6749,0.00643698638305068,0.00647205435205251
6750,0.006449900567531586,0.006471582725644112
6751,0.006439317483454943,0.006470252638682723
6752,0.006434145849198103,0.006469379351474344
6753,0.006441063247621059,0.00646843830589205
6754,0.0064467801712453365,0.006467795302160084
6755,0.006449696142226458,0.006467207157984376
6756,0.006469987332820892,0.006466780491173267
6757,0.006517353467643261,0.006466985461302101
6758,0.006482813507318497,0.006466966602019965
6759,0.006463784724473953,0.006466610715724528
6760,0.006460297387093306,0.00646625752095133
6761,0.00646550115197897,0.0064662012970075015
6762,0.006444802042096853,0.006465708245523274
6763,0.006441299803555012,0.006465277662500739
6764,0.006455752067267895,0.006464988309890032
6765,0.00644938088953495,0.006464675161987543
6766,0.00644832756370306,0.006464370507746935
6767,0.006466628983616829,0.00646416095085442
6768,0.006457461044192314,0.00646391780115664
6769,0.006458832882344723,0.006463732654228806
6770,0.006476923823356628,0.006463637645356357
6771,0.006483607925474644,0.006463542846031487
6772,0.006485444027930498,0.006463474393822253
6773,0.006479424424469471,0.006463549882173538
6774,0.006470173597335815,0.00646352210547775
6775,0.006452089175581932,0.006463377247564494
6776,0.006430208683013916,0.006462959856726229
6777,0.00643792562186718,0.006462679975666106
6778,0.006448706611990929,0.006462549329735339
6779,0.006437176838517189,0.006462251166813076
6780,0.006444609258323908,0.006462032198905945
6781,0.006454966962337494,0.006461916598491371
6782,0.006443074904382229,0.006461703130044043
6783,0.00643740501254797,0.006461339625529945
6784,0.0064309388399124146,0.0064609043719246985
6785,0.006429917644709349,0.006460418640635908
6786,0.006426110398024321,0.00645973552018404
6787,0.006431402638554573,0.006459021950140595
6788,0.006436081603169441,0.006458214917220175
6789,0.006447615101933479,0.006457401947118342
6790,0.006451072171330452,0.006456793043762446
6791,0.006463267374783754,0.0064565997663885355
6792,0.006453740410506725,0.006456541949883103
6793,0.006443911697715521,0.006456322786398232
6794,0.006437493488192558,0.006455797203816473
6795,0.00642345380038023,0.006455017845146358
6796,0.0064218174666166306,0.006454238663427532
6797,0.0064270468428730965,0.006453521624207497
6798,0.00642779003828764,0.006452889665961265
6799,0.006431670393794775,0.006452530543319881
6800,0.006433552131056786,0.006452274699695408
6801,0.0064271194860339165,0.00645185477565974
6802,0.0064288959838449955,0.006451383549720049
6803,0.006424282677471638,0.006450947104021907
6804,0.006416065152734518,0.006450399328023195
6805,0.006417762488126755,0.0064498995151370765
6806,0.0064172688871622086,0.006449540290050209
6807,0.006422501988708973,0.006449206662364304
6808,0.00642972020432353,0.006448817229829729
6809,0.006427381653338671,0.006448505483567715
6810,0.0064279139041900635,0.006448147790506482
6811,0.006428075022995472,0.006447765259072185
6812,0.006433228030800819,0.006447568340227008
6813,0.006434611976146698,0.006447437861934305
6814,0.006432985421270132,0.006447168118320405
6815,0.006422005128115416,0.006446783854626119
6816,0.006419835612177849,0.006446375017985701
6817,0.006418093107640743,0.006445782063528895
6818,0.006418156437575817,0.006445327065885067
6819,0.0064156497828662395,0.0064449242595583205
6820,0.006417463533580303,0.006444483329541981
6821,0.006418018136173487,0.006444056141190231
6822,0.006418243050575256,0.006443662196397781
6823,0.006411858834326267,0.00644326840993017
6824,0.006407436914741993,0.006442829328589142
6825,0.006408505141735077,0.0064424861641600726
6826,0.006410539150238037,0.006442122240550816
6827,0.0064203632064163685,0.006441761003807187
6828,0.006419457960873842,0.006441457904875278
6829,0.006420426070690155,0.006441190373152494
6830,0.0064288415014743805,0.006441005151718855
6831,0.006444509606808424,0.006440816582180559
6832,0.006453154608607292,0.006440800041891634
6833,0.00647255452349782,0.006440987498499453
6834,0.006459781900048256,0.006441064118407666
6835,0.006457989569753408,0.006441206312738359
6836,0.006435815244913101,0.006441115667112172
6837,0.0064291879534721375,0.006440848121419549
6838,0.006422995589673519,0.006440473832190037
6839,0.006406341679394245,0.006439938354305923
6840,0.006418273784220219,0.006439688559621573
6841,0.006445314735174179,0.0064397503295913336
6842,0.006475175730884075,0.006440036632120609
6843,0.006437857169657946,0.0064400083525106315
6844,0.006436594761908054,0.006439956254325807
6845,0.006417166907340288,0.006439666566438973
6846,0.006410218775272369,0.0064393389876931904
6847,0.006431606598198414,0.006439186800271272
6848,0.006425171624869108,0.006439011488109827
6849,0.0064225210808217525,0.006438866835087538
6850,0.006417103577405214,0.006438538865186274
6851,0.006421519443392754,0.0064383608847856525
6852,0.00641841534525156,0.006438203579746187
6853,0.00641624117270112,0.006437955358996987
6854,0.006425539031624794,0.006437742947600782
6855,0.006421495694667101,0.006437460943125188
6856,0.006408891174942255,0.006436849981546402
6857,0.006405489053577185,0.0064357313374057415
6858,0.006411057896912098,0.006435013781301677
6859,0.006411324255168438,0.006434489176608622
6860,0.006430191919207573,0.0064341881219297644
6861,0.00644221156835556,0.006433955226093531
6862,0.006418623495846987,0.006433693440631032
6863,0.006408507004380226,0.006433365512639284
6864,0.006405623629689217,0.0064328642282634975
6865,0.006410510279238224,0.00643247552216053
6866,0.006413382012397051,0.00643212606664747
6867,0.006426573731005192,0.006431725514121353
6868,0.0064065237529575825,0.006431216141209006
6869,0.0063993679359555244,0.006430621491745114
6870,0.0064109861850738525,0.006429962115362287
6871,0.006412366405129433,0.006429249700158834
6872,0.006407708860933781,0.006428472348488867
6873,0.00640646368265152,0.006427742741070688
6874,0.006407536566257477,0.006427116370759905
6875,0.006400687620043755,0.006426602355204523
6876,0.006401348859071732,0.006426313756965101
6877,0.006409408524632454,0.006426028585992754
6878,0.0064060864970088005,0.006425602384842933
6879,0.006395278498530388,0.006425183401443064
6880,0.0063964491710066795,0.006424701800569892
6881,0.006392322480678558,0.006424075355753302
6882,0.006387766450643539,0.006423522271215915
6883,0.006398431025445461,0.006423132531344891
6884,0.006406023167073727,0.0064228833746165035
6885,0.006396764889359474,0.006422551847063005
6886,0.006403547246009111,0.006422326215542853
6887,0.006408296525478363,0.006422095154412091
6888,0.006403050385415554,0.006421764842234552
6889,0.006415973883122206,0.006421448430046439
6890,0.0064415112137794495,0.006421352820470929
6891,0.006465604063123465,0.006421376187354326
6892,0.00640371348708868,0.006420875918120145
6893,0.006394262425601482,0.0064203794253990054
6894,0.006405428983271122,0.006420058780349791
6895,0.006413113791495562,0.006419955380260944
6896,0.006442923564463854,0.006420166441239416
6897,0.006481032818555832,0.0064207063009962435
6898,0.006409846246242523,0.0064205268630757924
6899,0.006420815363526344,0.006420418312773108
6900,0.006445393897593021,0.006420536730438471
6901,0.006442928686738014,0.006420694822445512
6902,0.006433028262108564,0.006420736145228148
6903,0.0064369444735348225,0.006420862763188779
6904,0.006432604975998402,0.006421028161421418
6905,0.006439013406634331,0.006421240670606494
6906,0.0064126793295145035,0.006421194775030017
6907,0.006413070950657129,0.0064211004646494985
6908,0.0064171077683568,0.006420974340289831
6909,0.006433108821511269,0.006421031611971557
6910,0.0064695365726947784,0.0064214478386566045
6911,0.0064161717891693115,0.006421328806318342
6912,0.006424227729439735,0.006421238803304732
6913,0.0064298007637262344,0.006421190691180527
6914,0.006433732807636261,0.006421198165044189
6915,0.006451462861150503,0.0064214927423745394
6916,0.006459039635956287,0.006421884782612324
6917,0.006448452826589346,0.0064221883798018095
6918,0.006434558425098658,0.006422352399677038
6919,0.006435479037463665,0.006422550692223012
6920,0.006433943752199411,0.0064227154944092035
6921,0.006409586872905493,0.006422631181776523
6922,0.00641805212944746,0.0064226292725652456
6923,0.00642723124474287,0.006422782996669412
6924,0.006430597044527531,0.006423014597967267
6925,0.006423560436815023,0.006423165150918067
6926,0.006414624862372875,0.0064232060080394145
6927,0.006411448121070862,0.00642311685718596
6928,0.006414466071873903,0.006423066938295961
6929,0.006409731227904558,0.006422959989868105
6930,0.006408053450286388,0.006422752109356225
6931,0.006413277238607407,0.006422439785674214
6932,0.006412082351744175,0.006422029063105583
6933,0.006409046705812216,0.006421393984928727
6934,0.006397730205208063,0.006420773467980325
6935,0.006411025766283274,0.006420303829945624
6936,0.0063857827335596085,0.006419803504832089
6937,0.006390293128788471,0.006419414556585252
6938,0.00640323618426919,0.006419216962531209
6939,0.006384444423019886,0.006418997989967466
6940,0.006391598377376795,0.006418731235899031
6941,0.006408944725990295,0.006418367535807192
6942,0.006377216894179583,0.006417387947440147
6943,0.006393861025571823,0.006416947985999286
6944,0.006394323892891407,0.006416525277309119
6945,0.006381456274539232,0.006416168170981109
6946,0.006401226855814457,0.00641607825178653
6947,0.006387995555996895,0.006415642141364515
6948,0.006382623687386513,0.006415216661989689
6949,0.00638800160959363,0.006414871467277408
6950,0.0063818683847785,0.006414519115351141
6951,0.006382109131664038,0.006414125012233853
6952,0.006380164530128241,0.00641374250408262
6953,0.006377894897013903,0.006413359041325748
6954,0.006381158251315355,0.006412915233522653
6955,0.006377836223691702,0.006412478638812899
6956,0.006375429220497608,0.006412144019268453
6957,0.006376380566507578,0.006411852934397757
6958,0.0063827852718532085,0.006411570208147168
6959,0.006372349802404642,0.006411180463619531
6960,0.006377475801855326,0.006410653302446008
6961,0.006372071802616119,0.0064099519047886135
6962,0.006365430541336536,0.006409419975243509
6963,0.006368993781507015,0.006409024843014777
6964,0.006365468725562096,0.006408623293973506
6965,0.006363305263221264,0.006408151243813336
6966,0.0063654761761426926,0.006407672185450792
6967,0.00636359304189682,0.006407042378559709
6968,0.006364353932440281,0.006406620680354536
6969,0.006371833849698305,0.006406345339491963
6970,0.006386129185557365,0.006406096769496799
6971,0.006412219256162643,0.006406095298007131
6972,0.006399394012987614,0.006406012149527669
6973,0.0063843633979558945,0.006405791146680713
6974,0.00636625848710537,0.006405378365889192
6975,0.006367686204612255,0.0064050483517348765
6976,0.006390253081917763,0.006404937393963337
6977,0.006417791359126568,0.006405021222308278
6978,0.006430155131965876,0.006405261908657849
6979,0.006391868926584721,0.006405227812938392
6980,0.006396487820893526,0.006405228199437261
6981,0.006423257291316986,0.006405537547543645
6982,0.006375403609126806,0.006405413919128478
6983,0.006376167293637991,0.0064051912818104025
6984,0.006416784133762121,0.006405298891477287
6985,0.006428636610507965,0.006405617608688772
6986,0.006375873927026987,0.00640534087549895
6987,0.006385790184140205,0.006405115812085569
6988,0.006404112558811903,0.006405126433819532
6989,0.006398544646799564,0.006404952141456306
6990,0.006387052591890097,0.0064044075552374125
6991,0.0063689472153782845,0.006403440986759961
6992,0.006379036232829094,0.006403194214217364
6993,0.006385245360434055,0.006403104043565691
6994,0.00638052960857749,0.006402855049818754
6995,0.006366511806845665,0.006402389029972255
6996,0.00636283541098237,0.00640158814843744
6997,0.0063865045085549355,0.006400642865337432
6998,0.006397952325642109,0.006400523926131428
6999,0.006381272338330746,0.006400128495879471
7000,0.0063724033534526825,0.006399398590438068
7001,0.006393604911863804,0.0063989053526893255
7002,0.006415884476155043,0.00639873391482979
7003,0.006411642301827669,0.006398480893112719
7004,0.0064036063849925995,0.006398190907202661
7005,0.006429637316614389,0.006398097146302462
7006,0.006425999104976654,0.006398230344057083
7007,0.006387310102581978,0.006397972735576332
7008,0.006374487653374672,0.0063975465344265105
7009,0.00636829249560833,0.006396898371167481
7010,0.0063756550662219524,0.006395959556102753
7011,0.00638718344271183,0.0063956696726381775
7012,0.006384959444403648,0.006395276989787817
7013,0.006375635974109173,0.006394735341891646
7014,0.006378084886819124,0.006394178862683475
7015,0.006375876720994711,0.006393423001281917
7016,0.00635605538263917,0.006392393158748746
7017,0.006361228879541159,0.006391520919278264
7018,0.00636429525911808,0.006390818287618458
7019,0.0063585154712200165,0.006390048651956022
7020,0.0063570598140358925,0.0063892798125743866
7021,0.006366911344230175,0.006388853057287634
7022,0.006363715976476669,0.006388309695757925
7023,0.0063646044582128525,0.006387683427892626
7024,0.006367644760757685,0.006387053905054927
7025,0.006363910622894764,0.006386457406915724
7026,0.006358968559652567,0.0063859008438885215
7027,0.006360144820064306,0.006385387810878456
7028,0.0063659255392849445,0.006384902405552566
7029,0.006367064546793699,0.0063844757387414575
7030,0.006361529231071472,0.0063840104965493085
7031,0.006366838701069355,0.006383546111173928
7032,0.0063550095073878765,0.006382975382730365
7033,0.006355324760079384,0.006382438163273036
7034,0.006360815372318029,0.006382069014944136
7035,0.0063566481694579124,0.006381525238975882
7036,0.0063515277579426765,0.006381182689219713
7037,0.0063559492118656635,0.006380839250050485
7038,0.00635440181940794,0.006380350906401873
7039,0.006353697273880243,0.006380043434910476
7040,0.006357060745358467,0.006379698058590293
7041,0.006358424201607704,0.006379192853346467
7042,0.006349269766360521,0.006378913382068276
7043,0.006351033225655556,0.006378485104069114
7044,0.006356153171509504,0.006378103396855295
7045,0.006356428377330303,0.006377853117883205
7046,0.006357137113809586,0.006377412220463157
7047,0.0063664261251688,0.006377196526154876
7048,0.006383615545928478,0.006377206444740296
7049,0.006395782809704542,0.006377284256741405
7050,0.006427837535738945,0.006377743948251009
7051,0.00640480313450098,0.006377970888279378
7052,0.006388080306351185,0.006378050046041608
7053,0.006372529547661543,0.006377996392548085
7054,0.0063569555059075356,0.0063777543650940065
7055,0.006356501951813698,0.006377541022375226
7056,0.0063461726531386375,0.006377248456701636
7057,0.006357938051223755,0.006377064031548798
7058,0.006362506654113531,0.006376861245371401
7059,0.006375090219080448,0.006376888649538159
7060,0.006373324431478977,0.0063768471358343955
7061,0.006380259059369564,0.00637692900840193
7062,0.006365422159433365,0.0063769289245828985
7063,0.006357656326144934,0.006376815550029277
7064,0.006356806494295597,0.006376728927716613
7065,0.006355122663080692,0.0063766471017152075
7066,0.0063527836464345455,0.006376520176418126
7067,0.006349504925310612,0.006376379295252263
7068,0.006348407827317715,0.006376219834201038
7069,0.006350746378302574,0.006376008959487081
7070,0.0063525354489684105,0.006375673022121191
7071,0.006347869988530874,0.006375029529444873
7072,0.006343554705381393,0.006374471136368811
7073,0.006337667815387249,0.006374004180543125
7074,0.006341857835650444,0.006373760174028575
7075,0.006339413113892078,0.006373477443121374
7076,0.006335255224257708,0.006372927464544773
7077,0.006343150045722723,0.006372181051410734
7078,0.006342217326164246,0.006371301673352718
7079,0.0063363928347826,0.006370746912434697
7080,0.00633626151829958,0.006370144649408758
7081,0.00633673882111907,0.0063692794647067785
7082,0.0063436864875257015,0.006368962293490768
7083,0.00634521571919322,0.006368652777746319
7084,0.006342696957290173,0.0063679119059816
7085,0.006343349348753691,0.006367059033364058
7086,0.0063473437912762165,0.00636677373200655
7087,0.006347945891320705,0.0063663952890783545
7088,0.006346961483359337,0.0063658237783238295
7089,0.006345772184431553,0.006365296053700149
7090,0.006344016175717115,0.006364865689538419
7091,0.00634567067027092,0.006364632924087346
7092,0.0063516246154904366,0.006364358807913959
7093,0.006344537250697613,0.006363951726816594
7094,0.006340297870337963,0.0063635494094342
7095,0.006345480680465698,0.0063633390981704
7096,0.006342543289065361,0.00636313617695123
7097,0.0063390471041202545,0.006362661602906883
7098,0.006334785837680101,0.006362029938027263
7099,0.006346935406327248,0.006361686568707228
7100,0.0063448213040828705,0.00636141074821353
7101,0.006337343715131283,0.006360848136246204
7102,0.006345158908516169,0.006360140880569815
7103,0.0063434774056077,0.006359459231607616
7104,0.006336613092571497,0.0063587892986834045
7105,0.006343843415379524,0.006357931359671057
7106,0.00633447989821434,0.006357016167603433
7107,0.006345720030367374,0.0063566002668812875
7108,0.0063331457786262035,0.0063561868481338026
7109,0.006335041020065546,0.006355854333378375
7110,0.006337284110486507,0.00635547062382102
7111,0.006336642429232597,0.006354965213686228
7112,0.006336580030620098,0.006354481419548392
7113,0.0063470033928751945,0.006354195093736053
7114,0.006359796971082687,0.006354012214578688
7115,0.0063782199285924435,0.006354035646654666
7116,0.006394103169441223,0.006354416124522686
7117,0.006392554845660925,0.006354729384183883
7118,0.006370905786752701,0.00635479548946023
7119,0.006357400678098202,0.006354784341529012
7120,0.006368118338286877,0.006354894926771521
7121,0.0063730329275131226,0.006354956142604351
7122,0.006347754038870335,0.006354796523228287
7123,0.006350346375256777,0.006354653942398727
7124,0.006365503184497356,0.006354632526636123
7125,0.00635480834171176,0.006354541503824294
7126,0.006351145915687084,0.006354463277384639
7127,0.0063601331785321236,0.006354463160969317
7128,0.006364787463098764,0.006354451780207455
7129,0.006364352069795132,0.006354424655437469
7130,0.006365049164742231,0.0063544598547741775
7131,0.006352386903017759,0.006354315336793661
7132,0.006337557919323444,0.006354140820913017
7133,0.006362057290971279,0.006354208146221936
7134,0.006385853514075279,0.006354458527639508
7135,0.006382680032402277,0.006354718846268952
7136,0.006386808585375547,0.006355071654543281
7137,0.006394817028194666,0.006355460332706571
7138,0.006399535574018955,0.006355911670252681
7139,0.006387469358742237,0.006356249391101301
7140,0.006372797768563032,0.006356406761333346
7141,0.0063588921912014484,0.006356411441229284
7142,0.0063434261828660965,0.00635635300539434
7143,0.006371817085891962,0.006356560843996704
7144,0.006361916661262512,0.006356618478894234
7145,0.006343433633446693,0.0063564885314553975
7146,0.006363566033542156,0.006356552820652723
7147,0.0063553377985954285,0.006356441937386989
7148,0.006337760016322136,0.0063559833820909266
7149,0.006343942601233721,0.006355464980006218
7150,0.0063379546627402306,0.006354566151276231
7151,0.006351325195282698,0.006354031371884048
7152,0.006353069096803665,0.0063536812597885725
7153,0.0063293930143117905,0.006353249894455075
7154,0.006328975316137075,0.006352970092557371
7155,0.006332533434033394,0.006352730407379568
7156,0.00632729846984148,0.006352541665546596
7157,0.006333247292786837,0.0063522947579622265
7158,0.006323238834738731,0.006351902079768479
7159,0.006322366651147604,0.00635137484408915
7160,0.006328023970127106,0.006350921839475632
7161,0.006330503150820732,0.006350424280390144
7162,0.006326563656330109,0.006350035695359111
7163,0.006319623440504074,0.006349655366502702
7164,0.006323578301817179,0.006349323084577918
7165,0.006322619505226612,0.006348998052999377
7166,0.006319041363894939,0.0063486606301739815
7167,0.006325033959001303,0.0063484159205108885
7168,0.00632672943174839,0.006348199136555195
7169,0.006321381311863661,0.006347905485890806
7170,0.006323510780930519,0.006347615239210427
7171,0.006321591790765524,0.006347352457232773
7172,0.006324128247797489,0.006347158192656934
7173,0.006321238353848457,0.006346993898041546
7174,0.006313822232186794,0.00634671354200691
7175,0.006315648555755615,0.006346475896425546
7176,0.006320072803646326,0.006346324072219431
7177,0.006310062482953072,0.0063459931965917345
7178,0.006310032680630684,0.0063456713501364
7179,0.006320592015981674,0.00634551334194839
7180,0.006319423206150532,0.006345344958826899
7181,0.006322058849036694,0.006345198159106075
7182,0.006329636089503765,0.006345057655125857
7183,0.006336669437587261,0.0063449721923097965
7184,0.006338858976960182,0.006344933812506497
7185,0.006341102533042431,0.006344911344349384
7186,0.00635133171454072,0.006344951223582029
7187,0.006393629591912031,0.006345408060587943
7188,0.006361388601362705,0.006345552331767976
7189,0.006365490145981312,0.006345749511383474
7190,0.0063905008137226105,0.006346214357763529
7191,0.006327729672193527,0.006346034947782755
7192,0.006341957487165928,0.00634593827649951
7193,0.006376130506396294,0.006346254209056497
7194,0.006345129106193781,0.006346302521415055
7195,0.0063470471650362015,0.0063463181862607595
7196,0.006337796337902546,0.006346270716749132
7197,0.006318534724414349,0.0063460655929520726
7198,0.006350443232804537,0.006346222166903317
7199,0.006353806704282761,0.006346290879882872
7200,0.006324756890535355,0.006346090235747397
7201,0.006336831953376532,0.006346085118129849
7202,0.006344588939100504,0.0063460794184356925
7203,0.006321943365037441,0.00634586407802999
7204,0.006344296969473362,0.006345940916799009
7205,0.006330392323434353,0.006345806405879557
7206,0.006331544369459152,0.006345777050592005
7207,0.006344453431665897,0.0063457643846049905
7208,0.006333716679364443,0.006345770093612373
7209,0.00633353041484952,0.006345754987560213
7210,0.006324563175439835,0.006345627778209746
7211,0.00632716529071331,0.006345533006824553
7212,0.006323800887912512,0.006345405215397477
7213,0.0063247596845030785,0.006345182778313756
7214,0.0063337949104607105,0.006344922757707536
7215,0.006327066104859114,0.006344411219470203
7216,0.006330348551273346,0.006343773673288524
7217,0.006330213043838739,0.006343150255270302
7218,0.006326325237751007,0.006342704449780285
7219,0.006347011774778366,0.006342600560747087
7220,0.006337855011224747,0.006342297927476466
7221,0.006328854709863663,0.006341856145299971
7222,0.006335410289466381,0.006341732707805931
7223,0.006339219398796558,0.006341621438041329
7224,0.006340167485177517,0.006341368081048131
7225,0.006326918490231037,0.006341089182533324
7226,0.006316434592008591,0.006340742069296539
7227,0.006321942433714867,0.006340360161848366
7228,0.00632048025727272,0.0063399170897901055
7229,0.006319545675069094,0.006339469025842846
7230,0.0063066198490560055,0.006338884732685983
7231,0.006303536705672741,0.006338396230712533
7232,0.006315711420029402,0.006338177765719592
7233,0.006309087388217449,0.006337648066692054
7234,0.006314252037554979,0.006336932051926852
7235,0.006316818296909332,0.006336273434571922
7236,0.0063100289553403854,0.00633550563827157
7237,0.006323684938251972,0.006334794317372144
7238,0.0063314903527498245,0.006334113865159452
7239,0.006325789727270603,0.006333497068844736
7240,0.006333708763122559,0.006333106178790331
7241,0.006358677987009287,0.006333104036748409
7242,0.0064041754230856895,0.006333711529150605
7243,0.006312643177807331,0.006333119790069759
7244,0.006337710656225681,0.00633287773001939
7245,0.006422838661819696,0.006333671780303121
7246,0.006320027634501457,0.0063332363963127134
7247,0.006377989426255226,0.006333462912589311
7248,0.006398829631507397,0.006334073608741164
7249,0.006349123548716307,0.00633412541821599
7250,0.0064151897095143795,0.006334897768683731
7251,0.0063348375260829926,0.006334732891991735
7252,0.006395071744918823,0.006335152918472886
7253,0.006365915760397911,0.006335518145933747
7254,0.006371998228132725,0.0063359483750537035
7255,0.006428926717489958,0.00633691230788827
7256,0.006331583485007286,0.0063369551580399275
7257,0.006407873705029488,0.006337701422162354
7258,0.006339198909699917,0.006337861022911966
7259,0.0063398112542927265,0.006338035468943417
7260,0.0063871825113892555,0.006338627054356038
7261,0.006337800063192844,0.00633870002347976
7262,0.006346124690026045,0.006338895633816719
7263,0.0063499934040009975,0.006339199333451688
7264,0.0063354261219501495,0.006339317811653018
7265,0.0063275620341300964,0.006339367236942053
7266,0.006337052211165428,0.006339547345414758
7267,0.006343638990074396,0.006339733395725489
7268,0.006337670609354973,0.006339842807501554
7269,0.006337915547192097,0.006340008149854839
7270,0.006344131659716368,0.006340214358642697
7271,0.0063478583469986916,0.006340477024205029
7272,0.00633874349296093,0.006340623176656663
7273,0.00651285145431757,0.006342539307661354
7274,0.006515557877719402,0.00634455666411668
7275,0.006554518826305866,0.006346945366822183
7276,0.006620720960199833,0.006349951848387718
7277,0.0065177506767213345,0.006352028730325401
7278,0.006522553041577339,0.006354153933934867
7279,0.006558154243975878,0.006356529556214809
7280,0.00653316592797637,0.006358666983433067
7281,0.006517322733998299,0.006360619622282684
7282,0.006487300153821707,0.006362196262925863
7283,0.00646184291690588,0.006363447997719049
7284,0.006454656831920147,0.006364605976268649
7285,0.00646901736035943,0.0063658851245418195
7286,0.006473769433796406,0.0063671095017343755
7287,0.006459889933466911,0.006367772105149925
7288,0.006445839535444975,0.006368616614490747
7289,0.006449530832469463,0.006369457021355629
7290,0.006427731830626726,0.00636982933152467
7291,0.006401279009878635,0.006370564824901521
7292,0.00640999898314476,0.00637124523986131
7293,0.006412698421627283,0.006371610919013619
7294,0.0064205750823020935,0.006372365378774702
7295,0.006415402516722679,0.006373048932291567
7296,0.006388165056705475,0.006373552619479596
7297,0.006380284205079079,0.006374170114286244
7298,0.006372787058353424,0.006374393552541733
7299,0.006386066321283579,0.006374716148711741
7300,0.006403021514415741,0.006375498794950545
7301,0.006395327392965555,0.006376083749346435
7302,0.006379160098731518,0.006376429460942745
7303,0.006371253170073032,0.006376922558993101
7304,0.006357195321470499,0.0063770515425130726
7305,0.0063642882741987705,0.006377390502020717
7306,0.006366209127008915,0.006377737149596214
7307,0.006355588790029287,0.006377848503179848
7308,0.006357955280691385,0.006378090889193118
7309,0.006360062398016453,0.006378356209024787
7310,0.006362872198224068,0.006378739299252629
7311,0.006367044523358345,0.00637913809157908
7312,0.006357504986226559,0.00637947513256222
7313,0.006351700983941555,0.006379744545556605
7314,0.0063521964475512505,0.00637992856092751
7315,0.006352033466100693,0.006380178234539926
7316,0.00635177455842495,0.0063803924946114424
7317,0.006348424591124058,0.0063805746100842956
7318,0.0063447305001318455,0.006380758662708104
7319,0.0063452692702412605,0.006380741237662733
7320,0.006346573121845722,0.006380828418768942
7321,0.006345619447529316,0.006380996066145599
7322,0.006345863454043865,0.0063811005977913735
7323,0.0063422322273254395,0.006381130726076663
7324,0.006341192405670881,0.006381140975281596
7325,0.006346169859170914,0.006381333488970995
7326,0.0063465191051363945,0.006381634334102273
7327,0.006345923990011215,0.006381874149665237
7328,0.006344652734696865,0.006382115874439478
7329,0.006342308595776558,0.006382343503646553
7330,0.006346067413687706,0.006382737979292869
7331,0.006352733355015516,0.006383229945786297
7332,0.006345491390675306,0.006383527745492756
7333,0.006347584538161755,0.006383912716992199
7334,0.00634872168302536,0.006384257413446903
7335,0.006344960071146488,0.006384538831189275
7336,0.0063506728038191795,0.006384945269674063
7337,0.0063452525064349174,0.0063851609453558925
7338,0.006340491585433483,0.0063852509576827286
7339,0.006344065070152283,0.006385433711111546
7340,0.006338784471154213,0.006385484468191862
7341,0.006339150946587324,0.006385289197787643
7342,0.006339032202959061,0.006384637765586376
7343,0.006335061974823475,0.006384861953556538
7344,0.006338076665997505,0.006384865613654256
7345,0.006341116037219763,0.006384048387408256
7346,0.006337718106806278,0.006384225292131305
7347,0.0063429055735468864,0.006383874453604221
7348,0.006351707968860865,0.006383403236977756
7349,0.00636317441239953,0.0063835437456145885
7350,0.006372016854584217,0.0063831120170652865
7351,0.006378022022545338,0.00638354386202991
7352,0.0063902512192726135,0.006383495656773448
7353,0.006399382837116718,0.006383830327540636
7354,0.006386048160493374,0.006383970826864243
7355,0.006373870652168989,0.006383420266211033
7356,0.006364142522215843,0.006383745856583118
7357,0.006371592171490192,0.006383383041247725
7358,0.006354881916195154,0.006383539871312678
7359,0.006354869343340397,0.006383690452203154
7360,0.006372077390551567,0.006383539400994778
7361,0.006391928531229496,0.006384080685675145
7362,0.006413772236555815,0.006384757161140442
7363,0.00636699516326189,0.006384927178733051
7364,0.006359077524393797,0.006385163692757487
7365,0.006371700204908848,0.006385605074465275
7366,0.006357342470437288,0.006385807977057994
7367,0.00635554501786828,0.0063859270373359325
7368,0.006363825406879187,0.006386188585311175
7369,0.006358017213642597,0.0063863896019756795
7370,0.006338115315884352,0.006386329438537359
7371,0.006340230815112591,0.006386253163218498
7372,0.006356211379170418,0.006386427842080593
7373,0.006340767256915569,0.0063847070001065735
7374,0.006348935421556234,0.006383040775544941
7375,0.006345673464238644,0.006380952321924269
7376,0.006331897806376219,0.006378064090386033
7377,0.006337850354611874,0.006376265087164938
7378,0.006335994228720665,0.0063743994990363715
7379,0.0063348133116960526,0.006372166089713574
7380,0.006341248285025358,0.006370246913284063
7381,0.006346326321363449,0.006368536949157715
7382,0.006348964758217335,0.006367153595201671
7383,0.006355921737849712,0.006366094383411109
7384,0.006352580618113279,0.0063650736212730406
7385,0.006334555335342884,0.006363729001022876
7386,0.0063322121277451515,0.006362313427962363
7387,0.006331993732601404,0.006361034465953708
7388,0.006334759294986725,0.006359923663549125
7389,0.006333161611109972,0.0063587599713355305
7390,0.006336486432701349,0.0063578475173562765
7391,0.006336466409265995,0.00635719939135015
7392,0.006334420759230852,0.0063564436091110114
7393,0.006337424740195274,0.006355690872296691
7394,0.006331612356007099,0.006354801245033741
7395,0.006331155076622963,0.006353958770632744
7396,0.00633945781737566,0.006353471698239446
7397,0.0063437833450734615,0.00635310668963939
7398,0.006350783631205559,0.006352886655367911
7399,0.0063607050105929375,0.0063526330422610045
7400,0.0063648708164691925,0.006352251535281539
7401,0.006347822956740856,0.006351776490919292
7402,0.006363163702189922,0.006351616526953876
7403,0.006384226493537426,0.00635174626018852
7404,0.006371770054101944,0.006351892007514835
7405,0.00638061948120594,0.006352055319584906
7406,0.0063858600333333015,0.00635225182864815
7407,0.006400004494935274,0.00635269598569721
7408,0.006383799947798252,0.006352954432368278
7409,0.006367051042616367,0.006353024318814278
7410,0.006362058222293854,0.006353016179054975
7411,0.006351219955831766,0.006352857933379709
7412,0.006334670819342136,0.0063526295917108655
7413,0.006349212024360895,0.006352604702115059
7414,0.006350301206111908,0.006352585749700665
7415,0.0063644954934716225,0.006352710369974375
7416,0.006358190439641476,0.00635277452878654
7417,0.006346190348267555,0.006352752186357975
7418,0.006351581774652004,0.006352820699103177
7419,0.006343637593090534,0.006352804382331669
7420,0.006327031645923853,0.006352608967572451
7421,0.006343175657093525,0.006352584529668093
7422,0.006343643646687269,0.006352562331594527
7423,0.006334727630019188,0.006352487285621464
7424,0.006341175641864538,0.006352487117983401
7425,0.006329406052827835,0.0063523194799199705
7426,0.006322288420051336,0.006352077173069119
7427,0.006332860328257084,0.006351946536451578
7428,0.006331897806376219,0.006351818987168372
7429,0.006320334505289793,0.006351599246263504
7430,0.006331360898911953,0.006351452181115746
7431,0.006330239586532116,0.006351227243430913
7432,0.0063288225792348385,0.006351060555316508
7433,0.006325798109173775,0.006350842691026628
7434,0.006324958987534046,0.0063506050640717146
7435,0.006330798380076885,0.006350463447161019
7436,0.006334464531391859,0.006350301364436746
7437,0.006337307393550873,0.0063502219133079055
7438,0.006348378956317902,0.006350300787016749
7439,0.006352429278194904,0.006350384429097176
7440,0.006352357100695372,0.006350520155392587
7441,0.0063453661277890205,0.006350582307204604
7442,0.006331328768283129,0.006350505272857845
7443,0.006324539892375469,0.0063504000520333646
7444,0.006327083334326744,0.006350290118716657
7445,0.006327918265014887,0.006350158140994608
7446,0.006337716244161129,0.006350158122368157
7447,0.006347415503114462,0.006350203221663833
7448,0.006334660109132528,0.0063500327430665495
7449,0.006334694102406502,0.006349747939966619
7450,0.006321661174297333,0.00634924438316375
7451,0.006321637891232967,0.006348680541850627
7452,0.006335757672786713,0.0063481356063857675
7453,0.006334919482469559,0.006347490972839296
7454,0.006335576064884663,0.0063469862518832085
7455,0.006329248193651438,0.006346540027298033
7456,0.006314497906714678,0.006346043581143022
7457,0.006318848114460707,0.006345516140572727
7458,0.00631790840998292,0.0063451464055106046
7459,0.006319534033536911,0.0063447930524125696
7460,0.006322917062789202,0.0063443014491349455
7461,0.006321674678474665,0.006343598910607397
7462,0.00632129143923521,0.0063426741026341915
7463,0.006319663021713495,0.006342200781218708
7464,0.006315361708402634,0.006341763623058796
7465,0.006322975270450115,0.006341276373714209
7466,0.006326375529170036,0.006340966704301536
7467,0.006314714439213276,0.006340558398514986
7468,0.006330745294690132,0.006340227597393095
7469,0.006326934322714806,0.0063399167684838175
7470,0.006319055333733559,0.006339726168662309
7471,0.006325612775981426,0.006339579988270998
7472,0.006326085422188044,0.006339278728701174
7473,0.006337551400065422,0.006339246570132673
7474,0.006353875622153282,0.006339295972138643
7475,0.0063538579270243645,0.0063393778167665
7476,0.006372991017997265,0.006339788748882711
7477,0.006386187858879566,0.006340272123925388
7478,0.0063622696325182915,0.0063405348779633644
7479,0.006334100849926472,0.006340527753345668
7480,0.006312754936516285,0.006340242819860577
7481,0.006326422095298767,0.006340043777599931
7482,0.006335716228932142,0.006339911292307079
7483,0.006330348085612059,0.006339655555784703
7484,0.006348788272589445,0.006339617632329464
7485,0.0063424743711948395,0.006339696822687983
7486,0.00632539764046669,0.006339628677815199
7487,0.006319336127489805,0.006339502101764083
7488,0.006324546877294779,0.006339399977587163
7489,0.006327562965452671,0.006339343991130591
7490,0.006324950605630875,0.006339228632859886
7491,0.006318117957562208,0.006339045148342848
7492,0.00633432948961854,0.006339044235646725
7493,0.006332433316856623,0.006338994321413338
7494,0.006327104289084673,0.006338949240744114
7495,0.006339876912534237,0.006339036459103227
7496,0.006339485757052898,0.006339036738499999
7497,0.006348346825689077,0.006339082373306155
7498,0.006339217070490122,0.006338966707699001
7499,0.006334206089377403,0.006338701718486845
7500,0.006341197527945042,0.006338464985601604
7501,0.006313420832157135,0.006338120964355767
7502,0.006312895100563765,0.006337618278339505
7503,0.006322401575744152,0.006337000029161572
7504,0.006316670216619968,0.0063364490307867526
7505,0.006312275305390358,0.006335765589028597
7506,0.0063133230432868,0.0063350402191281316
7507,0.006308420095592737,0.006334124375134706
7508,0.006303661502897739,0.006333322990685702
7509,0.006307805888354778,0.006332730539143085
7510,0.006315588019788265,0.0063322658371180295
7511,0.0063078152015805244,0.006331831789575517
7512,0.006300735287368298,0.006331492434255779
7513,0.00630764989182353,0.006331076812930405
7514,0.0063145700842142105,0.006330719501711428
7515,0.006314050406217575,0.006330215050838888
7516,0.006300307810306549,0.006329636224545538
7517,0.006307769101113081,0.006329252012073993
7518,0.006310565397143364,0.006328841848298908
7519,0.006303737871348858,0.00632844285108149
7520,0.006310890428721905,0.006328281438909471
7521,0.0063054184429347515,0.006327903866767883
7522,0.006302773952484131,0.006327495169825852
7523,0.006315047387033701,0.006327298367395997
7524,0.00631372444331646,0.006327023855410516
7525,0.006319091189652681,0.006326920706778765
7526,0.006315693259239197,0.006326854755170644
7527,0.006324261426925659,0.006326768766157329
7528,0.006341856904327869,0.0063268683571368455
7529,0.006355825811624527,0.006327223270200193
7530,0.006365723442286253,0.006327566895633936
7531,0.00635607959702611,0.006327825295738876
7532,0.006350013427436352,0.006328037204220891
7533,0.006341842003166676,0.00632819764316082
7534,0.006341277621686459,0.006328360829502344
7535,0.006335461046546698,0.006328407456167042
7536,0.006348269060254097,0.006328545501455665
7537,0.006359653547406197,0.006328768962994218
7538,0.006327420938760042,0.006328559382818639
7539,0.006320001557469368,0.006328235105611384
7540,0.006330566480755806,0.006328017199411989
7541,0.006334684323519468,0.006327910381369293
7542,0.006339360028505325,0.006327990693971514
7543,0.006324806250631809,0.006327993357554078
7544,0.006333502009510994,0.00632805754430592
7545,0.006349131930619478,0.006328269680961967
7546,0.006340501829981804,0.0063282975368201735
7547,0.006329298485070467,0.006328116366639733
7548,0.0063215866684913635,0.006327985632233322
7549,0.0063170818611979485,0.006327809509821236
7550,0.006308427546173334,0.006327677173539996
7551,0.006309034302830696,0.006327551137655973
7552,0.00631190650165081,0.006327312625944615
7553,0.006303571164608002,0.0063269991427659985
7554,0.006309440825134516,0.006326737790368497
7555,0.006305839400738478,0.006326503702439368
7556,0.00629555806517601,0.006326314304023981
7557,0.006304634734988213,0.006326172170229256
7558,0.006301399320363998,0.006326007079333067
7559,0.006299789063632488,0.006325809629634023
7560,0.006307240575551987,0.0063256528647616505
7561,0.006307587493211031,0.006325511992909014
7562,0.006302369758486748,0.00632532277610153
7563,0.00630172248929739,0.006325143370777369
7564,0.00630323076620698,0.006325022061355412
7565,0.006304002366960049,0.006324832332320511
7566,0.006297003477811813,0.006324538611806929
7567,0.006310486234724522,0.006324496329762041
7568,0.006307246163487434,0.006324261338450015
7569,0.006298975087702274,0.0063239817460998896
7570,0.006312570534646511,0.006323916898109019
7571,0.006319827400147915,0.006323859044350684
7572,0.006310609169304371,0.0063237042818218465
7573,0.006324089597910643,0.006323569663800299
7574,0.006332550197839737,0.006323356409557164
7575,0.006331153213977814,0.006323129362426698
7576,0.006336176302284002,0.006322761215269566
7577,0.006332564167678356,0.006322224978357553
7578,0.0063384054228663445,0.006321986336261034
7579,0.006334229372441769,0.0063219876214861866
7580,0.006320783868432045,0.006322067910805345
7581,0.006312245968729258,0.006321926149539649
7582,0.006307490635663271,0.006321643893606961
7583,0.00630407128483057,0.006321381125599146
7584,0.006297294981777668,0.006320866192691028
7585,0.00631659897044301,0.0063206074386835094
7586,0.006306282244622707,0.00632041628472507
7587,0.006300951819866896,0.006320232441648841
7588,0.006305244751274586,0.006320039420388639
7589,0.006291320081800222,0.0063196769915521145
7590,0.00629813689738512,0.006319408854469657
7591,0.006293235346674919,0.006319160028360784
7592,0.006290138699114323,0.006318718120455742
7593,0.006295898929238319,0.006318352776579559
7594,0.006300461478531361,0.006318086348474025
7595,0.00628955103456974,0.006317583089694381
7596,0.006296875886619091,0.006317156990990043
7597,0.006306651514023542,0.006316740037873387
7598,0.00630717258900404,0.006316419593058526
7599,0.0063132429495453835,0.006316209961660206
7600,0.006320030428469181,0.006315998290665448
7601,0.0063216728158295155,0.006316080810502171
7602,0.006301742512732744,0.006315969284623861
7603,0.006312296725809574,0.006315868236124515
7604,0.006312013603746891,0.006315821669995785
7605,0.006319232285022736,0.006315891239792109
7606,0.006339308340102434,0.006316151092760265
7607,0.006296620238572359,0.006316033094190061
7608,0.006298116408288479,0.006315977643243969
7609,0.00630946783348918,0.006315994262695313
7610,0.006305356975644827,0.006315891952253878
7611,0.006307817995548248,0.006315891980193555
7612,0.006309266202151775,0.00631597728934139
7613,0.006301955319941044,0.006315920343622565
7614,0.00629816809669137,0.006315756323747337
7615,0.0063030612654984,0.006315646432340145
7616,0.0063149151392281055,0.006315792505629361
7617,0.006296382751315832,0.006315678642131388
7618,0.0063026719726622105,0.0063155997078865765
7619,0.006312467623502016,0.006315687005408108
7620,0.006294229067862034,0.006315520391799509
7621,0.006288447417318821,0.00631535068154335
7622,0.006302971858531237,0.006315352660603821
7623,0.00629451684653759,0.00631514735519886
7624,0.00628942484036088,0.006314904359169304
7625,0.006286420859396458,0.006314577655866742
7626,0.006289601791650057,0.00631431674119085
7627,0.006281459704041481,0.0063138887239620085
7628,0.006289131473749876,0.006313361469656229
7629,0.006284045055508614,0.0063126436620950695
7630,0.0062828706577420235,0.006311815134249627
7631,0.00628481712192297,0.006311102509498596
7632,0.00628804974257946,0.006310482872650027
7633,0.006286826450377703,0.006309932717122138
7634,0.0062899719923734665,0.006309419660829008
7635,0.006286421790719032,0.006308929268270731
7636,0.006285094656050205,0.006308297524228692
7637,0.006276956293731928,0.006307470551691949
7638,0.006279643625020981,0.0063069927785545585
7639,0.006276742555201054,0.006306560188531876
7640,0.0062763746827840805,0.006306018270552158
7641,0.006283367983996868,0.006305505107156932
7642,0.006283557508140802,0.006304947081953287
7643,0.006284670904278755,0.006304545728489756
7644,0.0062998216599226,0.006304208924993873
7645,0.00632196431979537,0.006303937248885632
7646,0.0063446294516325,0.006303978525102139
7647,0.006314109079539776,0.006303826631046831
7648,0.0063944011926651,0.0063045547762885686
7649,0.006382650695741177,0.006305210464634001
7650,0.006353272590786219,0.00630565891508013
7651,0.0063506122678518295,0.006306074694730341
7652,0.006329870317131281,0.006306254332885146
7653,0.006353612057864666,0.006306754741817713
7654,0.006394507363438606,0.006307605407200754
7655,0.006318301893770695,0.006307730032131076
7656,0.006314425729215145,0.006307918708771467
7657,0.006359054706990719,0.006308462908491492
7658,0.006379847414791584,0.006309247389435768
7659,0.006327860057353973,0.006309528099372983
7660,0.0062911007553339005,0.006309366701170802
7661,0.006384839303791523,0.006310139219276607
7662,0.006319331470876932,0.0063103088364005085
7663,0.006336668971925974,0.006310658301226795
7664,0.006356428377330303,0.006311190277338028
7665,0.006315436214208603,0.006311304615810514
7666,0.006380232982337475,0.0063121369108557705
7667,0.006335693411529064,0.006312388982623815
7668,0.00632995180785656,0.006312616039067507
7669,0.006337480153888464,0.006313001089729368
7670,0.006357647944241762,0.0063134518638253215
7671,0.006299581378698349,0.006313249403610825
7672,0.006342882290482521,0.006313572134822607
7673,0.006336260121315718,0.0063136938400566575
7674,0.006374537479132414,0.006314113712869584
7675,0.006316155195236206,0.006313963732682168
7676,0.006350410636514425,0.006314106076024473
7677,0.006319151725620031,0.006313971951603889
7678,0.006317690014839172,0.006313764797523618
7679,0.006287082098424435,0.006313293324783444
7680,0.006316931918263435,0.006313254805281759
7681,0.006294628605246544,0.0063130786316469316
7682,0.006278855260461569,0.006312792277894914
7683,0.0062797414138913155,0.006312548979185522
7684,0.00626035314053297,0.006312179560773075
7685,0.006281722337007523,0.00631183079443872
7686,0.006256498396396637,0.006311332955956459
7687,0.006265042349696159,0.006310973861254752
7688,0.0062403250485658646,0.006310324664227664
7689,0.006249691359698772,0.00630990837700665
7690,0.006243869662284851,0.006309365704655647
7691,0.006247091107070446,0.006308904262259603
7692,0.006241149269044399,0.006308414367958903
7693,0.006233989726752043,0.006307795275934041
7694,0.006234068423509598,0.006307131345383823
7695,0.006232202984392643,0.006306557864882052
7696,0.006229289807379246,0.006305882004089654
7697,0.006225762888789177,0.00630507311783731
7698,0.006220763549208641,0.006304209027439356
7699,0.006222397089004517,0.006303300568833947
7700,0.006217628717422485,0.00630227655172348
7701,0.006219973787665367,0.006301259561441838
7702,0.006215124856680632,0.006300393384881317
7703,0.006215542554855347,0.0062994258431717754
7704,0.006213233340531588,0.006298438040539622
7705,0.006212122738361359,0.006297366945073008
7706,0.006211667321622372,0.006296090534888208
7707,0.006206823978573084,0.006295192572288215
7708,0.006208631210029125,0.0062942977203056215
7709,0.006206030026078224,0.006293263342231512
7710,0.006206945516169071,0.0062922792276367545
7711,0.006205701269209385,0.006291258060373366
7712,0.0062033492140471935,0.00629019889049232
7713,0.0062020085752010345,0.00628919942304492
7714,0.006205924786627293,0.006288276989944279
7715,0.00620520394295454,0.00628729841671884
7716,0.006210404448211193,0.006286253309808671
7717,0.006212620530277491,0.006285415687598288
7718,0.006211544387042522,0.006284504411742092
7719,0.0062096454203128815,0.0062834761897101995
7720,0.0062123313546180725,0.006282657212577761
7721,0.00620740931481123,0.006281846831552684
7722,0.006208396516740322,0.006280901078134775
7723,0.00621074577793479,0.0062800633674487474
7724,0.0062074302695691586,0.00627924342174083
7725,0.006208591163158417,0.006278465124778449
7726,0.006207273341715336,0.006277641840279102
7727,0.006203815340995789,0.006276865396648646
7728,0.006201834883540869,0.006275992430746555
7729,0.0062045566737651825,0.006275197546929121
7730,0.006212596315890551,0.006274494803510606
7731,0.006208386737853289,0.0062737304996699095
7732,0.006205346435308456,0.006272903466597199
7733,0.006201521027833223,0.006272050412371754
7734,0.00619853800162673,0.006271136072464287
7735,0.006207673344761133,0.0062703485880047085
7736,0.0062110451981425285,0.006269608093425631
7737,0.0062176561914384365,0.006269015092402697
7738,0.006245824042707682,0.006268676896579564
7739,0.0062676467932760715,0.006268585938960314
7740,0.006256355904042721,0.0062683857511729
7741,0.006243758834898472,0.006267989659681917
7742,0.006222938187420368,0.006267383466474712
7743,0.0062108710408210754,0.006266645467840135
7744,0.0062135630287230015,0.006265782881528139
7745,0.006211345084011555,0.006264676689170301
7746,0.006216373294591904,0.006263394127599895
7747,0.006216350011527538,0.006262416536919772
7748,0.006220168434083462,0.006260674209333956
7749,0.0062215086072683334,0.006259062788449228
7750,0.006215023808181286,0.006257680300623178
7751,0.0062128696590662,0.006256302874535322
7752,0.0062059061601758,0.006255063232965767
7753,0.006196446716785431,0.006253491579554975
7754,0.006210985127836466,0.006251656357198954
7755,0.006216223817318678,0.006250635576434433
7756,0.006221996620297432,0.006249711285345256
7757,0.0062165274284780025,0.006248286012560129
7758,0.006219866219907999,0.006246686200611294
7759,0.006214101333171129,0.006245548613369465
7760,0.006207957863807678,0.006244717184454202
7761,0.006207882426679134,0.006242947615683079
7762,0.006202610209584236,0.006241780403070152
7763,0.006193994544446468,0.0062403536587953565
7764,0.006204231176525354,0.006238831686787307
7765,0.006201567128300667,0.006237692995928228
7766,0.006193648558109999,0.006235827151685953
7767,0.006201824173331261,0.006234488459303975
7768,0.006198523100465536,0.006233174172230065
7769,0.006200282834470272,0.006231802199035883
7770,0.006209151819348335,0.006230317237786949
7771,0.006207429803907871,0.0062293957220390436
7772,0.006201372481882572,0.006227980623953045
7773,0.006202385760843754,0.006226641880348324
7774,0.006202897522598505,0.0062249254807829855
7775,0.0061958846636116505,0.00622372277546674
7776,0.0061974478885531425,0.006222193147987127
7777,0.006197611801326275,0.00622097774874419
7778,0.006193450652062893,0.006219735355116427
7779,0.006193659733980894,0.006218801131471992
7780,0.006210263818502426,0.006217734450474382
7781,0.00621193228289485,0.0062169074872508645
7782,0.006216271780431271,0.006216281652450561
7783,0.006205935962498188,0.00621554359793663
7784,0.006199633702635765,0.0062149364035576585
7785,0.006194942630827427,0.0062140686064958576
7786,0.00620037317276001,0.006213507354259491
7787,0.0062032584100961685,0.006212889514863491
7788,0.006194977555423975,0.006212436039932072
7789,0.006191494408994913,0.006211854070425033
7790,0.006199865601956844,0.006211414029821754
7791,0.006205223500728607,0.0062109953537583355
7792,0.006197654642164707,0.006210560407489538
7793,0.006191509775817394,0.006210135607980192
7794,0.006191059947013855,0.006209705523215234
7795,0.006195726804435253,0.00620934076141566
7796,0.006196174304932356,0.006209009606391191
7797,0.006191202439367771,0.006208664001896977
7798,0.006187484133988619,0.006208331207744777
7799,0.006192399188876152,0.006208031228743494
7800,0.006195971742272377,0.006207814658991993
7801,0.006198771297931671,0.006207602634094656
7802,0.006202013231813908,0.006207471517845988
7803,0.006210952065885067,0.0062074256129562855
7804,0.006226000376045704,0.006207553283311427
7805,0.006242174655199051,0.006207853802479803
7806,0.006250969599932432,0.006208246825262904
7807,0.006206018850207329,0.006208238773979247
7808,0.006186445243656635,0.006208016914315522
7809,0.006202982738614082,0.00620798644144088
7810,0.00621588621288538,0.006208075848408043
7811,0.006236652843654156,0.0062083853641524914
7812,0.006251860409975052,0.00620887047611177
7813,0.006237607449293137,0.006209226464852691
7814,0.006229533813893795,0.006209462555125356
7815,0.006217296700924635,0.006209583482705057
7816,0.0061970241367816925,0.006209449679590762
7817,0.006196299567818642,0.006209286469966173
7818,0.006212974898517132,0.00620930077508092
7819,0.006223864853382111,0.006209442969411612
7820,0.006219617091119289,0.006209515826776623
7821,0.006192196626216173,0.006209363699890673
7822,0.006202518939971924,0.006209304924122989
7823,0.006212159525603056,0.006209319061599672
7824,0.0062107820995152,0.006209352579899133
7825,0.006202625576406717,0.006209292924031615
7826,0.006192407570779324,0.006209144266322255
7827,0.0061894431710243225,0.006209000544622541
7828,0.00618525967001915,0.006208834792487323
7829,0.006185757461935282,0.0062086468003690245
7830,0.00619005411863327,0.006208421378396452
7831,0.006182683631777763,0.006208164347335696
7832,0.006191713735461235,0.006208028020337224
7833,0.006192609667778015,0.0062079389067366715
7834,0.006187058053910732,0.006207824107259512
7835,0.006188956089317799,0.006207636934705079
7836,0.006192376371473074,0.006207450246438384
7837,0.006192102562636137,0.006207194710150361
7838,0.006187888327986002,0.0062066153530031445
7839,0.0061893463134765625,0.006205832348205149
7840,0.0061895097605884075,0.006205163886770606
7841,0.00618477538228035,0.006204574052244425
7842,0.006185060366988182,0.006204195274040103
7843,0.00618333462625742,0.006203919909894467
7844,0.006177088245749474,0.006203555162064731
7845,0.006185720209032297,0.006203298913314939
7846,0.006186994723975658,0.006203005127608776
7847,0.0061850594356656075,0.006202692221850156
7848,0.006189700681716204,0.006202387544326484
7849,0.006187488790601492,0.006202047346159816
7850,0.00619916245341301,0.006201888732612133
7851,0.006200521253049374,0.006201765248551965
7852,0.00621917936950922,0.006201897980645299
7853,0.0062186322174966335,0.006202119835652411
7854,0.006226543337106705,0.006202275417745113
7855,0.006232761777937412,0.0062024407973513005
7856,0.006230379454791546,0.006202524625696242
7857,0.006226683501154184,0.006202626186423004
7858,0.006237712688744068,0.006202804651111365
7859,0.0062017980962991714,0.006202681618742645
7860,0.00619665440171957,0.006202568584121763
7861,0.0061960238963365555,0.006202449998818338
7862,0.0061922380700707436,0.006202346277423203
7863,0.006201605312526226,0.006202422385104001
7864,0.006196766160428524,0.006202347734943032
7865,0.0062070745043456554,0.006202402808703482
7866,0.006227144040167332,0.0062027377635240554
7867,0.006236934568732977,0.006203088867478073
7868,0.006219353526830673,0.006203297171741724
7869,0.006193964742124081,0.006203233990818262
7870,0.006195983849465847,0.006203102311119437
7871,0.00620840722694993,0.006203112085349858
7872,0.0061811767518520355,0.006202910128049553
7873,0.006193284410983324,0.006202819114550948
7874,0.006211714819073677,0.0062029072875157
7875,0.006215944886207581,0.006203107889741659
7876,0.006219301372766495,0.006203326424583793
7877,0.006195007357746363,0.006203300380147994
7878,0.006202952470630407,0.006203395398333669
7879,0.006206102203577757,0.006203519823029638
7880,0.0061974297277629375,0.006203391482122242
7881,0.006197317503392696,0.006203245334327221
7882,0.006192111875861883,0.006203003735281527
7883,0.006212302483618259,0.006203067400492728
7884,0.006198253482580185,0.006203053598292172
7885,0.006183483172208071,0.006202939003705978
7886,0.006192200817167759,0.006202857280150056
7887,0.006184211932122707,0.0062026668153703215
7888,0.006187463644891977,0.006202591676265001
7889,0.006188797764480114,0.006202564709819853
7890,0.006199357099831104,0.0062025596247985955
7891,0.006202917546033859,0.006202536565251648
7892,0.0061879465356469154,0.00620243948418647
7893,0.006182710640132427,0.006202351492829621
7894,0.006185033358633518,0.006202291226945818
7895,0.006172557827085257,0.006202059537172317
7896,0.006171215325593948,0.006201809947378933
7897,0.006177517585456371,0.00620167309883982
7898,0.00617507379502058,0.006201548995450139
7899,0.0061746807768940926,0.006201371811330319
7900,0.0061682406812906265,0.0062010945007205005
7901,0.006173933856189251,0.006200846126303077
7902,0.006169790402054787,0.006200523898005485
7903,0.0061645423993468285,0.006200059801340103
7904,0.0061729466542601585,0.006199529264122248
7905,0.006170843727886677,0.006198815954849124
7906,0.006170175038278103,0.0061980080092325805
7907,0.0061713047325611115,0.006197660868056118
7908,0.006177370902150869,0.006197570124641061
7909,0.0061744037084281445,0.006197284334339201
7910,0.006181441247463226,0.00619693988468498
7911,0.006187759805470705,0.006196450954303145
7912,0.006187649443745613,0.006195808844640851
7913,0.006185170728713274,0.006195284477435052
7914,0.006193510256707668,0.006194924241863191
7915,0.006187943741679192,0.006194630712270737
7916,0.006177497562021017,0.00619443544652313
7917,0.006172613240778446,0.006194198583252728
7918,0.0061727771535515785,0.006193796605803072
7919,0.00617488007992506,0.006193306758068502
7920,0.006179839372634888,0.006192908980883658
7921,0.006175938993692398,0.0061927464045584205
7922,0.006176692433655262,0.006192488139495253
7923,0.006168064661324024,0.006192047190852463
7924,0.006163005717098713,0.006191569427028298
7925,0.006165921222418547,0.006191202383488417
7926,0.006159537006169558,0.006190873677842319
7927,0.006167068146169186,0.006190649927593768
7928,0.006162857636809349,0.00619042590726167
7929,0.006163191981613636,0.006190200252458453
7930,0.006161249242722988,0.0061899122036993505
7931,0.006160096265375614,0.006189686330035329
7932,0.006165457423776388,0.00618942376691848
7933,0.006163864862173796,0.006189136318862438
7934,0.0061632245779037476,0.006188897984102369
7935,0.006163331679999828,0.006188641740009188
7936,0.006165975704789162,0.00618837773334235
7937,0.006168023217469454,0.006188136939890683
7938,0.006171341519802809,0.006187971471808851
7939,0.006174313835799694,0.006187821147032082
7940,0.006178420037031174,0.00618771024979651
7941,0.0061762286350131035,0.006187624782323837
7942,0.006179530173540115,0.006187569480389356
7943,0.00618491368368268,0.006187585270963609
7944,0.006183852907270193,0.006187652917578817
7945,0.006189966574311256,0.006187695381231606
7946,0.006198422983288765,0.006187809663824737
7947,0.006240608636289835,0.0061883651558309796
7948,0.006226289086043835,0.006188731039874256
7949,0.00623240927234292,0.0061891802446916696
7950,0.006225385703146458,0.006189442477189004
7951,0.0062117744237184525,0.006189555008895695
7952,0.006178629584610462,0.006189149511046707
7953,0.00617002509534359,0.006188663439825177
7954,0.006179509684443474,0.006188193103298545
7955,0.006187703460454941,0.0061877425201237206
7956,0.00620694737881422,0.006187508199363947
7957,0.006202352233231068,0.006187264886684716
7958,0.006196100264787674,0.006186848762445152
7959,0.006193201057612896,0.006186762792058289
7960,0.006213011220097542,0.0061869263602420685
7961,0.006193614564836025,0.006186902266927063
7962,0.006171228364109993,0.006186692169867456
7963,0.0061642201617360115,0.006186318318359554
7964,0.006168991792947054,0.006186040574684739
7965,0.006167579907923937,0.006185645628720522
7966,0.006167104467749596,0.006185045232996345
7967,0.006172606721520424,0.006184401954524219
7968,0.00616889912635088,0.006183897410519421
7969,0.006171128712594509,0.006183669050224125
7970,0.00616862578317523,0.006183395469561219
7971,0.0061602783389389515,0.006182914180681109
7972,0.006160995922982693,0.006182712372392416
7973,0.006170665845274925,0.006182486186735332
7974,0.006170966662466526,0.00618207870516926
7975,0.006164612248539925,0.006181565378792584
7976,0.006161719094961882,0.006180989556014538
7977,0.0061652446165680885,0.006180691928602755
7978,0.006170420441776514,0.006180366608314216
7979,0.006163157522678375,0.006179937161505222
7980,0.006163976155221462,0.0061796026257798075
7981,0.006170402280986309,0.006179333473555744
7982,0.006164289079606533,0.00617905524559319
7983,0.0061689745634794235,0.006178621966391802
7984,0.006169687956571579,0.006178336311131715
7985,0.00616367207840085,0.0061781382001936435
7986,0.006164416670799255,0.006177860358729958
7987,0.006165263708680868,0.00617767087649554
7988,0.0061555588617920876,0.006177351828664541
7989,0.006157791242003441,0.006177041763439774
7990,0.0061730509623885155,0.0061767787020653485
7991,0.006173602771013975,0.00617648555431515
7992,0.006177115254104137,0.006176377241499722
7993,0.0061833541840314865,0.006176383676938712
7994,0.006177881266921759,0.006176312156021595
7995,0.006166262552142143,0.006176249203272164
7996,0.006173113361001015,0.006176268183626234
7997,0.006175130605697632,0.006176244313828647
7998,0.006181218661367893,0.006176305762492121
7999,0.006217252463102341,0.006176731479354203
8000,0.006171241402626038,0.0061767614865675564
8001,0.006170766428112984,0.006176729812286794
8002,0.00618563499301672,0.006176888258196413
8003,0.006209211423993111,0.006177334948442876
8004,0.006204346660524607,0.006177648948505521
8005,0.006186151877045631,0.00617780202999711
8006,0.00616559199988842,0.0061777561996132135
8007,0.0061829048208892345,0.0061778722004964945
8008,0.006201933138072491,0.006178117822855711
8009,0.006199854426085949,0.006178372330032289
8010,0.006188389379531145,0.006178441811352968
8011,0.006161635275930166,0.006178180566057563
8012,0.006171467714011669,0.0061780187487602235
8013,0.006180647760629654,0.006177973519079387
8014,0.0061621894128620625,0.006177660310640931
8015,0.006157041992992163,0.006177351293154061
8016,0.006163161713629961,0.00617720793467015
8017,0.006166461389511824,0.006177146416157484
8018,0.0061636134050786495,0.006177054778672755
8019,0.006161706522107124,0.006176923043094576
8020,0.006159881129860878,0.006176723460666836
8021,0.006155121140182018,0.006176515282131732
8022,0.006159408017992973,0.006176342437975109
8023,0.00615736935287714,0.00617623548489064
8024,0.0061478689312934875,0.006176084117032588
8025,0.00615422148257494,0.006175967119634152
8026,0.00615127757191658,0.006175884525291621
8027,0.006148463115096092,0.006175698474980891
8028,0.006153072230517864,0.006175600620917976
8029,0.006155420560389757,0.0061755229067057375
8030,0.0061551909893751144,0.006175462324172258
8031,0.006171656306833029,0.006175577924586832
8032,0.0061994679272174835,0.006175918029621244
8033,0.006231790408492088,0.006176597285084426
8034,0.006203444674611092,0.0061769994860515
8035,0.006183431018143892,0.00617720047943294
8036,0.006163929123431444,0.0061771800136193634
8037,0.006160886026918888,0.006177108641713858
8038,0.006157331168651581,0.006176968538202345
8039,0.006153469905257225,0.006176760098896921
8040,0.006154871545732021,0.006176524613983929
8041,0.006165166385471821,0.006176413991488517
8042,0.006165631115436554,0.006176275000907481
8043,0.006160018965601921,0.0061760260537266735
8044,0.006155112758278847,0.0061757386522367595
8045,0.006147393025457859,0.006175312916748226
8046,0.006144929677248001,0.006174777983687818
8047,0.006142889615148306,0.006173800793476403
8048,0.006146784406155348,0.006173005746677518
8049,0.006152886897325516,0.006172210522927344
8050,0.006158249452710152,0.006171539160422981
8051,0.006158484145998955,0.0061710062576457855
8052,0.006139956880360842,0.006170619530603289
8053,0.0061410642229020596,0.006170329921878874
8054,0.0061507862992584705,0.006170042688027024
8055,0.00615274254232645,0.006169693078845739
8056,0.0061479718424379826,0.006169103323481977
8057,0.006147371605038643,0.006168553517200053
8058,0.0061464617028832436,0.0061680571315810085
8059,0.0061452435329556465,0.006167577556334436
8060,0.0061465841718018055,0.006166913285851478
8061,0.006150755099952221,0.00616648469120264
8062,0.006154125090688467,0.006166313658468425
8063,0.0061518410220742226,0.0061661898670718075
8064,0.006150107365101576,0.006166001022793352
8065,0.006142706144601107,0.006165752285160125
8066,0.006143589504063129,0.00616551713552326
8067,0.006147736683487892,0.0061652684351429345
8068,0.006141971331089735,0.006164999157190323
8069,0.006137582939118147,0.006164663699455559
8070,0.006140079349279404,0.006164378235116601
8071,0.006138171069324017,0.006164157162420452
8072,0.006138720083981752,0.006163934404030442
8073,0.0061362553387880325,0.006163590298965574
8074,0.006142963655292988,0.006163310268893838
8075,0.006144093349575996,0.006163105079904199
8076,0.006145584862679243,0.0061629437375813724
8077,0.0061393966898322105,0.006162685258314014
8078,0.006142169237136841,0.006162402746267617
8079,0.006139436271041632,0.00616216553375125
8080,0.006138508208096027,0.006161910854279995
8081,0.006138859782367945,0.006161595429293811
8082,0.006138794589787722,0.006161340484395623
8083,0.006137681193649769,0.006161027550697327
8084,0.006138522643595934,0.00616071589756757
8085,0.006132878363132477,0.006160407960414886
8086,0.006133613176643848,0.006160099925473332
8087,0.006133733782917261,0.006159784626215696
8088,0.0061375051736831665,0.006159604089334607
8089,0.00614710059016943,0.006159497182816267
8090,0.006153442431241274,0.006159301097504795
8091,0.00618427200242877,0.0061594077898189424
8092,0.006225039251148701,0.006159887029789388
8093,0.006178476847708225,0.006159838256426155
8094,0.006167593412101269,0.006159735377877951
8095,0.006163299549371004,0.006159705747850239
8096,0.0061729480512440205,0.0061597040947526695
8097,0.006173469126224518,0.0061596874799579385
8098,0.006161435041576624,0.006159489643760025
8099,0.006155948154628277,0.0061588766006752844
8100,0.006144639104604721,0.006158610577695072
8101,0.006153819151222706,0.006158441104926169
8102,0.006157682277262211,0.006158161577768623
8103,0.006149604916572571,0.006157565512694418
8104,0.006152438931167126,0.006157046435400843
8105,0.006153465248644352,0.006156719569116831
8106,0.0061517078429460526,0.006156580727547407
8107,0.006138913333415985,0.006156140812672675
8108,0.006138472817838192,0.0061555062094703315
8109,0.006140518467873335,0.006154912849888205
8110,0.006142552010715008,0.006154454476200044
8111,0.006137938238680363,0.0061542175058275465
8112,0.00613807188346982,0.006153883547522127
8113,0.00614098459482193,0.00615348691586405
8114,0.006138713099062443,0.006153252152726055
8115,0.006132752634584904,0.006153009259141981
8116,0.00613518338650465,0.006152729475870728
8117,0.006146351806819439,0.006152528380043805
8118,0.006141776219010353,0.006152310008183122
8119,0.006147252395749092,0.0061521654669195415
8120,0.006168520078063011,0.006152251856401563
8121,0.006187759339809418,0.006152578238397837
8122,0.006244656629860401,0.006153430724516511
8123,0.006172630470246077,0.0061535833356902
8124,0.006097741890698671,0.006153082065284252
8125,0.006086144130676985,0.006152401291765273
8126,0.0060472264885902405,0.006151360780932009
8127,0.00698109483346343,0.006159687098115683
8128,0.00716300867497921,0.006169786462560296
8129,0.0068209124729037285,0.006176441381685435
8130,0.0065813674591481686,0.006180703146383166
8131,0.0047895354218780994,0.006166881937533617
8132,0.005585177801549435,0.0061607390362769365
8133,0.004751673433929682,0.006145937866531313
8134,0.004591077566146851,0.00612981419544667
8135,0.004413197282701731,0.006112111858092248
8136,0.005051805637776852,0.006100990623235702
8137,0.005268139764666557,0.006092063160613179
8138,0.0045544602908194065,0.006076034451834858
8139,0.00477520190179348,0.00606225177180022
8140,0.004561734385788441,0.006046320400200784
8141,0.004207981750369072,0.006026748553849757
8142,0.004336767364293337,0.0060084599163383245
8143,0.0038496649358421564,0.005985356376040727
8144,0.004005039110779762,0.005963855639565736
8145,0.00382503611035645,0.005940632070414722
8146,0.0037239871453493834,0.005916422645095736
8147,0.003912715241312981,0.005894120901357383
8148,0.0038552049081772566,0.005871205106377602
8149,0.0038050799630582333,0.0058477270370349286
8150,0.004069397691637278,0.0058268385194242
8151,0.004029983188956976,0.0058055535098537805
8152,0.0037324177101254463,0.005781478118151427
8153,0.003585655242204666,0.005755924028344453
8154,0.0035660560242831707,0.0057300767255946995
8155,0.003505420871078968,0.005703603508882224
8156,0.00345114734955132,0.005676635263953358
8157,0.0033815735951066017,0.005648977283854038
8158,0.0034592188894748688,0.005622104855719953
8159,0.0034195061307400465,0.005594847481697798
8160,0.0033101169392466545,0.0055664828093722465
8161,0.0034584267996251583,0.005539559526368976
8162,0.0032405895181000233,0.0055104241706430915
8163,0.0032806643284857273,0.005481712403707206
8164,0.003195971017703414,0.005452171040233224
8165,0.0031153177842497826,0.005421897156629711
8166,0.003131758188828826,0.0053917788434773685
8167,0.0031262990087270737,0.00536156446672976
8168,0.0031325281597673893,0.005331470035016537
8169,0.003198841121047735,0.005302082616835833
8170,0.003075417596846819,0.0052714359993115065
8171,0.0031201597303152084,0.005241255885921419
8172,0.0030258805491030216,0.005210127490572631
8173,0.0030364568810909986,0.005179129505995661
8174,0.0030377148650586605,0.005148077018093318
8175,0.003085095901042223,0.00511748704360798
8176,0.0028634576592594385,0.005084665771573782
8177,0.0030306214466691017,0.005053578019142151
8178,0.0029126896988600492,0.005021283223759383
8179,0.0029486899729818106,0.0049893757607787845
8180,0.0029483467806130648,0.004957474146503955
8181,0.0029125772416591644,0.0049252113210968675
8182,0.0028522973880171776,0.004892346349079162
8183,0.0028893649578094482,0.0048598631867207585
8184,0.0028662392869591713,0.004827140353154391
8185,0.0028412353713065386,0.004794223923236132
8186,0.0028420654125511646,0.0047613084455952045
8187,0.0027873688377439976,0.0047278447961434725
8188,0.002770515624433756,0.004694174900650978
8189,0.0027764264959841967,0.004660468159709125
8190,0.0027627458330243826,0.004626561193726957
8191,0.002753432374447584,0.004592252797447145
8192,0.00275658187456429,0.004557568223681301
8193,0.002719595329836011,0.004522979408502579
8194,0.0027228936087340117,0.004488532410468906
8195,0.0027238051407039165,0.004454137466382235
8196,0.0027229199185967445,0.004419637185055763
8197,0.002731617307290435,0.004385218666866422
8198,0.0027608214877545834,0.004351212531328201
8199,0.0027300408110022545,0.0043169534578919415
8200,0.002697933465242386,0.0042824864014983175
8201,0.0026722457259893417,0.004247670667245984
8202,0.0026892756577581167,0.0042129866010509436
8203,0.0026951266918331385,0.004178441818803549
8204,0.002688719891011715,0.004143804628401995
8205,0.0026828194968402386,0.004109098170883954
8206,0.002661340404301882,0.004074194496497512
8207,0.002640035003423691,0.004039205713197589
8208,0.002645151922479272,0.0040042725042439995
8209,0.0026463684625923634,0.00396933100419119
8210,0.0026306682266294956,0.003934212166350335
8211,0.002639107871800661,0.003899223862681538
8212,0.002631460316479206,0.003864157747011632
8213,0.002624295186251402,0.0038289908529259265
8214,0.002619905862957239,0.0037938027805648742
8215,0.0026171267963945866,0.0037586465221829714
8216,0.0026234984397888184,0.003723529672715813
8217,0.0026159293483942747,0.003688225448131561
8218,0.002618888858705759,0.0036529965745285154
8219,0.0026256879791617393,0.0036177809303626417
8220,0.0026201303116977215,0.003582297032698989
8221,0.002610534429550171,0.0035465247835963967
8222,0.002616062294691801,0.0035102388402447103
8223,0.002616491401568055,0.00347467744955793
8224,0.002612242940813303,0.0034398224600590767
8225,0.0026050261221826077,0.0034050112799741327
8226,0.0025960986968129873,0.00337050000205636
8227,0.0025980984792113304,0.003326670038513839
8228,0.0025965659879148006,0.0032810056116431953
8229,0.002593967830762267,0.0032387361652217806
8230,0.0025934246368706226,0.003198856736999005
8231,0.002600991167128086,0.003176971294451505
8232,0.002610948868095875,0.0031472290051169694
8233,0.002608716953545809,0.0031257994403131304
8234,0.002600856591016054,0.0031058972305618225
8235,0.0025935969315469265,0.0030877012270502744
8236,0.002592559903860092,0.003063108769711107
8237,0.0025877736043184996,0.0030363051081076266
8238,0.0025839628651738167,0.0030166001338511705
8239,0.002583133988082409,0.00299467945471406
8240,0.00258345203474164,0.002974896631203592
8241,0.002580104861408472,0.002958617862313986
8242,0.0025780233554542065,0.0029410304222255946
8243,0.0025777630507946014,0.002928311403375119
8244,0.002577486913651228,0.0029140358814038337
8245,0.0025783181190490723,0.0029015687014907598
8246,0.002579137682914734,0.0028901202068664133
8247,0.0025773399975150824,0.0028767664544284343
8248,0.0025758319534361362,0.002863972724881023
8249,0.002578883897513151,0.0028517107642255725
8250,0.0025816084817051888,0.0028368328721262515
8251,0.0025862972252070904,0.0028223960124887527
8252,0.002598085906356573,0.002811052694451064
8253,0.002612931653857231,0.0028013254585675896
8254,0.0026241112500429153,0.002791906010825187
8255,0.0026182185392826796,0.0027830339875072243
8256,0.0025947957765311003,0.0027744704717770218
8257,0.002576333936303854,0.0027664180751889944
8258,0.002567852847278118,0.0027575044147670267
8259,0.0025712293572723866,0.0027490216470323504
8260,0.0025768063496798277,0.002741688541136682
8261,0.0025860187597572803,0.0027329644607380034
8262,0.0025873593986034393,0.0027264321595430376
8263,0.0025814282707870007,0.00271943979896605
8264,0.002574280370026827,0.0027132228924892842
8265,0.0025671538896858692,0.0027077412535436453
8266,0.002564092632383108,0.002702064597979188
8267,0.0025636092759668827,0.002696437700651586
8268,0.002564650261774659,0.002690758921671659
8269,0.002564071910455823,0.0026844112295657395
8270,0.0025643878616392612,0.0026793009322136642
8271,0.0025724186562001705,0.0026738235214725137
8272,0.002578512765467167,0.002669349843636155
8273,0.0025811856612563133,0.002664797131437808
8274,0.0025720749981701374,0.002660140732768923
8275,0.0025709420442581177,0.002654999194201082
8276,0.0025698579847812653,0.0026520631974563
8277,0.002563696587458253,0.0026473939488641917
8278,0.0025652116164565086,0.0026439191680401562
8279,0.002574486890807748,0.002640177137218416
8280,0.0025658500380814075,0.002636352169793099
8281,0.002561268163844943,0.002632839079014957
8282,0.0025675443466752768,0.002629991548601538
8283,0.002565964823588729,0.0026267575472593307
8284,0.0025634816847741604,0.0026237299712374806
8285,0.0025639745872467756,0.002620957363396883
8286,0.0025685722939670086,0.0026182224322110416
8287,0.002564809750765562,0.0026159968413412573
8288,0.0025654821656644344,0.002613946506753564
8289,0.0025664903223514557,0.0026118471450172365
8290,0.0025650132447481155,0.0026098698191344737
8291,0.002559672575443983,0.0026079322211444377
8292,0.0025638509541749954,0.0026060049119405447
8293,0.00257332855835557,0.0026045422442257404
8294,0.0025701725389808416,0.0026030150335282086
8295,0.002569671720266342,0.002601473699323833
8296,0.0025772375520318747,0.002600016875658184
8297,0.002588489558547735,0.0025985855981707573
8298,0.002594366669654846,0.00259692104998976
8299,0.0025913964491337538,0.002595534606371075
8300,0.0025820715818554163,0.002594375987537205
8301,0.002571139018982649,0.002593364920467138
8302,0.0025579226203262806,0.0025920513900928198
8303,0.0025597650092095137,0.002590697773266584
8304,0.0025791763328015804,0.0025896023376844822
8305,0.0025867002550512552,0.0025886411452665926
8306,0.0025940481573343277,0.002587968222796917
8307,0.0026141724083572626,0.0025877095968462526
8308,0.002594989025965333,0.002587207967881113
8309,0.0025782473385334015,0.0025865267566405237
8310,0.0025699296966195107,0.002585919371340424
8311,0.002567070769146085,0.002585199000313878
8312,0.0025594295002520084,0.0025844786921516063
8313,0.0025664735585451126,0.002583900475874543
8314,0.0025780661962926388,0.002583482079207897
8315,0.0025673683267086744,0.002582984494511038
8316,0.002562832087278366,0.0025823778309859336
8317,0.0025515062734484673,0.0025817336002364757
8318,0.0025511395651847124,0.002581056107301265
8319,0.002551052486523986,0.0025803097523748875
8320,0.002553490921854973,0.00257964335847646
8321,0.0025553267914801836,0.0025790912820957603
8322,0.002562327776104212,0.0025785539369098842
8323,0.002550909761339426,0.0025778981205075977
8324,0.0025484259240329266,0.002577259950339794
8325,0.0025464300997555256,0.0025766739901155232
8326,0.002550165168941021,0.0025762146548368036
8327,0.002557773143053055,0.002575811401475221
8328,0.0025591442827135324,0.0025754371844232083
8329,0.002564691472798586,0.0025751444208435715
8330,0.00256925355643034,0.0025749027100391685
8331,0.0025538583286106586,0.0025744313816539943
8332,0.0025503970682621002,0.0025738258636556566
8333,0.002549532102420926,0.0025732340151444076
8334,0.0025483318604528904,0.002572708767838776
8335,0.0025453860871493816,0.002572226659394801
8336,0.0025421713944524527,0.0025717227743007245
8337,0.0025423956103622913,0.0025712689943611622
8338,0.002543449169024825,0.002570863857399672
8339,0.0025455839931964874,0.002570488357450813
8340,0.002550506964325905,0.0025701589067466555
8341,0.00255486904643476,0.0025699065485969186
8342,0.00256288331001997,0.0025697551481425763
8343,0.002584213623777032,0.0025698196538724003
8344,0.0025968614500015974,0.002570013399235904
8345,0.002607780508697033,0.002570308023132384
8346,0.002586094196885824,0.0025703775882720947
8347,0.0025531258434057236,0.002570135446731001
8348,0.00255081569775939,0.0025698852841742337
8349,0.002566206967458129,0.0025697585148736833
8350,0.002578765619546175,0.0025697300862520932
8351,0.0025745423045009375,0.002569612537045032
8352,0.002569036092609167,0.002569322038907558
8353,0.0025598849169909954,0.002568791571538895
8354,0.0025758377742022276,0.0025683088367804887
8355,0.0026019299402832985,0.0025681459507904945
8356,0.0025717681273818016,0.0025679156742990017
8357,0.0025575733743608,0.002567728068679571
8358,0.0025545759126544,0.002567595299333334
8359,0.002584492089226842,0.0025677279266528787
8360,0.0025996118783950806,0.0025679559819400313
8361,0.002553276950493455,0.002567628563847393
8362,0.002539933193475008,0.0025671543017961084
8363,0.002568501979112625,0.0025670250388793647
8364,0.0025690493639558554,0.002566972728818655
8365,0.002558855339884758,0.002566889743320644
8366,0.0025445837527513504,0.0025666946545243262
8367,0.002558470703661442,0.002566643268801272
8368,0.0025802890304476023,0.0025667996564880014
8369,0.002570608165115118,0.0025668650190345944
8370,0.0025482499040663242,0.002566703639458865
8371,0.002551410114392638,0.00256649355404079
8372,0.0025586665142327547,0.0025662950915284455
8373,0.0025472028646618128,0.0025659552635625004
8374,0.0025436002761125565,0.002565670516341925
8375,0.0025630760937929153,0.0025655918568372725
8376,0.0025778028648346663,0.0025656713056378066
8377,0.0025697427336126566,0.0025657317670993505
8378,0.0025565866380929947,0.0025656455173157155
8379,0.002544738119468093,0.002565348029602319
8380,0.0025431569665670395,0.0025651210988871754
8381,0.0025421290192753077,0.002564929707441479
8382,0.0025454144924879074,0.0025647084088996053
8383,0.0025493199937045574,0.0025645419606007635
8384,0.002557742642238736,0.002564484570175409
8385,0.002558887004852295,0.0025644336943514644
8386,0.0025470899417996407,0.0025642188708297907
8387,0.0025425369385629892,0.002563996142707765
8388,0.002531814156100154,0.0025636594626121225
8389,0.0025329662021249533,0.002563324221409857
8390,0.0025369198992848396,0.0025630432879552244
8391,0.0025379511062055826,0.0025628260732628405
8392,0.0025383778847754,0.0025625713425688444
8393,0.0025395911652594805,0.0025622339686378836
8394,0.0025307107716798782,0.002561839350964874
8395,0.0025324863381683826,0.0025614674971438946
8396,0.002529819030314684,0.0025609933119267224
8397,0.00252804858610034,0.0025603889022022485
8398,0.002532069804146886,0.002559765933547169
8399,0.0025347121991217136,0.0025591990910470487
8400,0.0025429115630686283,0.0025588074908591807
8401,0.0025434871204197407,0.0025585309718735515
8402,0.0025434738490730524,0.002558386484161019
8403,0.002535352949053049,0.0025581423635594545
8404,0.002528030425310135,0.00255763090448454
8405,0.002522252034395933,0.002556986422277987
8406,0.0025250802282243967,0.0025562967429868877
8407,0.0025306642055511475,0.0025554616609588265
8408,0.0025361457373946905,0.0025548732280731203
8409,0.0025361499283462763,0.002554452253971249
8410,0.0025367792695760727,0.0025541207497008145
8411,0.0025409553200006485,0.00255385959520936
8412,0.00253086443990469,0.002553573944605887
8413,0.002525811083614826,0.002553167319856584
8414,0.0025330500211566687,0.0025527171581052246
8415,0.002525225980207324,0.002552295734640211
8416,0.0025245938450098038,0.0025519133522175254
8417,0.0025248900055885315,0.002551647189538926
8418,0.0025260804686695337,0.002551396598573774
8419,0.002529475837945938,0.0025511808320879937
8420,0.002524985233321786,0.0025508957752026617
8421,0.0025306236930191517,0.0025506487442180513
8422,0.0025369925424456596,0.002550395391881466
8423,0.002533543389290571,0.0025502217281609773
8424,0.0025272381026297808,0.002550009849946946
8425,0.002530105644837022,0.0025498466053977607
8426,0.002520799171179533,0.002549552945420146
8427,0.0025179623626172543,0.002549154837615788
8428,0.0025193155743181705,0.002548756550531834
8429,0.0025178869254887104,0.0025482885050587354
8430,0.002516641980037093,0.0025477623892948033
8431,0.002517016138881445,0.002547393967397511
8432,0.0025158794596791267,0.0025470487913116812
8433,0.002517912071198225,0.002546732590999454
8434,0.002519354224205017,0.0025464428146369754
8435,0.002516523003578186,0.0025461541838012634
8436,0.0025220278184860945,0.0025459527480415998
8437,0.002527292352169752,0.0025458017154596745
8438,0.0025279433466494083,0.0025456466572359206
8439,0.0025307675823569298,0.0025454984931275247
8440,0.0025287752505391836,0.0025452811759896577
8441,0.0025207679718732834,0.0025449401652440427
8442,0.0025223353877663612,0.0025445346860215067
8443,0.002518953289836645,0.002543882082682103
8444,0.002528443466871977,0.0025431979028508068
8445,0.002532603219151497,0.0025424461299553515
8446,0.0025488105602562428,0.0025420732935890556
8447,0.002533228602260351,0.002541874321177602
8448,0.002523987554013729,0.0025416060397401453
8449,0.002517417538911104,0.002541118145454675
8450,0.0025229225866496563,0.00254055971512571
8451,0.002525575226172805,0.0025400700443424283
8452,0.0025258262176066637,0.0025396379455924034
8453,0.0025359727442264557,0.002539398823864758
8454,0.0025423732586205006,0.0025390641787089406
8455,0.0025344034656882286,0.00253838891396299
8456,0.0025389771908521652,0.0025380610045976936
8457,0.0025390679948031902,0.002537875950802118
8458,0.002532428130507469,0.0025376544729806484
8459,0.0025235568173229694,0.0025370451202616096
8460,0.0025320667773485184,0.0025363696692511438
8461,0.002523615024983883,0.0025360730499960483
8462,0.0025380845181643963,0.002536054563242942
8463,0.0025326726026833057,0.002535696269478649
8464,0.002540695248171687,0.0025354127283208072
8465,0.002529457677155733,0.002535118751693517
8466,0.002521362155675888,0.0025348865357227622
8467,0.0025277852546423674,0.0025345796812325716
8468,0.002523598726838827,0.002534012778196484
8469,0.0025184215046465397,0.002533490911591798
8470,0.0025232904590666294,0.002533241317141801
8471,0.0025127041153609753,0.0025328542571514843
8472,0.0025132447481155396,0.0025324000394903123
8473,0.002513399813324213,0.0025320620089769362
8474,0.0025069215334951878,0.0025316952215507626
8475,0.0025132091250270605,0.002531196551863104
8476,0.0025104519445449114,0.0025305230426602068
8477,0.002506502903997898,0.002529890644364059
8478,0.002509909914806485,0.002529423877131194
8479,0.0025089127011597157,0.0025290656229481102
8480,0.002505711279809475,0.0025286911660805343
8481,0.0025077364407479763,0.0025283472402952614
8482,0.0025057634338736534,0.002527950729709119
8483,0.0025078696198761463,0.0025275362259708344
8484,0.00251466641202569,0.002527105463668704
8485,0.002503813710063696,0.002526554730720818
8486,0.0025090372655540705,0.0025261742039583623
8487,0.0025082998909056187,0.0025258318334817884
8488,0.002509810496121645,0.0025256117968820036
8489,0.002523497911170125,0.0025255171139724553
8490,0.0025361599400639534,0.0025255095143802463
8491,0.00254812347702682,0.0025256112380884588
8492,0.002601820044219494,0.0025262456596828998
8493,0.0025522341020405293,0.00252637208905071
8494,0.0025397962890565395,0.002526462944224477
8495,0.0025256809312850237,0.002526394890155643
8496,0.002517977263778448,0.002526276472490281
8497,0.0025160624645650387,0.0025261566112749277
8498,0.0025217931251972914,0.002526053844485432
8499,0.002539573237299919,0.002526102454867214
8500,0.002543147187680006,0.002526104811113328
8501,0.002553903963416815,0.0025262089795432983
8502,0.0025455534923821688,0.0025262297759763895
8503,0.0025296639651060104,0.002526172886136919
8504,0.0025279605761170387,0.0025261721876449882
8505,0.0025249100290238857,0.002526198767591268
8506,0.002514120191335678,0.0025260891672223805
8507,0.00250841211527586,0.002525866646319628
8508,0.0025166901759803295,0.002525672090705484
8509,0.0025193756446242332,0.0025255043478682637
8510,0.0025121329817920923,0.0025252578849904238
8511,0.002503256779164076,0.0025248808995820583
8512,0.002501686103641987,0.002524589116219431
8513,0.0025056879967451096,0.002524387885350734
8514,0.0025081331841647625,0.002524138716980815
8515,0.002510586753487587,0.0025239923247136176
8516,0.002505134092643857,0.002523797727189958
8517,0.002503736410290003,0.002523586191236973
8518,0.002505386248230934,0.0025233792490325867
8519,0.002511226572096348,0.002523196756374091
8520,0.002522454597055912,0.002523171450011432
8521,0.0025223535485565662,0.0025230887485668064
8522,0.00251700053922832,0.002522888828534633
8523,0.0025092712603509426,0.0025226461072452365
8524,0.002500149654224515,0.002522375222761184
8525,0.0025024558417499065,0.0025220987247303126
8526,0.0025133886374533176,0.0025220246193930506
8527,0.002521328628063202,0.00252205828204751
8528,0.0025188117288053036,0.0025220532435923813
8529,0.002512163482606411,0.0025219960091635587
8530,0.0025003370828926563,0.002521832960192114
8531,0.0025074174627661705,0.0025217369734309614
8532,0.0025219146627932787,0.0025217973254621027
8533,0.0025094239972531796,0.0025217124447226525
8534,0.0025140875950455666,0.0025216597784310578
8535,0.0025189886800944805,0.002521684435196221
8536,0.0025201458483934402,0.0025216656154952942
8537,0.0025164789985865355,0.002521557481959462
8538,0.0025225412100553513,0.0025215034605935217
8539,0.002515996340662241,0.002521355748176575
8540,0.002508679637685418,0.0025211547920480372
8541,0.002514661056920886,0.002521093722898513
8542,0.0025243789423257113,0.0025211141584441064
8543,0.002513275248929858,0.0025210573780350388
8544,0.0025148913264274597,0.0025209218566305935
8545,0.00252901716157794,0.002520885996054858
8546,0.002540175337344408,0.0025207996438257395
8547,0.0025731390342116356,0.0025211987481452524
8548,0.0025949247647076845,0.002521908120252192
8549,0.002520539565011859,0.0025219393405131996
8550,0.0025325799360871315,0.002522035914007574
8551,0.0025654365308582783,0.0025224345270544292
8552,0.0025858951266855,0.0025230352161452175
8553,0.0025710160844027996,0.002523385649546981
8554,0.0025939522311091423,0.0025239014392718674
8555,0.0025981615763157606,0.0025245390203781424
8556,0.00258950749412179,0.0025250443234108386
8557,0.0025653084740042686,0.0025253067282028497
8558,0.0025181109085679054,0.002525163555983454
8559,0.002530536148697138,0.0025252333492971958
8560,0.00254476023837924,0.002525360283907503
8561,0.002543416805565357,0.0025255583017133178
8562,0.0025405099149793386,0.002525582555681467
8563,0.0025255875661969185,0.002525511705316603
8564,0.002530625555664301,0.002525411008391529
8565,0.00254244077950716,0.0025255408394150437
8566,0.002527120988816023,0.002525598427746445
8567,0.002532229758799076,0.002525642872788012
8568,0.002515974920243025,0.002525566634722054
8569,0.0025184457190334797,0.0025255668768659235
8570,0.0025116116739809513,0.0025254500890150664
8571,0.0025229868479073048,0.00252555291634053
8572,0.002504871226847172,0.002525469181127846
8573,0.0025132561568170786,0.0025254677445627747
8574,0.002529236488044262,0.0025256908941082654
8575,0.0025144098326563835,0.0025257029011845587
8576,0.0025210781022906303,0.002525809162762016
8577,0.002510907594114542,0.0025258532096631824
8578,0.002502243733033538,0.002525776547845453
8579,0.002501135692000389,0.00252569877775386
8580,0.002497101901099086,0.002525612683966756
8581,0.0024973885156214237,0.0025255092047154902
8582,0.0024930438958108425,0.0025253820093348624
8583,0.00249205669388175,0.0025252238800749184
8584,0.002491203136742115,0.0025249892473220826
8585,0.0024889218620955944,0.0025248403288424016
8586,0.0024904515594244003,0.002524654471781105
8587,0.002487052232027054,0.0025244419951923193
8588,0.002490063663572073,0.0025242445268668233
8589,0.002488185651600361,0.0025238914042711256
8590,0.0024902252480387688,0.002523432057350874
8591,0.002496459987014532,0.002522915422450751
8592,0.0024947915226221085,0.0025218451372347774
8593,0.0024941442534327507,0.0025212642387486993
8594,0.0024943132884800434,0.0025208094087429346
8595,0.0024938001297414303,0.0025204906007274984
8596,0.002485176781192422,0.002520162595901638
8597,0.002489658072590828,0.002519898551981896
8598,0.0024993871338665485,0.0025196744920685885
8599,0.002516593551263213,0.0025194446952082217
8600,0.0025415217969566584,0.002519428441300988
8601,0.002581732114776969,0.00251970672281459
8602,0.002532660961151123,0.0025195777975022793
8603,0.002495819702744484,0.002519239354878664
8604,0.0024948278442025185,0.0025189080275595187
8605,0.002522907452657819,0.002518888001795858
8606,0.0025649082381278276,0.0025193958822637796
8607,0.002544737420976162,0.0025197591353207827
8608,0.002517877146601677,0.0025197710050269963
8609,0.0024974681437015533,0.0025195519300177695
8610,0.002502995077520609,0.0025194605509750545
8611,0.002527042292058468,0.0025196984061039984
8612,0.002527392003685236,0.002519955465104431
8613,0.0025170822627842426,0.002520069407764822
8614,0.0024975109845399857,0.0025199631857685746
8615,0.0025026274379342794,0.002519883592613041
8616,0.00250849686563015,0.0025199172203429045
8617,0.0025084346998482943,0.002519964203238487
8618,0.0025111641734838486,0.0025200219824910164
8619,0.002509532030671835,0.0025200050370767714
8620,0.002508440986275673,0.002519864900968969
8621,0.0024947505444288254,0.0025195888709276916
8622,0.0024916294496506453,0.0025193351600319145
8623,0.002499910304322839,0.0025192415504716337
8624,0.002495549386367202,0.0025191955477930606
8625,0.0024952059611678123,0.0025191230489872395
8626,0.0024910839274525642,0.0025189000018872323
8627,0.0024902524892240763,0.002518589240498841
8628,0.002487769816070795,0.0025182788213714957
8629,0.0024856680538505316,0.002518013867083937
8630,0.0024929160717874765,0.0025179396569728852
8631,0.0024869125336408615,0.002517734607681632
8632,0.0024816468358039856,0.0025173319294117392
8633,0.0024862498976290226,0.0025171001884154976
8634,0.0024851884227246046,0.0025168111966922878
8635,0.0024855281226336956,0.00251647659111768
8636,0.0024854964576661587,0.0025161300972104074
8637,0.002480563009157777,0.0025157709373161198
8638,0.0024810489267110825,0.002515356014482677
8639,0.0024828040041029453,0.002515024091117084
8640,0.002485098782926798,0.0025147882825694978
8641,0.002485550008714199,0.0025144971720874308
8642,0.0024831723421812057,0.002514085106085986
8643,0.002479890827089548,0.002513751261867583
8644,0.0024799974635243416,0.0025134023232385515
8645,0.0024862592108547688,0.00251297474373132
8646,0.0024900627322494984,0.0025124736176803707
8647,0.002494014799594879,0.0025116823753342033
8648,0.0024894103407859802,0.002510627231094986
8649,0.0024841339327394962,0.0025102631747722626
8650,0.0024835788644850254,0.0025097731640562415
8651,0.002488079247996211,0.0025089995912276207
8652,0.0024908038321882486,0.0025080486782826485
8653,0.0024842345155775547,0.002507180862594396
8654,0.0024750842712819576,0.002505992182996124
8655,0.0024788640439510345,0.0025047992076724767
8656,0.0024818151723593473,0.0025037222844548524
8657,0.002481075469404459,0.0025028799544088544
8658,0.0024804612621665,0.00250250345794484
8659,0.002480648923665285,0.0025020045856945215
8660,0.0024730563163757324,0.002501287546474487
8661,0.0024806135334074497,0.0025006595137529075
8662,0.0024800635874271393,0.0025000550504773855
8663,0.002479977672919631,0.0024995989515446126
8664,0.002476081717759371,0.002499053513165563
8665,0.002478913404047489,0.002498418239410967
8666,0.0024793175980448723,0.002497940205503255
8667,0.002480951603502035,0.0024974274239502846
8668,0.0024828664027154446,0.0024970963387750088
8669,0.00248340074904263,0.0024967458890751003
8670,0.002484261989593506,0.002496472392231226
8671,0.002493521198630333,0.0024961777357384563
8672,0.0024910273496061563,0.002496039296966046
8673,0.0024937079288065434,0.002495843814685941
8674,0.002490690443664789,0.002495458354242146
8675,0.002487937919795513,0.0024951936351135374
8676,0.0024736446794122458,0.0024947193008847536
8677,0.002474381122738123,0.0024943540361709892
8678,0.002488621510565281,0.0024942178139463066
8679,0.002492318395525217,0.002494129640981555
8680,0.0024962215684354305,0.0024941208376549184
8681,0.0025023077614605427,0.00249417003011331
8682,0.002503745025023818,0.0024942770414054394
8683,0.00251087942160666,0.0024944652686826885
8684,0.0025258800014853477,0.0024948120373301207
8685,0.002551883924752474,0.0024954416579566897
8686,0.0025258269160985947,0.0024957954115234315
8687,0.0025231586769223213,0.002496156475972384
8688,0.0025102936197072268,0.002496358775533736
8689,0.0025154524482786655,0.002496631443500519
8690,0.0025154033210128546,0.0024968832242302594
8691,0.0024965396150946617,0.002496884020511061
8692,0.0025101841893047094,0.002497037947177887
8693,0.0025061045307666063,0.0024971575499512255
8694,0.0024921386502683163,0.002497135803569108
8695,0.002491375431418419,0.0024971115565858783
8696,0.0024854799266904593,0.0024971145880408586
8697,0.002493442501872778,0.002497152432333678
8698,0.0024841250851750374,0.0024969998118467627
8699,0.002478975336998701,0.0024966236297041177
8700,0.002489757724106312,0.0024961059889756143
8701,0.0024826545268297195,0.002495115213096142
8702,0.0024833744391798973,0.0024946223478764296
8703,0.0024796875659376383,0.002494461026508361
8704,0.0024821911938488483,0.002494334660004824
8705,0.002481466857716441,0.0024939202540554106
8706,0.0024682367220520973,0.0024929535388946533
8707,0.0024767708964645863,0.0024922738736495374
8708,0.002472907304763794,0.0024918241752311587
8709,0.002477372298017144,0.0024916232167743147
8710,0.0024809790775179863,0.0024914030567742885
8711,0.0024771024473011494,0.0024909036583267152
8712,0.002476218156516552,0.0024903919198550283
8713,0.002475949004292488,0.0024899805872701107
8714,0.0024727322161197662,0.0024897327995859085
8715,0.0024689221754670143,0.002489395746961236
8716,0.0024711666628718376,0.002489022444933653
8717,0.0024724029935896397,0.002488662127871066
8718,0.0024690479040145874,0.002488240965176374
8719,0.002468833699822426,0.0024878339818678796
8720,0.0024651631247252226,0.002487401203252375
8721,0.002468015532940626,0.0024871338531374933
8722,0.0024701240472495556,0.0024869187991134823
8723,0.0024670101702213287,0.002486589797772467
8724,0.002467447891831398,0.002486308782827109
8725,0.0024697782937437296,0.0024860545061528684
8726,0.002474796725437045,0.002485891634132713
8727,0.002478287322446704,0.002485771982464939
8728,0.002478876616805792,0.0024856830504722894
8729,0.0024771878961473703,0.0024855982488952576
8730,0.002479296177625656,0.0024854620499536397
8731,0.0024829446338117123,0.002485422370955348
8732,0.0024780770763754845,0.002485386673361063
8733,0.0024752444587647915,0.002485276618972421
8734,0.0024698255583643913,0.0024851229903288187
8735,0.0024715024046599865,0.0024849827331490815
8736,0.0024677463807165623,0.0024848052323795857
8737,0.002464429708197713,0.0024846438993699847
8738,0.002467172220349312,0.002484505132306367
8739,0.0024726539850234985,0.0024844036321155726
8740,0.002470283769071102,0.002484255481977016
8741,0.002468149410560727,0.002484081475995481
8742,0.0024665705859661102,0.00248391545843333
8743,0.0024644809309393167,0.002483761359471828
8744,0.002466523088514805,0.0024836266157217323
8745,0.0024621987249702215,0.0024833860108628867
8746,0.0024635540321469307,0.0024831209238618613
8747,0.0024686413817107677,0.0024828671896830203
8748,0.00246428488753736,0.002482615935150534
8749,0.0024628702085465193,0.0024824032979086042
8750,0.0024669384583830833,0.0024822368938475846
8751,0.002460118383169174,0.002481957285199314
8752,0.0024635139852762222,0.002481684386730194
8753,0.0024655305314809084,0.0024814973468892275
8754,0.002466402482241392,0.002481410528998822
8755,0.0024741515517234802,0.0024813634040765464
8756,0.0024683785159140825,0.002481229037512094
8757,0.002471121959388256,0.002481129502411932
8758,0.002466232515871525,0.002480987214948982
8759,0.0024649440310895443,0.0024808301660232245
8760,0.0024685771204531193,0.0024807853740639986
8761,0.0024735648185014725,0.002480714886914939
8762,0.00248611718416214,0.002480775422882289
8763,0.0025122384540736675,0.002481098030693829
8764,0.0025303615257143974,0.002481640828773379
8765,0.0025676588993519545,0.0024825282837264238
8766,0.002494453452527523,0.0024826796422712503
8767,0.0024664471857249737,0.00248253459809348
8768,0.0024889069609344006,0.0024825950036756693
8769,0.002537843305617571,0.002483139429241419
8770,0.002572564408183098,0.0024840224534273146
8771,0.002490089274942875,0.0024839881341904404
8772,0.002484206110239029,0.002483919921796769
8773,0.0025386265479028225,0.0024843691079877318
8774,0.002609150018543005,0.0024855537037365137
8775,0.002486522775143385,0.0024855395522899925
8776,0.002561162691563368,0.002486414732411504
8777,0.0025776117108762264,0.0024874470382928848
8778,0.0025161064695566893,0.002487721887882799
8779,0.0025970139540731907,0.0024887688434682784
8780,0.00251534441486001,0.0024889600719325243
8781,0.002562606707215309,0.002489563061390072
8782,0.0026563031133264303,0.0024910886422730982
8783,0.002540725516155362,0.0024913871032185854
8784,0.0026187498588114977,0.0024923158017918466
8785,0.002551698125898838,0.0024923139438033106
8786,0.0026848302222788334,0.0024939039768651127
8787,0.0025627261493355036,0.0024942996515892445
8788,0.0026526572182774544,0.002495723287574947
8789,0.0025926544331014156,0.002496495307423174
8790,0.0026886258274316788,0.002498227532487363
8791,0.0025873363483697176,0.0024991354998201132
8792,0.002626002300530672,0.0025002936809323728
8793,0.002640776103362441,0.002501640396658331
8794,0.002588077448308468,0.0025025997846387328
8795,0.0025885833892971277,0.0025035718642175196
8796,0.0025674926582723856,0.002504391991533339
8797,0.0025742535945028067,0.0025052001024596393
8798,0.002575106453150511,0.0025061099161393942
8799,0.0025864664930850267,0.0025071848277002573
8800,0.002535021398216486,0.002507637464441359
8801,0.002533270511776209,0.002508143624290824
8802,0.002532725688070059,0.0025086371367797258
8803,0.0025484918151050806,0.0025093251792714
8804,0.002517465967684984,0.002509677927009761
8805,0.0025044200010597706,0.0025099074584431945
8806,0.002507399767637253,0.0025102990888990462
8807,0.002516969572752714,0.0025107010756619274
8808,0.0025027282536029816,0.0025109992851503195
8809,0.002495882101356983,0.002511184383183718
8810,0.0024828030727803707,0.0025112026231363417
8811,0.002486905548721552,0.0025113006541505455
8812,0.0025013559497892857,0.002511552032083273
8813,0.0024880883283913136,0.0025116734253242613
8814,0.0024774624034762383,0.002511720727197826
8815,0.0024713699240237474,0.002511745204683393
8816,0.002480791648849845,0.0025118414545431734
8817,0.0024810004979372025,0.002511927429586649
8818,0.0024740095250308514,0.0025119770457968115
8819,0.002467012731358409,0.0025119588361121716
8820,0.0024694991298019886,0.002512002196162939
8821,0.0024633863940835,0.002511955904774368
8822,0.002468791790306568,0.002511942582204938
8823,0.002458697184920311,0.0025118594523519276
8824,0.0024634129367768764,0.0025118191028013826
8825,0.0024553360417485237,0.0025116746802814303
8826,0.002461923286318779,0.0025115459458902476
8827,0.0024593621492385864,0.0025113566941581665
8828,0.002460273914039135,0.0025111706671305002
8829,0.0024587903171777725,0.0025109866913408043
8830,0.002460204064846039,0.002510795770213008
8831,0.002457075985148549,0.0025105370837263763
8832,0.0024597919546067715,0.002510354232508689
8833,0.002455346519127488,0.0025101552531123163
8834,0.002458689035847783,0.00251004388788715
8835,0.0024524012114852667,0.0025098528759554027
8836,0.002449686173349619,0.0025096722738817334
8837,0.0024507371708750725,0.002509535348508507
8838,0.0024512966629117727,0.0025093765929341317
8839,0.002448725514113903,0.0025091373082250356
8840,0.002449024934321642,0.002508924719877541
8841,0.002446257509291172,0.0025087058008648453
8842,0.002446073805913329,0.0025085008330643175
8843,0.0024462298024445772,0.0025083183217793703
8844,0.002445756457746029,0.0025081106554716826
8845,0.0024490351788699627,0.0025079790200106798
8846,0.0024520005099475384,0.002507863484788686
8847,0.0024515967816114426,0.0025076930387876928
8848,0.0024509401991963387,0.0025075595919042824
8849,0.002450572792440653,0.002507436617743224
8850,0.0024544415064156055,0.002507311648223549
8851,0.0024453969672322273,0.0025071644340641797
8852,0.0024473094381392,0.0025070023885928093
8853,0.0024497280828654766,0.0025068443641066552
8854,0.002447163686156273,0.002506651976145804
8855,0.0024509800132364035,0.0025064202607609333
8856,0.002446351572871208,0.0025061999913305044
8857,0.00244550546631217,0.0025059438263997434
8858,0.0024436619132757187,0.0025057181203737857
8859,0.002443223260343075,0.002505500912666321
8860,0.002441992750391364,0.002505235068965703
8861,0.002445359481498599,0.0025049530155956744
8862,0.002441676566377282,0.002504508609417826
8863,0.002441731747239828,0.0025038035423494876
8864,0.002443594392389059,0.0025029358710162344
8865,0.002443635370582342,0.002501695635728538
8866,0.002442704513669014,0.002501178146339953
8867,0.00244345236569643,0.0025009481981396677
8868,0.0024425589945167303,0.0025004847184754908
8869,0.002445789985358715,0.002499564185272902
8870,0.002449793741106987,0.0024983364786021413
8871,0.002452575834468007,0.0024979613441973923
8872,0.002454325556755066,0.002497662538662553
8873,0.0024548806250095367,0.00249682507943362
8874,0.002453504828736186,0.002495268627535552
8875,0.0024483446031808853,0.002494886845815927
8876,0.0024437224492430687,0.002493712443392724
8877,0.0024427357129752636,0.002492363683413714
8878,0.0024643181823194027,0.0024918458005413415
8879,0.002491850173100829,0.002490794162731618
8880,0.0025193835608661175,0.0024908345541916786
8881,0.0025310839992016554,0.0024905193271115423
8882,0.0025060921907424927,0.002489017217885703
8883,0.002503812313079834,0.0024886480858549477
8884,0.0024808100424706936,0.0024872686876915395
8885,0.0024476912803947926,0.002486228619236499
8886,0.0024645111989229918,0.0024840254290029408
8887,0.0024804631248116493,0.0024832027987577022
8888,0.0024780957028269768,0.002481457183603197
8889,0.0024802563712000847,0.002480333202984184
8890,0.002495712600648403,0.002478404070716351
8891,0.002476969501003623,0.0024773004022426905
8892,0.002463654149323702,0.0024756769207306207
8893,0.0024709906429052353,0.0024739790661260485
8894,0.002481907606124878,0.002472917367704213
8895,0.0024987647775560617,0.002472019181586802
8896,0.002497512847185135,0.0024713193834759294
8897,0.0025065285153687,0.0024706421326845885
8898,0.002481025643646717,0.0024697013245895505
8899,0.002483231481164694,0.002468668974470347
8900,0.0024861106649041176,0.0024681798671372236
8901,0.0024712909944355488,0.002467560071963817
8902,0.002465939149260521,0.0024668922065757214
8903,0.0024812680203467607,0.002466219968628138
8904,0.0024630348198115826,0.0024656756571494044
8905,0.0024605062790215015,0.0024652365199290217
8906,0.002463832963258028,0.0024648008518852295
8907,0.0024544394109398127,0.0024641755502671004
8908,0.00245029479265213,0.002463651215657592
8909,0.002455029170960188,0.0024632426863536237
8910,0.0024564352352172136,0.002462979007977992
8911,0.002448617946356535,0.002462596131954342
8912,0.0024611656554043293,0.0024621942290104924
8913,0.0024485643953084946,0.0024617989896796645
8914,0.002450285479426384,0.002461527220439166
8915,0.002444528043270111,0.0024612588016316296
8916,0.0024446274619549513,0.0024608971597626806
8917,0.0024406155571341515,0.00246049331035465
8918,0.002442514058202505,0.0024601783556863666
8919,0.00243955641053617,0.002459903792478144
8920,0.002444168319925666,0.002459650484379381
8921,0.0024497006088495255,0.002459513626527041
8922,0.002446075202897191,0.0024592864606529474
8923,0.002436370123177767,0.002459063190035522
8924,0.002437759656459093,0.002458806657232344
8925,0.002437837887555361,0.0024586316756904127
8926,0.002443036064505577,0.0024584428034722804
8927,0.002449217950925231,0.002458341361489147
8928,0.002448165789246559,0.0024582202802412214
8929,0.002441109623759985,0.0024580434733070433
8930,0.0024393321946263313,0.0024578347546048464
8931,0.0024409061297774315,0.002457673056051135
8932,0.0024400402326136827,0.0024574755388312042
8933,0.0024452311918139458,0.0024573743855580686
8934,0.002441330812871456,0.0024572008033283054
8935,0.002444908954203129,0.0024571258807554843
8936,0.002439927076920867,0.0024570282897911967
8937,0.0024444619193673134,0.002456965537276119
8938,0.0024490777868777514,0.002456943348515779
8939,0.002445925259962678,0.0024569153459742667
8940,0.0024430397897958755,0.002456855494529009
8941,0.002437868155539036,0.0024567716009914874
8942,0.0024347519502043724,0.002456658382434398
8943,0.0024364222772419453,0.0024565603071823715
8944,0.0024380472023040056,0.0024564832146279515
8945,0.0024509807117283344,0.0024565026699565353
8946,0.0024482726585119963,0.0024564653914421796
8947,0.0024557476863265038,0.0024565069004893305
8948,0.0024469387717545033,0.002456466886214912
8949,0.0024399920366704464,0.00245636107865721
8950,0.0024354630149900913,0.002456171293742955
8951,0.0024340692907571793,0.002456058016978204
8952,0.002440512180328369,0.002455990044400096
8953,0.002440787386149168,0.002455900637432933
8954,0.0024351971223950386,0.0024557809717953207
8955,0.0024346786085516214,0.0024556179577484728
8956,0.0024326841812580824,0.0024554812838323416
8957,0.0024312175810337067,0.002455338404979557
8958,0.002431650646030903,0.0024552182923071085
8959,0.002434107707813382,0.0024551271367818117
8960,0.002433633431792259,0.0024550435435958208
8961,0.002433524001389742,0.002454925188794732
8962,0.0024325805716216564,0.002454834228847176
8963,0.002433233195915818,0.002454749243333936
8964,0.002433907939121127,0.0024546523788012563
8965,0.002437605056911707,0.00245459207566455
8966,0.00244037969969213,0.002454568827524781
8967,0.002447299426421523,0.0024546072981320322
8968,0.002466155681759119,0.002454843265004456
8969,0.0024916112888604403,0.0024553014780394735
8970,0.002545037306845188,0.0024562539136968554
8971,0.002457177732139826,0.0024562999326735737
8972,0.002447406994178891,0.002456230747047812
8973,0.002493987325578928,0.0024566218140535056
8974,0.0025619128718972206,0.002457705894485116
8975,0.002461843192577362,0.0024578408803790806
8976,0.0024775653146207333,0.0024581793090328575
8977,0.00257275253534317,0.0024594794772565365
8978,0.0024662851355969906,0.0024594991467893124
8979,0.0024960136506706476,0.0024595407815650107
8980,0.0025439951568841934,0.002459786897525191
8981,0.002491418970748782,0.0024593902472406625
8982,0.0024958245921880007,0.0024592875712551175
8983,0.002490811515599489,0.0024591575632803143
8984,0.002499557798728347,0.0024593450408428906
8985,0.0024831965565681458,0.0024597000936046245
8986,0.002471364801749587,0.0024597686296328903
8987,0.0024777348153293133,0.002459741346538067
8988,0.00247668894007802,0.0024597272789105775
8989,0.0024752640165388584,0.002459677355363965
8990,0.0024623500648885965,0.002459343730006367
8991,0.0024727669078856707,0.0024593017040751876
8992,0.0024559139274060726,0.002459224301856011
8993,0.002465255092829466,0.0024591669463552533
8994,0.0024584236089140177,0.002458932106383145
8995,0.0024536417331546545,0.002458480875939131
8996,0.002470780164003372,0.0024582135491073133
8997,0.0024580396711826324,0.0024577286606654526
8998,0.0024409503675997257,0.0024573279079049826
8999,0.002458044094964862,0.0024570760340429845
9000,0.002455869223922491,0.002456773619633168
9001,0.002450665459036827,0.002456567364279181
9002,0.0024428097531199455,0.002456336070317775
9003,0.002442779019474983,0.0024559511803090572
9004,0.0024421745911240578,0.002455742578022182
9005,0.002447003498673439,0.002455607550218701
9006,0.0024351647589355707,0.002455320868175477
9007,0.0024356646463274956,0.002455133120529354
9008,0.002443964360281825,0.0024550698162056506
9009,0.0024349219165742397,0.0024548687436617912
9010,0.002431567758321762,0.0024546200688928366
9011,0.0024322092067450285,0.0024544559814967215
9012,0.002437251852825284,0.002454216843470931
9013,0.0024303956888616085,0.0024540351564064622
9014,0.0024315265472978354,0.002453847567085177
9015,0.002432829700410366,0.002453730583656579
9016,0.0024330567102879286,0.002453614876139909
9017,0.00242712814360857,0.002453480002004653
9018,0.0024345165584236383,0.0024534000270068647
9019,0.002430402673780918,0.002453308489639312
9020,0.002430632710456848,0.002453173133544624
9021,0.0024294154718518257,0.002452970282174647
9022,0.0024326350539922714,0.002452835880685598
9023,0.0024294431786984205,0.0024527666112408044
9024,0.002427508123219013,0.0024526640959084034
9025,0.0024332061875611544,0.0024526177789084614
9026,0.002428568433970213,0.0024524731026031076
9027,0.0024317295756191015,0.0024522982188500465
9028,0.002433294430375099,0.0024521495052613317
9029,0.0024338511284440756,0.0024520769203081726
9030,0.002431800588965416,0.0024520016042515634
9031,0.002433344256132841,0.0024519259855151176
9032,0.0024344241246581078,0.002451869824435562
9033,0.002424753736704588,0.0024516650498844685
9034,0.002421892713755369,0.0024514706688933074
9035,0.002423488534986973,0.002451256464701146
9036,0.002428396139293909,0.0024511411553248762
9037,0.002428314182907343,0.0024509796779602767
9038,0.002427646890282631,0.0024507653689943253
9039,0.0024264315143227577,0.002450570431537926
9040,0.0024276324547827244,0.0024504163581877945
9041,0.002429767744615674,0.0024503353540785613
9042,0.0024367007426917553,0.002450354842003435
9043,0.0024301642552018166,0.002450292261783034
9044,0.0024316078051924706,0.0024502278678119184
9045,0.002429729327559471,0.0024500153539702297
9046,0.002427011961117387,0.0024498027469962835
9047,0.002425683196634054,0.002449502102099359
9048,0.002430134452879429,0.0024493340589106082
9049,0.0024342902470380068,0.0024492770410142837
9050,0.002437190618366003,0.002449294317048043
9051,0.002429436892271042,0.0024492479930631815
9052,0.0024265884421765804,0.0024491087556816637
9053,0.002418241463601589,0.002448883296456188
9054,0.00242161238566041,0.002448747449088842
9055,0.0024234410375356674,0.0024486350733786823
9056,0.0024293186143040657,0.002448601417709142
9057,0.0024248682893812656,0.0024485379247926177
9058,0.0024210670962929726,0.0024484320892952383
9059,0.002417866140604019,0.0024482696736231446
9060,0.002417702227830887,0.0024481103615835308
9061,0.0024214517325162888,0.0024479896388947963
9062,0.002424428705126047,0.0024479081202298403
9063,0.0024256634060293436,0.0024478324223309754
9064,0.002424892969429493,0.002447742272634059
9065,0.0024329088628292084,0.0024476953106932343
9066,0.002445644699037075,0.0024477479606866835
9067,0.002470513340085745,0.002447980099823326
9068,0.0025358672719448805,0.0024486772157251836
9069,0.0024433727376163006,0.002448194830212742
9070,0.0024328292347490788,0.002447072749491781
9071,0.0024778125807642937,0.0024472790979780256
9072,0.0025738393887877464,0.002448543421924114
9073,0.0024462146684527397,0.0024480656953528523
9074,0.0025001317262649536,0.0024474478838965295
9075,0.0026493093464523554,0.0024493225454352797
9076,0.0024800426326692104,0.0024493473186157646
9077,0.0028522051870822906,0.0024521418451331554
9078,0.0026914156042039394,0.002454393149819225
9079,0.0026986501179635525,0.0024564195144921542
9080,0.0027191441040486097,0.0024581710039637984
9081,0.002588886534795165,0.002459145679604262
9082,0.00260747317224741,0.002460262165404856
9083,0.0025993140880018473,0.0024613471911288797
9084,0.002560861874371767,0.002461960231885314
9085,0.002657502656802535,0.002463703292887658
9086,0.002536054700613022,0.0024643501918762923
9087,0.0028607966378331184,0.00246818081010133
9088,0.00278413575142622,0.002471255278214812
9089,0.0028334870003163815,0.0024748375080525875
9090,0.0029740650206804276,0.002479954657610506
9091,0.0026917695067822933,0.002482144683599472
9092,0.002762201242148876,0.0024852075567469
9093,0.002738621551543474,0.00248794122133404
9094,0.002690944354981184,0.0024902664287947116
9095,0.002678303048014641,0.0024925130419433117
9096,0.0026970217004418373,0.0024947754573076963
9097,0.0026293646078556776,0.0024964887066744267
9098,0.002671488095074892,0.0024987940839491783
9099,0.0026033720932900906,0.0025002473639324308
9100,0.002773397136479616,0.002503422643058002
9101,0.002719015348702669,0.0025061061419546604
9102,0.002646171022206545,0.0025081397546455266
9103,0.002692363690584898,0.0025106356013566257
9104,0.0025701678823679686,0.0025119155342690647
9105,0.002630108967423439,0.002513746588956565
9106,0.002607255708426237,0.0025154674984514715
9107,0.002593635581433773,0.002517047207802534
9108,0.0026168315671384335,0.0025187758798711
9109,0.002549012890085578,0.0025199167896062134
9110,0.0025822932366281748,0.002521424044389278
9111,0.0025404435582458973,0.0025225063879042863
9112,0.0026093919295817614,0.0025242277886718513
9113,0.0027197031304240227,0.0025271208630874755
9114,0.002569956239312887,0.002528505160007626
9115,0.00258263130672276,0.00253000317607075
9116,0.0026390731800347567,0.002532063340768218
9117,0.002549378667026758,0.0025332858460023998
9118,0.0025602267123758793,0.0025345429475419224
9119,0.002527583157643676,0.00253551475238055
9120,0.0025579414796084166,0.0025367878400720657
9121,0.0025163101963698864,0.0025376567873172462
9122,0.0025168226566165686,0.0025384986633434892
9123,0.0024983552284538746,0.0025391877838410438
9124,0.002516771201044321,0.002540080414619297
9125,0.0024948017671704292,0.0025406963704153896
9126,0.002479313872754574,0.002541203824803233
9127,0.0024932187516242266,0.0025418187165632843
9128,0.0024802268017083406,0.002542288040276617
9129,0.002461378462612629,0.002542563313618302
9130,0.0024683717638254166,0.0025429290253669024
9131,0.0024562303442507982,0.0025431578862480817
9132,0.0024481446016579866,0.0025432950910180808
9133,0.0024548473302274942,0.0025435960269533098
9134,0.0024411955382674932,0.002543789055198431
9135,0.0024417112581431866,0.0025439712824299934
9136,0.002439293544739485,0.002544080256484449
9137,0.002434824826195836,0.002544145362917334
9138,0.002436470240354538,0.002544233596418053
9139,0.0024284240789711475,0.002544253522064537
9140,0.002426442224532366,0.0025442416197620334
9141,0.002428657840937376,0.0025442305207252504
9142,0.0024217620957642794,0.0025440811342559754
9143,0.0024244822561740875,0.0025440243142656983
9144,0.0024193781428039074,0.0025439020176418127
9145,0.0024176533333957195,0.002543781257700175
9146,0.0024177979212254286,0.0025436891173012555
9147,0.0024154488928616047,0.002543586774263531
9148,0.0024154726415872574,0.002543440156150609
9149,0.002414257498458028,0.0025432398286648096
9150,0.0024137631990015507,0.002543005554471165
9151,0.0024126586504280567,0.002542837772052735
9152,0.002410132670775056,0.00254267321433872
9153,0.0024109408259391785,0.002542600207962096
9154,0.002412554109469056,0.002542509625200182
9155,0.0024124488700181246,0.002542399703525007
9156,0.0024101966992020607,0.002542208484373987
9157,0.0024074604734778404,0.0025420344062149526
9158,0.002407809253782034,0.0025419018277898432
9159,0.0024057866539806128,0.002541781032923609
9160,0.0024062739685177803,0.002541666750330478
9161,0.0024050346110016108,0.0025415025791153314
9162,0.0024040290154516697,0.0025412985822185876
9163,0.0024048553314059973,0.002541090501472354
9164,0.0024037586990743876,0.002540879158768803
9165,0.0024036946706473827,0.0025405870168469847
9166,0.002403095131739974,0.0025401615211740136
9167,0.00240301713347435,0.0025394865591079
9168,0.0024031144566833973,0.0025381590309552847
9169,0.002402109559625387,0.0025377463991753755
9170,0.002401661826297641,0.0025374347250908614
9171,0.002403716556727886,0.002536693764850497
9172,0.0024030786007642746,0.0025349861569702627
9173,0.0024032597430050373,0.0025345566077157856
9174,0.002403115388005972,0.0025335864443331957
9175,0.00240309932269156,0.0025311243440955876
9176,0.0024044052697718143,0.0025303679704666137
9177,0.0024065449833869934,0.002525911368429661
9178,0.002409290987998247,0.002523090122267604
9179,0.0024077026173472404,0.002520180647261441
9180,0.0024085957556962967,0.0025170751637779176
9181,0.0024096069391816854,0.0025152823678217828
9182,0.002408962231129408,0.0025132972584106027
9183,0.002407688181847334,0.0025113809993490576
9184,0.0024048921186476946,0.002509821301791817
9185,0.0024010061752051115,0.002507256336975843
9186,0.002399988705292344,0.002505895677022636
9187,0.0024004809092730284,0.002501292519737035
9188,0.0024026173632591963,0.002497477335855365
9189,0.0024064588360488415,0.0024932070542126893
9190,0.002407535444945097,0.002487541758455336
9191,0.0024123848415911198,0.0024847479118034243
9192,0.002414117567241192,0.0024812670750543474
9193,0.0024143976625055075,0.002478024836163968
9194,0.002405855106189847,0.0024751739436760546
9195,0.0023989705368876457,0.0024723806185647846
9196,0.0024043333251029253,0.0024694537348113953
9197,0.0024166670627892017,0.0024673267593607307
9198,0.0024276962503790855,0.002464888840913773
9199,0.0024270014837384224,0.002463125134818256
9200,0.002422061748802662,0.0024596117809414864
9201,0.002417135052382946,0.002456592977978289
9202,0.002412922214716673,0.00245426048990339
9203,0.002410333603620529,0.0024514401890337466
9204,0.002407332882285118,0.0024498118390329183
9205,0.002413948532193899,0.002447650234680623
9206,0.0024192153941839933,0.0024457698315382003
9207,0.0024214829318225384,0.002444048305042088
9208,0.0024076420813798904,0.0024419564101845026
9209,0.0023992862552404404,0.0024404591438360514
9210,0.002401428297162056,0.00243865049444139
9211,0.0024106125347316265,0.0024373521842062473
9212,0.002415677299723029,0.00243541503790766
9213,0.002412836765870452,0.0024323463742621245
9214,0.002411450259387493,0.0024307613144628703
9215,0.0024072290398180485,0.0024290072917938234
9216,0.002406409941613674,0.0024266806594096125
9217,0.002402361948043108,0.002425210492219776
9218,0.0024019163101911545,0.0024236273881979285
9219,0.0024095813278108835,0.002422447369899601
9220,0.0024117063730955124,0.002420985018834472
9221,0.0024097084533423185,0.002419919001404196
9222,0.002401069039478898,0.0024187614652328195
9223,0.002401401288807392,0.0024177919258363545
9224,0.0024024914018809795,0.0024166491278447212
9225,0.0024022539146244526,0.0024157236493192614
9226,0.00240614777430892,0.0024149919883348046
9227,0.002403798745945096,0.0024140977882780136
9228,0.0024064367171376944,0.002413359887432307
9229,0.002400672994554043,0.002412752832751721
9230,0.002400526311248541,0.0024120743782259525
9231,0.0024003218859434128,0.0024115152936428786
9232,0.0023997006937861443,0.00241103085456416
9233,0.002405391074717045,0.0024105362920090554
9234,0.002404357772320509,0.0024101679143495856
9235,0.0024045538157224655,0.0024097963399253787
9236,0.0024004837032407522,0.002409408241510391
9237,0.002399497665464878,0.0024090549699030818
9238,0.002394407521933317,0.0024086343427188696
9239,0.0023969034664332867,0.0024083191365934908
9240,0.0023990324698388577,0.0024080450390465556
9241,0.0023975353688001633,0.0024077338143251837
9242,0.0023962268605828285,0.002407478461973369
9243,0.002392588648945093,0.002407159525901079
9244,0.002391576301306486,0.002406881507486105
9245,0.0023937432561069727,0.0024066424067132174
9246,0.0023964247666299343,0.0024064286751672628
9247,0.0023956757504493,0.0024062309437431397
9248,0.002394722541794181,0.0024060234427452087
9249,0.002394684124737978,0.0024058277090080083
9250,0.002392066176980734,0.0024056107387878
9251,0.002396178198978305,0.0024054459342733024
9252,0.002396934200078249,0.0024053139495663345
9253,0.0023948547895997763,0.0024051530892029403
9254,0.0023944552522152662,0.0024049721006304025
9255,0.002391478978097439,0.0024047624017111955
9256,0.002397781703621149,0.0024046382517553867
9257,0.002399194985628128,0.0024045555968768896
9258,0.002399859018623829,0.0024044760945253073
9259,0.0023993640206754208,0.0024044118681922555
9260,0.0023968517780303955,0.0024043176462873817
9261,0.0024033617228269577,0.0024043009174056352
9262,0.0024167094379663467,0.002404427721630782
9263,0.0024270243011415005,0.002404649411328137
9264,0.0024316185154020786,0.002404928009491414
9265,0.0024209131952375174,0.002405100194737315
9266,0.002420536708086729,0.0024052746105007825
9267,0.0024115298874676228,0.0024053597380407155
9268,0.002401030622422695,0.0024053388996981085
9269,0.002399531891569495,0.0024053131230175493
9270,0.002398808253929019,0.0024052845872938634
9271,0.0024056469555944204,0.002405303891282529
9272,0.0024152975529432297,0.002405426080804318
9273,0.002407331485301256,0.0024054667982272805
9274,0.002397080883383751,0.0024054064531810583
9275,0.002399891149252653,0.002405374371446669
9276,0.0024031498469412327,0.0024053618172183633
9277,0.0024026213213801384,0.002405322580598295
9278,0.002402425277978182,0.002405253923498094
9279,0.0024095396511256695,0.0024052722938358783
9280,0.002407993655651808,0.0024052662728354336
9281,0.002396313240751624,0.0024051333358511328
9282,0.0024071657098829746,0.0024051153706386684
9283,0.0024213953875005245,0.0024052524426952005
9284,0.002418512012809515,0.002405388641636819
9285,0.0024146921932697296,0.0024055255018174647
9286,0.002406984567642212,0.0024055954604409635
9287,0.0023957020603120327,0.0024055476719513536
9288,0.002408217405900359,0.002405603672377765
9289,0.002410630229860544,0.002405645386315882
9290,0.0023971463087946177,0.0024055414949543776
9291,0.00239792768843472,0.0024053969234228132
9292,0.0024040089920163155,0.002405295837670565
9293,0.002392048016190529,0.002405072341207415
9294,0.0023955190554261208,0.0024049689806997774
9295,0.0023916144855320454,0.0024048954201862215
9296,0.0023890368174761534,0.0024047424551099537
9297,0.002392299473285675,0.0024044987792149184
9298,0.002394318813458085,0.0024041650048457087
9299,0.0023939404636621475,0.0024038343946449457
9300,0.002399342367425561,0.002403607200831175
9301,0.0023976867087185383,0.0024034127173945307
9302,0.002394580515101552,0.0024032293003983796
9303,0.002395402640104294,0.0024030799907632174
9304,0.002389614935964346,0.0024029028113000095
9305,0.002392181660979986,0.0024026851425878702
9306,0.0023888866417109966,0.0024023818550631404
9307,0.002386929001659155,0.0024020363157615065
9308,0.0023852335289120674,0.0024018122302368284
9309,0.0023870524019002914,0.0024016898917034266
9310,0.0023877215571701527,0.0024015528243035078
9311,0.0023846719413995743,0.002401293418370187
9312,0.00238568102940917,0.0024009934556670485
9313,0.0023865627590566874,0.002400730715598911
9314,0.0023895329795777798,0.002400511542800814
9315,0.0023917488288134336,0.0024003567406907676
9316,0.0023898379877209663,0.0024001910211518406
9317,0.002390889450907707,0.0024000762961804865
9318,0.002394414506852627,0.0024000012781471014
9319,0.0023936820216476917,0.0023998422850854697
9320,0.0023915639612823725,0.002399640860967338
9321,0.00239230552688241,0.002399466831702739
9322,0.002393167233094573,0.0023993878136388956
9323,0.0023911362513899803,0.0023992851632647218
9324,0.0023925621062517166,0.002399185870308429
9325,0.00239024730399251,0.0023990658042021096
9326,0.002385432831943035,0.002398858654778451
9327,0.0023824027739465237,0.002398644695058465
9328,0.0023844423703849316,0.002398424751590937
9329,0.0023865196853876114,0.002398283218499273
9330,0.0023881536908447742,0.0023981594922952354
9331,0.0023878347128629684,0.002398034620564431
9332,0.0024004564620554447,0.002398042178247124
9333,0.002411655616015196,0.0023981048236601053
9334,0.0024534170515835285,0.0023985954164527355
9335,0.0025012949481606483,0.0023995628277771173
9336,0.002424660138785839,0.0023998045921325684
9337,0.0023931190371513367,0.002399740805849433
9338,0.002415507333353162,0.0023999518039636313
9339,0.0024836671072989702,0.0024008194403722883
9340,0.0024772193282842636,0.0024016013089567423
9341,0.002426966791972518,0.002401895623188466
9342,0.002394563052803278,0.00240187898511067
9343,0.0024085240438580513,0.0024020383390597998
9344,0.0024555358104407787,0.002402677934151143
9345,0.0024797022342681885,0.002403537523932755
9346,0.0024443408474326134,0.0024040166847407816
9347,0.002418676856905222,0.002404246695805341
9348,0.002398932818323374,0.002404288798570633
9349,0.002425148617476225,0.0024045934434980152
9350,0.0024283695966005325,0.0024049564776942134
9351,0.0024338962975889444,0.00240533365868032
9352,0.0024204046931117773,0.002405568363610655
9353,0.0024318257346749306,0.0024059380730614066
9354,0.002430849941447377,0.002406302019953728
9355,0.002409751294180751,0.0024064847431145607
9356,0.002413859125226736,0.0024066455173306165
9357,0.0024181087501347065,0.0024068346549756827
9358,0.0024382066912949085,0.0024072181317023934
9359,0.0024442076683044434,0.0024076665681786835
9360,0.002397845033556223,0.002407676500733942
9361,0.002404268365353346,0.0024076855671592056
9362,0.002409751992672682,0.002407615992706269
9363,0.0024195006117224693,0.002407540755812079
9364,0.002405727980658412,0.002407281850464642
9365,0.0023971570190042257,0.002407044288702309
9366,0.002397569827735424,0.002406814619898796
9367,0.0023986664600670338,0.00240668598562479
9368,0.0023970892652869225,0.0024066465720534325
9369,0.002395959571003914,0.002406610848847777
9370,0.0023947954177856445,0.0024065707204863427
9371,0.002386495005339384,0.0024063792009837927
9372,0.0023898344952613115,0.0024061245704069733
9373,0.002395296236500144,0.002406004217918962
9374,0.00238570524379611,0.0024058904615230857
9375,0.002385026076808572,0.002405741810798645
9376,0.0023868579883128405,0.002405578892212361
9377,0.002389819361269474,0.0024054508726112545
9378,0.0023916747886687517,0.00240534336771816
9379,0.002384285442531109,0.0024050908256322144
9380,0.002385167870670557,0.002404862567782402
9381,0.0023891953751444817,0.0024047913891263304
9382,0.002383976709097624,0.002404559499118477
9383,0.0023826719261705875,0.0024041722645051777
9384,0.0023848640266805887,0.0024038357846438885
9385,0.0023851441219449043,0.0024035403039306402
9386,0.0023823617957532406,0.0024032940762117507
9387,0.002378821838647127,0.0024031252739951017
9388,0.002384947147220373,0.0024028925714083015
9389,0.0023854358587414026,0.00240264062769711
9390,0.0023837657645344734,0.002402506822254509
9391,0.0023816884495317936,0.0024023444298654794
9392,0.0023891304153949022,0.0024021956440992654
9393,0.002380463294684887,0.002402079796884209
9394,0.0023789936676621437,0.002401914543006569
9395,0.0023790374398231506,0.0024017887725494803
9396,0.002380179241299629,0.002401700196787715
9397,0.0023772320710122585,0.002401549522764981
9398,0.002379321027547121,0.002401399544905871
9399,0.002376968041062355,0.0024012298206798734
9400,0.0023799098562449217,0.0024010354955680668
9401,0.0023819133639335632,0.0024008777621202172
9402,0.0023838956840336323,0.002400770913809538
9403,0.0023804381489753723,0.0024006212688982486
9404,0.0023796542081981897,0.002400521661620587
9405,0.002383922226727009,0.002400439067278057
9406,0.002379166427999735,0.002400341865140945
9407,0.0023760260082781315,0.0024002328352071343
9408,0.002383589744567871,0.0024002163973636925
9409,0.0023790616542100906,0.0024001364898867906
9410,0.0023787219543009996,0.002400046493858099
9411,0.0023788241669535637,0.0023999880161136387
9412,0.0023727472871541977,0.002399858678691089
9413,0.0023751030676066875,0.002399744081776589
9414,0.0023751743137836456,0.002399600495118648
9415,0.0023780101910233498,0.002399463108740747
9416,0.002380797639489174,0.0023993727052584292
9417,0.0023783352226018906,0.002399247162975371
9418,0.0023768816608935595,0.0023990718345157803
9419,0.0023778772447258234,0.0023989137867465615
9420,0.002375576179474592,0.0023987539089284837
9421,0.0023767363745719194,0.002398598217405379
9422,0.0023776646703481674,0.002398443191777915
9423,0.002383627463132143,0.0023983681038953365
9424,0.002389488974586129,0.0023983373725786805
9425,0.0023929248563945293,0.0023983641481027007
9426,0.002405754057690501,0.002398567360360175
9427,0.0023960440885275602,0.0023987037735059857
9428,0.002399996155872941,0.0023988593113608656
9429,0.002398969139903784,0.0023989838059060276
9430,0.002397064119577408,0.0023990729101933538
9431,0.0023882887326180935,0.002399077450390905
9432,0.002392711816355586,0.0023990000039339067
9433,0.002390048000961542,0.00239878392778337
9434,0.002388108056038618,0.002398130837827921
9435,0.0023975397925823927,0.0023970932862721383
9436,0.0024118623696267605,0.0023969653085805474
9437,0.002419195370748639,0.0023972260719165206
9438,0.002414123620837927,0.0023972122347913683
9439,0.0024128032382577658,0.0023965035961009563
9440,0.002386953681707382,0.0023956009396351873
9441,0.0023815787862986326,0.0023951470595784483
9442,0.002389665227383375,0.0023950980813242494
9443,0.0023918338119983673,0.0023949311790056526
9444,0.0023926456924527884,0.002394302277825773
9445,0.00238345586694777,0.0023933398141525687
9446,0.0023831333965063095,0.0023927277396433057
9447,0.0023856183979660273,0.0023923971550539134
9448,0.0023964806459844112,0.002392372633330524
9449,0.002381483092904091,0.002391935978084803
9450,0.002379985526204109,0.0023914521373808386
9451,0.0023820949718356133,0.002390934124123305
9452,0.0023884009569883347,0.0023906140867620707
9453,0.0023910976015031338,0.002390206805430353
9454,0.0023862821981310844,0.00238976112799719
9455,0.002386832609772682,0.002389531941153109
9456,0.0023834193125367165,0.002389227543026209
9457,0.0023844405077397823,0.0023888908606022594
9458,0.0023775671143084764,0.0023882844648323953
9459,0.002373949158936739,0.0023875818797387182
9460,0.0023762155324220657,0.0023873655847273766
9461,0.002383626066148281,0.002387159161735326
9462,0.0023822812363505363,0.0023868844541721046
9463,0.0023761196061968803,0.002386450644116849
9464,0.0023743335623294115,0.0023861366999335587
9465,0.002373856958001852,0.002385903699323535
9466,0.002376927062869072,0.0023856972716748714
9467,0.002372095361351967,0.0023854315606877206
9468,0.0023753782734274864,0.0023852144507691265
9469,0.002369217574596405,0.0023849470308050513
9470,0.0023706601932644844,0.00238470567855984
9471,0.0023748173844069242,0.002384588902350515
9472,0.0023721889592707157,0.0023844124469906093
9473,0.002371713984757662,0.0023841766244731845
9474,0.002371423412114382,0.002384033806156367
9475,0.0023718513548374176,0.0023839020589366557
9476,0.0023684552870690823,0.002383718031924218
9477,0.0023677567951381207,0.0023834974062629044
9478,0.002365848980844021,0.002383239148184657
9479,0.002363502513617277,0.002383031318895519
9480,0.002364753745496273,0.002382827177643776
9481,0.0023663309402763844,0.002382598533295095
9482,0.002365586580708623,0.002382414632011205
9483,0.0023698979057371616,0.0023822868918068705
9484,0.0023743989877402782,0.0023821822414174677
9485,0.0023751496337354183,0.002382082296535373
9486,0.002382861915975809,0.002382087297737598
9487,0.002385796047747135,0.0023821570398285985
9488,0.002389343921095133,0.002382201007567346
9489,0.002379409736022353,0.0023821407463401555
9490,0.0023756087757647038,0.002382059176452458
9491,0.00237167626619339,0.002381959054619074
9492,0.0023653884418308735,0.0023817216348834334
9493,0.002373615512624383,0.0023816531570628285
9494,0.0023758807219564915,0.002381622027605772
9495,0.0023768157698214054,0.0023815998109057547
9496,0.0023770760744810104,0.0023815687792375683
9497,0.0023801468778401613,0.0023815979273058476
9498,0.0023770539555698633,0.002381575256586075
9499,0.002374805510044098,0.0023815536312758925
9500,0.002369551919400692,0.00238145005190745
9501,0.0023718883749097586,0.002381349802017212
9502,0.002374094445258379,0.0023812517896294595
9503,0.002380227902904153,0.002381249687168747
9504,0.002386749954894185,0.002381320644635707
9505,0.002381589263677597,0.002381297315005213
9506,0.002380680525675416,0.0023813124559819696
9507,0.0023799350019544363,0.002381351545918733
9508,0.002373640425503254,0.0023812520527280866
9509,0.002374563831835985,0.0023812070745043456
9510,0.0023699167650192976,0.0023811190226115287
9511,0.0023683519102633,0.002381014300044626
9512,0.0023658713325858116,0.0023809455404989422
9513,0.002367260865867138,0.0023808671184815467
9514,0.0023680920712649822,0.00238079629605636
9515,0.002365491818636656,0.002380671112332493
9516,0.002363458275794983,0.002380497718695551
9517,0.002362046856433153,0.0023803348350338637
9518,0.002363306237384677,0.002380199080798775
9519,0.002363039180636406,0.0023800507001578808
9520,0.0023635094985365868,0.0023799300333485008
9521,0.0023622065782546997,0.0023797847353853284
9522,0.0023641898296773434,0.00237964998697862
9523,0.002361804712563753,0.0023794317594729364
9524,0.0023617164697498083,0.002379154034424573
9525,0.002360903425142169,0.00237883382011205
9526,0.002361217513680458,0.0023783884546719493
9527,0.002361713442951441,0.002378045148216188
9528,0.0023628720082342625,0.002377673906739801
9529,0.0023628941271454096,0.0023773131566122174
9530,0.0023650075308978558,0.002376992590725422
9531,0.00236278073862195,0.0023767375107854607
9532,0.0023618913255631924,0.0023764293058775366
9533,0.0023616019170731306,0.0023761448450386525
9534,0.0023616845719516277,0.0023758806101977824
9535,0.002360900864005089,0.0023755142209120096
9536,0.0023603998124599457,0.0023749995953403413
9537,0.002357224002480507,0.00237437988165766
9538,0.0023595946840941906,0.0023738345922902225
9539,0.0023609697818756104,0.0023733162577264013
9540,0.0023623909801244736,0.002373070630710572
9541,0.002366351429373026,0.002372918357141316
9542,0.002370748668909073,0.0023727291915565728
9543,0.002378796460106969,0.002372598818037659
9544,0.00239493977278471,0.002372621758840978
9545,0.0024243241641670465,0.002373030441813171
9546,0.002470859792083502,0.002373907705768943
9547,0.002402475569397211,0.002374076277483255
9548,0.0023697493597865105,0.0023738089646212755
9549,0.0023826700635254383,0.002373820834327489
9550,0.0024285041727125645,0.002374306020792574
9551,0.0024615852162241936,0.0023751009232364593
9552,0.002396070398390293,0.002375177617650479
9553,0.0023779701441526413,0.002375046343076974
9554,0.0024113545659929514,0.002375297066755593
9555,0.002461884170770645,0.0023760475823655725
9556,0.0024158917367458344,0.0023763723066076636
9557,0.002416950883343816,0.002376697410363704
9558,0.0024348245933651924,0.002377269985154271
9559,0.002475344343110919,0.002378283936996013
9560,0.0023949267342686653,0.0023784710490144787
9561,0.002392758149653673,0.002378562369849533
9562,0.0024321903474628925,0.0023790614609606564
9563,0.00244480324909091,0.0023797482973895966
9564,0.0024416022934019566,0.002380420984700322
9565,0.002442700555548072,0.0023811094206757843
9566,0.0024762144312262535,0.002382102294359356
9567,0.002409273525699973,0.0023824740760028363
9568,0.0023812134750187397,0.0023825324280187486
9569,0.0024428400211036205,0.002383268652483821
9570,0.0024862014688551426,0.0023844240652397277
9571,0.002393354894593358,0.002384609440341592
9572,0.0024225348606705666,0.0023851128993555904
9573,0.0024815299548208714,0.0023862110590562226
9574,0.0024217041209340096,0.0023867138661444187
9575,0.002444898709654808,0.0023874443396925925
9576,0.002440595766529441,0.002388165744487196
9577,0.0024104113690555096,0.00238859229022637
9578,0.002403074409812689,0.0023889645445160567
9579,0.0024060530122369528,0.0023893900495022533
9580,0.002390944631770253,0.0023896519583649933
9581,0.0023862002417445183,0.002389850651379675
9582,0.002388607244938612,0.0023900808580219744
9583,0.002396457828581333,0.002390346457250416
9584,0.002385231666266918,0.0023904547840356825
9585,0.0023773768916726112,0.0023904770566150545
9586,0.002383815823122859,0.002390486595686525
9587,0.0023724224884063005,0.0023903528600931166
9588,0.002373269759118557,0.002390192118473351
9589,0.0023766036611050367,0.002390164057724178
9590,0.0023661593440920115,0.0023900695634074508
9591,0.0023684240877628326,0.0023900370416231453
9592,0.002362902043387294,0.0023900121776387097
9593,0.0023653823882341385,0.002389929846394807
9594,0.0023649735376238823,0.002389820774551481
9595,0.002364275511354208,0.002389695371966809
9596,0.0023597595281898975,0.002389522206503898
9597,0.002359001897275448,0.002389310756698251
9598,0.0023576528765261173,0.002389116745907813
9599,0.002359510399401188,0.002388963794801384
9600,0.002358138095587492,0.0023888496565632523
9601,0.0023558023385703564,0.002388688796199858
9602,0.0023539061658084393,0.0023884869134053587
9603,0.0023547085002064705,0.002388231719378382
9604,0.0023543299175798893,0.002387907519005239
9605,0.002352918963879347,0.0023876208160072566
9606,0.002354197669774294,0.0023873559874482454
9607,0.0023529527243226767,0.0023870861646719276
9608,0.002352500334382057,0.002386874763760716
9609,0.0023519168607890606,0.0023866482940502463
9610,0.002351913368329406,0.0023864682600833477
9611,0.0023515147622674704,0.0023862998886033894
9612,0.002351554809138179,0.002386156723368913
9613,0.002353890333324671,0.0023860230180434883
9614,0.002354088705033064,0.0023858829843811692
9615,0.002354925964027643,0.002385777325835079
9616,0.0023512504994869232,0.0023856552480719983
9617,0.0023509967140853405,0.00238554474664852
9618,0.0023484770208597183,0.0023853964544832706
9619,0.0023491051979362965,0.0023852571146562697
9620,0.0023474383633583784,0.0023850964033044876
9621,0.0023478767834603786,0.0023849531053565442
9622,0.002348847920075059,0.0023847996862605214
9623,0.002348358277231455,0.0023846652219071986
9624,0.0023493198677897453,0.002384541255887598
9625,0.0023490828461945057,0.002384423050098121
9626,0.0023479610681533813,0.0023842904856428504
9627,0.0023470555897802114,0.002384143907111138
9628,0.0023458313662558794,0.0023839735006913544
9629,0.0023456946946680546,0.0023838015063665807
9630,0.0023455158807337284,0.0023836065898649394
9631,0.002344488864764571,0.002383423671126366
9632,0.0023456839844584465,0.002383261597715318
9633,0.002344713546335697,0.0023830927140079438
9634,0.0023454613983631134,0.0023829304822720588
9635,0.002348070964217186,0.0023828021832741795
9636,0.0023508970625698566,0.002382707155775279
9637,0.002355467528104782,0.0023826895910315214
9638,0.0023576286621391773,0.0023826699308119714
9639,0.00235734973102808,0.002382633730303496
9640,0.0023551015183329582,0.0023825608356855808
9641,0.0023472560569643974,0.002382369881961495
9642,0.002344890497624874,0.002382111300248653
9643,0.0023486309219151735,0.0023818096448667346
9644,0.002353317802771926,0.002381393425166607
9645,0.0023529636673629284,0.002380679820198566
9646,0.002354853320866823,0.0023795197554863988
9647,0.002352746669203043,0.002379022466484457
9648,0.0023464460391551256,0.0023787894332781435
9649,0.002345062792301178,0.0023784133605659007
9650,0.0023471596650779247,0.0023775999154895546
9651,0.002350827679038048,0.002376492340117693
9652,0.002357050310820341,0.0023761021392419935
9653,0.002354732248932123,0.0023758697602897882
9654,0.002353850519284606,0.002375294719822705
9655,0.002349844668060541,0.0023741743247956038
9656,0.0023469796869903803,0.0023734852042980492
9657,0.002351630013436079,0.002372831995598972
9658,0.0023549275938421488,0.0023720330256037413
9659,0.0023554996587336063,0.0023708345787599684
9660,0.002351437695324421,0.002370399688370526
9661,0.0023511573672294617,0.002369983680546284
9662,0.002358467085286975,0.0023692464479245245
9663,0.002357407007366419,0.0023683724855072794
9664,0.0023590661585330963,0.002367547124158591
9665,0.00235625053755939,0.0023666826239787044
9666,0.002358695026487112,0.002365507429931313
9667,0.002356694545596838,0.0023649816401302816
9668,0.002352353185415268,0.0023646930372342467
9669,0.002350053284317255,0.002363765169866383
9670,0.0023496742360293865,0.0023623998975381257
9671,0.002346239285543561,0.0023619287414476274
9672,0.0023470609448850155,0.002361174002289772
9673,0.0023437608033418655,0.002359796310774982
9674,0.002346192253753543,0.002359041192103177
9675,0.0023482332471758127,0.0023580745374783873
9676,0.0023524954449385405,0.0023571935342624785
9677,0.0023561520501971245,0.0023566509410738947
9678,0.002358370926231146,0.0023562039062380792
9679,0.002360711805522442,0.002355750494170934
9680,0.0023600254207849503,0.002355441302061081
9681,0.0023653926327824593,0.0023552332259714603
9682,0.0023702597245573997,0.0023550497507676483
9683,0.0023738418240100145,0.002354823590721935
9684,0.0023751643020659685,0.0023547229170799255
9685,0.0023782956413924694,0.0023547321045771243
9686,0.002361673628911376,0.0023545106826350095
9687,0.0023549599573016167,0.0023543360573239623
9688,0.002352441195398569,0.0023541277716867624
9689,0.002354579046368599,0.002353907525539398
9690,0.0023502465337514877,0.002353748397435993
9691,0.0023550880141556263,0.0023536150366999208
9692,0.0023480886593461037,0.002353466902859509
9693,0.0023507163859903812,0.0023533202428370715
9694,0.00235400116071105,0.0023532105190679433
9695,0.0023596109822392464,0.0023531638737767937
9696,0.0023553138598799706,0.002353119417093694
9697,0.0023538407403975725,0.0023530678055249154
9698,0.0023473789915442467,0.0023529650666750967
9699,0.002346511697396636,0.0023528350796550514
9700,0.002354200929403305,0.002352795707993209
9701,0.002358643338084221,0.002352824117988348
9702,0.002352513838559389,0.0023528101947158575
9703,0.002347642555832863,0.0023527395352721213
9704,0.002347879810258746,0.00235267503419891
9705,0.0023482213728129864,0.0023526280582882465
9706,0.002351074479520321,0.0023525968263857066
9707,0.002350839087739587,0.002352575690019876
9708,0.0023454853799194098,0.002352505540475249
9709,0.002341786865144968,0.002352404240518808
9710,0.002347998321056366,0.002352365090046078
9711,0.0023451028391718864,0.002352300970815122
9712,0.0023490863386541605,0.002352276286110282
9713,0.002359621459618211,0.002352333597373217
9714,0.0023651462979614735,0.0023524441733025012
9715,0.002366475760936737,0.0023525596712715923
9716,0.0023674466647207737,0.002352721632923931
9717,0.002382109174504876,0.0023530327575281263
9718,0.002399527933448553,0.0023535432666540144
9719,0.0024323491379618645,0.0023543757060542703
9720,0.002451585605740547,0.002355417178478092
9721,0.002399565652012825,0.0023559340671636163
9722,0.002384067978709936,0.0023562862677499654
9723,0.0023879099171608686,0.002356681784149259
9724,0.0024157268926501274,0.002357345854397863
9725,0.0024222778156399727,0.002358077804092318
9726,0.0024206596426665783,0.0023588047898374497
9727,0.0024221395142376423,0.002359555629082024
9728,0.002456805668771267,0.002360665372107178
9729,0.002399994060397148,0.002361208365764469
9730,0.0023666908964514732,0.0023614201159216463
9731,0.002370416885241866,0.002361679396126419
9732,0.002382783219218254,0.0023620503884740174
9733,0.0023707221262156963,0.0023623104742728175
9734,0.002362007275223732,0.0023624759330414234
9735,0.002371113980188966,0.0023627063632011415
9736,0.0023592899087816477,0.002362790291663259
9737,0.0023568873293697834,0.0023628044896759092
9738,0.0023557122331112623,0.00236278532538563
9739,0.0023594489321112633,0.002362806317396462
9740,0.0023586489260196686,0.0023628417914733292
9741,0.0023588882759213448,0.0023629581136628986
9742,0.0023524011485278606,0.0023630332201719285
9743,0.00235068891197443,0.0023630538000725208
9744,0.0023510472383350134,0.0023630310944281517
9745,0.0023494516499340534,0.002362995974253863
9746,0.002348603680729866,0.0023629334778524935
9747,0.002350457012653351,0.0023629105812869966
9748,0.00235113687813282,0.0023629574896767737
9749,0.0023547180462628603,0.0023630540422163904
9750,0.002347302855923772,0.002363055474124849
9751,0.002345068845897913,0.0023629978857934476
9752,0.0023501142859458923,0.002362928525544703
9753,0.0023455009795725346,0.002362836212851107
9754,0.0023463587276637554,0.0023627612949348987
9755,0.0023453240282833576,0.002362716088537127
9756,0.0023428350687026978,0.00236267464235425
9757,0.002344373380765319,0.0023626020760275424
9758,0.0023402469232678413,0.002362455269321799
9759,0.002337584039196372,0.002362276113126427
9760,0.0023399358615279198,0.002362161094788462
9761,0.002339415717869997,0.002362043678294867
9762,0.00234097964130342,0.0023618688038550316
9763,0.002339497208595276,0.0023616897058673205
9764,0.0023415950126945972,0.0023615149944089353
9765,0.0023397793993353844,0.0023613502830266953
9766,0.002336562378332019,0.0023611289565451444
9767,0.0023381300270557404,0.0023609433113597335
9768,0.0023391181603074074,0.0023608109611086545
9769,0.002341808285564184,0.002360728511121124
9770,0.002343175234273076,0.0023606635211035607
9771,0.0023423279635608196,0.0023606244078837337
9772,0.0023410855792462826,0.0023605646542273462
9773,0.002338632708415389,0.0023605133732780815
9774,0.0023338166065514088,0.0023603896168060603
9775,0.002335074357688427,0.002360258027911186
9776,0.00233588763512671,0.002360091949813068
9777,0.002336410805583,0.0023598945373669265
9778,0.002338855527341366,0.002359699383378029
9779,0.0023371223360300064,0.0023594634886831044
9780,0.002334941178560257,0.0023592126462608576
9781,0.002333984710276127,0.002358898567035794
9782,0.002331552794203162,0.002358511497732252
9783,0.0023325865622609854,0.0023580989451147615
9784,0.0023314463905990124,0.002357661766000092
9785,0.002332598902285099,0.0023572047986090182
9786,0.00233263848349452,0.00235691444715485
9787,0.0023350603878498077,0.0023567154514603315
9788,0.00233477633446455,0.0023565388028509915
9789,0.0023366292007267475,0.002356359304394573
9790,0.0023356478195637465,0.0023562133172526957
9791,0.002336182165890932,0.0023560242587700488
9792,0.002338229212909937,0.002355925664305687
9793,0.002342598047107458,0.0023558444809168577
9794,0.002345507265999913,0.0023557595419697462
9795,0.0023521112743765116,0.002355684544891119
9796,0.0023545054718852043,0.002355676461011171
9797,0.0023643644526600838,0.0023557816981337964
9798,0.002372260205447674,0.0023560305102728308
9799,0.0023947146255522966,0.002356512539554387
9800,0.002413715235888958,0.002357107682619244
9801,0.002429993823170662,0.0023578211874701084
9802,0.0023915935307741165,0.0023582119843922555
9803,0.0023764914367347956,0.002358500473201275
9804,0.002348636742681265,0.0023585080425255
9805,0.0023489054292440414,0.0023585148830898104
9806,0.0023779491893947124,0.0023587836301885547
9807,0.002374605042859912,0.0023590212897397576
9808,0.0023627490736544132,0.0023591939266771078
9809,0.0023545778822153807,0.002359321836847812
9810,0.0023431447334587574,0.002359273300971836
9811,0.002361130900681019,0.0023594335815869272
9812,0.0023597972467541695,0.002359540690667927
9813,0.002361234975978732,0.0023595568258315326
9814,0.002356366254389286,0.0023594690253958108
9815,0.0023470972664654255,0.0023592752404510975
9816,0.0023490870371460915,0.002359091644175351
9817,0.0023587183095514774,0.0023588577355258167
9818,0.0023651421070098877,0.00235851387726143
9819,0.0023698052391409874,0.0023578884382732214
9820,0.0023510027676820755,0.0023568826098926366
9821,0.0023450013250112534,0.002356336966622621
9822,0.0023415996693074703,0.0023559122835285964
9823,0.0023460187949240208,0.0023554933723062277
9824,0.0023474697954952717,0.0023548108013346793
9825,0.002342872554436326,0.0023540167487226425
9826,0.0023384527303278446,0.002353194679599255
9827,0.0023377288598567247,0.002352350573055446
9828,0.002339307451620698,0.0023511755908839404
9829,0.002338110003620386,0.0023505567503161726
9830,0.002339866477996111,0.002350288506131619
9831,0.002334817312657833,0.0023499325104057787
9832,0.0023312559351325035,0.002349417237564921
9833,0.0023312452249228954,0.0023490224685519933
9834,0.00233376189135015,0.0023487400147132577
9835,0.00233418308198452,0.0023483707057312133
9836,0.0023352722637355328,0.002348130529280752
9837,0.002333045471459627,0.0023478921107016504
9838,0.002329029142856598,0.002347625279799104
9839,0.002331058494746685,0.002347341375425458
9840,0.002334376098588109,0.0023470986471511423
9841,0.002333634765818715,0.0023468461120501162
9842,0.0023358892649412155,0.0023466809932142494
9843,0.002329493872821331,0.002346469042822719
9844,0.0023300955072045326,0.0023462595255114137
9845,0.002327197464182973,0.002346036983653903
9846,0.0023299437016248703,0.002345850383862853
9847,0.0023326068185269833,0.0023456718819215893
9848,0.002334164921194315,0.0023455021623522043
9849,0.002332287607714534,0.002345277857966721
9850,0.002330319955945015,0.0023451080289669333
9851,0.0023288470692932606,0.002344945811200887
9852,0.0023236023262143135,0.0023446806916035713
9853,0.002326567890122533,0.0023444913607090713
9854,0.002327501308172941,0.002344302786514163
9855,0.002329805865883827,0.002344147604890168
9856,0.0023288140073418617,0.0023440073942765593
9857,0.002327592810615897,0.0023438395885750653
9858,0.0023260428570210934,0.0023436975479125977
9859,0.002326836809515953,0.0023435900756157936
9860,0.0023255154956132174,0.0023434458719566466
9861,0.002324119908735156,0.002343292913865298
9862,0.0023258989676833153,0.002343142107129097
9863,0.00232548825442791,0.002343002017587423
9864,0.0023293504491448402,0.002342879571951926
9865,0.0023267585784196854,0.002342749363742769
9866,0.0023280505556613207,0.002342664245516062
9867,0.0023243394680321217,0.0023425263399258255
9868,0.0023251818493008614,0.0023423869768157603
9869,0.002326766960322857,0.0023422365635633467
9870,0.0023255692794919014,0.002342060504015535
9871,0.00232883938588202,0.002341925618238747
9872,0.0023316415026783943,0.0023418311774730683
9873,0.0023468551225960255,0.0023419134016148748
9874,0.0023713826667517424,0.002342289062216878
9875,0.0024215467274188995,0.002343153785914183
9876,0.0023697754368185997,0.0023434926639311015
9877,0.002341033425182104,0.0023435388901270927
9878,0.002347881207242608,0.002343629146926105
9879,0.002366233617067337,0.002343920259736478
9880,0.002408103086054325,0.002344651878811419
9881,0.0024284389801323414,0.002345596421509981
9882,0.002438706811517477,0.0023466679616831244
9883,0.0024401412811130285,0.0023477435088716447
9884,0.0024540082085877657,0.0023489691270515323
9885,0.0023864959366619587,0.0023495080973953007
9886,0.0023907022550702095,0.0023500887351110577
9887,0.002476122695952654,0.002351499358192086
9888,0.002453989814966917,0.00235269149299711
9889,0.0024080295115709305,0.002353405496105552
9890,0.002402734011411667,0.002354076358024031
9891,0.0024046304170042276,0.002354760840535164
9892,0.00241001695394516,0.0023554787179455162
9893,0.0023923194967210293,0.002355975932441652
9894,0.002412733854725957,0.002356648198328912
9895,0.0024411294143646955,0.002357538379728794
9896,0.0024335088673979044,0.002358328413683921
9897,0.0023997402749955654,0.0023586821719072757
9898,0.0023872079327702522,0.0023588316491805015
9899,0.0023736043367534876,0.0023586205462925135
9900,0.002364241285249591,0.00235812580678612
9901,0.0023677083663642406,0.0023575029522180557
9902,0.00237440736964345,0.002357331090606749
9903,0.0023509603925049305,0.0023570757801644505
9904,0.0023614359088242054,0.0023572037718258797
9905,0.00234683183953166,0.002357183035928756
9906,0.002345719840377569,0.0023568607424385847
9907,0.0023443973623216152,0.0023565586656332017
9908,0.002345163142308593,0.0023563828063197434
9909,0.002339763566851616,0.002356234663166106
9910,0.0023369104601442814,0.002356172320432961
9911,0.002337534911930561,0.0023559363605454562
9912,0.0023327574599534273,0.002355665962677449
9913,0.0023339842446148396,0.00235539345536381
9914,0.002330055460333824,0.0023551303474232555
9915,0.002331023570150137,0.0023549696104601028
9916,0.0023274889681488276,0.00235475362977013
9917,0.002326267771422863,0.0023544291243888437
9918,0.0023282463662326336,0.002354060166981071
9919,0.0023279667366296053,0.0023536417819559575
9920,0.002325821900740266,0.0023533899732865395
9921,0.002324716653674841,0.002353187126573175
9922,0.0023227944038808346,0.002352999073918909
9923,0.0023222416639328003,0.0023527613026089965
9924,0.002322636777535081,0.0023525129724293946
9925,0.00232464587315917,0.002352330705616623
9926,0.002323936205357313,0.002352185540366918
9927,0.0023232963867485523,0.002352041215635836
9928,0.002321917563676834,0.0023518673167563977
9929,0.002319603692740202,0.0023516822536475955
9930,0.0023224016185849905,0.0023515076050534844
9931,0.0023203648161143064,0.002351363080088049
9932,0.0023220933508127928,0.002351271454244852
9933,0.0023222845047712326,0.0023511818470433356
9934,0.002322120126336813,0.0023510654293932023
9935,0.0023233513347804546,0.0023509571119211614
9936,0.002325328765437007,0.002350857676938176
9937,0.00232459488324821,0.002350773171056062
9938,0.0023242300376296043,0.002350725180003792
9939,0.0023226351477205753,0.002350640946533531
9940,0.0023219846189022064,0.0023505170317366718
9941,0.002320741070434451,0.0023503880947828293
9942,0.0023217611014842987,0.00235024681314826
9943,0.0023205464240163565,0.0023501573386602104
9944,0.002320393919944763,0.0023500603227876128
9945,0.002321091713383794,0.002349999265279621
9946,0.0023212742526084185,0.0023499125707894565
9947,0.002321409061551094,0.0023498005932196973
9948,0.0023223944008350372,0.0023496828880161047
9949,0.002324179746210575,0.002349601809401065
9950,0.002321755513548851,0.0023495161649771034
9951,0.0023191662039607763,0.002349419356323779
9952,0.0023187638726085424,0.002349370971787721
9953,0.002317456528544426,0.00234927985817194
9954,0.0023171240463852882,0.0023491760855540635
9955,0.002316875848919153,0.0023490467853844164
9956,0.002317326609045267,0.0023489319114014507
9957,0.0023218945134431124,0.002348874928429723
9958,0.0023262500762939453,0.0023488770006224514
9959,0.0023418734781444073,0.002349027367308736
9960,0.002350462833419442,0.002349276840686798
9961,0.0023632245138287544,0.002349667886737734
9962,0.002368637826293707,0.002350095275323838
9963,0.0023468080908060074,0.002350308473687619
9964,0.0023235029075294733,0.0023502499982714655
9965,0.0023301634937524796,0.002350284047424793
9966,0.0023523580748587847,0.0023505271226167677
9967,0.0023693684488534927,0.0023509774124249815
9968,0.002363643143326044,0.0023513620253652334
9969,0.0023451359011232853,0.0023515457147732376
9970,0.0023452197201550007,0.0023517422191798687
9971,0.0023815815802663565,0.002352269641123712
9972,0.002387748099863529,0.0023528307070955633
9973,0.002388805616647005,0.002353250212036073
9974,0.00235672271810472,0.002353103612549603
9975,0.002370145171880722,0.0023525895969942214
9976,0.0024016667157411575,0.0023529085097834467
9977,0.0023585697636008263,0.002353083873167634
9978,0.0023480216041207314,0.0023530852771364154
9979,0.002363107167184353,0.0023530540126375852
9980,0.002365388907492161,0.002352626870851964
9981,0.0023655197583138943,0.002351997678633779
9982,0.0023802428040653467,0.002351413038559258
9983,0.0024007786996662617,0.0023510194127447904
9984,0.002377925906330347,0.002350258589722216
9985,0.0023532395716756582,0.002349926026072353
9986,0.002349422313272953,0.0023495132266543807
9987,0.0023687495850026608,0.0023484394955448806
9988,0.002364009851589799,0.0023475396959111096
9989,0.002359391190111637,0.0023470533126965167
9990,0.002369401976466179,0.0023467199923470614
9991,0.0023990185000002384,0.0023466638731770217
9992,0.0023884186521172523,0.0023464478901587425
9993,0.0023851823061704636,0.002346376518253237
9994,0.0023948061279952526,0.00234619724098593
9995,0.002393028698861599,0.002345716233830899
9996,0.00234090443700552,0.002344790189526975
9997,0.0023448201827704906,0.0023442409886047246
9998,0.00237394031137228,0.0023441083123907445
9999,0.0023536584340035915,0.0023439088533632455
