step,loss,moving_avg
0,0.23113666474819183,0.23113666474819183
1,0.22155721485614777,0.2263469398021698
2,0.2271043062210083,0.22659939527511597
3,0.22135192155838013,0.225287526845932
4,0.21464166045188904,0.2231583535671234
5,0.21386733651161194,0.22160985072453818
6,0.2063584327697754,0.21943107673100062
7,0.20055049657821655,0.21707100421190262
8,0.20210301876068115,0.21540789471732247
9,0.19854944944381714,0.21372205018997192
10,0.1957796812057495,0.2120909257368608
11,0.19722571969032288,0.21085215856631598
12,0.18854472041130066,0.20913620178516096
13,0.18353725969791412,0.20730770592178618
14,0.18154630064964294,0.2055902789036433
15,0.17549988627433777,0.2037096293643117
16,0.1813369244337082,0.2023935878978056
17,0.18066108226776123,0.20118622647391426
18,0.17550913989543915,0.19983480086452082
19,0.17209714651107788,0.19844791814684867
20,0.16902223229408264,0.19704669501100266
21,0.1651429980993271,0.19559652696956287
22,0.16022774577140808,0.19405875387399094
23,0.16094475984573364,0.19267900412281355
24,0.16099782288074493,0.1914117568731308
25,0.15834566950798035,0.19013998428216347
26,0.15783452987670898,0.18894348597085034
27,0.15071959793567657,0.18757834711245128
28,0.1505463719367981,0.18630138245122185
29,0.14869731664657593,0.185047913591067
30,0.14575108885765076,0.18378027408353745
31,0.145603209733963,0.18258724082261324
32,0.1416492909193039,0.18134669688614932
33,0.1439046859741211,0.18024546127108967
34,0.14118120074272156,0.17912933954170773
35,0.1376323699951172,0.17797664594319132
36,0.13840888440608978,0.1769072469827291
37,0.13940653204917908,0.17592038606342517
38,0.1340775191783905,0.17484749204073197
39,0.1305117905139923,0.17373909950256347
40,0.13247144222259521,0.1727325712762228
41,0.13201110064983368,0.17176301245178496
42,0.13110536336898804,0.1708174857289292
43,0.13094039261341095,0.16991118815812198
44,0.13096588850021362,0.1690457370546129
45,0.12798143923282623,0.1681530349280523
46,0.1264985054731369,0.1672667683439052
47,0.1260071098804474,0.16640719212591648
48,0.12812748551368713,0.16562597362362608
49,0.12536776065826416,0.16482080936431884
50,0.12348546832799911,0.16401031248125375
51,0.12425512075424194,0.1632457895634266
52,0.12362653017044067,0.16249825636733253
53,0.12483842670917511,0.16180085211440368
54,0.12215574085712433,0.1610800319097259
55,0.12175098061561584,0.16037772742233106
56,0.12326463311910629,0.15972662050473063
57,0.1228589341044426,0.15909097073920841
58,0.11920737475156784,0.15841497758687553
59,0.1218595951795578,0.15780572121342024
60,0.12272924184799194,0.15723069696152797
61,0.11892398446798325,0.1566128467600192
62,0.12036272883415222,0.1560374480627832
63,0.11761365085840225,0.15543707623146474
64,0.11959068477153778,0.1548855932859274
65,0.11775404214859009,0.15432299402627078
66,0.11728499829769135,0.15377018811987408
67,0.11910247802734375,0.15326036885380745
68,0.11572089046239853,0.15271631844233777
69,0.11531105637550354,0.15218195755566868
70,0.11692317575216293,0.15168535499505595
71,0.11534295976161957,0.15118059950570265
72,0.11708830296993256,0.15071358174493868
73,0.11483683437108994,0.15022876083448128
74,0.1149575263261795,0.1497584777077039
75,0.11645905673503876,0.14932032743174778
76,0.11114184558391571,0.14882450299216554
77,0.11222650110721588,0.1483552978397944
78,0.11180491000413895,0.1478926347026342
79,0.11273473501205444,0.14745316095650196
80,0.1142781674861908,0.14704359313588083
81,0.11501745134592056,0.1466530304311252
82,0.10997873544692993,0.14621117145541201
83,0.11146707087755203,0.1457975512104375
84,0.11040911078453064,0.14538121661719153
85,0.11203175038099289,0.14499343212607296
86,0.10953482985496521,0.14458586198502574
87,0.10871050506830215,0.14417818747460842
88,0.10913604497909546,0.14378445553645658
89,0.10868918895721436,0.14339450813002055
90,0.11184513568878174,0.1430478117295674
91,0.10774726420640945,0.14266411012605482
92,0.10833659023046494,0.14229499700889792
93,0.10708631575107574,0.14192043656998493
94,0.10957851260900497,0.1415799952651325
95,0.10752815753221512,0.14122528862208128
96,0.10733336210250854,0.1408758873177558
97,0.10508188605308533,0.14051064240689182
98,0.107467882335186,0.14017687715364224
99,0.1107816994190216,0.13988292537629604
100,0.10679860413074493,0.13863954477012158
101,0.10689619183540344,0.13749293453991412
102,0.10888161510229111,0.13631070762872696
103,0.1056409478187561,0.13515359789133072
104,0.1056070327758789,0.1340632516145706
105,0.10686402022838593,0.13299321845173837
106,0.1058628261089325,0.13198826238512992
107,0.10664638876914978,0.13104922130703925
108,0.10502377897500992,0.13007842890918256
109,0.10715256631374359,0.12916446007788182
110,0.105225570499897,0.12825891897082328
111,0.10653505474328995,0.12735201232135296
112,0.10224806517362595,0.1264890457689762
113,0.10379769653081894,0.12569165013730527
114,0.10745664685964584,0.12495075359940529
115,0.10495371371507645,0.12424529187381267
116,0.10188896209001541,0.12345081225037574
117,0.10477186739444733,0.12269192010164261
118,0.10369160771369934,0.12197374477982521
119,0.10684327781200409,0.12132120609283448
120,0.1013181060552597,0.12064416483044624
121,0.10276398807764053,0.12002037473022938
122,0.10395483672618866,0.11945764563977718
123,0.10190927237272263,0.11886729076504707
124,0.1015734076499939,0.11827304661273956
125,0.10350508987903595,0.11772464081645012
126,0.10033503919839859,0.11714964590966702
127,0.10479718446731567,0.1166904217749834
128,0.10102379322052002,0.11619519598782063
129,0.10315851867198944,0.11573980800807476
130,0.09918343275785446,0.1152741314470768
131,0.10205197334289551,0.11483861908316612
132,0.10037152469158173,0.11442584142088891
133,0.10082554817199707,0.11399505004286765
134,0.10094155371189117,0.11359265357255936
135,0.10034650564193726,0.11321979492902756
136,0.10208187997341156,0.11285652488470077
137,0.0984683409333229,0.11244714297354222
138,0.09869300574064255,0.11209329783916473
139,0.10159289836883545,0.11180410891771317
140,0.09969927370548248,0.11147638723254204
141,0.09809939563274384,0.11113727018237114
142,0.0974542647600174,0.11080075919628143
143,0.09968511015176773,0.110488206371665
144,0.0990639477968216,0.11016918696463109
145,0.09869999438524246,0.10987637251615524
146,0.09892821311950684,0.10960066959261894
147,0.0985366702079773,0.10932596519589424
148,0.09848669916391373,0.10902955733239651
149,0.098509281873703,0.1087609725445509
150,0.09760073572397232,0.10850212521851063
151,0.0979275107383728,0.10823884911835194
152,0.09797058254480362,0.10798228964209557
153,0.09785036742687225,0.10771240904927254
154,0.09956954419612885,0.10748654708266259
155,0.0987931564450264,0.10725696884095669
156,0.09870290756225586,0.10701135158538819
157,0.09816120564937592,0.10676437430083752
158,0.09317807108163834,0.10650408126413823
159,0.0978112742304802,0.10626359805464744
160,0.09644483774900436,0.10600075401365756
161,0.10037853568792343,0.10581529952585697
162,0.09654215723276138,0.10557709380984306
163,0.09621931612491608,0.1053631504625082
164,0.09886195510625839,0.1051558631658554
165,0.09569250047206879,0.10493524774909019
166,0.09701994806528091,0.10473259724676609
167,0.09511815011501312,0.10449275396764278
168,0.09441471844911575,0.10427969224750995
169,0.09389698505401611,0.10406555153429509
170,0.09428104758262634,0.10383913025259972
171,0.09828916192054749,0.103668592274189
172,0.0957917720079422,0.10345562696456909
173,0.09803509712219238,0.10328760959208011
174,0.09507665783166885,0.10308880090713501
175,0.09603258967399597,0.10288453623652458
176,0.09739978611469269,0.10274711564183235
177,0.0954713225364685,0.10257956385612488
178,0.09432929009199142,0.1024048076570034
179,0.09651602804660797,0.10224262058734894
180,0.09451955556869507,0.10204503446817398
181,0.09279392659664154,0.10182279922068119
182,0.09440402686595917,0.10166705213487148
183,0.0952678844332695,0.10150506027042866
184,0.09581242501735687,0.10135909341275692
185,0.09516601264476776,0.10119043603539467
186,0.09497955441474915,0.10104488328099251
187,0.09489612281322479,0.10090673945844174
188,0.09232437610626221,0.1007386227697134
189,0.09473427385091782,0.10059907361865043
190,0.0929449275135994,0.10041007153689861
191,0.0934353768825531,0.10026695266366005
192,0.09229669719934464,0.10010655373334884
193,0.09435960650444031,0.09997928664088249
194,0.09166112542152405,0.09980011276900769
195,0.09407396614551544,0.09966557085514069
196,0.093171127140522,0.09952394850552082
197,0.09276249259710312,0.099400754570961
198,0.09185517579317093,0.09924462750554085
199,0.09098027646541595,0.0990466132760048
200,0.09167361259460449,0.09889536336064339
201,0.09188102185726166,0.09874521166086198
202,0.09062491357326508,0.09856264464557171
203,0.09223485738039017,0.09842858374118806
204,0.09176695346832275,0.09829018294811248
205,0.09077391028404236,0.09812928184866905
206,0.09194620698690414,0.09799011565744876
207,0.09267260134220123,0.09785037778317929
208,0.09210291504859924,0.09772116914391518
209,0.0910596251487732,0.09756023973226548
210,0.09040087461471558,0.09741199277341366
211,0.09250672161579132,0.09727170944213867
212,0.09270909428596497,0.09717631973326206
213,0.09086328744888306,0.0970469756424427
214,0.09129796922206879,0.09688538886606693
215,0.09069958329200745,0.09674284756183624
216,0.092616967856884,0.09665012761950492
217,0.09160613268613815,0.09651847027242183
218,0.09118044376373291,0.09639335863292217
219,0.0905393660068512,0.09623031951487064
220,0.09010139107704163,0.09611815236508846
221,0.08931227773427963,0.09598363526165485
222,0.09120473265647888,0.09585613422095776
223,0.08907487243413925,0.09572779022157192
224,0.08999720215797424,0.09561202816665172
225,0.08976943045854568,0.09547467157244682
226,0.09087828546762466,0.09538010403513908
227,0.08882556110620499,0.09522038780152797
228,0.09176833927631378,0.09512783326208592
229,0.09067749977111816,0.0950030230730772
230,0.09050556272268295,0.09491624437272549
231,0.08971734344959259,0.09479289807379246
232,0.08870850503444672,0.09467626787722111
233,0.09010714292526245,0.09456908382475376
234,0.08968698978424072,0.09445653818547725
235,0.08703774213790894,0.09432345055043698
236,0.0898364931344986,0.09420099668204784
237,0.09161386638879776,0.09413245193660259
238,0.09130683541297913,0.09405859023332595
239,0.08816426992416382,0.09392430394887924
240,0.09036777913570404,0.09383098900318146
241,0.08824101090431213,0.09373240515589715
242,0.0889899879693985,0.09364776238799095
243,0.08811169862747192,0.093532028272748
244,0.08973488956689835,0.09343873769044876
245,0.0863761454820633,0.09331549920141696
246,0.08733763545751572,0.09319959342479706
247,0.08806851506233215,0.09309491187334061
248,0.08755665272474289,0.0929856114089489
249,0.08790957927703857,0.09287961438298226
250,0.08896037936210632,0.09279321081936359
251,0.08559736609458923,0.09266990937292575
252,0.08714105188846588,0.09256161406636237
253,0.08707977831363678,0.09245390817523003
254,0.08884495496749878,0.09234666228294372
255,0.08796930313110352,0.0922384237498045
256,0.08832790702581406,0.09213467374444008
257,0.08834995329380035,0.09203656122088433
258,0.0876874029636383,0.09198165453970432
259,0.08802970498800278,0.09188383884727955
260,0.08749344944953918,0.0917943249642849
261,0.08590877056121826,0.09164962731301785
262,0.0873597040772438,0.09155780278146267
263,0.08793720602989197,0.09147498168051243
264,0.08742242306470871,0.09136058636009693
265,0.08719991892576218,0.09127566054463386
266,0.085800901055336,0.09116347007453442
267,0.08523784577846527,0.09106466703116894
268,0.08494751900434494,0.09096999503672124
269,0.08860455453395844,0.09091707073152065
270,0.08728024363517761,0.09084706269204616
271,0.08740396052598953,0.09073821067810059
272,0.08737468719482422,0.0906540398299694
273,0.08683990687131882,0.09054208792746067
274,0.08577040582895279,0.0904490254074335
275,0.0876961350440979,0.09036566086113453
276,0.08534882962703705,0.09024515129625797
277,0.08583468943834305,0.09014878496527672
278,0.08330805599689484,0.09003857262432576
279,0.08558601140975952,0.08992927245795727
280,0.08545286953449249,0.08983860559761524
281,0.08601043373346329,0.08977077066898347
282,0.08627907931804657,0.08968952119350433
283,0.08610402047634125,0.08959788255393505
284,0.08383504301309586,0.08947810873389245
285,0.08636289834976196,0.08939007759094238
286,0.0868619829416275,0.08930890187621117
287,0.08540889620780945,0.08921402961015701
288,0.08692816644906998,0.08916006751358509
289,0.08624330163002014,0.08907515779137612
290,0.08364477753639221,0.08898215629160404
291,0.08341528475284576,0.08888195537030696
292,0.08337670564651489,0.08879275545477867
293,0.084051214158535,0.08868967153131962
294,0.08567704260349274,0.0886298307031393
295,0.08675170689821243,0.08855660811066628
296,0.08542458713054657,0.08847914271056652
297,0.08301318436861038,0.0883816496282816
298,0.08511075377464294,0.08831420540809631
299,0.08379021286964417,0.0882423047721386
300,0.08498135209083557,0.08817538216710091
301,0.08339837193489075,0.0880905556678772
302,0.08531003445386887,0.08803740687668324
303,0.0847635418176651,0.08796269372105599
304,0.0843735858798027,0.08788876004517078
305,0.08392781764268875,0.08782029911875724
306,0.0847591832280159,0.08774842888116836
307,0.08196723461151123,0.08764137521386146
308,0.08593777567148209,0.0875797238200903
309,0.08497699350118637,0.08751889750361443
310,0.08536898344755173,0.08746857859194279
311,0.08301302045583725,0.08737364158034325
312,0.0849878191947937,0.08729642882943153
313,0.08136393874883652,0.08720143534243106
314,0.08399615436792374,0.08712841719388961
315,0.08161082118749619,0.08703752957284451
316,0.08252027630805969,0.08693656265735626
317,0.08290643990039825,0.08684956572949887
318,0.08413155376911163,0.08677907682955265
319,0.0820586234331131,0.08669426940381526
320,0.08289401233196259,0.08662219561636447
321,0.08190982788801193,0.0865481711179018
322,0.0849635899066925,0.08648575969040394
323,0.08430322259664536,0.086438043192029
324,0.08082520961761475,0.0863463232666254
325,0.08319340646266937,0.08628056302666665
326,0.08400149643421173,0.08621179513633251
327,0.08239734172821045,0.08614751294255257
328,0.08218635618686676,0.0860516931116581
329,0.08189963549375534,0.08596391446888446
330,0.08103544265031815,0.08586921326816083
331,0.08159336447715759,0.08578797347843647
332,0.08265480399131775,0.08572743646800518
333,0.0818619430065155,0.08564498446881771
334,0.08151165395975113,0.08556323111057282
335,0.08269554376602173,0.08551980912685395
336,0.08154323697090149,0.08543687656521798
337,0.08280853182077408,0.08534882321953774
338,0.08411570638418198,0.08527691192924976
339,0.0800609216094017,0.08519587844610214
340,0.08065959811210632,0.08509879663586617
341,0.08344176411628723,0.08505080416798591
342,0.08281563222408295,0.08498906061053275
343,0.08182343095541,0.08492617793381214
344,0.08035892248153687,0.08483241826295852
345,0.08072920143604279,0.08477594882249832
346,0.08266551792621613,0.08472922764718532
347,0.0793718546628952,0.08464226104319096
348,0.08314767479896545,0.08459817126393318
349,0.08025707304477692,0.08452164620161057
350,0.08229746669530869,0.08445501707494259
351,0.08095844089984894,0.08440862782299519
352,0.07944124191999435,0.08433162972331047
353,0.08215983211994171,0.08428243026137353
354,0.08193392306566238,0.08421331994235516
355,0.08233533799648285,0.08415698029100895
356,0.07994237542152405,0.08407312497496605
357,0.08167445659637451,0.08400637000799178
358,0.08022572100162506,0.08393175318837166
359,0.08057843148708344,0.08385724045336246
360,0.08138491958379745,0.08379615515470505
361,0.08045599609613419,0.08374162741005421
362,0.08014054596424103,0.08366943582892418
363,0.08052176237106323,0.0835952813923359
364,0.0790671855211258,0.08351172901690006
365,0.08192887902259827,0.08345901861786842
366,0.08203857392072678,0.08342139534652233
367,0.08164286613464355,0.08338544555008412
368,0.08056934177875519,0.08334166377782821
369,0.07950806617736816,0.08325069889426231
370,0.07987450808286667,0.0831766415387392
371,0.08029921352863312,0.08310559406876564
372,0.08005759865045547,0.08303242318332195
373,0.07900401949882507,0.08295406430959701
374,0.08008019626140594,0.08289716221392154
375,0.07873529195785522,0.08280755378305912
376,0.07913537323474884,0.08274541921913624
377,0.0807131677865982,0.08269420400261879
378,0.07983332127332687,0.08265945665538312
379,0.07918500900268555,0.08259544663131237
380,0.07894435524940491,0.08253036148846149
381,0.08140648156404495,0.0824843219667673
382,0.079621821641922,0.08241774939000607
383,0.07833880931138992,0.08234009727835655
384,0.07785862684249878,0.08228033311665058
385,0.07857125997543335,0.08220241673290729
386,0.07888621836900711,0.0821226590871811
387,0.07856178283691406,0.08205418795347214
388,0.0768933892250061,0.0819538401812315
389,0.07808905839920044,0.0818722977489233
390,0.08006557822227478,0.08183650575578212
391,0.07885962724685669,0.08179094918072223
392,0.08064412325620651,0.08176362335681915
393,0.07862821221351624,0.08170939333736897
394,0.08145241439342499,0.08166714705526829
395,0.07682646811008453,0.08156789466738701
396,0.07737255096435547,0.0814873743057251
397,0.0780177190899849,0.08143741965293884
398,0.07787397503852844,0.0813650518655777
399,0.07872732728719711,0.08131442300975322
400,0.07636255025863647,0.08122823499143124
401,0.07740752398967743,0.0811683265119791
402,0.07579678297042847,0.0810731939971447
403,0.07643398642539978,0.08098989844322205
404,0.07940323650836945,0.08094019494950772
405,0.07685531675815582,0.08086946994066238
406,0.07593558728694916,0.08078123398125171
407,0.07762046158313751,0.08073776625096798
408,0.07640661299228668,0.08064245462417602
409,0.07513642311096191,0.08054404892027378
410,0.0771348625421524,0.08046170771121978
411,0.07855075597763062,0.08041708506643772
412,0.07647883892059326,0.08033199526369572
413,0.07618744671344757,0.08028023034334182
414,0.07595637440681458,0.08019983254373074
415,0.07760102301836014,0.08015973456203937
416,0.07641874253749847,0.08009871922433376
417,0.07659714668989182,0.0800356262922287
418,0.07538389414548874,0.07994814969599247
419,0.0760454460978508,0.07988801792263985
420,0.07543841004371643,0.07981346189975738
421,0.0756007507443428,0.07975037112832069
422,0.07727500796318054,0.07967348530888557
423,0.076899953186512,0.07959945261478424
424,0.07645568251609802,0.07955575734376907
425,0.07611887156963348,0.07948501199483872
426,0.07475636899471283,0.07939256072044372
427,0.0769609659910202,0.07933819696307182
428,0.07644690573215485,0.0792808024585247
429,0.07438249886035919,0.07920563109219074
430,0.0771760642528534,0.0791670373082161
431,0.07590827345848083,0.07911018639802933
432,0.07590827345848083,0.07904272109270095
433,0.0755891501903534,0.07897999316453934
434,0.07412378489971161,0.07890611447393894
435,0.07390543073415756,0.0788182133436203
436,0.07505485415458679,0.07875332951545716
437,0.07188723981380463,0.07864411659538746
438,0.07398808002471924,0.07854284033179283
439,0.0773359090089798,0.07851559020578862
440,0.07530941069126129,0.07846208833158017
441,0.07488127052783966,0.07837648339569568
442,0.07413320243358612,0.07828965909779072
443,0.07430028915405273,0.07821442767977714
444,0.07356147468090057,0.07814645320177079
445,0.07449419051408768,0.07808410309255123
446,0.07340145111083984,0.07799146242439747
447,0.07292056828737259,0.07792694956064224
448,0.07431395351886749,0.07783861234784126
449,0.07402133196592331,0.07777625493705273
450,0.07223276048898697,0.0776756078749895
451,0.07329709827899933,0.07759899444878102
452,0.07208715379238129,0.07752545356750488
453,0.07331637293100357,0.0774370189756155
454,0.07462577521800995,0.07736393749713898
455,0.07339857518672943,0.07727456986904144
456,0.07104921340942383,0.07718563824892044
457,0.07287012785673141,0.077097594961524
458,0.0727071464061737,0.07702240921556949
459,0.0735883116722107,0.07695250801742076
460,0.07215861976146698,0.07686024501919747
461,0.07281355559825897,0.0767838206142187
462,0.07238306850194931,0.07670624583959579
463,0.07240414619445801,0.07662506967782974
464,0.073365218937397,0.07656805001199246
465,0.0742020457983017,0.07649078167974949
466,0.07417381554841995,0.07641213409602642
467,0.07114094495773315,0.07630711488425732
468,0.07265518605709076,0.07622797332704068
469,0.07229634374380112,0.076155856102705
470,0.07212188094854355,0.07607832983136177
471,0.07353171706199646,0.0760106548666954
472,0.07306927442550659,0.07594077162444592
473,0.07275397330522537,0.07587827116250992
474,0.07164269685745239,0.07579389616847038
475,0.07028770446777344,0.07570942029356957
476,0.07191600650548935,0.07563722662627698
477,0.07118108868598938,0.07554190583527089
478,0.07251299917697906,0.07546870261430741
479,0.07106771320104599,0.075387529656291
480,0.07250232994556427,0.0753231094032526
481,0.07265666872262955,0.07523561127483845
482,0.07135458290576935,0.07515293888747693
483,0.0721219927072525,0.07509077072143555
484,0.07002119719982147,0.07501239642500877
485,0.07220924645662308,0.07494877628982068
486,0.06982915103435516,0.07485820561647415
487,0.0706527978181839,0.07477911576628685
488,0.06997339427471161,0.0747099158167839
489,0.07093545794487,0.0746383798122406
490,0.06892621517181396,0.07452698618173599
491,0.07058978825807571,0.07444428779184818
492,0.07216614484786987,0.07435950800776482
493,0.07172689586877823,0.07429049484431743
494,0.0713200569152832,0.07418917126953602
495,0.06929165869951248,0.0741138231754303
496,0.06991773843765259,0.07403927505016326
497,0.06855277717113495,0.07394462563097477
498,0.06789974868297577,0.07384488336741925
499,0.07075661420822144,0.07376517623662948
500,0.07030385732650757,0.0737045893073082
501,0.07061243057250977,0.07363663837313653
502,0.06893180310726166,0.07356798857450485
503,0.06837993860244751,0.07348744809627533
504,0.07266166806221008,0.07342003241181373
505,0.07175656408071518,0.07336904488503933
506,0.06881194561719894,0.07329780846834183
507,0.0713815838098526,0.07323541969060898
508,0.06927113980054855,0.0731640649586916
509,0.06803387403488159,0.07309303946793079
510,0.06886227428913116,0.07301031358540058
511,0.07052255421876907,0.07293003156781197
512,0.07196614891290665,0.0728849046677351
513,0.06947946548461914,0.07281782485544681
514,0.06759831309318542,0.07273424424231052
515,0.07133126258850098,0.07267154663801194
516,0.06856608390808105,0.07259302005171776
517,0.06691041588783264,0.07249615274369717
518,0.06928405165672302,0.07243515431880951
519,0.07041185349225998,0.0723788183927536
520,0.06759660691022873,0.07230040036141873
521,0.06820033490657806,0.07222639620304108
522,0.06776369363069534,0.07213128305971622
523,0.06854815036058426,0.07204776503145695
524,0.06855727732181549,0.07196878097951412
525,0.06869302690029144,0.0718945225328207
526,0.06827028095722198,0.0718296616524458
527,0.06846099346876144,0.0717446619272232
528,0.0642814114689827,0.07162300698459148
529,0.06834504008293152,0.0715626323968172
530,0.06877566874027252,0.0714786284416914
531,0.06930850446224213,0.07141263075172902
532,0.06824059039354324,0.07133595392107964
533,0.06756608188152313,0.07125572323799133
534,0.0677574872970581,0.0711920602619648
535,0.06624189019203186,0.07111542485654354
536,0.06721517443656921,0.07103702805936336
537,0.0673774927854538,0.07099193058907986
538,0.06735487282276154,0.07092559851706028
539,0.06818293035030365,0.07083406873047352
540,0.06680648028850555,0.07074903942644596
541,0.0681324228644371,0.07068155094981193
542,0.06725253909826279,0.0706127443164587
543,0.06606072187423706,0.07053034864366055
544,0.06457394361495972,0.07044047333300113
545,0.06706145405769348,0.0703661459684372
546,0.06524169445037842,0.07028454840183258
547,0.0672859251499176,0.07022820197045804
548,0.06801193952560425,0.07016518183052539
549,0.06710789352655411,0.07009604744613171
550,0.06622065603733063,0.07003592640161514
551,0.06524541974067688,0.06995540961623192
552,0.06737023591995239,0.06990824043750762
553,0.06752783060073853,0.06985035501420497
554,0.06550711393356323,0.06975916840136051
555,0.0664902999997139,0.06969008564949036
556,0.06815198808908463,0.06966111339628696
557,0.06529785692691803,0.06958539068698882
558,0.06603534519672394,0.06951867267489434
559,0.06457722932100296,0.06942856185138226
560,0.06524623930454254,0.06935943804681301
561,0.06599836051464081,0.06929128609597683
562,0.06407475471496582,0.06920820295810699
563,0.06516366451978683,0.06913579814136028
564,0.06639700382947922,0.0690661159902811
565,0.06453212350606918,0.06896941676735878
566,0.06453613936901093,0.06887304000556468
567,0.06558889895677567,0.06881751954555511
568,0.06376589834690094,0.06872862666845321
569,0.0645400658249855,0.06865106388926506
570,0.0632794052362442,0.06856263913214207
571,0.06404396891593933,0.0684677616506815
572,0.06518121063709259,0.06838888101279736
573,0.0652841180562973,0.06831418246030807
574,0.06539600342512131,0.06825171552598476
575,0.06612152606248856,0.06821005374193191
576,0.06287054717540741,0.0681195991486311
577,0.0649716705083847,0.06805750496685505
578,0.06369989365339279,0.06796937391161918
579,0.06366416811943054,0.06789533846080303
580,0.06339173018932343,0.06780423246324062
581,0.06375537812709808,0.06771521955728531
582,0.06541085243225098,0.06765578225255013
583,0.06444642692804337,0.06757902659475803
584,0.060752298682928085,0.0674863376095891
585,0.06648910045623779,0.06742913614958525
586,0.06171777844429016,0.0673480224236846
587,0.06344512850046158,0.06727594573050738
588,0.06434814631938934,0.06721969325095416
589,0.06291596591472626,0.06713949833065272
590,0.06333032250404358,0.067083539403975
591,0.06304242461919785,0.06700806576758624
592,0.06326134502887726,0.06691901776939631
593,0.06316384673118591,0.06683338727802038
594,0.06356064230203629,0.06675579313188791
595,0.06181022524833679,0.06668097879737615
596,0.06241186708211899,0.06660592008382082
597,0.06202929839491844,0.06654068529605865
598,0.06210692971944809,0.06648275710642337
599,0.060164596885442734,0.06637683693319558
600,0.06179646775126457,0.06629176303744316
601,0.060699816793203354,0.0661926368996501
602,0.06314467638731003,0.06613476563245058
603,0.06277624517679214,0.06607872869819403
604,0.05970584601163864,0.06594917047768831
605,0.05961737409234047,0.06582777857780457
606,0.0624256357550621,0.0657639154791832
607,0.06054900586605072,0.06565558969974518
608,0.060748953372240067,0.06557036783546209
609,0.06275590509176254,0.0655175881460309
610,0.058944884687662125,0.06541841425001621
611,0.0610288605093956,0.06532347731292248
612,0.061146609485149384,0.06521528191864491
613,0.06050221994519234,0.06512550946325063
614,0.060502100735902786,0.0650545473396778
615,0.0627429410815239,0.06496866412460804
616,0.06098054721951485,0.06489280875772238
617,0.060705557465553284,0.06483076017349959
618,0.0621417835354805,0.06475933749228716
619,0.060495465993881226,0.06466017361730338
620,0.05947960168123245,0.06457900356501341
621,0.060619156807661057,0.06450319178402424
622,0.06035109981894493,0.06442906584590674
623,0.06021878868341446,0.06434577222913504
624,0.05970122665166855,0.06425721172243357
625,0.06105997413396835,0.06418088119477033
626,0.06084923446178436,0.06410667072981596
627,0.05952658876776695,0.06401732668280602
628,0.06007906049489975,0.06397530317306518
629,0.05889417231082916,0.06388079449534416
630,0.061845239251852036,0.06381149020045995
631,0.05867178738117218,0.06370512302964926
632,0.060975540429353714,0.06363247253000737
633,0.060818299651145935,0.06356499470770359
634,0.0592588409781456,0.06348000824451447
635,0.05744188278913498,0.0633920081704855
636,0.059105031192302704,0.06331090673804284
637,0.06182005628943443,0.06325533237308263
638,0.05953069031238556,0.06317709054797888
639,0.05841411277651787,0.06307940237224102
640,0.05700499936938286,0.06298138756304979
641,0.05873508378863335,0.06288741417229175
642,0.05747881531715393,0.06278967693448066
643,0.0586739182472229,0.06271580889821053
644,0.058583784848451614,0.06265590731054545
645,0.058464616537094116,0.06256993893533945
646,0.05757671594619751,0.06249328915029764
647,0.05920302867889404,0.06241246018558741
648,0.05839656665921211,0.06231630645692349
649,0.059763066470623016,0.06224285818636417
650,0.0584104061126709,0.06216475568711757
651,0.057443540543317795,0.06208673689514398
652,0.058568090200424194,0.0619987154379487
653,0.05702211707830429,0.061893658302724364
654,0.05706809088587761,0.06180926807224751
655,0.05710160359740257,0.061715381108224394
656,0.058920688927173615,0.061623068116605284
657,0.05633421242237091,0.06153343167155981
658,0.05560879781842232,0.061429166197776795
659,0.05555196851491928,0.06133891358971596
660,0.05848227068781853,0.061271273903548716
661,0.05578722059726715,0.06116916250437498
662,0.05620918050408363,0.061090506762266156
663,0.055651187896728516,0.060995381996035575
664,0.05818375200033188,0.060913249477744104
665,0.055581141263246536,0.06082373965531587
666,0.057185135781764984,0.060750229619443416
667,0.05630754679441452,0.06065741609781981
668,0.05785847455263138,0.06059834185987711
669,0.056237298995256424,0.06051531419157982
670,0.05686822533607483,0.060451202392578125
671,0.056892991065979004,0.06037969261407852
672,0.05414288491010666,0.06026930935680866
673,0.056284792721271515,0.060179316103458405
674,0.05582147836685181,0.06008357085287571
675,0.05651272460818291,0.059987482838332655
676,0.05442607402801514,0.05990303810685873
677,0.055328816175460815,0.05980660956352949
678,0.054651640355587006,0.05971612703055143
679,0.05408606678247452,0.05962034601718187
680,0.056502096354961395,0.059551449678838256
681,0.05609343200922012,0.05947483021765947
682,0.055281899869441986,0.059373540692031386
683,0.05407494306564331,0.059269825853407385
684,0.0536910817027092,0.059199213683605194
685,0.057428110390901566,0.05910860378295183
686,0.054866448044776917,0.0590400904789567
687,0.05366313457489014,0.05894227053970098
688,0.05490625649690628,0.05884785164147616
689,0.055377185344696045,0.058772463835775855
690,0.05571205914020538,0.05869628120213747
691,0.05256959795951843,0.05859155293554068
692,0.054106712341308594,0.05850000660866499
693,0.05396443232893944,0.05840801246464253
694,0.05424351245164871,0.05831484116613865
695,0.053383901715278625,0.05823057793080807
696,0.054733287543058395,0.058153792135417465
697,0.05583625286817551,0.058091861680150035
698,0.055009786039590836,0.05802089024335146
699,0.05408918112516403,0.057960136085748674
700,0.05407588183879852,0.05788293022662401
701,0.05323324352502823,0.05780826449394226
702,0.05326702073216438,0.05770948793739081
703,0.053065381944179535,0.05761237930506468
704,0.054606929421424866,0.05756139013916254
705,0.05438942089676857,0.05750911060720682
706,0.05393250659108162,0.057424179315567016
707,0.052845049649477005,0.05734713975340128
708,0.05334743112325668,0.05727312453091145
709,0.0526837483048439,0.05717240296304226
710,0.05486831068992615,0.0571316372230649
711,0.05203226953744888,0.057041671313345435
712,0.05392919480800629,0.056969497166574
713,0.05450151115655899,0.05690949007868767
714,0.05351956933736801,0.05683966476470232
715,0.052825573831796646,0.056740491092205046
716,0.05382208898663521,0.05666890650987625
717,0.052936650812625885,0.056591217443346976
718,0.05161787196993828,0.056485978327691554
719,0.05267047882080078,0.05640772845596075
720,0.052179109305143356,0.05633472353219986
721,0.05298518016934395,0.05625838376581669
722,0.051447656005620956,0.05616934932768345
723,0.052015870809555054,0.05608732014894485
724,0.05096277967095375,0.055999935679137705
725,0.05039235204458237,0.055893259458243846
726,0.053088366985321045,0.05581565078347921
727,0.05135855823755264,0.05573397047817707
728,0.05135871842503548,0.055646767057478425
729,0.053420111536979675,0.055592026449739936
730,0.05238638073205948,0.055497437864542004
731,0.05181689187884331,0.05542888890951872
732,0.051279060542583466,0.055331924110651014
733,0.05178561806678772,0.05524159729480743
734,0.05243626981973648,0.05517337158322334
735,0.05156014859676361,0.05511455424129963
736,0.051026176661252975,0.05503376569598913
737,0.05277612805366516,0.05494332641363144
738,0.051774248480796814,0.05486576199531555
739,0.05006617680191994,0.05478228263556957
740,0.05230595916509628,0.05473529223352671
741,0.051012590527534485,0.05465806730091572
742,0.051457323133945465,0.054597852379083635
743,0.05061212182044983,0.0545172344148159
744,0.05130065232515335,0.05444440308958292
745,0.050531335175037384,0.05436507027596235
746,0.051500752568244934,0.05430431064218283
747,0.05017003417015076,0.0542139806970954
748,0.053183481097221375,0.054161849841475485
749,0.04982048273086548,0.05406242400407791
750,0.0514034628868103,0.053992354571819307
751,0.05037670582532883,0.053921686224639415
752,0.048870999366045,0.053824715316295624
753,0.050244059413671494,0.05375693473964929
754,0.05214029923081398,0.05370765682309866
755,0.04917551577091217,0.053628395944833755
756,0.050880201160907745,0.0535479910671711
757,0.051224976778030396,0.05349689871072769
758,0.049337998032569885,0.053434190712869166
759,0.04954247176647186,0.053374095745384695
760,0.05172120779752731,0.05330648511648178
761,0.05031033977866173,0.05325171630829573
762,0.049949467182159424,0.05318911917507649
763,0.04976498335599899,0.05313025712966919
764,0.05203432962298393,0.05306876290589571
765,0.05068763718008995,0.053019827865064144
766,0.051863618195056915,0.052966612689197064
767,0.04925981163978577,0.05289613533765078
768,0.05012945085763931,0.052818845100700854
769,0.048867467790842056,0.05274514678865671
770,0.04977346211671829,0.052674199156463146
771,0.049663711339235306,0.05260190635919571
772,0.04911977797746658,0.05255167528986931
773,0.04918273538351059,0.0524806547164917
774,0.04943155497312546,0.052416755482554436
775,0.05093654990196228,0.05236099373549223
776,0.04771823063492775,0.052293915301561356
777,0.050112344324588776,0.05224175058305264
778,0.050289735198020935,0.052198131531476975
779,0.05069417878985405,0.05216421265155077
780,0.04847005754709244,0.05208389226347208
781,0.048891592770814896,0.05201187387108803
782,0.04888630658388138,0.05194791793823242
783,0.0484437420964241,0.05189160592854023
784,0.048728954046964645,0.05184198465198278
785,0.04963059350848198,0.05176400948315859
786,0.05093264952301979,0.051724671497941015
787,0.048153355717659,0.051669573709368706
788,0.04804064705967903,0.05160091761499643
789,0.04866055026650429,0.051533751264214514
790,0.049500077962875366,0.05147163145244121
791,0.04770396649837494,0.05142297513782978
792,0.05008822679519653,0.05138279028236866
793,0.04651403799653053,0.05130828633904457
794,0.048008814454078674,0.05124593935906887
795,0.04793183505535126,0.0511914186924696
796,0.04782109707593918,0.05112229678779841
797,0.048582226037979126,0.05104975651949644
798,0.048194482922554016,0.050981603488326074
799,0.04945782944560051,0.050935289971530434
800,0.0482834167778492,0.05087736532092094
801,0.04772637039422989,0.05082229658961296
802,0.049303628504276276,0.05078266266733408
803,0.04709838703274727,0.050722992718219756
804,0.046610768884420395,0.050643031112849714
805,0.04858889430761337,0.05058502584695816
806,0.04697846621274948,0.050515485443174836
807,0.04544205963611603,0.050441455543041226
808,0.048082977533340454,0.05038881100714207
809,0.049007922410964966,0.05035205274820328
810,0.047419652342796326,0.05027756616473198
811,0.04807857424020767,0.050238029211759565
812,0.04786998778581619,0.05017743714153767
813,0.04811201989650726,0.05011354222893715
814,0.04758230969309807,0.05005416963249445
815,0.04955175891518593,0.05002143148332834
816,0.04727897793054581,0.04995600037276745
817,0.0486915148794651,0.04991354901343584
818,0.048249002546072006,0.04987986031919718
819,0.04812905192375183,0.04983444605022669
820,0.04765110835433006,0.049789166040718556
821,0.0472571961581707,0.049731886200606826
822,0.04780080169439316,0.049695417657494544
823,0.04931466281414032,0.049668405577540396
824,0.04863337427377701,0.04964511152356863
825,0.047472499310970306,0.04961591299623251
826,0.04708699509501457,0.049555899277329445
827,0.04680607095360756,0.04951037440448999
828,0.04648294672369957,0.04946161668747664
829,0.04768231883645058,0.04940423876047134
830,0.045820362865924835,0.04933857858181
831,0.04712300002574921,0.049291639663279055
832,0.04579243063926697,0.049236773364245895
833,0.04838208109140396,0.049202737994492055
834,0.04678451642394066,0.049146220460534094
835,0.04697904735803604,0.04910040944814682
836,0.04793909192085266,0.04906953860074282
837,0.04721899330615997,0.049013967253267766
838,0.0485832579433918,0.048982057347893716
839,0.04625298082828522,0.04894392538815737
840,0.046943120658397675,0.04889029700309038
841,0.04656483605504036,0.04884581945836544
842,0.04690425097942352,0.04880028873682022
843,0.04700123891234398,0.04876417990773916
844,0.04742884635925293,0.04872546184808016
845,0.045410361140966415,0.04867425210773945
846,0.045745525509119034,0.04861669983714819
847,0.046562496572732925,0.04858062446117401
848,0.04597790166735649,0.04850856866687536
849,0.04575320705771446,0.04846789591014385
850,0.04727066308259964,0.048426567912101745
851,0.04658330976963043,0.04838863395154476
852,0.047064315527677536,0.04837056711316109
853,0.046151336282491684,0.04832963988184929
854,0.04644695669412613,0.04827270645648241
855,0.04607391357421875,0.048241690434515476
856,0.04723132401704788,0.048205201663076874
857,0.04525965452194214,0.048145548440515995
858,0.04714981094002724,0.04812366656959057
859,0.047152478247880936,0.048099766634404656
860,0.04684058204293251,0.048050960376858715
861,0.04675057530403137,0.048015362732112404
862,0.045496322214603424,0.04797083128243685
863,0.045530930161476135,0.04792849075049162
864,0.04774400591850281,0.047885587513446806
865,0.04572935774922371,0.047836004719138146
866,0.046618446707725525,0.04778355300426483
867,0.04657759889960289,0.047756730876863
868,0.04544823616743088,0.047709918729960915
869,0.04698576778173447,0.047691101729869845
870,0.04630245268344879,0.04765639163553715
871,0.04688262194395065,0.0476285807415843
872,0.046400826424360275,0.04760139122605324
873,0.04702857881784439,0.04757984966039658
874,0.04669232666492462,0.04755245737731457
875,0.04603420943021774,0.047503433972597126
876,0.045893099159002304,0.04748518265783787
877,0.04618885740637779,0.04744594778865576
878,0.04462677240371704,0.04738931816071272
879,0.044832196086645126,0.04733069833368063
880,0.045054156333208084,0.047296539321541785
881,0.04523216187953949,0.047259945012629034
882,0.04651704430580139,0.04723625238984823
883,0.04531516134738922,0.047204966582357885
884,0.04676738381385803,0.047185350880026816
885,0.045888714492321014,0.04714793208986521
886,0.044922299683094025,0.04708782859146595
887,0.045540113002061844,0.047061696164309975
888,0.04370993375778198,0.047018389031291005
889,0.044426143169403076,0.04697604496032
890,0.04708161950111389,0.046951860375702384
891,0.045129578560590744,0.04692611649632454
892,0.04543207958340645,0.04687955502420664
893,0.045453231781721115,0.046868946962058546
894,0.045660484582185745,0.046845463663339616
895,0.04598693177103996,0.0468260146304965
896,0.044117096811532974,0.04678897462785244
897,0.045436568558216095,0.04675751805305481
898,0.0457846000790596,0.04673341922461986
899,0.04579566419124603,0.04669679757207632
900,0.0464736670255661,0.04667870007455349
901,0.045074909925460815,0.0466521854698658
902,0.04652851074934006,0.046624434292316434
903,0.04563489556312561,0.04660979937762022
904,0.04608228802680969,0.04660451456904411
905,0.04478130489587784,0.046566438674926755
906,0.0450863242149353,0.046547517254948614
907,0.04535761475563049,0.04654667280614376
908,0.046538837254047394,0.04653123140335083
909,0.04564773291349411,0.046497629508376125
910,0.044337719678878784,0.04646681018173695
911,0.04599793255329132,0.04644600376486778
912,0.04363579675555229,0.04640366185456515
913,0.047076836228370667,0.04639331001788378
914,0.04439150542020798,0.04636140197515488
915,0.045041464269161224,0.04631629902869463
916,0.044451650232076645,0.04628802575170994
917,0.042940620332956314,0.04623051680624485
918,0.0434143990278244,0.046182170771062375
919,0.045588418841362,0.046156764440238474
920,0.0442257896065712,0.04612251125276089
921,0.04570222273468971,0.04610696151852608
922,0.04528412967920303,0.046081794798374175
923,0.04391179978847504,0.046027766168117525
924,0.04491332173347473,0.045990565642714504
925,0.04687000811100006,0.0459845407307148
926,0.04591255635023117,0.04597279634326697
927,0.04384325444698334,0.045943168178200725
928,0.04579458013176918,0.04593628451228142
929,0.04282442480325699,0.04588770557194948
930,0.04444413632154465,0.04587394330650568
931,0.04395007714629173,0.04584221407771111
932,0.04440252482891083,0.045828315019607546
933,0.04378797113895416,0.045782373920083046
934,0.04508624225854874,0.04576539117842913
935,0.04343417286872864,0.04572994243353605
936,0.044912613928318024,0.04569967765361071
937,0.04468119889497757,0.045674299709498885
938,0.04325006157159805,0.04562096774578094
939,0.04469995200634003,0.045605437457561494
940,0.045602839440107346,0.04559203464537859
941,0.04254467040300369,0.045551832988858225
942,0.042665254324674606,0.04550944302231073
943,0.04512428492307663,0.04549067348241806
944,0.04407288506627083,0.04545711386948824
945,0.04465281963348389,0.045449538454413414
946,0.042882584035396576,0.04542090903967619
947,0.04530569165945053,0.04540834099054337
948,0.044264793395996094,0.045391209907829765
949,0.04267572611570358,0.04536043509840965
950,0.042938556522130966,0.045317114032804966
951,0.044390883296728134,0.04529518976807594
952,0.045350588858127594,0.04527805250138044
953,0.044033195823431015,0.04525687109678984
954,0.04272111505270004,0.045219612680375575
955,0.045082442462444305,0.045209697969257834
956,0.043939415365457535,0.04517677888274193
957,0.04345055669546127,0.04515868790447712
958,0.04399967938661575,0.045127186588943005
959,0.04272099956870079,0.0450828718021512
960,0.04470818117260933,0.045061547793447974
961,0.04274464398622513,0.045021488480269906
962,0.04472383111715317,0.04501376356929541
963,0.043664153665304184,0.04499509580433369
964,0.043624550104141235,0.04495390124619007
965,0.04373908415436745,0.04493399851024151
966,0.044907063245773315,0.044916884675621986
967,0.042461853474378586,0.044875727221369746
968,0.04343286156654358,0.04485557347536087
969,0.04470975697040558,0.04483281336724758
970,0.04512970894575119,0.04482108592987061
971,0.04192280396819115,0.04477148775011301
972,0.04308655858039856,0.044738345071673395
973,0.04408564418554306,0.04470891572535038
974,0.043145544826984406,0.044673447906970976
975,0.04155139625072479,0.04462861977517605
976,0.04445912688970566,0.04461428005248308
977,0.042695946991443634,0.04457935094833374
978,0.043543968349695206,0.04456852290779352
979,0.04211343824863434,0.044541335329413415
980,0.041741225868463516,0.04450820602476597
981,0.0426156148314476,0.04448204055428505
982,0.043363265693187714,0.044450502768158914
983,0.04277656972408295,0.04442511685192585
984,0.04392165318131447,0.04439665954560042
985,0.041795600205659866,0.0443557284027338
986,0.04346189275383949,0.044341124333441256
987,0.043667878955602646,0.044322401992976664
988,0.04304581880569458,0.044315760843455794
989,0.04275987297296524,0.04429909814149141
990,0.04265691712498665,0.04425485111773014
991,0.042758047580718994,0.04423113580793142
992,0.044403769075870514,0.04422085270285606
993,0.04308420047163963,0.04419716238975525
994,0.042449790984392166,0.044165055453777316
995,0.042923279106616974,0.04413441892713308
996,0.04322206601500511,0.0441254686191678
997,0.042850978672504425,0.04409961272031069
998,0.043584104627370834,0.0440776077657938
999,0.041561469435691833,0.04403526581823826
1000,0.041964299976825714,0.043990172147750854
1001,0.044013723731040955,0.04397956028580666
1002,0.04469352215528488,0.043961210399866106
1003,0.043976932764053345,0.04394463077187538
1004,0.042699530720710754,0.043910803198814394
1005,0.04220045357942581,0.043884994685649874
1006,0.04378535598516464,0.04387198500335217
1007,0.041950590908527374,0.043837914764881136
1008,0.0427984818816185,0.04380051121115684
1009,0.04238830879330635,0.04376791696995497
1010,0.04314195364713669,0.04375595930963755
1011,0.042840246111154556,0.043724382445216176
1012,0.04239446297287941,0.04371196910738945
1013,0.04304204136133194,0.04367162115871906
1014,0.04286191985011101,0.04365632530301809
1015,0.04137727618217468,0.043619683422148225
1016,0.04287035018205643,0.043603870421648025
1017,0.041634343564510345,0.043590807653963566
1018,0.04200298711657524,0.04357669353485107
1019,0.04249892383813858,0.04354579858481884
1020,0.04348393902182579,0.043538380078971387
1021,0.04305392876267433,0.04351189713925123
1022,0.041526854038238525,0.043474324382841587
1023,0.042611733078956604,0.0434613237157464
1024,0.04064770042896271,0.043418667502701284
1025,0.04181952029466629,0.043368162624537944
1026,0.04138527438044548,0.04332288980484009
1027,0.041798751801252365,0.04330244477838278
1028,0.041450247168540955,0.04325900144875049
1029,0.04391621798276901,0.04326991938054561
1030,0.04270653426647186,0.043252543359994886
1031,0.042993396520614624,0.04324297655373812
1032,0.041434820741415024,0.04321329951286316
1033,0.04344717413187027,0.04320989154279232
1034,0.04208536446094513,0.04317988276481628
1035,0.04297424852848053,0.0431752835214138
1036,0.041920289397239685,0.04314536027610302
1037,0.042069196701049805,0.04311924025416374
1038,0.04330906271934509,0.043119830265641215
1039,0.04212278127670288,0.04309405855834484
1040,0.043210260570049286,0.04307013276964426
1041,0.0419483445584774,0.043064169511199
1042,0.04275099188089371,0.04306502688676119
1043,0.04135676473379135,0.043027351684868334
1044,0.041509959846735,0.04300172243267298
1045,0.042852938175201416,0.04298372361809015
1046,0.04116041213274002,0.042966501899063585
1047,0.04208511859178543,0.04293429616838693
1048,0.041051916778087616,0.04290216740220785
1049,0.04283427447080612,0.04290375288575888
1050,0.04096006229519844,0.04288396794348955
1051,0.04238104075193405,0.04286386951804161
1052,0.04185391217470169,0.04282890275120735
1053,0.042374707758426666,0.04281231787055731
1054,0.0420968234539032,0.04280607495456934
1055,0.04168754816055298,0.04277212601155043
1056,0.043086182326078415,0.042763593681156634
1057,0.0411531925201416,0.04274062003940344
1058,0.042445793747901917,0.0427250811830163
1059,0.04067206382751465,0.04270459182560444
1060,0.041427284479141235,0.04267178285866976
1061,0.042197320610284805,0.04266630962491035
1062,0.04101330414414406,0.042629204355180264
1063,0.04199596494436264,0.04261252246797085
1064,0.04110172763466835,0.04258729424327612
1065,0.042810387909412384,0.04257800728082657
1066,0.04182940721511841,0.04254723072052002
1067,0.0420687198638916,0.04254329938441515
1068,0.041563764214515686,0.04252460841089487
1069,0.04163206368684769,0.04249383147805929
1070,0.04152609407901764,0.04245779532939196
1071,0.041512615978717804,0.042453693449497225
1072,0.04203147441148758,0.04244314260780811
1073,0.04006291180849075,0.04240291528403759
1074,0.04141227528452873,0.04238558258861303
1075,0.04125063866376877,0.04238257501274347
1076,0.04098280519247055,0.04234781179577112
1077,0.04045574367046356,0.04232540976256132
1078,0.04095809906721115,0.04229955106973648
1079,0.04268115758895874,0.042305228263139726
1080,0.041762739419937134,0.04230544339865446
1081,0.042791567742824554,0.04230720292776823
1082,0.04217071086168289,0.04229527737945318
1083,0.04167561233043671,0.04228426780551672
1084,0.041290588676929474,0.04225795716047287
1085,0.04124404862523079,0.04225244164466858
1086,0.04102315753698349,0.04222805429250002
1087,0.04186341166496277,0.04221000961959362
1088,0.04151732474565506,0.042194724678993226
1089,0.04172239080071449,0.042184349857270716
1090,0.041239604353904724,0.042170176729559895
1091,0.04093615710735321,0.04215195782482624
1092,0.04159390553832054,0.04212385918945074
1093,0.0423775315284729,0.042116792500019075
1094,0.040495581924915314,0.0420972504094243
1095,0.041700638830661774,0.04208502400666475
1096,0.0411374494433403,0.042064177840948104
1097,0.04115404933691025,0.04204720854759216
1098,0.04092872142791748,0.04202065471559763
1099,0.039215363562107086,0.04199719365686178
1100,0.04023423045873642,0.04197989296168089
1101,0.0410367026925087,0.04195012275129557
1102,0.04138743877410889,0.04191706191748381
1103,0.041517987847328186,0.04189247246831655
1104,0.041109032928943634,0.041876567490398885
1105,0.04028692841529846,0.04185743223875761
1106,0.0396876186132431,0.0418164548650384
1107,0.04055221378803253,0.04180247109383345
1108,0.04042361304163933,0.041778722405433656
1109,0.042005907744169235,0.041774898394942285
1110,0.04147209972143173,0.041758199855685234
1111,0.04051363468170166,0.04173493374139071
1112,0.04026166722178459,0.041713605783879754
1113,0.04049081355333328,0.04168809350579977
1114,0.0411098450422287,0.041670572757720944
1115,0.04145672172307968,0.04167136721313
1116,0.04282238334417343,0.041670887544751165
1117,0.04109527915716171,0.04166549690067768
1118,0.040279027074575424,0.04164825730025768
1119,0.042633477598428726,0.04164960283786059
1120,0.03931000083684921,0.04160786345601082
1121,0.038985151797533035,0.041567175686359405
1122,0.04184732213616371,0.04157038036733866
1123,0.039221491664648056,0.04153647795319557
1124,0.0418245866894722,0.04154824681580067
1125,0.039687540382146835,0.04152692701667547
1126,0.03983372449874878,0.041511411517858504
1127,0.04044298455119133,0.041497853845357896
1128,0.03936489298939705,0.04147700030356646
1129,0.04274803400039673,0.04146531846374273
1130,0.040474869310855865,0.04144300181418657
1131,0.04063083231449127,0.04141937617212534
1132,0.04048331454396248,0.04140986111015081
1133,0.040120162069797516,0.04137659098953009
1134,0.04017461836338043,0.04135748352855444
1135,0.03967389464378357,0.04132447998970747
1136,0.04216083139181137,0.04132688540965319
1137,0.0416458398103714,0.041322651840746405
1138,0.04166439548134804,0.04130620516836643
1139,0.03988545387983322,0.041283831894397736
1140,0.04022450000047684,0.04125397428870201
1141,0.03968808054924011,0.04123137164860964
1142,0.03997400030493736,0.04120360173285007
1143,0.039563074707984924,0.04118566483259201
1144,0.03950607404112816,0.04116562597453594
1145,0.04090061038732529,0.04114610269665718
1146,0.040566325187683105,0.04114016182720661
1147,0.03995615243911743,0.04111887216567993
1148,0.040118250995874405,0.0411095355078578
1149,0.03946995735168457,0.041075892336666586
1150,0.040723688900470734,0.04107352860271931
1151,0.04076279327273369,0.0410573461279273
1152,0.04072463884949684,0.04104605339467526
1153,0.04071841388940811,0.04102949045598507
1154,0.04027335345745087,0.04101125575602055
1155,0.03940555080771446,0.04098843578249216
1156,0.04089375585317612,0.040966511517763135
1157,0.040607668459415436,0.04096105627715588
1158,0.04038452357053757,0.040940443575382235
1159,0.040856484323740005,0.040942287780344484
1160,0.039082735776901245,0.040918842293322086
1161,0.040277399122714996,0.04089964307844639
1162,0.04011942446231842,0.04089070428162813
1163,0.04032231122255325,0.04087396774441004
1164,0.03968535363674164,0.04085980400443077
1165,0.03887731581926346,0.04082047328352928
1166,0.04152170196175575,0.04081739623099565
1167,0.039989203214645386,0.040796601064503196
1168,0.038607966154813766,0.040767043083906176
1169,0.0389404222369194,0.04074012666940689
1170,0.03966435417532921,0.04072150927037001
1171,0.040135566145181656,0.040707738772034645
1172,0.04112562537193298,0.0406986802816391
1173,0.0395631305873394,0.04069368246942759
1174,0.03984571248292923,0.04067801684141159
1175,0.03855972737073898,0.040651107728481295
1176,0.03895789757370949,0.04063085865229368
1177,0.04013461247086525,0.040627647340297696
1178,0.039574675261974335,0.04061381310224533
1179,0.04083355888724327,0.040595337115228176
1180,0.039097756147384644,0.04056868728250265
1181,0.04027432203292847,0.04054351482540369
1182,0.039905231446027756,0.040520860031247136
1183,0.040123552083969116,0.04050533942878246
1184,0.03968142345547676,0.040489247776567934
1185,0.03980296105146408,0.04047483690083027
1186,0.03874823451042175,0.04045208767056465
1187,0.0394333191215992,0.04042778674513101
1188,0.039411164820194244,0.040406725145876406
1189,0.03962614759802818,0.04038576271384955
1190,0.03938175365328789,0.040367184206843376
1191,0.03874474763870239,0.04034527011215687
1192,0.04077441245317459,0.04033707518130541
1193,0.039653096348047256,0.04030983082950115
1194,0.039061885327100754,0.040295493863523005
1195,0.039676740765571594,0.040275254882872105
1196,0.03871820122003555,0.040251062400639054
1197,0.038786306977272034,0.040227384977042674
1198,0.040097132325172424,0.040219069086015226
1199,0.03954825550317764,0.04022239800542593
1200,0.0391666404902935,0.040211722105741504
1201,0.038243748247623444,0.04018379256129265
1202,0.04024394601583481,0.04017235763370991
1203,0.039576731622219086,0.040152945071458813
1204,0.038833893835544586,0.040130193680524825
1205,0.04036235436797142,0.04013094794005156
1206,0.039214130491018295,0.04012621305882931
1207,0.038212891668081284,0.0401028198376298
1208,0.03819441795349121,0.04008052788674831
1209,0.03840748965740204,0.04004454370588064
1210,0.03957279026508331,0.04002555061131716
1211,0.03868730738759041,0.040007287338376045
1212,0.04007793962955475,0.04000545006245375
1213,0.03910331428050995,0.03999157506972551
1214,0.038800690323114395,0.03996848352253437
1215,0.039186663925647736,0.039945782944560054
1216,0.03831177204847336,0.03990067683160305
1217,0.0387275367975235,0.039876999408006666
1218,0.04092203825712204,0.039883429519832134
1219,0.03866490349173546,0.0398437437787652
1220,0.039134569466114044,0.03984198946505785
1221,0.03880077600479126,0.03984014570713043
1222,0.0385982021689415,0.03980765450745821
1223,0.040133386850357056,0.0398167734593153
1224,0.03933785855770111,0.03979190617799759
1225,0.03926478326320648,0.03978767860680819
1226,0.039180077612400055,0.039781142137944696
1227,0.03948802500963211,0.039771592542529106
1228,0.04028692841529846,0.03978081289678812
1229,0.04025763273239136,0.039755908884108064
1230,0.039299286901950836,0.039744153060019015
1231,0.04002460837364197,0.03973809082061052
1232,0.03932151570916176,0.039726472832262515
1233,0.0387454628944397,0.03971272584050894
1234,0.037965450435876846,0.039690634161233904
1235,0.039191875606775284,0.03968581397086382
1236,0.03648115694522858,0.03962901722639799
1237,0.03747576102614403,0.03958731643855572
1238,0.039371058344841,0.03956438306719065
1239,0.03970719873905182,0.039562600515782836
1240,0.03904082998633385,0.039550763815641404
1241,0.038946062326431274,0.039543343633413316
1242,0.03861787170171738,0.039529782347381116
1243,0.038102082908153534,0.0395151724293828
1244,0.03864029794931412,0.03950651466846466
1245,0.03818164020776749,0.03947932496666908
1246,0.03788662329316139,0.039452527947723866
1247,0.037907134741544724,0.039432037770748135
1248,0.037996936589479446,0.03941082462668419
1249,0.03818318992853165,0.039397956952452656
1250,0.03863215073943138,0.039377041570842264
1251,0.03795921802520752,0.039349005818367006
1252,0.03896601125597954,0.03933141954243183
1253,0.03766956180334091,0.03930093102157116
1254,0.03876764699816704,0.03928587395697832
1255,0.04024963080883026,0.03929431475698948
1256,0.03859150782227516,0.03927129227668047
1257,0.0379813015460968,0.039245028607547285
1258,0.040444210171699524,0.0392456254735589
1259,0.03917182236909866,0.03922877885401249
1260,0.04062870889902115,0.03924423858523369
1261,0.03853543847799301,0.039226818978786465
1262,0.03904702514410019,0.039216094985604286
1263,0.03660546988248825,0.039178926572203635
1264,0.03912226855754852,0.039173295721411705
1265,0.03826098144054413,0.03916713237762451
1266,0.03799877688288689,0.03913190312683582
1267,0.03805370628833771,0.039112548157572744
1268,0.03744050860404968,0.039100873582065106
1269,0.03904618322849274,0.03910193119198084
1270,0.039400987327098846,0.039099297523498534
1271,0.03794467821717262,0.03907738864421845
1272,0.03954736143350601,0.03906160600483417
1273,0.03781101852655411,0.039044084884226324
1274,0.037702299654483795,0.03902265075594187
1275,0.03741692006587982,0.039011222682893275
1276,0.03699673339724541,0.03899161104112864
1277,0.039323292672634125,0.03898349784314632
1278,0.03905510529875755,0.03897830214351416
1279,0.03759143874049187,0.038945880942046644
1280,0.03876688703894615,0.03894257225096226
1281,0.037668876349925995,0.03891651779413223
1282,0.03820962458848953,0.03889956172555685
1283,0.03811650350689888,0.03887949123978615
1284,0.03828157112002373,0.03886549271643162
1285,0.0386018380522728,0.0388534814864397
1286,0.03738101199269295,0.03883980926126242
1287,0.038400083780288696,0.03882947690784931
1288,0.03804097697138786,0.038815775029361246
1289,0.03711853176355362,0.0387906988710165
1290,0.03754042088985443,0.03877228554338217
1291,0.03827526420354843,0.03876759070903063
1292,0.038087233901023865,0.038740718923509124
1293,0.036810483783483505,0.038712292797863486
1294,0.037604689598083496,0.03869772084057331
1295,0.038570404052734375,0.038686657473444935
1296,0.03800307959318161,0.0386795062571764
1297,0.03806092590093613,0.03867225244641304
1298,0.0376463457942009,0.03864774458110332
1299,0.03771839663386345,0.03862944599241018
1300,0.03914116695523262,0.038629191257059575
1301,0.03668355941772461,0.03861358936876059
1302,0.037897221744060516,0.03859012212604284
1303,0.03821220248937607,0.038576476834714414
1304,0.039065901190042496,0.03857879690825939
1305,0.038855865597724915,0.03856373202055693
1306,0.03738544136285782,0.038545445129275324
1307,0.03744657710194588,0.03853778198361397
1308,0.03748170658946037,0.03853065486997366
1309,0.03753182664513588,0.038521898239851
1310,0.03824038431048393,0.038508574180305004
1311,0.03806981071829796,0.03850239921361208
1312,0.037486203014850616,0.038476481847465036
1313,0.03900870680809021,0.03847553577274084
1314,0.03767295554280281,0.038464258424937725
1315,0.038514144718647,0.03845753323286772
1316,0.03830638527870178,0.03845747936517
1317,0.03720174729824066,0.038442221470177174
1318,0.03770706057548523,0.0384100716933608
1319,0.0368463397026062,0.03839188605546951
1320,0.0378057062625885,0.03837859742343426
1321,0.03666400536894798,0.03835722971707582
1322,0.03763492405414581,0.03834759693592787
1323,0.037563472986221313,0.03832189779728651
1324,0.036479778587818146,0.03829331699758768
1325,0.03713120520114899,0.03827198121696711
1326,0.03763217851519585,0.03825650222599506
1327,0.03874525800347328,0.038249074555933474
1328,0.037956707179546356,0.03822577234357596
1329,0.037467457354068756,0.03819787058979273
1330,0.036766160279512405,0.038172539323568344
1331,0.03748832643032074,0.038147176504135134
1332,0.038163021206855774,0.03813559155911207
1333,0.03797222673892975,0.03812785919755697
1334,0.03726742044091225,0.038120878897607326
1335,0.037222471088171005,0.03810118485242128
1336,0.036222781985998154,0.03809860110282898
1337,0.0370907336473465,0.038094750829041006
1338,0.03828932344913483,0.038083933480083945
1339,0.03779827803373337,0.03806484427303076
1340,0.037477895617485046,0.03804921492934227
1341,0.03698907047510147,0.03802964501082897
1342,0.03834397345781326,0.03802690602838993
1343,0.037457387894392014,0.038020459078252314
1344,0.03652406483888626,0.03799929674714804
1345,0.036993205547332764,0.03798741240054369
1346,0.03670067340135574,0.03797555290162563
1347,0.03678469359874725,0.03796432849019766
1348,0.03853871673345566,0.03796974629163742
1349,0.03570898622274399,0.03794500425457954
1350,0.03684312477707863,0.03792711399495602
1351,0.03819192200899124,0.03792944103479386
1352,0.03876924514770508,0.03792747337371111
1353,0.03683577477931976,0.0379191355034709
1354,0.03854037821292877,0.03791686281561851
1355,0.03627815470099449,0.037877148054540156
1356,0.03793933242559433,0.03787062630057335
1357,0.0369192510843277,0.03786000579595566
1358,0.03687968850135803,0.037824360579252245
1359,0.03640750050544739,0.03779671736061573
1360,0.036704808473587036,0.03775747835636139
1361,0.03944968059659004,0.03776662077754736
1362,0.03649621829390526,0.03774111270904541
1363,0.038237959146499634,0.037757437601685526
1364,0.03594757616519928,0.03772569067776203
1365,0.03704197704792023,0.03771350063383579
1366,0.03616718947887421,0.037695184759795664
1367,0.03654587268829346,0.037680106423795226
1368,0.03833211958408356,0.03768902253359556
1369,0.0374767929315567,0.0376733286306262
1370,0.036268554627895355,0.037642004303634166
1371,0.03586433455348015,0.037621200866997245
1372,0.036880724132061005,0.03759453449398279
1373,0.03730792552232742,0.03758950356394052
1374,0.037292372435331345,0.037585404291749
1375,0.03712048381567001,0.037582439929246904
1376,0.03646884858608246,0.03757716108113527
1377,0.03846944496035576,0.03756862260401249
1378,0.03827197849750519,0.03756079133599997
1379,0.03622758388519287,0.037547152787446976
1380,0.037562012672424316,0.037535104043781756
1381,0.03739321976900101,0.03753234747797251
1382,0.03601241111755371,0.03751037534326315
1383,0.036719657480716705,0.03749640688300133
1384,0.037616875022649765,0.03748975992202759
1385,0.03607582673430443,0.037464499808847904
1386,0.03750709444284439,0.037465760633349415
1387,0.036909833550453186,0.03745085813105106
1388,0.03711593523621559,0.03744160771369934
1389,0.0363127626478672,0.03743355002254248
1390,0.036839019507169724,0.03742653600871563
1391,0.03669534623622894,0.03741073682904243
1392,0.03579077124595642,0.03738777220249176
1393,0.03524842858314514,0.03737215165048838
1394,0.037176914513111115,0.03736787389963865
1395,0.03630300238728523,0.03734519988298416
1396,0.036537736654281616,0.03733054645359516
1397,0.03669746592640877,0.03731691185384989
1398,0.03641846776008606,0.03730463307350874
1399,0.03600692376494408,0.03728751834481955
1400,0.03747761622071266,0.037270882837474345
1401,0.03686358779668808,0.03727268312126398
1402,0.035257335752248764,0.037246284261345866
1403,0.03690134733915329,0.037233175709843636
1404,0.036697544157505035,0.03720949213951826
1405,0.03417574614286423,0.037162690944969656
1406,0.035929713398218155,0.037148133665323255
1407,0.03694450482726097,0.03714311294257641
1408,0.03625623136758804,0.037130858190357684
1409,0.03667409345507622,0.03712228085845709
1410,0.03709663450717926,0.03711084336042404
1411,0.036421313881874084,0.0370943583920598
1412,0.03683621436357498,0.03708785850554705
1413,0.03649229556322098,0.03706269439309835
1414,0.03552291542291641,0.03704119399189949
1415,0.0376196913421154,0.03703224945813417
1416,0.03598417341709137,0.03700902733951807
1417,0.036902591586112976,0.03700603578239679
1418,0.037335820496082306,0.03700232338160277
1419,0.036365754902362823,0.03699751753360033
1420,0.0364382229745388,0.03698384270071983
1421,0.03692169487476349,0.03698641959577799
1422,0.03595023974776268,0.036969572752714154
1423,0.0359572134912014,0.03695351015776396
1424,0.03490716964006424,0.03693778406828642
1425,0.03764276206493378,0.036942899636924265
1426,0.03587156534194946,0.0369252935051918
1427,0.03606340289115906,0.03689847495406866
1428,0.035791024565696716,0.036876818127930165
1429,0.037218526005744934,0.036874328814446924
1430,0.03592303395271301,0.03686589755117893
1431,0.03520531579852104,0.03684306744486093
1432,0.0359763503074646,0.036821200735867025
1433,0.035975031554698944,0.03680122878402472
1434,0.03548629209399223,0.03678341750055551
1435,0.036001354455947876,0.03677120633423328
1436,0.03449650853872299,0.03675394359976053
1437,0.03515719622373581,0.03673460822552443
1438,0.03532499819993973,0.036704964973032474
1439,0.03579086810350418,0.03668489087373018
1440,0.03642262890934944,0.036674338206648824
1441,0.035396870225667953,0.03665841620415449
1442,0.035300347954034805,0.03662797994911671
1443,0.036467086523771286,0.0366180769354105
1444,0.03628944605588913,0.03661573074758053
1445,0.03438860550522804,0.036589684747159484
1446,0.035957083106040955,0.036582248844206335
1447,0.03522577881813049,0.03656665969640017
1448,0.03569917008280754,0.03653826422989368
1449,0.03708653897047043,0.03655203975737095
1450,0.03551153093576431,0.036538723818957806
1451,0.03794145956635475,0.03653621919453144
1452,0.0366024374961853,0.03651455111801624
1453,0.03531627357006073,0.036499356105923655
1454,0.035206664353609085,0.036466018967330455
1455,0.03558555990457535,0.036459093019366264
1456,0.035380519926548004,0.0364335048943758
1457,0.035673730075359344,0.03642104968428612
1458,0.036178771406412125,0.03641404051333666
1459,0.03583809733390808,0.036408346481621265
1460,0.03554900735616684,0.03639678847044706
1461,0.034429881721735,0.03634659048169851
1462,0.03607521578669548,0.03634238045662642
1463,0.036001794040203094,0.03632001880556345
1464,0.03574524074792862,0.03631799545139074
1465,0.035787422209978104,0.03630544990301132
1466,0.03552759811282158,0.036299053989350794
1467,0.03433358669281006,0.036276931129395965
1468,0.03391926363110542,0.036232802569866183
1469,0.03668861836194992,0.036224920824170115
1470,0.03792857006192207,0.03624152097851038
1471,0.03533744812011719,0.03623625211417675
1472,0.03482978045940399,0.03621574267745018
1473,0.03465128690004349,0.03618917629122734
1474,0.035695645958185196,0.03617320902645588
1475,0.03449447825551033,0.036146948970854284
1476,0.03486184775829315,0.03613087896257639
1477,0.035019129514694214,0.03609637580811977
1478,0.03580709919333458,0.03607172701507807
1479,0.03428398817777634,0.0360522910580039
1480,0.03460389003157616,0.03602270983159542
1481,0.035574957728385925,0.03600452721118927
1482,0.03497837856411934,0.03599418688565493
1483,0.034383855760097504,0.03597082886844873
1484,0.03569447249174118,0.035951604843139646
1485,0.035089410841464996,0.03594174068421126
1486,0.034333497285842896,0.03591000471264124
1487,0.037057388573884964,0.03591148026287556
1488,0.03593382239341736,0.03589965913444757
1489,0.03602403774857521,0.035896771885454655
1490,0.03452538698911667,0.03587363556027413
1491,0.03399597108364105,0.03584664180874825
1492,0.03509807586669922,0.03583971485495567
1493,0.036130860447883606,0.03584853917360306
1494,0.034405894577503204,0.03582082897424698
1495,0.035476405173540115,0.035812563002109526
1496,0.03736308217048645,0.03582081645727157
1497,0.03444727510213852,0.035798314549028876
1498,0.035164974629879,0.035785779617726804
1499,0.03413812071084976,0.035767091587185856
1500,0.03518524020910263,0.03574416782706976
1501,0.03484031558036804,0.03572393510490656
1502,0.03494248911738396,0.03572078663855791
1503,0.034772440791130066,0.03569949757307768
1504,0.03520955145359039,0.03568461764603853
1505,0.03482162207365036,0.03569107640534639
1506,0.03560796007514,0.03568785887211561
1507,0.035191744565963745,0.03567033126950264
1508,0.03421260043978691,0.03564989496022463
1509,0.034133873879909515,0.035624492764472965
1510,0.03405056521296501,0.03559403207153082
1511,0.035549603402614594,0.035585314966738224
1512,0.03565805405378342,0.03557353336364031
1513,0.03662598878145218,0.03557487029582262
1514,0.03535649552941322,0.03557320609688759
1515,0.03570167347788811,0.035554025918245316
1516,0.0352376326918602,0.035546560510993
1517,0.03436443954706192,0.035521178990602496
1518,0.03398635983467102,0.03548768438398838
1519,0.03448528051376343,0.03546887964010239
1520,0.035816553980112076,0.03546266295015812
1521,0.034131743013858795,0.035434763431549075
1522,0.03454083949327469,0.035420669429004195
1523,0.0342007614672184,0.03540310490876436
1524,0.035276032984256744,0.035406793542206286
1525,0.03501448780298233,0.035380510799586776
1526,0.035292454063892365,0.0353747196868062
1527,0.034498170018196106,0.03535906735807657
1528,0.03409680724143982,0.035342125184834004
1529,0.033933669328689575,0.03530927661806345
1530,0.03493320941925049,0.035299378372728826
1531,0.033757127821445465,0.035284896492958066
1532,0.035495322197675705,0.03528008621186018
1533,0.033821798861026764,0.03525855388492346
1534,0.034639548510313034,0.035250086449086664
1535,0.033858031034469604,0.03522865321487188
1536,0.032574839890003204,0.03520943652838469
1537,0.03384965658187866,0.035196361131966114
1538,0.034864697605371475,0.035191758126020434
1539,0.034788891673088074,0.03518173836171627
1540,0.03525002300739288,0.0351700123026967
1541,0.03432237356901169,0.035159267336130146
1542,0.03405534476041794,0.03514681730419397
1543,0.03489327058196068,0.03513107914477587
1544,0.03406839072704315,0.03510886859148741
1545,0.03364650532603264,0.03510144758969545
1546,0.03386113792657852,0.03508048813790083
1547,0.03571946173906326,0.03508542496711016
1548,0.03338789939880371,0.035062312260270116
1549,0.0339667946100235,0.03503111481666565
1550,0.03481851518154144,0.03502418465912342
1551,0.03495481610298157,0.03499431822448969
1552,0.03522730618715286,0.03498056691139936
1553,0.033987995237112045,0.034967284128069875
1554,0.03376892954111099,0.0349529067799449
1555,0.03310655802488327,0.03492811676114797
1556,0.035696595907211304,0.03493127752095461
1557,0.03551463782787323,0.034929686598479746
1558,0.03516609966754913,0.03491955988109112
1559,0.033136676996946335,0.0348925456777215
1560,0.03377491980791092,0.034874804802238944
1561,0.033783938735723495,0.034868345372378824
1562,0.03458257019519806,0.03485341891646385
1563,0.034915901720523834,0.03484255999326706
1564,0.03445274755358696,0.034829635061323645
1565,0.03461296483874321,0.034817890487611296
1566,0.03343335539102554,0.03479694806039333
1567,0.034707773476839066,0.034800689928233625
1568,0.034859638661146164,0.03481009367853403
1569,0.03336230292916298,0.03477683052420616
1570,0.03347442299127579,0.0347322890534997
1571,0.03305519372224808,0.03470946650952101
1572,0.03349839150905609,0.03469615262001753
1573,0.032909177243709564,0.03467873152345419
1574,0.03382803499698639,0.0346600554138422
1575,0.033987436443567276,0.03465498499572277
1576,0.03469102457165718,0.03465327676385641
1577,0.035202376544475555,0.03465510923415423
1578,0.035382919013500214,0.03465086743235588
1579,0.03201045095920563,0.03462813206017017
1580,0.03346513211727142,0.034616744481027126
1581,0.033952757716178894,0.034600522480905054
1582,0.032979946583509445,0.034580538161098955
1583,0.03426878899335861,0.03457938749343157
1584,0.035005442798137665,0.034572497196495536
1585,0.03609412908554077,0.03458254437893629
1586,0.03390362858772278,0.03457824569195509
1587,0.034618303179740906,0.034553854838013646
1588,0.034050606191158295,0.03453502267599106
1589,0.03477879613637924,0.0345225702598691
1590,0.03410123288631439,0.03451832871884108
1591,0.03367381542921066,0.03451510716229677
1592,0.03435640409588814,0.03450769044458866
1593,0.03444798290729523,0.034490861669182776
1594,0.03363358974456787,0.03448313862085342
1595,0.032775163650512695,0.03445612620562315
1596,0.03418001905083656,0.03442429557442665
1597,0.034216031432151794,0.034421983137726785
1598,0.03394406661391258,0.03440977405756712
1599,0.03373991698026657,0.03440579202026129
1600,0.03379032760858536,0.03439184289425611
1601,0.03294062986969948,0.03437284603714943
1602,0.032868608832359314,0.034352107234299184
1603,0.033514223992824554,0.03433952506631613
1604,0.03305341303348541,0.03431796368211508
1605,0.03303142637014389,0.03430006172508002
1606,0.03204210102558136,0.034264403134584426
1607,0.03270944207906723,0.034239580109715465
1608,0.03252503275871277,0.03422270443290472
1609,0.03430511802434921,0.034224416874349115
1610,0.03270748257637024,0.03421098604798317
1611,0.03313037380576134,0.03418679375201464
1612,0.03309935703873634,0.03416120678186416
1613,0.033246807754039764,0.03412741497159004
1614,0.03470408171415329,0.034120890833437445
1615,0.0319940485060215,0.03408381458371878
1616,0.03346456587314606,0.034066083915531634
1617,0.03373424708843231,0.03405978199094534
1618,0.034342892467975616,0.034063347317278385
1619,0.034018173813819885,0.034058676250278946
1620,0.03328326344490051,0.03403334334492683
1621,0.034877751022577286,0.03404080342501402
1622,0.0329756923019886,0.03402515195310116
1623,0.03333418071269989,0.034016486145555976
1624,0.03245531767606735,0.03398827899247408
1625,0.03197500854730606,0.03395788419991732
1626,0.03295796364545822,0.03393453929573297
1627,0.034904517233371735,0.03393860276788473
1628,0.0339365154504776,0.03393699984997511
1629,0.034718506038188934,0.033944848217070105
1630,0.03316493332386017,0.0339271654561162
1631,0.03309688717126846,0.03392056304961443
1632,0.03369971364736557,0.03390260696411133
1633,0.03331319987773895,0.03389752097427845
1634,0.03323708847165108,0.03388349637389183
1635,0.03386475518345833,0.033883563615381716
1636,0.033666156232357025,0.033894476778805256
1637,0.03187607228755951,0.03387474093586206
1638,0.03302775323390961,0.033856371492147444
1639,0.03301108628511429,0.03383859343826771
1640,0.03446737676858902,0.03383076697587967
1641,0.03304528445005417,0.03381799608469009
1642,0.031113022938370705,0.03378857286646962
1643,0.03294122964143753,0.03376905245706439
1644,0.033033110201358795,0.03375869965180755
1645,0.0335291288793087,0.03375752588734031
1646,0.03403017669916153,0.03375921627506614
1647,0.03329106792807579,0.033734932336956264
1648,0.03284232318401337,0.03372947657480836
1649,0.034328609704971313,0.033733094725757834
1650,0.035009101033210754,0.03373500058427453
1651,0.03438352420926094,0.033729287665337324
1652,0.032326459884643555,0.03370027920231223
1653,0.032650433480739594,0.033686903584748504
1654,0.03349588066339493,0.03368417309597135
1655,0.031722262501716614,0.03367033014073968
1656,0.0331803560256958,0.033645167741924525
1657,0.0321243517100811,0.0336112648807466
1658,0.03206701949238777,0.03358027407899499
1659,0.03470481187105179,0.033595955427736045
1660,0.03347966447472572,0.03359300287440419
1661,0.03322417289018631,0.03358740521594882
1662,0.03186344727873802,0.03356021398678422
1663,0.03297799453139305,0.03354083491489291
1664,0.03319832682609558,0.033528290707618
1665,0.033712759613990784,0.033519288655370474
1666,0.03169001638889313,0.03350185526534915
1667,0.03309066966176033,0.03348568422719836
1668,0.0336579754948616,0.033473667595535515
1669,0.033756595104932785,0.03347761051729321
1670,0.03145785257220268,0.033457444813102484
1671,0.031887806951999664,0.0334457709454
1672,0.033032502979040146,0.03344111206009984
1673,0.03324572741985321,0.03344447756186128
1674,0.03340890258550644,0.033440286237746475
1675,0.03224722295999527,0.033422884102910756
1676,0.03354893997311592,0.033411463256925344
1677,0.033133119344711304,0.033390770684927705
1678,0.0334186889231205,0.0333711283840239
1679,0.03161068260669708,0.03336713070049882
1680,0.03286111727356911,0.033361090552061795
1681,0.03293674811720848,0.03335093045607209
1682,0.03193921595811844,0.03334052314981818
1683,0.03273312747478485,0.033325166534632446
1684,0.031006313860416412,0.03328517524525523
1685,0.03217000141739845,0.03324593396857381
1686,0.03191765025258064,0.03322607418522239
1687,0.032758042216300964,0.03320747157558799
1688,0.03147187829017639,0.03318168429657817
1689,0.031982775777578354,0.03315372409299016
1690,0.03343985974788666,0.033147110361605885
1691,0.03416718542575836,0.03315204406157136
1692,0.031098537147045135,0.03311946539208293
1693,0.03263784945011139,0.033101364057511094
1694,0.034328311681747437,0.033108311276882886
1695,0.031788378953933716,0.0330984434299171
1696,0.03472297266125679,0.0331038729660213
1697,0.03214035555720329,0.033083116207271814
1698,0.03210566192865372,0.033064732160419226
1699,0.03175622224807739,0.033044895213097336
1700,0.0324101448059082,0.03303109338507056
1701,0.03140189126133919,0.03301570599898696
1702,0.0328337736427784,0.033015357647091154
1703,0.031637921929359436,0.0329965946264565
1704,0.03422806039452553,0.0330083411000669
1705,0.032813966274261475,0.03300616649910808
1706,0.03342169523239136,0.03301996244117618
1707,0.03139180317521095,0.03300678605213761
1708,0.03191826492547989,0.033000718373805284
1709,0.03380216658115387,0.03299568885937333
1710,0.03205185383558273,0.03298913257196546
1711,0.03360709920525551,0.0329938998259604
1712,0.032152269035577774,0.03298442894592881
1713,0.03244767338037491,0.03297643760219216
1714,0.03261858969926834,0.032955582682043315
1715,0.03230110555887222,0.03295865325257182
1716,0.03262924775481224,0.03295030007138848
1717,0.03186792507767677,0.03293163685128093
1718,0.03223409503698349,0.03291054887697101
1719,0.03336995840072632,0.03290406672284007
1720,0.031550269573926926,0.03288673678413034
1721,0.032623328268527985,0.032864192556589844
1722,0.031805619597435,0.032852491829544306
1723,0.032854437828063965,0.032847694400697944
1724,0.03208639472723007,0.03284400517120958
1725,0.03256669640541077,0.03284992204979062
1726,0.0327322855591774,0.032847665268927816
1727,0.031752847135066986,0.032816148567944764
1728,0.030888631939888,0.03278566973283887
1729,0.03160863369703293,0.03275457100942731
1730,0.033410001546144485,0.03275702169165015
1731,0.031179973855614662,0.03273785255849362
1732,0.03166710585355759,0.03271752648055554
1733,0.033224307000637054,0.032716637551784514
1734,0.030575664713978767,0.03269002331420779
1735,0.031404122710227966,0.03266541698947549
1736,0.031061699613928795,0.03263937242329121
1737,0.03301580622792244,0.032650769762694834
1738,0.03228342533111572,0.0326433264836669
1739,0.03248351067304611,0.03263805072754621
1740,0.03288746252655983,0.032622251585125925
1741,0.031940218061208725,0.03261120092123747
1742,0.03244014084339142,0.032624472100287676
1743,0.033097654581069946,0.032626036349684
1744,0.03232046961784363,0.03261890994384885
1745,0.03229397535324097,0.03260655840858817
1746,0.03301079943776131,0.03259636463597417
1747,0.03394680470228195,0.03260292200371623
1748,0.03202672302722931,0.03259476600214839
1749,0.033359941095113754,0.032585079316049814
1750,0.03296291083097458,0.032564617414027455
1751,0.0320107527077198,0.03254088969901204
1752,0.03280245512723923,0.032545649651438
1753,0.031422022730112076,0.03253336554393172
1754,0.031616903841495514,0.03251457577571273
1755,0.03362175077199936,0.032533570658415556
1756,0.031583912670612335,0.03251760622486472
1757,0.03176409751176834,0.03251400368288159
1758,0.03152991086244583,0.032508632596582175
1759,0.03366422653198242,0.03249822674319148
1760,0.03242631256580353,0.032487693224102256
1761,0.031144138425588608,0.03246689287945628
1762,0.03128498047590256,0.032461108211427926
1763,0.03188758343458176,0.03245020410045982
1764,0.0316876620054245,0.032435097452253106
1765,0.03139127045869827,0.03241188256070018
1766,0.033672526478767395,0.03243170766159892
1767,0.03324136883020401,0.03243321465328336
1768,0.031153254210948944,0.03240816744044423
1769,0.03231433779001236,0.03239374486729503
1770,0.031519271433353424,0.032394359055906534
1771,0.03215146064758301,0.03239699559286237
1772,0.03141798824071884,0.032380850445479156
1773,0.032206058502197266,0.0323704537563026
1774,0.03067963570356369,0.03234316108748317
1775,0.030839083716273308,0.03232907969504595
1776,0.031318869441747665,0.03230677898973226
1777,0.030492151156067848,0.03228036930784583
1778,0.0309175793081522,0.032255358211696145
1779,0.032477494329214096,0.032264026328921315
1780,0.03211061656475067,0.03225652132183313
1781,0.031116148456931114,0.03223831532523036
1782,0.03017103113234043,0.03222063347697258
1783,0.032957155257463455,0.03222287375479937
1784,0.030894147232174873,0.03222175208851695
1785,0.033059217035770416,0.03223064424470067
1786,0.031791362911462784,0.032229381371289494
1787,0.03250911086797714,0.03222689205780625
1788,0.030862096697092056,0.03222079424187541
1789,0.031404584646224976,0.03221501233056188
1790,0.0323408842086792,0.0322040225751698
1791,0.032668668776750565,0.032189037408679726
1792,0.031489577144384384,0.032192947808653116
1793,0.031246453523635864,0.03217903384938836
1794,0.030987389385700226,0.032145624626427886
1795,0.03428254649043083,0.03217056630179286
1796,0.029885374009609222,0.03212219031527638
1797,0.02992582879960537,0.03210004504770041
1798,0.032759472727775574,0.03210658315569162
1799,0.03164834529161453,0.032105504386127
1800,0.031731314957141876,0.03209871608763933
1801,0.03163520246744156,0.03210104919970035
1802,0.031490035355091095,0.032087611816823486
1803,0.03162353113293648,0.03208746790885925
1804,0.03284144401550293,0.03207360174506903
1805,0.031171776354312897,0.03205717984586954
1806,0.03159990534186363,0.03203896194696426
1807,0.033535297960042953,0.03206039689481258
1808,0.029916970059275627,0.03204038394615054
1809,0.029864788055419922,0.032001010160893205
1810,0.03264244645833969,0.03200691608712077
1811,0.03132407367229462,0.03198408583179116
1812,0.030862588435411453,0.0319711890257895
1813,0.030943021178245544,0.03195614250376821
1814,0.03166588395833969,0.03194661544635892
1815,0.03144995868206024,0.0319381039775908
1816,0.030862893909215927,0.031920440439134834
1817,0.03215569630265236,0.03192331815138459
1818,0.03117789328098297,0.031912756133824584
1819,0.031140562146902084,0.03189046217128635
1820,0.031794533133506775,0.031892904806882144
1821,0.03184959292411804,0.03188516745343804
1822,0.03266618773341179,0.03189377313479781
1823,0.03037206456065178,0.03186894940212369
1824,0.03255701810121536,0.03187365563586354
1825,0.030965548008680344,0.031857644151896236
1826,0.03183765709400177,0.03184869786724448
1827,0.03220394626259804,0.03185320885851979
1828,0.03290934860706329,0.031873416025191545
1829,0.02896740287542343,0.03184700371697545
1830,0.03071943111717701,0.031820098012685774
1831,0.03171739727258682,0.031825472246855495
1832,0.03196212276816368,0.03182842241600156
1833,0.03030376508831978,0.031799216996878384
1834,0.031285643577575684,0.031806316785514356
1835,0.03109297715127468,0.031803205329924825
1836,0.03200174868106842,0.03181260582059622
1837,0.03130921721458435,0.031795539930462836
1838,0.030142344534397125,0.03177412912249565
1839,0.030371680855751038,0.0317530108243227
1840,0.030872084200382233,0.03173285704106092
1841,0.029723970219492912,0.03171069456264377
1842,0.03042762167751789,0.03169056937098503
1843,0.03244882822036743,0.031684081107378005
1844,0.03243748098611832,0.03168525122106075
1845,0.03018013760447502,0.031664112843573095
1846,0.031245529651641846,0.0316464601457119
1847,0.029816657304763794,0.031605158671736716
1848,0.032838061451911926,0.03161327205598354
1849,0.030135568231344223,0.03158102832734585
1850,0.03208998590707779,0.03157229907810688
1851,0.03169294074177742,0.03156912095844746
1852,0.029779881238937378,0.03153889521956444
1853,0.030931953340768814,0.031533994525671
1854,0.029522385448217392,0.03151304934173822
1855,0.03167508542537689,0.031493582688272
1856,0.031439296901226044,0.031492136530578134
1857,0.0309087336063385,0.03148358289152384
1858,0.030449625104665756,0.03147278003394604
1859,0.030564580112695694,0.03144178356975317
1860,0.030723487958312035,0.031424755323678256
1861,0.03162849694490433,0.03142959890887141
1862,0.031157437711954117,0.03142832348123193
1863,0.03143962845206261,0.031423843931406736
1864,0.029411394149065018,0.03140108125284314
1865,0.030900176614522934,0.03139617031440139
1866,0.030611403286457062,0.03136555908247828
1867,0.0292230062186718,0.031325375456362964
1868,0.030612945556640625,0.03131997236981988
1869,0.03063659369945526,0.031303194928914306
1870,0.0298138540238142,0.03128614075481892
1871,0.03027290850877762,0.03126735523343086
1872,0.030271707102656364,0.031255892422050235
1873,0.031217865645885468,0.03124601049348712
1874,0.030599145218729973,0.03124520558863878
1875,0.029542822390794754,0.031232242975383996
1876,0.031118977814912796,0.031230244059115647
1877,0.03001166135072708,0.03122543916106224
1878,0.031090324744582176,0.03122716661542654
1879,0.02957979403436184,0.031198189612478017
1880,0.031245790421962738,0.031189541351050138
1881,0.03120403178036213,0.03119042018428445
1882,0.031109876930713654,0.031199808642268182
1883,0.031236998736858368,0.03118260707706213
1884,0.03173863887786865,0.031191051993519067
1885,0.030708346515893936,0.031167543288320304
1886,0.029726751148700714,0.031146897170692682
1887,0.030335567891597748,0.03112516174092889
1888,0.03030048869550228,0.03111954566091299
1889,0.03092670440673828,0.031114766858518123
1890,0.03082425519824028,0.031099600568413734
1891,0.03135787323117256,0.031086492612957956
1892,0.031272657215595245,0.031084323413670064
1893,0.0312393419444561,0.031084252297878267
1894,0.029710259288549423,0.031071480996906757
1895,0.030150409787893295,0.03103015962988138
1896,0.03076327033340931,0.031038938593119382
1897,0.031775299459695816,0.031057433299720286
1898,0.029841311275959015,0.03102825168520212
1899,0.031248079612851143,0.031024249028414486
1900,0.029058607295155525,0.030997521951794626
1901,0.03040943294763565,0.030985264256596565
1902,0.030938638374209404,0.030979750286787747
1903,0.0308841522783041,0.030972356498241423
1904,0.03091031312942505,0.030953045189380645
1905,0.03163769841194153,0.030957704409956932
1906,0.03029128722846508,0.030944618228822947
1907,0.029613258317112923,0.030905397832393645
1908,0.030018506571650505,0.030906413197517395
1909,0.03142314776778221,0.030921996794641016
1910,0.02928910031914711,0.030888463333249093
1911,0.030076738446950912,0.030875989980995656
1912,0.029468882828950882,0.03086205292493105
1913,0.029311828315258026,0.030845740996301173
1914,0.030228158459067345,0.03083136374130845
1915,0.03060239367187023,0.03082288809120655
1916,0.03072192892432213,0.030821478441357613
1917,0.02992274984717369,0.030799148976802825
1918,0.02954966202378273,0.030782866664230822
1919,0.030639197677373886,0.03077785301953554
1920,0.030055126175284386,0.03076045894995332
1921,0.03007366508245468,0.030742699671536686
1922,0.029926693066954613,0.030715304724872113
1923,0.03119637258350849,0.03072354780510068
1924,0.03053584322333336,0.030703336056321858
1925,0.030416633933782578,0.030697846915572882
1926,0.029615700244903564,0.0306756273470819
1927,0.030970614403486252,0.030663294028490783
1928,0.030462242662906647,0.030638822969049215
1929,0.03028484433889389,0.030651997383683918
1930,0.030071347951889038,0.03064551655203104
1931,0.02938300371170044,0.030622172616422177
1932,0.027987461537122726,0.030582426004111766
1933,0.030408121645450592,0.030583469569683074
1934,0.030235618352890015,0.030572969317436218
1935,0.03113342821598053,0.030573373828083276
1936,0.031248249113559723,0.03056583883240819
1937,0.03074798360466957,0.030560226496309042
1938,0.03144611418247223,0.030573264192789794
1939,0.030514754354953766,0.03057469492778182
1940,0.029649335891008377,0.03056246744468808
1941,0.030792396515607834,0.03057315170764923
1942,0.02993389591574669,0.03056821445003152
1943,0.030244143679738045,0.030546167604625224
1944,0.028799692168831825,0.03050978971645236
1945,0.030751410871744156,0.030515502449125053
1946,0.03003431111574173,0.03050339026376605
1947,0.030676741153001785,0.03051199110224843
1948,0.03125664219260216,0.030496176909655334
1949,0.029961828142404556,0.030494439508765937
1950,0.030327899381518364,0.03047681864351034
1951,0.030260054394602776,0.030462489780038595
1952,0.029728781431913376,0.030461978781968355
1953,0.029069922864437103,0.03044335847720504
1954,0.02992791309952736,0.030447413753718136
1955,0.030136853456497192,0.030432031434029342
1956,0.02939005196094513,0.03041153898462653
1957,0.03131410479545593,0.030415592696517706
1958,0.030876658856868744,0.030419863034039735
1959,0.029914718121290207,0.03041336441412568
1960,0.029861174523830414,0.030404741279780864
1961,0.02976907603442669,0.03038614707067609
1962,0.03052767738699913,0.03037984946742654
1963,0.029964052140712738,0.03036509370431304
1964,0.031616996973752975,0.030387149732559918
1965,0.030604403465986252,0.03038419200107455
1966,0.030764330178499222,0.030385721269994975
1967,0.029879245907068253,0.03039228366687894
1968,0.0295841284096241,0.030381995495408775
1969,0.02980962209403515,0.03037372577935457
1970,0.029838094487786293,0.030373968183994293
1971,0.029964778572320938,0.030370886884629727
1972,0.03112412616610527,0.030379411075264217
1973,0.03206505626440048,0.030387882981449364
1974,0.030210327357053757,0.030383994802832603
1975,0.030172910541296005,0.030390295684337616
1976,0.029712192714214325,0.030376227833330632
1977,0.03047104738652706,0.03038082169368863
1978,0.02850545197725296,0.030354972966015338
1979,0.02991967462003231,0.030358371771872044
1980,0.03025646135210991,0.030348478481173516
1981,0.03071664273738861,0.03034360459074378
1982,0.030259259045124054,0.030335098411887883
1983,0.030601946637034416,0.030328747890889643
1984,0.029847804456949234,0.03030983954668045
1985,0.030089126899838448,0.030303647350519894
1986,0.03010202758014202,0.030307400114834307
1987,0.02827095054090023,0.030286753941327335
1988,0.031059008091688156,0.030294339135289193
1989,0.030124565586447716,0.030286317747086285
1990,0.03016987070441246,0.03027977390214801
1991,0.02895796112716198,0.030255774781107903
1992,0.029623674228787422,0.030239284951239825
1993,0.029666747897863388,0.030223559010773896
1994,0.030171653255820274,0.030228172950446604
1995,0.029925638809800148,0.030225925240665676
1996,0.030013540759682655,0.03021842794492841
1997,0.02899203635752201,0.03019059531390667
1998,0.03011779487133026,0.030193360149860383
1999,0.028992151841521263,0.030170800872147085
2000,0.029950987547636032,0.03017972467467189
2001,0.030697474256157875,0.030182605087757112
2002,0.029772814363241196,0.03017094684764743
2003,0.03003140538930893,0.030162419378757476
2004,0.02903921902179718,0.0301437084376812
2005,0.030882349237799644,0.03013615494593978
2006,0.029879558831453323,0.03013203766196966
2007,0.03087940439581871,0.03014469912275672
2008,0.028632819652557373,0.030130842253565788
2009,0.029036492109298706,0.030106975696980953
2010,0.03043252043426037,0.030118409898132085
2011,0.031199876219034195,0.03012964127585292
2012,0.030349867418408394,0.030138451121747494
2013,0.02864203229546547,0.03013175316154957
2014,0.029668603092432022,0.030126157607883217
2015,0.02980845980346203,0.030118218269199134
2016,0.029788561165332794,0.03010888459160924
2017,0.027534715831279755,0.0300850042514503
2018,0.029751330614089966,0.03008702093735337
2019,0.029461339116096497,0.030075242351740597
2020,0.028741296380758286,0.03006210405379534
2021,0.029302528128027916,0.03005439268425107
2022,0.029855456203222275,0.030053680315613746
2023,0.02976718731224537,0.030039388462901117
2024,0.030071869492530823,0.03003474872559309
2025,0.030099734663963318,0.030031579732894897
2026,0.02953771874308586,0.03003079991787672
2027,0.030269868671894073,0.0300237924605608
2028,0.02860081195831299,0.03000517815351486
2029,0.030281884595751762,0.030005148556083442
2030,0.029852598905563354,0.030002961065620184
2031,0.030595654621720314,0.03001508757472038
2032,0.028945036232471466,0.03002466332167387
2033,0.02847420796751976,0.03000532418489456
2034,0.030573932453989983,0.030008707325905562
2035,0.03012477420270443,0.0299986207857728
2036,0.028632506728172302,0.029972463361918927
2037,0.028597677126526833,0.029950960297137497
2038,0.028791507706046104,0.02992441423237324
2039,0.02946307137608528,0.029913897402584554
2040,0.02864892967045307,0.029903893340379
2041,0.029429692775011063,0.02989026630297303
2042,0.029963910579681396,0.02989056644961238
2043,0.029209155589342117,0.02988021656870842
2044,0.03083566389977932,0.029900576286017895
2045,0.030127253383398056,0.029894334711134434
2046,0.030663590878248215,0.0299006275087595
2047,0.029081597924232483,0.029884676076471807
2048,0.0293678380548954,0.029865788035094737
2049,0.029269279912114143,0.029858862552791833
2050,0.028547290712594986,0.0298410564661026
2051,0.029652945697307587,0.02983498537912965
2052,0.028958484530448914,0.029827282410115005
2053,0.028565986081957817,0.02982224304229021
2054,0.028598768636584282,0.02980895159766078
2055,0.02807827666401863,0.029788365829735996
2056,0.030281051993370056,0.029797275830060244
2057,0.029662858694791794,0.029780763369053602
2058,0.028353601694107056,0.029755532797425984
2059,0.029358763247728348,0.029749973248690366
2060,0.02948516048491001,0.029746213108301164
2061,0.029348298907279968,0.029742005337029694
2062,0.03000650554895401,0.029736793618649244
2063,0.029726997017860413,0.02973442306742072
2064,0.028617817908525467,0.029704431276768445
2065,0.03013574331998825,0.029699744675308466
2066,0.02910374477505684,0.029683138821274043
2067,0.029793618246912956,0.02968228254467249
2068,0.029468970373272896,0.029681130964308976
2069,0.029585788026452065,0.029678892623633147
2070,0.029131192713975906,0.029671823605895042
2071,0.02902919426560402,0.02966246776282787
2072,0.02984595112502575,0.02964968601241708
2073,0.02858956716954708,0.029614931121468544
2074,0.02913810685276985,0.029604208916425706
2075,0.028709448873996735,0.029589574299752713
2076,0.02989787608385086,0.029591431133449076
2077,0.028273409232497215,0.02956945475190878
2078,0.02939918264746666,0.029578392058610917
2079,0.02878071367740631,0.029567002449184657
2080,0.028727088123559952,0.029551708716899158
2081,0.028381191194057465,0.029528354201465844
2082,0.02896958217024803,0.029515457432717086
2083,0.02739042043685913,0.029483342170715333
2084,0.028031880035996437,0.029465182926505806
2085,0.030008748173713684,0.029464379139244556
2086,0.029743241146206856,0.029460791274905206
2087,0.02837163582444191,0.02946179812774062
2088,0.029281247407197952,0.02944402052089572
2089,0.02894512191414833,0.029432226084172727
2090,0.028873145580291748,0.02941925883293152
2091,0.0285252146422863,0.02941493136808276
2092,0.02846689522266388,0.029403363578021525
2093,0.02898585796356201,0.02939655467867851
2094,0.029323646798729897,0.02938807461410761
2095,0.029701396822929382,0.0293858321942389
2096,0.028920412063598633,0.02937490090727806
2097,0.028697188943624496,0.029371952433139087
2098,0.02916586399078369,0.02936243312433362
2099,0.028264515101909637,0.029355156756937503
2100,0.028643714264035225,0.029342084024101496
2101,0.028583236038684845,0.029320941641926765
2102,0.02885608561336994,0.02931177435442805
2103,0.02873857505619526,0.029298846051096915
2104,0.02814830094575882,0.02928993687033653
2105,0.02806701883673668,0.029261783566325902
2106,0.028473984450101852,0.02924772782251239
2107,0.0297334436327219,0.02923626821488142
2108,0.02924155816435814,0.029242355599999426
2109,0.028297249227762222,0.029234963171184063
2110,0.029486026614904404,0.029225498232990504
2111,0.028848687186837196,0.02920198634266853
2112,0.028965041041374207,0.029188138078898192
2113,0.02826627716422081,0.029184380527585745
2114,0.0285806767642498,0.029173501264303923
2115,0.028664708137512207,0.029162063747644424
2116,0.029237814247608185,0.02915655627846718
2117,0.03075125627219677,0.02918872168287635
2118,0.02920248918235302,0.02918323326855898
2119,0.027564315125346184,0.029164263028651476
2120,0.02977566421031952,0.02917460670694709
2121,0.02828383818268776,0.029164419807493687
2122,0.02853431925177574,0.02915120843797922
2123,0.03097364865243435,0.02916327305138111
2124,0.02956325374543667,0.02915818689391017
2125,0.027948793023824692,0.029136677477508782
2126,0.028563540428876877,0.029126935694366692
2127,0.029144015163183212,0.029115677159279586
2128,0.028565652668476105,0.029115325566381217
2129,0.02922827936708927,0.029104789514094592
2130,0.030103184282779694,0.029107295367866756
2131,0.029362456873059273,0.029094963390380143
2132,0.027583081275224686,0.029081343840807676
2133,0.0273517407476902,0.029070119168609382
2134,0.029400702565908432,0.029058386869728565
2135,0.028752673417329788,0.02904466586187482
2136,0.02929055504500866,0.02905124634504318
2137,0.02866564318537712,0.029051926005631685
2138,0.027744997292757034,0.029041460901498794
2139,0.028768643736839294,0.029034516625106335
2140,0.028404060751199722,0.0290320679359138
2141,0.027791783213615417,0.029015688840299845
2142,0.02899393066763878,0.029005989041179417
2143,0.02773590385913849,0.028991256523877382
2144,0.028986938297748566,0.028972769267857076
2145,0.028436368331313133,0.028955860417336225
2146,0.028225043788552284,0.028931474946439266
2147,0.026912042871117592,0.02890977939590812
2148,0.028378741815686226,0.028899888433516027
2149,0.02766716480255127,0.028883867282420397
2150,0.029118612408638,0.028889580499380826
2151,0.02801378071308136,0.028873188849538566
2152,0.029071535915136337,0.02887431936338544
2153,0.028311843052506447,0.028871777933090925
2154,0.028235409408807755,0.02886814434081316
2155,0.028931785374879837,0.028876679427921773
2156,0.028012260794639587,0.028853991515934468
2157,0.02913028374314308,0.02884866576641798
2158,0.0291859433054924,0.028856989182531833
2159,0.028212029486894608,0.028845521844923495
2160,0.028204143047332764,0.028832711670547725
2161,0.0282438974827528,0.028821667656302452
2162,0.02857956849038601,0.02880739828571677
2163,0.027908340096473694,0.028789211716502904
2164,0.029374774545431137,0.028796781282871962
2165,0.026787731796503067,0.02876330116763711
2166,0.028231069445610046,0.02875457441434264
2167,0.028710005804896355,0.028743738289922476
2168,0.027159173041582108,0.028720640316605567
2169,0.027378080412745476,0.028698563240468503
2170,0.028380783274769783,0.02869105914607644
2171,0.0289904847741127,0.028690672051161527
2172,0.029833011329174042,0.028690542653203012
2173,0.028556309640407562,0.028690210077911615
2174,0.027206504717469215,0.028670894056558607
2175,0.029170624911785126,0.028675505816936495
2176,0.027951691299676895,0.028656043969094755
2177,0.027748428285121918,0.028650794159621
2178,0.029918823391199112,0.028655990567058323
2179,0.02865920215845108,0.028654775451868772
2180,0.027895508334040642,0.02864645965397358
2181,0.028412645682692528,0.02864677419885993
2182,0.02778209187090397,0.02863489929586649
2183,0.02858840674161911,0.02864687915891409
2184,0.02841619774699211,0.028650722336024045
2185,0.02877463772892952,0.028638381231576204
2186,0.029190590605139732,0.028632854726165533
2187,0.026996055617928505,0.0286190989241004
2188,0.026674648746848106,0.0285930329374969
2189,0.02727397345006466,0.028576321452856063
2190,0.02774147316813469,0.028565004728734494
2191,0.028501467779278755,0.02856476726010442
2192,0.028331615030765533,0.028563414458185433
2193,0.02616110071539879,0.028535166885703803
2194,0.028944583609700203,0.028531376253813506
2195,0.028496161103248596,0.028519323896616697
2196,0.02732439525425434,0.028503363728523256
2197,0.02957216277718544,0.028512113466858863
2198,0.028658676892518997,0.028507041595876217
2199,0.02747460827231407,0.028499142527580262
2200,0.027997877448797226,0.02849268415942788
2201,0.028098780661821365,0.028487839605659246
2202,0.02801957167685032,0.02847947446629405
2203,0.027553286403417587,0.028467621579766275
2204,0.029014963656663895,0.028476288206875325
2205,0.028885314241051674,0.028484471160918474
2206,0.02838694117963314,0.028483600728213786
2207,0.027574840933084488,0.02846201470121741
2208,0.027633655816316605,0.028445935677736997
2209,0.02838989347219467,0.028446862120181323
2210,0.027206990867853165,0.02842407176271081
2211,0.02832302451133728,0.02841881513595581
2212,0.028774214908480644,0.028416906874626877
2213,0.028488587588071823,0.028419129978865386
2214,0.02763449400663376,0.028409668151289223
2215,0.028631873428821564,0.028409339804202318
2216,0.028746362775564194,0.02840442528948188
2217,0.027403607964515686,0.028370948806405068
2218,0.026460282504558563,0.028343526739627124
2219,0.02917102538049221,0.028359593842178583
2220,0.028473488986492157,0.02834657208994031
2221,0.026873214170336723,0.028332465849816798
2222,0.028004076331853867,0.02832716342061758
2223,0.028952550143003464,0.02830695243552327
2224,0.029205527156591415,0.02830337516963482
2225,0.026878133416175842,0.02829266857355833
2226,0.026786599308252335,0.028274899162352086
2227,0.027540696784853935,0.028258865978568793
2228,0.02819839119911194,0.02825519336387515
2229,0.027959156781435013,0.02824250213801861
2230,0.028484011068940163,0.028226310405880212
2231,0.027588047087192535,0.028208566308021547
2232,0.027247393503785133,0.02820520943030715
2233,0.02830272726714611,0.02821471929550171
2234,0.02917308732867241,0.02821244314312935
2235,0.028033863753080368,0.028205255046486855
2236,0.027595335617661476,0.02818830285221338
2237,0.027228999882936478,0.028173936419188975
2238,0.02761189080774784,0.028172605354338884
2239,0.027455352246761322,0.028159472439438105
2240,0.02732151933014393,0.028148647025227548
2241,0.027548834681510925,0.028146217539906503
2242,0.02774614468216896,0.028133739680051804
2243,0.027463052421808243,0.0281310111656785
2244,0.027736961841583252,0.028118511401116847
2245,0.028592059388756752,0.028120068311691285
2246,0.027313489466905594,0.028110952768474817
2247,0.027330387383699417,0.028115136213600636
2248,0.02893928438425064,0.02812074163928628
2249,0.027530035004019737,0.028119370341300964
2250,0.02767137810587883,0.028104897998273374
2251,0.027614101767539978,0.02810090120881796
2252,0.027911057695746422,0.02808929642662406
2253,0.02769435942173004,0.028083121590316295
2254,0.02766534499824047,0.028077420946210623
2255,0.02838745340704918,0.028071977626532317
2256,0.027852652594447136,0.02807038154453039
2257,0.027408666908740997,0.02805316537618637
2258,0.027418050915002823,0.028035486452281475
2259,0.028903771191835403,0.028042403869330882
2260,0.027866311371326447,0.02803902555257082
2261,0.027343716472387314,0.028030023742467165
2262,0.02686528116464615,0.028012880869209767
2263,0.028035610914230347,0.028014153577387332
2264,0.027079295367002487,0.027991198785603046
2265,0.029065992683172226,0.02801398139446974
2266,0.028065241873264313,0.028012323118746282
2267,0.02860664576292038,0.028011289518326522
2268,0.027396641671657562,0.028013664204627274
2269,0.027659079059958458,0.028016474191099407
2270,0.027931921184062958,0.028011985570192337
2271,0.027832534164190292,0.02800040606409311
2272,0.027736887335777283,0.027979444824159146
2273,0.027338016778230667,0.027967261895537377
2274,0.027151819318532944,0.027966715041548015
2275,0.028521627187728882,0.02796022506430745
2276,0.028011005371809006,0.027960818205028774
2277,0.02869308739900589,0.027970264796167613
2278,0.026999201625585556,0.027941068578511478
2279,0.028021125122904778,0.027934687808156014
2280,0.02798512391746044,0.02793558396399021
2281,0.02619975619018078,0.027913455069065094
2282,0.028510790318250656,0.02792074205353856
2283,0.02766222134232521,0.027911480199545622
2284,0.02847789227962494,0.02791209714487195
2285,0.026981152594089508,0.02789416229352355
2286,0.02756154164671898,0.027877871803939344
2287,0.026946578174829483,0.027877377029508352
2288,0.026339061558246613,0.027874021157622338
2289,0.027861706912517548,0.027879898492246865
2290,0.027228742837905884,0.02787477118894458
2291,0.02706911228597164,0.027860447634011506
2292,0.026456110179424286,0.027841692585498096
2293,0.028671056032180786,0.027866792138665913
2294,0.027509884908795357,0.027852445151656868
2295,0.026424583047628403,0.027831729371100664
2296,0.02756880782544613,0.02783417349681258
2297,0.02804187685251236,0.02781887063756585
2298,0.027282532304525375,0.027805109191685915
2299,0.02821037918329239,0.0278124669007957
2300,0.027871200814843178,0.02781120013445616
2301,0.02747264876961708,0.027804938815534114
2302,0.02709929272532463,0.02779573602601886
2303,0.02678539976477623,0.027788057159632444
2304,0.02808576263487339,0.02777876514941454
2305,0.027232620865106583,0.02776223821565509
2306,0.026027746498584747,0.027738646268844605
2307,0.026700859889388084,0.02772990645840764
2308,0.02632603608071804,0.027716830261051654
2309,0.026433009654283524,0.027697261422872543
2310,0.026440296322107315,0.027689594477415085
2311,0.027468226850032806,0.02768104650080204
2312,0.026571016758680344,0.027659014519304036
2313,0.024813219904899597,0.027622260842472313
2314,0.02718464657664299,0.027617762368172406
2315,0.028147313743829727,0.02761291677132249
2316,0.02748502418398857,0.027600303385406734
2317,0.027739737182855606,0.027603664677590133
2318,0.02749650925397873,0.027614026945084334
2319,0.0274277925491333,0.027596594616770744
2320,0.02715592458844185,0.027583418972790243
2321,0.02874341420829296,0.027602120973169803
2322,0.02790558710694313,0.027601136080920696
2323,0.026776129379868507,0.027579371873289345
2324,0.02810833230614662,0.0275683999247849
2325,0.028104115277528763,0.027580659743398427
2326,0.026470642536878586,0.02757750017568469
2327,0.02724379487335682,0.02757453115656972
2328,0.026303548365831375,0.027555582728236914
2329,0.027194900438189507,0.027547940164804458
2330,0.027307916432619095,0.02753617921844125
2331,0.028338434174656868,0.02754368308931589
2332,0.026871565729379654,0.027539924811571838
2333,0.028139064088463783,0.027538288179785014
2334,0.026015035808086395,0.027506707664579154
2335,0.025920800864696503,0.027485577035695315
2336,0.027754036709666252,0.027487164046615362
2337,0.027805019170045853,0.027492924239486457
2338,0.026454363018274307,0.027481348961591722
2339,0.02827025018632412,0.02748949794098735
2340,0.027278847992420197,0.02748907122761011
2341,0.02734926901757717,0.027487075570970774
2342,0.02598879486322403,0.027469502072781326
2343,0.026479916647076607,0.02745967071503401
2344,0.026814773678779602,0.02745044883340597
2345,0.0254274420440197,0.0274188026599586
2346,0.026970969513058662,0.02741537746042013
2347,0.028060873970389366,0.027422682326287032
2348,0.02476995252072811,0.027380989007651804
2349,0.02898964285850525,0.02739558508619666
2350,0.028359604999423027,0.027402467355132104
2351,0.026626024395227432,0.027392586581408977
2352,0.026700418442487717,0.02738048018887639
2353,0.027158835902810097,0.027375124953687192
2354,0.025731325149536133,0.027355784755200147
2355,0.02616604045033455,0.027333570625633002
2356,0.027784844860434532,0.027332892548292874
2357,0.02888936549425125,0.02734769953414798
2358,0.026990003883838654,0.027343419063836336
2359,0.026413584128022194,0.027318517193198204
2360,0.026139749214053154,0.02730125157162547
2361,0.028069205582141876,0.027308506462723016
2362,0.026455216109752655,0.027304405812174082
2363,0.02777651883661747,0.027301814891397953
2364,0.027474191039800644,0.027305763848125934
2365,0.0254606194794178,0.02726971011608839
2366,0.025407971814274788,0.027243137415498494
2367,0.027797279879450798,0.027235043756663798
2368,0.027798138558864594,0.02723905872553587
2369,0.0267329141497612,0.027229797076433897
2370,0.028062794357538223,0.02723110580816865
2371,0.028959792107343674,0.027242378387600182
2372,0.027853697538375854,0.02724354648962617
2373,0.027200644835829735,0.02724217277020216
2374,0.027096446603536606,0.027241619043052195
2375,0.026805710047483444,0.02722445987164974
2376,0.026689067482948303,0.027211240492761135
2377,0.027030397206544876,0.027194613590836525
2378,0.026515107601881027,0.027189772650599478
2379,0.027473993599414825,0.02718430133536458
2380,0.02664104476571083,0.027170860543847083
2381,0.025815030559897423,0.02716701328754425
2382,0.026617083698511124,0.027148076221346854
2383,0.02744017168879509,0.027145855724811555
2384,0.02557985857129097,0.027116875387728213
2385,0.026111537590622902,0.02710817923769355
2386,0.02623036690056324,0.027094867490231992
2387,0.025969576090574265,0.02708509746938944
2388,0.027476271614432335,0.027096469569951296
2389,0.0264945849776268,0.02708279835060239
2390,0.026837266981601715,0.027078883592039346
2391,0.02618963085114956,0.027070088777691126
2392,0.02717738412320614,0.027077301517128945
2393,0.027845267206430435,0.027069043628871442
2394,0.02549802139401436,0.02704892499372363
2395,0.0264548622071743,0.02704922778531909
2396,0.026287542656064034,0.027036415133625268
2397,0.026752851903438568,0.02702352488413453
2398,0.026793763041496277,0.02701863719150424
2399,0.027254071086645126,0.027009074110537767
2400,0.02682374231517315,0.026998599525541067
2401,0.026619242504239082,0.026990065462887288
2402,0.026828689500689507,0.026987359430640935
2403,0.026268605142831802,0.02698219148442149
2404,0.02557317353785038,0.026957065593451263
2405,0.02768150344491005,0.026961554419249297
2406,0.027031291276216507,0.026971589867025615
2407,0.02615438401699066,0.02696612510830164
2408,0.026064906269311905,0.026963513810187578
2409,0.02721686288714409,0.026971352342516183
2410,0.025850411504507065,0.02696545349434018
2411,0.027326032519340515,0.02696403155103326
2412,0.02637910470366478,0.026962112430483104
2413,0.026133596897125244,0.026975316200405358
2414,0.02821965329349041,0.026985666267573833
2415,0.028831705451011658,0.026992510184645654
2416,0.026995480060577393,0.02698761474341154
2417,0.025622829794883728,0.02696644566953182
2418,0.027467235922813416,0.026966152936220168
2419,0.02620578184723854,0.02695393282920122
2420,0.026273366063833237,0.026945107243955137
2421,0.026294292882084846,0.026920616030693054
2422,0.02739674597978592,0.02691552761942148
2423,0.02698967419564724,0.02691766306757927
2424,0.026519037783145905,0.02690177012234926
2425,0.02552792802453041,0.02687600824981928
2426,0.02599845454096794,0.02687128636986017
2427,0.02666803076863289,0.026865528728812933
2428,0.02651665359735489,0.026867659781128168
2429,0.026663316413760185,0.026862343940883875
2430,0.027364125475287437,0.026862906031310557
2431,0.02704615890979767,0.026849983278661966
2432,0.02779700979590416,0.02685923771932721
2433,0.026787154376506805,0.02684571862220764
2434,0.02635941095650196,0.026849162373691796
2435,0.026116807013750076,0.026851122435182333
2436,0.0263806339353323,0.026837388407438992
2437,0.026739969849586487,0.0268267379142344
2438,0.02619367465376854,0.02682413103058934
2439,0.025964759290218353,0.026801076121628284
2440,0.026696957647800446,0.026795257218182086
2441,0.02582966908812523,0.02678006121888757
2442,0.027059439569711685,0.026790767665952443
2443,0.026885394006967545,0.026794822439551353
2444,0.025477584451436996,0.026781450547277926
2445,0.025751948356628418,0.026784695610404016
2446,0.024700036272406578,0.026761986277997495
2447,0.02773529849946499,0.02675873052328825
2448,0.02703423798084259,0.026781373377889394
2449,0.025013625621795654,0.026741613205522298
2450,0.027394913136959076,0.026731966286897658
2451,0.02716439589858055,0.02673735000193119
2452,0.026909342035651207,0.026739439237862827
2453,0.02647673711180687,0.026732618249952794
2454,0.026852041482925415,0.026743825413286685
2455,0.026006076484918594,0.026742225773632528
2456,0.026514656841754913,0.02672952389344573
2457,0.02653808332979679,0.026706011071801185
2458,0.026004791259765625,0.026696158945560454
2459,0.026155468076467514,0.026693577785044907
2460,0.02606932818889618,0.02669287357479334
2461,0.02625385858118534,0.026674720104783774
2462,0.02607204206287861,0.026670888364315033
2463,0.0266923476010561,0.02666004665195942
2464,0.02600334957242012,0.026645338237285612
2465,0.02555585652589798,0.026646290607750416
2466,0.02568022720515728,0.02664901316165924
2467,0.026067063212394714,0.02663171099498868
2468,0.025333326309919357,0.026607062872499226
2469,0.026485638692975044,0.026604590117931367
2470,0.02659430168569088,0.026589905191212893
2471,0.02681586518883705,0.026568465922027825
2472,0.026556488126516342,0.02655549382790923
2473,0.026257246732711792,0.02654605984687805
2474,0.025632452219724655,0.02653141990303993
2475,0.026694849133491516,0.026530311293900013
2476,0.026566237211227417,0.026529082991182805
2477,0.028275156393647194,0.026541530583053828
2478,0.02717450261116028,0.02654812453314662
2479,0.026263462379574776,0.02653601922094822
2480,0.024993978440761566,0.026519548557698728
2481,0.025655526667833328,0.026517953518778087
2482,0.025659775361418724,0.026508380435407163
2483,0.02687997743487358,0.026502778492867946
2484,0.025795824825763702,0.026504938155412675
2485,0.02545398846268654,0.026498362664133312
2486,0.026216696947813034,0.02649822596460581
2487,0.02603580802679062,0.026498888283967972
2488,0.026682516559958458,0.026490950733423235
2489,0.02705128863453865,0.026496517769992352
2490,0.026403481140732765,0.02649217991158366
2491,0.02541712485253811,0.026484454851597547
2492,0.0261236522346735,0.02647391753271222
2493,0.026070985943078995,0.026456174720078707
2494,0.02714533545076847,0.026472647860646247
2495,0.025400515645742416,0.026462104395031927
2496,0.02624085173010826,0.02646163748577237
2497,0.026867695152759552,0.02646278591826558
2498,0.027268316596746445,0.026467531453818083
2499,0.026777323335409164,0.026462763976305724
2500,0.026481563225388527,0.026459342185407877
2501,0.025955896824598312,0.026452708728611468
2502,0.025561004877090454,0.026440031882375477
2503,0.02741047739982605,0.02645145060494542
2504,0.02729295939207077,0.026468648463487624
2505,0.025210672989487648,0.0264439401589334
2506,0.025907443836331367,0.02643270168453455
2507,0.02693653106689453,0.026440523155033587
2508,0.026874521747231483,0.026448619309812783
2509,0.02616274729371071,0.026438078153878452
2510,0.026125095784664154,0.02644082499668002
2511,0.027772536501288414,0.0264452900364995
2512,0.02564368024468422,0.026437935791909693
2513,0.026269908994436264,0.026439298912882804
2514,0.0266330037266016,0.026423432417213916
2515,0.02535742148756981,0.026388689577579498
2516,0.025890789926052094,0.026377642676234245
2517,0.0262758806347847,0.026384173184633253
2518,0.02566593512892723,0.026366160176694395
2519,0.025237703695893288,0.026356479395180942
2520,0.024910343810915947,0.02634284917265177
2521,0.02618674375116825,0.026341773681342603
2522,0.025287892669439316,0.026320685148239136
2523,0.025466211140155792,0.026305450517684223
2524,0.02450690232217312,0.026285329163074495
2525,0.026179645210504532,0.026291846334934234
2526,0.02468292787671089,0.026278691068291664
2527,0.028006229549646378,0.0262920730561018
2528,0.024985987693071365,0.026276766397058962
2529,0.025313902646303177,0.026263272259384393
2530,0.02570081315934658,0.026246639136224985
2531,0.026638410985469818,0.026242561656981706
2532,0.024724453687667847,0.026211836095899343
2533,0.02602553740143776,0.02620421992614865
2534,0.025573749095201492,0.02619636330753565
2535,0.025260720402002335,0.026187802441418172
2536,0.02577025815844536,0.0261816986836493
2537,0.024736784398555756,0.026161666829138994
2538,0.025105495005846024,0.02615078503265977
2539,0.0250629223883152,0.026141766663640736
2540,0.026096679270267487,0.02613576387986541
2541,0.026424232870340347,0.02614170951768756
2542,0.02594500407576561,0.026130565162748098
2543,0.025197656825184822,0.026113687790930273
2544,0.02650360018014908,0.02612394794821739
2545,0.025601770728826523,0.026122446171939373
2546,0.02506072446703911,0.026126053053885698
2547,0.02728528156876564,0.026121552884578705
2548,0.026295941323041916,0.0261141699180007
2549,0.026154518127441406,0.026125578843057155
2550,0.025430168956518173,0.026105931401252745
2551,0.02622970938682556,0.026096584536135198
2552,0.026827041059732437,0.026095761526376007
2553,0.02575240656733513,0.026088518220931292
2554,0.02609659731388092,0.026080963779240848
2555,0.027040258049964905,0.02609130559489131
2556,0.02676163800060749,0.026093775406479836
2557,0.024954313412308693,0.026077937707304953
2558,0.02559627778828144,0.026073852572590112
2559,0.02583155781030655,0.026070613469928502
2560,0.025565728545188904,0.02606557747349143
2561,0.024796605110168457,0.02605100493878126
2562,0.025222696363925934,0.026042511481791736
2563,0.026227135211229324,0.02603785935789347
2564,0.026459550485014915,0.026042421367019414
2565,0.027091775089502335,0.02605778055265546
2566,0.02394835837185383,0.026040461864322424
2567,0.025234874337911606,0.026032139975577594
2568,0.025531155988574028,0.02603411827236414
2569,0.02551332861185074,0.026024395171552896
2570,0.025226794183254242,0.02601072009652853
2571,0.02569713070988655,0.025999532751739024
2572,0.02604062110185623,0.025994374081492425
2573,0.025182407349348068,0.025983625687658787
2574,0.02608189731836319,0.02598812013864517
2575,0.02675638720393181,0.025988735519349576
2576,0.02582007646560669,0.02598127391189337
2577,0.026542741805315018,0.025963949766010047
2578,0.026025336235761642,0.02595245810225606
2579,0.02707812190055847,0.025960604697465896
2580,0.025577563792467117,0.02596644055098295
2581,0.02626213990151882,0.025972506683319806
2582,0.025760311633348465,0.025973512046039104
2583,0.024598419666290283,0.02595069646835327
2584,0.025013724341988564,0.025942875463515522
2585,0.024447040632367134,0.025932805985212325
2586,0.027550870552659035,0.025946147721260786
2587,0.025048792362213135,0.02593627756461501
2588,0.026033030822873116,0.025929782707244158
2589,0.02575879730284214,0.025916857793927193
2590,0.026751913130283356,0.0259203421138227
2591,0.02581467293202877,0.025924317594617604
2592,0.024779783561825752,0.025910878907889127
2593,0.024912154302001,0.025899290591478347
2594,0.024662790820002556,0.025874465145170687
2595,0.02696496993303299,0.025890109688043596
2596,0.02623947337269783,0.02589009590446949
2597,0.025453750044107437,0.02587595645338297
2598,0.026111621409654617,0.025864389501512052
2599,0.02514760009944439,0.0258480922691524
2600,0.025185123085975647,0.025835127867758274
2601,0.024899326264858246,0.025824562162160874
2602,0.024971555918455124,0.02581866767257452
2603,0.025431860238313675,0.025798881500959395
2604,0.025010885670781136,0.0257760607637465
2605,0.02545781247317791,0.025778532158583403
2606,0.024710282683372498,0.025766560547053813
2607,0.02566005289554596,0.02575379576534033
2608,0.025372464209794998,0.025738775189965965
2609,0.02618454582989216,0.02573899317532778
2610,0.02643430419266224,0.025742085259407757
2611,0.02574969083070755,0.02572185680270195
2612,0.02635941654443741,0.025729014165699483
2613,0.02591049298644066,0.025725420005619525
2614,0.024421073496341705,0.025703300703316927
2615,0.024742012843489647,0.025697146616876124
2616,0.026099860668182373,0.02569923732429743
2617,0.024290770292282104,0.025679386220872402
2618,0.025912441313266754,0.025681851282715797
2619,0.025969475507736206,0.025689169000834226
2620,0.025014963001012802,0.025690215192735195
2621,0.02661723643541336,0.025694520119577645
2622,0.026514239609241486,0.025706783588975667
2623,0.025382546707987785,0.025705946944653987
2624,0.025666775181889534,0.02571754567325115
2625,0.02678295597434044,0.02572357878088951
2626,0.024371545761823654,0.02572046495974064
2627,0.02431068755686283,0.025683509539812802
2628,0.025679385289549828,0.025690443515777588
2629,0.025659358128905296,0.02569389807060361
2630,0.02504555508494377,0.02568734548985958
2631,0.026445835828781128,0.025685419738292695
2632,0.02513931319117546,0.02568956833332777
2633,0.02498437650501728,0.025679156724363564
2634,0.026165330782532692,0.025685072541236878
2635,0.025977110490202904,0.025692236442118883
2636,0.02509753778576851,0.025685509238392114
2637,0.02650897204875946,0.025703231114894153
2638,0.025542885065078735,0.025707605015486478
2639,0.025204740464687347,0.0257090231962502
2640,0.0244156327098608,0.025692212730646133
2641,0.025550315156579018,0.02568347355350852
2642,0.024874247610569,0.025672765988856552
2643,0.025089815258979797,0.025671687573194504
2644,0.02408902905881405,0.025647541861981153
2645,0.02630961313843727,0.025654620286077262
2646,0.024440947920084,0.02564842252060771
2647,0.02464931085705757,0.02562206281349063
2648,0.026414550840854645,0.025623248908668756
2649,0.025561220943927765,0.02561731593683362
2650,0.024863645434379578,0.025611650701612233
2651,0.024150079116225243,0.02559085439890623
2652,0.025285376235842705,0.025575437750667333
2653,0.024399111047387123,0.025561904795467855
2654,0.024699741974473,0.025547936242073774
2655,0.02512696199119091,0.025528803281486035
2656,0.025487447157502174,0.025516061373054982
2657,0.025790780782699585,0.02552442604675889
2658,0.0241391658782959,0.025509854927659035
2659,0.02461455576121807,0.02549768490716815
2660,0.024779079481959343,0.025489818416535855
2661,0.025500768795609474,0.025496860053390264
2662,0.02589038759469986,0.025503536965698004
2663,0.02483886480331421,0.025489654261618852
2664,0.024653468281030655,0.02547159343957901
2665,0.02432319149374962,0.025443907603621484
2666,0.02506672963500023,0.025455091316252947
2667,0.025206219404935837,0.02545480476692319
2668,0.026739059016108513,0.025466883797198536
2669,0.02547050081193447,0.02546645551919937
2670,0.024430550634860992,0.02545849308371544
2671,0.024754267185926437,0.025449064448475837
2672,0.024027815088629723,0.025428936388343572
2673,0.02647356688976288,0.025441847983747722
2674,0.02499350532889366,0.025430964063853024
2675,0.024802453815937042,0.025411424729973077
2676,0.025918779894709587,0.025412411764264106
2677,0.026133766397833824,0.025408322010189294
2678,0.025321373715996742,0.025401282384991647
2679,0.024490345269441605,0.025375404618680476
2680,0.025225993245840073,0.025371888913214208
2681,0.026122387498617172,0.02537049138918519
2682,0.02457359805703163,0.025358624253422023
2683,0.02486325055360794,0.025361272562295197
2684,0.02326035127043724,0.025343738831579685
2685,0.024560069665312767,0.02534486912190914
2686,0.025231992825865746,0.025321680344641207
2687,0.025622934103012085,0.025327421762049197
2688,0.02483612298965454,0.025315452683717012
2689,0.025656891986727715,0.02531443363055587
2690,0.026036525145173073,0.025307279750704764
2691,0.023758316412568092,0.02528671618551016
2692,0.02490423619747162,0.025287960711866616
2693,0.02363954484462738,0.02527523461729288
2694,0.02542983554303646,0.02528290506452322
2695,0.026268670335412025,0.02527594206854701
2696,0.024995459243655205,0.025263501927256585
2697,0.024444635957479477,0.025253410786390304
2698,0.023242752999067307,0.025224722102284432
2699,0.02537725120782852,0.025227018613368273
2700,0.0249191727489233,0.02522435910999775
2701,0.024189189076423645,0.025217257738113404
2702,0.0230218768119812,0.025197760947048665
2703,0.024334102869033813,0.025186783373355864
2704,0.025893915444612503,0.02519561367109418
2705,0.025366459041833878,0.02519470013678074
2706,0.024597030133008957,0.025193567611277102
2707,0.024506742134690285,0.025182034503668547
2708,0.026408936828374863,0.025192399229854345
2709,0.02523076720535755,0.025182861443608998
2710,0.025097914040088654,0.025169497542083263
2711,0.02620640955865383,0.025174064729362726
2712,0.025300011038780212,0.025163470674306153
2713,0.024573955684900284,0.025150105301290752
2714,0.024940911680459976,0.025155303683131933
2715,0.026771925389766693,0.025175602808594703
2716,0.023306366056203842,0.02514766786247492
2717,0.025282304733991623,0.025157583206892015
2718,0.024877648800611496,0.025147235281765462
2719,0.025857893750071526,0.025146119464188814
2720,0.024389348924160004,0.025139863323420285
2721,0.02509097382426262,0.025124600697308777
2722,0.02433295175433159,0.02510278781875968
2723,0.024827349931001663,0.02509723585098982
2724,0.02501983381807804,0.025090766437351704
2725,0.02369595319032669,0.025059896409511565
2726,0.024800121784210205,0.02506418216973543
2727,0.024866588413715363,0.025069741178303958
2728,0.024875253438949585,0.025061699859797955
2729,0.02465173415839672,0.025051623620092868
2730,0.02432400733232498,0.02504440814256668
2731,0.024251505732536316,0.025022464841604232
2732,0.025132499635219574,0.025022396706044673
2733,0.024852771311998367,0.025021080654114486
2734,0.024372994899749756,0.025003157295286654
2735,0.02406555972993374,0.024984041787683965
2736,0.024914182722568512,0.024982208237051964
2737,0.025059737265110016,0.02496771588921547
2738,0.02461717277765274,0.02495845876634121
2739,0.02514711394906044,0.02495788250118494
2740,0.024158354848623276,0.024955309722572566
2741,0.024976221844553947,0.024949568789452314
2742,0.024228645488619804,0.02494311276823282
2743,0.02564145252108574,0.02494862914085388
2744,0.024227961897850037,0.02495001846924424
2745,0.02635451778769493,0.02495046751573682
2746,0.0264640673995018,0.024970698710530995
2747,0.024551283568143845,0.02496971843764186
2748,0.024563413113355637,0.024951207060366867
2749,0.02563675493001938,0.024951962400227786
2750,0.02334360033273697,0.02493676194921136
2751,0.0239337719976902,0.02493459887802601
2752,0.024561475962400436,0.024927359875291585
2753,0.024492967873811722,0.024928298443555832
2754,0.02370486408472061,0.024918349664658307
2755,0.024932345375418663,0.024916403498500585
2756,0.024805253371596336,0.024909581560641526
2757,0.024118343368172646,0.024892857186496257
2758,0.02451629564166069,0.024896628484129907
2759,0.0226239413022995,0.02487672233954072
2760,0.024609114974737167,0.024875022694468497
2761,0.02385411597788334,0.024858556166291238
2762,0.023637961596250534,0.024836031906306743
2763,0.024490438401699066,0.024832547642290592
2764,0.024330604821443558,0.024829319007694722
2765,0.023876367136836052,0.024824850764125585
2766,0.024259714409708977,0.024816780611872674
2767,0.024821721017360687,0.024812935627996923
2768,0.02682943269610405,0.024813839364796877
2769,0.02377409115433693,0.0247968752682209
2770,0.024032756686210632,0.0247928973287344
2771,0.024848155677318573,0.02479383621364832
2772,0.02573474869132042,0.024810905549675227
2773,0.024199772626161575,0.024788167607039214
2774,0.026067528873682022,0.024798907842487096
2775,0.023948850110173225,0.024790371805429458
2776,0.024804743006825447,0.024779231436550617
2777,0.02480543777346611,0.02476594815030694
2778,0.025128666311502457,0.024764021076261997
2779,0.02519606612622738,0.024771078284829856
2780,0.02511589601635933,0.02476997731253505
2781,0.024396635591983795,0.024752719793468714
2782,0.024158068001270294,0.0247485644929111
2783,0.025287702679634094,0.024752809014171363
2784,0.023841608315706253,0.024758621584624052
2785,0.02416320890188217,0.024754652976989745
2786,0.025871045887470245,0.02476104350760579
2787,0.02553347498178482,0.02476014891639352
2788,0.024529924616217613,0.02475708693265915
2789,0.02465321496129036,0.024747050162404777
2790,0.02490043267607689,0.024735689237713812
2791,0.024956123903393745,0.02474766731262207
2792,0.02429729513823986,0.024741597902029754
2793,0.024782773107290268,0.024753030184656383
2794,0.025698352605104446,0.024755715355277062
2795,0.0249977745115757,0.0247430063970387
2796,0.02439163252711296,0.024736968129873277
2797,0.025793347507715225,0.024750455245375634
2798,0.024668585509061813,0.024764713570475577
2799,0.0250069759786129,0.024761010818183424
2800,0.024742532521486282,0.024759244415909053
2801,0.02280951663851738,0.02474544769152999
2802,0.024344202131032944,0.024758670944720507
2803,0.0244922935962677,0.024760252851992844
2804,0.024062855169177055,0.02474194224923849
2805,0.025433659553527832,0.024742614254355432
2806,0.024814199656248093,0.024744785949587823
2807,0.024867888540029526,0.024748397413641213
2808,0.023161116987466812,0.024715919215232134
2809,0.02555277571082115,0.02471913930028677
2810,0.02479773573577404,0.024716137517243622
2811,0.02473522536456585,0.024701425675302743
2812,0.024280671030282974,0.024691232275217773
2813,0.023801056668162346,0.024683503285050392
2814,0.024586308747529984,0.024679957255721093
2815,0.025778574869036674,0.024670023750513793
2816,0.02463405579328537,0.02468330064788461
2817,0.024225162342190742,0.0246727292239666
2818,0.02378241717815399,0.024661776907742024
2819,0.024927781894803047,0.02465247578918934
2820,0.02368185482919216,0.02464540084823966
2821,0.025936126708984375,0.02465385237708688
2822,0.025559963658452034,0.02466612249612808
2823,0.023677732795476913,0.024654626324772836
2824,0.024959592148661613,0.024654023908078672
2825,0.02385532669723034,0.024655617643147706
2826,0.02485753409564495,0.024656191766262055
2827,0.02426101267337799,0.02465013600885868
2828,0.02475390024483204,0.024648922476917506
2829,0.024967171251773834,0.024652076847851277
2830,0.02418205514550209,0.02465065732598305
2831,0.02392573095858097,0.024647399578243495
2832,0.0248445775359869,0.024644520357251166
2833,0.02277357131242752,0.02462372835725546
2834,0.024503812193870544,0.024625036530196667
2835,0.024890435859560966,0.02463328529149294
2836,0.024920836091041565,0.02463335182517767
2837,0.026349488645792007,0.02464624933898449
2838,0.024076640605926514,0.024640844017267228
2839,0.0235684122890234,0.024625057000666858
2840,0.02462811768054962,0.02462975462898612
2841,0.024380676448345184,0.024623799175024032
2842,0.025493189692497253,0.024636444617062807
2843,0.023438051342964172,0.024614410605281592
2844,0.024653738364577293,0.024618668369948863
2845,0.024212077260017395,0.02459724396467209
2846,0.023742619901895523,0.024570029489696027
2847,0.024603987112641335,0.024570556525141
2848,0.024699445813894272,0.024571916852146387
2849,0.023954644799232483,0.02455509575083852
2850,0.024483829736709595,0.024566498044878246
2851,0.024456996470689774,0.02457173028960824
2852,0.023065946996212006,0.024556774999946355
2853,0.023721953853964806,0.024549064859747886
2854,0.024269120767712593,0.024554707426577806
2855,0.02325872704386711,0.02453797124326229
2856,0.023462148383259773,0.024524540193378925
2857,0.024359412491321564,0.024526950884610415
2858,0.025075122714042664,0.024532539155334234
2859,0.02476462349295616,0.0245539459772408
2860,0.025460992008447647,0.024562464747577905
2861,0.02446882054209709,0.024568611793220042
2862,0.023816240951418877,0.024570394586771727
2863,0.025296447798609734,0.024578454680740835
2864,0.0246898140758276,0.024582046773284672
2865,0.025157127529382706,0.02459485437721014
2866,0.024133440107107162,0.024593591634184123
2867,0.023926615715026855,0.024584640581160784
2868,0.02417105995118618,0.024558056853711607
2869,0.023822590708732605,0.02455854184925556
2870,0.022833790630102158,0.024546552188694476
2871,0.024254348129034042,0.024540614113211633
2872,0.023898469284176826,0.024522251319140195
2873,0.023283690214157104,0.02451309049502015
2874,0.02424147166311741,0.024494829922914504
2875,0.02403920888900757,0.024495733510702847
2876,0.024631261825561523,0.02449399869889021
2877,0.02562662772834301,0.02450221059843898
2878,0.023431995883584023,0.024485243894159795
2879,0.02288861572742462,0.024462169390171765
2880,0.023987550288438797,0.02445088593289256
2881,0.025168094784021378,0.024458600524812937
2882,0.023605896160006523,0.0244530788064003
2883,0.023796262219548225,0.02443816440179944
2884,0.024671735242009163,0.02444646567106247
2885,0.024920644238591194,0.02445404002442956
2886,0.0250802431255579,0.024446131996810436
2887,0.023483384400606155,0.02442563109099865
2888,0.024062074720859528,0.02442095259204507
2889,0.023649828508496284,0.024410918727517127
2890,0.02318555861711502,0.024393769986927508
2891,0.024150799959897995,0.024385716747492552
2892,0.023476220667362213,0.024377506002783777
2893,0.02309272810816765,0.02436060555279255
2894,0.023769909515976906,0.024341321121901273
2895,0.024020064622163773,0.024331544023007155
2896,0.023568730801343918,0.024323315005749465
2897,0.02478047087788582,0.02431318623945117
2898,0.022862041369080544,0.024295120798051358
2899,0.025265634059906006,0.02429770737886429
2900,0.022692272439599037,0.024277204778045416
2901,0.023426372557878494,0.024283373337239025
2902,0.023725289851427078,0.024277184214442967
2903,0.02318654954433441,0.024264126773923634
2904,0.023362621665000916,0.024257124438881873
2905,0.022535603493452072,0.024228143878281115
2906,0.023841995745897293,0.02421842183917761
2907,0.024752847850322723,0.02421727143228054
2908,0.023685283958911896,0.02422251310199499
2909,0.023767810314893723,0.024204663448035717
2910,0.022689934819936752,0.024183585438877345
2911,0.0239772479981184,0.02417600566521287
2912,0.02355809509754181,0.02416877990588546
2913,0.023299314081668854,0.02416376248002052
2914,0.0240103118121624,0.024158002510666847
2915,0.022651217877864838,0.02412672894075513
2916,0.023707574233412743,0.024117464125156404
2917,0.023903103545308113,0.024114243537187576
2918,0.02336682565510273,0.024110087621957065
2919,0.024329453706741333,0.024104104340076447
2920,0.02319587767124176,0.024099244568496943
2921,0.02355346828699112,0.02407541798427701
2922,0.02497931942343712,0.024069611541926862
2923,0.023251933977007866,0.02406535355374217
2924,0.022408045828342438,0.02403983809053898
2925,0.023692823946475983,0.024038213063031433
2926,0.024503665044903755,0.024034674372524024
2927,0.02455700747668743,0.024037634320557118
2928,0.023452814668416977,0.024024623464792966
2929,0.0243830643594265,0.024018782395869492
2930,0.024041876196861267,0.024017380606383084
2931,0.0236954502761364,0.02401507779955864
2932,0.024196932092308998,0.02400860134512186
2933,0.02296418882906437,0.02401050752028823
2934,0.0237903892993927,0.02400337329134345
2935,0.023788930848240852,0.02399235824123025
2936,0.02351006120443344,0.02397825049236417
2937,0.02432129718363285,0.023957968577742576
2938,0.023031894117593765,0.02394752111285925
2939,0.023911142721772194,0.023950948417186736
2940,0.023176737129688263,0.023936434611678124
2941,0.02477477677166462,0.023940375614911316
2942,0.022551078349351883,0.023910954501479863
2943,0.022303011268377304,0.023899604100733995
2944,0.02335890382528305,0.023886655755341053
2945,0.023858146741986275,0.02388311645016074
2946,0.023854516446590424,0.02388423541560769
2947,0.02280537411570549,0.02386624928563833
2948,0.022729571908712387,0.023846550546586513
2949,0.02414073422551155,0.023848411440849305
2950,0.02379021793603897,0.023841475322842597
2951,0.02242673933506012,0.023821172751486302
2952,0.02345193177461624,0.023825032599270345
2953,0.02387230284512043,0.0238265360891819
2954,0.022703181952238083,0.023810876701027155
2955,0.025164641439914703,0.023829935844987632
2956,0.022755371406674385,0.023822868075221777
2957,0.025747820734977722,0.023836752157658337
2958,0.02431037276983261,0.02382910465821624
2959,0.023326188325881958,0.023814720306545495
2960,0.024189937859773636,0.023802009765058755
2961,0.02414318174123764,0.02379875337705016
2962,0.02454819716513157,0.023806072939187288
2963,0.024663791060447693,0.023799746371805666
2964,0.02295936644077301,0.02378244189545512
2965,0.023663006722927094,0.023767500687390565
2966,0.023809045553207397,0.023764256741851567
2967,0.024127859622240067,0.0237662691809237
2968,0.024590574204921722,0.023770464323461055
2969,0.024989888072013855,0.02378213729709387
2970,0.023866774514317513,0.02379246713593602
2971,0.022802390158176422,0.023777947556227447
2972,0.022616857662796974,0.023765131440013645
2973,0.023815464228391647,0.023770449180155993
2974,0.023713279515504837,0.023765167258679866
2975,0.02204432524740696,0.02374521842226386
2976,0.023015659302473068,0.023729062397032975
2977,0.0240126084536314,0.02371292220428586
2978,0.02328570745885372,0.023711459320038555
2979,0.023935874924063683,0.02372193191200495
2980,0.023537959903478622,0.023717436008155346
2981,0.024098554626107216,0.023706740606576203
2982,0.023761793971061707,0.023708299584686756
2983,0.023485220968723297,0.023705189172178506
2984,0.023566313087940216,0.023694134950637817
2985,0.02302604541182518,0.023675188962370156
2986,0.023800360038876534,0.023662390131503345
2987,0.021969474852085114,0.023647251036018134
2988,0.024390539154410362,0.023650535680353642
2989,0.024700794368982315,0.023661045338958502
2990,0.02383207157254219,0.023667510468512773
2991,0.0220298171043396,0.02364630063995719
2992,0.023689664900302887,0.023648435082286597
2993,0.023521268740296364,0.023652720488607882
2994,0.02441510558128357,0.02365917244926095
2995,0.02307286486029625,0.023649700451642275
2996,0.02357381582260132,0.02364975130185485
2997,0.02440023235976696,0.02364594891667366
2998,0.02391509711742401,0.023656479474157097
2999,0.02330421842634678,0.0236368653178215
3000,0.024140581488609314,0.023651348408311606
3001,0.023961933329701424,0.023656704016029834
3002,0.02432803064584732,0.023662731423974036
3003,0.023209288716316223,0.023662958815693854
3004,0.0234871506690979,0.023664204105734825
3005,0.022711537778377533,0.02366596344858408
3006,0.023793339729309082,0.023665476888418198
3007,0.023554110899567604,0.023653489518910647
3008,0.02299133874475956,0.023646550066769124
3009,0.023247450590133667,0.023641346469521523
3010,0.023358892649412155,0.023648036047816276
3011,0.023684881627559662,0.02364511238411069
3012,0.02355380728840828,0.023645069506019353
3013,0.02307754009962082,0.023642851766198875
3014,0.02285100147128105,0.02363125866279006
3015,0.024026015773415565,0.023645006641745566
3016,0.024332674220204353,0.023651257641613483
3017,0.023213114589452744,0.02364435775205493
3018,0.022861942648887634,0.02363930892199278
3019,0.024713341146707535,0.02364314779639244
3020,0.02325005829334259,0.023643689602613448
3021,0.02313964068889618,0.0236395513266325
3022,0.023606011644005775,0.023625818248838186
3023,0.023863915354013443,0.023631938062608243
3024,0.0247104000300169,0.023654961604624988
3025,0.023124005645513535,0.023649273421615363
3026,0.02381199225783348,0.02364235669374466
3027,0.022650914266705513,0.02362329576164484
3028,0.02341490052640438,0.023622916620224713
3029,0.023635027930140495,0.023615436255931856
3030,0.0233754925429821,0.023608772419393062
3031,0.022809438407421112,0.02359991230070591
3032,0.023971514776349068,0.02359765812754631
3033,0.024029437452554703,0.023608310613781214
3034,0.02287934720516205,0.02359920019283891
3035,0.023481804877519608,0.023596128933131694
3036,0.02354411408305168,0.023596469461917877
3037,0.024055134505033493,0.023593807835131885
3038,0.024297161027789116,0.023606460504233838
3039,0.021543940529227257,0.023582788482308388
3040,0.022640693932771683,0.023577428050339223
3041,0.023653175681829453,0.02356621203944087
3042,0.022134866565465927,0.02356204992160201
3043,0.02333194762468338,0.02357233928516507
3044,0.023340895771980286,0.023572159204632043
3045,0.023834744468331337,0.023571925181895496
3046,0.021988190710544586,0.023553261924535038
3047,0.022451579570770264,0.023549723979085682
3048,0.023081760853528976,0.02355324586853385
3049,0.0236029215157032,0.023547867741435767
3050,0.023746665567159653,0.023547432217746973
3051,0.02331719920039177,0.02355633681640029
3052,0.02333751879632473,0.023555192686617373
3053,0.02224757894873619,0.02353894544765353
3054,0.023992547765374184,0.023551839105784893
3055,0.022987451404333115,0.023530067205429078
3056,0.022894231602549553,0.02353145580738783
3057,0.024598203599452972,0.02351995963603258
3058,0.024738777428865433,0.02352424368262291
3059,0.02306544966995716,0.02352163629606366
3060,0.023361429572105408,0.02351335121318698
3061,0.024703651666641235,0.023518955912441016
3062,0.022822432219982147,0.02350169826298952
3063,0.023792676627635956,0.023492987118661404
3064,0.023400695994496346,0.023497400414198635
3065,0.02406400814652443,0.02350141042843461
3066,0.0227200947701931,0.02349052092060447
3067,0.023260915651917458,0.02348185148090124
3068,0.02268187329173088,0.023462764471769332
3069,0.022862277925014496,0.02344148837029934
3070,0.023746080696582794,0.02344028143212199
3071,0.023166874423623085,0.02344392627477646
3072,0.022523924708366394,0.023442996945232154
3073,0.022984720766544342,0.02343468951061368
3074,0.023932449519634247,0.023436881210654972
3075,0.023579219356179237,0.023452230151742696
3076,0.02300243452191353,0.0234520979039371
3077,0.023377500474452972,0.023445746824145318
3078,0.023076936602592468,0.023443659115582705
3079,0.024106476455926895,0.023445365130901338
3080,0.02247433178126812,0.02343472884967923
3081,0.02379535883665085,0.02343169689178467
3082,0.023454777896404266,0.023428626731038092
3083,0.02268204838037491,0.02342059500515461
3084,0.02212977409362793,0.023406229615211487
3085,0.02319696918129921,0.023407938852906228
3086,0.0223099198192358,0.02339303445070982
3087,0.02352115884423256,0.023408551290631293
3088,0.02260364219546318,0.02339068232104182
3089,0.023679466918110847,0.023380469046533108
3090,0.02298593521118164,0.023372007682919502
3091,0.02362782694399357,0.023387987781316042
3092,0.023080840706825256,0.023381899539381266
3093,0.022370075806975365,0.023370387610048057
3094,0.02419947274029255,0.023368231281638147
3095,0.021636314690113068,0.023353865779936315
3096,0.023206384852528572,0.023350191470235586
3097,0.02435600943863392,0.023349749241024256
3098,0.02251480333507061,0.023335746303200722
3099,0.023598497733473778,0.023338689096271993
3100,0.02320755086839199,0.02332935879006982
3101,0.02303837239742279,0.023320123180747034
3102,0.024002598598599434,0.023316868860274554
3103,0.022432027384638786,0.02330909624695778
3104,0.023259064182639122,0.023306815382093192
3105,0.022084657102823257,0.023300546575337647
3106,0.02274400368332863,0.023290053214877843
3107,0.023950831964612007,0.02329402042552829
3108,0.023367952555418015,0.023297786563634872
3109,0.02475624904036522,0.02331287454813719
3110,0.022624880075454712,0.023305534422397613
3111,0.022949837148189545,0.02329818397760391
3112,0.022728493437170982,0.02328993083909154
3113,0.024394556879997253,0.023303101006895303
3114,0.023039810359477997,0.023304989095777273
3115,0.022563936188817024,0.023290368299931287
3116,0.02289554663002491,0.023275997024029493
3117,0.0222454946488142,0.02326632082462311
3118,0.021530063822865486,0.023253002036362887
3119,0.02493724226951599,0.023255241047590972
3120,0.023596756160259247,0.023258708026260136
3121,0.024144070222973824,0.023268752321600913
3122,0.023538250476121902,0.023268074709922076
3123,0.023565765470266342,0.023265093211084605
3124,0.023330610245466232,0.023251295313239096
3125,0.023252788931131363,0.023252583146095275
3126,0.02303653210401535,0.023244828544557096
3127,0.022445347160100937,0.02324277287349105
3128,0.02175857499241829,0.023226209618151188
3129,0.022327624261379242,0.023213135581463575
3130,0.024265848100185394,0.02322203913703561
3131,0.024325590580701828,0.023237200658768414
3132,0.021869929507374763,0.023216184806078673
3133,0.02335338294506073,0.023209424261003732
3134,0.02257388085126877,0.0232063695974648
3135,0.02171909250319004,0.023188742473721505
3136,0.023008400574326515,0.023183385338634253
3137,0.023146867752075195,0.02317430267110467
3138,0.022895492613315582,0.023160285986959933
3139,0.02257407084107399,0.0231705872900784
3140,0.02371210791170597,0.023181301429867743
3141,0.021431460976600647,0.023159084282815455
3142,0.023309025913476944,0.023170825876295566
3143,0.022657182067632675,0.02316407822072506
3144,0.023780841380357742,0.023168477676808834
3145,0.022288959473371506,0.023153019826859234
3146,0.02282823994755745,0.023161420319229364
3147,0.02257954515516758,0.023162699975073336
3148,0.022420469671487808,0.023156087063252926
3149,0.022538769990205765,0.023145445547997953
3150,0.021811414510011673,0.023126093037426472
3151,0.02252243086695671,0.02311814535409212
3152,0.023630188778042793,0.0231210720539093
3153,0.022706711664795876,0.0231256633810699
3154,0.022136559709906578,0.023107103500515223
3155,0.022258292883634567,0.023099811915308237
3156,0.02328876592218876,0.02310375725850463
3157,0.02262556180357933,0.023084030840545892
3158,0.02261137217283249,0.023062756787985562
3159,0.021848734468221664,0.02305058963596821
3160,0.022569507360458374,0.02304267041385174
3161,0.023018084466457367,0.0230258147418499
3162,0.02331671491265297,0.023030757568776608
3163,0.02222905308008194,0.023015121333301067
3164,0.021283920854330063,0.022993953581899405
3165,0.02206582948565483,0.022973971795290708
3166,0.023571334779262543,0.022982484195381403
3167,0.022250954061746597,0.022972384579479695
3168,0.02285754680633545,0.02297414131462574
3169,0.023097768425941467,0.02297649621963501
3170,0.02296755649149418,0.022968710977584125
3171,0.022335544228553772,0.02296039767563343
3172,0.02252984046936035,0.02296045683324337
3173,0.022488759830594063,0.022955497223883868
3174,0.02169206738471985,0.022933093402534722
3175,0.022261925041675568,0.022919920459389686
3176,0.022787954658269882,0.02291777566075325
3177,0.023706777021288872,0.02292106842622161
3178,0.022116437554359436,0.022911463435739278
3179,0.022668512538075447,0.022897083796560764
3180,0.023498129099607468,0.02290732176974416
3181,0.0224404726177454,0.022893772907555104
3182,0.02247769385576248,0.022884002067148686
3183,0.022154541686177254,0.022878727000206708
3184,0.022737693041563034,0.02288480618968606
3185,0.022694328799843788,0.022879779785871506
3186,0.023337028920650482,0.022890050876885653
3187,0.022444777190685272,0.02287928706035018
3188,0.02387319505214691,0.022891982588917018
3189,0.021741941571235657,0.022872607335448266
3190,0.0239519402384758,0.022882267385721206
3191,0.022767528891563416,0.022873664405196906
3192,0.023319095373153687,0.02287604695186019
3193,0.021397756412625313,0.02286632375791669
3194,0.021165385842323303,0.022835982888936998
3195,0.022894572466611862,0.022848565466701984
3196,0.02350796014070511,0.02285158121958375
3197,0.021965622901916504,0.022827677354216577
3198,0.022527776658535004,0.02282780708745122
3199,0.021884646266698837,0.02281066857278347
3200,0.02296287566423416,0.02280822182074189
3201,0.021866032853722572,0.02279649842530489
3202,0.022084183990955353,0.02277731427922845
3203,0.022942468523979187,0.022782418690621854
3204,0.02230294980108738,0.022772857546806337
3205,0.02213798649609089,0.02277339084073901
3206,0.021833296865224838,0.022764283772557972
3207,0.023559382185339928,0.022760369274765255
3208,0.022387832403182983,0.022750568073242904
3209,0.02241029590368271,0.022727108541876078
3210,0.024326201528310776,0.02274412175640464
3211,0.02377854287624359,0.02275240881368518
3212,0.02230224572122097,0.02274814633652568
3213,0.023221328854560852,0.022736414056271314
3214,0.022778566926717758,0.022733801621943713
3215,0.022725220769643784,0.02273541446775198
3216,0.022835297510027885,0.02273481197655201
3217,0.022756481543183327,0.0227399218454957
3218,0.023035909980535507,0.0227549803070724
3219,0.022381383925676346,0.022729421723634003
3220,0.02235608547925949,0.022717015016824008
3221,0.022111549973487854,0.02269668981432915
3222,0.023239925503730774,0.022693706564605235
3223,0.021552732214331627,0.02267357623204589
3224,0.022008217871189117,0.022660352308303117
3225,0.022584669291973114,0.022653671111911536
3226,0.02213478833436966,0.022644653674215077
3227,0.023603104054927826,0.022656231243163346
3228,0.023348741233348846,0.022672132905572653
3229,0.022325851023197174,0.022672115173190833
3230,0.02327229455113411,0.02266217963770032
3231,0.02198862098157406,0.02263880994170904
3232,0.023211363703012466,0.02265222428366542
3233,0.022639870643615723,0.02264508916065097
3234,0.02346809208393097,0.02265403127297759
3235,0.021812014281749725,0.02265496049076319
3236,0.022642122581601143,0.022651297710835933
3237,0.022908540442585945,0.02264891443774104
3238,0.022815130650997162,0.022648110818117857
3239,0.022861719131469727,0.022650987301021816
3240,0.022564716637134552,0.0226395133882761
3241,0.022248525172472,0.022647684030234812
3242,0.021596135571599007,0.022630555126816033
3243,0.023009292781352997,0.022634076233953238
3244,0.022798866033554077,0.022624256480485203
3245,0.02290772646665573,0.022630444150418042
3246,0.02196529507637024,0.02262181470170617
3247,0.021407820284366608,0.022610097452998162
3248,0.02007102221250534,0.022586602978408338
3249,0.023032773286104202,0.022591543011367322
3250,0.020909802988171577,0.02258252689614892
3251,0.022586315870285034,0.0225831657461822
3252,0.02171614021062851,0.02256402526050806
3253,0.02127719298005104,0.022549730073660613
3254,0.022836238145828247,0.022556726858019828
3255,0.022685350850224495,0.022560997437685727
3256,0.0216046255081892,0.02254415603354573
3257,0.022170085459947586,0.022539601270109413
3258,0.02339511550962925,0.022547438703477383
3259,0.02138996310532093,0.022542850989848377
3260,0.021726464852690697,0.0225344205647707
3261,0.021479032933712006,0.022519030049443244
3262,0.021430164575576782,0.022500164546072482
3263,0.021776052191853523,0.0224956345371902
3264,0.02172606624662876,0.022500055991113186
3265,0.02367420494556427,0.02251613974571228
3266,0.023655422031879425,0.02251698061823845
3267,0.021969258785247803,0.02251416366547346
3268,0.02081359177827835,0.02249372411519289
3269,0.022065212950110435,0.02248339856043458
3270,0.02198098599910736,0.022473532855510712
3271,0.023160794749855995,0.022481785360723733
3272,0.022323787212371826,0.022479724828153847
3273,0.023715093731880188,0.02249198816716671
3274,0.022543296217918396,0.022500500455498694
3275,0.023022200912237167,0.022508103214204312
3276,0.021573787555098534,0.0224959615431726
3277,0.02200745791196823,0.022478968352079392
3278,0.02261064574122429,0.02248391043394804
3279,0.02197658270597458,0.022476991135627032
3280,0.023090524598956108,0.022472915090620518
3281,0.02232234552502632,0.022471733819693328
3282,0.02202380821108818,0.022467194963246583
3283,0.02285204641520977,0.02247417001053691
3284,0.02292909100651741,0.022476083990186455
3285,0.022598952054977417,0.02247513022273779
3286,0.022595636546611786,0.022467716298997402
3287,0.019997628405690193,0.022443244811147452
3288,0.022873301059007645,0.02243324587121606
3289,0.022196166217327118,0.022437788117676973
3290,0.022633057087659836,0.022424599286168814
3291,0.023263823240995407,0.022429562229663132
3292,0.021320387721061707,0.022409575153142215
3293,0.02237037941813469,0.022419301383197306
3294,0.022209323942661285,0.02242974076420069
3295,0.021646225824952126,0.02241725729778409
3296,0.02250365912914276,0.022407214287668467
3297,0.021541044116020203,0.022402968499809505
3298,0.021999003365635872,0.022397680766880514
3299,0.021851923316717148,0.022397353537380694
3300,0.02185935340821743,0.02238631831482053
3301,0.02186347171664238,0.022386292703449728
3302,0.022631073370575905,0.022391761597245933
3303,0.02270059660077095,0.02238934287801385
3304,0.022350847721099854,0.022389821857213974
3305,0.02297065034508705,0.022398148495703936
3306,0.022425493225455284,0.02240407045930624
3307,0.022558461874723434,0.022394061256200075
3308,0.022465743124485016,0.022394840363413094
3309,0.022077487781643867,0.022391512282192706
3310,0.022549211978912354,0.022373742386698724
3311,0.022056708112359047,0.022356524039059876
3312,0.022968128323554993,0.02236318286508322
3313,0.023018911480903625,0.022361158691346646
3314,0.02356373518705368,0.022369010373950005
3315,0.02224259078502655,0.022364184074103833
3316,0.02213781140744686,0.022357209213078023
3317,0.021764667704701424,0.0223472910746932
3318,0.022743389010429382,0.022344365864992142
3319,0.02288818359375,0.022349433861672877
3320,0.022900661453604698,0.02235487962141633
3321,0.0210958793759346,0.022344722915440797
3322,0.021220840513706207,0.022324532065540553
3323,0.02325940690934658,0.0223415988124907
3324,0.020934898406267166,0.02233086561784148
3325,0.022389430552721024,0.02232891323044896
3326,0.021936709061264992,0.022326932437717915
3327,0.022792447358369827,0.022318825870752335
3328,0.022198814898729324,0.022307326607406138
3329,0.021496068686246872,0.022299028784036636
3330,0.0221855491399765,0.02228816132992506
3331,0.023811394348740578,0.022306389063596724
3332,0.021742718294262886,0.02229170260950923
3333,0.022407207638025284,0.022289375979453324
3334,0.020951062440872192,0.022264205683022738
3335,0.023397553712129593,0.022280061077326538
3336,0.02183220535516739,0.0222719619050622
3337,0.021957289427518845,0.022262449394911527
3338,0.021853981539607048,0.022252837903797628
3339,0.02202252671122551,0.022244445979595184
3340,0.02267252840101719,0.02224552409723401
3341,0.02187848463654518,0.022241823691874742
3342,0.021416179835796356,0.022240024134516714
3343,0.021386591717600822,0.022223797123879195
3344,0.0221576951444149,0.022217385414987804
3345,0.021634362637996674,0.022204651776701213
3346,0.02201799489557743,0.022205178774893284
3347,0.02155207097530365,0.022206621281802653
3348,0.021377205848693848,0.022219683118164538
3349,0.021443825215101242,0.02220379363745451
3350,0.02231324464082718,0.022217828053981065
3351,0.022550731897354126,0.022217472214251757
3352,0.022152388468384743,0.02222183469682932
3353,0.022409308701753616,0.022233155854046345
3354,0.023169182240962982,0.022236485294997693
3355,0.022327372804284096,0.022232905514538288
3356,0.022858116775751114,0.02224544042721391
3357,0.021718865260481834,0.02224092822521925
3358,0.022320853546261787,0.022230185605585574
3359,0.021385587751865387,0.02223014185205102
3360,0.022113513201475143,0.022234012335538865
3361,0.022526133805513382,0.02224448334425688
3362,0.021551867946982384,0.022245700377970933
3363,0.020835356786847115,0.02223629342392087
3364,0.021921705454587936,0.022238249816000463
3365,0.021056178957223892,0.022212069556117056
3366,0.02329069748520851,0.022208422310650348
3367,0.02206381782889366,0.022209367901086807
3368,0.022166896611452103,0.022222900949418544
3369,0.022811895236372948,0.02223036777228117
3370,0.0228105615824461,0.022238663528114558
3371,0.021583713591098785,0.022222892716526985
3372,0.022061116993427277,0.02222026601433754
3373,0.02150668390095234,0.02219818191602826
3374,0.020944509655237198,0.02218219405040145
3375,0.02159774675965309,0.022167949508875608
3376,0.02057095617055893,0.02215792119503021
3377,0.020715883001685143,0.02214500544592738
3378,0.02099880576133728,0.02212888704612851
3379,0.02042471244931221,0.02211336834356189
3380,0.0209236778318882,0.02209169987589121
3381,0.021944008767604828,0.022087916508316995
3382,0.021756045520305634,0.022085238881409168
3383,0.02107594534754753,0.022067477870732547
3384,0.02249651402235031,0.022063152100890875
3385,0.022099092602729797,0.0220581535063684
3386,0.02244628220796585,0.02205665996298194
3387,0.021525125950574875,0.022071934938430786
3388,0.021778753027319908,0.022060989458113908
3389,0.022380312904715538,0.022062830924987793
3390,0.0210263654589653,0.02204676400870085
3391,0.02069096453487873,0.02202103542163968
3392,0.02178889885544777,0.02202572053298354
3393,0.022214841097593307,0.02202416514977813
3394,0.022086407989263535,0.02202293599024415
3395,0.022312447428703308,0.022029598206281663
3396,0.022013049572706223,0.022024692110717295
3397,0.02209516242146492,0.022030233293771743
3398,0.021914184093475342,0.02202938510105014
3399,0.02218022570014,0.02203266812488437
3400,0.02125338464975357,0.022026608437299727
3401,0.02221532166004181,0.022030126936733722
3402,0.020745959132909775,0.022011275794357063
3403,0.021463509649038315,0.021998904924839736
3404,0.022249583154916763,0.021997892279177905
3405,0.021828193217515945,0.021986467707902194
3406,0.02136857435107231,0.021975898519158363
3407,0.022127564996480942,0.02197158955037594
3408,0.021556805819272995,0.021962500177323818
3409,0.022073719650506973,0.02196246249601245
3410,0.021471256390213966,0.021951682940125464
3411,0.020400965586304665,0.02193512551486492
3412,0.020344436168670654,0.021908888593316078
3413,0.02199343964457512,0.02189863387495279
3414,0.02349851280450821,0.02189798165112734
3415,0.02132461778819561,0.02188880192115903
3416,0.02144891396164894,0.02188191294670105
3417,0.02201668918132782,0.021884433161467313
3418,0.021181832998991013,0.02186881760135293
3419,0.022199224680662155,0.021861928012222052
3420,0.021365785971283913,0.021846579257398843
3421,0.022220546379685402,0.02185782592743635
3422,0.02246025949716568,0.021870220117270946
3423,0.022259213030338287,0.021860218178480863
3424,0.021157240495085716,0.02186244159936905
3425,0.023093514144420624,0.021869482435286046
3426,0.02192586660385132,0.021869374010711908
3427,0.021745556965470314,0.021858905106782914
3428,0.022472301498055458,0.021861639972776174
3429,0.02106960490345955,0.0218573753349483
3430,0.020790761336684227,0.02184342745691538
3431,0.021692708134651184,0.021822240594774486
3432,0.02244083397090435,0.0218292217515409
3433,0.021723944693803787,0.021822389122098683
3434,0.02146737650036812,0.021827552262693645
3435,0.02215850166976452,0.02181516174226999
3436,0.02035697177052498,0.021800409406423568
3437,0.02199023962020874,0.021800738908350468
3438,0.022530723363161087,0.02180750632658601
3439,0.02281550131738186,0.021815436072647573
3440,0.02062821388244629,0.021794992927461863
3441,0.020803336054086685,0.021784241441637278
3442,0.0228585135191679,0.02179866477847099
3443,0.021808147430419922,0.021802880335599184
3444,0.022463412955403328,0.02180593751370907
3445,0.021155836060643196,0.021801152247935534
3446,0.021124763414263725,0.021792219933122397
3447,0.02128889411687851,0.021789588164538146
3448,0.021184291690587997,0.021787659022957085
3449,0.02156399004161358,0.02178886067122221
3450,0.02142677642405033,0.021779995989054442
3451,0.022185316309332848,0.02177634183317423
3452,0.02168363519012928,0.021771654300391675
3453,0.02130274847149849,0.021760588698089122
3454,0.021073050796985626,0.02173962738364935
3455,0.02234768122434616,0.02173983046784997
3456,0.021491991356015205,0.02172616921365261
3457,0.021442625671625137,0.021723406817764045
3458,0.02118753269314766,0.021712073609232902
3459,0.02129371464252472,0.021711154878139495
3460,0.021005097776651382,0.021700070723891258
3461,0.021452447399497032,0.021689333859831093
3462,0.02218959853053093,0.02169571116566658
3463,0.0201706700026989,0.0216890642978251
3464,0.021522365510463715,0.021685070898383854
3465,0.020583588629961014,0.021680344995111227
3466,0.02108573168516159,0.021658295337110757
3467,0.021222490817308426,0.021649882066994905
3468,0.020899534225463867,0.021637208443135023
3469,0.021420542150735855,0.021623294912278653
3470,0.022853149101138115,0.02162372078746557
3471,0.021672280505299568,0.02162460645660758
3472,0.02102983370423317,0.021614293623715638
3473,0.02046646922826767,0.021603891476988792
3474,0.021964581683278084,0.021614092197269202
3475,0.020594054833054543,0.021604055278003215
3476,0.020989665761590004,0.021608242373913525
3477,0.02194111980497837,0.02162049474194646
3478,0.020458141341805458,0.02161508809775114
3479,0.021485168486833572,0.021625692658126354
3480,0.021167032420635223,0.021628126204013824
3481,0.021810438483953476,0.02162679050117731
3482,0.020990688353776932,0.021619136929512024
3483,0.020911695435643196,0.02161749443039298
3484,0.021289095282554626,0.021605420242995024
3485,0.02110406942665577,0.021595470011234283
3486,0.021844057366251945,0.021589447762817144
3487,0.02090778574347496,0.021583274360746144
3488,0.021075619384646416,0.02157624302431941
3489,0.022406522184610367,0.02157650511711836
3490,0.021690499037504196,0.021583146452903747
3491,0.021358583122491837,0.021589822638779878
3492,0.0210865568369627,0.021582799218595027
3493,0.02146976999938488,0.021575348507612942
3494,0.021534794941544533,0.021569832377135754
3495,0.020161300897598267,0.021548320911824702
3496,0.02001415379345417,0.021528331954032184
3497,0.021687349304556847,0.0215242538228631
3498,0.020978955551981926,0.02151490153744817
3499,0.02018607407808304,0.021494960021227597
3500,0.021389244124293327,0.021496318615972995
3501,0.021123923361301422,0.02148540463298559
3502,0.02155640348792076,0.021493509076535702
3503,0.021561764180660248,0.02149449162185192
3504,0.022384902462363243,0.021495844814926387
3505,0.022486820816993713,0.021502431090921162
3506,0.021515121683478355,0.021503896564245225
3507,0.020560387521982193,0.021488224789500236
3508,0.021683309227228165,0.021489489823579788
3509,0.02129434421658516,0.02148169606924057
3510,0.022394990548491478,0.021490933410823344
3511,0.021431192755699158,0.02150123568251729
3512,0.020474659278988838,0.021502537913620473
3513,0.02124938555061817,0.0214950973726809
3514,0.020990915596485138,0.021470021400600673
3515,0.02054804563522339,0.02146225567907095
3516,0.021498659625649452,0.021462753135710954
3517,0.020764697343111038,0.021450233217328786
3518,0.021075520664453506,0.02144917009398341
3519,0.02167396992444992,0.02144391754642129
3520,0.02099761739373207,0.021440235860645772
3521,0.02177947759628296,0.021435825172811746
3522,0.02086903527379036,0.021419912930577992
3523,0.020592059940099716,0.02140324139967561
3524,0.020449021831154823,0.0213961592130363
3525,0.020470120012760162,0.021369925271719693
3526,0.022350050508975983,0.02137416711077094
3527,0.021174464374780655,0.021368456184864045
3528,0.020616237074136734,0.021349895540624858
3529,0.0215067770332098,0.02135426726192236
3530,0.02025451697409153,0.021348904818296432
3531,0.021449541673064232,0.021346473153680563
3532,0.02100720815360546,0.021332136895507572
3533,0.020554300397634506,0.021320440452545882
3534,0.020505305379629135,0.021310819741338492
3535,0.02152697928249836,0.02130450451746583
3536,0.020257066935300827,0.02130350546911359
3537,0.02019428461790085,0.021285545919090508
3538,0.02062983438372612,0.02126653702929616
3539,0.021642640233039856,0.02125480841845274
3540,0.02178165689110756,0.021266342848539354
3541,0.02043851837515831,0.021262694671750067
3542,0.02050652727484703,0.02123917480930686
3543,0.022434409707784653,0.021245437432080506
3544,0.020829636603593826,0.02122909966856241
3545,0.021067366003990173,0.021228214967995884
3546,0.022603502497076988,0.021243002358824016
3547,0.021504249423742294,0.021245155911892653
3548,0.021448854357004166,0.021247801538556814
3549,0.02041955292224884,0.021236357167363166
3550,0.021197408437728882,0.02123406348749995
3551,0.020725011825561523,0.02121946044266224
3552,0.02020377293229103,0.021204661820083858
3553,0.020960116758942604,0.0212012355029583
3554,0.02105570398271084,0.02120106203481555
3555,0.021211404353380203,0.02118969926610589
3556,0.021289817988872528,0.021187677532434463
3557,0.021209340542554855,0.02118534468114376
3558,0.021299123764038086,0.021186460591852665
3559,0.020619098097085953,0.021179714426398277
3560,0.0215460155159235,0.021185123603791
3561,0.019895657896995544,0.021169555708765983
3562,0.021015513688325882,0.021157814860343932
3563,0.020780107006430626,0.02116390923038125
3564,0.020331459119915962,0.02115200016647577
3565,0.02026008814573288,0.02114876516163349
3566,0.021300751715898514,0.021150915361940862
3567,0.02075406163930893,0.021146231070160865
3568,0.020715709775686264,0.02114439282566309
3569,0.021044407039880753,0.021140631474554538
3570,0.020294498652219772,0.021115044970065354
3571,0.020607557147741318,0.021104397736489772
3572,0.020969850942492485,0.021103797908872367
3573,0.022076712921261787,0.021119900345802307
3574,0.020645270124077797,0.021106707230210305
3575,0.01998927816748619,0.02110065946355462
3576,0.021244775503873825,0.02110321056097746
3577,0.021682467311620712,0.02110062403604388
3578,0.02099342830479145,0.021105976905673743
3579,0.021462339907884598,0.021105748619884252
3580,0.021219708025455475,0.021106275375932456
3581,0.021410807967185974,0.02110227907076478
3582,0.02012433111667633,0.021093615498393774
3583,0.02243080362677574,0.0211088065803051
3584,0.0211651474237442,0.021107567101716997
3585,0.019838847219944,0.021094914879649877
3586,0.020963983610272408,0.021086114142090082
3587,0.02101154811680317,0.021087151765823365
3588,0.0207371786236763,0.021083767358213663
3589,0.021361976861953735,0.021073321904987098
3590,0.021188203245401382,0.021068298947066067
3591,0.020848067477345467,0.021063193790614606
3592,0.021824434399604797,0.021070572566241026
3593,0.0209590345621109,0.021065465211868285
3594,0.021032709628343582,0.021060444358736278
3595,0.02105717919766903,0.021069403141736984
3596,0.020334137603640556,0.021072602979838848
3597,0.02044476754963398,0.02106017716228962
3598,0.019575295969843864,0.02104614056646824
3599,0.019536949694156647,0.021039649322628976
3600,0.02252034656703472,0.021050960347056388
3601,0.021578321233391762,0.021055504325777293
3602,0.02193046361207962,0.02105924492701888
3603,0.02098153904080391,0.02105344267562032
3604,0.020642921328544617,0.02103602286428213
3605,0.020360048860311508,0.02101475514471531
3606,0.021741703152656555,0.021017020959407093
3607,0.020038172602653503,0.021011798810213804
3608,0.021688461303710938,0.021011850330978632
3609,0.02241489663720131,0.021023055855184793
3610,0.01966308243572712,0.02099573677405715
3611,0.021519236266613007,0.020996617209166287
3612,0.02107975259423256,0.021002668142318725
3613,0.019883766770362854,0.020989011954516173
3614,0.020138833671808243,0.020980491135269404
3615,0.022303756326436996,0.02099804824218154
3616,0.019955914467573166,0.020982620790600776
3617,0.021232970058918,0.020987303517758845
3618,0.022155284881591797,0.02099810115993023
3619,0.020743682980537415,0.020988798290491103
3620,0.020242489874362946,0.020981247015297414
3621,0.02121208980679512,0.020975573137402535
3622,0.021547269076108932,0.02098235547542572
3623,0.020334459841251373,0.020979779474437237
3624,0.020440470427274704,0.020979693960398435
3625,0.021185852587223053,0.020986851286143065
3626,0.020319756120443344,0.020966548342257738
3627,0.02073090896010399,0.02096211278811097
3628,0.021568749099969864,0.0209716379083693
3629,0.019984781742095947,0.020956417955458165
3630,0.021006718277931213,0.02096393996849656
3631,0.020070254802703857,0.020950147099792957
3632,0.0205535851418972,0.020945610869675876
3633,0.020184870809316635,0.020941916573792695
3634,0.020676467567682266,0.020943628195673226
3635,0.02028026059269905,0.020931161008775234
3636,0.02136233076453209,0.020942213647067547
3637,0.019796662032604218,0.02093823742121458
3638,0.02048523724079132,0.020936791449785233
3639,0.020668186247348785,0.02092704690992832
3640,0.021111376583576202,0.02092034410685301
3641,0.021132178604602814,0.020927280709147452
3642,0.020621489733457565,0.02092843033373356
3643,0.021282602101564407,0.020916912257671356
3644,0.021171800792217255,0.02092033389955759
3645,0.020110664889216423,0.020910766888409853
3646,0.01944032870233059,0.02087913515046239
3647,0.020804237574338913,0.020872135031968355
3648,0.021221451461315155,0.020869861003011466
3649,0.020977849140763283,0.02087544396519661
3650,0.02188735082745552,0.020882343389093876
3651,0.02026953175663948,0.020877788588404656
3652,0.020375754684209824,0.020879508405923845
3653,0.021204691380262375,0.02088195415213704
3654,0.02099892683327198,0.02088138638064265
3655,0.02052961476147175,0.020874568484723566
3656,0.020682863891124725,0.02086849894374609
3657,0.021473629400134087,0.02087114183232188
3658,0.020842336118221283,0.020866573955863714
3659,0.02127198316156864,0.02087310280650854
3660,0.02071313187479973,0.020864773970097304
3661,0.02051500417292118,0.02087096743285656
3662,0.021579129621386528,0.020876603592187168
3663,0.02061884105205536,0.020874990932643413
3664,0.020783718675374985,0.020879513528198005
3665,0.02107476443052292,0.020887660291045905
3666,0.020607875660061836,0.02088073153048754
3667,0.02083606645464897,0.02088155157864094
3668,0.020920220762491226,0.020883596688508987
3669,0.0199572890996933,0.020872725509107112
3670,0.021705783903598785,0.020886838361620905
3671,0.02088802680373192,0.02088964305818081
3672,0.020745065063238144,0.020887395199388266
3673,0.020423581823706627,0.020870863888412715
3674,0.020717278122901917,0.020871583968400956
3675,0.02036062255501747,0.02087529741227627
3676,0.02135617285966873,0.020876411385834216
3677,0.02089100331068039,0.020868496745824815
3678,0.019556693732738495,0.020854129400104286
3679,0.021268239244818687,0.020852188393473626
3680,0.020310981199145317,0.020843101125210525
3681,0.02052128314971924,0.020834205877035855
3682,0.019159168004989624,0.02082455424591899
3683,0.019849654287099838,0.02079874275252223
3684,0.020067591220140457,0.02078776719048619
3685,0.01952221617102623,0.020784600879997017
3686,0.020456679165363312,0.020779527835547925
3687,0.02119646780192852,0.020781377032399177
3688,0.02057516574859619,0.020779756903648375
3689,0.020204290747642517,0.020768180042505264
3690,0.021031957119703293,0.020766617581248283
3691,0.020867181941866875,0.020766808725893496
3692,0.01921694725751877,0.020740733854472636
3693,0.020398035645484924,0.020735123865306376
3694,0.02071678265929222,0.020731964595615864
3695,0.019928544759750366,0.020720678251236677
3696,0.02030503749847412,0.02072038725018501
3697,0.019252285361289978,0.02070846242830157
3698,0.02028575912117958,0.02071556705981493
3699,0.021084420382976532,0.02073104176670313
3700,0.02093769609928131,0.020715215262025594
3701,0.020917262881994247,0.02070860467851162
3702,0.019406355917453766,0.02068336360156536
3703,0.020565690472722054,0.020679205115884544
3704,0.020726526156067848,0.020680041164159776
3705,0.020034993067383766,0.020676790606230497
3706,0.019965723156929016,0.020659030806273224
3707,0.01941799372434616,0.02065282901749015
3708,0.02050914615392685,0.020641035865992308
3709,0.022264111787080765,0.020639528017491103
3710,0.02102169394493103,0.020653114132583143
3711,0.01995171792805195,0.02063743894919753
3712,0.021508295089006424,0.02064172437414527
3713,0.01971510425209999,0.020640037748962642
3714,0.020594507455825806,0.020644594486802816
3715,0.020792830735445023,0.020629485230892898
3716,0.02059820480644703,0.020635908134281636
3717,0.02106458507478237,0.02063422428444028
3718,0.020745981484651566,0.020620131250470877
3719,0.020157966762781143,0.020614274088293316
3720,0.02038157917559147,0.020615664981305598
3721,0.020646607503294945,0.020610010158270596
3722,0.020056001842021942,0.020595097485929727
3723,0.02057652920484543,0.020597518179565667
3724,0.019850630313158035,0.0205916197784245
3725,0.020435243844985962,0.02058411369100213
3726,0.021015530452132225,0.02059107143431902
3727,0.019785549491643906,0.020581617839634418
3728,0.019375381991267204,0.020559684168547393
3729,0.02025792934000492,0.02056241564452648
3730,0.01952931098639965,0.020547641571611167
3731,0.02011587843298912,0.020548097807914018
3732,0.020661938935518265,0.02054918134585023
3733,0.020797932520508766,0.02055531196296215
3734,0.020211242139339447,0.020550659708678722
3735,0.02019461616873741,0.020549803264439104
3736,0.019699040800333023,0.020533170364797116
3737,0.021232759580016136,0.020547531340271236
3738,0.020121971145272255,0.020543898679316042
3739,0.019302548840641975,0.020530242305248976
3740,0.020295608788728714,0.0205220846273005
3741,0.020702041685581207,0.020517783258110284
3742,0.02057681418955326,0.020517336502671242
3743,0.02129843272268772,0.020517494808882476
3744,0.021093353629112244,0.020516710337251425
3745,0.020895199850201607,0.020524555686861276
3746,0.019709480926394463,0.020527247209101915
3747,0.020333606749773026,0.020522540900856256
3748,0.01989569701254368,0.020509283356368542
3749,0.02007632702589035,0.020500268135219813
3750,0.019665203988552094,0.020478046666830778
3751,0.019741244614124298,0.020472763795405625
3752,0.019857153296470642,0.020467577781528235
3753,0.019871104508638382,0.020454241912811994
3754,0.020624708384275436,0.020450499728322028
3755,0.020428963005542755,0.02044949321076274
3756,0.02167634293437004,0.02045942800119519
3757,0.02018587291240692,0.02044655043631792
3758,0.020647544413805008,0.02044460251927376
3759,0.020066147670149803,0.020432544164359568
3760,0.0202619768679142,0.020428032614290714
3761,0.02000381611287594,0.020422920733690262
3762,0.02009531483054161,0.020408082585781813
3763,0.019900767132639885,0.020400901846587657
3764,0.021050497889518738,0.020403569638729094
3765,0.019525708630681038,0.020388079080730676
3766,0.020154494792222977,0.020383545272052286
3767,0.019748583436012268,0.02037267044186592
3768,0.020297668874263763,0.020366444922983645
3769,0.020768556743860245,0.020374557599425316
3770,0.02071031555533409,0.020364602915942668
3771,0.01965952105820179,0.020352317858487366
3772,0.020352153107523918,0.020348388738930225
3773,0.021047061309218407,0.020354623533785345
3774,0.019017696380615234,0.020337627716362477
3775,0.019707024097442627,0.020331091731786727
3776,0.020514290779829025,0.02032267291098833
3777,0.021168552339076996,0.020325448401272296
3778,0.01998140662908554,0.020329695530235767
3779,0.019924962893128395,0.020316262766718864
3780,0.020820219069719315,0.020321355145424606
3781,0.019064631313085556,0.02030678862705827
3782,0.020181002095341682,0.02031700696796179
3783,0.02174508012831211,0.020335961226373912
3784,0.01972794532775879,0.020332564767450094
3785,0.020649883896112442,0.020343841444700958
3786,0.021036844700574875,0.02034964310005307
3787,0.01940111443400383,0.020331689566373826
3788,0.020035529509186745,0.02032629320397973
3789,0.01959359087049961,0.020320186205208302
3790,0.02142597921192646,0.02032412642613053
3791,0.020543688908219337,0.02032089149579406
3792,0.021417785435914993,0.020342899877578022
3793,0.019697755575180054,0.02033589707687497
3794,0.02017633244395256,0.020330492574721575
3795,0.0201448705047369,0.02033265583217144
3796,0.019476555287837982,0.020324371010065078
3797,0.019589610397815704,0.020327744260430335
3798,0.019470330327749252,0.020319589972496034
3799,0.01962491124868393,0.020304994881153105
3800,0.021291745826601982,0.020308535378426314
3801,0.01985057443380356,0.020297868493944406
3802,0.01983717828989029,0.020302176717668773
3803,0.020685754716396332,0.020303377360105516
3804,0.019338566809892654,0.020289497766643762
3805,0.020735690370202065,0.020296504739671945
3806,0.019165141507983208,0.020288498923182487
3807,0.019933223724365234,0.020293651223182677
3808,0.020859500393271446,0.020297154765576125
3809,0.019837170839309692,0.020272885356098412
3810,0.01997455582022667,0.02026241397485137
3811,0.0189305879175663,0.020252202674746513
3812,0.020206332206726074,0.02023918304592371
3813,0.02050785720348358,0.020247110575437547
3814,0.01949957013130188,0.020236161202192307
3815,0.01864907704293728,0.02021472366526723
3816,0.01946539804339409,0.0202033955976367
3817,0.020007148385047913,0.020192821230739354
3818,0.02008725330233574,0.020186233948916197
3819,0.019979123026132584,0.02018444551154971
3820,0.01938140019774437,0.02017444372177124
3821,0.02128390595316887,0.02018081670626998
3822,0.018827514722943306,0.020168531835079193
3823,0.018593955785036087,0.0201487061008811
3824,0.019257254898548126,0.020142772346735
3825,0.020051762461662292,0.020138937532901763
3826,0.020029578357934952,0.020129078011959792
3827,0.01878010481595993,0.02011902356520295
3828,0.01946614496409893,0.02011993119493127
3829,0.020516609773039818,0.020122517999261617
3830,0.020813090726733208,0.020135355796664953
3831,0.018782995641231537,0.02012202696874738
3832,0.01969991810619831,0.020112406760454178
3833,0.02017531730234623,0.02010618060827255
3834,0.02076459676027298,0.02011171415448189
3835,0.01991024613380432,0.020108870454132555
3836,0.018582751974463463,0.02009770756587386
3837,0.019961537793278694,0.020084995348006486
3838,0.020154345780611038,0.020085319094359875
3839,0.02054261602461338,0.02009771976619959
3840,0.018726741895079613,0.020082031097263097
3841,0.019603468477725983,0.020071045365184545
3842,0.02014772966504097,0.020066754519939424
3843,0.018492238596081734,0.020038692578673363
3844,0.02099069394171238,0.020037665981799364
3845,0.021006576716899872,0.02003877975046635
3846,0.02023293450474739,0.020044014286249877
3847,0.02047928050160408,0.020045471023768188
3848,0.020161181688308716,0.020048125870525835
3849,0.020395180210471153,0.020051314402371644
3850,0.019688783213496208,0.020051550194621084
3851,0.02000480145215988,0.020054185763001442
3852,0.0205097496509552,0.020060711726546287
3853,0.019047051668167114,0.020052471198141575
3854,0.01997281238436699,0.02004595223814249
3855,0.020335454493761063,0.020045017153024675
3856,0.02055126242339611,0.020033766347914934
3857,0.020103897899389267,0.02003294659778476
3858,0.020183708518743515,0.02002830823883414
3859,0.01995820552110672,0.02002722881734371
3860,0.019335752353072166,0.020017966572195293
3861,0.018772386014461517,0.020005652271211146
3862,0.020110946148633957,0.02000580858439207
3863,0.0196640957146883,0.020003441870212555
3864,0.018978876993060112,0.01998272566124797
3865,0.019597502425312996,0.019983443599194288
3866,0.019758746027946472,0.019979486111551523
3867,0.018731310963630676,0.019969313386827708
3868,0.01981922797858715,0.019964528977870943
3869,0.019304770976305008,0.01994989112019539
3870,0.019809162244200706,0.019940879587084057
3871,0.01983918994665146,0.019942676275968553
3872,0.01830384135246277,0.01992219315841794
3873,0.02106037363409996,0.019922326281666757
3874,0.020184744149446487,0.019933996759355067
3875,0.020170433446764946,0.01993863085284829
3876,0.01925269514322281,0.019926014896482228
3877,0.019258100539445877,0.01990691037848592
3878,0.019213631749153137,0.019899232629686594
3879,0.01991422101855278,0.019899125210940838
3880,0.01922081597149372,0.01988313117995858
3881,0.020412316545844078,0.019896608032286166
3882,0.02014724537730217,0.01989627046510577
3883,0.020186614245176315,0.019880685806274414
3884,0.020075075328350067,0.019884157106280328
3885,0.02055296301841736,0.019883187897503377
3886,0.02030458301305771,0.019875865280628204
3887,0.021096518263220787,0.019892819318920375
3888,0.01992446929216385,0.019891708716750146
3889,0.019395120441913605,0.019889724012464284
3890,0.018755974248051643,0.019863023962825535
3891,0.01877756044268608,0.019845362678170206
3892,0.020047705620527267,0.019831661880016328
3893,0.019360318779945374,0.01982828751206398
3894,0.021012557670474052,0.019836649764329195
3895,0.02060171589255333,0.01984121821820736
3896,0.02020874060690403,0.01984854007139802
3897,0.01938282512128353,0.0198464722186327
3898,0.020073525607585907,0.019852504171431064
3899,0.019116103649139404,0.01984741609543562
3900,0.019618671387434006,0.01983068535104394
3901,0.020657578483223915,0.019838755391538142
3902,0.018970349803566933,0.019830087106674908
3903,0.019378498196601868,0.019817014541476965
3904,0.01866498775780201,0.01981027875095606
3905,0.01993751898407936,0.01980229703709483
3906,0.01900140568614006,0.0198006596788764
3907,0.018961377441883087,0.01979094121605158
3908,0.01961466297507286,0.019778492841869593
3909,0.02025219239294529,0.019782643057405947
3910,0.02039136178791523,0.019786811117082834
3911,0.020025204867124557,0.019797757286578416
3912,0.019509699195623398,0.01979079095646739
3913,0.01970098540186882,0.019782722238451244
3914,0.020570222288370132,0.019793428760021926
3915,0.019313454627990723,0.01980007253587246
3916,0.02057504840195179,0.019811169039458038
3917,0.01996314339339733,0.01981072898954153
3918,0.019688883796334267,0.019806745294481516
3919,0.020094968378543854,0.019807903748005628
3920,0.020615143701434135,0.019820241183042528
3921,0.02067127823829651,0.0198141149058938
3922,0.020114431157708168,0.01982698407024145
3923,0.019278239458799362,0.019833826906979084
3924,0.019315257668495178,0.019834406934678556
3925,0.01888962835073471,0.01982278559356928
3926,0.020632201805710793,0.019828811828047035
3927,0.019296377897262573,0.019833974558860063
3928,0.01855779066681862,0.01982489101588726
3929,0.018865134567022324,0.019808376263827084
3930,0.019555240869522095,0.019795797765254974
3931,0.018899306654930115,0.01979696087539196
3932,0.02043255604803562,0.019804287254810333
3933,0.020159650593996048,0.019804130587726832
3934,0.018787845969200134,0.019784363079816104
3935,0.019863441586494446,0.019783895034343003
3936,0.0191238634288311,0.01978930614888668
3937,0.021301377564668655,0.01980270454660058
3938,0.019929807633161545,0.019800459165126086
3939,0.019677069038152695,0.019791803695261477
3940,0.02019733563065529,0.019806509632617236
3941,0.018689673393964767,0.019797371681779623
3942,0.01877121441066265,0.01978360652923584
3943,0.020361747592687607,0.0198023016192019
3944,0.02006549760699272,0.0197930496558547
3945,0.02046722173690796,0.019787656106054784
3946,0.019401080906391144,0.01977933757007122
3947,0.020266976207494736,0.019777214527130126
3948,0.018702572211623192,0.01976262843236327
3949,0.02007479965686798,0.01975942462682724
3950,0.02021794021129608,0.01976471619680524
3951,0.019573526456952095,0.01976040344685316
3952,0.019932907074689865,0.019754635021090507
3953,0.0199940986931324,0.01976410549134016
3954,0.018985215574502945,0.01975422952324152
3955,0.020228903740644455,0.019753164015710353
3956,0.01996695064008236,0.019747320897877216
3957,0.020542895421385765,0.01975171087309718
3958,0.02036421373486519,0.019753515925258397
3959,0.019846614450216293,0.019752400014549493
3960,0.01937967911362648,0.019752839282155037
3961,0.01922401413321495,0.01975735556334257
3962,0.019426176324486732,0.0197505078651011
3963,0.017734352499246597,0.01973121043294668
3964,0.018611334264278412,0.019727535005658867
3965,0.020022492855787277,0.019731784909963607
3966,0.020006880164146423,0.019734266251325606
3967,0.01842200756072998,0.019731173217296602
3968,0.019669096916913986,0.019729671906679867
3969,0.019039500504732132,0.01972701920196414
3970,0.020065899938344955,0.019729586578905584
3971,0.01932893507182598,0.01972448403015733
3972,0.020099487155675888,0.019742440488189458
3973,0.01944712921977043,0.019726308044046164
3974,0.019377412274479866,0.019718234725296498
3975,0.020228922367095947,0.019718819614499807
3976,0.01898212358355522,0.019716113898903133
3977,0.019875425845384598,0.019722287151962517
3978,0.018570534884929657,0.019715856183320283
3979,0.019894059747457504,0.01971565457060933
3980,0.02031407505273819,0.019726587161421776
3981,0.019258059561252594,0.019715044591575862
3982,0.018904346972703934,0.01970261560752988
3983,0.020227864384651184,0.019703028108924627
3984,0.0192093588411808,0.019694370944052936
3985,0.01964547298848629,0.019685296043753624
3986,0.018927011638879776,0.019671520330011846
3987,0.019533000886440277,0.01965588515624404
3988,0.018114250153303146,0.01963778296485543
3989,0.018421106040477753,0.019628042820841074
3990,0.020955407992005348,0.01965003715828061
3991,0.018392415717244148,0.019646185711026193
3992,0.02061457931995392,0.019651854448020457
3993,0.019689343869686127,0.019655144698917867
3994,0.019431497901678085,0.019639334101229908
3995,0.020289359614253044,0.019636210538446903
3996,0.01982704922556877,0.01963239362463355
3997,0.019797801971435547,0.019636543393135072
3998,0.019514193758368492,0.019630950074642897
3999,0.018662571907043457,0.019626414757221936
4000,0.01989462971687317,0.01962917434051633
4001,0.01898888684809208,0.01961248742416501
4002,0.019148560240864754,0.019614269528537988
4003,0.01827268674969673,0.019603211414068938
4004,0.02045714668929577,0.019621133003383875
4005,0.0195857435464859,0.01961761524900794
4006,0.020023763179779053,0.01962783882394433
4007,0.01949198916554451,0.019633144941180944
4008,0.020354704931378365,0.019640545360744
4009,0.01927608624100685,0.019630784299224616
4010,0.02138267457485199,0.019640697427093984
4011,0.01917491853237152,0.01963219456374645
4012,0.018169447779655457,0.01961879204958677
4013,0.01959380879998207,0.019617720283567907
4014,0.018578095361590385,0.01959779901430011
4015,0.02072114124894142,0.019611875880509614
4016,0.019559305161237717,0.019601718448102476
4017,0.019075993448495865,0.01959284694865346
4018,0.01918477937579155,0.019587805904448034
4019,0.01854461058974266,0.019572302326560022
4020,0.01965321972966194,0.019562683086842298
4021,0.020044483244419098,0.019556415136903524
4022,0.01937715709209442,0.019549042396247388
4023,0.01996373012661934,0.019555897302925587
4024,0.01975277252495289,0.019560272451490165
4025,0.018270887434482574,0.019554085042327644
4026,0.01937214471399784,0.019541484471410513
4027,0.019377464428544044,0.019542295336723327
4028,0.01935005933046341,0.019550218023359777
4029,0.019969506189227104,0.019561261739581823
4030,0.018392570316791534,0.01954963503405452
4031,0.018619325011968613,0.019546835217624903
4032,0.018873432651162148,0.019531243983656167
4033,0.02026785910129547,0.019532326068729164
4034,0.019489377737045288,0.019539341386407613
4035,0.018255576491355896,0.019523262735456227
4036,0.019448647275567055,0.019526510573923586
4037,0.018966682255268097,0.019503163620829583
4038,0.018951792269945145,0.01949338346719742
4039,0.019166091457009315,0.019488273691385984
4040,0.018821895122528076,0.019474519286304712
4041,0.018183818086981773,0.019469460733234883
4042,0.01861344836652279,0.019467883072793485
4043,0.018999431282281876,0.019454259909689426
4044,0.02029592916369438,0.019456564225256445
4045,0.018823903053998947,0.019440131038427354
4046,0.01973356306552887,0.01944345586001873
4047,0.01967073231935501,0.019437493421137333
4048,0.018973708152770996,0.019440204780548812
4049,0.018555745482444763,0.019425014238804578
4050,0.01999494805932045,0.019422784317284822
4051,0.019467821344733238,0.019421727266162633
4052,0.019518418237566948,0.019417582377791405
4053,0.019288593903183937,0.01941052732989192
4054,0.019176308065652847,0.01941243825480342
4055,0.018658475950360298,0.019396733976900577
4056,0.01922907680273056,0.01938935523852706
4057,0.019164443016052246,0.019375570714473725
4058,0.02050073817372322,0.019376935958862303
4059,0.019131340086460114,0.019369783215224742
4060,0.01903117634356022,0.01936629818752408
4061,0.01956264302134514,0.019369684476405382
4062,0.017643261700868607,0.019351855330169202
4063,0.01890164241194725,0.01936352822929621
4064,0.01986842043697834,0.019376099091023207
4065,0.019002918154001236,0.019365903344005345
4066,0.019994540140032768,0.01936577994376421
4067,0.020305074751377106,0.01938461061567068
4068,0.01915067434310913,0.019379426389932633
4069,0.018415529280900955,0.01937318667769432
4070,0.019476324319839478,0.019367290921509267
4071,0.018346743658185005,0.019357469007372854
4072,0.020037947222590446,0.019356853608042002
4073,0.018247809261083603,0.019344860408455133
4074,0.019717270508408546,0.01934825899079442
4075,0.019212206825613976,0.0193380918353796
4076,0.01821049302816391,0.019330375529825687
4077,0.019461069256067276,0.019326231963932513
4078,0.0193937961012125,0.019334464576095344
4079,0.019752077758312225,0.01933304475620389
4080,0.01872379705309868,0.019317141976207496
4081,0.020542535930871964,0.019329986739903687
4082,0.018929138779640198,0.019330234657973053
4083,0.018931174650788307,0.019317267760634423
4084,0.019463492557406425,0.019319809097796677
4085,0.019569415599107742,0.01931904852390289
4086,0.01924949884414673,0.01932227339595556
4087,0.01914072036743164,0.019318350590765476
4088,0.019095804542303085,0.019328166134655475
4089,0.01950559765100479,0.019339011050760746
4090,0.019136134535074234,0.019320818316191434
4091,0.01886618882417679,0.019325556047260762
4092,0.019020279869437218,0.019309613052755595
4093,0.020150747150182724,0.019314227085560562
4094,0.018563734367489815,0.019305549450218677
4095,0.01923496089875698,0.019295005463063716
4096,0.020265579223632812,0.019299390763044356
4097,0.0197475403547287,0.019298888146877288
4098,0.01882791519165039,0.019292025361210108
4099,0.01839803159236908,0.019289379958063364
4100,0.01830834150314331,0.019273517075926064
4101,0.018908575177192688,0.01927271395921707
4102,0.01897338405251503,0.019270962197333576
4103,0.01952795498073101,0.01928351487964392
4104,0.01970822364091873,0.019276025649160148
4105,0.01947454735636711,0.01927491368725896
4106,0.01922985166311264,0.019266974572092296
4107,0.018666081130504608,0.019258715491741896
4108,0.0184217169880867,0.01923938561230898
4109,0.018718156963586807,0.01923380631953478
4110,0.019319437444210052,0.01921317394822836
4111,0.020676005631685257,0.019228184819221495
4112,0.01881774514913559,0.0192346677929163
4113,0.020665790885686874,0.019245387613773347
4114,0.01928439736366272,0.01925245063379407
4115,0.018913879990577698,0.019234378021210433
4116,0.020107973366975784,0.019239864703267814
4117,0.01920630782842636,0.019241167847067118
4118,0.018760234117507935,0.019236922394484282
4119,0.018573513254523277,0.019237211421132088
4120,0.019560204818844795,0.019236281272023915
4121,0.019769655540585518,0.01923353299498558
4122,0.019896812736988068,0.019238729551434516
4123,0.01930445060133934,0.01923213675618172
4124,0.019515790045261383,0.0192297669313848
4125,0.020713448524475098,0.019254192542284727
4126,0.01868445798754692,0.019247315675020218
4127,0.019592199474573135,0.019249463025480508
4128,0.019181616604328156,0.019247778598219155
4129,0.01923774927854538,0.019240461029112338
4130,0.019625797867774963,0.019252793304622172
4131,0.018756765872240067,0.019254167713224888
4132,0.01964234560728073,0.019261856842786074
4133,0.01833035983145237,0.01924248185008764
4134,0.018826279789209366,0.019235850870609285
4135,0.018404360860586166,0.019237338714301586
4136,0.02016950398683548,0.01924454728141427
4137,0.019063403829932213,0.01924551449716091
4138,0.01938273385167122,0.01924982391297817
4139,0.018298707902431488,0.019241150077432392
4140,0.01980341039597988,0.01925096523016691
4141,0.018338831141591072,0.019252515360713006
4142,0.018756479024887085,0.019253945667296646
4143,0.01962682604789734,0.019260219614952803
4144,0.019242165610194206,0.0192496819794178
4145,0.019015058875083923,0.01925159353762865
4146,0.018863733857870102,0.019242895245552064
4147,0.019156750291585922,0.019237755425274373
4148,0.0209771990776062,0.019257790334522726
4149,0.018557628616690636,0.019257809165865183
4150,0.018973462283611298,0.01924759430810809
4151,0.0194624625146389,0.01924754071980715
4152,0.019368596374988556,0.019246042501181365
4153,0.01992611028254032,0.019252417664974927
4154,0.019736651331186295,0.01925802109763026
4155,0.019031226634979248,0.01926174860447645
4156,0.019530311226844788,0.019264760948717593
4157,0.018269643187522888,0.0192558129504323
4158,0.019068874418735504,0.019241494312882423
4159,0.018152441829442978,0.01923170533031225
4160,0.019076650962233543,0.019232160076498986
4161,0.019696105271577835,0.019233494699001312
4162,0.01799384132027626,0.01923700049519539
4163,0.019054319709539413,0.01923852726817131
4164,0.018833324313163757,0.019228176306933166
4165,0.019302232190966606,0.01923116944730282
4166,0.01967664621770382,0.01922799050807953
4167,0.019304189831018448,0.019217981658875942
4168,0.019814860075712204,0.019224623516201973
4169,0.01830984465777874,0.01922356666997075
4170,0.018895450979471207,0.01921775793656707
4171,0.01871674880385399,0.019221457988023757
4172,0.019170299172401428,0.019212781507521867
4173,0.019378313794732094,0.019224086552858354
4174,0.01818416267633438,0.01920875547453761
4175,0.019646909087896347,0.019213102497160434
4176,0.019787320867180824,0.019228870775550605
4177,0.018214663490653038,0.019216406717896463
4178,0.02026543766260147,0.019225123133510352
4179,0.018230123445391655,0.019209903590381147
4180,0.01923755556344986,0.019215041175484657
4181,0.020610183477401733,0.019215717650949954
4182,0.019284261390566826,0.01921926887705922
4183,0.01989716663956642,0.019228928796947
4184,0.01895730569958687,0.019223866928368808
4185,0.018786117434501648,0.019216033946722746
4186,0.019069015979766846,0.01921422911807895
4187,0.018454845994710922,0.01920737037435174
4188,0.01866617240011692,0.01920307405292988
4189,0.01880491152405739,0.019196067191660404
4190,0.018942559137940407,0.019194131437689065
4191,0.01946556754410267,0.019200125224888325
4192,0.019504636526107788,0.01920496879145503
4193,0.018980449065566063,0.019193265810608862
4194,0.019229624420404434,0.01919992471113801
4195,0.01878388226032257,0.019195413924753667
4196,0.01907448284327984,0.019183502960950137
4197,0.01888420060276985,0.01917486956343055
4198,0.019393814727663994,0.019180528558790683
4199,0.01822715438902378,0.019178819786757232
4200,0.018729206174612045,0.01918302843347192
4201,0.019437450915575027,0.01918831719085574
4202,0.019128436222672462,0.019189867712557315
4203,0.01926272176206112,0.019187215380370617
4204,0.01825411058962345,0.019172674249857663
4205,0.01891915872693062,0.0191671203635633
4206,0.018290799111127853,0.019157729838043452
4207,0.01840028539299965,0.019155071880668402
4208,0.018448814749717712,0.019155342858284713
4209,0.018622353672981262,0.019154384825378658
4210,0.018459277227520943,0.019145783223211765
4211,0.01943623647093773,0.01913338553160429
4212,0.01833174005150795,0.019128525480628013
4213,0.019335227087140083,0.019115219842642545
4214,0.018109016120433807,0.019103466030210257
4215,0.01948850229382515,0.019109212253242733
4216,0.01864820532500744,0.01909461457282305
4217,0.018312295898795128,0.019085674453526734
4218,0.019494185224175453,0.01909301396459341
4219,0.01843845099210739,0.019091663341969253
4220,0.01971474103629589,0.01909320870414376
4221,0.019390691071748734,0.019089419059455395
4222,0.018365640193223953,0.019074107334017754
4223,0.018305812031030655,0.019064120948314667
4224,0.019342543557286263,0.019062388483434917
4225,0.018688999116420746,0.019042143989354374
4226,0.019205458462238312,0.019047353994101287
4227,0.018844185397028923,0.019039873853325843
4228,0.017956621944904327,0.019027623906731607
4229,0.019402841106057167,0.019029274825006725
4230,0.019575873389840126,0.019028775580227374
4231,0.02021862380206585,0.019043394159525634
4232,0.019280727952718735,0.019039777982980014
4233,0.019704293459653854,0.01905351731926203
4234,0.018649106845259666,0.01905174558982253
4235,0.019937217235565186,0.01906707415357232
4236,0.01846284046769142,0.01905000751838088
4237,0.018492111936211586,0.019044294599443675
4238,0.01795397326350212,0.019030006993561985
4239,0.01840650662779808,0.019031084980815648
4240,0.018278736621141434,0.019015838243067264
4241,0.019688261672854424,0.019029332548379897
4242,0.018777944147586823,0.019029547199606894
4243,0.019100692123174667,0.019024285860359667
4244,0.018757153302431107,0.01901943573728204
4245,0.018361300230026245,0.019012898150831462
4246,0.01814848929643631,0.019005745705217122
4247,0.01820199564099312,0.018996198158711196
4248,0.018571563065052032,0.018972141798585654
4249,0.018268024548888206,0.018969245757907628
4250,0.017932530492544174,0.01895883643999696
4251,0.0190952830016613,0.01895516464486718
4252,0.018844354897737503,0.01894992223009467
4253,0.018966108560562134,0.01894032221287489
4254,0.017811911180615425,0.01892107481136918
4255,0.018089573830366135,0.01891165828332305
4256,0.019063174724578857,0.01890698691830039
4257,0.019195131957530975,0.01891624180600047
4258,0.01949913427233696,0.018920544404536485
4259,0.0185711570084095,0.018924731556326152
4260,0.019173283129930496,0.01892569787800312
4261,0.017607375979423523,0.018904810585081578
4262,0.01864500343799591,0.018911322206258775
4263,0.019866943359375,0.018919448442757128
4264,0.019420107826590538,0.0189253162778914
4265,0.018976710736751556,0.018922061063349246
4266,0.018895339220762253,0.018914247993379832
4267,0.01923997700214386,0.018913605865091086
4268,0.018951602280139923,0.018904973287135363
4269,0.018932901322841644,0.01891120385378599
4270,0.018659967929124832,0.018908849023282527
4271,0.019231680780649185,0.018913998343050478
4272,0.01945965550839901,0.018916891906410455
4273,0.019378917291760445,0.01891689794138074
4274,0.018889304250478745,0.01892394935712218
4275,0.0178133025765419,0.018905613292008638
4276,0.01914101652801037,0.018899150248616933
4277,0.018245672807097435,0.018899460341781377
4278,0.01829918473958969,0.01887979781255126
4279,0.01888580061495304,0.018886354584246874
4280,0.019564006477594376,0.018889619093388318
4281,0.01900085061788559,0.018873525764793158
4282,0.019599877297878265,0.01887668192386627
4283,0.018613222986459732,0.018863842487335206
4284,0.018039962276816368,0.0188546690531075
4285,0.01844518631696701,0.018851259741932153
4286,0.018497604876756668,0.01884554563090205
4287,0.018295757472515106,0.018843954745680094
4288,0.018574509769678116,0.018843038119375707
4289,0.017683595418930054,0.01883182495832443
4290,0.01858583837747574,0.018828257750719786
4291,0.019005300477147102,0.01882365508005023
4292,0.017872728407382965,0.018807335998862983
4293,0.01792793720960617,0.018796810880303383
4294,0.018482664600014687,0.018789341282099484
4295,0.018318749964237213,0.018784689959138633
4296,0.01891755312681198,0.01878312066197395
4297,0.01790541224181652,0.01877333277836442
4298,0.01789521798491478,0.018758346810936927
4299,0.017978554591536522,0.018755860812962055
4300,0.018603358417749405,0.01875460233539343
4301,0.019117189571261406,0.018751399721950293
4302,0.017961543053388596,0.018739730790257453
4303,0.018258165568113327,0.018729685228317975
4304,0.01970166154205799,0.01874416073784232
4305,0.01821264810860157,0.01873709563165903
4306,0.018682092428207397,0.018741008564829825
4307,0.018546845763921738,0.018742474168539046
4308,0.01798659935593605,0.01873785201460123
4309,0.01941404677927494,0.018745768945664168
4310,0.019214268773794174,0.0187533188611269
4311,0.018801536411046982,0.018746971860527994
4312,0.018884077668190002,0.018752495236694814
4313,0.018865030258893967,0.01874779326841235
4314,0.019002124667167664,0.018756724353879692
4315,0.01874968409538269,0.018749336171895267
4316,0.01778613217175007,0.018740715440362692
4317,0.018720677122473717,0.01874479925259948
4318,0.018660200759768486,0.01873645940795541
4319,0.018572822213172913,0.018737803120166062
4320,0.018998432904481888,0.018730640038847925
4321,0.018322356045246124,0.0187199566885829
4322,0.019284721463918686,0.018729147501289845
4323,0.018654700368642807,0.018732636384665966
4324,0.01755433902144432,0.018714754339307547
4325,0.01827332004904747,0.018710597548633814
4326,0.01887834630906582,0.01870732642710209
4327,0.019829997792840004,0.0187171845510602
4328,0.018717976287007332,0.01872479809448123
4329,0.019302453845739365,0.018723794221878053
4330,0.01882827654480934,0.018716318253427743
4331,0.019394300878047943,0.018708075024187566
4332,0.018317285925149918,0.018698440603911876
4333,0.01933729089796543,0.01869477057829499
4334,0.018254855647683144,0.018690828066319227
4335,0.018130745738744736,0.018672763351351023
4336,0.018173249438405037,0.01866986744105816
4337,0.018664907664060593,0.018671595398336648
4338,0.017885524779558182,0.01867091091349721
4339,0.01771160215139389,0.01866396186873317
4340,0.019483916461467743,0.01867601366713643
4341,0.018591955304145813,0.018665050603449345
4342,0.019966818392276764,0.018676939345896246
4343,0.019125638529658318,0.01867718880996108
4344,0.01876194216310978,0.018677236698567867
4345,0.01790553331375122,0.01867267902940512
4346,0.018065152689814568,0.0186718456633389
4347,0.017965897917747498,0.018669484686106443
4348,0.01824270933866501,0.018666196148842573
4349,0.01983848586678505,0.01868190076202154
4350,0.018916979432106018,0.01869174525141716
4351,0.01781972125172615,0.018678989633917807
4352,0.017819209024310112,0.018668738175183535
4353,0.018488341942429543,0.01866396050900221
4354,0.019002795219421387,0.018675869349390268
4355,0.017759419977664948,0.018672567810863256
4356,0.019269311800599098,0.018674629181623457
4357,0.017170943319797516,0.018654387295246124
4358,0.016527274623513222,0.018624668698757885
4359,0.017717938870191574,0.018616136517375707
4360,0.018699288368225098,0.018611396569758652
4361,0.018793579190969467,0.018623258601874113
4362,0.01915036514401436,0.0186283122189343
4363,0.018232256174087524,0.018611965347081424
4364,0.0185239277780056,0.018603003546595574
4365,0.018762599676847458,0.018600862435996533
4366,0.018905524164438248,0.018600964285433293
4367,0.018568189814686775,0.01859424641355872
4368,0.01961536332964897,0.018600884024053813
4369,0.018101133406162262,0.01859256634488702
4370,0.01784460060298443,0.018584412671625614
4371,0.019149236381053925,0.018583588227629663
4372,0.018829986453056335,0.018577291537076233
4373,0.01853781007230282,0.018568880464881657
4374,0.018230434507131577,0.018562291767448186
4375,0.01804492436349392,0.018564607985317706
4376,0.01731632463634014,0.018546361066401004
4377,0.017531342804431915,0.01853921776637435
4378,0.0182031337171793,0.018538257256150246
4379,0.018043899908661842,0.018529838249087334
4380,0.017575720325112343,0.018509955387562515
4381,0.016926251351833344,0.018489209394901993
4382,0.018537329509854317,0.01847858391702175
4383,0.017916567623615265,0.018471617363393308
4384,0.018108757212758064,0.018472305312752724
4385,0.019361209124326706,0.01848146554082632
4386,0.018378417938947678,0.018480273671448232
4387,0.017682434991002083,0.018474140446633102
4388,0.019334042444825172,0.01848173577338457
4389,0.01909153163433075,0.01849581513553858
4390,0.018195495009422302,0.018491911701858044
4391,0.018577054142951965,0.01848762923851609
4392,0.017705541104078293,0.018485957365483044
4393,0.01814126968383789,0.01848809069022536
4394,0.018155191093683243,0.01848481595516205
4395,0.018665140494704247,0.01848827986046672
4396,0.0182906873524189,0.01848201120272279
4397,0.017481671646237373,0.018477773796766996
4398,0.01869398169219494,0.018485761433839797
4399,0.018469631671905518,0.01849067220464349
4400,0.019504329189658165,0.018499681912362575
4401,0.019963031634688377,0.018508140332996845
4402,0.01751626655459404,0.018503687568008898
4403,0.01792779006063938,0.01850038381293416
4404,0.01849992945790291,0.01848836649209261
4405,0.017353134229779243,0.018479771353304385
4406,0.01922478713095188,0.01848519830033183
4407,0.018094979226589203,0.018480679634958506
4408,0.018508151173591614,0.018485895153135062
4409,0.018401097506284714,0.01847576566040516
4410,0.017945546656847,0.018463078439235687
4411,0.017874881625175476,0.018453811891376973
4412,0.01924832910299301,0.018457454405725004
4413,0.018284939229488373,0.018451653495430945
4414,0.018174104392528534,0.018443373292684556
4415,0.017190229147672653,0.018427778743207456
4416,0.017384802922606468,0.018423765450716018
4417,0.017891403287649155,0.018415472712367775
4418,0.019814258441329002,0.018427013289183378
4419,0.018636301159858704,0.018427648078650237
4420,0.01866891235113144,0.018424352873116733
4421,0.017846645787358284,0.018419595770537853
4422,0.019414644688367844,0.018420895002782343
4423,0.017676565796136856,0.018411113657057287
4424,0.01833459734916687,0.01841891624033451
4425,0.01791387051343918,0.018415321744978428
4426,0.018992427736520767,0.01841646255925298
4427,0.018016520887613297,0.01839832779020071
4428,0.01797655038535595,0.018390913531184196
4429,0.018654149025678635,0.01838443048298359
4430,0.017473414540290833,0.018370881862938403
4431,0.0178508423268795,0.01835544727742672
4432,0.018548334017395973,0.01835775775834918
4433,0.01799694634974003,0.018344354312866927
4434,0.016783040016889572,0.01832963615655899
4435,0.018320295959711075,0.018331531658768652
4436,0.018383603543043137,0.018333635199815033
4437,0.018119828775525093,0.01832818441092968
4438,0.017790384590625763,0.018327233009040357
4439,0.01912546716630459,0.018341371659189462
4440,0.01892457902431488,0.018335778284817934
4441,0.019440598785877228,0.01834426471963525
4442,0.018196195363998413,0.018326558489352465
4443,0.01948324590921402,0.018330134563148023
4444,0.01799837499856949,0.018322498891502618
4445,0.018117139115929604,0.018324614949524403
4446,0.01802118495106697,0.018324175272136926
4447,0.018181849271059036,0.018326334785670043
4448,0.01840818300843239,0.018327989522367714
4449,0.017621539533138275,0.01830582005903125
4450,0.017951300367712975,0.018296163268387317
4451,0.017339646816253662,0.018291362524032594
4452,0.017248589545488358,0.018285656329244376
4453,0.01838551089167595,0.01828462801873684
4454,0.018352564424276352,0.018278125710785388
4455,0.01891952008008957,0.018289726711809635
4456,0.018196802586317062,0.018279001619666814
4457,0.017865419387817383,0.018285946380347015
4458,0.017507746815681458,0.018295751102268696
4459,0.01872757449746132,0.018305847458541392
4460,0.017595576122403145,0.018294810336083173
4461,0.018769709393382072,0.0182945716381073
4462,0.01861034519970417,0.0182891714386642
4463,0.018191613256931305,0.018288765009492634
4464,0.017817068845033646,0.018281696420162915
4465,0.017918366938829422,0.018273254092782736
4466,0.019054565578699112,0.018274744506925344
4467,0.01868255063891411,0.01827588811516762
4468,0.01769367605447769,0.018256671242415905
4469,0.017925366759300232,0.018254913575947284
4470,0.01828349567949772,0.01825930252671242
4471,0.01815350167453289,0.018249345179647207
4472,0.018158186227083206,0.018242627177387477
4473,0.017633548006415367,0.0182335845567286
4474,0.017912378534674644,0.01823040399700403
4475,0.017834225669503212,0.018228297010064124
4476,0.018261538818478584,0.01823774915188551
4477,0.01767723821103573,0.018239208105951546
4478,0.018643923103809357,0.018243615999817848
4479,0.01821395382285118,0.018245316538959742
4480,0.017417293041944504,0.018243732266128063
4481,0.01880631595849991,0.018262532912194727
4482,0.017700348049402237,0.018254163097590207
4483,0.017729151993989944,0.018252288941293954
4484,0.01897234097123146,0.01826092477887869
4485,0.017884917557239532,0.018246161863207818
4486,0.01856382191181183,0.018248015902936458
4487,0.018223877996206284,0.0182534303329885
4488,0.017020776867866516,0.018230297677218912
4489,0.018758488819003105,0.018226967249065636
4490,0.017953870818018913,0.018224551007151604
4491,0.018664540722966194,0.018225425872951746
4492,0.01872969977557659,0.01823566745966673
4493,0.017497699707746506,0.018229231759905814
4494,0.018537890166044235,0.018233058750629427
4495,0.017821650952100754,0.01822462385520339
4496,0.01833484321832657,0.018225065413862467
4497,0.01821637526154518,0.018232412450015546
4498,0.018489519134163857,0.018230367824435233
4499,0.01927974261343479,0.018238468933850525
4500,0.0185075756162405,0.01822850139811635
4501,0.017994217574596405,0.01820881325751543
4502,0.0174093060195446,0.018207743652164935
4503,0.019124310463666916,0.018219708856195213
4504,0.017512962222099304,0.018209839183837177
4505,0.018603887408971786,0.0182223467156291
4506,0.01759842038154602,0.018206083048135042
4507,0.018131567165255547,0.018206448927521705
4508,0.01843135617673397,0.01820568097755313
4509,0.017539961263537407,0.018197069615125655
4510,0.018155287951231003,0.018199167028069497
4511,0.017880327999591827,0.01819922149181366
4512,0.018857356160879135,0.01819531176239252
4513,0.018501780927181244,0.01819748017936945
4514,0.017483340576291084,0.018190572541207074
4515,0.01850857213139534,0.018203755971044303
4516,0.017690883949398994,0.018206816781312227
4517,0.01737075112760067,0.01820161025971174
4518,0.019471488893032074,0.01819818256422877
4519,0.017281560227274895,0.018184635154902935
4520,0.01885513961315155,0.018186497427523138
4521,0.01762726530432701,0.018184303622692823
4522,0.017467554658651352,0.01816483272239566
4523,0.01887332648038864,0.018176800329238175
4524,0.019562043249607086,0.01818907478824258
4525,0.016951153054833412,0.01817944761365652
4526,0.018439847975969315,0.018173921816051007
4527,0.018579404801130295,0.018179550655186175
4528,0.018547413870692253,0.01818525929003954
4529,0.01746959239244461,0.018173413723707198
4530,0.018682677298784256,0.018185506351292135
4531,0.017860814929008484,0.018185606077313423
4532,0.016871532425284386,0.018168838061392308
4533,0.018468916416168213,0.018173557762056588
4534,0.017634164541959763,0.018182069007307292
4535,0.018483106046915054,0.018183697108179332
4536,0.017235754057765007,0.01817221861332655
4537,0.018283359706401825,0.018173853922635316
4538,0.016412192955613136,0.01816007200628519
4539,0.017595380544662476,0.01814477114006877
4540,0.017879648134112358,0.018134321831166745
4541,0.017201386392116547,0.01811192970722914
4542,0.017487380653619766,0.018104841560125352
4543,0.017647067084908485,0.018086479771882297
4544,0.017013488337397575,0.018076630905270577
4545,0.018217643722891808,0.0180776359513402
4546,0.018380653113126755,0.018081230632960795
4547,0.017766091972589493,0.0180770730599761
4548,0.01755055971443653,0.01806849682703614
4549,0.018773535266518593,0.018080016784369945
4550,0.0179316196590662,0.018079819977283477
4551,0.018243853002786636,0.018088862039148806
4552,0.017968252301216125,0.018096058666706084
4553,0.018203776329755783,0.018094241321086883
4554,0.01774086430668831,0.018088124319911005
4555,0.017554674297571182,0.01807447586208582
4556,0.017594175413250923,0.018068449590355157
4557,0.01709388568997383,0.01806073425337672
4558,0.01808338239789009,0.018066490609198807
4559,0.01745053380727768,0.018053720202296973
4560,0.01759139634668827,0.018053678404539822
4561,0.018830671906471252,0.018054288029670715
4562,0.01961550861597061,0.01806433966383338
4563,0.01652270182967186,0.018047650549560784
4564,0.018673136830329895,0.018056211229413748
4565,0.01690121926367283,0.018046039752662182
4566,0.018422815948724747,0.01803972225636244
4567,0.017858855426311493,0.018031485304236414
4568,0.017477700486779213,0.018029325548559426
4569,0.018910950049757957,0.018039181381464004
4570,0.018576394766569138,0.01804211037233472
4571,0.01857379451394081,0.018046313300728797
4572,0.018552524968981743,0.018050256688147782
4573,0.01778488978743553,0.018051770105957984
4574,0.017334595322608948,0.018045992273837328
4575,0.01658599078655243,0.01803350992500782
4576,0.017177779227495193,0.018022672329097985
4577,0.019128328189253807,0.018037183228880167
4578,0.017658552154898643,0.01802732951939106
4579,0.018177516758441925,0.01802696514874697
4580,0.01890541985630989,0.01804184641689062
4581,0.01882973685860634,0.018042080625891684
4582,0.01646515354514122,0.018029728680849077
4583,0.018360178917646408,0.01803603895008564
4584,0.01823790743947029,0.01802869461476803
4585,0.01823766529560089,0.01803222209215164
4586,0.01653176173567772,0.0180119014903903
4587,0.018819428980350494,0.018017857000231743
4588,0.01784982904791832,0.01802614752203226
4589,0.017737576737999916,0.018015938401222228
4590,0.018473150208592415,0.018021131195127965
4591,0.018827756866812706,0.01802276335656643
4592,0.018298663198947906,0.01801845299080014
4593,0.017144571989774704,0.018014921713620423
4594,0.018266815692186356,0.018012210968881847
4595,0.018011102452874184,0.01801410548388958
4596,0.018617134541273117,0.018016928397119044
4597,0.01856355369091034,0.018020400181412696
4598,0.018619369715452194,0.01802169868722558
4599,0.0179562047123909,0.01800846330821514
4600,0.017328111454844475,0.01799666866660118
4601,0.017226526513695717,0.017988991755992174
4602,0.01796353980898857,0.017994534093886613
4603,0.017332714051008224,0.017976618129760025
4604,0.017362866550683975,0.017975117173045875
4605,0.017431655898690224,0.017963394857943057
4606,0.01771661639213562,0.017964576818048954
4607,0.019146699458360672,0.017974728140980004
4608,0.018014168366789818,0.017970556262880563
4609,0.01773783192038536,0.017972534969449044
4610,0.017612602561712265,0.017967108115553857
4611,0.017307540401816368,0.0179613802395761
4612,0.01923234760761261,0.017965130154043437
4613,0.017422635108232498,0.017954338695853948
4614,0.01716892048716545,0.017951194494962693
4615,0.01802489534020424,0.01794635772705078
4616,0.017994772642850876,0.0179493966139853
4617,0.017888721078634262,0.017954576313495636
4618,0.018892541527748108,0.017948786839842797
4619,0.01983335241675377,0.017974304761737586
4620,0.01782183349132538,0.017963971700519322
4621,0.018904590979218483,0.01797674495726824
4622,0.018188118934631348,0.01798395060002804
4623,0.0178493894636631,0.017973711229860783
4624,0.018403321504592896,0.01796212401241064
4625,0.017136361449956894,0.017963976096361876
4626,0.01739799976348877,0.01795355761423707
4627,0.017463140189647675,0.017942394968122242
4628,0.017894480377435684,0.017935865633189677
4629,0.018179768696427345,0.017942967396229505
4630,0.016477718949317932,0.017920917812734843
4631,0.017772991210222244,0.01792003957554698
4632,0.018497474491596222,0.017936298996210097
4633,0.017866645008325577,0.01793027628213167
4634,0.017149314284324646,0.01792542777955532
4635,0.017671380192041397,0.017917310521006584
4636,0.01698676124215126,0.017914820592850447
4637,0.018278518691658974,0.01791477218270302
4638,0.018498636782169342,0.01793563662096858
4639,0.017232459038496017,0.017932007405906916
4640,0.017955627292394638,0.01793276719748974
4641,0.018845271319150925,0.01794920604676008
4642,0.018566027283668518,0.01795999251306057
4643,0.01816680282354355,0.01796518987044692
4644,0.017671965062618256,0.017971774637699126
4645,0.01888958550989628,0.017978494055569172
4646,0.01773655042052269,0.01797205302864313
4647,0.017306208610534668,0.017967454195022582
4648,0.01845785602927208,0.017976527158170937
4649,0.018107589334249496,0.017969867698848247
4650,0.01868380233645439,0.01797738952562213
4651,0.019506730139255524,0.017990018296986817
4652,0.01708012819290161,0.017981137055903672
4653,0.018251799046993256,0.017981617283076047
4654,0.018428629264235497,0.01798849493265152
4655,0.017517199739813805,0.017988120187073946
4656,0.018519144505262375,0.017997369877994062
4657,0.017314348369836807,0.01799957450479269
4658,0.017833489924669266,0.017997075580060484
4659,0.018434129655361176,0.018006911538541316
4660,0.018082162365317345,0.01801181919872761
4661,0.0172213613986969,0.017995726093649866
4662,0.017451660707592964,0.01797408761456609
4663,0.017157213762402534,0.017980432733893395
4664,0.017187580466270447,0.0179655771702528
4665,0.0174945630133152,0.017971510607749222
4666,0.016740988940000534,0.017954692337661983
4667,0.017867539077997208,0.01795477917417884
4668,0.018343202769756317,0.01796343419700861
4669,0.017435796558856964,0.0179486826620996
4670,0.016459889709949493,0.017927517611533404
4671,0.01747749373316765,0.01791655460372567
4672,0.017123345285654068,0.017902262806892395
4673,0.016948407515883446,0.017893897984176874
4674,0.017992081120610237,0.017900472842156886
4675,0.018101736903190613,0.017915630303323268
4676,0.017094574868679047,0.017914798259735108
4677,0.017196200788021088,0.01789547698572278
4678,0.01708200015127659,0.01788971146568656
4679,0.017304766923189163,0.017880983967334032
4680,0.018935605883598328,0.017881285827606917
4681,0.01949188858270645,0.01788790734484792
4682,0.017303945496678352,0.017896295264363288
4683,0.017739102244377136,0.017890084497630597
4684,0.01786172203719616,0.017886322643607854
4685,0.017136577516794205,0.017875311765819787
4686,0.01731860265135765,0.017883180174976587
4687,0.017650457099080086,0.017871490456163885
4688,0.01844838447868824,0.01787747601047158
4689,0.017740309238433838,0.01787750333547592
4690,0.01787887141108513,0.01787156054750085
4691,0.018069472163915634,0.017863977700471878
4692,0.01853405311703682,0.017866331599652768
4693,0.01725771464407444,0.017867463026195764
4694,0.018521640449762344,0.017870011273771524
4695,0.019228853285312653,0.01788218878209591
4696,0.018165411427617073,0.01787767155095935
4697,0.01738523691892624,0.017865888383239506
4698,0.017968693748116493,0.01785938162356615
4699,0.017194386571645737,0.017851763442158698
4700,0.017589930444955826,0.017854381632059813
4701,0.017658773809671402,0.01785870410501957
4702,0.018029332160949707,0.01785936202853918
4703,0.018311932682991028,0.017869154214859007
4704,0.016216203570365906,0.017857687585055827
4705,0.016498636454343796,0.017848357390612364
4706,0.017151379957795143,0.01784270502626896
4707,0.016860608011484146,0.017819844111800195
4708,0.017045531421899796,0.017810157742351295
4709,0.01791764423251152,0.017811955865472556
4710,0.017635967582464218,0.017812189515680074
4711,0.017463594675064087,0.017813750058412552
4712,0.017923928797245026,0.017800665870308877
4713,0.018643232062458992,0.01781287183985114
4714,0.0176878459751606,0.017818061094731094
4715,0.017995093017816544,0.017817763071507217
4716,0.016643576323986053,0.017804251108318566
4717,0.01792360655963421,0.017804599963128567
4718,0.01853283867239952,0.01780100293457508
4719,0.016569243744015694,0.0177683618478477
4720,0.016647182404994965,0.017756615336984395
4721,0.018866483122110367,0.017756234258413314
4722,0.01735375076532364,0.017747890576720236
4723,0.018129633739590645,0.017750693019479513
4724,0.016993025317788124,0.017736590057611464
4725,0.016987599432468414,0.01773510243743658
4726,0.016639700159430504,0.017727519441395997
4727,0.01699560508131981,0.01772284409031272
4728,0.01859734021127224,0.017729872688651085
4729,0.015806132927536964,0.017706136330962182
4730,0.017804358154535294,0.017719402723014355
4731,0.019577477127313614,0.01773744758218527
4732,0.016935329884290695,0.017721826136112215
4733,0.01834273152053356,0.017726587001234292
4734,0.017012201249599457,0.017725215870887042
4735,0.017368515953421593,0.017722187228500844
4736,0.01745470054447651,0.017726866621524097
4737,0.01676957681775093,0.017711777202785016
4738,0.017507687211036682,0.017701867707073687
4739,0.01612420566380024,0.017690785173326732
4740,0.018150413408875465,0.01769273303449154
4741,0.01691679283976555,0.017673448249697684
4742,0.01749119535088539,0.017662699930369855
4743,0.016896385699510574,0.017649995759129525
4744,0.018434688448905945,0.0176576229929924
4745,0.018416859209537506,0.017652895729988814
4746,0.018039187416434288,0.01765592209994793
4747,0.0173879936337471,0.017656739950180054
4748,0.018362415954470634,0.01765578554943204
4749,0.017791423946619034,0.017652623895555733
4750,0.017497677356004715,0.017640762645751238
4751,0.016729218885302544,0.017612987533211708
4752,0.015921268612146378,0.017601398937404155
4753,0.01764209009706974,0.01759530184790492
4754,0.01695023663341999,0.017580517921596765
4755,0.017794307321310043,0.01758328899741173
4756,0.01745491847395897,0.017572646737098695
4757,0.018339673057198524,0.017582899983972312
4758,0.017655720934271812,0.017581122294068337
4759,0.017811724916100502,0.01757489824667573
4760,0.01765243336558342,0.01757060095667839
4761,0.016514457762241364,0.017563531920313836
4762,0.017130499705672264,0.017560320310294628
4763,0.01757337898015976,0.0175644819624722
4764,0.01748783141374588,0.017567484471946955
4765,0.01666785031557083,0.01755921734496951
4766,0.017851028591394424,0.01757031774148345
4767,0.017068978399038315,0.01756233213469386
4768,0.017190327867865562,0.017550803385674954
4769,0.018329069018363953,0.01755973611027002
4770,0.017748169600963593,0.017572618909180163
4771,0.01719903200864792,0.01756983429193497
4772,0.016382602974772453,0.017562426868826152
4773,0.01728140190243721,0.01756575681269169
4774,0.01769823580980301,0.017562818359583617
4775,0.0167786106467247,0.017549587097018957
4776,0.018589112907648087,0.017564532477408648
4777,0.017907042056322098,0.017571640890091656
4778,0.017949223518371582,0.017580313123762608
4779,0.01679643616080284,0.017575229816138745
4780,0.017218036577105522,0.017558054123073815
4781,0.017623290419578552,0.017539368141442538
4782,0.016998810693621635,0.01753631679341197
4783,0.017430033534765244,0.01753322610631585
4784,0.017792463302612305,0.017532533518970012
4785,0.01711321622133255,0.017532299906015396
4786,0.016905896365642548,0.017528172843158246
4787,0.017112061381340027,0.017522788885980845
4788,0.017361929640173912,0.0175119243375957
4789,0.017092475667595863,0.01750544600188732
4790,0.018714938312768936,0.01751380667090416
4791,0.01728207617998123,0.017505932711064816
4792,0.016405019909143448,0.017484642378985882
4793,0.016875412315130234,0.01748081935569644
4794,0.01728619635105133,0.01746846491470933
4795,0.017480693757534027,0.017450983319431543
4796,0.01701182872056961,0.01743944749236107
4797,0.017093859612941742,0.017436533719301223
4798,0.017847783863544464,0.017435324620455505
4799,0.017851948738098145,0.01744190024212003
4800,0.016151685267686844,0.017427517790347336
4801,0.01633988320827484,0.017414328884333374
4802,0.0173948984593153,0.017407984547317026
4803,0.017379749566316605,0.017398662716150284
4804,0.01735987886786461,0.01741009946912527
4805,0.016762182116508484,0.01741273492574692
4806,0.01751777157187462,0.017416398841887712
4807,0.017033956944942474,0.017418132331222295
4808,0.018320824950933456,0.01743088526651263
4809,0.01933015137910843,0.0174450103379786
4810,0.01703074760735035,0.01743895813822746
4811,0.01754521206021309,0.01743977431207895
4812,0.017659448087215424,0.017437129504978655
4813,0.017161741852760315,0.01742231460288167
4814,0.015510771423578262,0.017400543857365846
4815,0.017306171357631683,0.017393654640764
4816,0.01761334203183651,0.0174033522978425
4817,0.01672198250889778,0.017391336057335137
4818,0.017466867342591286,0.017380676344037057
4819,0.017016299068927765,0.017385146897286177
4820,0.016106409952044487,0.017379739172756672
4821,0.01771709695458412,0.017368245311081408
4822,0.017127949744462967,0.017365987300872802
4823,0.016566643491387367,0.01735035739839077
4824,0.017260564491152763,0.017353032790124415
4825,0.01679014414548874,0.01735105823725462
4826,0.016997184604406357,0.017354633081704377
4827,0.018593784421682358,0.017370614875108003
4828,0.017003154382109642,0.01735467301681638
4829,0.017816239967942238,0.01737477408722043
4830,0.01795702800154686,0.017376300785690545
4831,0.01631341502070427,0.017343660164624453
4832,0.016893360763788223,0.017343240473419428
4833,0.017181960865855217,0.017331632766872645
4834,0.016772713512182236,0.017329237889498472
4835,0.01787157729268074,0.017334268502891062
4836,0.01674971729516983,0.017327218670397996
4837,0.016425546258687973,0.017323778364807366
4838,0.018086876720190048,0.0173295702598989
4839,0.01692255213856697,0.017337553724646567
4840,0.01710880734026432,0.017327137663960455
4841,0.017094438895583153,0.017328914124518632
4842,0.016309764236211777,0.017317099813371897
4843,0.016135510057210922,0.0173094910569489
4844,0.017080198973417282,0.017295946162194015
4845,0.017477432265877724,0.017286551892757417
4846,0.01727697253227234,0.017278929743915795
4847,0.017042197287082672,0.01727547178044915
4848,0.015767663717269897,0.017249524258077145
4849,0.01730203442275524,0.017244630362838506
4850,0.01679905503988266,0.017237644139677287
4851,0.016307644546031952,0.01723342839628458
4852,0.017438992857933044,0.017248605638742448
4853,0.017302466556429863,0.01724520940333605
4854,0.01733640767633915,0.017249071113765238
4855,0.017915531992912292,0.01725028336048126
4856,0.017998570576310158,0.017255719881504775
4857,0.01797632873058319,0.017252086438238622
4858,0.016064174473285675,0.01723617097362876
4859,0.01840846985578537,0.017242138423025608
4860,0.017724327743053436,0.01724285736680031
4861,0.01638786680996418,0.017241591457277536
4862,0.016726430505514145,0.017237550765275955
4863,0.017284953966736794,0.017234666515141727
4864,0.01703168824315071,0.017230105083435775
4865,0.01681472547352314,0.017231573835015297
4866,0.016740527004003525,0.01722046881914139
4867,0.018172739073634148,0.017231506425887347
4868,0.01681232452392578,0.017227726392447948
4869,0.017198920249938965,0.0172164249047637
4870,0.016514211893081665,0.01720408532768488
4871,0.0160953588783741,0.01719304859638214
4872,0.018110554665327072,0.01721032811328769
4873,0.017762385308742523,0.01721513794735074
4874,0.018007509410381317,0.017218230683356525
4875,0.017682448029518127,0.01722726905718446
4876,0.01714221015572548,0.017212800029665232
4877,0.016725456342101097,0.017200984172523023
4878,0.017174484208226204,0.01719323677942157
4879,0.017024092376232147,0.01719551334157586
4880,0.01758446916937828,0.017199177667498587
4881,0.017501769587397575,0.017197962459176777
4882,0.017171423882246017,0.017199688591063023
4883,0.017260801047086716,0.017197996266186236
4884,0.016308441758155823,0.017183156050741673
4885,0.017265774309635162,0.017184681631624697
4886,0.01696835830807686,0.01718530625104904
4887,0.01718749850988388,0.01718606062233448
4888,0.01697283238172531,0.017182169649749994
4889,0.01889466866850853,0.01720019157975912
4890,0.017060646787285805,0.01718364866450429
4891,0.01621771603822708,0.01717300506308675
4892,0.01654590480029583,0.01717441391199827
4893,0.016756942495703697,0.017173229213804007
4894,0.0166481826454401,0.017166849076747894
4895,0.016902493312954903,0.017161067072302104
4896,0.017910270020365715,0.017170051485300063
4897,0.017308011651039124,0.017172193005681038
4898,0.01661774143576622,0.017159892581403255
4899,0.0173370148986578,0.017154743243008853
4900,0.01745021343231201,0.017167728524655104
4901,0.018229231238365173,0.017186622004956006
4902,0.017688442021608353,0.01718955744057894
4903,0.018033452332019806,0.01719609446823597
4904,0.017721999436616898,0.01719971567392349
4905,0.017448628321290016,0.017206580135971306
4906,0.016847264021635056,0.01719987506046891
4907,0.017629055306315422,0.01720582604408264
4908,0.01760712079703808,0.017198689002543687
4909,0.016662970185279846,0.0171720171906054
4910,0.017067380249500275,0.0171723835170269
4911,0.01766091212630272,0.017173540517687796
4912,0.01745610311627388,0.017171507067978382
4913,0.017323611304163933,0.017173125762492417
4914,0.016518764197826385,0.0171832056902349
4915,0.017637183889746666,0.01718651581555605
4916,0.017896544188261032,0.017189347837120294
4917,0.016462765634059906,0.017186755668371915
4918,0.0163753479719162,0.017175840474665166
4919,0.017933331429958344,0.01718501079827547
4920,0.01618342287838459,0.017185780927538873
4921,0.017901970073580742,0.017187629658728838
4922,0.01721443235874176,0.017188494484871628
4923,0.016161661595106125,0.017184444665908814
4924,0.01702616736292839,0.01718210069462657
4925,0.017456918954849243,0.017188768442720173
4926,0.01635710522532463,0.01718236764892936
4927,0.01691977120935917,0.017165627516806125
4928,0.01645033061504364,0.017160099279135466
4929,0.017103172838687897,0.017152968607842923
4930,0.017308911308646202,0.017146487440913915
4931,0.016955802217125893,0.017152911312878133
4932,0.016853749752044678,0.017152515202760697
4933,0.017279621213674545,0.017153491806238888
4934,0.01632409356534481,0.017149005606770514
4935,0.016182854771614075,0.017132118381559848
4936,0.01735749840736389,0.01713819619268179
4937,0.018457643687725067,0.01715851716697216
4938,0.018128270283341408,0.017158931102603674
4939,0.01717126928269863,0.01716141827404499
4940,0.016787530854344368,0.01715820550918579
4941,0.016609154641628265,0.017153352666646242
4942,0.016734126955270767,0.01715759629383683
4943,0.016956644132733345,0.017165807634592058
4944,0.016613004729151726,0.0171611356921494
4945,0.017492622137069702,0.01716128759086132
4946,0.016594016924500465,0.0171544580347836
4947,0.016368752345442772,0.017147723585367203
4948,0.018429268151521683,0.017174339629709722
4949,0.017111854627728462,0.01717243783175945
4950,0.01651589199900627,0.01716960620135069
4951,0.01645895466208458,0.017171119302511216
4952,0.01754661649465561,0.01717219553887844
4953,0.016937609761953354,0.017168546970933677
4954,0.017730852589011192,0.017172491420060398
4955,0.016891658306121826,0.01716225268319249
4956,0.016552716493606567,0.017147794142365457
4957,0.018667016178369522,0.01715470101684332
4958,0.01695711724460125,0.017163630444556474
4959,0.017314918339252472,0.017152694929391147
4960,0.017393777146935463,0.017149389423429966
4961,0.017425209283828735,0.01715976284816861
4962,0.017888972535729408,0.017171388268470766
4963,0.016216162592172623,0.017160700354725122
4964,0.01718936674296856,0.017162277139723302
4965,0.017015602439641953,0.01716428590938449
4966,0.018000883981585503,0.01717688947916031
4967,0.016832947731018066,0.017163491565734146
4968,0.017732875421643257,0.01717269707471132
4969,0.017389513552188873,0.01717460300773382
4970,0.016533322632312775,0.017174794115126134
4971,0.017672188580036163,0.017190562412142753
4972,0.016448911279439926,0.01717394597828388
4973,0.017633792012929916,0.017172660045325756
4974,0.01799921691417694,0.017172577120363713
4975,0.01712457835674286,0.01716699842363596
4976,0.016868505626916885,0.017164261378347874
4977,0.01661883294582367,0.0171631951443851
4978,0.017011776566505432,0.01716156806796789
4979,0.016846345737576485,0.017159790601581335
4980,0.017343029379844666,0.017157376203686
4981,0.017135854810476303,0.017153717055916787
4982,0.016834326088428497,0.01715034607797861
4983,0.01715409941971302,0.017149279061704874
4984,0.017168434336781502,0.017157878987491132
4985,0.01707005500793457,0.017155921794474126
4986,0.017373565584421158,0.01715997386723757
4987,0.01793433167040348,0.017167442198842763
4988,0.018367497250437737,0.01718138884752989
4989,0.016695436090230942,0.01715939652174711
4990,0.016842061653733253,0.017157210670411586
4991,0.016887780278921127,0.01716391131281853
4992,0.017545975744724274,0.017173912022262813
4993,0.017233172431588173,0.017178674321621658
4994,0.01679239049553871,0.017180116400122642
4995,0.016175169497728348,0.017172843161970378
4996,0.016401521861553192,0.01715775568038225
4997,0.017291678115725517,0.017157592345029116
4998,0.017268866300582886,0.01716410359367728
4999,0.017536824569106102,0.017166101690381765
5000,0.01665768399834633,0.01715817639604211
5001,0.017742929980158806,0.017153313383460045
5002,0.017695236951112747,0.01715338133275509
5003,0.016896886751055717,0.017142015676945448
5004,0.016705766320228577,0.017131853345781566
5005,0.01709849014878273,0.01712835196405649
5006,0.017570853233337402,0.017135587856173515
5007,0.017496950924396515,0.017134266812354325
5008,0.017013780772686005,0.017128333412110806
5009,0.017323952168226242,0.01713494323194027
5010,0.017297834157943726,0.017137247771024704
5011,0.01701364293694496,0.017130775079131126
5012,0.016376012936234474,0.017119974177330733
5013,0.017180193215608597,0.01711853999644518
5014,0.015647143125534058,0.017109823785722254
5015,0.01616537570953369,0.017095105703920126
5016,0.016952181234955788,0.017085662074387074
5017,0.01697269268333912,0.017090761344879867
5018,0.016842588782310486,0.017095433752983807
5019,0.017035886645317078,0.017086459305137396
5020,0.015931110829114914,0.0170839361846447
5021,0.016510004177689552,0.017070016525685787
5022,0.01593789830803871,0.017057251185178757
5023,0.016903765499591827,0.017064672224223615
5024,0.016851603984832764,0.01706292659044266
5025,0.01648314855992794,0.017053188886493445
5026,0.016069337725639343,0.017050311211496593
5027,0.016978181898593903,0.01705089531838894
5028,0.016254033893346786,0.01704893235117197
5029,0.016132662072777748,0.01703922724351287
5030,0.01731783151626587,0.017039316445589064
5031,0.017253650352358818,0.017042294926941395
5032,0.017550429329276085,0.017049261722713708
5033,0.017029304057359695,0.01704675855115056
5034,0.017139557749032974,0.017054913192987443
5035,0.016191817820072174,0.017055002823472023
5036,0.016653768718242645,0.017047965526580812
5037,0.016953198239207268,0.01703292107209563
5038,0.017124144360423088,0.01702287981286645
5039,0.01597587577998638,0.017010925877839325
5040,0.016760487109422684,0.01701065544039011
5041,0.017470471560955048,0.017019268609583377
5042,0.01653495617210865,0.017017276901751758
5043,0.017299527302384377,0.017020705733448268
5044,0.01777658984065056,0.017032341584563255
5045,0.01589447259902954,0.017016360089182853
5046,0.016229726374149323,0.017012717183679343
5047,0.01666083000600338,0.01701563796028495
5048,0.016868768259882927,0.01700003296136856
5049,0.016840577125549316,0.016997320186346768
5050,0.01653475873172283,0.016997508853673935
5051,0.01641586795449257,0.016997077986598014
5052,0.016650689765810966,0.016988118719309567
5053,0.01624232344329357,0.01698116585612297
5054,0.01719917729496956,0.016975849103182554
5055,0.01721232570707798,0.016979055777192116
5056,0.01753249578177929,0.016988853570073844
5057,0.016490396112203598,0.016967087369412184
5058,0.01749534346163273,0.0169724696315825
5059,0.01653905399143696,0.016964710988104342
5060,0.017215684056282043,0.01696293005719781
5061,0.015852656215429306,0.016947204526513816
5062,0.017614994198083878,0.01694446474313736
5063,0.017842229455709457,0.016960725411772726
5064,0.016820304095745087,0.016957034785300494
5065,0.017317693680524826,0.016960055697709323
5066,0.01749330386519432,0.01695497989654541
5067,0.017742089927196503,0.016964071318507194
5068,0.016718901693820953,0.016953931581228973
5069,0.015615826472640038,0.016936194710433485
5070,0.01610570028424263,0.01693191848695278
5071,0.017007682472467422,0.016925273425877095
5072,0.017866376787424088,0.016939448080956935
5073,0.015505257993936539,0.016918162740767004
5074,0.016794104129076004,0.016906111612915994
5075,0.016501175239682198,0.016899877581745385
5076,0.01791273057460785,0.016910319831222296
5077,0.01851722225546837,0.016929303724318744
5078,0.017676232382655144,0.01693594828248024
5079,0.016869917511940002,0.016936184000223876
5080,0.016942493617534637,0.016932178642600774
5081,0.016637563705444336,0.016927195731550455
5082,0.017128657549619675,0.016930139046162366
5083,0.016597069799900055,0.016924568749964237
5084,0.017675723880529404,0.016929641645401717
5085,0.01725493185222149,0.016931490413844584
5086,0.01655321568250656,0.01692328691482544
5087,0.01652776077389717,0.016909221205860376
5088,0.01747514121234417,0.016900297645479442
5089,0.016490206122398376,0.016898245345801116
5090,0.017384976148605347,0.016903674490749837
5091,0.017697656527161598,0.016911773253232242
5092,0.016583077609539032,0.016902144271880387
5093,0.017079155892133713,0.016900604106485844
5094,0.016212888062000275,0.01689480908215046
5095,0.017410121858119965,0.016907158605754376
5096,0.015809398144483566,0.01690123736858368
5097,0.01781529374420643,0.016906473524868487
5098,0.01641281321644783,0.01689791299402714
5099,0.01709987223148346,0.01689354347065091
5100,0.01710507832467556,0.016898017413914203
5101,0.01614266075193882,0.016882014721632005
5102,0.016791626811027527,0.01687297862023115
5103,0.017262881621718407,0.016876638568937778
5104,0.016663555055856705,0.01687621645629406
5105,0.016985639929771423,0.016875087954103946
5106,0.016740567982196808,0.016866785101592542
5107,0.01678498089313507,0.016859665401279925
5108,0.016124486923217773,0.016850772462785244
5109,0.016700569540262222,0.016844538636505604
5110,0.016566265374422073,0.016837222948670388
5111,0.016479521989822388,0.01683188173919916
5112,0.016939254477620125,0.016837514154613018
5113,0.016061821952462196,0.016826330441981553
5114,0.01618604175746441,0.01683171942830086
5115,0.017605850473046303,0.016846124175935985
5116,0.016348613426089287,0.01684008849784732
5117,0.01736323907971382,0.016843993961811066
5118,0.01644156686961651,0.016839983742684125
5119,0.017429757863283157,0.016843922454863786
5120,0.017185170203447342,0.01685646304860711
5121,0.01689653843641281,0.016860328391194345
5122,0.016995320096611977,0.016870902609080075
5123,0.0157136432826519,0.016859001386910676
5124,0.017093949019908905,0.016861424837261437
5125,0.01752527803182602,0.01687184613198042
5126,0.016229700297117233,0.016873449757695197
5127,0.017433874309062958,0.01687800668179989
5128,0.017510170117020607,0.016890568044036627
5129,0.01759188622236252,0.016905160285532475
5130,0.017012055963277817,0.016902102530002593
5131,0.016185011714696884,0.016891416143625975
5132,0.017668332904577255,0.016892595179378987
5133,0.01650785654783249,0.016887380704283715
5134,0.015586161985993385,0.01687184674665332
5135,0.016147665679454803,0.016871405225247146
5136,0.016875511035323143,0.01687362264841795
5137,0.016130002215504646,0.016865390688180923
5138,0.016711406409740448,0.016861263308674098
5139,0.016590964049100876,0.01686741419136524
5140,0.017162099480628967,0.016871430315077304
5141,0.015523312613368034,0.016851958725601433
5142,0.016738053411245346,0.016853989697992802
5143,0.01623961515724659,0.016843390576541425
5144,0.01689770072698593,0.01683460168540478
5145,0.01742585189640522,0.016849915478378535
5146,0.01651708036661148,0.016852789018303158
5147,0.016804292798042297,0.016854223646223545
5148,0.01494411937892437,0.016834977157413958
5149,0.0162860956043005,0.01682943234220147
5150,0.01726929284632206,0.016836777683347463
5151,0.01783350110054016,0.01685095401480794
5152,0.017794782295823097,0.01686239494010806
5153,0.01673395372927189,0.016867311242967843
5154,0.016475893557071686,0.016860078405588865
5155,0.016837380826473236,0.016856328956782816
5156,0.016801686957478523,0.01684902086853981
5157,0.016719115898013115,0.016851308066397907
5158,0.0163656584918499,0.016840011216700077
5159,0.017046375200152397,0.01684508442878723
5160,0.01612166501581669,0.016834144238382576
5161,0.014959709718823433,0.01682521477341652
5162,0.017661767080426216,0.016825682502239942
5163,0.016888409852981567,0.016816144306212664
5164,0.0174887552857399,0.01682282881811261
5165,0.016965746879577637,0.01681930935010314
5166,0.015824219211935997,0.016802618503570555
5167,0.017191428691148758,0.016797111891210078
5168,0.016176681965589523,0.016791689693927764
5169,0.016434496268630028,0.016799876391887666
5170,0.017030544579029083,0.01680912483483553
5171,0.018024330958724022,0.016819291319698094
5172,0.01653207652270794,0.016805948317050935
5173,0.016483141109347343,0.01681572714820504
5174,0.01712651737034321,0.016819051280617715
5175,0.01647544652223587,0.01681879399344325
5176,0.017476089298725128,0.016814427580684424
5177,0.017480842769145966,0.0168040637858212
5178,0.016595037654042244,0.01679325183853507
5179,0.016736112534999847,0.01679191378876567
5180,0.01579022780060768,0.0167803911305964
5181,0.016480958089232445,0.01677882507443428
5182,0.016512587666511536,0.016772664375603197
5183,0.016584908589720726,0.016772542763501406
5184,0.01664375327527523,0.016762223057448865
5185,0.016333218663930893,0.01675300592556596
5186,0.01615280658006668,0.01674900183454156
5187,0.015576615929603577,0.016739490386098625
5188,0.016485221683979034,0.016729591190814973
5189,0.015634067356586456,0.016721029803156852
5190,0.01668650470674038,0.016714045088738205
5191,0.016345255076885223,0.01670052107423544
5192,0.01677113026380539,0.016702401600778103
5193,0.015711093321442604,0.01668872097507119
5194,0.016519026830792427,0.016691782362759113
5195,0.01719674840569496,0.016689648628234865
5196,0.01716199889779091,0.016703174635767936
5197,0.016816724091768265,0.016693188939243556
5198,0.017178431153297424,0.01670084511861205
5199,0.017227333039045334,0.01670211972668767
5200,0.016351480036973953,0.016694583743810654
5201,0.015773378312587738,0.016690890919417143
5202,0.016245165839791298,0.01668542630970478
5203,0.0172833651304245,0.01668563114479184
5204,0.017132481560111046,0.016690320409834383
5205,0.01599162071943283,0.016680380217730998
5206,0.01631505787372589,0.01667612511664629
5207,0.016921430826187134,0.01667748961597681
5208,0.01663198694586754,0.016682564616203308
5209,0.015859805047512054,0.016674156971275805
5210,0.016113650053739548,0.016669630818068982
5211,0.01522397343069315,0.016657075332477688
5212,0.016724955290555954,0.016654932340607047
5213,0.0166266318410635,0.01666058043949306
5214,0.016178082674741745,0.016660500848665834
5215,0.017279531806707382,0.016657237662002444
5216,0.015973113477230072,0.016653482662513854
5217,0.016462858766317368,0.016644478859379887
5218,0.01736786961555481,0.016653741886839272
5219,0.016258347779512405,0.016642027786001563
5220,0.016197901219129562,0.016632155096158386
5221,0.015876393765211105,0.016621953649446367
5222,0.01608230359852314,0.01661282348446548
5223,0.017208382487297058,0.016627770876511933
5224,0.015861043706536293,0.016615441823378204
5225,0.016571877524256706,0.016605907818302512
5226,0.016717538237571716,0.016610786197707058
5227,0.016564805060625076,0.016602095505222677
5228,0.016552146524190903,0.01659251526929438
5229,0.016832266002893448,0.01658491906709969
5230,0.016459334641695023,0.016579391853883862
5231,0.01617129147052765,0.01657925465144217
5232,0.01673874258995056,0.016569958748295904
5233,0.016355058178305626,0.016568430764600635
5234,0.01606745272874832,0.016573243672028184
5235,0.01588449999690056,0.016570612015202643
5236,0.015464717522263527,0.016556504080072046
5237,0.01712333783507347,0.016566437436267734
5238,0.016288941726088524,0.016562212789431215
5239,0.01666402816772461,0.01656294343061745
5240,0.015731386840343475,0.016548636304214596
5241,0.01645331270992756,0.016557936305180192
5242,0.0173799991607666,0.016564355762675405
5243,0.016974948346614838,0.016571709094569086
5244,0.016955802217125893,0.016572290109470488
5245,0.016406036913394928,0.016562091959640382
5246,0.017727768048644066,0.016574198836460708
5247,0.015565142035484314,0.01656180732883513
5248,0.01614084094762802,0.016573774544522166
5249,0.015976864844560623,0.016570682236924768
5250,0.015668896958231926,0.016554678278043865
5251,0.01596860960125923,0.016536029363051055
5252,0.01701308786869049,0.01652821241877973
5253,0.016744006425142288,0.016528312945738435
5254,0.01676441729068756,0.016531198183074594
5255,0.01708654873073101,0.01653368986211717
5256,0.017039800062775612,0.016536070993170143
5257,0.015954487025737762,0.01652842470444739
5258,0.015750495716929436,0.016522273076698183
5259,0.01623762771487236,0.016514185601845383
5260,0.01706773042678833,0.0165236462559551
5261,0.01554296538233757,0.016529478812590242
5262,0.01732705906033516,0.01652613173238933
5263,0.016094239428639412,0.016518190028145908
5264,0.015373939648270607,0.016497041871771215
5265,0.017396386712789536,0.016501348270103335
5266,0.015696588903665543,0.016500071967020632
5267,0.01627114601433277,0.01649086914025247
5268,0.015847481787204742,0.016487577138468622
5269,0.01556970551609993,0.016478929230943323
5270,0.01613897830247879,0.01647001356817782
5271,0.016812320798635483,0.016457893466576935
5272,0.016601160168647766,0.01645858430303633
5273,0.015810683369636536,0.016451859725639225
5274,0.017323855310678482,0.016453833105042576
5275,0.015408828854560852,0.016443166928365827
5276,0.01724710687994957,0.016440877104178072
5277,0.01663614809513092,0.01643243015743792
5278,0.017458833754062653,0.016441068118438124
5279,0.015804965049028397,0.01643175664357841
5280,0.01710715889930725,0.016444925954565405
5281,0.016198040917515755,0.016442096782848237
5282,0.015721376985311508,0.01643418467603624
5283,0.015457816421985626,0.01642291375435889
5284,0.016274023801088333,0.01641921645961702
5285,0.017260409891605377,0.016428488371893764
5286,0.017496366053819656,0.016441923966631293
5287,0.01603771559894085,0.016446534963324665
5288,0.015919774770736694,0.016440880494192244
5289,0.015908420085906982,0.01644362402148545
5290,0.015803536400198936,0.016434794338420034
5291,0.01634189672768116,0.01643476075492799
5292,0.018393149599432945,0.016450980948284268
5293,0.016242235898971558,0.01645629237405956
5294,0.01658150553703308,0.016456917161121964
5295,0.016319049522280693,0.016448140172287823
5296,0.016098694875836372,0.016437507132068277
5297,0.016762707382440567,0.016436966964975
5298,0.016661815345287323,0.016431800806894898
5299,0.01639384962618351,0.01642346597276628
5300,0.016869578510522842,0.01642864695750177
5301,0.01621110737323761,0.016433024248108268
5302,0.016171909868717194,0.016432291688397528
5303,0.016337649896740913,0.01642283453606069
5304,0.017016327008605003,0.01642167299054563
5305,0.016134440898895264,0.016423101192340254
5306,0.01683114655315876,0.016428262079134583
5307,0.015795202925801277,0.016416999800130724
5308,0.016464367508888245,0.016415323605760933
5309,0.016269328072667122,0.016419418836012483
5310,0.018042150884866714,0.016438703844323756
5311,0.01563837006688118,0.016442847810685633
5312,0.017159435898065567,0.016447192616760732
5313,0.015956813469529152,0.016440494433045388
5314,0.015363583341240883,0.016432349439710378
5315,0.017263337969779968,0.016432187501341105
5316,0.016557030379772186,0.016438026670366524
5317,0.01587759330868721,0.016432174015790224
5318,0.015893317759037018,0.016417428497225047
5319,0.01709909364581108,0.01642583595588803
5320,0.015988776460289955,0.016423744708299638
5321,0.01646876335144043,0.01642966840416193
5322,0.01661902479827404,0.01643503561615944
5323,0.016505345702171326,0.016428005248308182
5324,0.0162520669400692,0.01643191548064351
5325,0.014694234356284142,0.016413139048963785
5326,0.015497351996600628,0.016400937186554075
5327,0.01667262613773346,0.016402015397325158
5328,0.01654673181474209,0.01640196125023067
5329,0.0164167620241642,0.01639780621044338
5330,0.016742683947086334,0.01640063970349729
5331,0.01534709520637989,0.016392397740855814
5332,0.01632407307624817,0.01638825104571879
5333,0.015564060769975185,0.016380341071635485
5334,0.01680934987962246,0.016387760043144226
5335,0.01759384572505951,0.016404853500425816
5336,0.015915967524051666,0.016409366000443695
5337,0.01596830040216446,0.016397815626114608
5338,0.01664363592863083,0.01640136256814003
5339,0.016165677458047867,0.016396379061043263
5340,0.014966044574975967,0.016388725638389588
5341,0.016410157084465027,0.016388294082134963
5342,0.016346963122487068,0.016377963721752167
5343,0.017470207065343857,0.016382916308939458
5344,0.01638980768620968,0.016377256363630296
5345,0.016436466947197914,0.016377560663968324
5346,0.016058359295129776,0.01636086657643318
5347,0.016623660922050476,0.016371451765298844
5348,0.015607605688273907,0.016366119412705302
5349,0.01665715128183365,0.016372922277078032
5350,0.01647914946079254,0.016381024802103638
5351,0.016750942915678024,0.016388848135247828
5352,0.016187988221645355,0.016380597138777375
5353,0.0170220285654068,0.01638337736018002
5354,0.016245359554886818,0.01637818678282201
5355,0.016520891338586807,0.01637253020890057
5356,0.01605881191790104,0.016362720327451827
5357,0.015792548656463623,0.016361100943759085
5358,0.016408540308475494,0.016367681389674545
5359,0.016305238008499146,0.016368357492610813
5360,0.016584711149334908,0.016363527299836277
5361,0.016558073461055756,0.01637367838062346
5362,0.016092408448457718,0.016361331874504684
5363,0.016117682680487633,0.01636156630702317
5364,0.016619164496660233,0.016374018555507065
5365,0.01670026406645775,0.016367057329043744
5366,0.017060188576579094,0.016380693325772883
5367,0.01537374034523964,0.01637171926908195
5368,0.016494983807206154,0.016378194289281965
5369,0.01530219241976738,0.016375519158318638
5370,0.01590840145945549,0.016373213389888407
5371,0.016175527125597,0.01636684545315802
5372,0.017132801935076714,0.01637216187082231
5373,0.015213482081890106,0.016366189857944847
5374,0.016461171209812164,0.016357563016936184
5375,0.0167321115732193,0.01637079584412277
5376,0.01603582873940468,0.01635868306271732
5377,0.01613922044634819,0.01635371378622949
5378,0.01548932958394289,0.016334018744528292
5379,0.01516055315732956,0.016327574625611307
5380,0.015067711472511292,0.016307180151343345
5381,0.01598096266388893,0.016305009368807077
5382,0.017461709678173065,0.016322412695735693
5383,0.01622072607278824,0.01633004179224372
5384,0.015902308747172356,0.01632632464170456
5385,0.016409605741500854,0.016317816600203514
5386,0.014705128036439419,0.01628990422002971
5387,0.01537988893687725,0.016283325953409075
5388,0.01628400944173336,0.016286968300119043
5389,0.016973115503787994,0.01629761525429785
5390,0.016098441556096077,0.016300564305856823
5391,0.01723737269639969,0.01630951906554401
5392,0.016567189246416092,0.01629125946201384
5393,0.015100718475878239,0.016279844287782907
5394,0.01565149798989296,0.016270544212311507
5395,0.015940213575959206,0.016266755852848293
5396,0.015473349019885063,0.01626050239428878
5397,0.014983694069087505,0.016242712261155246
5398,0.017168283462524414,0.016247776942327617
5399,0.01634165644645691,0.016247255010530353
5400,0.016004811972379684,0.016238607345148922
5401,0.01626182720065117,0.016239114543423055
5402,0.01672516018152237,0.016244647046551108
5403,0.01643998548388481,0.016245670402422547
5404,0.016698747873306274,0.01624249461106956
5405,0.01620364747941494,0.016243186676874757
5406,0.01642991602420807,0.01623917437158525
5407,0.015759266912937164,0.01623881501145661
5408,0.016188781708478928,0.016236059153452515
5409,0.01574692502617836,0.01623083512298763
5410,0.016100211068987846,0.01621141572482884
5411,0.017255160957574844,0.016227583633735776
5412,0.015872567892074585,0.016214714953675866
5413,0.016228824853897095,0.016217435067519544
5414,0.015932707116007805,0.016223126305267215
5415,0.016562148928642273,0.016216114414855837
5416,0.015987979248166084,0.016210423903539776
5417,0.01651577278971672,0.016216805698350073
5418,0.015518032014369965,0.0162130528409034
5419,0.01699875481426716,0.016212049452587963
5420,0.01517705898731947,0.016203932277858258
5421,0.016345422714948654,0.01620269887149334
5422,0.015959592536091805,0.016196104548871517
5423,0.016518788412213326,0.016196238975971937
5424,0.016234926879405975,0.016196067575365306
5425,0.016057172790169716,0.01620969695970416
5426,0.015671219676733017,0.016211435636505483
5427,0.016343509778380394,0.016208144472911953
5428,0.017408015206456184,0.016216757306829095
5429,0.015972239896655083,0.016212312085554004
5430,0.015190544538199902,0.016196790691465138
5431,0.01539033092558384,0.01619722304865718
5432,0.016467005014419556,0.016198652368038892
5433,0.01559357438236475,0.01619894750416279
5434,0.015841782093048096,0.016189271826297046
5435,0.01522909663617611,0.01616562433540821
5436,0.01642916165292263,0.01617075627669692
5437,0.015847191214561462,0.01616954518482089
5438,0.015427532605826855,0.01615738415159285
5439,0.016791552305221558,0.016163642900064588
5440,0.01575232297182083,0.016171505684033038
5441,0.01666567474603653,0.01617406086064875
5442,0.016432911157608032,0.01617492034099996
5443,0.015385081991553307,0.016154069090262055
5444,0.01616058498620987,0.01615177686326206
5445,0.015338696539402008,0.016140799159184097
5446,0.01572565734386444,0.016137472139671444
5447,0.016355205327272415,0.016134787583723664
5448,0.016024937853217125,0.016138960905373097
5449,0.01653508096933365,0.016137740202248098
5450,0.01577918604016304,0.016130740568041802
5451,0.016075648367404938,0.01612398762255907
5452,0.01587628200650215,0.01612087056040764
5453,0.0165774654597044,0.016116424929350615
5454,0.015710992738604546,0.016111081261187793
5455,0.016750792041420937,0.016113380268216133
5456,0.01580328866839409,0.016110825035721064
5457,0.0167242381721735,0.016120141930878164
5458,0.016580387949943542,0.016121860407292844
5459,0.01644086092710495,0.0161232166364789
5460,0.015738489106297493,0.016114754416048527
5461,0.01560360286384821,0.01610520971007645
5462,0.015903415158391,0.016103319777175783
5463,0.015617567114531994,0.016098318621516228
5464,0.01550741121172905,0.016087201088666916
5465,0.014807087369263172,0.01606826932169497
5466,0.015448957681655884,0.01605215701274574
5467,0.016945935785770416,0.016067878967151047
5468,0.015897659584879875,0.016061905724927782
5469,0.015047192573547363,0.016059355726465583
5470,0.016078859567642212,0.01606106030754745
5471,0.01577296294271946,0.016057034665718676
5472,0.01659148931503296,0.016051621539518238
5473,0.015606921166181564,0.016055555930361152
5474,0.014384215697646141,0.01603478637523949
5475,0.016622330993413925,0.01603368856944144
5476,0.0154797974973917,0.01602812825702131
5477,0.016360703855752945,0.016030343091115354
5478,0.015508407726883888,0.016030533872544765
5479,0.01589031331241131,0.016037831474095585
5480,0.015355808660387993,0.01604071244597435
5481,0.01569187268614769,0.01603782154619694
5482,0.015768282115459442,0.0160208872705698
5483,0.015525391325354576,0.016013933923095466
5484,0.01624635048210621,0.0160173743404448
5485,0.01564725674688816,0.016009750850498675
5486,0.016720091924071312,0.016029900489374995
5487,0.0157906636595726,0.01603400823660195
5488,0.016010265797376633,0.01603127080015838
5489,0.01617586798965931,0.016023298325017095
5490,0.01620541885495186,0.016024368098005653
5491,0.016004253178834915,0.016012036902830006
5492,0.016285475343465805,0.0160092197638005
5493,0.016558269038796425,0.016023795269429684
5494,0.016286181285977364,0.016030142102390527
5495,0.016234904527664185,0.016033089011907576
5496,0.016148801892995834,0.016039843540638685
5497,0.01674080267548561,0.016057414626702668
5498,0.01572374626994133,0.016042969254776836
5499,0.01539771817624569,0.016033529872074723
5500,0.0153843704611063,0.01602732545696199
5501,0.016364939510822296,0.0160283565800637
5502,0.016438620164990425,0.01602549117989838
5503,0.016132229939103127,0.016022413624450563
5504,0.015900541096925735,0.01601443155668676
5505,0.015470610931515694,0.016007101191207768
5506,0.015657462179660797,0.015999376652762295
5507,0.017194297164678574,0.01601372695527971
5508,0.016154993325471878,0.016013389071449637
5509,0.01541387289762497,0.016010058550164102
5510,0.01607382856309414,0.016009794725105168
5511,0.01617838628590107,0.01599902697838843
5512,0.01566609926521778,0.01599696229211986
5513,0.015265904366970062,0.01598733308725059
5514,0.016245778650045395,0.015990463802590966
5515,0.016419578343629837,0.01598903809674084
5516,0.016781345009803772,0.015996971754357218
5517,0.016282327473163605,0.01599463730119169
5518,0.016496339812874794,0.016004420379176737
5519,0.016048489138484,0.015994917722418903
5520,0.015553116798400879,0.015998678300529718
5521,0.015048949047923088,0.01598571356385946
5522,0.01690276525914669,0.015995145291090012
5523,0.014869860373437405,0.015978656010702252
5524,0.01470249891281128,0.015963331731036305
5525,0.01657000370323658,0.015968460040166974
5526,0.016172684729099274,0.015973474690690638
5527,0.015438622795045376,0.015964425820857286
5528,0.01454855129122734,0.015935831181705
5529,0.016115844249725342,0.0159372672252357
5530,0.015419667586684227,0.015939558455720544
5531,0.015915963798761368,0.01594481478445232
5532,0.014536606147885323,0.01592551079578698
5533,0.016216738149523735,0.015931742433458566
5534,0.015312348492443562,0.01592644809745252
5535,0.01615910232067108,0.01593574815429747
5536,0.016133341938257217,0.015932789957150816
5537,0.016764700412750244,0.015941965049132704
5538,0.015620962716639042,0.015943899350240827
5539,0.016276417300105095,0.015938748000189663
5540,0.016214534640312195,0.015943370116874574
5541,0.01669878140091896,0.0159437011834234
5542,0.015884870663285255,0.015938220778480172
5543,0.017021050676703453,0.015954580465331672
5544,0.016904599964618683,0.01596202061511576
5545,0.01658046990633011,0.015974438348785043
5546,0.015556151047348976,0.01597274328581989
5547,0.015717867761850357,0.015966369910165666
5548,0.015152346342802048,0.015957643995061516
5549,0.015416180714964867,0.01594645499251783
5550,0.016674861311912537,0.015955411745235324
5551,0.01656041294336319,0.015960259390994908
5552,0.015945158898830414,0.01596094815991819
5553,0.015523165464401245,0.015950405159965157
5554,0.01761910878121853,0.0159694863203913
5555,0.016596628352999687,0.015967944683507086
5556,0.014786222949624062,0.015957774026319385
5557,0.015970058739185333,0.015950232231989502
5558,0.014974050223827362,0.015934168854728342
5559,0.016367919743061066,0.0159334394428879
5560,0.015316556207835674,0.015929220113903284
5561,0.015437325462698936,0.01592755733989179
5562,0.015941660851240158,0.015927939796820282
5563,0.015881521627306938,0.015930579341948033
5564,0.015395117923617363,0.015929456409066914
5565,0.016212914139032364,0.01594351467676461
5566,0.014928681775927544,0.015938311917707323
5567,0.015914661809802055,0.01592799917794764
5568,0.01489708200097084,0.01591799340210855
5569,0.016129175201058388,0.01592881322838366
5570,0.016400963068008423,0.015932034263387324
5571,0.01532980427145958,0.015927602676674722
5572,0.016801513731479645,0.01592970292083919
5573,0.015819676220417023,0.015931830471381546
5574,0.015313845127820969,0.015941126765683294
5575,0.01673252508044243,0.01594222870655358
5576,0.016927247866988182,0.015956703210249543
5577,0.016251934692263603,0.01595561551861465
5578,0.016150377690792084,0.01596203521825373
5579,0.016570350155234337,0.01596883558668196
5580,0.01508442871272564,0.01596612178720534
5581,0.01652548834681511,0.015974457943812012
5582,0.015553595498204231,0.01597231107763946
5583,0.015560581348836422,0.01597266297787428
5584,0.01603379100561142,0.015970537383109332
5585,0.015928015112876892,0.015973344966769217
5586,0.016106579452753067,0.015967209842056036
5587,0.015411864034831524,0.015963421845808626
5588,0.015906112268567085,0.01596238031052053
5589,0.015424910932779312,0.01595487073995173
5590,0.015583096072077751,0.01594864751212299
5591,0.015224144794046879,0.015940846428275108
5592,0.016224144026637077,0.01594023311510682
5593,0.016910219565033913,0.015943752620369196
5594,0.01655418798327446,0.015946432687342166
5595,0.015457459725439548,0.01593865823931992
5596,0.016441673040390015,0.01594158695079386
5597,0.015789400786161423,0.01593207293190062
5598,0.016105473041534424,0.01593589019961655
5599,0.015908867120742798,0.015941001689061523
5600,0.016380228102207184,0.015950960265472533
5601,0.01461732853204012,0.01593348415568471
5602,0.015515957027673721,0.015924257524311543
5603,0.01666269265115261,0.01592956215143204
5604,0.014919797889888287,0.015919754719361662
5605,0.015669286251068115,0.015921741472557187
5606,0.015343226492404938,0.015918599115684627
5607,0.016782840713858604,0.01591448455117643
5608,0.016366539523005486,0.015916600013151764
5609,0.01592852920293808,0.015921746576204897
5610,0.014312706887722015,0.015904135359451173
5611,0.01564634218811989,0.015898814918473364
5612,0.016786836087703705,0.015910022286698224
5613,0.01583271101117134,0.015915690353140236
5614,0.015960752964019775,0.015912840096279978
5615,0.015845078974962234,0.0159070951025933
5616,0.016496524214744568,0.01590424689464271
5617,0.017133910208940506,0.01591276272200048
5618,0.01613672263920307,0.015909166550263764
5619,0.016458604484796524,0.015913267703726888
5620,0.016988012939691544,0.015927616665139796
5621,0.015385927632451057,0.015930986450985073
5622,0.014978217892348766,0.015911740977317096
5623,0.014515431597828865,0.01590819668956101
5624,0.016208626329898834,0.015923257963731886
5625,0.016768425703048706,0.015925242183730006
5626,0.01446504332125187,0.015908165769651532
5627,0.01616320200264454,0.015915411561727523
5628,0.01512056216597557,0.015921131670475007
5629,0.015505831688642502,0.015915031544864178
5630,0.015583529137074947,0.015916670160368084
5631,0.015141944400966167,0.015908929966390133
5632,0.01510876789689064,0.015914651583880186
5633,0.016071481630206108,0.01591319901868701
5634,0.0157517958432436,0.01591759349219501
5635,0.016311857849359512,0.015919121047481895
5636,0.015790242701768875,0.01591569005511701
5637,0.01592309959232807,0.01590727404691279
5638,0.01642332226037979,0.015915297642350196
5639,0.01604740507900715,0.015913007520139216
5640,0.016187936067581177,0.015912741534411908
5641,0.015251291915774345,0.01589826663956046
5642,0.01694696769118309,0.01590888760983944
5643,0.015950148925185204,0.015898178592324258
5644,0.01527817826718092,0.01588191437534988
5645,0.016950516030192375,0.015885614836588503
5646,0.01632336899638176,0.015893287016078828
5647,0.01534843910485506,0.015889592729508878
5648,0.015922751277685165,0.01589729677885771
5649,0.015350795350968838,0.01589664292521775
5650,0.01695902831852436,0.015899484595283866
5651,0.016277439892292023,0.015896654864773156
5652,0.015081357210874557,0.015888016847893597
5653,0.015881244093179703,0.01589159763418138
5654,0.014835473150014877,0.015863761277869343
5655,0.016250647604465485,0.015860301470384003
5656,0.01569405570626259,0.015869379797950386
5657,0.015669014304876328,0.015866369353607298
5658,0.015562446787953377,0.015872253319248558
5659,0.01648118905723095,0.015873386012390255
5660,0.016047975048422813,0.015880700200796127
5661,0.01619575545191765,0.015888284500688313
5662,0.015540041960775852,0.015884268311783672
5663,0.01566622219979763,0.015882115317508577
5664,0.014916978776454926,0.015877333926036952
5665,0.015237643383443356,0.015867581218481065
5666,0.014217766001820564,0.015860472060739993
5667,0.015851052477955818,0.01585983596742153
5668,0.015300045721232891,0.01586386560462415
5669,0.015533961355686188,0.01585791346617043
5670,0.015158334746956825,0.015845487182959913
5671,0.01555035449564457,0.015847692685201763
5672,0.016045287251472473,0.015840130420401694
5673,0.014722468331456184,0.015829158341512085
5674,0.01579110510647297,0.015833930941298605
5675,0.016740597784519196,0.015834011668339372
5676,0.016139384359121323,0.015826133033260702
5677,0.015804052352905273,0.01582165420986712
5678,0.015961291268467903,0.01581976334564388
5679,0.015309740789234638,0.01580715725198388
5680,0.015448227524757385,0.0158107952401042
5681,0.016488607972860336,0.01581042643636465
5682,0.016466999426484108,0.01581956047564745
5683,0.01546354778110981,0.01581859013997018
5684,0.016066774725914,0.015818919977173208
5685,0.016038766130805016,0.015820027487352492
5686,0.014787927269935608,0.015806840965524316
5687,0.016012124717235565,0.015812843572348356
5688,0.015158981084823608,0.01580537226051092
5689,0.016142720356583595,0.015812550354748964
5690,0.015973905101418495,0.015816458445042373
5691,0.015421105548739433,0.015818428052589296
5692,0.016717579215765,0.015823362404480578
5693,0.01577484980225563,0.015812008706852794
5694,0.015506638213992119,0.01580153320915997
5695,0.01644359901547432,0.015811394602060318
5696,0.01687910594046116,0.015815768931061028
5697,0.015556901693344116,0.015813443940132857
5698,0.015117964707314968,0.015803568856790663
5699,0.0143665736541152,0.015788145922124387
5700,0.01531133335083723,0.015777456974610686
5701,0.015605347231030464,0.01578733716160059
5702,0.014368660748004913,0.0157758641988039
5703,0.015801839530467987,0.015767255667597055
5704,0.01542890165001154,0.015772346705198288
5705,0.01574876345694065,0.015773141477257013
5706,0.016726721078157425,0.015786976423114538
5707,0.016202542930841446,0.015781173445284367
5708,0.01547631062567234,0.015772271156311034
5709,0.015475325286388397,0.01576773911714554
5710,0.015308319590985775,0.015777695244178176
5711,0.015325553715229034,0.015774487359449266
5712,0.014837064780294895,0.01575498964637518
5713,0.01662037894129753,0.01576286632567644
5714,0.015115740709006786,0.01575441620312631
5715,0.015181977301836014,0.01574778518639505
5716,0.015450110659003258,0.015737321050837635
5717,0.01526880543678999,0.01571867000311613
5718,0.015488676726818085,0.01571218954399228
5719,0.01542800571769476,0.015701883556321263
5720,0.015979859977960587,0.015691802026703953
5721,0.014594586566090584,0.01568388861604035
5722,0.01552331168204546,0.015689339553937316
5723,0.015057493932545185,0.01569476017728448
5724,0.015445495024323463,0.015687128864228725
5725,0.01570260338485241,0.015676470641046762
5726,0.015166536904871464,0.01568348557688296
5727,0.01475889515131712,0.015669442508369685
5728,0.016209352761507034,0.015680330414324997
5729,0.015735872089862823,0.015682630818337203
5730,0.015051481314003468,0.015677310340106488
5731,0.015346341766417027,0.015679354313760996
5732,0.01524078194051981,0.015680674454197286
5733,0.01504628174006939,0.01567042245529592
5734,0.016064325347542763,0.015673547750338912
5735,0.014303791336715221,0.01565346708521247
5736,0.015079865232110023,0.01564636331051588
5737,0.016330264508724213,0.01565043495967984
5738,0.016625748947262764,0.015652459226548673
5739,0.015372974798083305,0.015645714923739434
5740,0.01692373678088188,0.01565307293087244
5741,0.01539618894457817,0.015654521901160477
5742,0.015575656667351723,0.015640808790922164
5743,0.014117032289505005,0.015622477624565362
5744,0.014995790086686611,0.01561965374276042
5745,0.01594075933098793,0.015609556175768376
5746,0.01663222722709179,0.015612644758075476
5747,0.01560529787093401,0.015615213345736265
5748,0.014443363063037395,0.015600419463589787
5749,0.014990842901170254,0.015596819939091802
5750,0.016439024358987808,0.015591619899496437
5751,0.01612526923418045,0.015590098192915321
5752,0.014937948435544968,0.015588664105162025
5753,0.0152576370164752,0.015582428034394979
5754,0.015495364554226398,0.015589026948437095
5755,0.015983756631612778,0.015586358038708567
5756,0.015906168147921562,0.015588479163125158
5757,0.015093476511538029,0.015582723785191774
5758,0.01663799397647381,0.015593479257076978
5759,0.014404586516320705,0.015572713231667876
5760,0.014815209433436394,0.015560385575518011
5761,0.016143610700964928,0.015559864128008485
5762,0.015018919482827187,0.015554652903228999
5763,0.01597432792186737,0.015557733960449696
5764,0.014945704489946365,0.01555802121758461
5765,0.015594650991261005,0.015561591293662786
5766,0.014661095105111599,0.015566024584695698
5767,0.015334274619817734,0.015560856806114316
5768,0.015382261946797371,0.015561678968369961
5769,0.01570827141404152,0.015563422068953513
5770,0.016127323731780052,0.015573111958801747
5771,0.01594981551170349,0.015577106568962336
5772,0.015060928650200367,0.015567262982949614
5773,0.01642627827823162,0.015584301082417368
5774,0.016045305877923965,0.015586843090131879
5775,0.015382393263280392,0.015573261044919491
5776,0.015084308572113514,0.015562710287049412
5777,0.01492016389966011,0.015553871402516961
5778,0.01588369905948639,0.015553095480427145
5779,0.01585054211318493,0.015558503493666649
5780,0.015473715960979462,0.01555875837802887
5781,0.01584041304886341,0.0155522764287889
5782,0.014334548264741898,0.015530951917171479
5783,0.015514533966779709,0.015531461779028177
5784,0.015116590075194836,0.015521959932520986
5785,0.015220589935779572,0.015513778170570732
5786,0.015501195564866066,0.015520910853520037
5787,0.014845024794340134,0.015509239854291082
5788,0.015007573179900646,0.015507725775241852
5789,0.0163811594247818,0.015510110165923834
5790,0.015744753181934357,0.015507818646728993
5791,0.015744049102067947,0.015511048082262278
5792,0.015087950974702835,0.015494751799851656
5793,0.015607094392180443,0.015493074245750905
5794,0.015576927922666073,0.015493777142837643
5795,0.01514690276235342,0.015480810180306434
5796,0.01532354112714529,0.015465254532173275
5797,0.016140375286340714,0.015471089268103241
5798,0.015427278354763985,0.015474182404577732
5799,0.015729758888483047,0.01548781425692141
5800,0.014206488616764545,0.015476765809580684
5801,0.015897948294878006,0.015479691820219159
5802,0.01588575541973114,0.015494862766936422
5803,0.014810517430305481,0.015484949545934797
5804,0.015815429389476776,0.015488814823329448
5805,0.015444616787135601,0.015485773356631398
5806,0.014701765030622482,0.01546552379615605
5807,0.014504829421639442,0.015448546661064029
5808,0.015000167302787304,0.015443785227835178
5809,0.015775011852383614,0.015446782093495131
5810,0.01642429456114769,0.01545794184319675
5811,0.015606538392603397,0.015460751689970494
5812,0.014605582691729069,0.015458436869084834
5813,0.015035372227430344,0.015442586801946163
5814,0.015387037768959999,0.015445299772545695
5815,0.015455065295100212,0.015448030652478337
5816,0.01469147764146328,0.015440444322302937
5817,0.015986239537596703,0.015447618663311005
5818,0.014370791614055634,0.01543643981218338
5819,0.015172396786510944,0.015433883722871543
5820,0.014764945954084396,0.01542173458263278
5821,0.015625856816768646,0.01543204728513956
5822,0.015022078529000282,0.01542703495360911
5823,0.015312619507312775,0.015429586209356784
5824,0.01520087756216526,0.015427140034735203
5825,0.01589088886976242,0.015429022889584303
5826,0.016753964126110077,0.01544489716179669
5827,0.015220158733427525,0.015449509797617793
5828,0.01547948457300663,0.015442211115732789
5829,0.015068717300891876,0.01543553956784308
5830,0.01476831454783678,0.015432707900181412
5831,0.014856274239718914,0.01542780722491443
5832,0.01569623127579689,0.015432361718267203
5833,0.01522011123597622,0.01543410001322627
5834,0.01610155962407589,0.015434472355991602
5835,0.01582825742661953,0.015449717016890645
5836,0.014544439502060413,0.01544436275959015
5837,0.016210490837693214,0.015443165022879839
5838,0.014902189373970032,0.015425929427146911
5839,0.015467598102986813,0.015426875660195946
5840,0.015500020235776901,0.015412638494744897
5841,0.016017211601138115,0.015418848721310496
5842,0.015216689556837082,0.01541525905020535
5843,0.014763133600354195,0.015421720063313842
5844,0.014985219575464725,0.015421614358201623
5845,0.0153886117041111,0.015416092881932854
5846,0.01541769877076149,0.01540394759736955
5847,0.014681111089885235,0.015394705729559064
5848,0.015072996728122234,0.015401002066209913
5849,0.016306627541780472,0.015414159912616014
5850,0.013896511867642403,0.01538873478770256
5851,0.014453891664743423,0.015372021012008191
5852,0.015519312582910061,0.015377834653481842
5853,0.014442520216107368,0.015369683485478163
5854,0.015085103921592236,0.015365580879151821
5855,0.01537421252578497,0.015359485438093543
5856,0.01545269601047039,0.01535495071671903
5857,0.014974718913435936,0.015353763140738011
5858,0.015849508345127106,0.015345878284424543
5859,0.015343774110078812,0.015355270160362124
5860,0.014909602701663971,0.0153562140930444
5861,0.014884546399116516,0.015343623450025917
5862,0.01600020006299019,0.015353436255827546
5863,0.01439573522657156,0.015337650328874589
5864,0.015380389988422394,0.015341997183859347
5865,0.016247771680355072,0.015348528390750288
5866,0.015105576254427433,0.015352973202243447
5867,0.015334397554397583,0.015352974431589245
5868,0.014762443490326405,0.015346776247024536
5869,0.013963395729660988,0.015329327490180731
5870,0.015392543748021126,0.015321979690343141
5871,0.015749245882034302,0.01531997399404645
5872,0.015229407697916031,0.015321658784523606
5873,0.013997573405504227,0.015297371735796332
5874,0.01570349559187889,0.015293953632935882
5875,0.015235204249620438,0.015292481742799282
5876,0.015125958248972893,0.015292898239567875
5877,0.01459017675369978,0.015289598368108273
5878,0.0168240275233984,0.015299001652747392
5879,0.015109824016690254,0.015291594471782445
5880,0.015437528491020203,0.015291232597082854
5881,0.015991713851690292,0.015292745605111123
5882,0.015015585348010063,0.015299555975943804
5883,0.01588037982583046,0.015303214434534312
5884,0.014804854057729244,0.015300097074359656
5885,0.015557600185275078,0.01530346717685461
5886,0.015753088518977165,0.015305986106395721
5887,0.015518372878432274,0.015312719587236644
5888,0.015112887136638165,0.015313772726804018
5889,0.014620723202824593,0.015296168364584447
5890,0.015146514400839806,0.0152901859767735
5891,0.015003355219960213,0.015282779037952422
5892,0.01532750390470028,0.015285174567252398
5893,0.015505640767514706,0.01528416003100574
5894,0.01608189381659031,0.015289209689944983
5895,0.014481917023658752,0.015282559832558036
5896,0.01512552797794342,0.015280579701066017
5897,0.014770396053791046,0.015266879908740521
5898,0.015447132289409637,0.015267078448086977
5899,0.014687635935842991,0.015256657218560576
5900,0.014945795759558678,0.015264050289988517
5901,0.015456287190318108,0.015259633678942919
5902,0.015592275187373161,0.015256698876619339
5903,0.015276126563549042,0.015261354967951774
5904,0.015445869415998459,0.015257659368216991
5905,0.01520292367786169,0.015255242437124252
5906,0.015838591381907463,0.015266610700637102
5907,0.01528600137680769,0.015274422420188784
5908,0.015102874487638474,0.015275449492037296
5909,0.014541059732437134,0.01526310997083783
5910,0.015314409509301186,0.015252011120319367
5911,0.015710599720478058,0.015253051733598113
5912,0.015035604126751423,0.015257351947948337
5913,0.015749789774417877,0.015264496123418212
5914,0.014746256172657013,0.015258088307455182
5915,0.014192331582307816,0.015245460970327258
5916,0.01485639438033104,0.015247110137715935
5917,0.015372210182249546,0.015240969844162464
5918,0.015090754255652428,0.015248169470578433
5919,0.015089082531630993,0.015247336328029633
5920,0.015483245253562927,0.015254519321024418
5921,0.015573058277368546,0.015253991335630417
5922,0.015060738660395145,0.015254377936944365
5923,0.015364233404397964,0.015254894075915217
5924,0.015275778248906136,0.015255643082782626
5925,0.013833272270858288,0.015235066916793584
5926,0.01536409929394722,0.015221168268471957
5927,0.01458884496241808,0.015214855130761862
5928,0.015448414720594883,0.015214544432237744
5929,0.015525846742093563,0.015219115726649761
5930,0.01564079336822033,0.015227840514853597
5931,0.015463298186659813,0.015233910754323005
5932,0.015808843076229095,0.015235036872327327
5933,0.015813853591680527,0.01524097429588437
5934,0.015091614797711372,0.015230874847620725
5935,0.014573982916772366,0.015218332102522254
5936,0.015587881207466125,0.01522876651957631
5937,0.015048276633024216,0.01521714437752962
5938,0.015529581345617771,0.015223418297246098
5939,0.01441011019051075,0.015212843418121338
5940,0.015057609416544437,0.015208419309929014
5941,0.01462480891495943,0.015194495283067226
5942,0.014465557411313057,0.015186983961611986
5943,0.015193484723567963,0.015191287472844124
5944,0.01457454264163971,0.015187180703505873
5945,0.016323717311024666,0.01519653175957501
5946,0.014671466313302517,0.015189069435000419
5947,0.015408869832754135,0.015196347022429108
5948,0.015715692192316055,0.015202773977071047
5949,0.015262026339769363,0.015192327965050935
5950,0.015476508997380733,0.015208127936348318
5951,0.01478780061006546,0.015211467025801539
5952,0.015498816967010498,0.015211262069642543
5953,0.016057709231972694,0.015227413959801197
5954,0.015052489936351776,0.015227087819948793
5955,0.014859708026051521,0.015221942774951458
5956,0.014584421180188656,0.015213260026648641
5957,0.015849851071834564,0.015222011348232627
5958,0.01645340397953987,0.015228050304576754
5959,0.01495975349098444,0.01522421009838581
5960,0.014596564695239067,0.015221079718321562
5961,0.01534384023398161,0.015225672656670212
5962,0.014417191967368126,0.015209842575713992
5963,0.015053357928991318,0.015216418802738189
5964,0.014782324433326721,0.015210438147187233
5965,0.01638411171734333,0.015211801547557115
5966,0.015353314578533173,0.015214278930798172
5967,0.015568100847303867,0.015216615963727236
5968,0.015103528276085854,0.01522002681158483
5969,0.014584057033061981,0.01522623342461884
5970,0.015016481280326843,0.015222472799941898
5971,0.015941429883241653,0.01522439463995397
5972,0.0152509156614542,0.015224609719589353
5973,0.014551583677530289,0.015230149822309613
5974,0.01478470116853714,0.015220961878076195
5975,0.015003168024122715,0.015218641515821219
5976,0.014502889476716518,0.015212410828098655
5977,0.015107298269867897,0.015217582043260337
5978,0.014406641013920307,0.015193408178165555
5979,0.014141682535409927,0.015183726763352752
5980,0.014358040876686573,0.015172931887209416
5981,0.014211418107151985,0.015155128929764032
5982,0.014936907216906548,0.015154342148452998
5983,0.014033138751983643,0.01513586973771453
5984,0.015987176448106766,0.015147692961618305
5985,0.015395862981677055,0.015146075589582324
5986,0.015048449859023094,0.015139029202982783
5987,0.015011761337518692,0.015133963087573648
5988,0.015893109142780304,0.015141765307635068
5989,0.01414540410041809,0.015137012116611004
5990,0.015713298693299294,0.0151426799595356
5991,0.01482369564473629,0.01514088336378336
5992,0.015235771425068378,0.01513996603898704
5993,0.014894464053213596,0.015133854271844029
5994,0.014593113213777542,0.015118966465815903
5995,0.0159982368350029,0.015134129663929343
5996,0.015175593085587025,0.01513463031500578
5997,0.016040373593568802,0.015147330090403557
5998,0.014729821123182774,0.015140156978741288
5999,0.016039883717894554,0.015153679456561804
6000,0.01573166437447071,0.015161538142710923
6001,0.014327069744467735,0.01515024596825242
6002,0.014873671345412731,0.015143059929832815
6003,0.015181322582066059,0.015142111890017986
6004,0.013653194531798363,0.015124185141175986
6005,0.0154023552313447,0.015126179456710815
6006,0.01604236662387848,0.015128217209130525
6007,0.013743295334279537,0.015112790148705244
6008,0.013973569497466087,0.01510149709880352
6009,0.015214365907013416,0.015108230160549282
6010,0.015211478807032108,0.015107200853526593
6011,0.013416892848908901,0.0150842637848109
6012,0.01503569446504116,0.015084264688193799
6013,0.01653539016842842,0.015092120692133903
6014,0.015417052432894707,0.01509882865473628
6015,0.013956684619188309,0.015096472185105085
6016,0.015043778344988823,0.015098346024751663
6017,0.015057941898703575,0.015095203341916203
6018,0.015943247824907303,0.015103728277608752
6019,0.014603948220610619,0.015098876934498549
6020,0.01445683091878891,0.015088612791150808
6021,0.014293909072875977,0.015075821299105882
6022,0.015555876307189465,0.015080772675573825
6023,0.014590858481824398,0.01507303892634809
6024,0.013800373300909996,0.015058284876868128
6025,0.016365915536880493,0.015083611309528351
6026,0.01430274173617363,0.015072997733950615
6027,0.01426098681986332,0.015069719152525068
6028,0.015427811071276665,0.015069513116031885
6029,0.015307361260056496,0.015067328261211514
6030,0.01462644711136818,0.015057184798642993
6031,0.014510316774249077,0.015047654984518885
6032,0.015393903478980064,0.015043505588546396
6033,0.013892115093767643,0.015024288203567266
6034,0.014628879725933075,0.015019660852849483
6035,0.01510620303452015,0.015024983054026962
6036,0.01521239522844553,0.015021228194236756
6037,0.01562945730984211,0.015027040001004934
6038,0.015094133093953133,0.015022685518488288
6039,0.015223318710923195,0.015030817603692412
6040,0.015439183451235294,0.015034633344039322
6041,0.01483981218189001,0.015036783376708628
6042,0.01640983298420906,0.015056226132437588
6043,0.014856916852295399,0.015052860453724861
6044,0.014618401415646076,0.015053299041464924
6045,0.01469043642282486,0.015036966232582927
6046,0.014231357723474503,0.015032565146684647
6047,0.01517339888960123,0.015030210437253118
6048,0.014423073269426823,0.015017284248024225
6049,0.014343864284455776,0.01500810262747109
6050,0.015123015269637108,0.015004567690193654
6051,0.01536945067346096,0.015010384190827609
6052,0.014533141627907753,0.01500072743743658
6053,0.014393705874681473,0.014984087403863668
6054,0.014664070680737495,0.014980203211307526
6055,0.01507816556841135,0.014982387786731124
6056,0.014894124120473862,0.014985484816133977
6057,0.014220225624740124,0.014969188561663032
6058,0.014835244044661522,0.014953006962314249
6059,0.014856318011879921,0.014951972607523203
6060,0.01336752250790596,0.014939682185649871
6061,0.015539352782070637,0.014941637311130762
6062,0.01600879430770874,0.014957553334534168
6063,0.01492508128285408,0.014956270568072796
6064,0.015083124861121178,0.014959278572350741
6065,0.014854174107313156,0.014943979196250439
6066,0.01634136401116848,0.014953859690576792
6067,0.014533182606101036,0.014943510508164764
6068,0.014887368306517601,0.014941348908469081
6069,0.015462357550859451,0.014950131913647056
6070,0.015127060003578663,0.014951237700879574
6071,0.01541049499064684,0.014945928351953625
6072,0.015306509099900723,0.014946484286338092
6073,0.014344397932291031,0.014944412428885698
6074,0.014861388131976128,0.014945179298520088
6075,0.015376631170511246,0.014948913929983973
6076,0.014792459085583687,0.014951809626072645
6077,0.01535410713404417,0.014954277714714408
6078,0.01475813053548336,0.014957792609930038
6079,0.014836476184427738,0.014964740546420217
6080,0.015721403062343597,0.014978374168276787
6081,0.014599672518670559,0.014982256712391973
6082,0.014503499493002892,0.014977922635152937
6083,0.01474835816770792,0.014985074829310179
6084,0.014314684085547924,0.01496834990568459
6085,0.014985036104917526,0.014964241636916994
6086,0.015654657036066055,0.014970303708687425
6087,0.014290478080511093,0.014963090876117349
6088,0.015284160152077675,0.014957001386210322
6089,0.01589449681341648,0.014974492313340306
6090,0.015188981778919697,0.014969249144196511
6091,0.015435473062098026,0.014975366918370127
6092,0.01467602327466011,0.014969769436866044
6093,0.013934830203652382,0.014960173098370434
6094,0.015563629567623138,0.01496987826190889
6095,0.01536395400762558,0.014963535433635116
6096,0.013345620594918728,0.014945235708728433
6097,0.015362545847892761,0.014938457431271672
6098,0.015039646998047829,0.014941555690020323
6099,0.014703047461807728,0.014928187327459454
6100,0.015013780444860458,0.014921008488163351
6101,0.015617888420820236,0.014933916674926877
6102,0.014605706557631493,0.014931237027049064
6103,0.014688095077872276,0.014926304752007126
6104,0.015551555901765823,0.014945288365706801
6105,0.015329889953136444,0.014944563712924719
6106,0.015895288437604904,0.014943092931061983
6107,0.015890931710600853,0.014964569294825196
6108,0.01499636285007,0.014974797228351235
6109,0.01627039723098278,0.01498535754159093
6110,0.014940235763788223,0.01498264511115849
6111,0.014197191223502159,0.014990448094904423
6112,0.014842512086033821,0.01498851627111435
6113,0.014218301512300968,0.014965345384553075
6114,0.015550218522548676,0.014966677045449614
6115,0.014209983870387077,0.014969210037961603
6116,0.015885785222053528,0.014977630106732248
6117,0.014366905204951763,0.014970719739794731
6118,0.014588908292353153,0.01495717634446919
6119,0.014431741088628769,0.014955454273149371
6120,0.014642013236880302,0.014957306096330286
6121,0.014416455291211605,0.014958531558513642
6122,0.016585174947977066,0.014968824544921518
6123,0.014443621039390564,0.014967352170497179
6124,0.014900817535817623,0.014978356612846255
6125,0.01520790159702301,0.01496677647344768
6126,0.015595069155097008,0.014979699747636915
6127,0.01651264727115631,0.015002216352149845
6128,0.014534860849380493,0.014993286849930882
6129,0.015378277748823166,0.01499399601481855
6130,0.014298375695943832,0.014990715300664306
6131,0.015641672536730766,0.015002028858289123
6132,0.014725729823112488,0.014995347121730446
6133,0.014375146478414536,0.015000177435576917
6134,0.015051774680614471,0.01500440638512373
6135,0.014964992180466652,0.015002994276583194
6136,0.014699447900056839,0.014997864803299309
6137,0.015952393412590027,0.015001094164326788
6138,0.015137432143092155,0.015001527154818178
6139,0.01591259054839611,0.015008419873192907
6140,0.015332658775150776,0.015007354626432061
6141,0.015055486001074314,0.015009511364623904
6142,0.014810231514275074,0.014993515349924564
6143,0.015260894782841206,0.014997555129230022
6144,0.015751024708151817,0.01500888136215508
6145,0.01500483974814415,0.015012025395408272
6146,0.015402755700051785,0.015023739375174046
6147,0.014184484258294106,0.015013850228860974
6148,0.013704497367143631,0.015006664469838142
6149,0.01453927531838417,0.015008618580177427
6150,0.015105834230780602,0.015008446769788861
6151,0.015539909712970257,0.015010151360183955
6152,0.014851715415716171,0.01501333709806204
6153,0.014600775204598904,0.015015407791361212
6154,0.015030473470687866,0.015019071819260717
6155,0.014539587311446667,0.01501368603669107
6156,0.015692129731178284,0.015021666092798114
6157,0.014958193525671959,0.015029045771807432
6158,0.015612572431564331,0.01503681905567646
6159,0.015526708215475082,0.015043522957712411
6160,0.01367885060608387,0.015046636238694192
6161,0.015308260917663574,0.01504432532005012
6162,0.014736443758010864,0.015031601814553142
6163,0.014397095888853073,0.015026321960613131
6164,0.01486995816230774,0.015024190293624997
6165,0.01508849486708641,0.01502653350122273
6166,0.013800585642457008,0.015001125717535615
6167,0.014689354225993156,0.015002687433734537
6168,0.01577206328511238,0.015011534383520484
6169,0.014456909149885178,0.015001479899510742
6170,0.01470231544226408,0.014997232453897596
6171,0.015433119609951973,0.014997458700090647
6172,0.015465772710740566,0.014999051336199045
6173,0.014595884829759598,0.015001566205173731
6174,0.014465462416410446,0.014997606948018074
6175,0.014008813537657261,0.014983928771689534
6176,0.014999470673501492,0.014985998887568712
6177,0.013668980449438095,0.01496914762072265
6178,0.013962502591311932,0.014961191341280938
6179,0.015258532017469406,0.014965411899611354
6180,0.014249412342905998,0.014950691992416977
6181,0.01566203124821186,0.01496131557971239
6182,0.013929806649684906,0.014955578651279212
6183,0.015131255611777306,0.014959407625719906
6184,0.015364737249910831,0.014969908157363534
6185,0.014601458795368671,0.014966072384268045
6186,0.014331033453345299,0.014952836148440838
6187,0.014731732197105885,0.014957248689606786
6188,0.014719213359057903,0.014951599221676588
6189,0.015592148527503014,0.014948575738817454
6190,0.015296758152544498,0.014949653502553702
6191,0.014401429332792759,0.014939313065260649
6192,0.01389335934072733,0.014931486425921322
6193,0.014250530861318111,0.014934643432497978
6194,0.013846348971128464,0.01491747062653303
6195,0.014862547628581524,0.014912456562742591
6196,0.015253009274601936,0.014931530449539423
6197,0.015911631286144257,0.014937021303921938
6198,0.014774712733924389,0.014934371961280703
6199,0.015629654750227928,0.014943638034164906
6200,0.014336218126118183,0.014936862410977483
6201,0.015029685571789742,0.014930980382487177
6202,0.015388206578791142,0.014938805382698775
6203,0.015478065237402916,0.014946705084294081
6204,0.015147407539188862,0.01494266360066831
6205,0.014144401997327805,0.014930808721110224
6206,0.01614144630730152,0.014933270299807191
6207,0.014627022668719292,0.014920631209388375
6208,0.013756370171904564,0.01490823128260672
6209,0.01647200435400009,0.014910247353836894
6210,0.01525034848600626,0.014913348481059074
6211,0.013767499476671219,0.014909051563590766
6212,0.014714105054736137,0.014907767493277789
6213,0.01501308660954237,0.014915715344250203
6214,0.01380257960408926,0.014898238955065608
6215,0.014045754447579384,0.01489659666083753
6216,0.015146143734455109,0.014889200245961546
6217,0.014843388460576534,0.014893965078517795
6218,0.014944780617952347,0.014897523801773787
6219,0.014714677818119526,0.014900353169068695
6220,0.014900561422109604,0.014902938650920987
6221,0.0144436564296484,0.014903210662305355
6222,0.015490958467125893,0.014892268497496843
6223,0.015007725916802883,0.014897909546270967
6224,0.014367947354912758,0.014892580844461918
6225,0.014751970767974854,0.014888021536171437
6226,0.014250297099351883,0.014874573815613985
6227,0.014826357364654541,0.014857710916548967
6228,0.01446005143225193,0.014856962822377681
6229,0.015626315027475357,0.014859443195164204
6230,0.014088989235460758,0.014857349330559372
6231,0.01566913351416588,0.014857623940333724
6232,0.014673557132482529,0.014857102213427424
6233,0.01474748831242323,0.014860825631767511
6234,0.014608685858547688,0.014856394743546844
6235,0.01418725773692131,0.01484861739911139
6236,0.015637122094631195,0.014857994141057134
6237,0.015397406183183193,0.014852444268763065
6238,0.014491384848952293,0.014845983795821667
6239,0.014277889393270016,0.014829636784270406
6240,0.01596853882074356,0.014835995584726334
6241,0.014590321108698845,0.014831343935802578
6242,0.01491921953856945,0.014832433816045522
6243,0.014872312545776367,0.014828547993674874
6244,0.014269791543483734,0.014813735662028194
6245,0.01501757837831974,0.01481386304832995
6246,0.014104096218943596,0.014800876453518868
6247,0.01572292670607567,0.014816260877996684
6248,0.014334785751998425,0.014822563761845231
6249,0.014672433026134968,0.014823895338922739
6250,0.013969599269330502,0.014812532989308238
6251,0.014913802035152912,0.014806271912530065
6252,0.014858855865895748,0.01480634331703186
6253,0.013924242928624153,0.014799577994272112
6254,0.015126212500035763,0.014800535384565591
6255,0.014772333204746246,0.014802862843498587
6256,0.015339164063334465,0.01479933318682015
6257,0.014777470380067825,0.014797525955364108
6258,0.014578735455870628,0.01478718758560717
6259,0.014878891408443451,0.014780709417536855
6260,0.014625150710344315,0.01479017241857946
6261,0.014557924121618271,0.014782669050619006
6262,0.015399524942040443,0.014789299862459302
6263,0.014605909585952759,0.014791387999430299
6264,0.01411921065300703,0.014783880524337292
6265,0.015275654383003712,0.014785752119496464
6266,0.014698678627610207,0.014794733049347997
6267,0.015305894427001476,0.01480089845135808
6268,0.014340626075863838,0.014786584079265594
6269,0.014691175892949104,0.014788926746696233
6270,0.015072604641318321,0.014792629638686777
6271,0.013731145299971104,0.014775609895586968
6272,0.014130867086350918,0.014762260839343072
6273,0.01422915980219841,0.014758593589067458
6274,0.013351536355912685,0.014747454328462481
6275,0.014435560442507267,0.014751721797510981
6276,0.014284477569162846,0.014744571866467595
6277,0.014605769887566566,0.01475393976084888
6278,0.015338413417339325,0.014767698869109154
6279,0.015803035348653793,0.014773143902420998
6280,0.014162801206111908,0.014772277791053057
6281,0.014422647655010223,0.014759883955121041
6282,0.014906279742717743,0.014769648686051368
6283,0.014974124729633331,0.014768077377229929
6284,0.014384904876351357,0.014758279053494335
6285,0.014510367065668106,0.01475736813619733
6286,0.014059405773878098,0.014754651859402657
6287,0.015212033875286579,0.014759454876184464
6288,0.015009358525276184,0.014762356327846646
6289,0.015085925348103046,0.014757294096052647
6290,0.014632975682616234,0.014750656271353364
6291,0.01365656964480877,0.014743207674473523
6292,0.014091068878769875,0.01474518476985395
6293,0.014291184023022652,0.014745591301470995
6294,0.015216728672385216,0.014759295098483562
6295,0.014614148065447807,0.014756811102852225
6296,0.015203909017145634,0.014756320100277663
6297,0.014060502871870995,0.01473780881613493
6298,0.014464903622865677,0.014734710725024342
6299,0.013861414045095444,0.014717028317973018
6300,0.013754848390817642,0.014711214620620012
6301,0.014631534926593304,0.014707233114168048
6302,0.015573370270431042,0.014709084751084447
6303,0.014226078987121582,0.014696564888581634
6304,0.014943312853574753,0.014694523941725492
6305,0.014363642781972885,0.014696716349571943
6306,0.014400113373994827,0.014679303020238876
6307,0.014598710462450981,0.014679019898176193
6308,0.015795987099409103,0.014699416067451239
6309,0.014098141342401505,0.014675677437335253
6310,0.014290690422058105,0.014666080856695771
6311,0.014262199401855469,0.014671027855947615
6312,0.015170753002166748,0.01467559433542192
6313,0.014502894133329391,0.01467049241065979
6314,0.01556444726884365,0.014688111087307333
6315,0.015224632807075977,0.0146998998709023
6316,0.014644828625023365,0.014694886719807983
6317,0.01545905414968729,0.01470104337669909
6318,0.015113655477762222,0.014702732125297189
6319,0.015223275870084763,0.01470781810581684
6320,0.014683268964290619,0.01470564518123865
6321,0.014621052891016006,0.014707419145852328
6322,0.014120867475867271,0.014693718235939741
6323,0.014665534719824791,0.01469029632396996
6324,0.014837034046649933,0.014694987190887332
6325,0.014485240913927555,0.014692319892346858
6326,0.014073989354074001,0.01469055681489408
6327,0.01443074643611908,0.014686600705608725
6328,0.014733067713677883,0.014689330868422985
6329,0.014440367929637432,0.014677471397444606
6330,0.015426205471158028,0.014690843559801579
6331,0.014215106144547462,0.014676303286105395
6332,0.014029685407876968,0.01466986456885934
6333,0.014227006584405899,0.014664659751579165
6334,0.014431855641305447,0.014662891449406744
6335,0.015154046937823296,0.014672559341415764
6336,0.014360163360834122,0.014659789754077793
6337,0.013504868373274803,0.014640864375978708
6338,0.014928831718862057,0.014645238844677807
6339,0.013910245150327682,0.014641562402248382
6340,0.015065164305269718,0.014632528657093644
6341,0.013718410395085812,0.014623809549957513
6342,0.014825195074081421,0.014622869305312633
6343,0.014698069542646408,0.014621126875281333
6344,0.014803470112383366,0.01462646366097033
6345,0.01424727775156498,0.014618760654702783
6346,0.013962473720312119,0.014617344429716468
6347,0.01406556274741888,0.0146007707901299
6348,0.013988800346851349,0.014597310936078429
6349,0.014357434585690498,0.014594160951673985
6350,0.014340235851705074,0.01459786731749773
6351,0.015742532908916473,0.014606154626235365
6352,0.014382581226527691,0.014601391879841686
6353,0.014640852808952332,0.014608557978644967
6354,0.015569806098937988,0.01461299391463399
6355,0.01431365218013525,0.014608407104387879
6356,0.014112820848822594,0.01459614367224276
6357,0.01466241292655468,0.014594993097707629
6358,0.01366884633898735,0.014585894206538797
6359,0.014133904129266739,0.01457844433374703
6360,0.015262395143508911,0.014584816778078675
6361,0.01364258024841547,0.014575663339346647
6362,0.014223746955394745,0.01456390555948019
6363,0.015329571440815926,0.014571142178028821
6364,0.014189237728714943,0.0145718424487859
6365,0.014621629379689693,0.014565302198752761
6366,0.014090575277805328,0.014559221165254712
6367,0.013743072748184204,0.014543592948466539
6368,0.013467952609062195,0.014534866213798523
6369,0.013189392164349556,0.014519848376512528
6370,0.014147792011499405,0.014510600250214339
6371,0.013856170699000359,0.014511850504204631
6372,0.014302652329206467,0.014513568356633186
6373,0.01443331129848957,0.014515609871596098
6374,0.014494144357740879,0.01452703595161438
6375,0.015793483704328537,0.014540615184232593
6376,0.014781638979911804,0.014545586798340083
6377,0.013491936959326267,0.01453444846905768
6378,0.014414766803383827,0.014525212002918125
6379,0.013966552913188934,0.014506847178563476
6380,0.014584074728190899,0.014511059913784265
6381,0.013872736133635044,0.014505560798570514
6382,0.015080339275300503,0.014507301393896341
6383,0.014593587256968021,0.014503496019169688
6384,0.014195408672094345,0.014501601057127118
6385,0.014303134754300117,0.014499528734013438
6386,0.013559297658503056,0.014494527652859688
6387,0.014020754024386406,0.014482614854350685
6388,0.014611859805881977,0.014478639867156744
6389,0.014801492914557457,0.014475795542821288
6390,0.014442655257880688,0.014473892338573933
6391,0.014510249719023705,0.014482429139316083
6392,0.01441339123994112,0.014485652362927794
6393,0.014396512880921364,0.014486705651506782
6394,0.014450972899794579,0.014479048093780875
6395,0.014008100144565105,0.014472987614572047
6396,0.015041345730423927,0.01447136198170483
6397,0.014389812014997005,0.01447465507313609
6398,0.01473152358084917,0.014477321272715926
6399,0.014137259684503078,0.014480079729110003
6400,0.014157544821500778,0.014484106693416834
6401,0.015266447328031063,0.014490455817431212
6402,0.014248652383685112,0.014477208638563752
6403,0.014912519603967667,0.014484073044732213
6404,0.014378792606294155,0.014478427842259407
6405,0.0145145608112216,0.014479937022551894
6406,0.01378077082335949,0.01447374359704554
6407,0.01409773901104927,0.014468733882531525
6408,0.013565216213464737,0.01444642617367208
6409,0.014232592657208443,0.01444777068682015
6410,0.014197735115885735,0.014446841133758426
6411,0.014212137088179588,0.014446340510621667
6412,0.014316970482468605,0.014437802685424685
6413,0.014092963188886642,0.014433703375980258
6414,0.014249997213482857,0.01442055887542665
6415,0.014467276632785797,0.014412985313683749
6416,0.014582416042685509,0.01441236118786037
6417,0.013819688931107521,0.014395967535674572
6418,0.014435864984989166,0.014389189630746842
6419,0.014676997438073158,0.014383726846426725
6420,0.014569101855158806,0.014382585175335407
6421,0.01437559723854065,0.014380130618810653
6422,0.014631231315433979,0.01438523425720632
6423,0.013692012056708336,0.014375499030575157
6424,0.014096613973379135,0.014368094829842448
6425,0.01474025845527649,0.014370645005255938
6426,0.015112989582121372,0.014381035007536411
6427,0.013793671503663063,0.014374664258211852
6428,0.01477776188403368,0.014375111199915408
6429,0.014826527796685696,0.014378972798585892
6430,0.01437871903181076,0.014368497934192419
6431,0.014308475889265537,0.0143694316316396
6432,0.015146911144256592,0.014380603889003396
6433,0.014621224254369736,0.014384546065703035
6434,0.014127466827630997,0.01438150217756629
6435,0.014342931099236012,0.014373391019180417
6436,0.015384817495942116,0.014383637560531497
6437,0.014226442202925682,0.014390853298828006
6438,0.014483941718935966,0.014386404398828745
6439,0.014118922874331474,0.014388491176068783
6440,0.015041414648294449,0.01438825367949903
6441,0.014479212462902069,0.014395861700177193
6442,0.015332790091633797,0.014400937650352717
6443,0.014190945774316788,0.01439586641266942
6444,0.016075920313596725,0.014408590914681553
6445,0.014303519390523434,0.014409153331071138
6446,0.0130393011495471,0.014399921605363488
6447,0.014905517920851707,0.014408321157097816
6448,0.01393499318510294,0.014407783085480332
6449,0.01612667366862297,0.014425475476309657
6450,0.01516466774046421,0.014433719795197248
6451,0.014069302938878536,0.014416987495496868
6452,0.014623956754803658,0.014419401250779628
6453,0.015074562281370163,0.014423738345503806
6454,0.014606999233365059,0.014414110276848078
6455,0.013804861344397068,0.014409022368490697
6456,0.015501991845667362,0.014422914078459144
6457,0.014050405472517014,0.014416794003918766
6458,0.014540215022861958,0.014425507690757513
6459,0.014028400182723999,0.014424452651292085
6460,0.015392250381410122,0.014425751203671098
6461,0.014631140977144241,0.014435636810958385
6462,0.014095875434577465,0.014434358095750213
6463,0.013936812058091164,0.014420430501922965
6464,0.014738455414772034,0.014425922678783535
6465,0.014493100345134735,0.014424637388437987
6466,0.014666697941720486,0.014430398615077137
6467,0.015279270708560944,0.014445760594680905
6468,0.013896604999899864,0.014450047118589281
6469,0.014515557326376438,0.01446330877020955
6470,0.015664760023355484,0.014478478450328111
6471,0.014756148681044579,0.014487478230148555
6472,0.01470387913286686,0.014491490498185157
6473,0.014821913093328476,0.014495376516133546
6474,0.014757976867258549,0.014498014841228724
6475,0.01453331671655178,0.014485413171350957
6476,0.014320094138383865,0.014480797722935677
6477,0.014215744100511074,0.014488035794347525
6478,0.013665759935975075,0.014480545725673437
6479,0.014835015870630741,0.014489230355247856
6480,0.014114897698163986,0.014484538584947587
6481,0.013941548764705658,0.014485226711258292
6482,0.014712768606841564,0.014481551004573703
6483,0.013676515780389309,0.014472380289807915
6484,0.014996839687228203,0.014480394599959255
6485,0.013637807220220566,0.014473741324618459
6486,0.014485441148281097,0.01448300275951624
6487,0.014411205425858498,0.01448690727353096
6488,0.014455967582762241,0.014485348351299762
6489,0.015015064738690853,0.014487484069541097
6490,0.01424681581556797,0.01448552567511797
6491,0.014292720705270767,0.01448335038498044
6492,0.015116536989808083,0.01449038184247911
6493,0.01418103463947773,0.014488227060064673
6494,0.014448725618422031,0.014488204587250949
6495,0.01421179436147213,0.014490241529420017
6496,0.014204682782292366,0.014481874899938702
6497,0.015067418105900288,0.014488650960847735
6498,0.014715135097503662,0.01448848707601428
6499,0.013832069002091885,0.014485435169190168
6500,0.014891589060425758,0.014492775611579418
6501,0.015055589377880096,0.014490667032077909
6502,0.013903348706662655,0.014487213995307684
6503,0.01433361042290926,0.0144814249034971
6504,0.013501654379069805,0.014472653521224857
6505,0.01435803808271885,0.014471088293939829
6506,0.013857061043381691,0.014471851196140051
6507,0.013990279287099838,0.014470776598900557
6508,0.013625982217490673,0.014471384258940815
6509,0.014982652850449085,0.014478884860873223
6510,0.014822917990386486,0.01448513668961823
6511,0.014700936153531075,0.014490024680271744
6512,0.013841047883033752,0.014485265454277396
6513,0.014677504077553749,0.014491110863164068
6514,0.014853226020932198,0.01449714315123856
6515,0.013704746961593628,0.014489517854526639
6516,0.013296952471137047,0.014476663218811154
6517,0.013709606602787971,0.014475562395527958
6518,0.013314072042703629,0.014464344466105103
6519,0.016652196645736694,0.01448409645818174
6520,0.013979455456137657,0.014478199994191527
6521,0.014285562559962273,0.014477299647405744
6522,0.013741513714194298,0.014468402471393346
6523,0.013872875832021236,0.014470211109146475
6524,0.013946086168289185,0.014468705831095576
6525,0.013794666156172752,0.014459249908104538
6526,0.01351943425834179,0.014443314354866742
6527,0.01420358382165432,0.014447413478046655
6528,0.013738153502345085,0.01443701739422977
6529,0.013703491538763046,0.014425787031650544
6530,0.014331900514662266,0.014425318846479058
6531,0.014541559852659702,0.014427649686113
6532,0.014148451387882233,0.014417665088549256
6533,0.014947459101676941,0.014420927437022328
6534,0.013366852886974812,0.014413321297615767
6535,0.014404290355741978,0.014413934890180826
6536,0.015108248218894005,0.014411169197410345
6537,0.013241858221590519,0.014401323357596994
6538,0.014547804370522499,0.014401961984112858
6539,0.015182502567768097,0.014412597781047224
6540,0.014328369870781898,0.014405467333272099
6541,0.014293242245912552,0.014403607631102204
6542,0.01353710237890482,0.014385650753974915
6543,0.01459689624607563,0.014389710258692503
6544,0.013867689296603203,0.014367627948522567
6545,0.015087826177477837,0.014375471016392112
6546,0.014680963009595871,0.0143918876349926
6547,0.014270167797803879,0.014385534133762121
6548,0.014459682628512383,0.014390781028196216
6549,0.01359896082431078,0.014365503899753093
6550,0.014306219294667244,0.014356919415295124
6551,0.014191560447216034,0.0143581419903785
6552,0.014417910948395729,0.01435608153231442
6553,0.013629073277115822,0.014341626642271876
6554,0.01395890861749649,0.01433514573611319
6555,0.015251504257321358,0.014349612165242434
6556,0.013844700530171394,0.014333039252087475
6557,0.014148253947496414,0.014334017736837268
6558,0.014218303374946117,0.014330798620358109
6559,0.014585360884666443,0.014336368227377534
6560,0.014553393237292767,0.01432797965593636
6561,0.014401736669242382,0.014325685612857342
6562,0.013906534761190414,0.01432379220612347
6563,0.014618847519159317,0.014330612560734153
6564,0.0137482900172472,0.014320710906758904
6565,0.013319098390638828,0.014308970887213945
6566,0.014246721751987934,0.014304771125316619
6567,0.014577467925846577,0.014297753097489476
6568,0.014555957168340683,0.014304346619173885
6569,0.013524152338504791,0.014294432569295168
6570,0.014613963663578033,0.014283924605697393
6571,0.013411873020231724,0.014270481849089266
6572,0.014185987412929535,0.014265302931889892
6573,0.013591950759291649,0.014253003308549523
6574,0.013652734458446503,0.014241950884461403
6575,0.014717156067490578,0.01424378927797079
6576,0.014112494885921478,0.014241713285446166
6577,0.015046733431518078,0.014250023178756238
6578,0.016017846763134003,0.014273544047027827
6579,0.014419876039028168,0.0142693926487118
6580,0.013459316454827785,0.014262836836278438
6581,0.014296703971922398,0.014266388388350607
6582,0.014024471864104271,0.014259505420923232
6583,0.015112075954675674,0.014273861022666097
6584,0.014645993709564209,0.014270352562889457
6585,0.01368582621216774,0.014270832752808929
6586,0.013700244948267937,0.014262980790808797
6587,0.013713911175727844,0.01425600784830749
6588,0.013735499233007431,0.014248803164809943
6589,0.014351675286889076,0.014242169270291925
6590,0.014777028933167458,0.014247471401467919
6591,0.014471473172307014,0.014249258926138281
6592,0.01420554332435131,0.014240148989483715
6593,0.013981668278574944,0.014238155325874685
6594,0.01418343372642994,0.014235502406954766
6595,0.014195239171385765,0.014235336855053902
6596,0.014805519953370094,0.014241345226764679
6597,0.0140914898365736,0.014231585944071413
6598,0.013831965625286102,0.014222754249349236
6599,0.01437657605856657,0.014228199319913983
6600,0.014325450174510479,0.01422253793105483
6601,0.014102721586823463,0.014213009253144265
6602,0.014623945578932762,0.014220215221866965
6603,0.014681298285722733,0.0142236921004951
6604,0.013730832375586033,0.014225983880460263
6605,0.014339989982545376,0.014225803399458527
6606,0.01263539306819439,0.014213586719706654
6607,0.013976940885186195,0.014213453335687519
6608,0.01442943699657917,0.014221487883478403
6609,0.013797517865896225,0.014209636533632875
6610,0.013442348688840866,0.014195830840617419
6611,0.014878975227475166,0.01419761123135686
6612,0.014251498505473137,0.014201715737581253
6613,0.01401782501488924,0.014195118946954608
6614,0.01451459527015686,0.014191732639446855
6615,0.013010973110795021,0.01418479490093887
6616,0.013713086023926735,0.014188956236466765
6617,0.015545999631285667,0.014207320166751742
6618,0.014421314932405949,0.014218392595648766
6619,0.014025790616869926,0.014192128535360098
6620,0.01456754095852375,0.014198009390383959
6621,0.014972449280321598,0.014204878257587553
6622,0.0154494047164917,0.014221957167610527
6623,0.015135758556425571,0.01423458599485457
6624,0.014645437709987164,0.01424157951027155
6625,0.013550989329814911,0.01423914274200797
6626,0.01383789163082838,0.014242327315732837
6627,0.014600811526179314,0.014246299592778087
6628,0.014317221939563751,0.014252090277150273
6629,0.013391941785812378,0.014248974779620767
6630,0.01339163351804018,0.014239572109654547
6631,0.0152759850025177,0.014246916361153127
6632,0.01374601200222969,0.014242891967296601
6633,0.014982862398028374,0.014243246000260114
6634,0.01443724799901247,0.014253949951380492
6635,0.01545084547251463,0.014264415502548217
6636,0.013580603525042534,0.014249139055609704
6637,0.013877400197088718,0.014255494475364686
6638,0.013868505135178566,0.014248701483011246
6639,0.013689658604562283,0.014233773043379187
6640,0.013087521307170391,0.014221364557743072
6641,0.014855061657726765,0.014226982751861215
6642,0.013857265934348106,0.014230184387415648
6643,0.015292701311409473,0.014237142438068985
6644,0.014230659231543541,0.01424077213741839
6645,0.012837626039981842,0.01421827013604343
6646,0.015521707013249397,0.014226677576079965
6647,0.013394858688116074,0.014217924484983087
6648,0.013274146243929863,0.014206069121137262
6649,0.014358781278133392,0.014213667325675488
6650,0.013658927753567696,0.014207194410264492
6651,0.013932637870311737,0.014204605184495449
6652,0.013786605559289455,0.014198292130604386
6653,0.014042099006474018,0.014202422387897968
6654,0.013610157184302807,0.014198934873566032
6655,0.013955731876194477,0.014185977149754763
6656,0.014667211100459099,0.014194202255457639
6657,0.015011238865554333,0.014202832104638219
6658,0.014383460395038128,0.01420448367483914
6659,0.015085980296134949,0.014209489868953824
6660,0.013795383274555206,0.014201909769326448
6661,0.01505979523062706,0.014208490354940295
6662,0.013466471806168556,0.014204089725390077
6663,0.01381161343306303,0.014196017384529113
6664,0.013619767501950264,0.014194732159376144
6665,0.014021120965480804,0.014201752385124564
6666,0.013950644060969353,0.014198791608214379
6667,0.013629168272018433,0.014189308611676096
6668,0.014386545866727829,0.014187614498659969
6669,0.013589415699243546,0.014188267132267356
6670,0.013777794316411018,0.014179905438795685
6671,0.014823181554675102,0.01419401852414012
6672,0.014132652431726456,0.014193485174328089
6673,0.014333287253975868,0.01420089853927493
6674,0.013710679486393929,0.014201477989554406
6675,0.014117486774921417,0.014195481296628714
6676,0.014216854237020016,0.014196524890139698
6677,0.01380760595202446,0.014184133615344763
6678,0.01429006177932024,0.014166855765506626
6679,0.014924153685569763,0.01417189854197204
6680,0.013343628495931625,0.01417074166238308
6681,0.013840196654200554,0.01416617658920586
6682,0.012721437960863113,0.01415314625017345
6683,0.014190132729709148,0.014143926817923784
6684,0.014384320005774498,0.014141310080885887
6685,0.014103909023106098,0.014145490908995272
6686,0.013683461584150791,0.0141453230753541
6687,0.014080255292356014,0.01414898651652038
6688,0.014544069766998291,0.01415707222186029
6689,0.013247092254459858,0.014146026391535997
6690,0.014204652979969978,0.014140302632004022
6691,0.013966090977191925,0.014135248810052872
6692,0.012996085919439793,0.014123154236003757
6693,0.01481618918478489,0.014131499445065856
6694,0.013399354182183743,0.014123658649623394
6695,0.013616607524454594,0.014117872333154083
6696,0.014176414348185062,0.014111581277102232
6697,0.013156881555914879,0.014102235194295645
6698,0.013855619356036186,0.014102471731603146
6699,0.014477333053946495,0.014103479301556945
6700,0.013849428854882717,0.014098719088360667
6701,0.01417704951018095,0.014099462367594242
6702,0.014436046592891216,0.014097583377733827
6703,0.014745261520147324,0.014098223010078072
6704,0.014498909935355186,0.014105903785675764
6705,0.013938832096755505,0.014101892206817866
6706,0.01346946507692337,0.014110232926905155
6707,0.014133945107460022,0.014111802969127894
6708,0.01400361955165863,0.014107544794678689
6709,0.013856014236807823,0.014108129758387804
6710,0.014126785099506378,0.01411497412249446
6711,0.013711720705032349,0.01410330157727003
6712,0.014170766808092594,0.014102494260296226
6713,0.012754390947520733,0.014089859919622541
6714,0.014570385217666626,0.014090417819097638
6715,0.013315696269273758,0.014093465050682425
6716,0.01456698589026928,0.014102004049345852
6717,0.014384978450834751,0.014090393837541342
6718,0.013708589598536491,0.014083266584202647
6719,0.014071298763155937,0.014083721665665508
6720,0.013386745005846024,0.01407191370613873
6721,0.013690991327166557,0.01405909912660718
6722,0.014055953361093998,0.014045164613053203
6723,0.013600539416074753,0.014029812421649695
6724,0.013596344739198685,0.01401932149194181
6725,0.013845566660165787,0.014022267265245318
6726,0.013728583231568336,0.014021174181252719
6727,0.013791939243674278,0.014013085458427667
6728,0.01366608776152134,0.014006574116647243
6729,0.0144882807508111,0.01401753750629723
6730,0.01430598460137844,0.014026681017130614
6731,0.013824760913848877,0.014012168776243925
6732,0.01475469395518303,0.01402225559577346
6733,0.013606015592813492,0.01400848712772131
6734,0.013808832503855228,0.014002202972769738
6735,0.013502728193998337,0.013982721799984575
6736,0.013955280184745789,0.013986468566581606
6737,0.012661030516028404,0.013974304869771003
6738,0.013875704258680344,0.013974376861006022
6739,0.014686809852719307,0.013984348373487592
6740,0.013642285019159317,0.013989896010607482
6741,0.015086370520293713,0.01399220909923315
6742,0.013769871555268764,0.013991335155442357
6743,0.013964969664812088,0.013978057838976383
6744,0.014358725398778915,0.013979338500648737
6745,0.014324291609227657,0.013994205156341194
6746,0.013501223176717758,0.013974000317975879
6747,0.013475306332111359,0.013974804794415832
6748,0.014063743874430656,0.01398270077072084
6749,0.013970119878649712,0.013978814156726003
6750,0.01461775228381157,0.013988402402028442
6751,0.013895714655518532,0.01398803316988051
6752,0.013676481321454048,0.013986931927502156
6753,0.013995306566357613,0.01398646400310099
6754,0.013127071782946587,0.013981633149087428
6755,0.013858764432370663,0.01398066347464919
6756,0.01439354196190834,0.013977926783263683
6757,0.01315541286021471,0.013959368523210287
6758,0.0148233100771904,0.01396376702003181
6759,0.015009631402790546,0.013963003531098367
6760,0.014857133850455284,0.013973621036857366
6761,0.013584775850176811,0.013958870843052864
6762,0.013027951121330261,0.01395448563620448
6763,0.014281107112765312,0.013959180573001504
6764,0.013955559581518173,0.013962538493797184
6765,0.014735670760273933,0.013969683991745115
6766,0.013202425092458725,0.013962201802060007
6767,0.014116044156253338,0.013967070560902357
6768,0.014038598164916039,0.013963591083884239
6769,0.014369096606969833,0.013971387892961502
6770,0.012674599885940552,0.013960355948656798
6771,0.013852940872311592,0.013950653541833162
6772,0.013137990608811378,0.013940706923604012
6773,0.014139859937131405,0.013938772650435567
6774,0.013571934774518013,0.013937385203316808
6775,0.013312389142811298,0.013929334226995707
6776,0.012704180553555489,0.01391420749016106
6777,0.013891438022255898,0.013915045810863376
6778,0.014398855157196522,0.013916133744642139
6779,0.0138178002089262,0.013905070209875702
6780,0.013809822499752045,0.013909732149913907
6781,0.01354257296770811,0.013906755913048983
6782,0.01239804271608591,0.01390352196060121
6783,0.014472611248493195,0.01390634674578905
6784,0.014282803051173687,0.013905331576243043
6785,0.01458797324448824,0.013910172218456864
6786,0.01452899631112814,0.013918627565726639
6787,0.01411626860499382,0.013918987698853016
6788,0.013109950348734856,0.013904646504670382
6789,0.013324623927474022,0.013905421821400523
6790,0.014312971383333206,0.013906505005434156
6791,0.013709651306271553,0.013903940608724952
6792,0.013979554176330566,0.01391377529129386
6793,0.013566860929131508,0.013901282008737326
6794,0.01429305411875248,0.013910219008103013
6795,0.014324412681162357,0.01391729705967009
6796,0.014571445062756538,0.013921247366815805
6797,0.012917637825012207,0.013918854929506778
6798,0.014415480196475983,0.013924453537911177
6799,0.014064935967326164,0.013920329567044974
6800,0.013845395296812057,0.013920289231464267
6801,0.012897180393338203,0.013907490540295839
6802,0.01285367552191019,0.013891666829586029
6803,0.01338312029838562,0.013878045417368413
6804,0.014217061921954155,0.013875226937234402
6805,0.015308951959013939,0.013888928135856985
6806,0.013470403850078583,0.013888937523588538
6807,0.014146828092634678,0.013889066353440284
6808,0.01366472989320755,0.013885677456855774
6809,0.013840608298778534,0.013885523397475482
6810,0.013489466160535812,0.013879150208085776
6811,0.013462101109325886,0.01387665401212871
6812,0.014436868950724602,0.01387931503355503
6813,0.01472064945846796,0.013898977618664503
6814,0.013459469191730022,0.013887868458405138
6815,0.014243189245462418,0.013897143388167024
6816,0.013363663107156754,0.013885110160335898
6817,0.013643981888890266,0.013877700194716453
6818,0.014621465466916561,0.013886828953400255
6819,0.014879816211760044,0.013894914127886295
6820,0.0143223712220788,0.013904270390048623
6821,0.015113674104213715,0.013918497217819095
6822,0.012980956584215164,0.013907747250050307
6823,0.014224417507648468,0.013913986030966044
6824,0.014134768396615982,0.013919370267540216
6825,0.012906213290989399,0.013909976733848452
6826,0.014323833398520947,0.013915929235517979
6827,0.014130709692835808,0.013919316940009594
6828,0.01441501546651125,0.013926806217059494
6829,0.01517898216843605,0.013933713231235743
6830,0.013806687667965889,0.013928720261901617
6831,0.013782886788249016,0.01392830152064562
6832,0.014242582954466343,0.013923180410638452
6833,0.014428099617362022,0.013931401250883936
6834,0.013259891420602798,0.013925911840051413
6835,0.014206137508153915,0.013932945933192968
6836,0.013590618968009949,0.01392929932102561
6837,0.013108016923069954,0.013933769185096026
6838,0.013252049684524536,0.013927532639354468
6839,0.013030869886279106,0.013910973239690065
6840,0.01327701099216938,0.013907320499420166
6841,0.013393381610512733,0.013890390610322356
6842,0.013634836301207542,0.013889040257781744
6843,0.013268664479255676,0.01388207720592618
6844,0.01337510533630848,0.013872241005301475
6845,0.014417351223528385,0.013873171601444483
6846,0.013533428311347961,0.013873493652790786
6847,0.013310976326465607,0.013871850352734328
6848,0.0132227074354887,0.013863439988344908
6849,0.013094296678900719,0.013854681756347418
6850,0.013026947155594826,0.01383877370506525
6851,0.013778234831988811,0.013837598906829953
6852,0.012719383463263512,0.013828027928248048
6853,0.013683641329407692,0.013824911275878548
6854,0.014350920915603638,0.013837149767205119
6855,0.014359965920448303,0.013842161782085895
6856,0.014457851648330688,0.01384280487895012
6857,0.013908632099628448,0.013850337071344256
6858,0.013869286514818668,0.013840796835720539
6859,0.013952316716313362,0.013830223688855767
6860,0.013053870759904385,0.013812191057950259
6861,0.013728325255215168,0.013813626552000642
6862,0.013071306049823761,0.013814060101285577
6863,0.014196304604411125,0.013813212076202034
6864,0.013616782613098621,0.013809824306517839
6865,0.014267023652791977,0.01380513783544302
6866,0.0138474740087986,0.013811588324606418
6867,0.013433238491415977,0.013804760267958046
6868,0.013935595750808716,0.013803730243816972
6869,0.014179755002260208,0.013801836827769875
6870,0.014512828551232815,0.013820219114422798
6871,0.01401330716907978,0.01382182277739048
6872,0.013307315297424793,0.013823516024276615
6873,0.013383396901190281,0.013815951393917203
6874,0.013824245892465115,0.013818474505096674
6875,0.01378009282052517,0.013823151541873812
6876,0.013689043000340462,0.013833000166341662
6877,0.014191105961799622,0.0138359968457371
6878,0.013365976512432098,0.013825668059289455
6879,0.01430452149361372,0.01383053527213633
6880,0.014435159042477608,0.013836788637563586
6881,0.013638775795698166,0.013837750665843487
6882,0.01414799690246582,0.013855250207707287
6883,0.0139060840010643,0.013849584935232997
6884,0.014340458437800407,0.013850161489099264
6885,0.014241146855056286,0.013846693225204945
6886,0.014706198126077652,0.01384846524335444
6887,0.013469982892274857,0.01384200238622725
6888,0.013463638722896576,0.013845539269968867
6889,0.012922332622110844,0.013841516356915235
6890,0.01379217766225338,0.013836308419704436
6891,0.01414082758128643,0.013840620182454586
6892,0.01359601691365242,0.013836784809827805
6893,0.013857494108378887,0.01383969114162028
6894,0.01336746010929346,0.013830435201525689
6895,0.014937915839254856,0.013836570233106613
6896,0.014906832948327065,0.013839924111962318
6897,0.01404329389333725,0.013851180672645569
6898,0.014246106147766113,0.01384948693215847
6899,0.013577393256127834,0.013844611505046487
6900,0.01300561148673296,0.013836213666945697
6901,0.01413189247250557,0.01384856078773737
6902,0.013374595902860165,0.013853769991546869
6903,0.014181504026055336,0.013861753828823566
6904,0.012931229546666145,0.013848895505070687
6905,0.014476509764790535,0.013840571083128451
6906,0.014220837503671646,0.013848075419664383
6907,0.013781527057290077,0.013844422409310936
6908,0.013958555646240711,0.01384736066684127
6909,0.012998539954423904,0.013838939983397722
6910,0.012592261657118797,0.013829967938363552
6911,0.014107529073953629,0.01383642221800983
6912,0.013936486095190048,0.013831418389454484
6913,0.014673062600195408,0.013830942520871758
6914,0.0143479835242033,0.013839827664196492
6915,0.014363917522132397,0.01384103494696319
6916,0.013142932206392288,0.013838827637955546
6917,0.012990366667509079,0.013832291485741735
6918,0.013629049994051456,0.013822367331013084
6919,0.013917181640863419,0.013812740985304117
6920,0.012668528594076633,0.013796202559024095
6921,0.01412208378314972,0.013786286655813456
6922,0.01374373771250248,0.01379391446709633
6923,0.013161003589630127,0.013783280327916146
6924,0.0151895210146904,0.01379382785409689
6925,0.013696335256099701,0.013801729073747993
6926,0.013455920852720737,0.01379304994828999
6927,0.013816037215292454,0.013789903223514557
6928,0.014343665912747383,0.013789189727976919
6929,0.013812092132866383,0.013775520827621221
6930,0.014098328538239002,0.013778437236323953
6931,0.014115074649453163,0.013781759114935994
6932,0.014205635525286198,0.013781389640644192
6933,0.014048457145690918,0.013777593215927482
6934,0.01316164992749691,0.013776610800996424
6935,0.013547537848353386,0.013770024804398418
6936,0.012646612711250782,0.013760584741830825
6937,0.013411113992333412,0.01376361571252346
6938,0.0130196213722229,0.013761291429400444
6939,0.014014843851327896,0.013771131169050932
6940,0.01335323415696621,0.0137718934006989
6941,0.013220828026533127,0.013770167864859104
6942,0.013685623183846474,0.013770675733685494
6943,0.01503013540059328,0.01378829044289887
6944,0.0140154417604208,0.013794693807139992
6945,0.014298072084784508,0.013793501015752553
6946,0.011969368904829025,0.013777860421687365
6947,0.012922478839755058,0.013773975446820259
6948,0.01388588733971119,0.013780607245862483
6949,0.01409723237156868,0.013790636602789164
6950,0.01384546235203743,0.013798821754753589
6951,0.013736790977418423,0.013798407316207885
6952,0.013959737494587898,0.01381081085652113
6953,0.01317179761826992,0.013805692419409751
6954,0.01424227375537157,0.01380460594780743
6955,0.01398986391723156,0.013800904927775264
6956,0.013348951004445553,0.013789815921336412
6957,0.014524204656481743,0.013795971646904945
6958,0.013009769842028618,0.013787376480177044
6959,0.015443242155015469,0.013802285734564067
6960,0.01413215696811676,0.01381306859664619
6961,0.012726902961730957,0.013803054373711347
6962,0.013530433177947998,0.01380764564499259
6963,0.014278464950621128,0.01380846724845469
6964,0.013544629327952862,0.013807745715603233
6965,0.013793978840112686,0.013803015267476439
6966,0.01311876904219389,0.013795728217810393
6967,0.013627477921545506,0.013797670612111687
6968,0.013476427644491196,0.013793078931048513
6969,0.014158288016915321,0.013792864261195064
6970,0.013233991339802742,0.013780075889080763
6971,0.013770044781267643,0.013777643265202642
6972,0.01349547877907753,0.013779524900019168
6973,0.014299623668193817,0.013788687167689204
6974,0.013382918201386929,0.013784273890778423
6975,0.013435271568596363,0.013780825678259135
6976,0.013616299256682396,0.013780098240822554
6977,0.014556332491338253,0.01378375050611794
6978,0.013718011789023876,0.013787270858883857
6979,0.013321409933269024,0.01377743974328041
6980,0.013834336772561073,0.013771431520581245
6981,0.013372253626585007,0.013768766298890114
6982,0.01347497571259737,0.01376203608699143
6983,0.014611499384045601,0.013769090240821243
6984,0.014054187573492527,0.013766227532178163
6985,0.014349658042192459,0.013767312644049526
6986,0.013226279988884926,0.013752513462677599
6987,0.012719182297587395,0.013745005456730724
6988,0.013948878273367882,0.013749857852235436
6989,0.014359830878674984,0.013764232834801078
6990,0.013757959008216858,0.013763890648260713
6991,0.013530895113945007,0.013757791323587298
6992,0.01341563556343317,0.013755987510085105
6993,0.012657063081860542,0.013743983199819922
6994,0.013613448478281498,0.013746443083509802
6995,0.01460331678390503,0.013743097092956305
6996,0.014429861679673195,0.013738327380269765
6997,0.012464514002203941,0.013722539581358432
6998,0.01321407314389944,0.013712219251319767
6999,0.01294639427214861,0.013705909261479974
7000,0.014056911692023277,0.013716422263532877
7001,0.014161037281155586,0.013716713711619376
7002,0.013302160426974297,0.013715989356860518
7003,0.013485660776495934,0.013709030924364924
7004,0.013896066695451736,0.01371867929585278
7005,0.013745350763201714,0.013711367705836893
7006,0.01316006574779749,0.01370075998827815
7007,0.014558013528585434,0.013708524852991105
7008,0.013037050142884254,0.01369930979795754
7009,0.01313794031739235,0.013700703801587224
7010,0.013488012365996838,0.013709661308676005
7011,0.012817587703466415,0.013696761894971132
7012,0.013045458123087883,0.01368785161525011
7013,0.014327420853078365,0.013684395197778941
7014,0.012393681332468987,0.013664852175861598
7015,0.014501485973596573,0.013666227860376239
7016,0.013333145529031754,0.013668129993602634
7017,0.014321165159344673,0.01368143797852099
7018,0.013573012314736843,0.013680877601727844
7019,0.01260578166693449,0.013667763601988554
7020,0.014208572916686535,0.013683164045214653
7021,0.013405852019786835,0.013676001727581023
7022,0.013632590882480145,0.0136748902592808
7023,0.013677321374416351,0.013680053437128662
7024,0.013691551983356476,0.013665073746815325
7025,0.014719679951667786,0.013675307193771004
7026,0.013225242495536804,0.013673000410199166
7027,0.012950079515576363,0.013664340833202004
7028,0.013326367363333702,0.013654167847707867
7029,0.013568987138569355,0.013651736797764897
7030,0.013840868137776852,0.013649162193760276
7031,0.014554029330611229,0.013653551740571857
7032,0.01329760067164898,0.013644471392035484
7033,0.014648254960775375,0.01365046937018633
7034,0.012563792988657951,0.013644490800797939
7035,0.013906754553318024,0.013648082967847586
7036,0.012673675082623959,0.013648353591561318
7037,0.013572068884968758,0.013649963140487671
7038,0.013368416577577591,0.013653451092541218
7039,0.014115516096353531,0.013654457814991474
7040,0.013527950271964073,0.013656204976141452
7041,0.014061624184250832,0.01366461293771863
7042,0.014790629968047142,0.013675663005560636
7043,0.012853380292654037,0.013653895454481244
7044,0.012383714318275452,0.013637578180059791
7045,0.012936079874634743,0.013623958257958292
7046,0.01371947955340147,0.013641459364444018
7047,0.013705241493880749,0.013649286990985275
7048,0.014301450923085213,0.013653442626819015
7049,0.013583475723862648,0.013648305060341955
7050,0.01309555396437645,0.013640805976465345
7051,0.012952025979757309,0.013632958326488732
7052,0.014144223183393478,0.013634803183376789
7053,0.013184802606701851,0.013634933233261108
7054,0.013056299649178982,0.013623073492199182
7055,0.013640375807881355,0.01361957861110568
7056,0.013397207483649254,0.013620061175897718
7057,0.012851081788539886,0.0136033299472183
7058,0.014179646037518978,0.013615028709173202
7059,0.013489672914147377,0.013595493016764522
7060,0.013905268162488937,0.013593224128708243
7061,0.013246824964880943,0.013598423348739744
7062,0.013919487595558167,0.013602313892915845
7063,0.013835350051522255,0.013597882743924856
7064,0.013239817693829536,0.013594834627583622
7065,0.012493724003434181,0.013581832079216838
7066,0.014497999101877213,0.01359562437981367
7067,0.013246896676719189,0.013591818567365408
7068,0.01356305181980133,0.013592684809118509
7069,0.012858983129262924,0.013579691760241985
7070,0.013250606134533882,0.013579857908189297
7071,0.015140337869524956,0.01359356083907187
7072,0.01348097063601017,0.013593415757641196
7073,0.012583497911691666,0.013576254500076174
7074,0.014056820422410965,0.013582993522286415
7075,0.01317655574530363,0.013580406364053488
7076,0.012402243912220001,0.013568265810608864
7077,0.012909473851323128,0.013551797224208713
7078,0.01430303044617176,0.013557647410780192
7079,0.013447193428874016,0.013558905245736242
7080,0.013489104807376862,0.0135554529260844
7081,0.013573378324508667,0.013557464173063636
7082,0.01391313411295414,0.013561845757067204
7083,0.013622930273413658,0.013551960065960884
7084,0.0112161785364151,0.01352357997559011
7085,0.013350249268114567,0.01351358588784933
7086,0.01296278741210699,0.013510950962081552
7087,0.01358683593571186,0.013519627498462796
7088,0.013809695839881897,0.013518235674127936
7089,0.013723904266953468,0.013511876408010721
7090,0.01271897368133068,0.01350148655474186
7091,0.01309359073638916,0.0134971135109663
7092,0.013060344383120537,0.013493560599163174
7093,0.013167312368750572,0.013498663092032076
7094,0.013392687775194645,0.013496455485001207
7095,0.013726577162742615,0.013487688088789583
7096,0.01329866424202919,0.013476376114413142
7097,0.012922786176204681,0.01348095883615315
7098,0.012776080518960953,0.013476578909903765
7099,0.013252126052975655,0.013479636227712035
7100,0.012992236763238907,0.013468989478424192
7101,0.014261791482567787,0.013469997020438313
7102,0.012544317170977592,0.013462418587878347
7103,0.013394853100180626,0.013461510511115193
7104,0.012925047427415848,0.013451800318434834
7105,0.014517733827233315,0.01345952414907515
7106,0.014396417886018753,0.013471887670457363
7107,0.012815026566386223,0.013454457800835372
7108,0.012963376007974148,0.01345372105948627
7109,0.01328757032752037,0.013455217359587551
7110,0.012813987210392952,0.013448477108031511
7111,0.013052252121269703,0.013450823752209544
7112,0.013385097496211529,0.013454220145940781
7113,0.013654129579663277,0.01344748723320663
7114,0.013800013810396194,0.013461550557985901
7115,0.013114344328641891,0.013447679141536354
7116,0.013132395222783089,0.013445671638473869
7117,0.01297406293451786,0.0134322006162256
7118,0.0133069958537817,0.013429540451616049
7119,0.013846499845385551,0.013441947633400559
7120,0.013614218682050705,0.0134360040910542
7121,0.013270027935504913,0.013434645850211382
7122,0.014082826673984528,0.013439148208126426
7123,0.013114387169480324,0.013433518866077066
7124,0.01418532244861126,0.013438456570729613
7125,0.012968393974006176,0.013420943710952997
7126,0.012993887066841125,0.01341863015666604
7127,0.013273400254547596,0.013421863364055753
7128,0.01372653990983963,0.013425865089520811
7129,0.012734441086649895,0.013417519629001617
7130,0.012743283063173294,0.013406543778255581
7131,0.012993138283491135,0.013390934867784381
7132,0.0134868323802948,0.013392827184870839
7133,0.013527906499803066,0.013381623700261115
7134,0.013227518647909164,0.013388260956853628
7135,0.012590978294610977,0.013375103194266557
7136,0.013810213655233383,0.013386468579992651
7137,0.012591848149895668,0.013376666372641921
7138,0.01291490439325571,0.013372131250798702
7139,0.014334965497255325,0.01337432574480772
7140,0.012866460718214512,0.013367710849270225
7141,0.013163295574486256,0.013358727563172579
7142,0.014476265758275986,0.013355583921074866
7143,0.012472584843635559,0.013351775966584682
7144,0.013962715864181519,0.013367565982043743
7145,0.01388629898428917,0.013377068173140287
7146,0.012704580090939999,0.013366919178515672
7147,0.014462337829172611,0.01337449014186859
7148,0.013306678272783756,0.013364542415365577
7149,0.012877371162176132,0.013357481369748712
7150,0.01290775928646326,0.01335560342296958
7151,0.013899020850658417,0.01336507337167859
7152,0.01385023258626461,0.013362133465707303
7153,0.014009959995746613,0.013370385039597749
7154,0.014261031523346901,0.013382432358339429
7155,0.013789039105176926,0.013383918991312384
7156,0.013830524869263172,0.013388252165168524
7157,0.013246734626591206,0.013392208693549037
7158,0.013949761167168617,0.013389909844845534
7159,0.013388309627771378,0.013388896211981773
7160,0.013641130179166794,0.013386254832148552
7161,0.01385270431637764,0.013392313625663519
7162,0.013989773578941822,0.013393016485497355
7163,0.013576855883002281,0.013390431543812156
7164,0.013517395593225956,0.01339320732280612
7165,0.013445045799016953,0.013402720540761947
7166,0.013075020164251328,0.01338849075138569
7167,0.013571524992585182,0.013391737034544349
7168,0.01359344832599163,0.013392040999606251
7169,0.013913058675825596,0.013402581755071879
7170,0.013648299500346184,0.01340655868873
7171,0.012208625674247742,0.013377241566777229
7172,0.01288413256406784,0.013371273186057806
7173,0.013609804213047028,0.01338153624907136
7174,0.013300406746566296,0.013373972112312914
7175,0.012593559920787811,0.013368142154067755
7176,0.01286972127854824,0.013372816927731037
7177,0.014105262234807014,0.013384774811565876
7178,0.013519883155822754,0.013376943338662385
7179,0.014416738413274288,0.013386638788506388
7180,0.013331437483429909,0.013385062115266919
7181,0.013966617174446583,0.013388994503766299
7182,0.012674085795879364,0.01337660402059555
7183,0.013065823353827,0.013371032951399684
7184,0.014017213135957718,0.01339904329739511
7185,0.01372628752142191,0.013402803679928183
7186,0.013310275971889496,0.013406278565526009
7187,0.013898156583309174,0.013409391772001981
7188,0.013322332873940468,0.013404518142342567
7189,0.013028760440647602,0.01339756670407951
7190,0.013081124052405357,0.013401188207790255
7191,0.014066300354897976,0.013410915303975344
7192,0.013075379654765129,0.01341106565669179
7193,0.013974126428365707,0.01341913379728794
7194,0.013103236444294453,0.01341623928397894
7195,0.013624565675854683,0.01341521916911006
7196,0.012755928561091423,0.013409791812300682
7197,0.013800591230392456,0.01341856986284256
7198,0.01341107115149498,0.0134249197691679
7199,0.012804143130779266,0.013420439939945936
7200,0.013722204603254795,0.013427739618346096
7201,0.012862661853432655,0.013413748322054744
7202,0.01285535842180252,0.013416858734562992
7203,0.013510284945368767,0.013418013053014875
7204,0.012827705591917038,0.013417039634659886
7205,0.013089152052998543,0.013402753816917539
7206,0.014206621795892715,0.013400855856016278
7207,0.013171875849366188,0.013404424348846079
7208,0.013371311128139496,0.013408503700047732
7209,0.013243969529867172,0.0134080676920712
7210,0.01290443167090416,0.01340897213667631
7211,0.012388283386826515,0.01340233244933188
7212,0.012584041804075241,0.013394321892410516
7213,0.013905011117458344,0.013396830707788467
7214,0.01361168548464775,0.013394947424530982
7215,0.012865917757153511,0.0133924631588161
7216,0.012928865849971771,0.013390427865087986
7217,0.013466624543070793,0.013395353481173515
7218,0.013412181288003922,0.013396405335515737
7219,0.013967012986540794,0.01339761046692729
7220,0.012729987502098083,0.013388768155127764
7221,0.013860857114195824,0.013394676446914673
7222,0.013351988047361374,0.013387368060648441
7223,0.012719593942165375,0.013383420128375291
7224,0.013533102348446846,0.013376897927373647
7225,0.013737449422478676,0.013384588481858372
7226,0.012594075873494148,0.013380590369924903
7227,0.014048494398593903,0.013388341311365366
7228,0.014480413869023323,0.013395880050957203
7229,0.01246110163629055,0.01339314665645361
7230,0.012255838140845299,0.01338827220723033
7231,0.013583923690021038,0.013394180061295629
7232,0.013476178050041199,0.013394073517993092
7233,0.014006052166223526,0.013398854974657298
7234,0.012150753289461136,0.013388087321072818
7235,0.013755934312939644,0.013399736881256103
7236,0.01312064565718174,0.013392841201275587
7237,0.012452109716832638,0.013391443816944957
7238,0.012957759201526642,0.013391872365027667
7239,0.012340156361460686,0.01337192427366972
7240,0.01220738049596548,0.013365333471447229
7241,0.01376367174088955,0.013371337233111262
7242,0.013100454583764076,0.013357579121366142
7243,0.013746537268161774,0.013370318645611405
7244,0.014995723031461239,0.013380648717284203
7245,0.01337577123194933,0.013375543439760804
7246,0.013658269308507442,0.013385080331936479
7247,0.014328990131616592,0.013383746854960918
7248,0.01281557884067297,0.01337883586063981
7249,0.013979428447782993,0.013389856433495878
7250,0.013470773585140705,0.013395486576482653
7251,0.013069654814898968,0.013387192916125059
7252,0.012181463651359081,0.013370505226776004
7253,0.013629456982016563,0.013366700196638704
7254,0.013041733764111996,0.013354507219046354
7255,0.014139611274003983,0.013358012940734625
7256,0.01345173828303814,0.013354225074872375
7257,0.013523340225219727,0.01335699113085866
7258,0.013774131424725056,0.013355234833434225
7259,0.013573316857218742,0.013357084905728699
7260,0.013552213087677956,0.01335619573481381
7261,0.01356128416955471,0.01335328153334558
7262,0.01276974007487297,0.013341081198304891
7263,0.01408739946782589,0.013346186634153127
7264,0.013121772557497025,0.013342230403795839
7265,0.012798930518329144,0.01333576925098896
7266,0.012408224865794182,0.013329101298004388
7267,0.012744536623358727,0.013320831414312125
7268,0.013475179672241211,0.01331964872777462
7269,0.013543181121349335,0.013315949952229858
7270,0.013158146291971207,0.013311048420146108
7271,0.012759694829583168,0.013316559111699463
7272,0.012225503101944923,0.013309972817078233
7273,0.01372678205370903,0.013311142595484852
7274,0.013263119384646416,0.013310769721865654
7275,0.013586292043328285,0.013320697043091058
7276,0.014062331058084965,0.013332623140886426
7277,0.013376928865909576,0.013325339807197452
7278,0.013423953205347061,0.013324380507692695
7279,0.01451357826590538,0.013325348906219005
7280,0.013322515413165092,0.013325259685516358
7281,0.013820014894008636,0.013323793662711978
7282,0.012826181948184967,0.013325314624235035
7283,0.013747310265898705,0.01333212949335575
7284,0.013314944691956043,0.013325106808915734
7285,0.012435290031135082,0.013312196834012866
7286,0.01361047476530075,0.013315198821946978
7287,0.012921512126922607,0.013305432377383113
7288,0.013635925948619843,0.013308568308129907
7289,0.013905217871069908,0.01331733288243413
7290,0.01360817439854145,0.013322603385895491
7291,0.01277132984250784,0.01330965368077159
7292,0.013647284358739853,0.013315372727811336
7293,0.012872731313109398,0.013304358776658774
7294,0.012674474157392979,0.013300071153789759
7295,0.013009203597903252,0.013293917533010244
7296,0.01320420391857624,0.013298400286585093
7297,0.0126850176602602,0.01328724455088377
7298,0.013771314173936844,0.013290846981108188
7299,0.014027353376150131,0.013303079083561898
7300,0.013199526816606522,0.013297852305695414
7301,0.01338222250342369,0.013303047912195325
7302,0.01316901110112667,0.013306184438988566
7303,0.014133048243820667,0.013312412071973085
7304,0.012892053462564945,0.013313055550679565
7305,0.013377048075199127,0.01331593451090157
7306,0.013928037136793137,0.013313148664310574
7307,0.012767937034368515,0.013309109276160597
7308,0.013465765863656998,0.013310053823515773
7309,0.012498018331825733,0.01330259431153536
7310,0.012234728783369064,0.013295897282660007
7311,0.012613523751497269,0.013298149686306715
7312,0.012593949213624,0.013298248760402203
7313,0.01363537460565567,0.013295552395284176
7314,0.013944368809461594,0.013298879228532314
7315,0.013530921190977097,0.01330552926287055
7316,0.013127818703651428,0.013307518791407347
7317,0.012840727344155312,0.013301259819418192
7318,0.014360131695866585,0.013310739323496818
7319,0.013406715355813503,0.013305136347189545
7320,0.013554210774600506,0.01331337857991457
7321,0.012914377264678478,0.013303913781419397
7322,0.01294065359979868,0.01329980043694377
7323,0.012707380577921867,0.013299678303301334
7324,0.012507935985922813,0.013289426639676093
7325,0.0136558897793293,0.013288611043244601
7326,0.013977352529764175,0.0133024438098073
7327,0.014034872874617577,0.013302307594567537
7328,0.013038361445069313,0.013287887070327997
7329,0.013040442951023579,0.013293680483475328
7330,0.013048505410552025,0.013301607156172394
7331,0.013436345383524895,0.013300131373107434
7332,0.01234979648143053,0.013288867557421327
7333,0.012787451036274433,0.013276681546121836
7334,0.012960568070411682,0.013284779693931341
7335,0.01287822425365448,0.01327600259333849
7336,0.012924829497933388,0.013274044431746006
7337,0.013473445549607277,0.013284257790073752
7338,0.012245358899235725,0.013277133787050843
7339,0.012927765026688576,0.013283009873703122
7340,0.013474124483764172,0.01329567731358111
7341,0.013266114518046379,0.013290701741352677
7342,0.014174152165651321,0.01330143871717155
7343,0.013083867728710175,0.013294812021777035
7344,0.012127261608839035,0.013266127407550812
7345,0.013304689899086952,0.013265416594222187
7346,0.01375169400125742,0.013266350841149688
7347,0.013666010461747646,0.013259721044450999
7348,0.013316422700881958,0.013264729483053088
7349,0.012798098847270012,0.013252916187047959
7350,0.013604787178337574,0.013254256322979927
7351,0.011989490129053593,0.013243454676121473
7352,0.013094166293740273,0.013252581702545285
7353,0.012533898465335369,0.013241626117378473
7354,0.012395167723298073,0.013235160456970334
7355,0.012895525433123112,0.013222719598561526
7356,0.014322740957140923,0.013231429625302554
7357,0.012633930891752243,0.013222535531967878
7358,0.013244334608316422,0.013217237563803792
7359,0.012495743110775948,0.013206461826339364
7360,0.013827372342348099,0.013209213418886066
7361,0.013107065111398697,0.013204671228304505
7362,0.01395975798368454,0.013216571407392621
7363,0.01265682838857174,0.01320226569660008
7364,0.013326838612556458,0.013204316357150674
7365,0.013004574924707413,0.013206372801214457
7366,0.012800307013094425,0.013210293622687459
7367,0.013599690981209278,0.013218845166265964
7368,0.014161701314151287,0.013225710382685066
7369,0.01419871672987938,0.013232265738770366
7370,0.013442705385386944,0.013235111329704523
7371,0.013285789638757706,0.013240372277796269
7372,0.012300053611397743,0.013241117782890797
7373,0.012274804525077343,0.01322659800760448
7374,0.012410970404744148,0.013218076517805457
7375,0.013325361534953117,0.013215467212721705
7376,0.012344714254140854,0.013198291044682264
7377,0.014265147969126701,0.013207173235714435
7378,0.011968279257416725,0.013192616496235132
7379,0.012818136252462864,0.013175662076100707
7380,0.01277080550789833,0.01317014497704804
7381,0.012827465310692787,0.013160219481214881
7382,0.013133352622389793,0.013163291187956928
7383,0.013699991628527641,0.01316281800158322
7384,0.013039715588092804,0.013160065710544587
7385,0.012587541714310646,0.013161588227376342
7386,0.013864219188690186,0.013164125671610237
7387,0.011958815157413483,0.013154498701915145
7388,0.01297501940280199,0.013147889636456966
7389,0.012468316592276096,0.013133520623669029
7390,0.013749327510595322,0.013134932154789567
7391,0.013817790895700455,0.013145396765321494
7392,0.01331290788948536,0.013142053000628949
7393,0.013062597252428532,0.01314395166002214
7394,0.013247921131551266,0.013149686129763723
7395,0.0142484400421381,0.01316207849420607
7396,0.013482986018061638,0.013164866315200925
7397,0.012307718396186829,0.01316109332256019
7398,0.013160190545022488,0.013154982086271048
7399,0.013776645064353943,0.013152475003153086
7400,0.012904432602226734,0.013149524061009287
7401,0.012387480586767197,0.013139576641842723
7402,0.012622910551726818,0.013134115636348724
7403,0.01374318078160286,0.013130216961726546
7404,0.012673590332269669,0.013128032330423594
7405,0.012036344036459923,0.013114625290036201
7406,0.012526839971542358,0.013100613318383693
7407,0.0127786323428154,0.013100720271468162
7408,0.012486165389418602,0.013090924266725779
7409,0.012593097984790802,0.01309187506325543
7410,0.012650848366320133,0.01309603625908494
7411,0.0124867158010602,0.013094768179580569
7412,0.013508686795830727,0.013103915555402636
7413,0.012781418859958649,0.013095375997945666
7414,0.013423485681414604,0.013090167166665197
7415,0.013720812276005745,0.013092066077515483
7416,0.013028061017394066,0.013091068500652909
7417,0.013557592406868935,0.013098237151280046
7418,0.012427670881152153,0.013078912543132901
7419,0.013485042378306389,0.01307969581335783
7420,0.012841779738664627,0.01307257150299847
7421,0.013212820515036583,0.013075555935502052
7422,0.01427537016570568,0.013088903101161122
7423,0.012471948750317097,0.013086548782885074
7424,0.013040014542639256,0.01309186956845224
7425,0.012564231641590595,0.013080952987074852
7426,0.013294834643602371,0.013074127808213234
7427,0.012263640761375427,0.013056415487080813
7428,0.013026310130953789,0.013056294973939658
7429,0.011979717761278152,0.013045687722042202
7430,0.013116427697241306,0.013046366944909096
7431,0.012894144281744957,0.013040944933891296
7432,0.012946806848049164,0.013046915037557482
7433,0.013035569339990616,0.013049396220594645
7434,0.01363394781947136,0.01305613001808524
7435,0.013881554827094078,0.013066163323819636
7436,0.012928003445267677,0.01306619506329298
7437,0.013314048759639263,0.0130646010953933
7438,0.013493498787283897,0.013077082494273782
7439,0.012170467525720596,0.013069509519264102
7440,0.012183282524347305,0.013056601099669933
7441,0.013464299030601978,0.01305858294479549
7442,0.013614803552627563,0.013052989458665253
7443,0.013277311809360981,0.01305492389947176
7444,0.012933007441461086,0.01306298135779798
7445,0.01264183595776558,0.013056352818384766
7446,0.012818451970815659,0.01304702039808035
7447,0.013372780755162239,0.013044088101014494
7448,0.013293610885739326,0.013043859982863068
7449,0.01334448717534542,0.013049323866143823
7450,0.013427522964775562,0.013047551224008202
7451,0.013146990910172462,0.01305912623181939
7452,0.013417923822999,0.013062363807111978
7453,0.013421064242720604,0.013071235464885832
7454,0.012876131571829319,0.013076045103371143
7455,0.013439691625535488,0.013081486765295268
7456,0.013266358524560928,0.013070922940969468
7457,0.013285144232213497,0.01307743507437408
7458,0.013446408323943615,0.013079455811530352
7459,0.012402304448187351,0.013078521424904465
7460,0.013256033882498741,0.013072808040305972
7461,0.013144520111382008,0.013073182590305805
7462,0.013160072267055511,0.013065185733139514
7463,0.013484640046954155,0.013073463849723339
7464,0.012967664748430252,0.013069872111082077
7465,0.013524689711630344,0.013075073258951306
7466,0.013415884226560593,0.013081229031085969
7467,0.012770304456353188,0.013072935165837407
7468,0.012254748493432999,0.013053865637630224
7469,0.012770332396030426,0.013039581794291735
7470,0.013090526685118675,0.013036060007289052
7471,0.01331387646496296,0.013036340875551104
7472,0.012189424596726894,0.013035234585404397
7473,0.0132484445348382,0.013044970985502004
7474,0.012474301271140575,0.013045604294165968
7475,0.011819506995379925,0.013030545748770238
7476,0.011943735182285309,0.013026535958051682
7477,0.013099709525704384,0.013014881573617458
7478,0.013122948817908764,0.013026428269222378
7479,0.012299599125981331,0.013021242897957563
7480,0.012363169342279434,0.013017166536301375
7481,0.012579850852489471,0.013014690391719342
7482,0.012972481548786163,0.013013081680983305
7483,0.012722102925181389,0.013003302793949843
7484,0.013474141247570515,0.01300764705054462
7485,0.013089058920741081,0.013012662222608924
7486,0.013986972160637379,0.013013889752328396
7487,0.013892303220927715,0.013033224632963539
7488,0.013830508105456829,0.013041779519990087
7489,0.012190153822302818,0.013038997892290355
7490,0.01347489282488823,0.013036253545433283
7491,0.012532712891697884,0.013023402765393257
7492,0.013311659917235374,0.013023390285670757
7493,0.012912193313241005,0.013021886246278883
7494,0.012685669586062431,0.013016263730823993
7495,0.012226114980876446,0.012996040480211378
7496,0.013085865415632725,0.012992069274187088
7497,0.012482970021665096,0.01299382179044187
7498,0.012879268266260624,0.012991012567654251
7499,0.012903109192848206,0.012982277208939194
7500,0.012988472357392311,0.012983117606490851
7501,0.013450530357658863,0.012993748104199766
7502,0.01300163846462965,0.012997535383328795
7503,0.012449942529201508,0.012984603000804782
7504,0.013297928497195244,0.012990846382454038
7505,0.01351003348827362,0.013005583276972175
7506,0.013053853064775467,0.013010853407904506
7507,0.013648400083184242,0.013019551085308194
7508,0.01263624057173729,0.01302105183713138
7509,0.013456091284751892,0.013029681770130992
7510,0.012360437773168087,0.013026777664199471
7511,0.013295454904437065,0.01303486505523324
7512,0.012646802701056004,0.013026246214285492
7513,0.012851769104599953,0.013026949716731906
7514,0.012364111840724945,0.01301635597832501
7515,0.013237833976745605,0.013011526195332407
7516,0.012145375832915306,0.01300269934348762
7517,0.01211594045162201,0.012988282823935151
7518,0.012199623510241508,0.012986002350226044
7519,0.012192105874419212,0.012973072985187174
7520,0.013865803368389606,0.012983313221484423
7521,0.012180658057332039,0.012972991596907377
7522,0.01258690096437931,0.012956106904894113
7523,0.012621684931218624,0.01295760426670313
7524,0.01242128573358059,0.012951416978612542
7525,0.012627632357180119,0.012952050985768437
7526,0.013068955391645432,0.012949792193248868
7527,0.01313520036637783,0.012958507789298891
7528,0.013033787719905376,0.012958582565188408
7529,0.013146881014108658,0.012970254197716713
7530,0.012872078455984592,0.012967810705304146
7531,0.013746179640293121,0.012976331058889628
7532,0.013302451930940151,0.012979887509718537
7533,0.013396206311881542,0.012983493879437447
7534,0.01281787734478712,0.012975333174690604
7535,0.013561846688389778,0.012972136093303561
7536,0.012860486283898354,0.012971460921689867
7537,0.013981042429804802,0.012978130858391524
7538,0.012176699005067348,0.012964962860569357
7539,0.013341201469302177,0.012976670200005173
7540,0.012732009403407574,0.012982157468795776
7541,0.012737906537950039,0.012974893543869256
7542,0.012648987583816051,0.012965235384181142
7543,0.012848304584622383,0.012960945311933756
7544,0.013131189160048962,0.012962927129119634
7545,0.013025887310504913,0.012966767642647028
7546,0.013186651282012463,0.012970449635758996
7547,0.01311582326889038,0.012967880060896277
7548,0.013472910970449448,0.012969673061743379
7549,0.013468602672219276,0.012970914216712117
7550,0.013523183763027191,0.012971870824694634
7551,0.012616001069545746,0.012966560926288366
7552,0.013593059033155441,0.01296831227838993
7553,0.013944835402071476,0.01297354998998344
7554,0.013436326757073402,0.01297915194183588
7555,0.011948708444833755,0.012964242110028864
7556,0.013219776563346386,0.012963776290416718
7557,0.012433959171175957,0.012955264439806342
7558,0.01321069523692131,0.01295290730893612
7559,0.012711884453892708,0.012956003108993173
7560,0.013026561588048935,0.012953708386048675
7561,0.013267756439745426,0.01295494074933231
7562,0.01301330141723156,0.012953473040834069
7563,0.01338103972375393,0.012952437037602066
7564,0.01251142006367445,0.01294787459075451
7565,0.012691960670053959,0.012939547300338744
7566,0.01316420454531908,0.01293703050352633
7567,0.011977355927228928,0.012929101018235087
7568,0.012397071346640587,0.012930524246767163
7569,0.012811481021344662,0.012930935733020305
7570,0.01317884773015976,0.012931818943470716
7571,0.012405740097165108,0.012922737579792738
7572,0.01267305202782154,0.012927573854103685
7573,0.013132177293300629,0.012926411181688309
7574,0.013187343254685402,0.012933541601523758
7575,0.012377351522445679,0.012939120046794414
7576,0.011485513299703598,0.012934537827968598
7577,0.012360483407974243,0.012927145566791295
7578,0.013334542512893677,0.012929261503741145
7579,0.014198754914104939,0.01294825306162238
7580,0.012072764337062836,0.012945349011570215
7581,0.012598011642694473,0.012945530619472265
7582,0.013283107429742813,0.012948636878281832
7583,0.012988430447876453,0.012951300153508783
7584,0.01261279359459877,0.012942686676979065
7585,0.011995706707239151,0.012931753154844046
7586,0.013345305807888508,0.012925336491316558
7587,0.012269223108887672,0.012909105690196156
7588,0.013691377826035023,0.012907714387401938
7589,0.012798765674233437,0.012913800505921245
7590,0.013262854889035225,0.012911680126562715
7591,0.013153868727385998,0.012917891684919596
7592,0.01284982543438673,0.01291327334009111
7593,0.012967919930815697,0.012913830606266856
7594,0.012456829659640789,0.01291154220700264
7595,0.012687046080827713,0.012916151518002152
7596,0.012406042777001858,0.012909353291615844
7597,0.013411236926913261,0.012918635960668326
7598,0.012576531618833542,0.012915608594194055
7599,0.013119140639901161,0.012917768908664584
7600,0.01424492709338665,0.012930333456024528
7601,0.012886898592114449,0.012924697138369084
7602,0.011649775318801403,0.0129111785069108
7603,0.013004310429096222,0.012916722185909748
7604,0.013455399312078953,0.012918296894058585
7605,0.012381872162222862,0.012907015280798078
7606,0.012581889517605305,0.012902295645326377
7607,0.011561627499759197,0.012881427919492126
7608,0.011872315779328346,0.012873788671568036
7609,0.012740764766931534,0.012866635406389833
7610,0.013071153312921524,0.012873742561787367
7611,0.013485211879014969,0.012875640131533146
7612,0.01397594902664423,0.012888931594789028
7613,0.013142880983650684,0.012891842713579536
7614,0.012515431270003319,0.01289335590787232
7615,0.0127693060785532,0.012888670628890396
7616,0.012519674375653267,0.012892413614317776
7617,0.012705143541097641,0.012898305645212532
7618,0.012948703020811081,0.012905796440318227
7619,0.012792786583304405,0.012911803247407079
7620,0.013039777055382729,0.01290354298427701
7621,0.012754697352647781,0.012909283377230168
7622,0.01277883816510439,0.012911202749237419
7623,0.01310939434915781,0.01291607984341681
7624,0.012876415625214577,0.01292063114233315
7625,0.013246329501271248,0.012926818113774061
7626,0.011944904923439026,0.012915577609091997
7627,0.013149268925189972,0.012915718294680118
7628,0.012668699026107788,0.012912067407742143
7629,0.012691768817603588,0.012907516285777092
7630,0.012432226911187172,0.012903117770329119
7631,0.01201340276747942,0.012885790001600981
7632,0.013035258278250694,0.012883118065074086
7633,0.012756169773638248,0.012876717699691653
7634,0.013809901662170887,0.012886637942865492
7635,0.013100376352667809,0.012882023239508272
7636,0.013687435537576675,0.012890292732045054
7637,0.012478751130402088,0.012875269819051027
7638,0.01235390268266201,0.012877041855826974
7639,0.014416558668017387,0.012887795427814127
7640,0.01291687972843647,0.012889644131064415
7641,0.013302572071552277,0.012895290786400438
7642,0.012732081115245819,0.012896121721714735
7643,0.01373295672237873,0.012904968243092299
7644,0.013005024753510952,0.01290370659902692
7645,0.013294843025505543,0.012906396156176924
7646,0.013203993439674377,0.012906569577753544
7647,0.012712383642792702,0.012902535181492567
7648,0.012553708627820015,0.012893343158066273
7649,0.01337815448641777,0.012892438676208257
7650,0.01452480349689722,0.012902454873546958
7651,0.012468160130083561,0.012900976464152336
7652,0.013354945927858353,0.012898595333099365
7653,0.012560160830616951,0.01288474858738482
7654,0.012995658442378044,0.012880341904237867
7655,0.013086825609207153,0.0128917230758816
7656,0.011862678453326225,0.012878152094781398
7657,0.012380622327327728,0.012877618726342917
7658,0.012437218800187111,0.012869883961975574
7659,0.012224769219756126,0.012865012809634209
7660,0.012426852248609066,0.01285901571623981
7661,0.012247121892869473,0.01284880937077105
7662,0.012579046189785004,0.012844466818496585
7663,0.013364521786570549,0.01284430163912475
7664,0.013009075075387955,0.012849278189241886
7665,0.01252399105578661,0.012847598493099213
7666,0.013682293705642223,0.012852779384702443
7667,0.01255827583372593,0.012858588583767414
7668,0.011911217123270035,0.012853730041533708
7669,0.012085836380720139,0.012846473595127464
7670,0.013336528092622757,0.012848050398752094
7671,0.012754994444549084,0.012851542942225933
7672,0.013462474569678307,0.0128594371676445
7673,0.013428086414933205,0.012862396258860827
7674,0.012786230072379112,0.012858385127037764
7675,0.012766378000378609,0.012862275391817092
7676,0.012538453564047813,0.012872804794460535
7677,0.012418696656823158,0.012873386926949025
7678,0.012769337743520737,0.012867734879255294
7679,0.013073453679680824,0.012856481866911053
7680,0.013437677174806595,0.012870130995288491
7681,0.012085402384400368,0.01286500490270555
7682,0.012819023802876472,0.012860364066436886
7683,0.013316590338945389,0.012863645665347576
7684,0.013724038377404213,0.01287475811317563
7685,0.012284670025110245,0.012877647746354342
7686,0.012797964736819267,0.012872174335643648
7687,0.012395428493618965,0.012873436389490962
7688,0.012305617332458496,0.012859578784555197
7689,0.012660713866353035,0.012858198266476393
7690,0.013376688584685326,0.012859336603432893
7691,0.012951169162988663,0.01285730960778892
7692,0.01321861520409584,0.012860997505486011
7693,0.012427455745637417,0.012855592863634229
7694,0.012360094115138054,0.0128546255081892
7695,0.012099139392375946,0.012848746441304683
7696,0.0124813262373209,0.012849499275907873
7697,0.01233053207397461,0.012838692227378488
7698,0.013070797547698021,0.012843634886667132
7699,0.012941469438374043,0.012841858174651862
7700,0.013375697657465935,0.012833165880292654
7701,0.012918761000037193,0.012833484504371882
7702,0.012818788178265095,0.012845174632966519
7703,0.012057100422680378,0.01283570253290236
7704,0.012713931500911713,0.012828287854790687
7705,0.013273712247610092,0.01283720625564456
7706,0.011954909190535545,0.012830936452373862
7707,0.013085760176181793,0.012846177779138088
7708,0.013878053054213524,0.01286623515188694
7709,0.012898227199912071,0.012867809776216745
7710,0.012225795537233353,0.012859356198459864
7711,0.014248508960008621,0.0128669891692698
7712,0.012132825329899788,0.012848557932302355
7713,0.01226756814867258,0.012839804803952574
7714,0.013136145658791065,0.012846011947840453
7715,0.013425087556242943,0.012852569762617349
7716,0.012404514476656914,0.012851418163627386
7717,0.012242931872606277,0.012846796046942473
7718,0.012056220322847366,0.012837871219962835
7719,0.013023851439356804,0.01284018186852336
7720,0.01178748533129692,0.012827658951282501
7721,0.012785986065864563,0.01282797183841467
7722,0.012842757627367973,0.012828611033037306
7723,0.012348515912890434,0.012821002248674631
7724,0.012720689177513123,0.012819444984197617
7725,0.013213597238063812,0.012819117661565542
7726,0.012650595977902412,0.012826174572110176
7727,0.012679818086326122,0.012821480063721538
7728,0.013329777866601944,0.012828090852126479
7729,0.01314179040491581,0.012832591067999602
7730,0.012934007681906223,0.012837608875706792
7731,0.012875502929091454,0.012846229877322913
7732,0.012347464449703693,0.012839351939037442
7733,0.013143873773515224,0.012843228979036211
7734,0.013322507962584496,0.012838355042040348
7735,0.011700550094246864,0.012824356779456139
7736,0.01306600496172905,0.012818142473697662
7737,0.012825826182961464,0.012821613224223255
7738,0.01216839998960495,0.012819758197292686
7739,0.012196578085422516,0.012797558391466736
7740,0.011849956586956978,0.012786889160051941
7741,0.01247566007077694,0.012778620040044188
7742,0.013018904253840446,0.012781488271430134
7743,0.012839645147323608,0.012772555155679583
7744,0.013383332639932632,0.012776338234543801
7745,0.012548236176371574,0.01276887216605246
7746,0.013206019066274166,0.012768892422318458
7747,0.012938179075717926,0.012771150376647711
7748,0.012496961280703545,0.012770582903176547
7749,0.013766211457550526,0.012774463472887874
7750,0.012071270495653152,0.012749928142875433
7751,0.01300718542188406,0.012755318395793438
7752,0.012803321704268456,0.01274980215355754
7753,0.013422352261841297,0.012758424067869782
7754,0.012946086935698986,0.012757928352802992
7755,0.012359533458948135,0.012750655431300401
7756,0.012516658753156662,0.012757195234298706
7757,0.012757515534758568,0.012760964166373014
7758,0.012667478062212467,0.012763266758993268
7759,0.01270286738872528,0.012768047740682959
7760,0.013918504118919373,0.012782964259386062
7761,0.012039218097925186,0.01278088522143662
7762,0.011601191014051437,0.012771106669679283
7763,0.012622121721506119,0.01276368266902864
7764,0.013306664302945137,0.012766658561304212
7765,0.01331301312893629,0.012774548782035709
7766,0.012776385061442852,0.012765489695593714
7767,0.013110587373375893,0.012771012810990214
7768,0.01241844892501831,0.012776085129007696
7769,0.011879533529281616,0.012774022100493311
7770,0.012468904256820679,0.012765345862135291
7771,0.01194913312792778,0.012757287248969079
7772,0.012375859543681145,0.012746421098709106
7773,0.012821579352021217,0.012740356028079986
7774,0.012421161867678165,0.012736705346032978
7775,0.013255502097308636,0.012741596587002278
7776,0.01308436132967472,0.012747055664658547
7777,0.012358254753053188,0.012746451245620847
7778,0.01408675778657198,0.01275962544605136
7779,0.012693236581981182,0.012755823275074362
7780,0.013224832713603973,0.012753694830462337
7781,0.011520171537995338,0.012748042521998286
7782,0.012361867353320122,0.012743470957502723
7783,0.012238013558089733,0.012732685189694165
7784,0.01274162344634533,0.012722861040383577
7785,0.011743234470486641,0.012717446684837342
7786,0.01218586415052414,0.01271132567897439
7787,0.012897994369268417,0.012716351337730884
7788,0.012510979548096657,0.012718404959887266
7789,0.013457917608320713,0.012726376997306943
7790,0.012347342446446419,0.012716083535924554
7791,0.012228800915181637,0.012708859853446483
7792,0.012319343164563179,0.012699867133051157
7793,0.011971954256296158,0.012695312118157744
7794,0.012470224872231483,0.012696413425728678
7795,0.01291322335600853,0.012704554265365004
7796,0.01229683868587017,0.012702709389850497
7797,0.012891777791082859,0.01270832184702158
7798,0.013025504536926746,0.012707868916913867
7799,0.012399052269756794,0.012702444745227694
7800,0.011963902041316032,0.012688326789066196
7801,0.014017553068697453,0.012699314709752798
7802,0.013526803813874722,0.012706394866108894
7803,0.013805016875267029,0.012723874030634762
7804,0.012729207053780556,0.01272402678616345
7805,0.013268496841192245,0.012723974632099271
7806,0.011993099004030228,0.012724356530234217
7807,0.012422783300280571,0.012717726761475206
7808,0.01321607455611229,0.012711106976494193
7809,0.013037428259849548,0.012712498987093568
7810,0.013248275965452194,0.012722723791375757
7811,0.012768305838108063,0.01270792176015675
7812,0.012061565183103085,0.012707209158688783
7813,0.013424072414636612,0.012718774201348424
7814,0.012550472281873226,0.012712917467579245
7815,0.0130796879529953,0.01270946347154677
7816,0.013236138969659805,0.012717779716476798
7817,0.012342751026153564,0.01271877790801227
7818,0.012878557667136192,0.01272700128145516
7819,0.012358848005533218,0.012720351247116924
7820,0.014055157080292702,0.012743027964606881
7821,0.01243585254997015,0.012739526629447937
7822,0.013409296981990337,0.012745192022994161
7823,0.013290236704051495,0.012754609230905772
7824,0.012896071188151836,0.012756363051012158
7825,0.012663209810853004,0.01275085917674005
7826,0.01168796792626381,0.012741232896223665
7827,0.01274375431239605,0.012741872258484364
7828,0.012940593995153904,0.012737980419769883
7829,0.012680325657129288,0.012733365772292018
7830,0.013108202256262302,0.012735107718035578
7831,0.013004676438868046,0.012736399453133344
7832,0.012777942232787609,0.012740704230964184
7833,0.012925677932798862,0.01273852227255702
7834,0.012697894126176834,0.012732276134192944
7835,0.01262211985886097,0.012741491831839084
7836,0.013381551019847393,0.012744647292420268
7837,0.012526445090770721,0.01274165348149836
7838,0.013249136507511139,0.012752460846677423
7839,0.012037615291774273,0.01275087121874094
7840,0.014185182750225067,0.01277422348037362
7841,0.012816241942346096,0.012777629299089313
7842,0.011813206598162651,0.012765572322532535
7843,0.01245887391269207,0.01276176461018622
7844,0.012004747986793518,0.012747978763654829
7845,0.012032261118292809,0.01274281901307404
7846,0.012581119313836098,0.01273657001554966
7847,0.01260412111878395,0.01273322943598032
7848,0.012084074318408966,0.012729100566357374
7849,0.012709217146039009,0.012718530623242259
7850,0.012320958077907562,0.012721027499064803
7851,0.012234341353178024,0.012713299058377743
7852,0.011760917492210865,0.012702875016257166
7853,0.01267852820456028,0.012695436775684356
7854,0.0129378167912364,0.012695354074239731
7855,0.012379152700304985,0.0126955502666533
7856,0.013601668179035187,0.012706400360912085
7857,0.012097623199224472,0.012699801437556744
7858,0.013021445833146572,0.012703341115266085
7859,0.012693415395915508,0.012703246595337987
7860,0.0122288279235363,0.012686349833384156
7861,0.012529170140624046,0.012691249353811145
7862,0.011759186163544655,0.012692829305306077
7863,0.012281743809580803,0.012689425526186824
7864,0.012230804190039635,0.012678666925057768
7865,0.012924270704388618,0.012674779500812292
7866,0.012296162545681,0.012669977275654673
7867,0.012618893757462502,0.01266506033949554
7868,0.012627551332116127,0.012667151363566519
7869,0.01262676902115345,0.012674623718485236
7870,0.013691740110516548,0.012686852077022194
7871,0.012723464518785477,0.012694595390930772
7872,0.012356407940387726,0.012694400874897838
7873,0.012374727055430412,0.012689932351931929
7874,0.011959481984376907,0.012685315553098916
7875,0.012684861198067665,0.012679609144106508
7876,0.011934030801057816,0.012668105838820339
7877,0.012463959865272045,0.012669162889942527
7878,0.012311287224292755,0.012651408184319734
7879,0.012012298218905926,0.012644598800688982
7880,0.01260676234960556,0.012638418097048998
7881,0.013385862112045288,0.012657075002789498
7882,0.013101669028401375,0.01266447301954031
7883,0.011579876765608788,0.0126578916516155
7884,0.01249602809548378,0.012655435698106884
7885,0.012449114583432674,0.012662494499236345
7886,0.012846747413277626,0.01266910333186388
7887,0.01212368719279766,0.012661360260099173
7888,0.01280736830085516,0.012664324147626757
7889,0.01259429007768631,0.012655687872320414
7890,0.012698845937848091,0.01265920290723443
7891,0.011816645041108131,0.012655081348493696
7892,0.012051284313201904,0.012652400759980082
7893,0.0119390357285738,0.012652071574702859
7894,0.012272622436285019,0.012650095550343394
7895,0.012488101609051228,0.012645844332873822
7896,0.01269581913948059,0.012649834137409926
7897,0.01203523576259613,0.012641268717125058
7898,0.012997539713978767,0.012640989068895579
7899,0.012123031541705132,0.012638228861615062
7900,0.01260131411254406,0.012644602982327342
7901,0.012804156169295311,0.012632469013333321
7902,0.012725945562124252,0.012624460430815816
7903,0.012325217016041279,0.012609662432223558
7904,0.012061832472682,0.012602988686412573
7905,0.01317819394171238,0.012602085657417774
7906,0.011971035972237587,0.012601865027099847
7907,0.01261969469487667,0.012603834141045808
7908,0.011596212163567543,0.012587635517120362
7909,0.012767969630658627,0.012584940930828452
7910,0.012906230986118317,0.012581520481035113
7911,0.011654297821223736,0.01257038040086627
7912,0.012753558345139027,0.01257730033248663
7913,0.013174427673220634,0.01257480388507247
7914,0.012094578705728054,0.012570244949311018
7915,0.012377132661640644,0.012563219396397471
7916,0.013047203421592712,0.0125613300409168
7917,0.012889077886939049,0.012566793309524656
7918,0.011785659939050674,0.0125558643322438
7919,0.01259241346269846,0.012558199986815453
7920,0.012151254341006279,0.012539160959422589
7921,0.01275726780295372,0.012542375111952424
7922,0.012457553297281265,0.012532857675105334
7923,0.012215888127684593,0.012522114189341665
7924,0.012941135093569756,0.012522564828395843
7925,0.012529339641332626,0.01252122612670064
7926,0.012265600264072418,0.012527002450078727
7927,0.012132786214351654,0.012520892769098282
7928,0.013371322304010391,0.012525200052186847
7929,0.012003328651189804,0.012518430082127451
7930,0.012402171269059181,0.01251136977225542
7931,0.012643369846045971,0.0125077567063272
7932,0.012552697211503983,0.012505504256114363
7933,0.01250274758785963,0.012501274952664971
7934,0.011862643994390965,0.012492922451347113
7935,0.012480005621910095,0.012491501308977604
7936,0.013709411025047302,0.012494779909029603
7937,0.011795317754149437,0.01248746863566339
7938,0.013362245634198189,0.01248859972693026
7939,0.013262550346553326,0.012500849077478051
7940,0.01231465209275484,0.01248214377090335
7941,0.012757246382534504,0.012481553815305232
7942,0.011995299719274044,0.012483374746516347
7943,0.012593047693371773,0.012484716484323144
7944,0.012099266052246094,0.01248566166497767
7945,0.012441640719771385,0.012489755460992456
7946,0.01226179488003254,0.01248656221665442
7947,0.012346969917416573,0.012483990704640745
7948,0.013071170076727867,0.012493861662223936
7949,0.013102147728204727,0.012497790968045592
7950,0.011962457560002804,0.012494205962866545
7951,0.012337411753833294,0.012495236666873098
7952,0.012455800548195839,0.012502185497432948
7953,0.01188616082072258,0.01249426182359457
7954,0.012148558162152767,0.012486369237303735
7955,0.012907218188047409,0.012491649892181158
7956,0.013231830671429634,0.012487951517105102
7957,0.012248925864696503,0.012489464543759822
7958,0.013009069487452507,0.012489340780302883
7959,0.01260899007320404,0.012488496527075767
7960,0.011920211836695671,0.012485410366207362
7961,0.012431018054485321,0.012484428845345974
7962,0.01236310601234436,0.01249046804383397
7963,0.013740825466811657,0.01250505886040628
7964,0.013178388588130474,0.012514534704387188
7965,0.013259254395961761,0.012517884541302919
7966,0.013048873282968998,0.012525411648675799
7967,0.012613540515303612,0.01252535811625421
7968,0.011324906721711159,0.01251233167015016
7969,0.011665289290249348,0.01250271687284112
7970,0.012129288166761398,0.012487092353403569
7971,0.0125706996768713,0.012485564704984426
7972,0.012190992012619972,0.01248391054570675
7973,0.011814042925834656,0.012478303704410791
7974,0.012394693680107594,0.012482655821368099
7975,0.012473552487790585,0.012480542734265328
7976,0.012103188782930374,0.012482234314084052
7977,0.012380499392747879,0.012481399709358812
7978,0.013044172897934914,0.012488728566095232
7979,0.012231563217937946,0.012490921216085553
7980,0.01312345638871193,0.012496088156476617
7981,0.012286681681871414,0.012485096352174879
7982,0.012028394266963005,0.012474363604560494
7983,0.012329564429819584,0.012481860481202603
7984,0.012664131820201874,0.012483541518449784
7985,0.011952010914683342,0.01247857048176229
7986,0.012177659198641777,0.012471879599615932
7987,0.010944042354822159,0.012460083151236177
7988,0.012871736660599709,0.012460726834833622
7989,0.012346314266324043,0.012458247076719999
7990,0.01351824402809143,0.012466441057622433
7991,0.012078204192221165,0.012469056649133564
7992,0.013549445196986198,0.012484038257971406
7993,0.012385871261358261,0.01248850661329925
7994,0.012434430420398712,0.012490124693140387
7995,0.012933405116200447,0.01249457772821188
7996,0.012451671995222569,0.0124921362567693
7997,0.0123784514144063,0.012495568413287401
7998,0.012679338455200195,0.012492386400699615
7999,0.01212061382830143,0.01249236222356558
8000,0.013052098453044891,0.012496870066970587
8001,0.012836730107665062,0.012497195806354285
8002,0.01246243342757225,0.012494560685008765
8003,0.012508099898695946,0.012496389513835311
8004,0.012965037487447262,0.012505421563982964
8005,0.01297542080283165,0.012503393832594157
8006,0.010872301645576954,0.01249240648932755
8007,0.011395035311579704,0.01248015989549458
8008,0.01231334824115038,0.012487331256270408
8009,0.012619512155652046,0.012485846681520342
8010,0.0123696718364954,0.012480481090024113
8011,0.012005845084786415,0.01248399656265974
8012,0.01193141657859087,0.01247577514499426
8013,0.011797684244811535,0.012462007710710168
8014,0.012047426775097847,0.012461536191403865
8015,0.011777938343584538,0.012455544248223305
8016,0.012210657820105553,0.012447178792208434
8017,0.012308618985116482,0.012441374203190208
8018,0.014152415096759796,0.012465041754767299
8019,0.012938572093844414,0.012468503341078758
8020,0.012802902609109879,0.012475019823759793
8021,0.013174930587410927,0.012479196451604366
8022,0.01286342367529869,0.01248325515538454
8023,0.012910657562315464,0.012490202849730849
8024,0.012662149965763092,0.012487412998452782
8025,0.012531650252640247,0.012487436104565859
8026,0.014069351367652416,0.01250547361560166
8027,0.012264464050531387,0.012506790393963456
8028,0.012633286416530609,0.012499410035088658
8029,0.012191311456263065,0.01250128986313939
8030,0.012764958664774895,0.012504917737096548
8031,0.013090429827570915,0.012509388336911797
8032,0.012291993945837021,0.012506781304255128
8033,0.01193414069712162,0.012501095235347748
8034,0.012201333418488503,0.012504482129588722
8035,0.012738548219203949,0.012507067555561661
8036,0.01282317191362381,0.012498205164447426
8037,0.012717197649180889,0.012507423963397742
8038,0.013492140918970108,0.012508722916245461
8039,0.014606006443500519,0.012522157477214933
8040,0.012231314554810524,0.01252132410183549
8041,0.01210121437907219,0.012514763781800865
8042,0.01194765791296959,0.012514287363737822
8043,0.012815466150641441,0.012516511548310518
8044,0.011144044809043407,0.012506959335878491
8045,0.012702185660600662,0.012509564785286784
8046,0.0120867770165205,0.012507814606651664
8047,0.011976826004683971,0.012504113167524337
8048,0.01154273096472025,0.01248882877640426
8049,0.011774647980928421,0.012475553778931498
8050,0.012457747012376785,0.012480506673455238
8051,0.012946417555212975,0.012486596731469035
8052,0.0125990379601717,0.012488029105588794
8053,0.01310321968048811,0.01250019969418645
8054,0.012912632897496223,0.012507840441539884
8055,0.013017512857913971,0.012508943388238549
8056,0.011607125401496887,0.012492696335539222
8057,0.012546850368380547,0.012495675580576062
8058,0.012266620993614197,0.012488251095637679
8059,0.012304577976465225,0.012485206974670291
8060,0.012582162395119667,0.012491826480254532
8061,0.012457841075956821,0.012492094710469246
8062,0.013254051096737385,0.012501004161313176
8063,0.012075621634721756,0.012484352122992277
8064,0.012568485923111439,0.012478253096342087
8065,0.012057057581841946,0.012466231128200889
8066,0.013116484507918358,0.012466907240450383
8067,0.012364450842142105,0.012464416343718768
8068,0.011166106909513474,0.01246282834559679
8069,0.011337801814079285,0.01245955347083509
8070,0.012492965906858444,0.012463190248236061
8071,0.012312795035541058,0.012460611201822758
8072,0.012890338897705078,0.012467604670673609
8073,0.013078056275844574,0.012480244804173708
8074,0.012002535164356232,0.012476323219016195
8075,0.013307496905326843,0.012484662663191558
8076,0.012095995247364044,0.012484590727835894
8077,0.012184638530015945,0.012482632119208574
8078,0.01233433373272419,0.012475533727556467
8079,0.012314077466726303,0.01247635887004435
8080,0.011493965983390808,0.01246006396599114
8081,0.011482127010822296,0.012452018419280649
8082,0.0125837791711092,0.01245757226832211
8083,0.012291795574128628,0.0124571945797652
8084,0.012126733548939228,0.012451820597052575
8085,0.011776270344853401,0.012450063191354275
8086,0.011420466005802155,0.012442491259425878
8087,0.013245129026472569,0.012465502126142383
8088,0.012391895055770874,0.012460703710094095
8089,0.011721473187208176,0.012454455299302936
8090,0.012545422650873661,0.012444727085530759
8091,0.011620967648923397,0.01244015472009778
8092,0.012172520160675049,0.01242638546973467
8093,0.01230316236615181,0.012425558380782605
8094,0.011408731341362,0.012415301389992237
8095,0.012074396945536137,0.012406711308285594
8096,0.012247320264577866,0.012404667790979146
8097,0.012413762509822845,0.012405020901933312
8098,0.011719763278961182,0.012395425150170922
8099,0.012344887480139732,0.012397667886689305
8100,0.012196289375424385,0.0123891097959131
8101,0.012635491788387299,0.012387097412720323
8102,0.013058953918516636,0.012393062617629767
8103,0.012060204520821571,0.012388583663851023
8104,0.01299014501273632,0.012388834739103913
8105,0.012091078795492649,0.012379991319030524
8106,0.012257352471351624,0.01239384182728827
8107,0.012686130590736866,0.012406752780079841
8108,0.012177555821835995,0.012405394855886698
8109,0.011509654112160206,0.012394296275451779
8110,0.012202296406030655,0.012392622521147131
8111,0.01231234148144722,0.01239568748511374
8112,0.012095054611563683,0.012397323865443469
8113,0.012102565728127956,0.012400372680276632
8114,0.013304304331541061,0.012412941455841065
8115,0.012940656393766403,0.012424568636342883
8116,0.01242835819721222,0.01242674564011395
8117,0.011393921449780464,0.012417598664760589
8118,0.012528011575341225,0.012401354629546404
8119,0.013087086379528046,0.012402839772403241
8120,0.012129896320402622,0.012396109709516167
8121,0.011636462062597275,0.01238072502426803
8122,0.012174217961728573,0.01237383296713233
8123,0.011163175106048584,0.01235635814256966
8124,0.011863651685416698,0.012348373159766198
8125,0.013399429619312286,0.012357050953432917
8126,0.011769982054829597,0.01233405726030469
8127,0.011763058602809906,0.012329043205827474
8128,0.01210913248360157,0.012323801666498184
8129,0.012568889185786247,0.012327577443793416
8130,0.011739840731024742,0.012317326264455914
8131,0.012622636742889881,0.012312648333609105
8132,0.012933643534779549,0.01231906482949853
8133,0.012707669287919998,0.012326800115406513
8134,0.012863200157880783,0.012333418782800436
8135,0.012112535536289215,0.012327158655971289
8136,0.012077335268259048,0.012319700289517642
8137,0.012540563941001892,0.01231793395243585
8138,0.012631024233996868,0.012309322785586118
8139,0.012359196320176125,0.012286854684352875
8140,0.012352773919701576,0.012288069278001785
8141,0.011492470279335976,0.012281981837004423
8142,0.011378925293684006,0.012276294510811567
8143,0.012409926392138004,0.012272239113226533
8144,0.01267596147954464,0.012287558279931545
8145,0.011851649731397629,0.012279052920639515
8146,0.012125395238399506,0.012279439102858305
8147,0.012684531509876251,0.012286516157910227
8148,0.011301159858703613,0.012284100446850061
8149,0.012606381438672543,0.012292417781427502
8150,0.012054354883730412,0.012288383860141038
8151,0.012605251744389534,0.012284972202032805
8152,0.013428106904029846,0.012293262891471386
8153,0.012029407545924187,0.012282524770125747
8154,0.012535580433905125,0.012278754245489836
8155,0.01185498759150505,0.012267128992825747
8156,0.012715904042124748,0.012278216779232026
8157,0.01297415979206562,0.012282489873468876
8158,0.01166580431163311,0.012276481706649064
8159,0.01309705339372158,0.012284406460821629
8160,0.012700357474386692,0.012285588411614298
8161,0.012527011334896088,0.012286280114203692
8162,0.011505190283060074,0.012268791506066919
8163,0.01230458915233612,0.012271081181243062
8164,0.01193011924624443,0.012264697514474392
8165,0.012045091949403286,0.012264577858150005
8166,0.01210859976708889,0.01225449901074171
8167,0.012210617773234844,0.012252960680052638
8168,0.012088235467672348,0.012262181965634228
8169,0.011545112356543541,0.012264255071058869
8170,0.011913640424609184,0.012258461816236377
8171,0.011550948023796082,0.012250843346118928
8172,0.012470496818423271,0.012246644925326108
8173,0.011678543873131275,0.012232649801298977
8174,0.012423509731888771,0.012236859546974302
8175,0.012172895483672619,0.012225513532757758
8176,0.013067523017525673,0.012235228810459376
8177,0.01201342698186636,0.012233516694977879
8178,0.012002162635326385,0.0122301949840039
8179,0.012743163853883743,0.012234485847875476
8180,0.012018648907542229,0.01223973267711699
8181,0.011747350916266441,0.012242384916171432
8182,0.011914802715182304,0.012235695151612163
8183,0.01353575848042965,0.012248134780675173
8184,0.012090327218174934,0.01224777071736753
8185,0.012660052627325058,0.012256608540192247
8186,0.012934073805809021,0.012271744618192314
8187,0.011915016919374466,0.012258443497121334
8188,0.011432209983468056,0.012248846646398305
8189,0.012505529448390007,0.012256687209010124
8190,0.010946404188871384,0.012240697024390101
8191,0.012288779951632023,0.012247375147417187
8192,0.012939205393195152,0.012255041999742389
8193,0.012194456532597542,0.012253954941406846
8194,0.011424216441810131,0.012254109792411327
8195,0.013206671923398972,0.012265432542189956
8196,0.01231552753597498,0.012266114614903926
8197,0.012866577133536339,0.012270642761141062
8198,0.012636300176382065,0.01227980813011527
8199,0.012085985392332077,0.012277219109237195
8200,0.011971957981586456,0.012274975795298815
8201,0.011603055521845818,0.0122646514326334
8202,0.011698752641677856,0.012251049419865013
8203,0.012489115819334984,0.012255338532850147
8204,0.012764263898134232,0.012253079721704125
8205,0.01180284097790718,0.012250197343528271
8206,0.012213022448122501,0.01224975404329598
8207,0.012186608277261257,0.012244758820161223
8208,0.01239686831831932,0.012246951945126056
8209,0.0125674307346344,0.012257529711350799
8210,0.013033314608037472,0.012265839893370867
8211,0.011522174812853336,0.012257938226684927
8212,0.012532541528344154,0.012262313095852732
8213,0.012232978828251362,0.012263617226853967
8214,0.013260573148727417,0.01226317991502583
8215,0.011729495599865913,0.012251068307086825
8216,0.013010011985898018,0.012256884844973684
8217,0.011601485311985016,0.012258960483595729
8218,0.012675397098064423,0.012260434338822962
8219,0.012281474657356739,0.012252378221601247
8220,0.012347045354545116,0.012254549711942673
8221,0.013287590816617012,0.01227106099948287
8222,0.012671096250414848,0.012276029782369732
8223,0.012188397347927094,0.012286282004788518
8224,0.012209824286401272,0.012289743730798363
8225,0.012683408334851265,0.012282583517953754
8226,0.012517884373664856,0.012290062541142106
8227,0.011941961012780666,0.012291851565241813
8228,0.012125533074140549,0.012292015571147204
8229,0.012585440650582314,0.012292181085795164
8230,0.01165946014225483,0.012291377279907464
8231,0.012768931686878204,0.012292840229347348
8232,0.012542338110506535,0.012288927175104618
8233,0.012709220871329308,0.012288942690938711
8234,0.011617744341492653,0.01227648813277483
8235,0.012132886797189713,0.012276691645383834
8236,0.01304188184440136,0.012286337111145258
8237,0.010884640738368034,0.012269777879118919
8238,0.012551853433251381,0.012268986171111464
8239,0.012064198963344097,0.012266036197543144
8240,0.012569044716656208,0.01226819890551269
8241,0.011960669420659542,0.012272880896925926
8242,0.013340340927243233,0.012292495053261519
8243,0.011813678778707981,0.012286532577127219
8244,0.011709248647093773,0.01227686544880271
8245,0.01147011760622263,0.01227305012755096
8246,0.011983394622802734,0.012271630121394992
8247,0.0120742442086339,0.012265527248382568
8248,0.012137219309806824,0.012273887842893601
8249,0.011981362476944923,0.012267637653276325
8250,0.012458669021725655,0.012271680794656277
8251,0.013547725975513458,0.012281105536967516
8252,0.012109145522117615,0.012267915923148394
8253,0.011111263185739517,0.012258734479546547
8254,0.012872695922851562,0.012262105634436011
8255,0.013406057842075825,0.01227761633694172
8256,0.012678686529397964,0.01227724416181445
8257,0.013375491835176945,0.012281257482245565
8258,0.011947963386774063,0.012284079072996975
8259,0.011529133655130863,0.012268399875611067
8260,0.012617236003279686,0.012267568660899997
8261,0.012402434833347797,0.012266322895884514
8262,0.012125156819820404,0.012272522561252117
8263,0.012209688313305378,0.01227157355286181
8264,0.011530093848705292,0.012267573298886418
8265,0.012502336874604225,0.012272145748138428
8266,0.013119542971253395,0.012282255180180073
8267,0.012190164998173714,0.012282050652429462
8268,0.01336679607629776,0.012294836258515716
8269,0.012434993870556355,0.012303735073655843
8270,0.011534804478287697,0.01229994671419263
8271,0.011353850364685059,0.012297975737601519
8272,0.012811544351279736,0.012301386212930083
8273,0.012367209419608116,0.012308272868394851
8274,0.01220974326133728,0.012306135203689337
8275,0.01180142443627119,0.012302420493215322
8276,0.011423787102103233,0.012285983134061098
8277,0.012023454532027245,0.012286083409562706
8278,0.011996375396847725,0.012286025537177921
8279,0.012710759416222572,0.012285701492801308
8280,0.011695992201566696,0.012282474925741553
8281,0.011565426364541054,0.0122806556802243
8282,0.012085579335689545,0.012282363446429372
8283,0.011910846456885338,0.01226611432619393
8284,0.012000400573015213,0.012265215059742332
8285,0.01195773109793663,0.012258191844448447
8286,0.011701671406626701,0.012245867820456623
8287,0.012391672469675541,0.012250634375959635
8288,0.011790620163083076,0.012254218477755785
8289,0.013257801532745361,0.012261741198599338
8290,0.013108264654874802,0.012283359803259373
8291,0.011918413452804089,0.012279656138271094
8292,0.011721926741302013,0.012267483351752161
8293,0.013412504456937313,0.01227966383099556
8294,0.013149159029126167,0.01229691325686872
8295,0.011983362957835197,0.012284680167213083
8296,0.012150886468589306,0.012283033756539226
8297,0.012600086629390717,0.01228036885149777
8298,0.012543229386210442,0.012279438143596054
8299,0.011942347511649132,0.012278001764789223
8300,0.012127887457609177,0.01227956105954945
8301,0.012668433599174023,0.012290214840322732
8302,0.012192098423838615,0.012295148298144341
8303,0.01179283857345581,0.012288185525685549
8304,0.012481803074479103,0.012285360917448997
8305,0.011786933988332748,0.012285201847553252
8306,0.012826443649828434,0.012291336059570312
8307,0.012806596234440804,0.012297535939142108
8308,0.012512728571891785,0.012298694541677833
8309,0.012941663153469563,0.012302436865866184
8310,0.013112526386976242,0.012303228983655571
8311,0.012722800485789776,0.012315235240384937
8312,0.012065151706337929,0.012310561342164874
8313,0.013667471706867218,0.012324906270951032
8314,0.012042050249874592,0.012312721041962505
8315,0.011682583019137383,0.01231225191615522
8316,0.012300301343202591,0.012305154809728264
8317,0.012319422326982021,0.012312334179878235
8318,0.01265693735331297,0.01231214958243072
8319,0.012038812041282654,0.01230972295626998
8320,0.011775875464081764,0.012304011257365346
8321,0.012136805802583694,0.012292503407225012
8322,0.012189313769340515,0.01228768558241427
8323,0.012332290410995483,0.012289124513044954
8324,0.012037128210067749,0.012287397552281618
8325,0.012066625989973545,0.01228122972883284
8326,0.012005001306533813,0.012276100898161531
8327,0.012353483587503433,0.012280216123908758
8328,0.011992260813713074,0.012278883401304484
8329,0.012494081631302834,0.012277969811111688
8330,0.01251230202615261,0.012286498229950666
8331,0.01127831544727087,0.012271592067554593
8332,0.011651168577373028,0.012262680372223257
8333,0.01211989764124155,0.01225678713992238
8334,0.011834440752863884,0.012258954104036093
8335,0.01195528730750084,0.012257178109139203
8336,0.011499252170324326,0.012241751812398434
8337,0.01219864934682846,0.012254891898483038
8338,0.011545320972800255,0.012244826573878527
8339,0.01226126216351986,0.012246797205880284
8340,0.011797646060585976,0.012239083219319581
8341,0.012205325998365879,0.012241529785096645
8342,0.01299973577260971,0.01223812373355031
8343,0.012642689049243927,0.01224641383625567
8344,0.012825862504541874,0.01225757997483015
8345,0.012575330212712288,0.012268632100895047
8346,0.011748500168323517,0.012266283156350255
8347,0.0124577721580863,0.012270118435844779
8348,0.012205692008137703,0.012270803162828088
8349,0.012380668893456459,0.012274796226993203
8350,0.01233943272382021,0.01227360386401415
8351,0.012385111302137375,0.012261977717280388
8352,0.012187542393803596,0.012262761685997247
8353,0.011802194640040398,0.012269671000540256
8354,0.012693319469690323,0.012267877236008645
8355,0.011674890294671059,0.012250565560534596
8356,0.011953392997384071,0.012243312625214458
8357,0.013064361177384853,0.012240201318636536
8358,0.011996971443295479,0.012240691399201751
8359,0.012985266745090485,0.012255252730101347
8360,0.013413853943347931,0.012263218909502029
8361,0.012596827000379562,0.012265162831172348
8362,0.012465547770261765,0.012268566740676761
8363,0.012369135394692421,0.01227016121149063
8364,0.011721160262823105,0.012272071875631809
8365,0.013124197721481323,0.01227829048410058
8366,0.011227448470890522,0.012259369539096952
8367,0.0122365802526474,0.012259833691641688
8368,0.012518733739852905,0.01225135306827724
8369,0.011359353549778461,0.01224059666506946
8370,0.011622747406363487,0.012241476094350218
8371,0.011885758489370346,0.012246795175597071
8372,0.011549688875675201,0.012234176620841026
8373,0.01129474863409996,0.012223452012985945
8374,0.011734265834093094,0.012218697238713503
8375,0.012034879997372627,0.012221031794324518
8376,0.011630378663539886,0.012223097709938884
8377,0.012990867719054222,0.012232771841809154
8378,0.012419600039720535,0.012237004088237882
8379,0.012902135029435158,0.012238917844370008
8380,0.01217246986925602,0.0122436826210469
8381,0.011788986623287201,0.012245918223634362
8382,0.01222027838230133,0.01224726521410048
8383,0.011476609855890274,0.01224292284809053
8384,0.012199688702821732,0.012244915729388595
8385,0.013718151487410069,0.012262519933283329
8386,0.01157713308930397,0.012261274550110102
8387,0.01190280169248581,0.012256385842338204
8388,0.011875047348439693,0.01225723011419177
8389,0.012484081089496613,0.012249492909759283
8390,0.013150632381439209,0.012249916587024927
8391,0.012433410622179508,0.012255066558718681
8392,0.012106144800782204,0.012258908739313483
8393,0.012201223522424698,0.012246795929968357
8394,0.011701293289661407,0.01223231727257371
8395,0.01117113046348095,0.012224194947630168
8396,0.011510806158185005,0.012217794144526124
8397,0.011876139789819717,0.012210554676130414
8398,0.011981401592493057,0.01220493639819324
8399,0.012003691866993904,0.012205549841746688
8400,0.013269365765154362,0.01221696462482214
8401,0.01240607537329197,0.01221434104256332
8402,0.011496013961732388,0.012207380197942257
8403,0.012019386515021324,0.012209645677357913
8404,0.012875176966190338,0.012213579416275024
8405,0.013031352311372757,0.012226023599505425
8406,0.011580066755414009,0.01221355983056128
8407,0.011233680881559849,0.012197830677032472
8408,0.011661609634757042,0.012189319487661124
8409,0.012411757372319698,0.012184020429849625
8410,0.012183057144284248,0.012174725737422705
8411,0.0113060362637043,0.01216055809520185
8412,0.0108752166852355,0.012148658744990826
8413,0.011951262131333351,0.012131496649235487
8414,0.011511742137372494,0.012126193568110465
8415,0.012546684592962265,0.012134834583848715
8416,0.011701775714755058,0.01212884932756424
8417,0.011059341952204704,0.012116248523816465
8418,0.011793620884418488,0.012107615359127522
8419,0.011275775730609894,0.012099984996020795
8420,0.011728864163160324,0.01209951488301158
8421,0.012526588514447212,0.012103412710130214
8422,0.01141408085823059,0.012095660381019115
8423,0.011497585102915764,0.012087313327938318
8424,0.012464847415685654,0.012091590519994498
8425,0.01278635673224926,0.012098787827417254
8426,0.012228086590766907,0.012101018680259585
8427,0.012157456949353218,0.012099058413878084
8428,0.012063229456543922,0.012099768100306392
8429,0.012472374364733696,0.0120995510276407
8430,0.012240366078913212,0.012096831668168306
8431,0.012164986692368984,0.012105698380619288
8432,0.0123214740306139,0.012112401435151696
8433,0.011962967924773693,0.012110832137987018
8434,0.01170487329363823,0.01210953646339476
8435,0.011898094788193703,0.01210896453820169
8436,0.01241692528128624,0.012118141269311308
8437,0.013267852365970612,0.01212883329950273
8438,0.011841470375657082,0.0121317947935313
8439,0.011667286977171898,0.01212585504166782
8440,0.012095330283045769,0.012128831883892417
8441,0.012180563062429428,0.012128584254533052
8442,0.012390022166073322,0.012122487118467688
8443,0.012569891288876534,0.012121759140864014
8444,0.01148492656648159,0.012108349781483412
8445,0.01176908053457737,0.012100287284702062
8446,0.012091092765331268,0.01210371321067214
8447,0.012395594269037247,0.01210309143178165
8448,0.012191698886454105,0.012102951500564814
8449,0.011857639066874981,0.012097721202299
8450,0.01257321983575821,0.012100059073418379
8451,0.011848855763673782,0.012094696518033743
8452,0.011445892974734306,0.01208728002384305
8453,0.011776790954172611,0.012087025986984372
8454,0.012293796055018902,0.012083030752837658
8455,0.012147210538387299,0.01208775395527482
8456,0.011701440438628197,0.012085234429687262
8457,0.012457330711185932,0.012079164125025273
8458,0.012336112558841705,0.012082555536180735
8459,0.012265151366591454,0.012075354382395743
8460,0.011034199967980385,0.012051557842642068
8461,0.012196242809295654,0.01204755200073123
8462,0.011623727157711983,0.012039133794605732
8463,0.011184979230165482,0.012027292232960462
8464,0.012900308705866337,0.012039083717390896
8465,0.013035017997026443,0.012038191920146346
8466,0.011160805821418762,0.012037525493651629
8467,0.01208458747714758,0.01203600556589663
8468,0.012502948753535748,0.012035847716033459
8469,0.013262579217553139,0.012054879972711206
8470,0.011401171796023846,0.01205266421660781
8471,0.012262536212801933,0.012056431993842124
8472,0.011614955961704254,0.012057084664702416
8473,0.01262987032532692,0.012070435881614685
8474,0.012592660263180733,0.01207901982590556
8475,0.011156568303704262,0.012070236708968878
8476,0.011211851611733437,0.012066051438450813
8477,0.012410370633006096,0.012060246467590331
8478,0.011809378862380981,0.012054144255816936
8479,0.011387755163013935,0.012039000457152725
8480,0.011606736108660698,0.01203334311954677
8481,0.011967575177550316,0.012035129005089401
8482,0.011772907339036465,0.012030655294656753
8483,0.012601657770574093,0.012041905773803591
8484,0.012126712128520012,0.012041176008060574
8485,0.011711349710822105,0.012021107990294695
8486,0.01183596346527338,0.012023696294054389
8487,0.011895062401890755,0.012023618901148439
8488,0.0125886220484972,0.012030754648149013
8489,0.011518767103552818,0.012021101508289576
8490,0.012406760826706886,0.012013662792742252
8491,0.012230562046170235,0.01201163430698216
8492,0.012280620634555817,0.012013379065319896
8493,0.01164715364575386,0.012007838366553187
8494,0.012606339529156685,0.012016888828948141
8495,0.01256912387907505,0.012030868763104082
8496,0.011204238049685955,0.012027803082019091
8497,0.011838234961032867,0.012027424033731223
8498,0.011443359777331352,0.012022043615579604
8499,0.0122962836176157,0.012024969533085824
8500,0.01230134628713131,0.012015289338305592
8501,0.010709334164857864,0.011998321926221252
8502,0.012597218155860901,0.012009333968162537
8503,0.011481340043246746,0.01200395350344479
8504,0.011629021726548672,0.011991491951048374
8505,0.012092281132936478,0.011982101239264012
8506,0.011712323874235153,0.011983423810452223
8507,0.013025838881731033,0.012001345390453935
8508,0.010576551780104637,0.01199049481190741
8509,0.012383381836116314,0.011990211056545377
8510,0.012347890064120293,0.011991859385743738
8511,0.012479597702622414,0.012003595000132919
8512,0.011836754158139229,0.012013210374861956
8513,0.012573261745274067,0.012019430371001363
8514,0.011255931109189987,0.012016872260719538
8515,0.011906115338206291,0.012010466568171977
8516,0.012108614668250084,0.012014534957706928
8517,0.012986239045858383,0.012033803928643465
8518,0.012500694021582603,0.012040874660015107
8519,0.011823277920484543,0.012046349681913853
8520,0.012359806336462498,0.012052659103646874
8521,0.01335657387971878,0.01206095895729959
8522,0.011127658188343048,0.012058094730600715
8523,0.012479472905397415,0.012067913608625531
8524,0.01159382052719593,0.012059203339740634
8525,0.012176482938230038,0.012053104601800441
8526,0.012227550148963928,0.012053099237382412
8527,0.01218231488019228,0.012053347816690803
8528,0.012504925020039082,0.012057764772325754
8529,0.011700650677084923,0.012050047535449266
8530,0.013137619942426682,0.012059020074084402
8531,0.012430431321263313,0.012061674520373345
8532,0.01162043958902359,0.012054664175957441
8533,0.012830514460802078,0.012063339641317726
8534,0.01212722435593605,0.012067563151940703
8535,0.011883179657161236,0.012067414000630378
8536,0.012158412486314774,0.012064828872680664
8537,0.011664371937513351,0.01204879406839609
8538,0.011633588001132011,0.01204671524465084
8539,0.011872218921780586,0.012048764564096927
8540,0.012891428545117378,0.012056725546717644
8541,0.01137352455407381,0.012048655161634088
8542,0.01151051465421915,0.012039860086515546
8543,0.012761781923472881,0.01204177899286151
8544,0.01176465954631567,0.01204457632265985
8545,0.01221084501594305,0.012048993967473507
8546,0.013120783492922783,0.012059290874749422
8547,0.011881908401846886,0.012054154016077519
8548,0.011414950713515282,0.012046386534348131
8549,0.012192755937576294,0.012049737703055143
8550,0.010780300945043564,0.012031808514147996
8551,0.011656462214887142,0.012029884578660131
8552,0.010698213241994381,0.012022407781332732
8553,0.012406502850353718,0.012028704900294541
8554,0.011251348070800304,0.012018280420452356
8555,0.012373220175504684,0.01202054051682353
8556,0.01160987839102745,0.012019624896347524
8557,0.0116188395768404,0.012011239985004068
8558,0.011299287900328636,0.012000871738418937
8559,0.013227133080363274,0.012010491555556654
8560,0.01223401166498661,0.012022489672526717
8561,0.012679014354944229,0.012027317387983204
8562,0.012676520273089409,0.012037845319136977
8563,0.012320825830101967,0.012049203785136343
8564,0.011660819873213768,0.012036808896809817
8565,0.011305956169962883,0.012019518278539181
8566,0.012340178713202477,0.012031312007457018
8567,0.01166792307049036,0.012027145363390446
8568,0.011907150968909264,0.01202118738554418
8569,0.011776173487305641,0.012006323328241706
8570,0.011726533062756062,0.012009576940909029
8571,0.011970054358243942,0.012006652122363449
8572,0.01185437198728323,0.012009046282619238
8573,0.011834553442895412,0.012001093113794922
8574,0.012254235334694386,0.01199770886451006
8575,0.011303622275590897,0.011999179404228925
8576,0.011222109198570251,0.011999281980097294
8577,0.01229447778314352,0.011998123051598667
8578,0.011391082778573036,0.011993940090760588
8579,0.011762956157326698,0.011997692100703717
8580,0.011917756870388985,0.012000802308320999
8581,0.012291820719838142,0.012004044763743877
8582,0.01201187539845705,0.012006434444338084
8583,0.01168707013130188,0.011997288567945361
8584,0.012043365277349949,0.01199645509943366
8585,0.013149097561836243,0.012010832577943801
8586,0.01149662770330906,0.012007439220324158
8587,0.011422095820307732,0.012002709554508328
8588,0.012180402874946594,0.011998627362772822
8589,0.011358393356204033,0.011997023625299334
8590,0.012023761868476868,0.011993193635717034
8591,0.01177127007395029,0.011988600715994835
8592,0.011597519740462303,0.0119817697070539
8593,0.011719088070094585,0.011982489051297307
8594,0.012110065668821335,0.011977526312693953
8595,0.011355813592672348,0.011965393209829927
8596,0.012909182347357273,0.01198244265280664
8597,0.011134244501590729,0.011975402748212217
8598,0.011650165542960167,0.011977470805868506
8599,0.011245572939515114,0.0119669636990875
8600,0.01167386956512928,0.01196068893186748
8601,0.011235272511839867,0.0119659483153373
8602,0.012442029081285,0.011964396424591541
8603,0.013089102692902088,0.011980474051088095
8604,0.012010682374238968,0.011984290657564997
8605,0.012538248673081398,0.011988750332966447
8606,0.012729385867714882,0.011998920952901244
8607,0.011571699753403664,0.01198437956161797
8608,0.011354699730873108,0.011992161041125654
8609,0.01225296501070261,0.011990856872871518
8610,0.012226558290421963,0.011989643555134535
8611,0.012145431712269783,0.011986301895231009
8612,0.012110335752367973,0.011989037711173297
8613,0.011959637515246868,0.011982901468873024
8614,0.012429782189428806,0.011994639979675412
8615,0.011683582328259945,0.011992414649575948
8616,0.01190922036767006,0.011990420706570148
8617,0.012260486371815205,0.011983163179829717
8618,0.011735493317246437,0.011975511172786356
8619,0.012101957574486732,0.011978297969326377
8620,0.011378129944205284,0.011968481205403805
8621,0.011916165240108967,0.011954077119007707
8622,0.012965453788638115,0.011972455075010657
8623,0.011125894263386726,0.011958919288590551
8624,0.012710328213870525,0.011970084365457297
8625,0.011751064099371433,0.01196583017706871
8626,0.012308252975344658,0.011966637205332517
8627,0.013313163071870804,0.011977945687249303
8628,0.011496181599795818,0.01196785825304687
8629,0.01192492712289095,0.01197010101750493
8630,0.011758414097130299,0.011956308959051967
8631,0.011753499507904053,0.011949539640918374
8632,0.011865348555147648,0.011951988730579614
8633,0.011781062930822372,0.011941494215279817
8634,0.012979749590158463,0.011950019467622041
8635,0.012105686590075493,0.011952244536951184
8636,0.012235967442393303,0.01195302008651197
8637,0.012644083239138126,0.011962817199528217
8638,0.012215625494718552,0.011968637574464083
8639,0.011884654872119427,0.01196876193396747
8640,0.012113768607378006,0.011960985334590078
8641,0.012033425271511078,0.01196758434176445
8642,0.011861749924719334,0.011971096694469451
8643,0.011334417387843132,0.011956823049113155
8644,0.011181792244315147,0.01195099437609315
8645,0.011345618404448032,0.011942342109978198
8646,0.01230092253535986,0.01193414350040257
8647,0.011803332716226578,0.011933357743546367
8648,0.011528798379004002,0.011934496220201254
8649,0.011461668647825718,0.011927185347303748
8650,0.011698407121002674,0.011936366409063339
8651,0.012679645791649818,0.011946598244830966
8652,0.011677421629428864,0.01195639032870531
8653,0.012028062716126442,0.011952605927363039
8654,0.0116338599473238,0.011956431046128273
8655,0.012921405956149101,0.011961912903934717
8656,0.011229053139686584,0.011958104651421308
8657,0.011169821955263615,0.011953614475205541
8658,0.012408376671373844,0.011964705362915993
8659,0.012187900021672249,0.011954313032329083
8660,0.011849015951156616,0.011950463075190782
8661,0.012105094268918037,0.01194472387433052
8662,0.011524680070579052,0.011933205472305418
8663,0.011925049126148224,0.01192924770526588
8664,0.011738726869225502,0.011930026775225998
8665,0.012876319698989391,0.011945730410516261
8666,0.012004131451249123,0.011942369937896729
8667,0.012051695957779884,0.011946207666769624
8668,0.011273577809333801,0.011939871935173868
8669,0.012110468931496143,0.011943214889615774
8670,0.011517634615302086,0.011941125905141235
8671,0.01148022897541523,0.011936227651312947
8672,0.012856170535087585,0.011946245636790991
8673,0.01217644289135933,0.01194966453127563
8674,0.0121432114392519,0.011948554292321206
8675,0.011619798839092255,0.011951716057956219
8676,0.012434272095561028,0.011963837686926127
8677,0.011485172435641289,0.011955744633451105
8678,0.011598404496908188,0.011957817850634456
8679,0.01254280935972929,0.011965616382658481
8680,0.010818488895893097,0.011954623702913524
8681,0.011561188846826553,0.011947317384183406
8682,0.011725643649697304,0.01194445506669581
8683,0.011492336168885231,0.011942507727071642
8684,0.012262594886124134,0.011944700023159385
8685,0.011934783309698105,0.011932556880638004
8686,0.01149028167128563,0.011932493420317769
8687,0.012131704948842525,0.011939589511603116
8688,0.011743642389774323,0.011935221906751394
8689,0.011744292452931404,0.011939080897718668
8690,0.011460667476058006,0.01193344995379448
8691,0.012143483385443687,0.011937172086909413
8692,0.013590091839432716,0.011957097807899117
8693,0.011880023404955864,0.01195870716124773
8694,0.011853283271193504,0.011956139337271451
8695,0.011517545208334923,0.011957756653428077
8696,0.012086153030395508,0.01194952636025846
8697,0.011216538958251476,0.011950349304825067
8698,0.012499794363975525,0.01195884559303522
8699,0.011418642476201057,0.01196057628840208
8700,0.011681729927659035,0.011960654892027378
8701,0.011348050087690353,0.011961782667785883
8702,0.011149843223392963,0.011948860809206962
8703,0.012770630419254303,0.011945676086470484
8704,0.011903723701834679,0.011944606499746442
8705,0.012181824073195457,0.011941042253747583
8706,0.01188643928617239,0.011932612787932157
8707,0.01332973875105381,0.01195019317790866
8708,0.011151796206831932,0.011948164142668248
8709,0.01110154204070568,0.011936649912968278
8710,0.011666224338114262,0.011931046573445202
8711,0.011936148628592491,0.011928953742608429
8712,0.012430435046553612,0.011932154735550284
8713,0.011647672392427921,0.011929035084322095
8714,0.012487024068832397,0.01192960750311613
8715,0.01199868693947792,0.01193275854922831
8716,0.01170758530497551,0.011930742198601366
8717,0.010693574324250221,0.011915073078125716
8718,0.011674463748931885,0.01191446278244257
8719,0.011741697788238525,0.011910860184580088
8720,0.011641759425401688,0.011913496479392051
8721,0.012262921780347824,0.011916964044794441
8722,0.011280011385679245,0.011900109620764852
8723,0.012466538697481155,0.011913516065105796
8724,0.011564564891159534,0.011902058431878686
8725,0.011875424534082413,0.011903302036225796
8726,0.01134556345641613,0.01189367514103651
8727,0.01188635267317295,0.011879407037049532
8728,0.01116160023957491,0.011876061223447323
8729,0.01217970997095108,0.011878609051927924
8730,0.013012497685849667,0.011891149887815118
8731,0.011533627286553383,0.01188895116560161
8732,0.011412244290113449,0.011884420122951269
8733,0.012420784682035446,0.0118908173404634
8734,0.012131994590163231,0.011882339790463447
8735,0.01179085485637188,0.011879191473126412
8736,0.011826721951365471,0.011875099018216134
8737,0.011917779222130775,0.01186783597804606
8738,0.011493908241391182,0.011860618805512787
8739,0.012070520780980587,0.011862477464601397
8740,0.012047335505485535,0.011861813133582472
8741,0.01132651511579752,0.011854744032025338
8742,0.012194865383207798,0.011858075186610221
8743,0.011927631683647633,0.011864007329568266
8744,0.011717654764652252,0.011869365954771638
8745,0.011000208556652069,0.011865911856293678
8746,0.01114700548350811,0.01185437268577516
8747,0.011643517762422562,0.01185277453623712
8748,0.011470138095319271,0.011852187933400274
8749,0.012482530437409878,0.011862396551296115
8750,0.01136830635368824,0.011859095543622971
8751,0.01146424375474453,0.011846941523253917
8752,0.01157386414706707,0.0118459059484303
8753,0.011380293406546116,0.011839428255334496
8754,0.012433038093149662,0.011847420036792755
8755,0.011800992302596569,0.01183621590025723
8756,0.013148503378033638,0.0118554104026407
8757,0.011929883621633053,0.011863011019304395
8758,0.01269473321735859,0.011865874584764242
8759,0.011776245199143887,0.01186175803653896
8760,0.01113809272646904,0.011854648804292083
8761,0.01200044620782137,0.011853602323681116
8762,0.011794431135058403,0.01185629983432591
8763,0.012652846053242683,0.011863577803596854
8764,0.011677936650812626,0.011862969901412725
8765,0.011772487312555313,0.011851931577548385
8766,0.011661157943308353,0.011848501842468977
8767,0.011957629583775997,0.011847561178728937
8768,0.011093679815530777,0.011845762198790908
8769,0.01098090223968029,0.011834466531872749
8770,0.011651739478111267,0.01183580758050084
8771,0.011334521695971489,0.011834350507706403
8772,0.011737574823200703,0.011823164550587534
8773,0.01151023805141449,0.011816502502188086
8774,0.010918227955698967,0.011804252667352556
8775,0.012331756763160229,0.011811372246593238
8776,0.01197730004787445,0.011806802526116371
8777,0.012115998193621635,0.011813110783696174
8778,0.012109510600566864,0.011818221844732761
8779,0.010250571183860302,0.011795299462974071
8780,0.012495914474129677,0.011812073718756437
8781,0.01182895340025425,0.011814751364290714
8782,0.012328093871474266,0.011820775866508483
8783,0.011715412139892578,0.011823006626218557
8784,0.01176023855805397,0.011817983062937855
8785,0.011581575497984886,0.011814450984820724
8786,0.01270268578082323,0.0118265750259161
8787,0.011509334668517113,0.011820351323112845
8788,0.011625980027019978,0.011819174699485301
8789,0.011276651173830032,0.011814498286694288
8790,0.011345455422997475,0.011813346166163682
8791,0.011665120720863342,0.01180856253951788
8792,0.012086440809071064,0.011793526029214263
8793,0.012373681180179119,0.011798462606966495
8794,0.011817259714007378,0.011798102371394635
8795,0.012280627153813839,0.011805733190849424
8796,0.011431258171796799,0.011799184242263436
8797,0.01173268724232912,0.011804345725104214
8798,0.011102106422185898,0.011790368845686317
8799,0.011681613512337208,0.011792998556047677
8800,0.012189608067274094,0.011798077337443829
8801,0.011283324100077152,0.011797430077567696
8802,0.011451867409050465,0.011800450319424272
8803,0.011173546314239502,0.011784479478374124
8804,0.012109294533729553,0.011786535186693071
8805,0.011971552856266499,0.011784432474523782
8806,0.012318110093474388,0.011788749182596803
8807,0.012402256950736046,0.011779474364593624
8808,0.011837721802294254,0.011786333620548248
8809,0.011643316596746445,0.011791751366108655
8810,0.012057431042194366,0.011795663433149457
8811,0.012661162763834,0.011802913574501871
8812,0.01139640063047409,0.011792573230341077
8813,0.0109398253262043,0.011785494759678841
8814,0.012211251072585583,0.011782737029716373
8815,0.011789731681346893,0.011780647477135062
8816,0.012017210014164448,0.011783743724226952
8817,0.011655699461698532,0.011793364975601435
8818,0.011321354657411575,0.011789833884686232
8819,0.012364902533590794,0.011796065932139754
8820,0.011487400159239769,0.011794522339478135
8821,0.011167491786181927,0.011783568039536476
8822,0.01168639212846756,0.01178763184696436
8823,0.010583095252513885,0.011768797412514687
8824,0.011714598163962364,0.011770297745242716
8825,0.011703995987772942,0.01176858345977962
8826,0.011750255711376667,0.011772630382329225
8827,0.010927263647317886,0.011763039492070675
8828,0.011839695274829865,0.011769820442423225
8829,0.01224256306886673,0.01177044897340238
8830,0.011803129687905312,0.011758355293422937
8831,0.01202821172773838,0.011763301137834787
8832,0.01240559946745634,0.011773234689608216
8833,0.012328253127634525,0.011772309374064207
8834,0.011687207967042923,0.011767861507833004
8835,0.012399250641465187,0.011773945465683937
8836,0.011763110756874084,0.011773309353739023
8837,0.011594943702220917,0.011770080998539925
8838,0.012567214667797089,0.011780814062803983
8839,0.011564069427549839,0.011775749549269677
8840,0.010672188363969326,0.011761998077854514
8841,0.01232582051306963,0.011771991131827236
8842,0.011821027845144272,0.0117682527564466
8843,0.012780671939253807,0.011776783159002662
8844,0.01167904119938612,0.01177639702335
8845,0.011426843702793121,0.011780663374811411
8846,0.011852080002427101,0.011787714120000601
8847,0.011760455556213856,0.011788883497938513
8848,0.012052180245518684,0.011794703919440508
8849,0.01147850789129734,0.011784663693979382
8850,0.011398076079785824,0.011784961391240358
8851,0.012000841088593006,0.011790327364578843
8852,0.011209324933588505,0.011786681972444058
8853,0.012839245609939098,0.011801271494477987
8854,0.011819487437605858,0.01179513598792255
8855,0.012101665139198303,0.011798142716288566
8856,0.011342477053403854,0.01178008245304227
8857,0.011545264162123203,0.01177623625844717
8858,0.01176929660141468,0.01176698189228773
8859,0.011497288011014462,0.011764192320406437
8860,0.011583724990487099,0.011768648643046617
8861,0.012628287076950073,0.011774927051737905
8862,0.012070322409272194,0.011777685964480042
8863,0.011817671358585358,0.01176933421753347
8864,0.012035898864269257,0.011772913839668036
8865,0.011100733652710915,0.011766196303069592
8866,0.011504053138196468,0.011764625255018472
8867,0.011866366490721703,0.01176371262408793
8868,0.011361759155988693,0.01176639341749251
8869,0.011291902512311935,0.011769503420218826
8870,0.012142617255449295,0.011774412197992206
8871,0.011189891025424004,0.01177296589128673
8872,0.011911401525139809,0.011774704158306122
8873,0.011608775705099106,0.011775689534842967
8874,0.011509831994771957,0.011781605575233698
8875,0.01211484707891941,0.01177943647839129
8876,0.01130613125860691,0.011772724790498615
8877,0.010975239798426628,0.011761317206546664
8878,0.011671377345919609,0.011756935874000191
8879,0.011714275926351547,0.011771572921425104
8880,0.011689610779285431,0.011763509884476662
8881,0.013146565295755863,0.011776686003431678
8882,0.01177198812365532,0.011771124945953488
8883,0.011727892793715,0.011771249752491712
8884,0.01102212443947792,0.011763868611305952
8885,0.012579737231135368,0.011773850228637457
8886,0.011286726221442223,0.011759690633043647
8887,0.011748768389225006,0.011762084970250726
8888,0.011819249019026756,0.011764017660170793
8889,0.011419104412198067,0.011765442192554473
8890,0.012708577327430248,0.011779073411598801
8891,0.011520495638251305,0.01177762716077268
8892,0.011500420980155468,0.011771766962483525
8893,0.011645482853055,0.011764484979212285
8894,0.01199626550078392,0.011766275037080049
8895,0.011922622099518776,0.0117626949865371
8896,0.011302754282951355,0.011761409947648644
8897,0.011916238814592361,0.011763245463371277
8898,0.010280808433890343,0.011755032483488321
8899,0.011897879652678967,0.011757195144891739
8900,0.011512143537402153,0.011750420499593019
8901,0.011362402699887753,0.011751211285591125
8902,0.011532789096236229,0.011752020502462983
8903,0.0115747582167387,0.011756032621487975
8904,0.011671368032693863,0.011751653356477619
8905,0.01282467506825924,0.011760184578597545
8906,0.01155844610184431,0.011752587938681246
8907,0.011414607055485249,0.011742711439728737
8908,0.011800752952694893,0.011742341751232743
8909,0.011846190318465233,0.01174437048844993
8910,0.010847087949514389,0.011732267057523131
8911,0.01174754649400711,0.011723130894824862
8912,0.011634118854999542,0.011725508077070117
8913,0.01192169263958931,0.011735326750203967
8914,0.012582316994667053,0.011739037409424781
8915,0.011249367147684097,0.011733633764088154
8916,0.011348821222782135,0.011726949876174331
8917,0.01187974028289318,0.011729190284386277
8918,0.011043841019272804,0.01172641514800489
8919,0.011644364334642887,0.01171920976601541
8920,0.011422431096434593,0.011718560075387359
8921,0.011885090731084347,0.011725736064836383
8922,0.011697228997945786,0.011725844433531165
8923,0.011557696387171745,0.011735590444877743
8924,0.01209994312375784,0.011739443894475699
8925,0.011700378730893135,0.011739407721906901
8926,0.011705656535923481,0.011738961730152368
8927,0.0113279540091753,0.011742968633770943
8928,0.011551682837307453,0.01174008850939572
8929,0.012623544782400131,0.011743898326531053
8930,0.011233298107981682,0.011738200010731815
8931,0.011883360333740711,0.01173675149679184
8932,0.011919465847313404,0.01173189016059041
8933,0.011281886138021946,0.011721426490694284
8934,0.011199526488780975,0.011716549675911665
8935,0.012596474960446358,0.011718521919101476
8936,0.012181662954390049,0.011722707441076636
8937,0.013036267831921577,0.011737120682373642
8938,0.010815000161528587,0.011719598537310957
8939,0.011249406263232231,0.011716451905667781
8940,0.012101894244551659,0.011730748964473604
8941,0.011776544153690338,0.011725256200879813
8942,0.010965554974973202,0.011716701472178102
8943,0.011288200505077839,0.011701776757836341
8944,0.011701934039592743,0.011702005686238408
8945,0.012151051312685013,0.011709247762337328
8946,0.011131253093481064,0.011702039493247867
8947,0.011317298747599125,0.011697607925161719
8948,0.011816620826721191,0.011695252330973745
8949,0.012384320609271526,0.011704310458153486
8950,0.011728312820196152,0.01170761282555759
8951,0.011684880591928959,0.011704453220590948
8952,0.010685710236430168,0.011699217073619365
8953,0.011205733753740788,0.011682881955057383
8954,0.01241040974855423,0.011688791178166867
8955,0.01068342849612236,0.011674608811736107
8956,0.012332191690802574,0.011684505958110094
8957,0.011635305359959602,0.011685406370088459
8958,0.012015357613563538,0.011687866980209946
8959,0.01153271459043026,0.011688221246004105
8960,0.011376663111150265,0.011686150627210736
8961,0.012174569070339203,0.011681613447144627
8962,0.011851107701659203,0.011679421300068498
8963,0.011597132310271263,0.011677215909585356
8964,0.012117404490709305,0.011678030965849757
8965,0.012112285941839218,0.01168814648874104
8966,0.011425860226154327,0.01168736455962062
8967,0.01248701848089695,0.011693571079522371
8968,0.011301095597445965,0.011692964443936945
8969,0.011729786172509193,0.011697343280538917
8970,0.012266325764358044,0.011698580365628004
8971,0.011871806345880032,0.011705399518832564
8972,0.010802843607962132,0.011694313939660788
8973,0.011418750509619713,0.011692413687705993
8974,0.011378299444913864,0.011691098362207412
8975,0.011481871828436852,0.011684768609702587
8976,0.011472158133983612,0.011686428878456355
8977,0.01211574673652649,0.011697833947837353
8978,0.011871099472045898,0.011699831169098616
8979,0.01102671679109335,0.011692955577746033
8980,0.011412533931434155,0.01169018480926752
8981,0.011494419537484646,0.011673663351684809
8982,0.012555418536067009,0.011681497655808925
8983,0.011326477862894535,0.01167748350650072
8984,0.01003286987543106,0.011667590960860253
8985,0.01187146082520485,0.011660508196800947
8986,0.012531998567283154,0.011672960920259356
8987,0.011443804949522018,0.011669911285862327
8988,0.012161550112068653,0.011673334296792745
8989,0.010688366368412971,0.011666026916354894
8990,0.011186429299414158,0.011650805436074734
8991,0.012271822430193424,0.011658318703994155
8992,0.01213391125202179,0.011664653606712818
8993,0.012131355702877045,0.01166951233521104
8994,0.0119641637429595,0.011669191317632794
8995,0.010968975722789764,0.011659654853865505
8996,0.011138378642499447,0.011658011097460985
8997,0.011906184256076813,0.01165791055187583
8998,0.011597329750657082,0.011671075765043497
8999,0.012812251225113869,0.011680219480767846
9000,0.011882754974067211,0.011683925595134497
9001,0.011734316125512123,0.011687644729390741
9002,0.012482600286602974,0.011697142841294408
9003,0.010957669466733932,0.01169097195379436
9004,0.011784862726926804,0.011692106900736689
9005,0.011282776482403278,0.01167668791487813
9006,0.012105215340852737,0.011682155607268215
9007,0.012632870115339756,0.01169433823786676
9008,0.012633066624403,0.011702661374583841
9009,0.011184902861714363,0.011696048500016331
9010,0.011765191331505775,0.011705229533836245
9011,0.012318373657763004,0.011710937805473805
9012,0.011407588608562946,0.011708672503009438
9013,0.01137855276465416,0.011703241104260086
9014,0.012421850115060806,0.011701636435464024
9015,0.01221784669905901,0.011711321230977774
9016,0.011595072224736214,0.011713783740997314
9017,0.011786803603172302,0.011712854374200105
9018,0.012658990919589996,0.011729005873203278
9019,0.01155033614486456,0.011728065591305493
9020,0.011534487828612328,0.011729186158627272
9021,0.01156201958656311,0.011725955447182058
9022,0.011554606258869171,0.011724529219791294
9023,0.010948114097118378,0.01171843339689076
9024,0.011147802695631981,0.0117089119926095
9025,0.011330008506774902,0.011705208290368318
9026,0.01180573832243681,0.011706209108233452
9027,0.010897666215896606,0.011701906230300665
9028,0.011566903442144394,0.011702058436349035
9029,0.010799599811434746,0.01168381898663938
9030,0.010672708041965961,0.011678213085979224
9031,0.012125665321946144,0.011680636135861278
9032,0.011190323159098625,0.01167334470897913
9033,0.011158714070916176,0.011672112988308073
9034,0.01128777489066124,0.011672995472326874
9035,0.01104376558214426,0.011657468378543853
9036,0.012720798142254353,0.011662859730422496
9037,0.01131737045943737,0.011645670756697655
9038,0.012227433733642101,0.01165979509241879
9039,0.011239686980843544,0.011659697899594902
9040,0.012424549087882042,0.011662924448028206
9041,0.01162734068930149,0.01166143241338432
9042,0.012480796314775944,0.011676584826782346
9043,0.010750919580459595,0.011671212017536164
9044,0.012322088703513145,0.011677413564175367
9045,0.011248770169913769,0.011668390752747655
9046,0.01173110119998455,0.01167438923381269
9047,0.011637052521109581,0.011677586771547795
9048,0.01149851456284523,0.011674405708909034
9049,0.013163015246391296,0.011682192655280232
9050,0.011732175014913082,0.011682231277227402
9051,0.011475097388029099,0.011680133445188402
9052,0.01089322380721569,0.011682208580896258
9053,0.011059194803237915,0.01168074319139123
9054,0.011398714035749435,0.011670626234263182
9055,0.011892027221620083,0.01168271222151816
9056,0.01201433315873146,0.011679533636197448
9057,0.01156710647046566,0.011678851647302509
9058,0.01168721541762352,0.011675570225343108
9059,0.011503768153488636,0.011675280760973692
9060,0.012002209201455116,0.01168153622187674
9061,0.012115453369915485,0.011680945064872503
9062,0.012099603191018105,0.011683430019766093
9063,0.011676449328660965,0.011684223189949989
9064,0.010877970606088638,0.011671828851103783
9065,0.01235757116228342,0.011674281703308224
9066,0.011157113127410412,0.011671594232320786
9067,0.01212800107896328,0.01166800405830145
9068,0.011394070461392403,0.011668933806940913
9069,0.011303928680717945,0.011664675232023
9070,0.01176484301686287,0.011659660404548048
9071,0.011123702861368656,0.011652179369702935
9072,0.011948417872190475,0.011663635112345219
9073,0.011081816628575325,0.011660265773534774
9074,0.011142188683152199,0.011657904665917158
9075,0.012035703286528587,0.011663442980498075
9076,0.011385057121515274,0.011662571970373393
9077,0.011836640536785126,0.011659780908375978
9078,0.011664146557450294,0.011657711379230022
9079,0.01193256489932537,0.011666769860312343
9080,0.01082689967006445,0.011660913517698646
9081,0.01183900237083435,0.011664359346032143
9082,0.011012084782123566,0.011648926008492709
9083,0.011865001171827316,0.011654311241582036
9084,0.011987956240773201,0.011673862105235458
9085,0.011864081025123596,0.011673788307234645
9086,0.012116562575101852,0.011669633947312831
9087,0.011906932108104229,0.011674265218898654
9088,0.010983203537762165,0.011662481753155589
9089,0.01216889638453722,0.011677287053316832
9090,0.011291418224573135,0.011678336942568422
9091,0.011896349489688873,0.011674582213163375
9092,0.01179579459130764,0.011671201046556234
9093,0.011004049330949783,0.011659927982836962
9094,0.0123347919434309,0.011663634264841675
9095,0.011364780366420746,0.011667592311277985
9096,0.010953081771731377,0.011665739342570305
9097,0.01151138823479414,0.011661791382357478
9098,0.012085642665624619,0.011666674511507153
9099,0.011522002518177032,0.011653772024437785
9100,0.011556162498891354,0.011650506099686027
9101,0.01084630936384201,0.011641626032069325
9102,0.011437519453465939,0.011631175223737956
9103,0.010831601917743683,0.011629914548248053
9104,0.011054964736104012,0.011622615568339824
9105,0.010000048205256462,0.011609788285568357
9106,0.011643558740615845,0.011605171719565988
9107,0.012223788537085056,0.01160108090378344
9108,0.012582073919475079,0.011600570976734162
9109,0.012643259949982166,0.01161515454761684
9110,0.011953197419643402,0.011617034608498215
9111,0.011424023658037186,0.011608091108500957
9112,0.012217340990900993,0.011616188632324338
9113,0.011821132153272629,0.011620614426210523
9114,0.012255627661943436,0.011618952201679349
9115,0.012327497825026512,0.011620048712939025
9116,0.011565787717700005,0.011619755867868661
9117,0.011514581739902496,0.011617033649235964
9118,0.011751145124435425,0.011607955191284419
9119,0.011504648253321648,0.011607498312368989
9120,0.011327860876917839,0.011605432042852044
9121,0.012615472078323364,0.011615966567769647
9122,0.01233131904155016,0.011623733695596456
9123,0.011568489484488964,0.011629937449470162
9124,0.011674163863062859,0.011635201061144471
9125,0.011135459877550602,0.011633255574852229
9126,0.011169353500008583,0.011626891726627946
9127,0.011088922619819641,0.011628804290667176
9128,0.0118976766243577,0.011632112022489309
9129,0.01132457796484232,0.011637361804023385
9130,0.011365784332156181,0.011644292566925287
9131,0.010483977384865284,0.011627875687554478
9132,0.011376481503248215,0.011629737270995975
9133,0.010827453806996346,0.011626424668356776
9134,0.010986018925905228,0.011623407108709216
9135,0.011584045365452766,0.011628809906542302
9136,0.01165649201720953,0.011618166845291853
9137,0.011485176160931587,0.011619844902306796
9138,0.010496191680431366,0.011602532481774688
9139,0.01210951991379261,0.011611230811104179
9140,0.011380836367607117,0.011600793683901428
9141,0.012411263771355152,0.011608632914721966
9142,0.01154261827468872,0.011599251134321094
9143,0.011402197182178497,0.011605763910338282
9144,0.011788295581936836,0.01160042597912252
9145,0.011416669003665447,0.011602104967460036
9146,0.011693291366100311,0.011601726869121193
9147,0.010934422723948956,0.011594700571149587
9148,0.011197533458471298,0.011591690760105848
9149,0.011531556956470013,0.011575376177206635
9150,0.010583700612187386,0.01156389143317938
9151,0.011177582666277885,0.011560916285961866
9152,0.01129278913140297,0.01156491193920374
9153,0.011775119230151176,0.011572071183472872
9154,0.010748868808150291,0.01156557273119688
9155,0.011710945516824722,0.011563761914148927
9156,0.01151966117322445,0.011558815194293857
9157,0.010969707742333412,0.011552841207012533
9158,0.011179694905877113,0.01154776600189507
9159,0.011968925595283508,0.011552417576313019
9160,0.012052729725837708,0.011552922781556845
9161,0.012000099755823612,0.011551769245415925
9162,0.011453697457909584,0.01154531018808484
9163,0.010825151577591896,0.01153679721057415
9164,0.011877577751874924,0.011546793282032014
9165,0.01090158335864544,0.011532233403995633
9166,0.012088135816156864,0.011541543630883097
9167,0.012066238559782505,0.01154092600569129
9168,0.012231983244419098,0.011549305133521558
9169,0.01175726018846035,0.011553838448598981
9170,0.011436047032475471,0.011550550488755107
9171,0.011800571344792843,0.01155731917358935
9172,0.011227743700146675,0.01155011243186891
9173,0.011281400918960571,0.011552108274772764
9174,0.011335098184645176,0.011554037369787693
9175,0.011192714795470238,0.01154560748487711
9176,0.011567678302526474,0.011547433696687221
9177,0.011117960326373577,0.011540246894583106
9178,0.01084748562425375,0.01153208028525114
9179,0.012010803446173668,0.011532862670719624
9180,0.011815733276307583,0.011542751006782054
9181,0.01145104318857193,0.01153887141495943
9182,0.01237550564110279,0.011552505623549224
9183,0.011500858701765537,0.011548864198848605
9184,0.011245057918131351,0.011541435215622186
9185,0.012050219811499119,0.011543296603485942
9186,0.011589396744966507,0.011538024945184588
9187,0.011788463220000267,0.01153684025630355
9188,0.011154532432556152,0.011538553545251488
9189,0.011049185879528522,0.011527356440201402
9190,0.0113245639950037,0.011527687897905708
9191,0.011993247084319592,0.011528656873852015
9192,0.012342439033091068,0.011534123318269848
9193,0.012247513979673386,0.011546557964757086
9194,0.011814435012638569,0.011541354395449161
9195,0.01243671402335167,0.011552073732018471
9196,0.011327301152050495,0.011555815925821661
9197,0.010520530864596367,0.011545907352119683
9198,0.012084396556019783,0.011545894891023636
9199,0.011748192831873894,0.011548156794160604
9200,0.011332711204886436,0.011545922281220556
9201,0.011681498028337955,0.011554274167865515
9202,0.011295348405838013,0.011552852457389235
9203,0.011670677922666073,0.01156124321743846
9204,0.011197010986506939,0.011562663679942489
9205,0.011482084169983864,0.011577484039589763
9206,0.011197870597243309,0.011573027158156036
9207,0.010993095114827156,0.011560720223933459
9208,0.011710738763213158,0.011552006872370839
9209,0.011539341881871223,0.011540967691689729
9210,0.010879488661885262,0.011530230604112148
9211,0.011383147910237312,0.011529821846634149
9212,0.012005852535367012,0.01152770696207881
9213,0.011619377881288528,0.011525689419358968
9214,0.010567750781774521,0.01150881065055728
9215,0.011902442201972008,0.011504560094326734
9216,0.010976352728903294,0.011498665744438768
9217,0.01150041725486517,0.011498524099588394
9218,0.010901253670454025,0.01149002518504858
9219,0.012109007686376572,0.011496068779379129
9220,0.011492845602333546,0.011497718626633286
9221,0.011473530903458595,0.011486299214884638
9222,0.011103605851531029,0.011474022082984448
9223,0.01233831886202097,0.011481720376759768
9224,0.010636314749717712,0.011471341885626317
9225,0.01081174612045288,0.01146810474805534
9226,0.011842572130262852,0.011474836934357881
9227,0.011476259678602219,0.011478710304945707
9228,0.010618291795253754,0.011465916456654669
9229,0.0120486319065094,0.011473156996071338
9230,0.011359458789229393,0.01147309374064207
9231,0.011208374053239822,0.011480337707325816
9232,0.011480329558253288,0.011481376187875867
9233,0.012228302657604218,0.011495384676381946
9234,0.011057631112635136,0.011496100798249245
9235,0.01088041253387928,0.011489064469933509
9236,0.012345049530267715,0.011495950045064091
9237,0.011971322819590569,0.011500811511650682
9238,0.011001227423548698,0.011505861869081854
9239,0.010997630655765533,0.011494742976501583
9240,0.012089189141988754,0.0115018265042454
9241,0.01138943899422884,0.011491608256474137
9242,0.01082361489534378,0.011484418222680688
9243,0.011241217143833637,0.01148280842229724
9244,0.011269588023424149,0.011477621346712112
9245,0.011804979294538498,0.011481504449620842
9246,0.010602299124002457,0.011470594527199864
9247,0.01072990894317627,0.011468549389392138
9248,0.01073569804430008,0.011463931035250426
9249,0.012270371429622173,0.011471319179981947
9250,0.011175802908837795,0.011477240202948451
9251,0.011205855756998062,0.011477522933855653
9252,0.010728968307375908,0.011471884725615382
9253,0.011336923576891422,0.011467502769082785
9254,0.01021281722933054,0.011462142253294587
9255,0.011914758011698723,0.011464180378243326
9256,0.011751364916563034,0.011466497415676713
9257,0.011026143096387386,0.011467061769217253
9258,0.01182720996439457,0.011473536919802428
9259,0.011070790700614452,0.011464555570855737
9260,0.011118348687887192,0.011455211760476232
9261,0.010747343301773071,0.011442684195935726
9262,0.011716382578015327,0.011445311047136784
9263,0.011275321245193481,0.0114498127438128
9264,0.011525020003318787,0.011446287166327238
9265,0.011066680774092674,0.01144793814048171
9266,0.010504640638828278,0.011432103188708425
9267,0.011175244115293026,0.01142319324426353
9268,0.011312756687402725,0.011414000978693366
9269,0.011772824451327324,0.011414156621322035
9270,0.011584168300032616,0.011415637833997606
9271,0.010823016986250877,0.011405862290412188
9272,0.010567301884293556,0.011399257872253656
9273,0.011221879161894321,0.011398662654682994
9274,0.010971820913255215,0.011395029881969094
9275,0.011042236350476742,0.01139352509751916
9276,0.010066142305731773,0.011378509737551213
9277,0.011180499568581581,0.011379135129973293
9278,0.011788129806518555,0.01138854157179594
9279,0.011332077905535698,0.011381754316389561
9280,0.011408550664782524,0.01137768249027431
9281,0.011449215933680534,0.011377664217725396
9282,0.011731105856597424,0.011371220219880343
9283,0.011555798351764679,0.011371769616380334
9284,0.012277855537831783,0.011382097592577339
9285,0.01140193548053503,0.011375614749267697
9286,0.011031901463866234,0.011370039796456694
9287,0.011804373934864998,0.011370198903605341
9288,0.011847400106489658,0.011377127580344678
9289,0.011570445261895657,0.011382340174168348
9290,0.010667353868484497,0.011375768072903157
9291,0.011338511481881142,0.011369220716878771
9292,0.012032566592097282,0.011366121992468834
9293,0.011047489941120148,0.011354121752083302
9294,0.011261739768087864,0.011348594799637795
9295,0.01159615721553564,0.011340189231559635
9296,0.01125047355890274,0.011339420955628156
9297,0.012006375007331371,0.011354279397055507
9298,0.012073185294866562,0.011354167284443974
9299,0.011763469316065311,0.011354320049285889
9300,0.012758685275912285,0.011368579789996147
9301,0.010850835591554642,0.011360273165628314
9302,0.01075410470366478,0.011354860728606581
9303,0.011283722706139088,0.011350991176441312
9304,0.010770762339234352,0.011346728689968586
9305,0.011279111728072166,0.011344698965549469
9306,0.011711236089468002,0.011349832620471716
9307,0.011623533442616463,0.011356137003749609
9308,0.011878103017807007,0.011357810646295548
9309,0.011852188967168331,0.011360939117148519
9310,0.011926932260394096,0.011371413553133607
9311,0.011451386846601963,0.011372095942497253
9312,0.011129297316074371,0.011363330390304327
9313,0.011300180107355118,0.011360138412564993
9314,0.011385638266801834,0.011368317287415266
9315,0.011180451139807701,0.011361097376793623
9316,0.011168379336595535,0.011363017642870545
9317,0.011305304244160652,0.0113610665127635
9318,0.012230281718075275,0.011374356793239712
9319,0.011001089587807655,0.011363277612254023
9320,0.011447716504335403,0.011362826321274042
9321,0.011155876331031322,0.01135964977554977
9322,0.011159541085362434,0.011360209127888083
9323,0.012541573494672775,0.011362241674214601
9324,0.01097661629319191,0.011365644689649344
9325,0.010760207660496235,0.011365129305049777
9326,0.011496450752019882,0.011361668091267348
9327,0.011768626049160957,0.011364591754972935
9328,0.010721933096647263,0.01136562816798687
9329,0.01124237198382616,0.011357565568760037
9330,0.011875934898853302,0.011362730329856276
9331,0.011543620377779007,0.011366082793101669
9332,0.01040046475827694,0.011355284145101905
9333,0.01182142086327076,0.01135121532715857
9334,0.011546265333890915,0.011356101669371128
9335,0.010727029293775558,0.011354567836970092
9336,0.011424019932746887,0.011345357540994883
9337,0.012041402980685234,0.01134605834260583
9338,0.01162318792194128,0.011352277947589756
9339,0.011475151404738426,0.011357053155079485
9340,0.011332739144563675,0.011349488655105234
9341,0.012332946993410587,0.011358923735097051
9342,0.01173999160528183,0.011368087502196431
9343,0.010033369064331055,0.011356009021401405
9344,0.011362869292497635,0.01135694183409214
9345,0.011485177092254162,0.011353743812069297
9346,0.010959932580590248,0.011357320146635175
9347,0.01107235997915268,0.011360744656994938
9348,0.011579388752579689,0.011369181564077735
9349,0.010763944126665592,0.011354117291048169
9350,0.011343409307301044,0.011355793355032801
9351,0.010556437075138092,0.011349299168214201
9352,0.011136450804769993,0.011353373993188143
9353,0.010953610762953758,0.011349540865048767
9354,0.010437650606036186,0.011351789198815822
9355,0.011575421318411827,0.011348395831882954
9356,0.011808281764388084,0.011348965000361205
9357,0.01096261478960514,0.011348329717293382
9358,0.01111488975584507,0.011341206515207886
9359,0.010610638186335564,0.011336604990065098
9360,0.011651064269244671,0.011341932145878673
9361,0.01194443553686142,0.011353903068229556
9362,0.011145828291773796,0.011348197525367141
9363,0.01144713070243597,0.011349915619939565
9364,0.011394220404326916,0.011348607623949647
9365,0.010442424565553665,0.011342365061864257
9366,0.011477766558527946,0.011352096321061253
9367,0.01167323812842369,0.01135707626119256
9368,0.010917706415057182,0.011353125758469106
9369,0.011402720585465431,0.011349424719810486
9370,0.010928682051599026,0.01134286985732615
9371,0.011450015008449554,0.011349139837548136
9372,0.011931998655200005,0.011362786805257201
9373,0.011399934068322182,0.01136456735432148
9374,0.010926631279289722,0.011364115457981825
9375,0.01092570461332798,0.011362950140610338
9376,0.011416333727538586,0.011376452054828406
9377,0.010699659585952759,0.011371643655002118
9378,0.011453872546553612,0.011368301082402468
9379,0.011469440534710884,0.01136967470869422
9380,0.011209744028747082,0.011367686642333865
9381,0.011737064458429813,0.011370565127581358
9382,0.01152004487812519,0.011368454517796635
9383,0.011202283203601837,0.011364919366315007
9384,0.011331291869282722,0.011355453729629516
9385,0.011380890384316444,0.011355243278667332
9386,0.011635680682957172,0.01136128107085824
9387,0.011891561560332775,0.011362152947112918
9388,0.011624005623161793,0.01135991900227964
9389,0.011084364727139473,0.011355058196932078
9390,0.010874561965465546,0.011357130277901887
9391,0.01158960722386837,0.01135964123532176
9392,0.0114562027156353,0.01135387759655714
9393,0.010266994126141071,0.01134607263840735
9394,0.011155975982546806,0.011345015000551939
9395,0.011484464630484581,0.011343898074701429
9396,0.011287256143987179,0.011344265900552273
9397,0.011181173846125603,0.011336013888940216
9398,0.012082438915967941,0.011336106425151229
9399,0.011244951747357845,0.011330921249464155
9400,0.011202199384570122,0.011315356390550733
9401,0.01131513249129057,0.011319999359548092
9402,0.011748861521482468,0.01132994692772627
9403,0.011892053298652172,0.011336030233651399
9404,0.010722927749156952,0.011335551887750626
9405,0.011036543175578117,0.011333126202225685
9406,0.011038234457373619,0.011326396185904742
9407,0.01136922650039196,0.011323853116482496
9408,0.012014923617243767,0.011325221322476865
9409,0.010413517244160175,0.011310834605246782
9410,0.011764026246964931,0.01130920554511249
9411,0.011130448430776596,0.011305996160954236
9412,0.012068109586834908,0.011315384283661842
9413,0.011074813082814217,0.011313130613416433
9414,0.011957241222262383,0.011318846642971038
9415,0.01135485339909792,0.011320590665563941
9416,0.010657716542482376,0.01131548403762281
9417,0.010356970131397247,0.011306000696495176
9418,0.01139782927930355,0.011297676172107458
9419,0.012126749381422997,0.011308932770043611
9420,0.011430221609771252,0.01130875782109797
9421,0.011774837970733643,0.011314947437494994
9422,0.01078587956726551,0.011311210822314025
9423,0.011552324518561363,0.01130131833255291
9424,0.011138338595628738,0.011302935555577279
9425,0.011624140664935112,0.011311574885621668
9426,0.012072160840034485,0.011317331986501812
9427,0.010451128706336021,0.011304157013073564
9428,0.01117432489991188,0.01130868093110621
9429,0.010385902598500252,0.01130011623725295
9430,0.011422860436141491,0.011295585492625833
9431,0.010478817857801914,0.011284937467426061
9432,0.010984965600073338,0.011290782475844025
9433,0.010496936738491058,0.011277537634596229
9434,0.010417253710329533,0.011266247518360615
9435,0.01237412542104721,0.011282718479633332
9436,0.011084770783782005,0.011279325988143683
9437,0.011727726086974144,0.011276189219206572
9438,0.010569898411631584,0.011265656324103474
9439,0.011533455923199654,0.011266239369288087
9440,0.01120174489915371,0.011264929426833986
9441,0.011419745162129402,0.011255797408521175
9442,0.010502145625650883,0.011243418948724866
9443,0.010830868035554886,0.011251393938437104
9444,0.010661151260137558,0.011244376758113503
9445,0.011115954257547855,0.01124068452976644
9446,0.012186216190457344,0.011252947365865112
9447,0.011945473961532116,0.011261678505688906
9448,0.010581225156784058,0.011251696869730949
9449,0.01129521057009697,0.011257009534165262
9450,0.011137544177472591,0.011254950882866979
9451,0.01053551770746708,0.011254741689190268
9452,0.01149778999388218,0.011258355081081391
9453,0.010859678499400616,0.01125741575844586
9454,0.011779772117733955,0.011270836973562837
9455,0.011702854186296463,0.011272111302241683
9456,0.01106954738497734,0.011264723958447576
9457,0.011439656838774681,0.01126949437893927
9458,0.011148285120725632,0.011269828332588076
9459,0.011449242942035198,0.011278214380145073
9460,0.011219566687941551,0.011273899404332042
9461,0.01094755344092846,0.011263930583372711
9462,0.011462435126304626,0.01126709665171802
9463,0.012008928693830967,0.01127271463163197
9464,0.01154034398496151,0.011274175867438316
9465,0.011569248512387276,0.011285444106906652
9466,0.012014461681246758,0.011290811058133841
9467,0.011154156178236008,0.011285620238631965
9468,0.010851550847291946,0.01128495868295431
9469,0.010633157566189766,0.011277263052761555
9470,0.011342950165271759,0.011281405733898282
9471,0.011485006660223007,0.011281755650416017
9472,0.011934460140764713,0.011281780265271664
9473,0.012543555349111557,0.011293216478079557
9474,0.012797415256500244,0.011311924317851663
9475,0.011316809803247452,0.011315835369750858
9476,0.011568626388907433,0.011317358296364545
9477,0.011511372402310371,0.011325475424528123
9478,0.011079257354140282,0.011321729272603989
9479,0.010938296094536781,0.011316417828202247
9480,0.011567944660782814,0.011319999834522605
9481,0.011583881452679634,0.011318468004465104
9482,0.011537391692399979,0.011318641472607851
9483,0.01058194786310196,0.011312438119202852
9484,0.010392321273684502,0.01130304841324687
9485,0.011106881313025951,0.011300308322533965
9486,0.01003952044993639,0.011284346720203757
9487,0.00990279484540224,0.011264459053054452
9488,0.01113573182374239,0.011259576315060258
9489,0.010652493685483932,0.011255257604643703
9490,0.011248838156461716,0.011259000366553664
9491,0.010775999166071415,0.011250864285975694
9492,0.011177748441696167,0.011248079743236303
9493,0.010521196760237217,0.011250621769577265
9494,0.010390354320406914,0.011242965552955866
9495,0.011838866397738457,0.011246509570628404
9496,0.0110397357493639,0.011244034366682172
9497,0.011698161251842976,0.011249204240739346
9498,0.011483495123684406,0.01124321480281651
9499,0.010870693251490593,0.011239472217857838
9500,0.011931376531720161,0.011246763989329339
9501,0.01151223760098219,0.011248735040426254
9502,0.01161428913474083,0.011247389316558838
9503,0.010862873867154121,0.011237097522243857
9504,0.011615633964538574,0.011246024584397673
9505,0.011076183058321476,0.011246420983225107
9506,0.010892298072576523,0.011244961619377136
9507,0.011794140562415123,0.011249210759997368
9508,0.010854221880435944,0.01123760374262929
9509,0.011615979485213757,0.011249628365039826
9510,0.011255742982029915,0.011244545532390475
9511,0.010504837147891521,0.011238289419561625
9512,0.010594870895147324,0.011223557032644748
9513,0.011005057021975517,0.011222859472036361
9514,0.012000292539596558,0.011223289985209703
9515,0.011725787073373795,0.011226999321952463
9516,0.009930137544870377,0.011219723531976342
9517,0.011670993641018867,0.01123286376707256
9518,0.011689580976963043,0.011235781284049152
9519,0.011206804774701595,0.01122658183798194
9520,0.010895270854234695,0.011221232330426574
9521,0.01187530905008316,0.011222237041220069
9522,0.01101612951606512,0.011224539540708066
9523,0.0114182960242033,0.011223199255764484
9524,0.011025264859199524,0.011222068518400193
9525,0.011850754730403423,0.011224334659054876
9526,0.012216662988066673,0.011225779680535198
9527,0.011730154976248741,0.011238569943234324
9528,0.011455916799604893,0.011241385862231255
9529,0.011190863326191902,0.01124943546950817
9530,0.011434873566031456,0.01124955560080707
9531,0.012096220627427101,0.011265729628503323
9532,0.01064077764749527,0.011262287748977542
9533,0.010579001158475876,0.01126310839317739
9534,0.011338088661432266,0.011272316742688417
9535,0.01101045310497284,0.011258680019527673
9536,0.011102267540991306,0.011258854987099767
9537,0.011911186389625072,0.011260689590126277
9538,0.010512707754969597,0.011260117683559657
9539,0.010661127045750618,0.011251394394785166
9540,0.010954635217785835,0.011248923297971487
9541,0.011561064049601555,0.011250336486846209
9542,0.01168819610029459,0.011262196991592645
9543,0.012051870115101337,0.01127440701238811
9544,0.011690551415085793,0.011284701013937592
9545,0.011170806363224983,0.011285249534994364
9546,0.011640003882348537,0.011279787411913276
9547,0.011120380833745003,0.011271536480635405
9548,0.010933982208371162,0.011275064051151275
9549,0.011305318213999271,0.011275165127590298
9550,0.011325553059577942,0.011277045216411352
9551,0.012273922562599182,0.011294429264962673
9552,0.011351857334375381,0.011292969938367606
9553,0.011533485725522041,0.01129970801062882
9554,0.010821809992194176,0.011290128389373422
9555,0.011880487203598022,0.011291904719546437
9556,0.01168125681579113,0.011298021813854576
9557,0.010621491819620132,0.01128984016366303
9558,0.01130785420536995,0.011291435854509473
9559,0.011342285200953484,0.011290366277098656
9560,0.011975346133112907,0.011297924071550369
9561,0.011561686173081398,0.0113040653988719
9562,0.011591969057917595,0.011305360738188028
9563,0.010408464819192886,0.011289356099441648
9564,0.010837478563189507,0.011282327445223927
9565,0.010483687743544579,0.011271471837535501
9566,0.011908995918929577,0.01127041717991233
9567,0.011731809005141258,0.011276193708181382
9568,0.011854360811412334,0.011286221807822586
9569,0.011704027652740479,0.011296930508688092
9570,0.011211944743990898,0.011295620454475283
9571,0.011165378615260124,0.011292424174025656
9572,0.011065186932682991,0.011283731441944838
9573,0.010735154151916504,0.011265647429972887
9574,0.010816486552357674,0.011245838142931461
9575,0.011373497545719147,0.011246405020356178
9576,0.011497655883431435,0.011245695315301419
9577,0.010905745439231396,0.011239639045670628
9578,0.011434309184551239,0.011243189563974737
9579,0.01069039199501276,0.011240710522979497
9580,0.010480696335434914,0.011229838039726018
9581,0.011516110971570015,0.011229160334914922
9582,0.011074105277657509,0.011224527470767498
9583,0.01167995948344469,0.011235507586970925
9584,0.011193015612661839,0.0112435145303607
9585,0.010875817388296127,0.0112412038911134
9586,0.011085513047873974,0.011251663817092776
9587,0.010827654041349888,0.011260912409052254
9588,0.010848887264728546,0.011258043963462114
9589,0.011548694223165512,0.01126700596883893
9590,0.011366762220859528,0.011268185209482908
9591,0.011243877932429314,0.011272863997146488
9592,0.011320650577545166,0.011274293018504977
9593,0.01164507120847702,0.011285531762987376
9594,0.012179618701338768,0.011303424406796693
9595,0.011253424920141697,0.011297569992020726
9596,0.010508137755095959,0.011292254012078047
9597,0.011461883783340454,0.011289891237393022
9598,0.012120074592530727,0.011296257032081486
9599,0.011289815418422222,0.011300448253750801
9600,0.01050704624503851,0.011286204950883984
9601,0.011110423132777214,0.011282186806201935
9602,0.011657744646072388,0.01128262136131525
9603,0.010992663912475109,0.011283919261768461
9604,0.011862995103001595,0.01128639287315309
9605,0.009851652197539806,0.011274147564545273
9606,0.010556384921073914,0.011270788433030247
9607,0.010480067692697048,0.011257647704333067
9608,0.01174185425043106,0.011266524028033019
9609,0.011926012113690376,0.011269624354317784
9610,0.010822854936122894,0.011265295473858714
9611,0.011430163867771626,0.011274548741057515
9612,0.011467867530882359,0.011283278707414865
9613,0.011511691845953465,0.011288345055654646
9614,0.010298747569322586,0.011271329605951905
9615,0.011513173580169678,0.011269203471019864
9616,0.01104029081761837,0.011280305003747344
9617,0.011937020346522331,0.01128296527080238
9618,0.011906145140528679,0.011285130912438036
9619,0.01202620193362236,0.011293324884027242
9620,0.01182197593152523,0.011302591934800148
9621,0.010954231023788452,0.0112933811545372
9622,0.010477627627551556,0.011287996135652066
9623,0.011263260617852211,0.011286445781588555
9624,0.010624771937727928,0.011282440852373838
9625,0.011775325983762741,0.011281686564907432
9626,0.010898532345890999,0.011268505258485675
9627,0.010743225924670696,0.011258635967969895
9628,0.011267334222793579,0.011256750142201781
9629,0.01129491999745369,0.0112577907089144
9630,0.011574042961001396,0.0112591824028641
9631,0.01160818338394165,0.011254302030429243
9632,0.01074707880616188,0.01125536504201591
9633,0.010889927856624126,0.011258474308997393
9634,0.010554853826761246,0.011250641960650683
9635,0.010628212243318558,0.011246819552034139
9636,0.011738769710063934,0.011253184573724866
9637,0.011335314251482487,0.01124742585234344
9638,0.011351085267961025,0.011255809627473355
9639,0.010841846466064453,0.011257616821676492
9640,0.011736270040273666,0.01126543316990137
9641,0.012205596081912518,0.01127187849022448
9642,0.0115033108741045,0.01127002963796258
9643,0.011290965601801872,0.011262420592829584
9644,0.010493723675608635,0.011250452315434813
9645,0.010379787534475327,0.011242542127147316
9646,0.011123783886432648,0.011237379927188158
9647,0.011201133020222187,0.01123818744905293
9648,0.011857506819069386,0.011247422695159912
9649,0.011457749642431736,0.011248947009444238
9650,0.011346789076924324,0.011249159369617701
9651,0.011547157540917397,0.011241891719400883
9652,0.01099350769072771,0.011238308222964406
9653,0.011459383182227612,0.011237567197531462
9654,0.010671889409422874,0.01123606799170375
9655,0.011458737775683403,0.011231850497424603
9656,0.011026664637029171,0.011225304575636983
9657,0.011167611926794052,0.011230765776708722
9658,0.012251275591552258,0.011240199990570545
9659,0.011182432994246483,0.011238601468503475
9660,0.011331835761666298,0.01123216636478901
9661,0.01090344786643982,0.011225583981722593
9662,0.010762528516352177,0.01121728957630694
9663,0.010672518983483315,0.011219930117949844
9664,0.010761160403490067,0.011219166936352849
9665,0.01196968276053667,0.01123402688652277
9666,0.012394556775689125,0.011238882495090365
9667,0.01022813469171524,0.011223845751956105
9668,0.011324930936098099,0.011218551453202963
9669,0.011756530031561852,0.011219076476991177
9670,0.011167312040925026,0.011218630149960518
9671,0.012035666964948177,0.011227333033457399
9672,0.01160683948546648,0.011232749558985233
9673,0.01098622102290392,0.011235260227695108
9674,0.010913207195699215,0.011236227434128523
9675,0.011435926891863346,0.011236851727589965
9676,0.010545141994953156,0.011227326588705183
9677,0.010325690731406212,0.01122152604162693
9678,0.01142587698996067,0.011221441719681025
9679,0.01061287522315979,0.011220666551962495
9680,0.012002799659967422,0.01123588758520782
9681,0.011300347745418549,0.011233729952946305
9682,0.01073699351400137,0.011230358835309744
9683,0.010847372002899647,0.011222032960504294
9684,0.011978879570960999,0.011229891600087284
9685,0.01117856614291668,0.01123291908763349
9686,0.012000477872788906,0.01124206873588264
9687,0.010835014283657074,0.011242142338305712
9688,0.011344779282808304,0.011247101258486509
9689,0.01127142645418644,0.01124432858079672
9690,0.010899864137172699,0.01123965959995985
9691,0.010697958990931511,0.011234200410544872
9692,0.010647017508745193,0.011227464079856872
9693,0.010913829319179058,0.011220151660963892
9694,0.011304982006549835,0.011211405294016003
9695,0.011050152592360973,0.011209372570738197
9696,0.011079179123044014,0.011215082984417677
9697,0.011458750814199448,0.011215051654726266
9698,0.010116559453308582,0.011195016503334045
9699,0.011555587872862816,0.011197674227878452
9700,0.010758220218122005,0.011200185967609286
9701,0.012020586058497429,0.011209287596866489
9702,0.010506734251976013,0.011197777492925524
9703,0.011726653203368187,0.011205117385834455
9704,0.0115275289863348,0.011201762724667788
9705,0.011907090432941914,0.011222317107021809
9706,0.011632370762526989,0.01123307696543634
9707,0.01017396803945303,0.0112300159689039
9708,0.011145329102873802,0.011224050717428326
9709,0.009877387434244156,0.011203564470633864
9710,0.010053235106170177,0.011195868272334337
9711,0.01126432791352272,0.011194209912791847
9712,0.011766265146434307,0.011197193888947368
9713,0.011904138140380383,0.011201118351891637
9714,0.010473353788256645,0.011202864414080978
9715,0.011026895605027676,0.011198001634329557
9716,0.010875597596168518,0.01119635470211506
9717,0.010830137878656387,0.0111852858774364
9718,0.011433682404458523,0.011180561250075698
9719,0.011087215505540371,0.011171171385794878
9720,0.010472429916262627,0.011157675925642253
9721,0.011139541864395142,0.01115952903404832
9722,0.011304057203233242,0.011167793329805135
9723,0.011005770415067673,0.01116521842777729
9724,0.01058284007012844,0.011164799109101295
9725,0.011244062334299088,0.011159486472606658
9726,0.010755649767816067,0.01115805764682591
9727,0.011228164657950401,0.011162907034158707
9728,0.010271752253174782,0.011152951214462518
9729,0.010361339896917343,0.011143615413457155
9730,0.01102776825428009,0.011138152666389942
9731,0.01146333571523428,0.011136704189702869
9732,0.011246680282056332,0.011141700204461813
9733,0.010699831880629063,0.011139799244701862
9734,0.011895439587533474,0.011153205102309584
9735,0.011186194606125355,0.011158784925937653
9736,0.010530616156756878,0.011146703390404583
9737,0.011799872852861881,0.011151348976418375
9738,0.012232799082994461,0.01116016611456871
9739,0.011048637330532074,0.011162234023213386
9740,0.010519526898860931,0.011150066591799259
9741,0.012460016645491123,0.011152610797435045
9742,0.01082015223801136,0.011145779211074115
9743,0.011964783072471619,0.01115251738578081
9744,0.010139577090740204,0.011148975919932127
9745,0.010395611636340618,0.01114913416095078
9746,0.012292077764868736,0.01116081709973514
9747,0.011254405602812767,0.011161349825561046
9748,0.01134461909532547,0.011156220948323607
9749,0.01163741946220398,0.01115801764652133
9750,0.010116064921021461,0.011145710404962301
9751,0.011111618019640446,0.011141355009749531
9752,0.01055397093296051,0.01113695964217186
9753,0.011215774342417717,0.011134523553773762
9754,0.01072961650788784,0.011135100824758411
9755,0.010712437331676483,0.011127637820318342
9756,0.010612172074615955,0.01112349289469421
9757,0.011292856186628342,0.011124745337292552
9758,0.011327900923788548,0.011115511590614914
9759,0.011001558974385262,0.011113702850416303
9760,0.01157005038112402,0.01111608499661088
9761,0.010324627161026001,0.011110296789556742
9762,0.011706281453371048,0.011119734318926931
9763,0.010814124718308449,0.011121150376275181
9764,0.01078859157860279,0.011121424688026309
9765,0.011914972215890884,0.011120877582579852
9766,0.01063363067805767,0.011103268321603537
9767,0.011219757609069347,0.011113184550777078
9768,0.0115719735622406,0.011115654977038503
9769,0.011413482949137688,0.011112224506214262
9770,0.01091475784778595,0.01110969896428287
9771,0.011287558823823929,0.011102217882871628
9772,0.012123694643378258,0.011107386434450745
9773,0.012737209908664227,0.01112489632330835
9774,0.010933665558695793,0.011125100906938315
9775,0.010971363633871078,0.011120455274358391
9776,0.010880233719944954,0.011123806191608309
9777,0.01060519739985466,0.011126601258292795
9778,0.011932975612580776,0.011131672244518996
9779,0.011697910726070404,0.0111425225995481
9780,0.010679833590984344,0.011129292938858271
9781,0.011618364602327347,0.011132473107427359
9782,0.011010998860001564,0.01113521316088736
9783,0.010781198740005493,0.01113455142825842
9784,0.011817576363682747,0.011132938396185637
9785,0.01047428883612156,0.011125895623117686
9786,0.011098085902631283,0.011116871703416109
9787,0.0122107258066535,0.011130628818646073
9788,0.010819614864885807,0.011125377174466848
9789,0.011568630114197731,0.011128349211066962
9790,0.010591937229037285,0.011125269941985608
9791,0.011189332231879234,0.011130183674395085
9792,0.01133914478123188,0.011137104947119952
9793,0.010879801586270332,0.011136764669790864
9794,0.011315271258354187,0.011136867562308908
9795,0.011779366061091423,0.011144159696996211
9796,0.011035379022359848,0.01114372169598937
9797,0.010445459745824337,0.011133588785305619
9798,0.01055979821830988,0.011138021172955632
9799,0.01118127629160881,0.011134278057143092
9800,0.011562562547624111,0.011142321480438113
9801,0.011562241241335869,0.011137738032266498
9802,0.010252110660076141,0.0111351917963475
9803,0.011448189616203308,0.01113240716047585
9804,0.010600297711789608,0.011123134847730398
9805,0.011548129841685295,0.011119545241817831
9806,0.01112299133092165,0.011114451447501778
9807,0.010803978890180588,0.011120751556009055
9808,0.010803060606122017,0.011117328871041537
9809,0.011025161482393742,0.011128806611523032
9810,0.011526759713888168,0.011143541857600213
9811,0.011637603864073753,0.011147274617105723
9812,0.011511292308568954,0.01114472488872707
9813,0.011545681394636631,0.011141140321269631
9814,0.010590340942144394,0.01114231019280851
9815,0.011805463582277298,0.011150095872581004
9816,0.011112968437373638,0.011152469580993056
9817,0.010929391719400883,0.011153462119400501
9818,0.010694109834730625,0.011146066393703222
9819,0.01042727380990982,0.011139466976746917
9820,0.010905865579843521,0.011143801333382726
9821,0.011441515758633614,0.01114682107232511
9822,0.011154650710523129,0.01114532700739801
9823,0.010564908385276794,0.0111409183871001
9824,0.01238655298948288,0.011158955516293645
9825,0.011496155522763729,0.011161476448178291
9826,0.011134261265397072,0.011165262563154102
9827,0.01113743893802166,0.011164355305954814
9828,0.011128891259431839,0.011172926696017384
9829,0.010490665212273598,0.011174219949170948
9830,0.011368492618203163,0.011177627192810178
9831,0.010744611732661724,0.011170439952984453
9832,0.010764877311885357,0.011165621923282743
9833,0.011739963665604591,0.011176023241132498
9834,0.010851055383682251,0.011165579399093985
9835,0.010539241135120392,0.011159109864383936
9836,0.011323461309075356,0.01116703831590712
9837,0.010759055614471436,0.011156630143523217
9838,0.011056728661060333,0.011144869439303874
9839,0.012024883180856705,0.011154631897807122
9840,0.009559841826558113,0.011145035047084093
9841,0.01110738143324852,0.011131508694961666
9842,0.011552497744560242,0.011138832150027155
9843,0.011109750717878342,0.011130281826481223
9844,0.010860972106456757,0.011137495776638388
9845,0.01037573628127575,0.01113729702308774
9846,0.010172750800848007,0.011116103753447532
9847,0.010651050135493279,0.011110070198774337
9848,0.011326828971505165,0.011109892297536134
9849,0.010978279635310173,0.011103300899267197
9850,0.010942462831735611,0.011111564878374338
9851,0.011131977662444115,0.011111768474802376
9852,0.010829811915755272,0.011114526884630322
9853,0.01068427599966526,0.011109211901202797
9854,0.01140252873301506,0.01111594102345407
9855,0.010776815935969353,0.011116584809497
9856,0.011649572290480137,0.011126958811655641
9857,0.010903269983828068,0.011123062949627638
9858,0.010239552706480026,0.011112179467454552
9859,0.01094534620642662,0.011111617339774966
9860,0.010374688543379307,0.011099663721397519
9861,0.010679613798856735,0.011103213587775827
9862,0.01147825364023447,0.011100933309644461
9863,0.011417971923947334,0.01110697178170085
9864,0.010957074351608753,0.01110865660943091
9865,0.011107539758086205,0.011100582284852863
9866,0.010464979335665703,0.011098895771428943
9867,0.010866183787584305,0.011095360033214091
9868,0.011320550926029682,0.011092845806851983
9869,0.010617800056934357,0.01108488897792995
9870,0.011578388512134552,0.011091525284573436
9871,0.010231250897049904,0.011080962205305696
9872,0.011618684977293015,0.011075912108644843
9873,0.010766992345452309,0.011056209933012724
9874,0.011738155037164688,0.011064254827797413
9875,0.011309744790196419,0.011067638639360666
9876,0.01157432235777378,0.011074579525738955
9877,0.011871537193655968,0.011087242923676967
9878,0.010619280859827995,0.01107410597614944
9879,0.010474994778633118,0.011061876816675066
9880,0.010470366105437279,0.011059782141819597
9881,0.010488392785191536,0.011048482423648238
9882,0.010292070917785168,0.011041293144226074
9883,0.010843619704246521,0.011041917353868485
9884,0.011399622075259686,0.011037737810984254
9885,0.011251948773860931,0.011045514410361647
9886,0.01013474352657795,0.011035880986601115
9887,0.010709874331951141,0.011020872471854092
9888,0.010769039392471313,0.011020366717129946
9889,0.011209798976778984,0.011016778405755758
9890,0.010729694738984108,0.011018155980855227
9891,0.011126400902867317,0.011017526667565107
9892,0.011068528518080711,0.011014820504933596
9893,0.011502843350172043,0.011021050922572613
9894,0.011348862200975418,0.011021386831998825
9895,0.010476440191268921,0.0110083575733006
9896,0.010575395077466965,0.011003757733851672
9897,0.011122098192572594,0.011010524118319154
9898,0.010763204656541348,0.011012558182701469
9899,0.011516585946083069,0.011015911279246211
9900,0.011641568504273891,0.011016701338812709
9901,0.010475127026438713,0.011005830196663737
9902,0.010950437746942043,0.011012813467532396
9903,0.010672889649868011,0.011005060467869043
9904,0.010833656415343285,0.01100739405490458
9905,0.011503247544169426,0.01100694523192942
9906,0.009959827177226543,0.01099531359039247
9907,0.01017429307103157,0.01098901673220098
9908,0.010821068659424782,0.010989196812734008
9909,0.010707942768931389,0.010986024625599384
9910,0.011088574305176735,0.01098164277151227
9911,0.01080931257456541,0.010973359858617186
9912,0.010603820905089378,0.01096428514458239
9913,0.011686497367918491,0.010965693304315209
9914,0.012077337130904198,0.010980563266202807
9915,0.010927777737379074,0.010971786407753824
9916,0.010337701067328453,0.010964033734053373
9917,0.011699328199028969,0.010971733098849655
9918,0.010495462454855442,0.010969746625050902
9919,0.010164979845285416,0.010967123685404659
9920,0.011136071756482124,0.010969425747171045
9921,0.01095963642001152,0.010964606953784824
9922,0.01078031212091446,0.010960863567888737
9923,0.010650686919689178,0.01096172135323286
9924,0.012199431657791138,0.010959850139915944
9925,0.011382648721337318,0.01095871507190168
9926,0.010691750794649124,0.010954289967194199
9927,0.011364336125552654,0.01095655893906951
9928,0.011632625013589859,0.01096159627661109
9929,0.010471507906913757,0.010961404703557491
9930,0.010878163389861584,0.010956501411274076
9931,0.011541981250047684,0.010964475106447935
9932,0.010915003716945648,0.010965976370498539
9933,0.010683344677090645,0.010955410180613398
9934,0.010377254337072372,0.0109506721701473
9935,0.010536028072237968,0.010950640039518476
9936,0.010784542188048363,0.010945250848308205
9937,0.010194789618253708,0.010939608188346028
9938,0.010969589464366436,0.010938736796379089
9939,0.009549101814627647,0.010913978982716798
9940,0.010545166209340096,0.010923832226544618
9941,0.011477760970592499,0.01092753602191806
9942,0.010082402266561985,0.010912835067138076
9943,0.01141100749373436,0.010915847634896636
9944,0.010965537279844284,0.010916893286630511
9945,0.011246740818023682,0.01092560333199799
9946,0.011759508401155472,0.010941470908001065
9947,0.011030776426196098,0.010945268170908094
9948,0.01153731718659401,0.010947373053058982
9949,0.01140635833144188,0.010951653840020299
9950,0.010868340730667114,0.010950912619009615
9951,0.01134149357676506,0.010953007778152824
9952,0.011058135889470577,0.010955291017889977
9953,0.01157770212739706,0.010964225279167295
9954,0.010826950892806053,0.010958469500765204
9955,0.01114826463162899,0.0109621839877218
9956,0.010794018395245075,0.01095362844876945
9957,0.011093038134276867,0.010955526130273938
9958,0.011987870559096336,0.0109730093088001
9959,0.011463365517556667,0.010978189501911402
9960,0.010599220171570778,0.010980434818193316
9961,0.010679181665182114,0.010980430496856571
9962,0.01075154822319746,0.0109731634426862
9963,0.010318435728549957,0.010962168080732226
9964,0.011336071416735649,0.010965958051383496
9965,0.011584370397031307,0.010970726357772947
9966,0.011400383897125721,0.010980080403387547
9967,0.011513019911944866,0.010986548764631152
9968,0.012162971310317516,0.01099497296847403
9969,0.010563661344349384,0.01099443158134818
9970,0.01094008143991232,0.010988048510625958
9971,0.010632479563355446,0.010992060797289014
9972,0.011005239561200142,0.010985926343128085
9973,0.01204424723982811,0.010998698892071843
9974,0.0102000143378973,0.010983317485079169
9975,0.011187337338924408,0.010982093410566449
9976,0.011176757514476776,0.010978117762133479
9977,0.011537043377757072,0.01097477282397449
9978,0.01193339005112648,0.010987913915887475
9979,0.010906929150223732,0.010992233259603381
9980,0.010676689445972443,0.010994296493008733
9981,0.01106853224337101,0.011000097887590527
9982,0.011051718145608902,0.011007694359868765
9983,0.011930108070373535,0.011018559243530035
9984,0.011119171045720577,0.011015754733234644
9985,0.011005405336618423,0.011013289298862219
9986,0.010608254000544548,0.011018024403601884
9987,0.011042334139347076,0.011021349001675845
9988,0.010819237679243088,0.011021850984543563
9989,0.010685598477721214,0.011016608979552985
9990,0.010877611115574837,0.011018088143318892
9991,0.009712470695376396,0.011003948841243982
9992,0.011395173147320747,0.011007215287536383
9993,0.01046757586300373,0.0109968626126647
9994,0.010483796708285809,0.010988211957737803
9995,0.01070733554661274,0.010990520911291242
9996,0.010796753689646721,0.010992734497413038
9997,0.01045316457748413,0.010986045161262155
9998,0.010615101084113121,0.010984564125537872
9999,0.011150995269417763,0.01098090821877122
